<?xml version="1.0"?>
<VTKFile type="UnstructuredGrid" version="0.1" byte_order="LittleEndian">
  <UnstructuredGrid>
    <Piece NumberOfPoints="8559" NumberOfCells="6169">
      <PointData/>
      <CellData Scalars="BodyId"><DataArray type="Int32" Name="BodyId" format="ascii">1 1 1 1 1 1 1 1 1 1 1 1 1 1 1 1 1 1 1 1 1 1 1 1 1 1 1 1 1 1 1 1 1 1 1 1 1 1 1 1 1 1 1 1 1 1 1 1 1 1 1 1 1 1 1 1 1 1 1 1 1 1 1 1 1 1 1 1 1 1 1 1 1 1 1 1 1 1 1 1 1 1 1 1 1 1 1 1 1 1 1 1 1 1 1 1 1 1 1 1 1 1 1 1 1 1 1 1 1 1 1 1 1 1 1 1 1 1 1 1 1 1 1 1 1 1 1 1 1 1 1 1 1 1 1 1 1 1 1 1 1 1 1 1 1 1 1 1 1 1 1 1 1 1 1 1 1 1 1 1 1 1 1 1 1 1 1 1 1 1 1 1 1 1 1 1 1 1 1 1 1 1 1 1 1 1 1 1 1 1 1 1 1 1 1 1 1 1 1 1 1 1 1 1 1 1 1 1 1 1 1 1 1 1 1 1 1 1 1 1 1 1 1 1 1 1 1 1 1 1 1 1 1 1 1 1 1 1 1 1 1 1 1 1 1 1 1 1 1 1 1 1 1 1 1 1 1 1 1 1 1 1 1 1 1 1 1 1 1 1 1 1 1 1 1 1 1 1 1 1 1 1 1 1 1 1 1 1 1 1 1 1 1 1 1 1 1 1 1 1 1 1 1 1 1 1 1 1 1 1 1 1 1 1 1 1 1 1 1 1 1 1 1 1 1 1 1 1 1 1 1 1 1 1 1 1 1 1 1 1 1 1 1 1 1 1 1 1 1 1 1 1 1 1 1 1 1 1 1 1 1 1 1 1 1 1 1 1 1 1 1 1 1 1 1 1 1 1 1 1 1 1 1 1 1 1 1 1 1 1 1 1 1 1 1 1 1 1 1 1 1 1 1 1 1 1 1 1 1 1 1 1 1 1 1 1 1 1 1 1 1 1 1 1 1 1 1 1 1 1 1 1 1 1 1 1 1 1 1 1 1 1 1 1 1 1 1 1 1 1 1 1 1 1 1 1 1 1 1 1 1 1 1 1 1 1 1 1 1 1 1 1 1 1 1 1 1 1 1 1 1 1 1 1 1 1 1 1 1 1 1 1 1 1 1 1 1 1 1 1 1 1 1 1 1 1 1 1 1 1 1 1 1 1 1 1 1 1 1 1 1 1 1 1 1 1 1 1 1 1 1 1 1 1 1 1 1 1 1 1 1 1 1 1 1 1 1 1 1 1 1 1 1 1 1 1 1 1 1 1 1 1 1 1 1 1 1 1 1 1 1 1 1 1 1 1 1 1 1 1 1 1 1 1 1 1 1 1 1 1 1 1 1 1 1 1 1 1 1 1 1 1 1 1 1 1 1 1 1 1 1 1 1 1 1 1 1 1 1 1 1 1 1 1 1 1 1 1 1 1 1 1 1 1 1 1 1 1 1 1 1 1 1 1 1 1 1 1 1 1 1 1 1 1 1 1 1 1 1 1 1 1 1 1 1 1 1 1 1 1 1 1 1 1 1 1 1 1 1 1 1 1 1 1 1 1 1 1 1 1 1 1 1 1 1 1 1 1 1 1 1 1 1 1 1 1 1 1 1 1 1 1 1 1 1 1 1 1 1 1 1 1 1 1 1 1 1 1 1 1 1 1 1 1 1 1 1 1 1 1 1 1 1 1 1 1 1 1 1 1 1 1 1 1 1 1 1 1 1 1 1 1 1 1 1 1 1 1 1 1 1 1 1 1 1 1 1 1 1 1 1 1 1 1 1 1 1 1 1 1 1 1 1 1 1 1 1 1 1 1 1 1 1 1 1 1 1 1 1 1 1 1 1 1 1 1 1 1 1 1 1 1 1 1 1 1 1 1 1 1 1 1 1 1 1 1 1 1 1 1 1 1 1 1 1 1 1 1 1 1 1 1 1 1 1 1 1 1 1 1 1 1 1 1 1 1 1 1 1 1 1 1 1 1 1 1 1 1 1 1 1 1 1 1 1 1 1 1 1 1 1 1 1 1 1 1 1 1 1 1 1 1 1 1 1 1 1 1 1 1 1 1 1 1 1 1 1 1 1 1 1 1 1 1 1 1 1 1 1 1 1 1 1 1 1 1 1 1 1 1 1 1 1 1 1 1 1 1 1 1 1 1 1 1 1 1 1 1 1 1 1 1 1 1 1 1 1 1 1 1 1 1 1 1 1 1 1 1 1 1 1 1 1 1 1 1 1 1 1 1 1 1 1 1 1 1 1 1 1 1 1 1 1 1 1 1 1 1 1 1 1 1 1 1 1 1 1 1 1 1 1 1 1 1 1 1 1 1 1 1 1 1 1 1 1 1 1 1 1 1 1 1 1 1 1 1 1 1 1 1 1 1 1 1 1 1 1 1 1 1 1 1 1 1 1 1 1 1 1 1 1 1 1 1 1 1 1 1 1 1 1 1 1 1 1 1 1 1 1 1 1 1 1 1 1 1 1 1 1 1 1 1 1 1 1 1 1 1 1 1 1 1 1 1 1 1 1 1 1 1 1 1 1 1 1 1 1 1 1 1 1 1 1 1 1 1 1 1 1 1 1 1 1 1 1 1 1 1 1 1 1 1 1 1 1 1 1 1 1 1 1 1 1 1 1 1 1 1 1 1 1 1 1 1 1 1 1 1 1 1 1 1 1 1 1 1 1 1 1 1 1 1 1 1 1 1 1 1 1 1 1 1 1 1 1 1 1 1 1 1 1 1 1 1 1 1 1 1 1 1 1 1 1 1 1 1 1 1 1 1 1 1 1 1 1 1 1 1 1 1 1 1 1 1 1 1 1 1 1 1 1 1 1 1 1 1 1 1 1 1 1 1 1 1 1 1 1 1 1 1 1 1 1 1 1 1 1 1 1 1 1 1 1 1 1 1 1 1 1 1 1 1 1 1 1 1 1 1 1 1 1 1 1 1 1 1 1 1 1 1 1 1 1 1 1 1 1 1 1 1 1 1 1 1 1 1 1 1 1 1 1 1 1 1 1 1 1 1 1 1 1 1 1 1 1 1 1 1 1 1 1 1 1 1 1 1 1 1 1 1 1 1 1 1 1 1 1 1 1 1 1 1 1 1 1 1 1 1 1 1 1 1 1 1 1 1 1 1 1 1 1 1 1 1 1 1 1 1 1 1 1 1 1 1 1 1 1 1 1 1 1 1 1 1 1 1 1 1 1 1 1 1 1 1 1 1 1 1 1 1 1 1 1 1 1 1 1 1 1 1 1 1 1 1 1 1 1 1 1 1 1 1 1 1 1 1 1 1 1 1 1 1 1 1 1 1 1 1 1 1 1 1 1 1 1 1 1 1 1 1 1 1 1 1 1 1 1 1 1 1 1 1 1 1 1 1 1 1 1 1 1 1 1 1 1 1 1 1 1 1 1 1 1 1 1 1 1 1 1 1 1 1 1 1 1 1 1 1 1 1 1 1 1 1 1 1 1 1 1 1 1 1 1 1 1 1 1 1 1 1 1 1 1 1 1 1 1 1 1 1 1 1 1 1 1 1 1 1 1 1 1 1 1 1 1 1 1 1 1 1 1 1 1 1 1 1 1 1 1 1 1 1 1 1 1 1 1 1 1 1 1 1 1 1 1 1 1 1 1 1 1 1 1 1 1 1 1 1 1 1 1 1 1 1 1 1 1 1 1 1 1 1 1 1 1 1 1 1 1 1 1 1 1 1 1 1 1 1 1 1 1 1 1 1 1 1 1 1 1 1 1 1 1 1 1 1 1 1 1 1 1 1 1 1 1 1 1 1 1 1 1 1 1 1 1 1 1 1 1 1 1 1 1 1 1 1 1 1 1 1 1 1 1 1 1 1 1 1 1 1 1 1 1 1 1 1 1 1 1 1 1 1 1 1 1 1 1 1 1 1 1 1 1 1 1 1 1 1 1 1 1 1 1 1 1 1 1 1 1 1 1 1 1 1 1 1 1 1 1 1 1 1 1 1 1 1 1 1 1 1 1 1 1 1 1 1 1 1 1 1 1 1 1 1 1 1 1 1 1 1 1 1 1 1 1 1 1 1 1 1 1 1 1 1 1 1 1 1 1 1 1 1 1 1 1 1 1 1 1 1 1 1 1 1 1 1 1 1 1 1 1 1 1 1 1 1 1 1 1 1 1 1 1 1 1 1 1 1 1 1 1 1 1 1 1 1 1 1 1 1 1 1 1 1 1 1 1 1 1 1 1 1 1 1 1 1 1 1 1 1 1 1 1 1 1 1 1 1 1 1 1 1 1 1 1 1 1 1 1 1 1 1 1 1 1 1 1 1 1 1 1 1 1 1 1 1 1 1 1 1 1 1 1 1 1 1 1 1 1 1 1 1 1 1 1 1 1 1 1 1 1 1 1 1 1 1 1 1 1 1 1 1 1 1 1 1 1 1 1 1 1 1 1 1 1 1 1 1 1 1 1 1 1 1 1 1 1 1 1 1 1 1 1 1 1 1 1 1 1 1 1 1 1 1 1 1 1 1 1 1 1 1 1 1 1 1 1 1 1 1 1 1 1 1 1 1 1 1 1 1 1 1 1 1 1 1 1 1 1 1 1 1 1 1 1 1 1 1 1 1 1 1 1 1 1 1 1 1 1 1 1 1 1 1 1 1 1 1 1 1 1 1 1 1 1 1 1 1 1 1 1 1 1 1 1 1 1 1 1 1 1 1 1 1 1 1 1 1 1 1 1 1 1 1 1 1 1 1 1 1 1 1 1 1 1 1 1 1 1 1 1 1 1 1 1 1 1 1 1 1 1 1 1 1 1 1 1 1 1 1 1 1 1 1 1 1 1 1 1 1 1 1 1 1 1 1 1 1 1 1 1 1 1 1 1 1 1 1 1 1 1 1 1 1 1 1 1 1 1 1 1 1 1 1 1 1 1 1 1 1 1 1 1 1 1 1 1 1 1 1 1 1 1 1 1 1 1 1 1 1 1 1 1 1 1 1 1 1 1 1 1 1 1 1 1 1 1 1 1 1 1 1 1 1 1 1 1 1 1 1 1 1 1 1 1 1 1 1 1 1 1 1 1 1 1 1 1 1 1 1 1 1 1 1 1 1 1 1 1 1 1 1 1 1 1 1 1 1 1 1 1 1 1 1 1 1 1 1 1 1 1 1 1 1 1 1 1 1 1 1 1 1 1 1 1 1 1 1 1 1 1 1 1 1 1 1 1 1 1 1 1 1 1 1 1 1 1 1 1 1 1 1 1 1 1 1 1 1 1 1 1 1 1 1 1 1 1 1 1 1 1 1 1 1 1 1 1 1 1 1 1 1 1 1 1 1 1 1 1 1 1 1 1 1 1 1 1 1 1 1 1 1 1 1 1 1 1 1 1 1 1 1 1 1 1 1 1 1 1 1 1 1 1 1 1 1 1 1 1 1 1 1 1 1 1 1 1 1 1 1 1 1 1 1 1 1 1 1 1 1 1 1 1 1 1 1 1 1 1 1 1 1 1 1 1 1 1 1 1 1 1 1 1 1 1 1 1 1 1 1 1 1 1 1 1 1 1 1 1 1 1 1 1 1 1 1 1 1 1 1 1 1 1 1 1 1 1 1 1 1 1 1 1 1 1 1 1 1 1 1 1 1 1 1 1 1 1 1 1 1 1 1 1 1 1 1 1 1 1 1 1 1 1 1 1 1 1 1 1 1 1 1 1 1 1 1 1 1 1 1 1 1 1 1 1 1 1 1 1 1 1 1 1 1 1 1 1 1 1 1 1 1 1 1 1 1 1 1 1 1 1 1 1 1 1 1 1 1 1 1 1 1 1 1 1 1 1 1 1 1 1 1 1 1 1 1 1 1 1 1 1 1 1 1 1 1 1 1 1 1 1 1 1 1 1 1 1 1 1 1 1 1 1 1 1 1 1 1 1 1 1 1 1 1 1 1 1 1 1 1 1 1 1 1 1 1 1 1 1 1 1 1 1 1 1 1 1 1 1 1 1 1 1 1 1 1 1 1 1 1 1 1 1 1 1 1 1 1 1 1 1 1 1 1 1 1 1 1 1 1 1 1 1 1 1 1 1 1 1 1 1 1 1 1 1 1 1 1 1 1 1 1 1 1 1 1 1 1 1 1 1 1 1 1 1 1 1 1 1 1 1 1 1 1 1 1 1 1 1 1 1 1 1 1 1 1 1 1 1 1 1 1 1 1 1 1 1 1 1 1 1 1 1 1 1 1 1 1 1 1 1 1 1 1 1 1 1 1 1 1 1 1 1 1 1 1 1 1 1 1 1 1 1 1 1 1 1 1 1 1 1 1 1 1 1 1 1 1 1 1 1 1 1 1 1 1 1 1 1 1 1 1 1 1 1 1 1 1 1 1 1 1 1 1 1 1 1 1 1 1 1 1 1 1 1 1 1 1 1 1 1 1 1 1 1 1 1 1 1 1 1 1 1 1 1 1 1 1 1 1 1 1 1 1 1 1 1 1 1 1 1 1 1 1 1 1 1 1 1 1 1 1 1 1 1 1 1 1 1 1 1 1 1 1 1 1 1 1 1 1 1 1 1 1 1 1 1 1 1 1 1 1 1 1 1 1 1 1 1 1 1 1 1 1 1 1 1 1 1 1 1 1 1 1 1 1 1 1 1 1 1 1 1 1 1 1 1 1 1 1 1 1 1 1 1 1 1 1 1 1 1 1 1 1 1 1 1 1 1 1 1 1 1 1 1 1 1 1 1 1 1 1 1 1 1 1 1 1 1 1 1 1 1 1 1 1 1 1 1 1 1 1 1 1 1 1 1 1 1 1 1 1 1 1 1 1 1 1 1 1 1 1 1 1 1 1 1 1 1 1 1 1 1 1 1 1 1 1 1 1 1 1 1 1 1 1 1 1 1 1 1 1 1 1 1 1 1 1 1 1 1 1 1 1 1 1 1 1 1 1 1 1 1 1 1 1 1 1 1 1 1 1 1 1 1 1 1 1 1 1 1 1 1 1 1 1 1 1 1 1 1 1 1 1 1 1 1 1 1 1 1 1 1 1 1 1 1 1 1 1 1 1 1 1 1 1 1 1 1 1 1 1 1 1 1 1 1 1 1 1 1 1 1 1 1 1 1 1 1 1 1 1 1 1 1 1 1 1 1 1 1 1 1 1 1 1 1 1 1 1 1 1 1 1 1 1 1 1 1 1 1 1 1 1 1 1 1 1 1 1 1 1 1 1 1 1 1 1 1 1 1 1 1 1 1 1 1 1 1 1 1 1 1 1 1 1 1 1 1 1 1 1 1 1 1 1 1 1 1 1 1 1 1 1 1 1 1 1 1 1 1 1 1 1 1 1 1 1 1 1 1 1 1 1 1 1 1 1 1 1 1 1 1 1 1 1 1 1 1 1 1 1 1 1 1 1 1 1 1 1 1 1 1 1 1 1 1 1 1 1 1 1 1 1 1 1 1 1 1 1 1 1 1 1 1 1 1 1 1 1 1 1 1 1 1 1 1 1 1 1 1 1 1 1 1 1 1 1 1 1 1 1 1 1 1 1 1 1 1 1 1 1 1 1 1 1 1 1 1 1 1 1 1 1 1 1 1 1 1 1 1 1 1 1 1 1 1 1 1 1 1 1 1 1 1 1 1 1 1 1 1 1 1 1 1 1 1 1 1 1 1 1 1 1 1 1 1 1 1 1 1 1 1 1 1 1 1 1 1 1 1 1 1 1 1 1 1 1 1 1 1 1 1 1 1 1 1 1 1 1 1 1 1 1 1 1 1 1 1 1 1 1 1 1 1 1 1 1 1 1 1 1 1 1 1 1 1 1 1 1 1 1 1 1 1 1 1 1 1 1 1 1 1 1 1 1 1 1 1 1 1 1 1 1 1 1 1 1 1 1 1 1 1 1 1 1 1 1 1 1 1 1 1 1 1 1 1 1 1 1 1 1 1 1 1 1 1 1 1 1 1 1 1 1 1 1 1 1 1 1 1 1 1 1 1 1 1 1 1 1 1 1 1 1 1 1 1 1 1 1 1 1 1 1 1 1 1 1 1 1 1 1 1 1 1 1 1 1 1 1 1 1 1 1 1 1 1 1 1 1 1 1 1 1 1 1 1 1 1 1 1 1 1 1 1 1 1 1 1 1 1 1 1 1 1 1 1 1 1 1 1 1 1 1 1 1 1 1 1 1 1 1 1 1 1 1 1 1 1 1 1 1 1 1 1 1 1 1 1 1 1 1 1 1 1 1 1 1 1 1 1 1 1 1 1 1 1 1 1 1 1 1 1 1 1 1 1 1 1 1 1 1 1 1 1 1 1 1 1 1 1 1 1 1 1 1 1 1 1 1 1 1 1 1 1 1 1 1 1 1 1 1 1 1 1 1 1 1 1 1 1 1 1 1 1 1 1 1 1 1 1 1 1 1 1 1 1 1 1 1 1 1 1 1 1 1 1 1 1 1 1 1 1 1 1 1 1 1 1 1 1 1 1 1 1 1 1 1 1 1 1 1 1 1 1 1 1 1 1 1 1 1 1 1 1 1 1 1 1 1 1 1 1 1 1 1 1 1 1 1 1 1 1 1 1 1 1 1 1 1 1 1 1 1 1 1 1 1 1 1 1 1 1 1 1 1 1 1 1 1 1 1 1 1 1 1 1 1 1 1 1 1 1 1 1 1 1 1 1 1 1 1 1 1 1 1 1 1 1 1 1 1 1 1 1 1 1 1 1 1 1 1 1 1 1 1 1 1 1 1 1 1 1 1 1 1 1 1 1 1 1 1 1 1 1 1 1 1 1 1 1 1 1 1 1 1 1 1 1 1 1 1 1 1 1 1 1 1 1 1 1 1 1 1 1 1 1 1 1 1 1 1 1 1 1 1 1 1 1 1 1 1 1 1 1 1 1 1 1 1 1 1 1 1 1 1 1 1 1 1 1 1 1 1 1 1 1 1 1 1 1 1 1 1 1 1 1 1 1 1 1 1 1 1 1 1 1 1 1 1 1 1 1 1 1 1 1 1 1 1 1 1 1 1 1 1 1 1 1 1 1 1 1 1 1 1 1 1 1 1 1 1 1 1 1 1 1 1 1 1 1 1 1 1 1 1 1 1 1 1 1 1 1 1 1 1 1 1 1 1 1 1 1 1 1 1 1 1 1 1 1 1 1 1 1 1 1 1 1 1 1 1 1 1 1 1 1 1 1 1 1 1 1 1 1 1 1 1 1 1 1 1 1 1 1 1 1 1 1 1 1 1 1 1 1 1 1 1 1 1 1 1 1 1 1 1 1 1 1 1 1 1 1 1 1 1 1 1 1 1 1 1 1 1 1 1 1 1 1 1 1 1 1 1 1 1 1 1 1 1 1 1 1 1 1 1 1 1 1 1 1 1 1 1 1 1 1 1 1 1 1 1 1 1 1 1 1 1 1 1 1 1 1 1 1 1 1 1 1 1 1 1 1 1 1 1 1 1 1 1 1 1 1 1 1 1 1 1 1 1 1 1 1 1 1 1 1 1 1 1 1 1 1 1 1 1 1 1 1 1 1 1 1 1 1 1 1 1 1 1 1 1 1 1 1 1 1 1 1 1 1 1 1 1 1 1 1 1 1 1 1 1 1 1 1 1 1 1 1 1 1 1 1 1 1 1 1 1 1 1 1 1 1 1 1 1 1 1 1 1 1 1 1 1 1 1 1 1 1 1 1 1 1 1 1 1 1 1 1 1 1 1 1 1 1 1 1 1 1 1 1 1 1 1 1 1 1 1 1 1 1 1 1 1 1 1 1 1 1 1 1 1 1 1 1 1 1 1 1 1 1 1 1 1 1 1 1 1 1 1 1 1 1 1 1 1 1 1 1 1 1 1 1 1 1 1 1 1 1 1 1 1 1 1 1 1 1 1 1 1 1 1 1 1 1 1 1 1 1 1 1 1 1 1 1 1 1 1 1 1 1 1 1 1 1 1 1 1 1 1 1 1 1 1 1 1 1 1 1 1 1 1 1 1 1 1 1 1 1 1 1 1 1 1 1 1 1 1 1 1 1 1 1 1 1 1 1 1 1 1 1 1 1 1 1 1 1 1 1 1 1 1 1 1 1 1 1 1 1 1 1 1 1 1 1 1 1 1 1 1 1 1 1 1 1 1 1 1 1 1 1 1 1 1 1 1 1 1 1 1 1 1 1 1 1 1 1 1 1 1 1 1 1 1 1 1 1 1 1 1 1 1 1 1 1 1 1 1 1 1 1 1 1 1 1 1 1 1 1 1 1 1 1 1 1 1 1 1 1 1 1 1 1 1 1 1 1 1 1 1 1 1 1 1 1 1 1 1 1 1 1 1 1 1 1 1 1 1 1 1 1 1 1 1 1 1 1 1 1 1 1 1 1 1 1 1 1 1 1 1 1 1 1 1 1 1 1 1 1 1 1 1 1 1 1 1 1 1 1 1 1 1 1 1 1 1 1 1 1 1 1 1 1 1 1 1 1 1 1 1 1 1 1 1 1 1 1 1 1 1 1 1 1 1 1 1 1 1 1 1 1 1 1 1 1 1 1 1 1 1 1 1 1 1 1 1 1 1 1 1 1 1 1 1 1 1 1 1 1 1 1 1 1 1 1 1 1 1 1 1 1 1 1 1 1 1 1 1 1 1 1 1 1 1 1 1 1 1 1 1 1 1 1 1 1 1 1 1 1 1 1 1 1 1 1 1 1 1 1 1 1 1 1 1 1 1 1 1 1 1 1 1 1 1 1 1 1 1 1 1 1 1 1 1 1 1 1 1 1 1 1 1 1 1 1 1 1 1 1 1 1 1 1 1 1 1 1 1 1 1 1 1 1 1 1 1 1 1 1 1 1 1 1 1 1 1 1 1 1 1 1 1 1 1 1 1 1 1 1 1 1 1 1 1 1 1 1 1 1 1 1 1 1 1 1 1 1 1 1 1 1 1 1 1 1 1 1 1 1 1 1 1 1 1 1 1 1 1 1 1 1 1 1 1 1 1 1 1 1 1 1 1 1 1 1 1 1 1 1 1 1 1 1 1 1 1 1 1 1 1 1 1 1 1 1 1 1 1 1 1 1 1 1 1 1 1 1 1 1 1 1 1 1 1 1 1 1 1 1 1 1 1 1 1 1 1 1 1 1 1 1 1 1 1 1 1 1 1 1 1 1 1 1 1 1 1 1 1 1 1 1 1 1 1 1 1 1 1 1 1 1 1 1 1 1 1 1 1 1 1 1 1 1 1 1 1 1 1 1 1 1 1 1 1 1 1 1 1 1 1 1 1 1 1 1 1 1 1 1 1 1 1 1 1 1 1 1 1 1 1 1 1 1 1 1 1 1 1 1 1 1 1 1 1 1 1 1 1 1 1 1 1 1 1 1 1 1 1 1 1 1 1 1 1 1 1 1 1 1 1 1 1 1 1 1 1 1 1 1 1 1 1 1 1 1 1 1 1 1 1 1 1 1 1 1 1 1 1 1 1 1 1 1 1 1 1 1 1 1 1 1 1 1 1 1 1 1 1 1 1 1 1 1 1 1 1 1 1 1 1 1 1 1 1 1 1 1 1 1 1 1 1 1 1 1 1 1 1 1 1 1 1 1 1 1 1 1 1 1 1 1 1 1 1 1 1 1 1 1 1 1 1 1 1 1 1 1 1 1 1 1 1 1 1 1 1 1 1 1 1 1 1 1 1 1 1 1 1 1 1 1 1 1 1 1 1 1 1 1 1 1 1 1 1 1 1 1 1 1 1 1 1 1 1 1 1 1 1 1 1 1 1 1 1 1 1 1 1 1 1 1 1 1 1 1 1 1 1 1 1 1 1 1 1 1 1 1 1 1 1 1 1 1 1 1 1 1 1 1 1 1 1 1 1 1 1 1 1 1 1 1 1 1 1 1 1 1 1 1 1 1 1 1 1 1 1 1 1 1 1 1 1 1 1 1 1 1 1 1 1 1 1 1 1 1 1 1 1 1 1 1 1 1 1 1 1 1 1 1 1 1 1 1 1 1 1 1 1 1 1 1 1 1 1 1 1 1 1 1 1 1 1 1 1 1 1 1 1 1 1 1 1 1 1 1 1 1 1 1 1 1 1 1 1 1 1 1 1 1 1 1 1 1 1 1 1 1 1 1 1 1 1 1 1 1 1 1 1 1 1 1 1 1 1 1 1 1 1 1 1 1 1 1 1 1 1 1 1 1 1 1 1 1 1 1 1 1 1 1 1 1 1 1 1 1 1 1 1 1 1 1 1 1 1 1 1 1 1 1 1 1 1 1 1 1 1 1 1 1 1 1 1 1 1 1 1 1 1 1 1 1 1 1 1 1 1 1 1 1 1 1 1 1 1 1 1 1 1 1 1 1 1 1 1 1 1 1 1 1 1 1 1 1 1 1 1 1 1 1 1 1 1 1 1 1 1 1 1 1 1 1 1 1 1 1 1 1 1 1 1 1 1 1 1 1 1 1 1 1 1 1 1 1 1 1 1 1 1 1 1 1 1 1 1 1 1 1 1 1 1 1 1 1 1 1 1 1 1 1 1 1 1 1 1 1 1 1 1 1 1 1 1 1 1 1 1 1 1 1 1 1 1 1 1 1 1 1 1 1 1 1 1 1 1 1 1 1 1 1 1 1 1 1 1 1 1 1 1 1 1 1 1 1 1 1 1 1 1 1 1 1 1 1 1 1 1 1 1 1 1 1 1 1 1 1 1 1 1 1 1 1 1 1 1 1 1 1 1 1 1 1 1 1 1 1 1 1 1 1 1 1 1 1 1 1 1 1 1 1 1 1 1 1 1 1 1 1 1 1 1 1 1 1 1 1 1 1 1 1 1 1 1 1 1 1 1 1 1 1 1 1 1 1 1 1 1 1 1 1 1 1 1 1 1 1 1 1 1 1 1 1 1 1 1 1 1 1 1 1 1 1 1 1 1 1 1 1 1 1 1 1 1 1 1 1 1 1 1 1 1 1 1 1 1 1 1 1 1 1 1 1 1 1 1 1 1 1 1 1 1 1 1 1 1 1 1 1 1 1 1 1 1 1 1 1 1 1 1 1 1 1 1 1 1 1 1 1 1 1 1 1 1 1 1 1 1 1 1 1 1 1 1 1 1 1 1 1 1 1 1 1 1 1 1 1 1 1 1 1 1 1 1 1 1 1 1 1 1 1 1 1 1 1 1 1 1 1 1 1 1 1 1 1 1 1 1 1 1 1 1 1 1 1 1 1 1 1 1 1 1 1 1 1 1 1 1 1 1 1 1 1 1 1 1 1 1 1 1 1 1 1 1 1 1 1 1 1 1 1 1 1 1 1 1 1 1 1 1 1 1 1 1 1 1 1 1 1 1 1 1 1 1 1 1 1 1 1 1 1 1 1 1 1 1 1 1 1 1 1 1 1 1 1 1 1 1 1 1 1 1 1 1 1 1 1 1 1 1 1 1 1 1 1 1 1 1 1 1 1 1 1 1 1 1 1 1 1 1 1 1 1 1 1 1 1 1 1 1 1 1 1 1 1 1 1 1 1 1 1 1 1 1 1 1 1 1 1 1 1 1 1 1 1 1 1 1 1 1 1 1 1 1 1 1 1 1 1 1 1 1 1 1 1 1 1 1 1 1 1 1 1 1 1 1 1 1 1 1 1 1 1 1 1 1 1 1 1 1 1 1 1 1 1 1 1 1 1 1 1 1 1 1 1 1 1 1 1 1 1 1 1 1 1 1 1 1 1 1 1 1 1 1 1 1 1 1 1 1 1 1 1 1 1 1 1 1 1 1 1 1 1 1 1 1 1 1 1 1 1 1 1 1 1 1 1 1 1 1 1 1 1 1 1 1 1 1 1 1 1 1 1 1 1 1 1 1 1 1 1 1 1 1 1 1 1 1 1 1 1 1 1 1 1 1 1 1 1 1 1 1 1 1 1 1 1 1 1 1 1</DataArray></CellData>
      <Points><DataArray type="Float64" NumberOfComponents="3" format="ascii">7.78121275835 75.600613278 -0.5 8.26566888543 75.5491807889 -0.5 8.30192181914 75.880536845 -0.5 7.81534088449 75.9321949152 -0.5 7.78121275835 75.600613278 -0.639165770832 8.26566888543 75.5491807889 -0.797245130927 8.30192181914 75.880536845 -0.797245130927 7.81534088449 75.9321949152 -0.639165770832 8.33817475285 76.2118929011 -0.5 7.84946901062 76.2637765524 -0.5 8.33817475285 76.2118929011 -0.797245130927 7.84946901062 76.2637765524 -0.639165770832 8.37442768656 76.5432489572 -0.5 7.88359713675 76.5953581895 -0.5 8.37442768656 76.5432489572 -0.797245130927 7.88359713675 76.5953581895 -0.639165770832 8.41068062026 76.8746050133 -0.5 7.91772526288 76.9269398267 -0.5 8.41068062026 76.8746050133 -0.797245130927 7.91772526288 76.9269398267 -0.639165770832 8.44693355397 77.2059610694 -0.5 7.95185338902 77.2585214639 -0.5 8.44693355397 77.2059610694 -0.797245130927 7.95185338902 77.2585214639 -0.639165770832 8.48318648768 77.5373171255 -0.5 7.98598151515 77.5901031011 -0.5 8.48318648768 77.5373171255 -0.797245130927 7.98598151515 77.5901031011 -0.639165770832 8.51943942139 77.8686731816 -0.5 8.02010964128 77.9216847383 -0.5 8.51943942139 77.8686731816 -0.797245130927 8.02010964128 77.9216847383 -0.639165770832 8.5556923551 78.2000292377 -0.5 8.05423776742 78.2532663755 -0.5 8.5556923551 78.2000292377 -0.797245130927 8.05423776742 78.2532663755 -0.639165770832 8.5919452888 78.5313852937 -0.5 8.08836589355 78.5848480127 -0.5 8.5919452888 78.5313852937 -0.797245130927 8.08836589355 78.5848480127 -0.639165770832 8.62819822251 78.8627413498 -0.5 8.12249401968 78.9164296498 -0.5 8.62819822251 78.8627413498 -0.797245130927 8.12249401968 78.9164296498 -0.639165770832 8.66445115622 79.1940974059 -0.5 8.15662214582 79.248011287 -0.5 8.66445115622 79.1940974059 -0.797245130927 8.15662214582 79.248011287 -0.639165770832 8.70070408993 79.525453462 -0.5 8.19075027195 79.5795929242 -0.5 8.70070408993 79.525453462 -0.797245130927 8.19075027195 79.5795929242 -0.639165770832 8.74978536587 75.4946438898 -0.5 8.78816161748 75.825760749 -0.5 8.74978536587 75.4946438898 -0.954717186245 8.78816161748 75.825760749 -0.954717186245 8.82653786908 76.1568776082 -0.5 8.82653786908 76.1568776082 -0.954717186245 8.86491412069 76.4879944673 -0.5 8.86491412069 76.4879944673 -0.954717186245 8.90329037229 76.8191113265 -0.5 8.90329037229 76.8191113265 -0.954717186245 8.9416666239 77.1502281857 -0.5 8.9416666239 77.1502281857 -0.954717186245 8.9800428755 77.4813450448 -0.5 8.9800428755 77.4813450448 -0.954717186245 9.01841912711 77.812461904 -0.5 9.01841912711 77.812461904 -0.954717186245 9.05679537871 78.1435787632 -0.5 9.05679537871 78.1435787632 -0.954717186245 9.09517163031 78.4746956223 -0.5 9.09517163031 78.4746956223 -0.954717186245 9.13354788192 78.8058124815 -0.5 9.13354788192 78.8058124815 -0.954717186245 9.17192413352 79.1369293406 -0.5 9.17192413352 79.1369293406 -0.954717186245 9.21030038513 79.4680461998 -0.5 9.21030038513 79.4680461998 -0.954717186245 9.23354230673 75.4370048217 -0.5 9.2740402993 75.7678688779 -0.5 9.23354230673 75.4370048217 -1.11162070092 9.2740402993 75.7678688779 -1.11162070092 9.31453829187 76.0987329342 -0.5 9.31453829187 76.0987329342 -1.11162070092 9.35503628445 76.4295969904 -0.5 9.35503628445 76.4295969904 -1.11162070092 9.39553427702 76.7604610466 -0.5 9.39553427702 76.7604610466 -1.11162070092 9.43603226959 77.0913251029 -0.5 9.43603226959 77.0913251029 -1.11162070092 9.47653026217 77.4221891591 -0.5 9.47653026217 77.4221891591 -1.11162070092 9.51702825474 77.7530532154 -0.5 9.51702825474 77.7530532154 -1.11162070092 9.55752624731 78.0839172716 -0.5 9.55752624731 78.0839172716 -1.11162070092 9.59802423989 78.4147813278 -0.5 9.59802423989 78.4147813278 -1.11162070092 9.63852223246 78.7456453841 -0.5 9.63852223246 78.7456453841 -1.11162070092 9.67902022503 79.0765094403 -0.5 9.67902022503 79.0765094403 -1.11162070092 9.71951821761 79.4073734965 -0.5 9.71951821761 79.4073734965 -1.11162070092 9.23354230673 75.4370048217 -1 9.71691982982 75.376265953 -1 9.75953789924 75.7068636107 -1 9.2740402993 75.7678688779 -1 9.71691982982 75.376265953 -1.26799443909 9.75953789924 75.7068636107 -1.26799443909 9.80215596867 76.0374612684 -1 9.31453829187 76.0987329342 -1 9.80215596867 76.0374612684 -1.26799443909 9.8447740381 76.3680589261 -1 9.35503628445 76.4295969904 -1 9.8447740381 76.3680589261 -1.26799443909 9.88739210753 76.6986565838 -1 9.39553427702 76.7604610466 -1 9.88739210753 76.6986565838 -1.26799443909 9.93001017696 77.0292542415 -1 9.43603226959 77.0913251029 -1 9.93001017696 77.0292542415 -1.26799443909 9.97262824639 77.3598518992 -1 9.47653026217 77.4221891591 -1 9.97262824639 77.3598518992 -1.26799443909 10.0152463158 77.6904495568 -1 9.51702825474 77.7530532154 -1 10.0152463158 77.6904495568 -1.26799443909 10.0578643852 78.0210472145 -1 9.55752624731 78.0839172716 -1 10.0578643852 78.0210472145 -1.26799443909 10.1004824547 78.3516448722 -1 9.59802423989 78.4147813278 -1 10.1004824547 78.3516448722 -1.26799443909 10.1431005241 78.6822425299 -1 9.63852223246 78.7456453841 -1 10.1431005241 78.6822425299 -1.26799443909 10.1857185935 79.0128401876 -1 9.67902022503 79.0765094403 -1 10.1857185935 79.0128401876 -1.26799443909 10.228336663 79.3434378453 -1 9.71951821761 79.4073734965 -1 10.228336663 79.3434378453 -1.26799443909 10.1998980726 75.3124297796 -1 10.2446344676 75.6427474541 -1 10.1998980726 75.3124297796 -1.42387716489 10.2446344676 75.6427474541 -1.42387716489 10.2893708627 75.9730651286 -1 10.2893708627 75.9730651286 -1.42387716489 10.3341072577 76.303382803 -1 10.3341072577 76.303382803 -1.42387716489 10.3788436528 76.6337004775 -1 10.3788436528 76.6337004775 -1.42387716489 10.4235800478 76.964018152 -1 10.4235800478 76.964018152 -1.42387716489 10.4683164429 77.2943358264 -1 10.4683164429 77.2943358264 -1.42387716489 10.5130528379 77.6246535009 -1 10.5130528379 77.6246535009 -1.42387716489 10.557789233 77.9549711754 -1 10.557789233 77.9549711754 -1.42387716489 10.6025256281 78.2852888499 -1 10.6025256281 78.2852888499 -1.42387716489 10.6472620231 78.6156065243 -1 10.6472620231 78.6156065243 -1.42387716489 10.6919984182 78.9459241988 -1 10.6919984182 78.9459241988 -1.42387716489 10.7367348132 79.2762418733 -1 10.7367348132 79.2762418733 -1.42387716489 10.6824571888 75.2454989246 -1 10.7293100712 75.5755230427 -1 10.6824571888 75.2454989246 -1.57930764245 10.7293100712 75.5755230427 -1.57930764245 10.7761629536 75.9055471608 -1 10.7761629536 75.9055471608 -1.57930764245 10.823015836 76.2355712789 -1 10.823015836 76.2355712789 -1.57930764245 10.8698687184 76.5655953969 -1 10.8698687184 76.5655953969 -1.57930764245 10.9167216008 76.895619515 -1 10.9167216008 76.895619515 -1.57930764245 10.9635744832 77.2256436331 -1 10.9635744832 77.2256436331 -1.57930764245 11.0104273656 77.5556677512 -1 11.0104273656 77.5556677512 -1.57930764245 11.057280248 77.8856918693 -1 11.057280248 77.8856918693 -1.57930764245 11.1041331304 78.2157159874 -1 11.1041331304 78.2157159874 -1.57930764245 11.1509860128 78.5457401055 -1 11.1509860128 78.5457401055 -1.57930764245 11.1978388952 78.8757642236 -1 11.1978388952 78.8757642236 -1.57930764245 11.2446917777 79.2057883417 -1 11.2446917777 79.2057883417 -1.57930764245 10.6824571888 75.2454989246 -1.5 11.1645773495 75.1754761382 -1.5 11.213544794 75.5051931388 -1.5 10.7293100712 75.5755230427 -1.5 11.1645773495 75.1754761382 -1.73432463591 11.213544794 75.5051931388 -1.73432463591 11.2625122385 75.8349101394 -1.5 10.7761629536 75.9055471608 -1.5 11.2625122385 75.8349101394 -1.73432463591 11.3114796831 76.16462714 -1.5 10.823015836 76.2355712789 -1.5 11.3114796831 76.16462714 -1.73432463591 11.3604471276 76.4943441406 -1.5 10.8698687184 76.5655953969 -1.5 11.3604471276 76.4943441406 -1.73432463591 11.4094145721 76.8240611412 -1.5 10.9167216008 76.895619515 -1.5 11.4094145721 76.8240611412 -1.73432463591 11.4583820166 77.1537781418 -1.5 10.9635744832 77.2256436331 -1.5 11.4583820166 77.1537781418 -1.73432463591 11.5073494611 77.4834951425 -1.5 11.0104273656 77.5556677512 -1.5 11.5073494611 77.4834951425 -1.73432463591 11.5563169056 77.8132121431 -1.5 11.057280248 77.8856918693 -1.5 11.5563169056 77.8132121431 -1.73432463591 11.6052843501 78.1429291437 -1.5 11.1041331304 78.2157159874 -1.5 11.6052843501 78.1429291437 -1.73432463591 11.6542517947 78.4726461443 -1.5 11.1509860128 78.5457401055 -1.5 11.6542517947 78.4726461443 -1.73432463591 11.7032192392 78.8023631449 -1.5 11.1978388952 78.8757642236 -1.5 11.7032192392 78.8023631449 -1.73432463591 11.7521866837 79.1320801455 -1.5 11.2446917777 79.2057883417 -1.5 11.7521866837 79.1320801455 -1.73432463591 11.6462387438 75.1023642978 -1.5 11.6973187383 75.4317606325 -1.5 11.6462387438 75.1023642978 -1.8889669094 11.6973187383 75.4317606325 -1.8889669094 11.7483987328 75.7611569671 -1.5 11.7483987328 75.7611569671 -1.8889669094 11.7994787273 76.0905533017 -1.5 11.7994787273 76.0905533017 -1.8889669094 11.8505587218 76.4199496364 -1.5 11.8505587218 76.4199496364 -1.8889669094 11.9016387163 76.749345971 -1.5 11.9016387163 76.749345971 -1.8889669094 11.9527187108 77.0787423057 -1.5 11.9527187108 77.0787423057 -1.8889669094 12.0037987053 77.4081386403 -1.5 12.0037987053 77.4081386403 -1.8889669094 12.0548786998 77.7375349749 -1.5 12.0548786998 77.7375349749 -1.8889669094 12.1059586943 78.0669313096 -1.5 12.1059586943 78.0669313096 -1.8889669094 12.1570386887 78.3963276442 -1.5 12.1570386887 78.3963276442 -1.8889669094 12.2081186832 78.7257239788 -1.5 12.2081186832 78.7257239788 -1.8889669094 12.2591986777 79.0551203135 -1.5 12.2591986777 79.0551203135 -1.8889669094 12.1274215797 75.0261664076 -1.5 12.1806120252 75.355228541 -1.5 12.1274215797 75.0261664076 -2.04327322706 12.1806120252 75.355228541 -2.04327322706 12.2338024708 75.6842906744 -1.5 12.2338024708 75.6842906744 -2.04327322706 12.2869929163 76.0133528077 -1.5 12.2869929163 76.0133528077 -2.04327322706 12.3401833618 76.3424149411 -1.5 12.3401833618 76.3424149411 -2.04327322706 12.3933738073 76.6714770745 -1.5 12.3933738073 76.6714770745 -2.04327322706 12.4465642529 77.0005392078 -1.5 12.4465642529 77.0005392078 -2.04327322706 12.4997546984 77.3296013412 -1.5 12.4997546984 77.3296013412 -2.04327322706 12.5529451439 77.6586634746 -1.5 12.5529451439 77.6586634746 -2.04327322706 12.6061355894 77.987725608 -1.5 12.6061355894 77.987725608 -2.04327322706 12.659326035 78.3167877413 -1.5 12.659326035 78.3167877413 -2.04327322706 12.7125164805 78.6458498747 -1.5 12.7125164805 78.6458498747 -2.04327322706 12.765706926 78.9749120081 -1.5 12.765706926 78.9749120081 -2.04327322706 12.6081060847 74.9468855988 -1.5 12.6634047956 75.2756000093 -1.5 12.6081060847 74.9468855988 -2.19728235302 12.6634047956 75.2756000093 -2.19728235302 12.7187035065 75.6043144198 -1.5 12.7187035065 75.6043144198 -2.19728235302 12.7740022174 75.9330288303 -1.5 12.7740022174 75.9330288303 -2.19728235302 12.8293009283 76.2617432409 -1.5 12.8293009283 76.2617432409 -2.19728235302 12.8845996392 76.5904576514 -1.5 12.8845996392 76.5904576514 -2.19728235302 12.9398983501 76.9191720619 -1.5 12.9398983501 76.9191720619 -2.19728235302 12.995197061 77.2478864724 -1.5 12.995197061 77.2478864724 -2.19728235302 13.0504957719 77.576600883 -1.5 13.0504957719 77.576600883 -2.19728235302 13.1057944828 77.9053152935 -1.5 13.1057944828 77.9053152935 -2.19728235302 13.1610931937 78.234029704 -1.5 13.1610931937 78.234029704 -2.19728235302 13.2163919046 78.5627441145 -1.5 13.2163919046 78.5627441145 -2.19728235302 13.2716906155 78.891458525 -1.5 13.2716906155 78.891458525 -2.19728235302 12.6081060847 74.9468855988 -2 13.0882725069 74.864525129 -2 13.1456772109 75.1928783094 -2 12.6634047956 75.2756000093 -2 13.0882725069 74.864525129 -2.35103305141 13.1456772109 75.1928783094 -2.35103305141 13.2030819149 75.5212314897 -2 12.7187035065 75.6043144198 -2 13.2030819149 75.5212314897 -2.35103305141 13.2604866188 75.8495846701 -2 12.7740022174 75.9330288303 -2 13.2604866188 75.8495846701 -2.35103305141 13.3178913228 76.1779378505 -2 12.8293009283 76.2617432409 -2 13.3178913228 76.1779378505 -2.35103305141 13.3752960268 76.5062910309 -2 12.8845996392 76.5904576514 -2 13.3752960268 76.5062910309 -2.35103305141 13.4327007308 76.8346442113 -2 12.9398983501 76.9191720619 -2 13.4327007308 76.8346442113 -2.35103305141 13.4901054347 77.1629973917 -2 12.995197061 77.2478864724 -2 13.4901054347 77.1629973917 -2.35103305141 13.5475101387 77.4913505721 -2 13.0504957719 77.576600883 -2 13.5475101387 77.4913505721 -2.35103305141 13.6049148427 77.8197037525 -2 13.1057944828 77.9053152935 -2 13.6049148427 77.8197037525 -2.35103305141 13.6623195467 78.1480569329 -2 13.1610931937 78.234029704 -2 13.6623195467 78.1480569329 -2.35103305141 13.7197242507 78.4764101133 -2 13.2163919046 78.5627441145 -2 13.7197242507 78.4764101133 -2.35103305141 13.7771289546 78.8047632936 -2 13.2716906155 78.891458525 -2 13.7771289546 78.8047632936 -2.35103305141 13.5679011157 74.7790883825 -2 13.6274094539 75.1070668403 -2 13.5679011157 74.7790883825 -2.50456408637 13.6274094539 75.1070668403 -2.50456408637 13.6869177921 75.4350452981 -2 13.6869177921 75.4350452981 -2.50456408637 13.7464261303 75.7630237559 -2 13.7464261303 75.7630237559 -2.50456408637 13.8059344686 76.0910022138 -2 13.8059344686 76.0910022138 -2.50456408637 13.8654428068 76.4189806716 -2 13.8654428068 76.4189806716 -2.50456408637 13.924951145 76.7469591294 -2 13.924951145 76.7469591294 -2.50456408637 13.9844594833 77.0749375872 -2 13.9844594833 77.0749375872 -2.50456408637 14.0439678215 77.402916045 -2 14.0439678215 77.402916045 -2.50456408637 14.1034761597 77.7308945028 -2 14.1034761597 77.7308945028 -2.50456408637 14.1629844979 78.0588729607 -2 14.1629844979 78.0588729607 -2.50456408637 14.2224928362 78.3868514185 -2 14.2224928362 78.3868514185 -2.50456408637 14.2820011744 78.7148298763 -2 14.2820011744 78.7148298763 -2.50456408637 14.0469722025 74.6905788701 -2 14.1085817297 75.0181691283 -2 14.0469722025 74.6905788701 -2.65791422204 14.1085817297 75.0181691283 -2.65791422204 14.1701912569 75.3457593865 -2 14.1701912569 75.3457593865 -2.65791422204 14.2318007841 75.6733496447 -2 14.2318007841 75.6733496447 -2.65791422204 14.2934103113 76.0009399029 -2 14.2934103113 76.0009399029 -2.65791422204 14.3550198385 76.3285301611 -2 14.3550198385 76.3285301611 -2.65791422204 14.4166293657 76.6561204193 -2 14.4166293657 76.6561204193 -2.65791422204 14.4782388929 76.9837106775 -2 14.4782388929 76.9837106775 -2.65791422204 14.5398484201 77.3113009357 -2 14.5398484201 77.3113009357 -2.65791422204 14.6014579473 77.6388911939 -2 14.6014579473 77.6388911939 -2.65791422204 14.6630674745 77.9664814521 -2 14.6630674745 77.9664814521 -2.65791422204 14.7246770017 78.2940717103 -2 14.7246770017 78.2940717103 -2.65791422204 14.7862865289 78.6216619685 -2 14.7862865289 78.6216619685 -2.65791422204 14.0469722025 74.6905788701 -2.5 14.5254660817 74.5990002286 -2.5 14.5891742662 74.9261888261 -2.5 14.1085817297 75.0181691283 -2.5 14.5254660817 74.5990002286 -2.81112222255 14.5891742662 74.9261888261 -2.81112222255 14.6528824508 75.2533774236 -2.5 14.1701912569 75.3457593865 -2.5 14.6528824508 75.2533774236 -2.81112222255 14.7165906354 75.5805660211 -2.5 14.2318007841 75.6733496447 -2.5 14.7165906354 75.5805660211 -2.81112222255 14.7802988199 75.9077546186 -2.5 14.2934103113 76.0009399029 -2.5 14.7802988199 75.9077546186 -2.81112222255 14.8440070045 76.2349432161 -2.5 14.3550198385 76.3285301611 -2.5 14.8440070045 76.2349432161 -2.81112222255 14.9077151891 76.5621318136 -2.5 14.4166293657 76.6561204193 -2.5 14.9077151891 76.5621318136 -2.81112222255 14.9714233736 76.8893204111 -2.5 14.4782388929 76.9837106775 -2.5 14.9714233736 76.8893204111 -2.81112222255 15.0351315582 77.2165090086 -2.5 14.5398484201 77.3113009357 -2.5 15.0351315582 77.2165090086 -2.81112222255 15.0988397428 77.5436976061 -2.5 14.6014579473 77.6388911939 -2.5 15.0988397428 77.5436976061 -2.81112222255 15.1625479274 77.8708862036 -2.5 14.6630674745 77.9664814521 -2.5 15.1625479274 77.8708862036 -2.81112222255 15.2262561119 78.1980748011 -2.5 14.7246770017 78.2940717103 -2.5 15.2262561119 78.1980748011 -2.81112222255 15.2899642965 78.5252633986 -2.5 14.7862865289 78.6216619685 -2.5 15.2899642965 78.5252633986 -2.81112222255 15.0033630914 74.5043562213 -2.5 15.0691673154 74.8311297135 -2.5 15.0033630914 74.5043562213 -2.96422685203 15.0691673154 74.8311297135 -2.96422685203 15.1349715395 75.1579032057 -2.5 15.1349715395 75.1579032057 -2.96422685203 15.2007757636 75.4846766979 -2.5 15.2007757636 75.4846766979 -2.96422685203 15.2665799877 75.8114501901 -2.5 15.2665799877 75.8114501901 -2.96422685203 15.3323842118 76.1382236823 -2.5 15.3323842118 76.1382236823 -2.96422685203 15.3981884359 76.4649971745 -2.5 15.3981884359 76.4649971745 -2.96422685203 15.46399266 76.7917706667 -2.5 15.46399266 76.7917706667 -2.96422685203 15.529796884 77.1185441589 -2.5 15.529796884 77.1185441589 -2.96422685203 15.5956011081 77.4453176511 -2.5 15.5956011081 77.4453176511 -2.96422685203 15.6614053322 77.7720911433 -2.5 15.6614053322 77.7720911433 -2.96422685203 15.7272095563 78.0988646355 -2.5 15.7272095563 78.0988646355 -2.96422685203 15.7930137804 78.4256381277 -2.5 15.7930137804 78.4256381277 -2.96422685203 15.4806435942 74.4066507371 -2.5 15.5485411538 74.7329956965 -2.5 15.4806435942 74.4066507371 -3.11726687462 15.5485411538 74.7329956965 -3.11726687462 15.6164387134 75.0593406558 -2.5 15.6164387134 75.0593406558 -3.11726687462 15.684336273 75.3856856152 -2.5 15.684336273 75.3856856152 -3.11726687462 15.7522338327 75.7120305746 -2.5 15.7522338327 75.7120305746 -3.11726687462 15.8201313923 76.038375534 -2.5 15.8201313923 76.038375534 -3.11726687462 15.8880289519 76.3647204933 -2.5 15.8880289519 76.3647204933 -3.11726687462 15.9559265115 76.6910654527 -2.5 15.9559265115 76.6910654527 -3.11726687462 16.0238240711 77.0174104121 -2.5 16.0238240711 77.0174104121 -3.11726687462 16.0917216308 77.3437553714 -2.5 16.0917216308 77.3437553714 -3.11726687462 16.1596191904 77.6701003308 -2.5 16.1596191904 77.6701003308 -3.11726687462 16.22751675 77.9964452902 -2.5 16.22751675 77.9964452902 -3.11726687462 16.2954143096 78.3227902496 -2.5 16.2954143096 78.3227902496 -3.11726687462 15.4806435942 74.4066507371 -3 15.957287978 74.3058877909 -3 16.0272760832 74.6317908075 -3 15.5485411538 74.7329956965 -3 15.957287978 74.3058877909 -3.27028105446 16.0272760832 74.6317908075 -3.27028105446 16.0972641883 74.9576938241 -3 15.6164387134 75.0593406558 -3 16.0972641883 74.9576938241 -3.27028105446 16.1672522935 75.2835968407 -3 15.684336273 75.3856856152 -3 16.1672522935 75.2835968407 -3.27028105446 16.2372403987 75.6094998574 -3 15.7522338327 75.7120305746 -3 16.2372403987 75.6094998574 -3.27028105446 16.3072285039 75.935402874 -3 15.8201313923 76.038375534 -3 16.3072285039 75.935402874 -3.27028105446 16.377216609 76.2613058906 -3 15.8880289519 76.3647204933 -3 16.377216609 76.2613058906 -3.27028105446 16.4472047142 76.5872089072 -3 15.9559265115 76.6910654527 -3 16.4472047142 76.5872089072 -3.27028105446 16.5171928194 76.9131119239 -3 16.0238240711 77.0174104121 -3 16.5171928194 76.9131119239 -3.27028105446 16.5871809245 77.2390149405 -3 16.0917216308 77.3437553714 -3 16.5871809245 77.2390149405 -3.27028105446 16.6571690297 77.5649179571 -3 16.1596191904 77.6701003308 -3 16.6571690297 77.5649179571 -3.27028105446 16.7271571349 77.8908209737 -3 16.22751675 77.9964452902 -3 16.7271571349 77.8908209737 -3.27028105446 16.79714524 78.2167239904 -3 16.2954143096 78.3227902496 -3 16.79714524 78.2167239904 -3.27028105446 16.433276657 74.2020715231 -3 16.5053524318 74.5275192052 -3 16.433276657 74.2020715231 -3.42330815567 16.5053524318 74.5275192052 -3.42330815567 16.5774282066 74.8529668873 -3 16.5774282066 74.8529668873 -3.42330815567 16.6495039815 75.1784145694 -3 16.6495039815 75.1784145694 -3.42330815567 16.7215797563 75.5038622515 -3 16.7215797563 75.5038622515 -3.42330815567 16.7936555311 75.8293099337 -3 16.7936555311 75.8293099337 -3.42330815567 16.8657313059 76.1547576158 -3 16.8657313059 76.1547576158 -3.42330815567 16.9378070807 76.4802052979 -3 16.9378070807 76.4802052979 -3.42330815567 17.0098828555 76.80565298 -3 17.0098828555 76.80565298 -3.42330815567 17.0819586303 77.1311006621 -3 17.0819586303 77.1311006621 -3.42330815567 17.1540344051 77.4565483443 -3 17.1540344051 77.4565483443 -3.42330815567 17.2261101799 77.7819960264 -3 17.2261101799 77.7819960264 -3.42330815567 17.2981859548 78.1074437085 -3 17.2981859548 78.1074437085 -3.42330815567 16.9085900722 74.0952061997 -3 16.982750555 74.4201851742 -3 16.9085900722 74.0952061997 -3.5763869424 16.982750555 74.4201851742 -3.5763869424 17.0569110377 74.7451641488 -3 17.0569110377 74.7451641488 -3.5763869424 17.1310715205 75.0701431233 -3 17.1310715205 75.0701431233 -3.5763869424 17.2052320033 75.3951220979 -3 17.2052320033 75.3951220979 -3.5763869424 17.2793924861 75.7201010725 -3 17.2793924861 75.7201010725 -3.5763869424 17.3535529688 76.045080047 -3 17.3535529688 76.045080047 -3.5763869424 17.4277134516 76.3700590216 -3 17.4277134516 76.3700590216 -3.5763869424 17.5018739344 76.6950379961 -3 17.5018739344 76.6950379961 -3.5763869424 17.5760344172 77.0200169707 -3 17.5760344172 77.0200169707 -3.5763869424 17.6501948999 77.3449959453 -3 17.6501948999 77.3449959453 -3.5763869424 17.7243553827 77.6699749198 -3 17.7243553827 77.6699749198 -3.5763869424 17.7985158655 77.9949538944 -3 17.7985158655 77.9949538944 -3.5763869424 17.3832086923 73.9852962119 -3 17.4594508357 74.3097931251 -3 17.3832086923 73.9852962119 -3.72955617877 17.4594508357 74.3097931251 -3.72955617877 17.5356929791 74.6342900383 -3 17.5356929791 74.6342900383 -3.72955617877 17.6119351225 74.9587869515 -3 17.6119351225 74.9587869515 -3.72955617877 17.6881772659 75.2832838647 -3 17.6881772659 75.2832838647 -3.72955617877 17.7644194093 75.6077807779 -3 17.7644194093 75.6077807779 -3.72955617877 17.8406615527 75.9322776911 -3 17.8406615527 75.9322776911 -3.72955617877 17.9169036961 76.2567746043 -3 17.9169036961 76.2567746043 -3.72955617877 17.9931458394 76.5812715176 -3 17.9931458394 76.5812715176 -3.72955617877 18.0693879828 76.9057684308 -3 18.0693879828 76.9057684308 -3.72955617877 18.1456301262 77.230265344 -3 18.1456301262 77.230265344 -3.72955617877 18.2218722696 77.5547622572 -3 18.2218722696 77.5547622572 -3.72955617877 18.298114413 77.8792591704 -3 18.298114413 77.8792591704 -3.72955617877 17.3832086923 73.9852962119 -3.5 17.8571130148 73.872346076 -3.5 17.9354336859 74.1963475939 -3.5 17.4594508357 74.3097931251 -3.5 17.8571130148 73.872346076 -3.88285462893 17.9354336859 74.1963475939 -3.88285462893 18.013754357 74.5203491118 -3.5 17.5356929791 74.6342900383 -3.5 18.013754357 74.5203491118 -3.88285462893 18.0920750281 74.8443506297 -3.5 17.6119351225 74.9587869515 -3.5 18.0920750281 74.8443506297 -3.88285462893 18.1703956992 75.1683521475 -3.5 17.6881772659 75.2832838647 -3.5 18.1703956992 75.1683521475 -3.88285462893 18.2487163704 75.4923536654 -3.5 17.7644194093 75.6077807779 -3.5 18.2487163704 75.4923536654 -3.88285462893 18.3270370415 75.8163551833 -3.5 17.8406615527 75.9322776911 -3.5 18.3270370415 75.8163551833 -3.88285462893 18.4053577126 76.1403567012 -3.5 17.9169036961 76.2567746043 -3.5 18.4053577126 76.1403567012 -3.88285462893 18.4836783837 76.4643582191 -3.5 17.9931458394 76.5812715176 -3.5 18.4836783837 76.4643582191 -3.88285462893 18.5619990548 76.7883597369 -3.5 18.0693879828 76.9057684308 -3.5 18.5619990548 76.7883597369 -3.88285462893 18.6403197259 77.1123612548 -3.5 18.1456301262 77.230265344 -3.5 18.6403197259 77.1123612548 -3.88285462893 18.7186403971 77.4363627727 -3.5 18.2218722696 77.5547622572 -3.5 18.7186403971 77.4363627727 -3.88285462893 18.7969610682 77.7603642906 -3.5 18.298114413 77.8792591704 -3.5 18.7969610682 77.7603642906 -3.88285462893 18.3302835662 73.7563604334 -3.5 18.4106795467 74.0798532423 -3.5 18.3302835662 73.7563604334 -4.036321057 18.4106795467 74.0798532423 -4.036321057 18.4910755273 74.4033460513 -3.5 18.4910755273 74.4033460513 -4.036321057 18.5714715078 74.7268388602 -3.5 18.5714715078 74.7268388602 -4.036321057 18.6518674884 75.0503316691 -3.5 18.6518674884 75.0503316691 -4.036321057 18.7322634689 75.373824478 -3.5 18.7322634689 75.373824478 -4.036321057 18.8126594495 75.6973172869 -3.5 18.8126594495 75.6973172869 -4.036321057 18.89305543 76.0208100958 -3.5 18.89305543 76.0208100958 -4.036321057 18.9734514106 76.3443029048 -3.5 18.9734514106 76.3443029048 -4.036321057 19.0538473911 76.6677957137 -3.5 19.0538473911 76.6677957137 -4.036321057 19.1342433717 76.9912885226 -3.5 19.1342433717 76.9912885226 -4.036321057 19.2146393522 77.3147813315 -3.5 19.2146393522 77.3147813315 -4.036321057 19.2950353328 77.6382741404 -3.5 19.2950353328 77.6382741404 -4.036321057 18.8027009033 73.63734405 -3.5 18.8851688898 73.9603148572 -3.5 18.8027009033 73.63734405 -4.18999422713 18.8851688898 73.9603148572 -4.18999422713 18.9676368762 74.2832856645 -3.5 18.9676368762 74.2832856645 -4.18999422713 19.0501048626 74.6062564717 -3.5 19.0501048626 74.6062564717 -4.18999422713 19.132572849 74.929227279 -3.5 19.132572849 74.929227279 -4.18999422713 19.2150408354 75.2521980862 -3.5 19.2150408354 75.2521980862 -4.18999422713 19.2975088219 75.5751688934 -3.5 19.2975088219 75.5751688934 -4.18999422713 19.3799768083 75.8981397007 -3.5 19.3799768083 75.8981397007 -4.18999422713 19.4624447947 76.2211105079 -3.5 19.4624447947 76.2211105079 -4.18999422713 19.5449127811 76.5440813151 -3.5 19.5449127811 76.5440813151 -4.18999422713 19.6273807675 76.8670521224 -3.5 19.6273807675 76.8670521224 -4.18999422713 19.7098487539 77.1900229296 -3.5 19.7098487539 77.1900229296 -4.18999422713 19.7923167404 77.5129937369 -3.5 19.7923167404 77.5129937369 -4.18999422713 18.8027009033 73.63734405 -4 19.2743456141 73.5153018163 -4 19.3588822177 73.8377373506 -4 18.8851688898 73.9603148572 -4 19.2743456141 73.5153018163 -4.34391290344 19.3588822177 73.8377373506 -4.34391290344 19.4434188213 74.1601728849 -4 18.9676368762 74.2832856645 -4 19.4434188213 74.1601728849 -4.34391290344 19.5279554248 74.4826084192 -4 19.0501048626 74.6062564717 -4 19.5279554248 74.4826084192 -4.34391290344 19.6124920284 74.8050439535 -4 19.132572849 74.929227279 -4 19.6124920284 74.8050439535 -4.34391290344 19.697028632 75.1274794878 -4 19.2150408354 75.2521980862 -4 19.697028632 75.1274794878 -4.34391290344 19.7815652355 75.449915022 -4 19.2975088219 75.5751688934 -4 19.7815652355 75.449915022 -4.34391290344 19.8661018391 75.7723505563 -4 19.3799768083 75.8981397007 -4 19.8661018391 75.7723505563 -4.34391290344 19.9506384427 76.0947860906 -4 19.4624447947 76.2211105079 -4 19.9506384427 76.0947860906 -4.34391290344 20.0351750463 76.4172216249 -4 19.5449127811 76.5440813151 -4 20.0351750463 76.4172216249 -4.34391290344 20.1197116498 76.7396571592 -4 19.6273807675 76.8670521224 -4 20.1197116498 76.7396571592 -4.34391290344 20.2042482534 77.0620926934 -4 19.7098487539 77.1900229296 -4 20.2042482534 77.0620926934 -4.34391290344 20.288784857 77.3845282277 -4 19.7923167404 77.5129937369 -4 20.288784857 77.3845282277 -4.34391290344 19.745198318 73.3902387473 -4 19.831800065 73.7121257593 -4 19.745198318 73.3902387473 -4.49811585007 19.831800065 73.7121257593 -4.49811585007 19.918401812 74.0340127714 -4 19.918401812 74.0340127714 -4.49811585007 20.005003559 74.3558997834 -4 20.005003559 74.3558997834 -4.49811585007 20.091605306 74.6777867955 -4 20.091605306 74.6777867955 -4.49811585007 20.178207053 74.9996738075 -4 20.178207053 74.9996738075 -4.49811585007 20.2648088001 75.3215608196 -4 20.2648088001 75.3215608196 -4.49811585007 20.3514105471 75.6434478316 -4 20.3514105471 75.6434478316 -4.49811585007 20.4380122941 75.9653348437 -4 20.4380122941 75.9653348437 -4.49811585007 20.5246140411 76.2872218557 -4 20.5246140411 76.2872218557 -4.49811585007 20.6112157881 76.6091088678 -4 20.6112157881 76.6091088678 -4.49811585007 20.6978175351 76.9309958798 -4 20.6978175351 76.9309958798 -4.49811585007 20.7844192821 77.2528828919 -4 20.7844192821 77.2528828919 -4.49811585007 20.2152396671 73.2621599818 -4 20.3039029989 73.5834852449 -4 20.2152396671 73.2621599818 -4.65264183115 20.3039029989 73.5834852449 -4.65264183115 20.3925663308 73.904810508 -4 20.3925663308 73.904810508 -4.65264183115 20.4812296627 74.2261357711 -4 20.4812296627 74.2261357711 -4.65264183115 20.5698929946 74.5474610341 -4 20.5698929946 74.5474610341 -4.65264183115 20.6585563264 74.8687862972 -4 20.6585563264 74.8687862972 -4.65264183115 20.7472196583 75.1901115603 -4 20.7472196583 75.1901115603 -4.65264183115 20.8358829902 75.5114368234 -4 20.8358829902 75.5114368234 -4.65264183115 20.9245463221 75.8327620865 -4 20.9245463221 75.8327620865 -4.65264183115 21.0132096539 76.1540873495 -4 21.0132096539 76.1540873495 -4.65264183115 21.1018729858 76.4754126126 -4 21.1018729858 76.4754126126 -4.65264183115 21.1905363177 76.7967378757 -4 21.1905363177 76.7967378757 -4.65264183115 21.2791996495 77.1180631388 -4 21.2791996495 77.1180631388 -4.65264183115 20.2152396671 73.2621599818 -4.5 20.6844503467 73.1310707829 -4.5 20.7751716202 73.4518210933 -4.5 20.3039029989 73.5834852449 -4.5 20.6844503467 73.1310707829 -4.80752961083 20.7751716202 73.4518210933 -4.80752961083 20.8658928936 73.7725714038 -4.5 20.3925663308 73.904810508 -4.5 20.8658928936 73.7725714038 -4.80752961083 20.9566141671 74.0933217143 -4.5 20.4812296627 74.2261357711 -4.5 20.9566141671 74.0933217143 -4.80752961083 21.0473354405 74.4140720247 -4.5 20.5698929946 74.5474610341 -4.5 21.0473354405 74.4140720247 -4.80752961083 21.138056714 74.7348223352 -4.5 20.6585563264 74.8687862972 -4.5 21.138056714 74.7348223352 -4.80752961083 21.2287779874 75.0555726456 -4.5 20.7472196583 75.1901115603 -4.5 21.2287779874 75.0555726456 -4.80752961083 21.3194992609 75.3763229561 -4.5 20.8358829902 75.5114368234 -4.5 21.3194992609 75.3763229561 -4.80752961083 21.4102205344 75.6970732665 -4.5 20.9245463221 75.8327620865 -4.5 21.4102205344 75.6970732665 -4.80752961083 21.5009418078 76.017823577 -4.5 21.0132096539 76.1540873495 -4.5 21.5009418078 76.017823577 -4.80752961083 21.5916630813 76.3385738874 -4.5 21.1018729858 76.4754126126 -4.5 21.5916630813 76.3385738874 -4.80752961083 21.6823843547 76.6593241979 -4.5 21.1905363177 76.7967378757 -4.5 21.6823843547 76.6593241979 -4.80752961083 21.7731056282 76.9800745083 -4.5 21.2791996495 77.1180631388 -4.5 21.7731056282 76.9800745083 -4.80752961083 21.1528110766 72.9969765371 -4.5 21.2455865637 73.3171387149 -4.5 21.1528110766 72.9969765371 -4.96281795323 21.2455865637 73.3171387149 -4.96281795323 21.3383620509 73.6373008927 -4.5 21.3383620509 73.6373008927 -4.96281795323 21.4311375381 73.9574630705 -4.5 21.4311375381 73.9574630705 -4.96281795323 21.5239130253 74.2776252483 -4.5 21.5239130253 74.2776252483 -4.96281795323 21.6166885125 74.5977874261 -4.5 21.6166885125 74.5977874261 -4.96281795323 21.7094639996 74.9179496039 -4.5 21.7094639996 74.9179496039 -4.96281795323 21.8022394868 75.2381117817 -4.5 21.8022394868 75.2381117817 -4.96281795323 21.895014974 75.5582739595 -4.5 21.895014974 75.5582739595 -4.96281795323 21.9877904612 75.8784361373 -4.5 21.9877904612 75.8784361373 -4.96281795323 22.0805659484 76.198598315 -4.5 22.0805659484 76.198598315 -4.96281795323 22.1733414355 76.5187604928 -4.5 22.1733414355 76.5187604928 -4.96281795323 22.2661169227 76.8389226706 -4.5 22.2661169227 76.8389226706 -4.96281795323 21.620302611 72.8598827546 -4.5 21.7151284997 73.1794436438 -4.5 21.620302611 72.8598827546 -5.11854562249 21.7151284997 73.1794436438 -5.11854562249 21.8099543883 73.4990045331 -4.5 21.8099543883 73.4990045331 -5.11854562249 21.904780277 73.8185654224 -4.5 21.904780277 73.8185654224 -5.11854562249 21.9996061656 74.1381263117 -4.5 21.9996061656 74.1381263117 -5.11854562249 22.0944320542 74.4576872009 -4.5 22.0944320542 74.4576872009 -5.11854562249 22.1892579429 74.7772480902 -4.5 22.1892579429 74.7772480902 -5.11854562249 22.2840838315 75.0968089795 -4.5 22.2840838315 75.0968089795 -5.11854562249 22.3789097202 75.4163698688 -4.5 22.3789097202 75.4163698688 -5.11854562249 22.4737356088 75.735930758 -4.5 22.4737356088 75.735930758 -5.11854562249 22.5685614975 76.0554916473 -4.5 22.5685614975 76.0554916473 -5.11854562249 22.6633873861 76.3750525366 -4.5 22.6633873861 76.3750525366 -5.11854562249 22.7582132748 76.6946134258 -4.5 22.7582132748 76.6946134258 -5.11854562249 22.0869057403 72.7197950686 -4.5 22.1837781339 73.0387415382 -4.5 22.0869057403 72.7197950686 -5 22.1837781339 73.0387415382 -5 22.0869057403 72.7197950686 -5.27475138274 22.1837781339 73.0387415382 -5.27475138274 22.2806505275 73.3576880078 -4.5 22.2806505275 73.3576880078 -5 22.2806505275 73.3576880078 -5.27475138274 22.3775229211 73.6766344774 -4.5 22.3775229211 73.6766344774 -5 22.3775229211 73.6766344774 -5.27475138274 22.4743953147 73.995580947 -4.5 22.4743953147 73.995580947 -5 22.4743953147 73.995580947 -5.27475138274 22.5712677083 74.3145274166 -4.5 22.5712677083 74.3145274166 -5 22.5712677083 74.3145274166 -5.27475138274 22.6681401019 74.6334738862 -4.5 22.6681401019 74.6334738862 -5 22.6681401019 74.6334738862 -5.27475138274 22.7650124955 74.9524203558 -4.5 22.7650124955 74.9524203558 -5 22.7650124955 74.9524203558 -5.27475138274 22.8618848891 75.2713668254 -4.5 22.8618848891 75.2713668254 -5 22.8618848891 75.2713668254 -5.27475138274 22.9587572827 75.590313295 -4.5 22.9587572827 75.590313295 -5 22.9587572827 75.590313295 -5.27475138274 23.0556296763 75.9092597646 -4.5 23.0556296763 75.9092597646 -5 23.0556296763 75.9092597646 -5.27475138274 23.1525020699 76.2282062342 -4.5 23.1525020699 76.2282062342 -5 23.1525020699 76.2282062342 -5.27475138274 23.2493744635 76.5471527038 -4.5 23.2493744635 76.5471527038 -5 23.2493744635 76.5471527038 -5.27475138274 22.5526012911 72.5767192356 -5 22.651516209 72.8950381796 -5 22.5526012911 72.5767192356 -5.43147399813 22.651516209 72.8950381796 -5.43147399813 22.750431127 73.2133571237 -5 22.750431127 73.2133571237 -5.43147399813 22.8493460449 73.5316760677 -5 22.8493460449 73.5316760677 -5.43147399813 22.9482609628 73.8499950117 -5 22.9482609628 73.8499950117 -5.43147399813 23.0471758808 74.1683139557 -5 23.0471758808 74.1683139557 -5.43147399813 23.1460907987 74.4866328997 -5 23.1460907987 74.4866328997 -5.43147399813 23.2450057167 74.8049518437 -5 23.2450057167 74.8049518437 -5.43147399813 23.3439206346 75.1232707877 -5 23.3439206346 75.1232707877 -5.43147399813 23.4428355526 75.4415897318 -5 23.4428355526 75.4415897318 -5.43147399813 23.5417504705 75.7599086758 -5 23.5417504705 75.7599086758 -5.43147399813 23.6406653884 76.0782276198 -5 23.6406653884 76.0782276198 -5.43147399813 23.7395803064 76.3965465638 -5 23.7395803064 76.3965465638 -5.43147399813 23.0173701273 72.4306611348 -5 23.1183235051 72.7483394731 -5 23.0173701273 72.4306611348 -5.58875223277 23.1183235051 72.7483394731 -5.58875223277 23.2192768828 73.0660178114 -5 23.2192768828 73.0660178114 -5.58875223277 23.3202302606 73.3836961497 -5 23.3202302606 73.3836961497 -5.58875223277 23.4211836384 73.701374488 -5 23.4211836384 73.701374488 -5.58875223277 23.5221370161 74.0190528263 -5 23.5221370161 74.0190528263 -5.58875223277 23.6230903939 74.3367311646 -5 23.6230903939 74.3367311646 -5.58875223277 23.7240437716 74.6544095029 -5 23.7240437716 74.6544095029 -5.58875223277 23.8249971494 74.9720878413 -5 23.8249971494 74.9720878413 -5.58875223277 23.9259505271 75.2897661796 -5 23.9259505271 75.2897661796 -5.58875223277 24.0269039049 75.6074445179 -5 24.0269039049 75.6074445179 -5.58875223277 24.1278572826 75.9251228562 -5 24.1278572826 75.9251228562 -5.58875223277 24.2288106604 76.2428011945 -5 24.2288106604 76.2428011945 -5.58875223277 23.4811931512 72.2816267678 -5 23.5841808405 72.5986514466 -5 23.4811931512 72.2816267678 -5.74662485081 23.5841808405 72.5986514466 -5.74662485081 23.6871685297 72.9156761254 -5 23.6871685297 72.9156761254 -5.74662485081 23.790156219 73.2327008042 -5 23.790156219 73.2327008042 -5.74662485081 23.8931439082 73.549725483 -5 23.8931439082 73.549725483 -5.74662485081 23.9961315975 73.8667501618 -5 23.9961315975 73.8667501618 -5.74662485081 24.0991192867 74.1837748406 -5 24.0991192867 74.1837748406 -5.74662485081 24.202106976 74.5007995194 -5 24.202106976 74.5007995194 -5.74662485081 24.3050946653 74.8178241982 -5 24.3050946653 74.8178241982 -5.74662485081 24.4080823545 75.134848877 -5 24.4080823545 75.134848877 -5.74662485081 24.5110700438 75.4518735558 -5 24.5110700438 75.4518735558 -5.74662485081 24.614057733 75.7688982346 -5 24.614057733 75.7688982346 -5.74662485081 24.7170454223 76.0859229135 -5 24.7170454223 76.0859229135 -5.74662485081 23.4811931512 72.2816267678 -5.5 23.9440513035 72.1296222586 -5.5 24.0490690724 72.445980251 -5.5 23.5841808405 72.5986514466 -5.5 23.9440513035 72.1296222586 -5.90513061639 24.0490690724 72.445980251 -5.90513061639 24.1540868413 72.7623382434 -5.5 23.6871685297 72.9156761254 -5.5 24.1540868413 72.7623382434 -5.90513061639 24.2591046102 73.0786962357 -5.5 23.790156219 73.2327008042 -5.5 24.2591046102 73.0786962357 -5.90513061639 24.364122379 73.3950542281 -5.5 23.8931439082 73.549725483 -5.5 24.364122379 73.3950542281 -5.90513061639 24.4691401479 73.7114122204 -5.5 23.9961315975 73.8667501618 -5.5 24.4691401479 73.7114122204 -5.90513061639 24.5741579168 74.0277702128 -5.5 24.0991192867 74.1837748406 -5.5 24.5741579168 74.0277702128 -5.90513061639 24.6791756857 74.3441282052 -5.5 24.202106976 74.5007995194 -5.5 24.6791756857 74.3441282052 -5.90513061639 24.7841934545 74.6604861975 -5.5 24.3050946653 74.8178241982 -5.5 24.7841934545 74.6604861975 -5.90513061639 24.8892112234 74.9768441899 -5.5 24.4080823545 75.134848877 -5.5 24.8892112234 74.9768441899 -5.90513061639 24.9942289923 75.2932021823 -5.5 24.5110700438 75.4518735558 -5.5 24.9942289923 75.2932021823 -5.90513061639 25.0992467612 75.6095601746 -5.5 24.614057733 75.7688982346 -5.5 25.0992467612 75.6095601746 -5.90513061639 25.20426453 75.925918167 -5.5 24.7170454223 76.0859229135 -5.5 25.20426453 75.925918167 -5.90513061639 24.405925565 71.9746538534 -5.5 24.5129690982 72.2903321598 -5.5 24.405925565 71.9746538534 -6.06430829363 24.5129690982 72.2903321598 -6.06430829363 24.6200126313 72.6060104661 -5.5 24.6200126313 72.6060104661 -6.06430829363 24.7270561645 72.9216887725 -5.5 24.7270561645 72.9216887725 -6.06430829363 24.8340996977 73.2373670789 -5.5 24.8340996977 73.2373670789 -6.06430829363 24.9411432309 73.5530453853 -5.5 24.9411432309 73.5530453853 -6.06430829363 25.0481867641 73.8687236916 -5.5 25.0481867641 73.8687236916 -6.06430829363 25.1552302972 74.184401998 -5.5 25.1552302972 74.184401998 -6.06430829363 25.2622738304 74.5000803044 -5.5 25.2622738304 74.5000803044 -6.06430829363 25.3693173636 74.8157586108 -5.5 25.3693173636 74.8157586108 -6.06430829363 25.4763608968 75.1314369171 -5.5 25.4763608968 75.1314369171 -6.06430829363 25.58340443 75.4471152235 -5.5 25.58340443 75.4471152235 -6.06430829363 25.6904479631 75.7627935299 -5.5 25.6904479631 75.7627935299 -6.06430829363 24.8667969565 71.8167279199 -5.5 24.9758618554 72.1317135687 -5.5 24.8667969565 71.8167279199 -6.22419664668 24.9758618554 72.1317135687 -6.22419664668 25.0849267544 72.4466992175 -5.5 25.0849267544 72.4466992175 -6.22419664668 25.1939916533 72.7616848662 -5.5 25.1939916533 72.7616848662 -6.22419664668 25.3030565522 73.076670515 -5.5 25.3030565522 73.076670515 -6.22419664668 25.4121214512 73.3916561638 -5.5 25.4121214512 73.3916561638 -6.22419664668 25.5211863501 73.7066418125 -5.5 25.5211863501 73.7066418125 -6.22419664668 25.630251249 74.0216274613 -5.5 25.630251249 74.0216274613 -6.22419664668 25.739316148 74.3366131101 -5.5 25.739316148 74.3366131101 -6.22419664668 25.8483810469 74.6515987589 -5.5 25.8483810469 74.6515987589 -6.22419664668 25.9574459458 74.9665844076 -5.5 25.9574459458 74.9665844076 -6.22419664668 26.0665108448 75.2815700564 -5.5 26.0665108448 75.2815700564 -6.22419664668 26.1755757437 75.5965557052 -5.5 26.1755757437 75.5965557052 -6.22419664668 24.8667969565 71.8167279199 -6 25.3266465404 71.6558509476 -6 25.4377283234 71.9701309956 -6 24.9758618554 72.1317135687 -6 25.3266465404 71.6558509476 -6.38483443966 25.4377283234 71.9701309956 -6.38483443966 25.5488101065 72.2844110436 -6 25.0849267544 72.4466992175 -6 25.5488101065 72.2844110436 -6.38483443966 25.6598918896 72.5986910916 -6 25.1939916533 72.7616848662 -6 25.6598918896 72.5986910916 -6.38483443966 25.7709736726 72.9129711396 -6 25.3030565522 73.076670515 -6 25.7709736726 72.9129711396 -6.38483443966 25.8820554557 73.2272511876 -6 25.4121214512 73.3916561638 -6 25.8820554557 73.2272511876 -6.38483443966 25.9931372388 73.5415312357 -6 25.5211863501 73.7066418125 -6 25.9931372388 73.5415312357 -6.38483443966 26.1042190219 73.8558112837 -6 25.630251249 74.0216274613 -6 26.1042190219 73.8558112837 -6.38483443966 26.2153008049 74.1700913317 -6 25.739316148 74.3366131101 -6 26.2153008049 74.1700913317 -6.38483443966 26.326382588 74.4843713797 -6 25.8483810469 74.6515987589 -6 26.326382588 74.4843713797 -6.38483443966 26.4374643711 74.7986514277 -6 25.9574459458 74.9665844076 -6 26.4374643711 74.7986514277 -6.38483443966 26.5485461541 75.1129314757 -6 26.0665108448 75.2815700564 -6 26.5485461541 75.1129314757 -6.38483443966 26.6596279372 75.4272115238 -6 26.1755757437 75.5965557052 -6 26.6596279372 75.4272115238 -6.38483443966 25.7854554207 71.492029547 -6 25.8985495234 71.8055910801 -6 25.7854554207 71.492029547 -6.54626043671 25.8985495234 71.8055910801 -6.54626043671 26.0116436262 72.1191526132 -6 26.0116436262 72.1191526132 -6.54626043671 26.1247377289 72.4327141463 -6 26.1247377289 72.4327141463 -6.54626043671 26.2378318316 72.7462756794 -6 26.2378318316 72.7462756794 -6.54626043671 26.3509259343 73.0598372125 -6 26.3509259343 73.0598372125 -6.54626043671 26.4640200371 73.3733987456 -6 26.4640200371 73.3733987456 -6.54626043671 26.5771141398 73.6869602787 -6 26.5771141398 73.6869602787 -6.54626043671 26.6902082425 74.0005218118 -6 26.6902082425 74.0005218118 -6.54626043671 26.8033023452 74.3140833449 -6 26.8033023452 74.3140833449 -6.54626043671 26.9163964479 74.627644878 -6 26.9163964479 74.627644878 -6.54626043671 27.0294905507 74.9412064111 -6 27.0294905507 74.9412064111 -6.54626043671 27.1425846534 75.2547679442 -6 27.1425846534 75.2547679442 -6.54626043671 26.2432047446 71.3252704498 -6 26.3583065198 71.6381005833 -6 26.2432047446 71.3252704498 -6.70851340197 26.3583065198 71.6381005833 -6.70851340197 26.473408295 71.9509307169 -6 26.473408295 71.9509307169 -6.70851340197 26.5885100702 72.2637608504 -6 26.5885100702 72.2637608504 -6.70851340197 26.7036118454 72.576590984 -6 26.7036118454 72.576590984 -6.70851340197 26.8187136206 72.8894211175 -6 26.8187136206 72.8894211175 -6.70851340197 26.9338153958 73.2022512511 -6 26.9338153958 73.2022512511 -6.70851340197 27.048917171 73.5150813846 -6 27.048917171 73.5150813846 -6.70851340197 27.1640189462 73.8279115182 -6 27.1640189462 73.8279115182 -6.70851340197 27.2791207213 74.1407416517 -6 27.2791207213 74.1407416517 -6.70851340197 27.3942224965 74.4535717853 -6 27.3942224965 74.4535717853 -6.70851340197 27.5093242717 74.7664019188 -6 27.5093242717 74.7664019188 -6.70851340197 27.6244260469 75.0792320524 -6 27.6244260469 75.0792320524 -6.70851340197 26.6998757025 71.1555805083 -6 26.8169804204 71.4676663877 -6 26.6998757025 71.1555805083 -6.5 26.8169804204 71.4676663877 -6.5 26.6998757025 71.1555805083 -6.87163209957 26.8169804204 71.4676663877 -6.87163209957 26.9340851384 71.7797522671 -6 26.9340851384 71.7797522671 -6.5 26.9340851384 71.7797522671 -6.87163209957 27.0511898564 72.0918381466 -6 27.0511898564 72.0918381466 -6.5 27.0511898564 72.0918381466 -6.87163209957 27.1682945744 72.403924026 -6 27.1682945744 72.403924026 -6.5 27.1682945744 72.403924026 -6.87163209957 27.2853992924 72.7160099054 -6 27.2853992924 72.7160099054 -6.5 27.2853992924 72.7160099054 -6.87163209957 27.4025040104 73.0280957848 -6 27.4025040104 73.0280957848 -6.5 27.4025040104 73.0280957848 -6.87163209957 27.5196087284 73.3401816643 -6 27.5196087284 73.3401816643 -6.5 27.5196087284 73.3401816643 -6.87163209957 27.6367134464 73.6522675437 -6 27.6367134464 73.6522675437 -6.5 27.6367134464 73.6522675437 -6.87163209957 27.7538181644 73.9643534231 -6 27.7538181644 73.9643534231 -6.5 27.7538181644 73.9643534231 -6.87163209957 27.8709228824 74.2764393025 -6 27.8709228824 74.2764393025 -6.5 27.8709228824 74.2764393025 -6.87163209957 27.9880276004 74.5885251819 -6 27.9880276004 74.5885251819 -6.5 27.9880276004 74.5885251819 -6.87163209957 28.1051323184 74.9006110614 -6 28.1051323184 74.9006110614 -6.5 28.1051323184 74.9006110614 -6.87163209957 27.1554495291 70.9829666953 -6.5 27.274552378 71.2942954966 -6.5 27.1554495291 70.9829666953 -7.03565529364 27.274552378 71.2942954966 -7.03565529364 27.3936552268 71.6056242979 -6.5 27.3936552268 71.6056242979 -7.03565529364 27.5127580756 71.9169530992 -6.5 27.5127580756 71.9169530992 -7.03565529364 27.6318609244 72.2282819005 -6.5 27.6318609244 72.2282819005 -7.03565529364 27.7509637732 72.5396107018 -6.5 27.7509637732 72.5396107018 -7.03565529364 27.870066622 72.8509395031 -6.5 27.870066622 72.8509395031 -7.03565529364 27.9891694708 73.1622683044 -6.5 27.9891694708 73.1622683044 -7.03565529364 28.1082723196 73.4735971057 -6.5 28.1082723196 73.4735971057 -7.03565529364 28.2273751685 73.784925907 -6.5 28.2273751685 73.784925907 -7.03565529364 28.3464780173 74.0962547083 -6.5 28.3464780173 74.0962547083 -7.03565529364 28.4655808661 74.4075835096 -6.5 28.4655808661 74.4075835096 -7.03565529364 28.5846837149 74.7189123109 -6.5 28.5846837149 74.7189123109 -7.03565529364 27.6099075046 70.8074361038 -6.5 27.7310035901 71.117995034 -6.5 27.6099075046 70.8074361038 -7.20062174832 27.7310035901 71.117995034 -7.20062174832 27.8520996757 71.4285539643 -6.5 27.8520996757 71.4285539643 -7.20062174832 27.9731957612 71.7391128946 -6.5 27.9731957612 71.7391128946 -7.20062174832 28.0942918468 72.0496718249 -6.5 28.0942918468 72.0496718249 -7.20062174832 28.2153879323 72.3602307552 -6.5 28.2153879323 72.3602307552 -7.20062174832 28.3364840178 72.6707896854 -6.5 28.3364840178 72.6707896854 -7.20062174832 28.4575801034 72.9813486157 -6.5 28.4575801034 72.9813486157 -7.20062174832 28.5786761889 73.291907546 -6.5 28.5786761889 73.291907546 -7.20062174832 28.6997722745 73.6024664763 -6.5 28.6997722745 73.6024664763 -7.20062174832 28.82086836 73.9130254066 -6.5 28.82086836 73.9130254066 -7.20062174832 28.9419644456 74.2235843368 -6.5 28.9419644456 74.2235843368 -7.20062174832 29.0630605311 74.5341432671 -6.5 29.0630605311 74.5341432671 -7.20062174832 28.0632309545 70.6289959464 -6.5 28.1863153008 70.9387722444 -6.5 28.0632309545 70.6289959464 -7 28.1863153008 70.9387722444 -7 28.0632309545 70.6289959464 -7.36657022775 28.1863153008 70.9387722444 -7.36657022775 28.3093996471 71.2485485424 -6.5 28.3093996471 71.2485485424 -7 28.3093996471 71.2485485424 -7.36657022775 28.4324839933 71.5583248404 -6.5 28.4324839933 71.5583248404 -7 28.4324839933 71.5583248404 -7.36657022775 28.5555683396 71.8681011384 -6.5 28.5555683396 71.8681011384 -7 28.5555683396 71.8681011384 -7.36657022775 28.6786526859 72.1778774364 -6.5 28.6786526859 72.1778774364 -7 28.6786526859 72.1778774364 -7.36657022775 28.8017370322 72.4876537345 -6.5 28.8017370322 72.4876537345 -7 28.8017370322 72.4876537345 -7.36657022775 28.9248213785 72.7974300325 -6.5 28.9248213785 72.7974300325 -7 28.9248213785 72.7974300325 -7.36657022775 29.0479057248 73.1072063305 -6.5 29.0479057248 73.1072063305 -7 29.0479057248 73.1072063305 -7.36657022775 29.1709900711 73.4169826285 -6.5 29.1709900711 73.4169826285 -7 29.1709900711 73.4169826285 -7.36657022775 29.2940744174 73.7267589265 -6.5 29.2940744174 73.7267589265 -7 29.2940744174 73.7267589265 -7.36657022775 29.4171587637 74.0365352245 -6.5 29.4171587637 74.0365352245 -7 29.4171587637 74.0365352245 -7.36657022775 29.54024311 74.3463115225 -6.5 29.54024311 74.3463115225 -7 29.54024311 74.3463115225 -7.36657022775 28.5154012512 70.4476535555 -7 28.6404688006 70.7566344922 -7 28.5154012512 70.4476535555 -7.53353949605 28.6404688006 70.7566344922 -7.53353949605 28.7655363499 71.0656154288 -7 28.7655363499 71.0656154288 -7.53353949605 28.8906038993 71.3745963655 -7 28.8906038993 71.3745963655 -7.53353949605 29.0156714486 71.6835773021 -7 29.0156714486 71.6835773021 -7.53353949605 29.140738998 71.9925582388 -7 29.140738998 71.9925582388 -7.53353949605 29.2658065473 72.3015391754 -7 29.2658065473 72.3015391754 -7.53353949605 29.3908740967 72.6105201121 -7 29.3908740967 72.6105201121 -7.53353949605 29.515941646 72.9195010487 -7 29.515941646 72.9195010487 -7.53353949605 29.6410091954 73.2284819854 -7 29.6410091954 73.2284819854 -7.53353949605 29.7660767447 73.537462922 -7 29.7660767447 73.537462922 -7.53353949605 29.8911442941 73.8464438587 -7 29.8911442941 73.8464438587 -7.53353949605 30.0162118434 74.1554247953 -7 30.0162118434 74.1554247953 -7.53353949605 28.9663998146 70.2634163828 -7 29.0934454278 70.5715892617 -7 28.9663998146 70.2634163828 -7.70156831737 29.0934454278 70.5715892617 -7.70156831737 29.2204910411 70.8797621405 -7 29.2204910411 70.8797621405 -7.70156831737 29.3475366543 71.1879350194 -7 29.3475366543 71.1879350194 -7.70156831737 29.4745822675 71.4961078983 -7 29.4745822675 71.4961078983 -7.70156831737 29.6016278807 71.8042807771 -7 29.6016278807 71.8042807771 -7.70156831737 29.728673494 72.112453656 -7 29.728673494 72.112453656 -7.70156831737 29.8557191072 72.4206265349 -7 29.8557191072 72.4206265349 -7.70156831737 29.9827647204 72.7287994138 -7 29.9827647204 72.7287994138 -7.70156831737 30.1098103336 73.0369722926 -7 30.1098103336 73.0369722926 -7.70156831737 30.2368559468 73.3451451715 -7 30.2368559468 73.3451451715 -7.70156831737 30.3639015601 73.6533180504 -7 30.3639015601 73.6533180504 -7.70156831737 30.4909471733 73.9614909292 -7 30.4909471733 73.9614909292 -7.70156831737 29.4162081125 70.0762919987 -7 29.5452265692 70.3836441565 -7 29.4162081125 70.0762919987 -7.5 29.5452265692 70.3836441565 -7.5 29.4162081125 70.0762919987 -7.87069545584 29.5452265692 70.3836441565 -7.87069545584 29.6742450258 70.6909963144 -7 29.6742450258 70.6909963144 -7.5 29.6742450258 70.6909963144 -7.87069545584 29.8032634824 70.9983484723 -7 29.8032634824 70.9983484723 -7.5 29.8032634824 70.9983484723 -7.87069545584 29.9322819391 71.3057006302 -7 29.9322819391 71.3057006302 -7.5 29.9322819391 71.3057006302 -7.87069545584 30.0613003957 71.6130527881 -7 30.0613003957 71.6130527881 -7.5 30.0613003957 71.6130527881 -7.87069545584 30.1903188523 71.920404946 -7 30.1903188523 71.920404946 -7.5 30.1903188523 71.920404946 -7.87069545584 30.319337309 72.2277571039 -7 30.319337309 72.2277571039 -7.5 30.319337309 72.2277571039 -7.87069545584 30.4483557656 72.5351092618 -7 30.4483557656 72.5351092618 -7.5 30.4483557656 72.5351092618 -7.87069545584 30.5773742222 72.8424614197 -7 30.5773742222 72.8424614197 -7.5 30.5773742222 72.8424614197 -7.87069545584 30.7063926789 73.1498135775 -7 30.7063926789 73.1498135775 -7.5 30.7063926789 73.1498135775 -7.87069545584 30.8354111355 73.4571657354 -7 30.8354111355 73.4571657354 -7.5 30.8354111355 73.4571657354 -7.87069545584 30.9644295921 73.7645178933 -7 30.9644295921 73.7645178933 -7.5 30.9644295921 73.7645178933 -7.87069545584 29.8648076618 69.8862880923 -7.5 29.9957936603 70.1928068998 -7.5 29.8648076618 69.8862880923 -8.04095967559 29.9957936603 70.1928068998 -8.04095967559 30.1267796588 70.4993257072 -7.5 30.1267796588 70.4993257072 -8.04095967559 30.2577656573 70.8058445146 -7.5 30.2577656573 70.8058445146 -8.04095967559 30.3887516558 71.112363322 -7.5 30.3887516558 71.112363322 -8.04095967559 30.5197376544 71.4188821295 -7.5 30.5197376544 71.4188821295 -8.04095967559 30.6507236529 71.7254009369 -7.5 30.6507236529 71.7254009369 -8.04095967559 30.7817096514 72.0319197443 -7.5 30.7817096514 72.0319197443 -8.04095967559 30.9126956499 72.3384385517 -7.5 30.9126956499 72.3384385517 -8.04095967559 31.0436816484 72.6449573591 -7.5 31.0436816484 72.6449573591 -8.04095967559 31.1746676469 72.9514761666 -7.5 31.1746676469 72.9514761666 -8.04095967559 31.3056536454 73.257994974 -7.5 31.3056536454 73.257994974 -8.04095967559 31.436639644 73.5645137814 -7.5 31.436639644 73.5645137814 -8.04095967559 30.3121800288 69.6934124713 -7.5 30.4451281869 69.999085333 -7.5 30.3121800288 69.6934124713 -8.21239974075 30.4451281869 69.999085333 -8.21239974075 30.5780763449 70.3047581948 -7.5 30.5780763449 70.3047581948 -8.21239974075 30.7110245029 70.6104310565 -7.5 30.7110245029 70.6104310565 -8.21239974075 30.8439726609 70.9161039182 -7.5 30.8439726609 70.9161039182 -8.21239974075 30.9769208189 71.2217767799 -7.5 30.9769208189 71.2217767799 -8.21239974075 31.109868977 71.5274496416 -7.5 31.109868977 71.5274496416 -8.21239974075 31.242817135 71.8331225033 -7.5 31.242817135 71.8331225033 -8.21239974075 31.375765293 72.1387953651 -7.5 31.375765293 72.1387953651 -8.21239974075 31.508713451 72.4444682268 -7.5 31.508713451 72.4444682268 -8.21239974075 31.6416616091 72.7501410885 -7.5 31.6416616091 72.7501410885 -8.21239974075 31.7746097671 73.0558139502 -7.5 31.7746097671 73.0558139502 -8.21239974075 31.9075579251 73.3614868119 -7.5 31.9075579251 73.3614868119 -8.21239974075 30.7583068306 69.4976730611 -7.5 30.8932116852 69.8024874167 -7.5 30.7583068306 69.4976730611 -8 30.8932116852 69.8024874167 -8 30.7583068306 69.4976730611 -8.38505441547 30.8932116852 69.8024874167 -8.38505441547 31.0281165397 70.1073017722 -7.5 31.0281165397 70.1073017722 -8 31.0281165397 70.1073017722 -8.38505441547 31.1630213942 70.4121161277 -7.5 31.1630213942 70.4121161277 -8 31.1630213942 70.4121161277 -8.38505441547 31.2979262487 70.7169304833 -7.5 31.2979262487 70.7169304833 -8 31.2979262487 70.7169304833 -8.38505441547 31.4328311032 71.0217448388 -7.5 31.4328311032 71.0217448388 -8 31.4328311032 71.0217448388 -8.38505441547 31.5677359578 71.3265591943 -7.5 31.5677359578 71.3265591943 -8 31.5677359578 71.3265591943 -8.38505441547 31.7026408123 71.6313735499 -7.5 31.7026408123 71.6313735499 -8 31.7026408123 71.6313735499 -8.38505441547 31.8375456668 71.9361879054 -7.5 31.8375456668 71.9361879054 -8 31.8375456668 71.9361879054 -8.38505441547 31.9724505213 72.2410022609 -7.5 31.9724505213 72.2410022609 -8 31.9724505213 72.2410022609 -8.38505441547 32.1073553758 72.5458166164 -7.5 32.1073553758 72.5458166164 -8 32.1073553758 72.5458166164 -8.38505441547 32.2422602304 72.850630972 -7.5 32.2422602304 72.850630972 -8 32.2422602304 72.850630972 -8.38505441547 32.3771650849 73.1554453275 -7.5 32.3771650849 73.1554453275 -8 32.3771650849 73.1554453275 -8.38505441547 31.2031697353 69.2990779049 -7.5 31.3400257429 69.6030212291 -7.5 31.2031697353 69.2990779049 -8 31.3400257429 69.6030212291 -8 31.2031697353 69.2990779049 -8.55896246388 31.3400257429 69.6030212291 -8.55896246388 31.4768817505 69.9069645532 -7.5 31.4768817505 69.9069645532 -8 31.4768817505 69.9069645532 -8.55896246388 31.6137377581 70.2109078773 -7.5 31.6137377581 70.2109078773 -8 31.6137377581 70.2109078773 -8.55896246388 31.7505937657 70.5148512015 -7.5 31.7505937657 70.5148512015 -8 31.7505937657 70.5148512015 -8.55896246388 31.8874497733 70.8187945256 -7.5 31.8874497733 70.8187945256 -8 31.8874497733 70.8187945256 -8.55896246388 32.0243057809 71.1227378498 -7.5 32.0243057809 71.1227378498 -8 32.0243057809 71.1227378498 -8.55896246388 32.1611617886 71.4266811739 -7.5 32.1611617886 71.4266811739 -8 32.1611617886 71.4266811739 -8.55896246388 32.2980177962 71.7306244981 -7.5 32.2980177962 71.7306244981 -8 32.2980177962 71.7306244981 -8.55896246388 32.4348738038 72.0345678222 -7.5 32.4348738038 72.0345678222 -8 32.4348738038 72.0345678222 -8.55896246388 32.5717298114 72.3385111464 -7.5 32.5717298114 72.3385111464 -8 32.5717298114 72.3385111464 -8.55896246388 32.708585819 72.6424544705 -7.5 32.708585819 72.6424544705 -8 32.708585819 72.6424544705 -8.55896246388 32.8454418266 72.9463977946 -7.5 32.8454418266 72.9463977946 -8 32.8454418266 72.9463977946 -8.55896246388 31.6467504628 69.0976351632 -8 31.7855519999 69.4006949665 -8 31.6467504628 69.0976351632 -8.73416265011 31.7855519999 69.4006949665 -8.73416265011 31.924353537 69.7037547699 -8 31.924353537 69.7037547699 -8.73416265011 32.0631550741 70.0068145732 -8 32.0631550741 70.0068145732 -8.73416265011 32.2019566113 70.3098743766 -8 32.2019566113 70.3098743766 -8.73416265011 32.3407581484 70.6129341799 -8 32.3407581484 70.6129341799 -8.73416265011 32.4795596855 70.9159939833 -8 32.4795596855 70.9159939833 -8.73416265011 32.6183612226 71.2190537866 -8 32.6183612226 71.2190537866 -8.73416265011 32.7571627597 71.52211359 -8 32.7571627597 71.52211359 -8.73416265011 32.8959642968 71.8251733933 -8 32.8959642968 71.8251733933 -8.73416265011 33.034765834 72.1282331967 -8 33.034765834 72.1282331967 -8.73416265011 33.1735673711 72.431293 -8 33.1735673711 72.431293 -8.73416265011 33.3123689082 72.7343528034 -8 33.3123689082 72.7343528034 -8.73416265011 32.0890307859 68.8933531135 -8 32.229772149 69.195516943 -8 32.0890307859 68.8933531135 -8.5 32.229772149 69.195516943 -8.5 32.0890307859 68.8933531135 -8.91069373829 32.229772149 69.195516943 -8.91069373829 32.370513512 69.4976807724 -8 32.370513512 69.4976807724 -8.5 32.370513512 69.4976807724 -8.91069373829 32.5112548751 69.7998446019 -8 32.5112548751 69.7998446019 -8.5 32.5112548751 69.7998446019 -8.91069373829 32.6519962382 70.1020084313 -8 32.6519962382 70.1020084313 -8.5 32.6519962382 70.1020084313 -8.91069373829 32.7927376013 70.4041722607 -8 32.7927376013 70.4041722607 -8.5 32.7927376013 70.4041722607 -8.91069373829 32.9334789644 70.7063360902 -8 32.9334789644 70.7063360902 -8.5 32.9334789644 70.7063360902 -8.91069373829 33.0742203275 71.0084999196 -8 33.0742203275 71.0084999196 -8.5 33.0742203275 71.0084999196 -8.91069373829 33.2149616906 71.3106637491 -8 33.2149616906 71.3106637491 -8.5 33.2149616906 71.3106637491 -8.91069373829 33.3557030537 71.6128275785 -8 33.3557030537 71.6128275785 -8.5 33.3557030537 71.6128275785 -8.91069373829 33.4964444168 71.914991408 -8 33.4964444168 71.914991408 -8.5 33.4964444168 71.914991408 -8.91069373829 33.6371857799 72.2171552374 -8 33.6371857799 72.2171552374 -8.5 33.6371857799 72.2171552374 -8.91069373829 33.777927143 72.5193190669 -8 33.777927143 72.5193190669 -8.5 33.777927143 72.5193190669 -8.91069373829 32.5299925307 68.6862401501 -8 32.6726679365 68.9874955893 -8 32.5299925307 68.6862401501 -8.5 32.6726679365 68.9874955893 -8.5 32.5299925307 68.6862401501 -9.08859449256 32.6726679365 68.9874955893 -9.08859449256 32.8153433423 69.2887510286 -8 32.8153433423 69.2887510286 -8.5 32.8153433423 69.2887510286 -9.08859449256 32.9580187482 69.5900064679 -8 32.9580187482 69.5900064679 -8.5 32.9580187482 69.5900064679 -9.08859449256 33.100694154 69.8912619071 -8 33.100694154 69.8912619071 -8.5 33.100694154 69.8912619071 -9.08859449256 33.2433695598 70.1925173464 -8 33.2433695598 70.1925173464 -8.5 33.2433695598 70.1925173464 -9.08859449256 33.3860449657 70.4937727856 -8 33.3860449657 70.4937727856 -8.5 33.3860449657 70.4937727856 -9.08859449256 33.5287203715 70.7950282249 -8 33.5287203715 70.7950282249 -8.5 33.5287203715 70.7950282249 -9.08859449256 33.6713957773 71.0962836641 -8 33.6713957773 71.0962836641 -8.5 33.6713957773 71.0962836641 -9.08859449256 33.8140711832 71.3975391034 -8 33.8140711832 71.3975391034 -8.5 33.8140711832 71.3975391034 -9.08859449256 33.956746589 71.6987945426 -8 33.956746589 71.6987945426 -8.5 33.956746589 71.6987945426 -9.08859449256 34.0994219949 72.0000499819 -8 34.0994219949 72.0000499819 -8.5 34.0994219949 72.0000499819 -9.08859449256 34.2420974007 72.3013054211 -8 34.2420974007 72.3013054211 -8.5 34.2420974007 72.3013054211 -9.08859449256 32.9696175775 68.4763047834 -8.5 33.1142211634 68.7766394535 -8.5 32.9696175775 68.4763047834 -9 33.1142211634 68.7766394535 -9 32.9696175775 68.4763047834 -9.26790367706 33.1142211634 68.7766394535 -9.26790367706 33.2588247492 69.0769741236 -8.5 33.2588247492 69.0769741236 -9 33.2588247492 69.0769741236 -9.26790367706 33.4034283351 69.3773087937 -8.5 33.4034283351 69.3773087937 -9 33.4034283351 69.3773087937 -9.26790367706 33.548031921 69.6776434638 -8.5 33.548031921 69.6776434638 -9 33.548031921 69.6776434638 -9.26790367706 33.6926355068 69.9779781339 -8.5 33.6926355068 69.9779781339 -9 33.6926355068 69.9779781339 -9.26790367706 33.8372390927 70.278312804 -8.5 33.8372390927 70.278312804 -9 33.8372390927 70.278312804 -9.26790367706 33.9818426786 70.5786474741 -8.5 33.9818426786 70.5786474741 -9 33.9818426786 70.5786474741 -9.26790367706 34.1264462644 70.8789821442 -8.5 34.1264462644 70.8789821442 -9 34.1264462644 70.8789821442 -9.26790367706 34.2710498503 71.1793168144 -8.5 34.2710498503 71.1793168144 -9 34.2710498503 71.1793168144 -9.26790367706 34.4156534362 71.4796514845 -8.5 34.4156534362 71.4796514845 -9 34.4156534362 71.4796514845 -9.26790367706 34.560257022 71.7799861546 -8.5 34.560257022 71.7799861546 -9 34.560257022 71.7799861546 -9.26790367706 34.7048606079 72.0803208247 -8.5 34.7048606079 72.0803208247 -9 34.7048606079 72.0803208247 -9.26790367706 33.4078878617 68.26355564 -8.5 33.5544136856 68.5629571999 -8.5 33.4078878617 68.26355564 -9 33.5544136856 68.5629571999 -9 33.4078878617 68.26355564 -9.44866005592 33.5544136856 68.5629571999 -9.44866005592 33.7009395096 68.8623587597 -8.5 33.7009395096 68.8623587597 -9 33.7009395096 68.8623587597 -9.44866005592 33.8474653335 69.1617603195 -8.5 33.8474653335 69.1617603195 -9 33.8474653335 69.1617603195 -9.44866005592 33.9939911575 69.4611618793 -8.5 33.9939911575 69.4611618793 -9 33.9939911575 69.4611618793 -9.44866005592 34.1405169815 69.7605634392 -8.5 34.1405169815 69.7605634392 -9 34.1405169815 69.7605634392 -9.44866005592 34.2870428054 70.059964999 -8.5 34.2870428054 70.059964999 -9 34.2870428054 70.059964999 -9.44866005592 34.4335686294 70.3593665588 -8.5 34.4335686294 70.3593665588 -9 34.4335686294 70.3593665588 -9.44866005592 34.5800944533 70.6587681186 -8.5 34.5800944533 70.6587681186 -9 34.5800944533 70.6587681186 -9.44866005592 34.7266202773 70.9581696785 -8.5 34.7266202773 70.9581696785 -9 34.7266202773 70.9581696785 -9.44866005592 34.8731461012 71.2575712383 -8.5 34.8731461012 71.2575712383 -9 34.8731461012 71.2575712383 -9.44866005592 35.0196719252 71.5569727981 -8.5 35.0196719252 71.5569727981 -9 35.0196719252 71.5569727981 -9.44866005592 35.1661977491 71.8563743579 -8.5 35.1661977491 71.8563743579 -9 35.1661977491 71.8563743579 -9.44866005592 33.8447853741 68.0480014621 -8.5 33.9932274152 68.3464576088 -8.5 33.8447853741 68.0480014621 -9 33.9932274152 68.3464576088 -9 33.8447853741 68.0480014621 -9.63090239327 33.9932274152 68.3464576088 -9.63090239327 34.1416694563 68.6449137556 -8.5 34.1416694563 68.6449137556 -9 34.1416694563 68.6449137556 -9.63090239327 34.2901114974 68.9433699024 -8.5 34.2901114974 68.9433699024 -9 34.2901114974 68.9433699024 -9.63090239327 34.4385535386 69.2418260491 -8.5 34.4385535386 69.2418260491 -9 34.4385535386 69.2418260491 -9.63090239327 34.5869955797 69.5402821959 -8.5 34.5869955797 69.5402821959 -9 34.5869955797 69.5402821959 -9.63090239327 34.7354376208 69.8387383426 -8.5 34.7354376208 69.8387383426 -9 34.7354376208 69.8387383426 -9.63090239327 34.8838796619 70.1371944894 -8.5 34.8838796619 70.1371944894 -9 34.8838796619 70.1371944894 -9.63090239327 35.032321703 70.4356506362 -8.5 35.032321703 70.4356506362 -9 35.032321703 70.4356506362 -9.63090239327 35.1807637441 70.7341067829 -8.5 35.1807637441 70.7341067829 -9 35.1807637441 70.7341067829 -9.63090239327 35.3292057852 71.0325629297 -8.5 35.3292057852 71.0325629297 -9 35.3292057852 71.0325629297 -9.63090239327 35.4776478264 71.3310190765 -8.5 35.4776478264 71.3310190765 -9 35.4776478264 71.3310190765 -9.63090239327 35.6260898675 71.6294752232 -8.5 35.6260898675 71.6294752232 -9 35.6260898675 71.6294752232 -9.63090239327 34.2802921621 67.8296511069 -9 34.4306443207 68.1271495767 -9 34.2802921621 67.8296511069 -9.5 34.4306443207 68.1271495767 -9.5 34.2802921621 67.8296511069 -9.81466945325 34.4306443207 68.1271495767 -9.81466945325 34.5809964793 68.4246480464 -9 34.5809964793 68.4246480464 -9.5 34.5809964793 68.4246480464 -9.81466945325 34.7313486379 68.7221465162 -9 34.7313486379 68.7221465162 -9.5 34.7313486379 68.7221465162 -9.81466945325 34.8817007965 69.019644986 -9 34.8817007965 69.019644986 -9.5 34.8817007965 69.019644986 -9.81466945325 35.0320529551 69.3171434557 -9 35.0320529551 69.3171434557 -9.5 35.0320529551 69.3171434557 -9.81466945325 35.1824051137 69.6146419255 -9 35.1824051137 69.6146419255 -9.5 35.1824051137 69.6146419255 -9.81466945325 35.3327572723 69.9121403953 -9 35.3327572723 69.9121403953 -9.5 35.3327572723 69.9121403953 -9.81466945325 35.4831094309 70.209638865 -9 35.4831094309 70.209638865 -9.5 35.4831094309 70.209638865 -9.81466945325 35.6334615895 70.5071373348 -9 35.6334615895 70.5071373348 -9.5 35.6334615895 70.5071373348 -9.81466945325 35.7838137481 70.8046358046 -9 35.7838137481 70.8046358046 -9.5 35.7838137481 70.8046358046 -9.81466945325 35.9341659067 71.1021342743 -9 35.9341659067 71.1021342743 -9.5 35.9341659067 71.1021342743 -9.81466945325 36.0845180654 71.3996327441 -9 36.0845180654 71.3996327441 -9.5 36.0845180654 71.3996327441 -9.81466945325 34.7143903301 67.6085135468 -9 34.8666464281 67.905042115 -9 34.7143903301 67.6085135468 -9.5 34.8666464281 67.905042115 -9.5 34.7143903301 67.6085135468 -10 34.8666464281 67.905042115 -10 35.018902526 68.2015706832 -9 35.018902526 68.2015706832 -9.5 35.018902526 68.2015706832 -10 35.171158624 68.4980992514 -9 35.171158624 68.4980992514 -9.5 35.171158624 68.4980992514 -10 35.3234147219 68.7946278195 -9 35.3234147219 68.7946278195 -9.5 35.3234147219 68.7946278195 -10 35.4756708198 69.0911563877 -9 35.4756708198 69.0911563877 -9.5 35.4756708198 69.0911563877 -10 35.6279269178 69.3876849559 -9 35.6279269178 69.3876849559 -9.5 35.6279269178 69.3876849559 -10 35.7801830157 69.6842135241 -9 35.7801830157 69.6842135241 -9.5 35.7801830157 69.6842135241 -10 35.9324391137 69.9807420923 -9 35.9324391137 69.9807420923 -9.5 35.9324391137 69.9807420923 -10 36.0846952116 70.2772706605 -9 36.0846952116 70.2772706605 -9.5 36.0846952116 70.2772706605 -10 36.2369513095 70.5737992287 -9 36.2369513095 70.5737992287 -9.5 36.2369513095 70.5737992287 -10 36.3892074075 70.8703277969 -9 36.3892074075 70.8703277969 -9.5 36.3892074075 70.8703277969 -10 36.5414635054 71.166856365 -9 36.5414635054 71.166856365 -9.5 36.5414635054 71.166856365 -10 35.1470620406 67.3845978686 -9 35.3012158215 67.6801443505 -9 35.1470620406 67.3845978686 -9.5 35.3012158215 67.6801443505 -9.5 35.1470620406 67.3845978686 -10.1887901383 35.3012158215 67.6801443505 -10.1887901383 35.4553696024 67.9756908324 -9 35.4553696024 67.9756908324 -9.5 35.4553696024 67.9756908324 -10.1887901383 35.6095233833 68.2712373142 -9 35.6095233833 68.2712373142 -9.5 35.6095233833 68.2712373142 -10.1887901383 35.7636771642 68.5667837961 -9 35.7636771642 68.5667837961 -9.5 35.7636771642 68.5667837961 -10.1887901383 35.917830945 68.862330278 -9 35.917830945 68.862330278 -9.5 35.917830945 68.862330278 -10.1887901383 36.0719847259 69.1578767599 -9 36.0719847259 69.1578767599 -9.5 36.0719847259 69.1578767599 -10.1887901383 36.2261385068 69.4534232418 -9 36.2261385068 69.4534232418 -9.5 36.2261385068 69.4534232418 -10.1887901383 36.3802922877 69.7489697236 -9 36.3802922877 69.7489697236 -9.5 36.3802922877 69.7489697236 -10.1887901383 36.5344460686 70.0445162055 -9 36.5344460686 70.0445162055 -9.5 36.5344460686 70.0445162055 -10.1887901383 36.6885998494 70.3400626874 -9 36.6885998494 70.3400626874 -9.5 36.6885998494 70.3400626874 -10.1887901383 36.8427536303 70.6356091693 -9 36.8427536303 70.6356091693 -9.5 36.8427536303 70.6356091693 -10.1887901383 36.9969074112 70.9311556512 -9 36.9969074112 70.9311556512 -9.5 36.9969074112 70.9311556512 -10.1887901383 35.5782895145 67.1579132733 -9.5 35.734334644 67.4524655245 -9.5 35.5782895145 67.1579132733 -10 35.734334644 67.4524655245 -10 35.5782895145 67.1579132733 -10.3827478908 35.734334644 67.4524655245 -10.3827478908 35.8903797734 67.7470177757 -9.5 35.8903797734 67.7470177757 -10 35.8903797734 67.7470177757 -10.3827478908 36.0464249029 68.0415700269 -9.5 36.0464249029 68.0415700269 -10 36.0464249029 68.0415700269 -10.3827478908 36.2024700323 68.3361222781 -9.5 36.2024700323 68.3361222781 -10 36.2024700323 68.3361222781 -10.3827478908 36.3585151618 68.6306745293 -9.5 36.3585151618 68.6306745293 -10 36.3585151618 68.6306745293 -10.3827478908 36.5145602912 68.9252267805 -9.5 36.5145602912 68.9252267805 -10 36.5145602912 68.9252267805 -10.3827478908 36.6706054207 69.2197790317 -9.5 36.6706054207 69.2197790317 -10 36.6706054207 69.2197790317 -10.3827478908 36.8266505501 69.5143312829 -9.5 36.8266505501 69.5143312829 -10 36.8266505501 69.5143312829 -10.3827478908 36.9826956796 69.8088835341 -9.5 36.9826956796 69.8088835341 -10 36.9826956796 69.8088835341 -10.3827478908 37.138740809 70.1034357853 -9.5 37.138740809 70.1034357853 -10 37.138740809 70.1034357853 -10.3827478908 37.2947859385 70.3979880365 -9.5 37.2947859385 70.3979880365 -10 37.2947859385 70.3979880365 -10.3827478908 37.4508310679 70.6925402877 -9.5 37.4508310679 70.6925402877 -10 37.4508310679 70.6925402877 -10.3827478908 36.0080550322 66.9284690756 -9.5 36.1659850981 67.2220149926 -9.5 36.0080550322 66.9284690756 -10 36.1659850981 67.2220149926 -10 36.0080550322 66.9284690756 -10.5816298988 36.1659850981 67.2220149926 -10.5816298988 36.323915164 67.5155609096 -9.5 36.323915164 67.5155609096 -10 36.323915164 67.5155609096 -10.5816298988 36.4818452299 67.8091068266 -9.5 36.4818452299 67.8091068266 -10 36.4818452299 67.8091068266 -10.5816298988 36.6397752959 68.1026527436 -9.5 36.6397752959 68.1026527436 -10 36.6397752959 68.1026527436 -10.5816298988 36.7977053618 68.3961986606 -9.5 36.7977053618 68.3961986606 -10 36.7977053618 68.3961986606 -10.5816298988 36.9556354277 68.6897445776 -9.5 36.9556354277 68.6897445776 -10 36.9556354277 68.6897445776 -10.5816298988 37.1135654937 68.9832904946 -9.5 37.1135654937 68.9832904946 -10 37.1135654937 68.9832904946 -10.5816298988 37.2714955596 69.2768364116 -9.5 37.2714955596 69.2768364116 -10 37.2714955596 69.2768364116 -10.5816298988 37.4294256255 69.5703823286 -9.5 37.4294256255 69.5703823286 -10 37.4294256255 69.5703823286 -10.5816298988 37.5873556915 69.8639282456 -9.5 37.5873556915 69.8639282456 -10 37.5873556915 69.8639282456 -10.5816298988 37.7452857574 70.1574741626 -9.5 37.7452857574 70.1574741626 -10 37.7452857574 70.1574741626 -10.5816298988 37.9032158233 70.4510200796 -9.5 37.9032158233 70.4510200796 -10 37.9032158233 70.4510200796 -10.5816298988 36.4363409339 66.6962747037 -9.5 36.5961494468 66.9888022243 -9.5 36.4363409339 66.6962747037 -10 36.5961494468 66.9888022243 -10 36.4363409339 66.6962747037 -10.5 36.5961494468 66.9888022243 -10.5 36.4363409339 66.6962747037 -10.7851928032 36.5961494468 66.9888022243 -10.7851928032 36.7559579597 67.2813297449 -9.5 36.7559579597 67.2813297449 -10 36.7559579597 67.2813297449 -10.5 36.7559579597 67.2813297449 -10.7851928032 36.9157664725 67.5738572656 -9.5 36.9157664725 67.5738572656 -10 36.9157664725 67.5738572656 -10.5 36.9157664725 67.5738572656 -10.7851928032 37.0755749854 67.8663847862 -9.5 37.0755749854 67.8663847862 -10 37.0755749854 67.8663847862 -10.5 37.0755749854 67.8663847862 -10.7851928032 37.2353834983 68.1589123068 -9.5 37.2353834983 68.1589123068 -10 37.2353834983 68.1589123068 -10.5 37.2353834983 68.1589123068 -10.7851928032 37.3951920111 68.4514398274 -9.5 37.3951920111 68.4514398274 -10 37.3951920111 68.4514398274 -10.5 37.3951920111 68.4514398274 -10.7851928032 37.555000524 68.7439673481 -9.5 37.555000524 68.7439673481 -10 37.555000524 68.7439673481 -10.5 37.555000524 68.7439673481 -10.7851928032 37.7148090369 69.0364948687 -9.5 37.7148090369 69.0364948687 -10 37.7148090369 69.0364948687 -10.5 37.7148090369 69.0364948687 -10.7851928032 37.8746175497 69.3290223893 -9.5 37.8746175497 69.3290223893 -10 37.8746175497 69.3290223893 -10.5 37.8746175497 69.3290223893 -10.7851928032 38.0344260626 69.62154991 -9.5 38.0344260626 69.62154991 -10 38.0344260626 69.62154991 -10.5 38.0344260626 69.62154991 -10.7851928032 38.1942345755 69.9140774306 -9.5 38.1942345755 69.9140774306 -10 38.1942345755 69.9140774306 -10.5 38.1942345755 69.9140774306 -10.7851928032 38.3540430883 70.2066049512 -9.5 38.3540430883 70.2066049512 -10 38.3540430883 70.2066049512 -10.5 38.3540430883 70.2066049512 -10.7851928032 36.863129621 66.4613396987 -9.5 37.0248100141 66.7528368026 -9.5 36.863129621 66.4613396987 -10 37.0248100141 66.7528368026 -10 36.863129621 66.4613396987 -10.5 37.0248100141 66.7528368026 -10.5 36.863129621 66.4613396987 -10.9931932452 37.0248100141 66.7528368026 -10.9931932452 37.1864904072 67.0443339066 -9.5 37.1864904072 67.0443339066 -10 37.1864904072 67.0443339066 -10.5 37.1864904072 67.0443339066 -10.9931932452 37.3481708002 67.3358310105 -9.5 37.3481708002 67.3358310105 -10 37.3481708002 67.3358310105 -10.5 37.3481708002 67.3358310105 -10.9931932452 37.5098511933 67.6273281145 -9.5 37.5098511933 67.6273281145 -10 37.5098511933 67.6273281145 -10.5 37.5098511933 67.6273281145 -10.9931932452 37.6715315864 67.9188252184 -9.5 37.6715315864 67.9188252184 -10 37.6715315864 67.9188252184 -10.5 37.6715315864 67.9188252184 -10.9931932452 37.8332119795 68.2103223223 -9.5 37.8332119795 68.2103223223 -10 37.8332119795 68.2103223223 -10.5 37.8332119795 68.2103223223 -10.9931932452 37.9948923725 68.5018194263 -9.5 37.9948923725 68.5018194263 -10 37.9948923725 68.5018194263 -10.5 37.9948923725 68.5018194263 -10.9931932452 38.1565727656 68.7933165302 -9.5 38.1565727656 68.7933165302 -10 38.1565727656 68.7933165302 -10.5 38.1565727656 68.7933165302 -10.9931932452 38.3182531587 69.0848136342 -9.5 38.3182531587 69.0848136342 -10 38.3182531587 69.0848136342 -10.5 38.3182531587 69.0848136342 -10.9931932452 38.4799335518 69.3763107381 -9.5 38.4799335518 69.3763107381 -10 38.4799335518 69.3763107381 -10.5 38.4799335518 69.3763107381 -10.9931932452 38.6416139448 69.667807842 -9.5 38.6416139448 69.667807842 -10 38.6416139448 69.667807842 -10.5 38.6416139448 69.667807842 -10.9931932452 38.8032943379 69.959304946 -9.5 38.8032943379 69.959304946 -10 38.8032943379 69.959304946 -10.5 38.8032943379 69.959304946 -10.9931932452 37.2884035562 66.2236737144 -10 37.4519491858 66.5141284237 -10 37.2884035562 66.2236737144 -10.5 37.4519491858 66.5141284237 -10.5 37.2884035562 66.2236737144 -11.2053878659 37.4519491858 66.5141284237 -11.2053878659 37.6154948154 66.804583133 -10 37.6154948154 66.804583133 -10.5 37.6154948154 66.804583133 -11.2053878659 37.7790404451 67.0950378422 -10 37.7790404451 67.0950378422 -10.5 37.7790404451 67.0950378422 -11.2053878659 37.9425860747 67.3854925515 -10 37.9425860747 67.3854925515 -10.5 37.9425860747 67.3854925515 -11.2053878659 38.1061317043 67.6759472608 -10 38.1061317043 67.6759472608 -10.5 38.1061317043 67.6759472608 -11.2053878659 38.269677334 67.9664019701 -10 38.269677334 67.9664019701 -10.5 38.269677334 67.9664019701 -11.2053878659 38.4332229636 68.2568566793 -10 38.4332229636 68.2568566793 -10.5 38.4332229636 68.2568566793 -11.2053878659 38.5967685932 68.5473113886 -10 38.5967685932 68.5473113886 -10.5 38.5967685932 68.5473113886 -11.2053878659 38.7603142229 68.8377660979 -10 38.7603142229 68.8377660979 -10.5 38.7603142229 68.8377660979 -11.2053878659 38.9238598525 69.1282208071 -10 38.9238598525 69.1282208071 -10.5 38.9238598525 69.1282208071 -11.2053878659 39.0874054821 69.4186755164 -10 39.0874054821 69.4186755164 -10.5 39.0874054821 69.4186755164 -11.2053878659 39.2509511117 69.7091302257 -10 39.2509511117 69.7091302257 -10.5 39.2509511117 69.7091302257 -11.2053878659 37.7121452643 65.9832865168 -10 37.8775494102 66.2726868963 -10 37.7121452643 65.9832865168 -10.5 37.8775494102 66.2726868963 -10.5 37.7121452643 65.9832865168 -11 37.8775494102 66.2726868963 -11 37.7121452643 65.9832865168 -11.4215333064 37.8775494102 66.2726868963 -11.4215333064 38.0429535561 66.5620872758 -10 38.0429535561 66.5620872758 -10.5 38.0429535561 66.5620872758 -11 38.0429535561 66.5620872758 -11.4215333064 38.208357702 66.8514876552 -10 38.208357702 66.8514876552 -10.5 38.208357702 66.8514876552 -11 38.208357702 66.8514876552 -11.4215333064 38.3737618479 67.1408880347 -10 38.3737618479 67.1408880347 -10.5 38.3737618479 67.1408880347 -11 38.3737618479 67.1408880347 -11.4215333064 38.5391659938 67.4302884141 -10 38.5391659938 67.4302884141 -10.5 38.5391659938 67.4302884141 -11 38.5391659938 67.4302884141 -11.4215333064 38.7045701397 67.7196887936 -10 38.7045701397 67.7196887936 -10.5 38.7045701397 67.7196887936 -11 38.7045701397 67.7196887936 -11.4215333064 38.8699742856 68.0090891731 -10 38.8699742856 68.0090891731 -10.5 38.8699742856 68.0090891731 -11 38.8699742856 68.0090891731 -11.4215333064 39.0353784315 68.2984895525 -10 39.0353784315 68.2984895525 -10.5 39.0353784315 68.2984895525 -11 39.0353784315 68.2984895525 -11.4215333064 39.2007825774 68.587889932 -10 39.2007825774 68.587889932 -10.5 39.2007825774 68.587889932 -11 39.2007825774 68.587889932 -11.4215333064 39.3661867233 68.8772903114 -10 39.3661867233 68.8772903114 -10.5 39.3661867233 68.8772903114 -11 39.3661867233 68.8772903114 -11.4215333064 39.5315908692 69.1666906909 -10 39.5315908692 69.1666906909 -10.5 39.5315908692 69.1666906909 -11 39.5315908692 69.1666906909 -11.4215333064 39.6969950151 69.4560910704 -10 39.6969950151 69.4560910704 -10.5 39.6969950151 69.4560910704 -11 39.6969950151 69.4560910704 -11.4215333064 38.1343373334 65.7401879838 -10 38.3015931989 66.0285221416 -10 38.1343373334 65.7401879838 -10.5 38.3015931989 66.0285221416 -10.5 38.1343373334 65.7401879838 -11 38.3015931989 66.0285221416 -11 38.1343373334 65.7401879838 -11.6413862078 38.3015931989 66.0285221416 -11.6413862078 38.4688490644 66.3168562994 -10 38.4688490644 66.3168562994 -10.5 38.4688490644 66.3168562994 -11 38.4688490644 66.3168562994 -11.6413862078 38.6361049299 66.6051904572 -10 38.6361049299 66.6051904572 -10.5 38.6361049299 66.6051904572 -11 38.6361049299 66.6051904572 -11.6413862078 38.8033607954 66.8935246151 -10 38.8033607954 66.8935246151 -10.5 38.8033607954 66.8935246151 -11 38.8033607954 66.8935246151 -11.6413862078 38.9706166609 67.1818587729 -10 38.9706166609 67.1818587729 -10.5 38.9706166609 67.1818587729 -11 38.9706166609 67.1818587729 -11.6413862078 39.1378725264 67.4701929307 -10 39.1378725264 67.4701929307 -10.5 39.1378725264 67.4701929307 -11 39.1378725264 67.4701929307 -11.6413862078 39.3051283919 67.7585270885 -10 39.3051283919 67.7585270885 -10.5 39.3051283919 67.7585270885 -11 39.3051283919 67.7585270885 -11.6413862078 39.4723842574 68.0468612463 -10 39.4723842574 68.0468612463 -10.5 39.4723842574 68.0468612463 -11 39.4723842574 68.0468612463 -11.6413862078 39.6396401229 68.3351954042 -10 39.6396401229 68.3351954042 -10.5 39.6396401229 68.3351954042 -11 39.6396401229 68.3351954042 -11.6413862078 39.8068959884 68.623529562 -10 39.8068959884 68.623529562 -10.5 39.8068959884 68.623529562 -11 39.8068959884 68.623529562 -11.6413862078 39.9741518539 68.9118637198 -10 39.9741518539 68.9118637198 -10.5 39.9741518539 68.9118637198 -11 39.9741518539 68.9118637198 -11.6413862078 40.1414077194 69.2001978776 -10 40.1414077194 69.2001978776 -10.5 40.1414077194 69.2001978776 -11 40.1414077194 69.2001978776 -11.6413862078 38.5549624151 65.4943881044 -10.5 38.7240631274 65.7816441926 -10.5 38.5549624151 65.4943881044 -11 38.7240631274 65.7816441926 -11 38.5549624151 65.4943881044 -11.5 38.7240631274 65.7816441926 -11.5 38.5549624151 65.4943881044 -11.8647032111 38.7240631274 65.7816441926 -11.8647032111 38.8931638398 66.0689002808 -10.5 38.8931638398 66.0689002808 -11 38.8931638398 66.0689002808 -11.5 38.8931638398 66.0689002808 -11.8647032111 39.0622645521 66.3561563689 -10.5 39.0622645521 66.3561563689 -11 39.0622645521 66.3561563689 -11.5 39.0622645521 66.3561563689 -11.8647032111 39.2313652645 66.6434124571 -10.5 39.2313652645 66.6434124571 -11 39.2313652645 66.6434124571 -11.5 39.2313652645 66.6434124571 -11.8647032111 39.4004659768 66.9306685453 -10.5 39.4004659768 66.9306685453 -11 39.4004659768 66.9306685453 -11.5 39.4004659768 66.9306685453 -11.8647032111 39.5695666892 67.2179246335 -10.5 39.5695666892 67.2179246335 -11 39.5695666892 67.2179246335 -11.5 39.5695666892 67.2179246335 -11.8647032111 39.7386674015 67.5051807217 -10.5 39.7386674015 67.5051807217 -11 39.7386674015 67.5051807217 -11.5 39.7386674015 67.5051807217 -11.8647032111 39.9077681139 67.7924368098 -10.5 39.9077681139 67.7924368098 -11 39.9077681139 67.7924368098 -11.5 39.9077681139 67.7924368098 -11.8647032111 40.0768688262 68.079692898 -10.5 40.0768688262 68.079692898 -11 40.0768688262 68.079692898 -11.5 40.0768688262 68.079692898 -11.8647032111 40.2459695385 68.3669489862 -10.5 40.2459695385 68.3669489862 -11 40.2459695385 68.3669489862 -11.5 40.2459695385 68.3669489862 -11.8647032111 40.4150702509 68.6542050744 -10.5 40.4150702509 68.6542050744 -11 40.4150702509 68.6542050744 -11.5 40.4150702509 68.6542050744 -11.8647032111 40.5841709632 68.9414611625 -10.5 40.5841709632 68.9414611625 -11 40.5841709632 68.9414611625 -11.5 40.5841709632 68.9414611625 -11.8647032111 38.9740032253 65.245896979 -10.5 39.1449418359 65.5320631938 -10.5 38.9740032253 65.245896979 -11 39.1449418359 65.5320631938 -11 38.9740032253 65.245896979 -11.5 39.1449418359 65.5320631938 -11.5 38.9740032253 65.245896979 -12.0912409576 39.1449418359 65.5320631938 -12.0912409576 39.3158804465 65.8182294087 -10.5 39.3158804465 65.8182294087 -11 39.3158804465 65.8182294087 -11.5 39.3158804465 65.8182294087 -12.0912409576 39.4868190572 66.1043956235 -10.5 39.4868190572 66.1043956235 -11 39.4868190572 66.1043956235 -11.5 39.4868190572 66.1043956235 -12.0912409576 39.6577576678 66.3905618383 -10.5 39.6577576678 66.3905618383 -11 39.6577576678 66.3905618383 -11.5 39.6577576678 66.3905618383 -12.0912409576 39.8286962784 66.6767280531 -10.5 39.8286962784 66.6767280531 -11 39.8286962784 66.6767280531 -11.5 39.8286962784 66.6767280531 -12.0912409576 39.9996348891 66.9628942679 -10.5 39.9996348891 66.9628942679 -11 39.9996348891 66.9628942679 -11.5 39.9996348891 66.9628942679 -12.0912409576 40.1705734997 67.2490604828 -10.5 40.1705734997 67.2490604828 -11 40.1705734997 67.2490604828 -11.5 40.1705734997 67.2490604828 -12.0912409576 40.3415121104 67.5352266976 -10.5 40.3415121104 67.5352266976 -11 40.3415121104 67.5352266976 -11.5 40.3415121104 67.5352266976 -12.0912409576 40.512450721 67.8213929124 -10.5 40.512450721 67.8213929124 -11 40.512450721 67.8213929124 -11.5 40.512450721 67.8213929124 -12.0912409576 40.6833893316 68.1075591272 -10.5 40.6833893316 68.1075591272 -11 40.6833893316 68.1075591272 -11.5 40.6833893316 68.1075591272 -12.0912409576 40.8543279423 68.393725342 -10.5 40.8543279423 68.393725342 -11 40.8543279423 68.393725342 -11.5 40.8543279423 68.393725342 -12.0912409576 41.0252665529 68.6798915569 -10.5 41.0252665529 68.6798915569 -11 41.0252665529 68.6798915569 -11.5 41.0252665529 68.6798915569 -12.0912409576 39.3914425451 64.9947248184 -10.5 39.5642120299 65.2797894009 -10.5 39.3914425451 64.9947248184 -11 39.5642120299 65.2797894009 -11 39.3914425451 64.9947248184 -11.5 39.5642120299 65.2797894009 -11.5 39.3914425451 64.9947248184 -12 39.5642120299 65.2797894009 -12 39.3914425451 64.9947248184 -12.3207560883 39.5642120299 65.2797894009 -12.3207560883 39.7369815148 65.5648539835 -10.5 39.7369815148 65.5648539835 -11 39.7369815148 65.5648539835 -11.5 39.7369815148 65.5648539835 -12 39.7369815148 65.5648539835 -12.3207560883 39.9097509996 65.849918566 -10.5 39.9097509996 65.849918566 -11 39.9097509996 65.849918566 -11.5 39.9097509996 65.849918566 -12 39.9097509996 65.849918566 -12.3207560883 40.0825204845 66.1349831485 -10.5 40.0825204845 66.1349831485 -11 40.0825204845 66.1349831485 -11.5 40.0825204845 66.1349831485 -12 40.0825204845 66.1349831485 -12.3207560883 40.2552899693 66.4200477311 -10.5 40.2552899693 66.4200477311 -11 40.2552899693 66.4200477311 -11.5 40.2552899693 66.4200477311 -12 40.2552899693 66.4200477311 -12.3207560883 40.4280594541 66.7051123136 -10.5 40.4280594541 66.7051123136 -11 40.4280594541 66.7051123136 -11.5 40.4280594541 66.7051123136 -12 40.4280594541 66.7051123136 -12.3207560883 40.600828939 66.9901768962 -10.5 40.600828939 66.9901768962 -11 40.600828939 66.9901768962 -11.5 40.600828939 66.9901768962 -12 40.600828939 66.9901768962 -12.3207560883 40.7735984238 67.2752414787 -10.5 40.7735984238 67.2752414787 -11 40.7735984238 67.2752414787 -11.5 40.7735984238 67.2752414787 -12 40.7735984238 67.2752414787 -12.3207560883 40.9463679087 67.5603060612 -10.5 40.9463679087 67.5603060612 -11 40.9463679087 67.5603060612 -11.5 40.9463679087 67.5603060612 -12 40.9463679087 67.5603060612 -12.3207560883 41.1191373935 67.8453706438 -10.5 41.1191373935 67.8453706438 -11 41.1191373935 67.8453706438 -11.5 41.1191373935 67.8453706438 -12 41.1191373935 67.8453706438 -12.3207560883 41.2919068784 68.1304352263 -10.5 41.2919068784 68.1304352263 -11 41.2919068784 68.1304352263 -11.5 41.2919068784 68.1304352263 -12 41.2919068784 68.1304352263 -12.3207560883 41.4646763632 68.4154998088 -10.5 41.4646763632 68.4154998088 -11 41.4646763632 68.4154998088 -11.5 41.4646763632 68.4154998088 -12 41.4646763632 68.4154998088 -12.3207560883 39.8072632214 64.7408819435 -11 39.9818564811 65.0248331801 -11 39.8072632214 64.7408819435 -11.5 39.9818564811 65.0248331801 -11.5 39.8072632214 64.7408819435 -12 39.9818564811 65.0248331801 -12 39.8072632214 64.7408819435 -12.5530052442 39.9818564811 65.0248331801 -12.5530052442 40.1564497409 65.3087844167 -11 40.1564497409 65.3087844167 -11.5 40.1564497409 65.3087844167 -12 40.1564497409 65.3087844167 -12.5530052442 40.3310430006 65.5927356533 -11 40.3310430006 65.5927356533 -11.5 40.3310430006 65.5927356533 -12 40.3310430006 65.5927356533 -12.5530052442 40.5056362604 65.8766868899 -11 40.5056362604 65.8766868899 -11.5 40.5056362604 65.8766868899 -12 40.5056362604 65.8766868899 -12.5530052442 40.6802295201 66.1606381265 -11 40.6802295201 66.1606381265 -11.5 40.6802295201 66.1606381265 -12 40.6802295201 66.1606381265 -12.5530052442 40.8548227799 66.4445893631 -11 40.8548227799 66.4445893631 -11.5 40.8548227799 66.4445893631 -12 40.8548227799 66.4445893631 -12.5530052442 41.0294160396 66.7285405997 -11 41.0294160396 66.7285405997 -11.5 41.0294160396 66.7285405997 -12 41.0294160396 66.7285405997 -12.5530052442 41.2040092993 67.0124918363 -11 41.2040092993 67.0124918363 -11.5 41.2040092993 67.0124918363 -12 41.2040092993 67.0124918363 -12.5530052442 41.3786025591 67.2964430728 -11 41.3786025591 67.2964430728 -11.5 41.3786025591 67.2964430728 -12 41.3786025591 67.2964430728 -12.5530052442 41.5531958188 67.5803943094 -11 41.5531958188 67.5803943094 -11.5 41.5531958188 67.5803943094 -12 41.5531958188 67.5803943094 -12.5530052442 41.7277890786 67.864345546 -11 41.7277890786 67.864345546 -11.5 41.7277890786 67.864345546 -12 41.7277890786 67.864345546 -12.5530052442 41.9023823383 68.1482967826 -11 41.9023823383 68.1482967826 -11.5 41.9023823383 68.1482967826 -12 41.9023823383 68.1482967826 -12.5530052442 40.2214481677 64.4843787851 -11 40.397858028 64.7672050078 -11 40.2214481677 64.4843787851 -11.5 40.397858028 64.7672050078 -11.5 40.2214481677 64.4843787851 -12 40.397858028 64.7672050078 -12 40.2214481677 64.4843787851 -12.5 40.397858028 64.7672050078 -12.5 40.2214481677 64.4843787851 -12.7877450666 40.397858028 64.7672050078 -12.7877450666 40.5742678884 65.0500312306 -11 40.5742678884 65.0500312306 -11.5 40.5742678884 65.0500312306 -12 40.5742678884 65.0500312306 -12.5 40.5742678884 65.0500312306 -12.7877450666 40.7506777488 65.3328574533 -11 40.7506777488 65.3328574533 -11.5 40.7506777488 65.3328574533 -12 40.7506777488 65.3328574533 -12.5 40.7506777488 65.3328574533 -12.7877450666 40.9270876092 65.615683676 -11 40.9270876092 65.615683676 -11.5 40.9270876092 65.615683676 -12 40.9270876092 65.615683676 -12.5 40.9270876092 65.615683676 -12.7877450666 41.1034974696 65.8985098988 -11 41.1034974696 65.8985098988 -11.5 41.1034974696 65.8985098988 -12 41.1034974696 65.8985098988 -12.5 41.1034974696 65.8985098988 -12.7877450666 41.27990733 66.1813361215 -11 41.27990733 66.1813361215 -11.5 41.27990733 66.1813361215 -12 41.27990733 66.1813361215 -12.5 41.27990733 66.1813361215 -12.7877450666 41.4563171904 66.4641623443 -11 41.4563171904 66.4641623443 -11.5 41.4563171904 66.4641623443 -12 41.4563171904 66.4641623443 -12.5 41.4563171904 66.4641623443 -12.7877450666 41.6327270507 66.746988567 -11 41.6327270507 66.746988567 -11.5 41.6327270507 66.746988567 -12 41.6327270507 66.746988567 -12.5 41.6327270507 66.746988567 -12.7877450666 41.8091369111 67.0298147897 -11 41.8091369111 67.0298147897 -11.5 41.8091369111 67.0298147897 -12 41.8091369111 67.0298147897 -12.5 41.8091369111 67.0298147897 -12.7877450666 41.9855467715 67.3126410125 -11 41.9855467715 67.3126410125 -11.5 41.9855467715 67.3126410125 -12 41.9855467715 67.3126410125 -12.5 41.9855467715 67.3126410125 -12.7877450666 42.1619566319 67.5954672352 -11 42.1619566319 67.5954672352 -11.5 42.1619566319 67.5954672352 -12 42.1619566319 67.5954672352 -12.5 42.1619566319 67.5954672352 -12.7877450666 42.3383664923 67.878293458 -11 42.3383664923 67.878293458 -11.5 42.3383664923 67.878293458 -12 42.3383664923 67.878293458 -12.5 42.3383664923 67.878293458 -12.7877450666 40.6339803645 64.2252258831 -11 40.8121995766 64.5069154703 -11 40.6339803645 64.2252258831 -11.5 40.8121995766 64.5069154703 -11.5 40.6339803645 64.2252258831 -12 40.8121995766 64.5069154703 -12 40.6339803645 64.2252258831 -12.5 40.8121995766 64.5069154703 -12.5 40.6339803645 64.2252258831 -13.0247321964 40.8121995766 64.5069154703 -13.0247321964 40.9904187887 64.7886050575 -11 40.9904187887 64.7886050575 -11.5 40.9904187887 64.7886050575 -12 40.9904187887 64.7886050575 -12.5 40.9904187887 64.7886050575 -13.0247321964 41.1686380009 65.0702946447 -11 41.1686380009 65.0702946447 -11.5 41.1686380009 65.0702946447 -12 41.1686380009 65.0702946447 -12.5 41.1686380009 65.0702946447 -13.0247321964 41.346857213 65.351984232 -11 41.346857213 65.351984232 -11.5 41.346857213 65.351984232 -12 41.346857213 65.351984232 -12.5 41.346857213 65.351984232 -13.0247321964 41.5250764251 65.6336738192 -11 41.5250764251 65.6336738192 -11.5 41.5250764251 65.6336738192 -12 41.5250764251 65.6336738192 -12.5 41.5250764251 65.6336738192 -13.0247321964 41.7032956372 65.9153634064 -11 41.7032956372 65.9153634064 -11.5 41.7032956372 65.9153634064 -12 41.7032956372 65.9153634064 -12.5 41.7032956372 65.9153634064 -13.0247321964 41.8815148494 66.1970529936 -11 41.8815148494 66.1970529936 -11.5 41.8815148494 66.1970529936 -12 41.8815148494 66.1970529936 -12.5 41.8815148494 66.1970529936 -13.0247321964 42.0597340615 66.4787425808 -11 42.0597340615 66.4787425808 -11.5 42.0597340615 66.4787425808 -12 42.0597340615 66.4787425808 -12.5 42.0597340615 66.4787425808 -13.0247321964 42.2379532736 66.760432168 -11 42.2379532736 66.760432168 -11.5 42.2379532736 66.760432168 -12 42.2379532736 66.760432168 -12.5 42.2379532736 66.760432168 -13.0247321964 42.4161724857 67.0421217552 -11 42.4161724857 67.0421217552 -11.5 42.4161724857 67.0421217552 -12 42.4161724857 67.0421217552 -12.5 42.4161724857 67.0421217552 -13.0247321964 42.5943916979 67.3238113424 -11 42.5943916979 67.3238113424 -11.5 42.5943916979 67.3238113424 -12 42.5943916979 67.3238113424 -12.5 42.5943916979 67.3238113424 -13.0247321964 42.77261091 67.6055009296 -11 42.77261091 67.6055009296 -11.5 42.77261091 67.6055009296 -12 42.77261091 67.6055009296 -12.5 42.77261091 67.6055009296 -13.0247321964 41.0448428604 63.9634338866 -11 41.224864101 64.2439752633 -11 41.0448428604 63.9634338866 -11.5 41.224864101 64.2439752633 -11.5 41.0448428604 63.9634338866 -12 41.224864101 64.2439752633 -12 41.0448428604 63.9634338866 -12.5 41.224864101 64.2439752633 -12.5 41.0448428604 63.9634338866 -13 41.224864101 64.2439752633 -13 41.0448428604 63.9634338866 -13.2637232749 41.224864101 64.2439752633 -13.2637232749 41.4048853416 64.52451664 -11 41.4048853416 64.52451664 -11.5 41.4048853416 64.52451664 -12 41.4048853416 64.52451664 -12.5 41.4048853416 64.52451664 -13 41.4048853416 64.52451664 -13.2637232749 41.5849065822 64.8050580167 -11 41.5849065822 64.8050580167 -11.5 41.5849065822 64.8050580167 -12 41.5849065822 64.8050580167 -12.5 41.5849065822 64.8050580167 -13 41.5849065822 64.8050580167 -13.2637232749 41.7649278229 65.0855993934 -11 41.7649278229 65.0855993934 -11.5 41.7649278229 65.0855993934 -12 41.7649278229 65.0855993934 -12.5 41.7649278229 65.0855993934 -13 41.7649278229 65.0855993934 -13.2637232749 41.9449490635 65.3661407701 -11 41.9449490635 65.3661407701 -11.5 41.9449490635 65.3661407701 -12 41.9449490635 65.3661407701 -12.5 41.9449490635 65.3661407701 -13 41.9449490635 65.3661407701 -13.2637232749 42.1249703041 65.6466821468 -11 42.1249703041 65.6466821468 -11.5 42.1249703041 65.6466821468 -12 42.1249703041 65.6466821468 -12.5 42.1249703041 65.6466821468 -13 42.1249703041 65.6466821468 -13.2637232749 42.3049915447 65.9272235235 -11 42.3049915447 65.9272235235 -11.5 42.3049915447 65.9272235235 -12 42.3049915447 65.9272235235 -12.5 42.3049915447 65.9272235235 -13 42.3049915447 65.9272235235 -13.2637232749 42.4850127853 66.2077649002 -11 42.4850127853 66.2077649002 -11.5 42.4850127853 66.2077649002 -12 42.4850127853 66.2077649002 -12.5 42.4850127853 66.2077649002 -13 42.4850127853 66.2077649002 -13.2637232749 42.6650340259 66.4883062769 -11 42.6650340259 66.4883062769 -11.5 42.6650340259 66.4883062769 -12 42.6650340259 66.4883062769 -12.5 42.6650340259 66.4883062769 -13 42.6650340259 66.4883062769 -13.2637232749 42.8450552666 66.7688476536 -11 42.8450552666 66.7688476536 -11.5 42.8450552666 66.7688476536 -12 42.8450552666 66.7688476536 -12.5 42.8450552666 66.7688476536 -13 42.8450552666 66.7688476536 -13.2637232749 43.0250765072 67.0493890303 -11 43.0250765072 67.0493890303 -11.5 43.0250765072 67.0493890303 -12 43.0250765072 67.0493890303 -12.5 43.0250765072 67.0493890303 -13 43.0250765072 67.0493890303 -13.2637232749 43.2050977478 67.3299304069 -11 43.2050977478 67.3299304069 -11.5 43.2050977478 67.3299304069 -12 43.2050977478 67.3299304069 -12.5 43.2050977478 67.3299304069 -13 43.2050977478 67.3299304069 -13.2637232749 41.4540187726 63.6990135528 -11.5 41.6358346444 63.9783951912 -11.5 41.4540187726 63.6990135528 -12 41.6358346444 63.9783951912 -12 41.4540187726 63.6990135528 -12.5 41.6358346444 63.9783951912 -12.5 41.4540187726 63.6990135528 -13 41.6358346444 63.9783951912 -13 41.4540187726 63.6990135528 -13.504474943 41.6358346444 63.9783951912 -13.504474943 41.8176505162 64.2577768296 -11.5 41.8176505162 64.2577768296 -12 41.8176505162 64.2577768296 -12.5 41.8176505162 64.2577768296 -13 41.8176505162 64.2577768296 -13.504474943 41.999466388 64.537158468 -11.5 41.999466388 64.537158468 -12 41.999466388 64.537158468 -12.5 41.999466388 64.537158468 -13 41.999466388 64.537158468 -13.504474943 42.1812822598 64.8165401064 -11.5 42.1812822598 64.8165401064 -12 42.1812822598 64.8165401064 -12.5 42.1812822598 64.8165401064 -13 42.1812822598 64.8165401064 -13.504474943 42.3630981316 65.0959217448 -11.5 42.3630981316 65.0959217448 -12 42.3630981316 65.0959217448 -12.5 42.3630981316 65.0959217448 -13 42.3630981316 65.0959217448 -13.504474943 42.5449140034 65.3753033832 -11.5 42.5449140034 65.3753033832 -12 42.5449140034 65.3753033832 -12.5 42.5449140034 65.3753033832 -13 42.5449140034 65.3753033832 -13.504474943 42.7267298752 65.6546850216 -11.5 42.7267298752 65.6546850216 -12 42.7267298752 65.6546850216 -12.5 42.7267298752 65.6546850216 -13 42.7267298752 65.6546850216 -13.504474943 42.908545747 65.93406666 -11.5 42.908545747 65.93406666 -12 42.908545747 65.93406666 -12.5 42.908545747 65.93406666 -13 42.908545747 65.93406666 -13.504474943 43.0903616188 66.2134482983 -11.5 43.0903616188 66.2134482983 -12 43.0903616188 66.2134482983 -12.5 43.0903616188 66.2134482983 -13 43.0903616188 66.2134482983 -13.504474943 43.2721774907 66.4928299367 -11.5 43.2721774907 66.4928299367 -12 43.2721774907 66.4928299367 -12.5 43.2721774907 66.4928299367 -13 43.2721774907 66.4928299367 -13.504474943 43.4539933625 66.7722115751 -11.5 43.4539933625 66.7722115751 -12 43.4539933625 66.7722115751 -12.5 43.4539933625 66.7722115751 -13 43.4539933625 66.7722115751 -13.504474943 43.6358092343 67.0515932135 -11.5 43.6358092343 67.0515932135 -12 43.6358092343 67.0515932135 -12.5 43.6358092343 67.0515932135 -13 43.6358092343 67.0515932135 -13.504474943 41.8614912874 63.4319757472 -11.5 42.0450943194 63.7101861671 -11.5 41.8614912874 63.4319757472 -12 42.0450943194 63.7101861671 -12 41.8614912874 63.4319757472 -12.5 42.0450943194 63.7101861671 -12.5 41.8614912874 63.4319757472 -13 42.0450943194 63.7101861671 -13 41.8614912874 63.4319757472 -13.746743842 42.0450943194 63.7101861671 -13.746743842 42.2286973513 63.9883965871 -11.5 42.2286973513 63.9883965871 -12 42.2286973513 63.9883965871 -12.5 42.2286973513 63.9883965871 -13 42.2286973513 63.9883965871 -13.746743842 42.4123003833 64.266607007 -11.5 42.4123003833 64.266607007 -12 42.4123003833 64.266607007 -12.5 42.4123003833 64.266607007 -13 42.4123003833 64.266607007 -13.746743842 42.5959034153 64.544817427 -11.5 42.5959034153 64.544817427 -12 42.5959034153 64.544817427 -12.5 42.5959034153 64.544817427 -13 42.5959034153 64.544817427 -13.746743842 42.7795064472 64.8230278469 -11.5 42.7795064472 64.8230278469 -12 42.7795064472 64.8230278469 -12.5 42.7795064472 64.8230278469 -13 42.7795064472 64.8230278469 -13.746743842 42.9631094792 65.1012382669 -11.5 42.9631094792 65.1012382669 -12 42.9631094792 65.1012382669 -12.5 42.9631094792 65.1012382669 -13 42.9631094792 65.1012382669 -13.746743842 43.1467125111 65.3794486868 -11.5 43.1467125111 65.3794486868 -12 43.1467125111 65.3794486868 -12.5 43.1467125111 65.3794486868 -13 43.1467125111 65.3794486868 -13.746743842 43.3303155431 65.6576591068 -11.5 43.3303155431 65.6576591068 -12 43.3303155431 65.6576591068 -12.5 43.3303155431 65.6576591068 -13 43.3303155431 65.6576591068 -13.746743842 43.5139185751 65.9358695267 -11.5 43.5139185751 65.9358695267 -12 43.5139185751 65.9358695267 -12.5 43.5139185751 65.9358695267 -13 43.5139185751 65.9358695267 -13.746743842 43.697521607 66.2140799466 -11.5 43.697521607 66.2140799466 -12 43.697521607 66.2140799466 -12.5 43.697521607 66.2140799466 -13 43.697521607 66.2140799466 -13.746743842 43.881124639 66.4922903666 -11.5 43.881124639 66.4922903666 -12 43.881124639 66.4922903666 -12.5 43.881124639 66.4922903666 -13 43.881124639 66.4922903666 -13.746743842 44.064727671 66.7705007865 -11.5 44.064727671 66.7705007865 -12 44.064727671 66.7705007865 -12.5 44.064727671 66.7705007865 -13 44.064727671 66.7705007865 -13.746743842 42.2672436614 63.1623314426 -11.5 42.452626309 63.4393592121 -11.5 42.2672436614 63.1623314426 -12 42.452626309 63.4393592121 -12 42.2672436614 63.1623314426 -12.5 42.452626309 63.4393592121 -12.5 42.2672436614 63.1623314426 -13 42.452626309 63.4393592121 -13 42.2672436614 63.1623314426 -13.5 42.452626309 63.4393592121 -13.5 42.2672436614 63.1623314426 -13.9902866129 42.452626309 63.4393592121 -13.9902866129 42.6380089567 63.7163869816 -11.5 42.6380089567 63.7163869816 -12 42.6380089567 63.7163869816 -12.5 42.6380089567 63.7163869816 -13 42.6380089567 63.7163869816 -13.5 42.6380089567 63.7163869816 -13.9902866129 42.8233916043 63.9934147511 -11.5 42.8233916043 63.9934147511 -12 42.8233916043 63.9934147511 -12.5 42.8233916043 63.9934147511 -13 42.8233916043 63.9934147511 -13.5 42.8233916043 63.9934147511 -13.9902866129 43.008774252 64.2704425206 -11.5 43.008774252 64.2704425206 -12 43.008774252 64.2704425206 -12.5 43.008774252 64.2704425206 -13 43.008774252 64.2704425206 -13.5 43.008774252 64.2704425206 -13.9902866129 43.1941568996 64.54747029 -11.5 43.1941568996 64.54747029 -12 43.1941568996 64.54747029 -12.5 43.1941568996 64.54747029 -13 43.1941568996 64.54747029 -13.5 43.1941568996 64.54747029 -13.9902866129 43.3795395472 64.8244980595 -11.5 43.3795395472 64.8244980595 -12 43.3795395472 64.8244980595 -12.5 43.3795395472 64.8244980595 -13 43.3795395472 64.8244980595 -13.5 43.3795395472 64.8244980595 -13.9902866129 43.5649221949 65.101525829 -11.5 43.5649221949 65.101525829 -12 43.5649221949 65.101525829 -12.5 43.5649221949 65.101525829 -13 43.5649221949 65.101525829 -13.5 43.5649221949 65.101525829 -13.9902866129 43.7503048425 65.3785535985 -11.5 43.7503048425 65.3785535985 -12 43.7503048425 65.3785535985 -12.5 43.7503048425 65.3785535985 -13 43.7503048425 65.3785535985 -13.5 43.7503048425 65.3785535985 -13.9902866129 43.9356874901 65.655581368 -11.5 43.9356874901 65.655581368 -12 43.9356874901 65.655581368 -12.5 43.9356874901 65.655581368 -13 43.9356874901 65.655581368 -13.5 43.9356874901 65.655581368 -13.9902866129 44.1210701378 65.9326091375 -11.5 44.1210701378 65.9326091375 -12 44.1210701378 65.9326091375 -12.5 44.1210701378 65.9326091375 -13 44.1210701378 65.9326091375 -13.5 44.1210701378 65.9326091375 -13.9902866129 44.3064527854 66.209636907 -11.5 44.3064527854 66.209636907 -12 44.3064527854 66.209636907 -12.5 44.3064527854 66.209636907 -13 44.3064527854 66.209636907 -13.5 44.3064527854 66.209636907 -13.9902866129 44.4918354331 66.4866646764 -11.5 44.4918354331 66.4866646764 -12 44.4918354331 66.4866646764 -12.5 44.4918354331 66.4866646764 -13 44.4918354331 66.4866646764 -13.5 44.4918354331 66.4866646764 -13.9902866129 42.6712592217 62.8900917191 -12 42.8584138674 63.1659254547 -12 42.6712592217 62.8900917191 -12.5 42.8584138674 63.1659254547 -12.5 42.6712592217 62.8900917191 -13 42.8584138674 63.1659254547 -13 42.6712592217 62.8900917191 -13.5 42.8584138674 63.1659254547 -13.5 42.6712592217 62.8900917191 -14.2348598967 42.8584138674 63.1659254547 -14.2348598967 43.0455685131 63.4417591903 -12 43.0455685131 63.4417591903 -12.5 43.0455685131 63.4417591903 -13 43.0455685131 63.4417591903 -13.5 43.0455685131 63.4417591903 -14.2348598967 43.2327231588 63.7175929259 -12 43.2327231588 63.7175929259 -12.5 43.2327231588 63.7175929259 -13 43.2327231588 63.7175929259 -13.5 43.2327231588 63.7175929259 -14.2348598967 43.4198778045 63.9934266615 -12 43.4198778045 63.9934266615 -12.5 43.4198778045 63.9934266615 -13 43.4198778045 63.9934266615 -13.5 43.4198778045 63.9934266615 -14.2348598967 43.6070324502 64.2692603972 -12 43.6070324502 64.2692603972 -12.5 43.6070324502 64.2692603972 -13 43.6070324502 64.2692603972 -13.5 43.6070324502 64.2692603972 -14.2348598967 43.7941870959 64.5450941328 -12 43.7941870959 64.5450941328 -12.5 43.7941870959 64.5450941328 -13 43.7941870959 64.5450941328 -13.5 43.7941870959 64.5450941328 -14.2348598967 43.9813417416 64.8209278684 -12 43.9813417416 64.8209278684 -12.5 43.9813417416 64.8209278684 -13 43.9813417416 64.8209278684 -13.5 43.9813417416 64.8209278684 -14.2348598967 44.1684963873 65.096761604 -12 44.1684963873 65.096761604 -12.5 44.1684963873 65.096761604 -13 44.1684963873 65.096761604 -13.5 44.1684963873 65.096761604 -14.2348598967 44.3556510331 65.3725953396 -12 44.3556510331 65.3725953396 -12.5 44.3556510331 65.3725953396 -13 44.3556510331 65.3725953396 -13.5 44.3556510331 65.3725953396 -14.2348598967 44.5428056788 65.6484290752 -12 44.5428056788 65.6484290752 -12.5 44.5428056788 65.6484290752 -13 44.5428056788 65.6484290752 -13.5 44.5428056788 65.6484290752 -14.2348598967 44.7299603245 65.9242628108 -12 44.7299603245 65.9242628108 -12.5 44.7299603245 65.9242628108 -13 44.7299603245 65.9242628108 -13.5 44.7299603245 65.9242628108 -14.2348598967 44.9171149702 66.2000965464 -12 44.9171149702 66.2000965464 -12.5 44.9171149702 66.2000965464 -13 44.9171149702 66.2000965464 -13.5 44.9171149702 66.2000965464 -14.2348598967 43.0735213667 62.6152677633 -12 43.2624403201 62.8898961307 -12 43.0735213667 62.6152677633 -12.5 43.2624403201 62.8898961307 -12.5 43.0735213667 62.6152677633 -13 43.2624403201 62.8898961307 -13 43.0735213667 62.6152677633 -13.5 43.2624403201 62.8898961307 -13.5 43.0735213667 62.6152677633 -14 43.2624403201 62.8898961307 -14 43.0735213667 62.6152677633 -14.4802203347 43.2624403201 62.8898961307 -14.4802203347 43.4513592734 63.1645244981 -12 43.4513592734 63.1645244981 -12.5 43.4513592734 63.1645244981 -13 43.4513592734 63.1645244981 -13.5 43.4513592734 63.1645244981 -14 43.4513592734 63.1645244981 -14.4802203347 43.6402782268 63.4391528655 -12 43.6402782268 63.4391528655 -12.5 43.6402782268 63.4391528655 -13 43.6402782268 63.4391528655 -13.5 43.6402782268 63.4391528655 -14 43.6402782268 63.4391528655 -14.4802203347 43.8291971802 63.7137812329 -12 43.8291971802 63.7137812329 -12.5 43.8291971802 63.7137812329 -13 43.8291971802 63.7137812329 -13.5 43.8291971802 63.7137812329 -14 43.8291971802 63.7137812329 -14.4802203347 44.0181161335 63.9884096002 -12 44.0181161335 63.9884096002 -12.5 44.0181161335 63.9884096002 -13 44.0181161335 63.9884096002 -13.5 44.0181161335 63.9884096002 -14 44.0181161335 63.9884096002 -14.4802203347 44.2070350869 64.2630379676 -12 44.2070350869 64.2630379676 -12.5 44.2070350869 64.2630379676 -13 44.2070350869 64.2630379676 -13.5 44.2070350869 64.2630379676 -14 44.2070350869 64.2630379676 -14.4802203347 44.3959540402 64.537666335 -12 44.3959540402 64.537666335 -12.5 44.3959540402 64.537666335 -13 44.3959540402 64.537666335 -13.5 44.3959540402 64.537666335 -14 44.3959540402 64.537666335 -14.4802203347 44.5848729936 64.8122947024 -12 44.5848729936 64.8122947024 -12.5 44.5848729936 64.8122947024 -13 44.5848729936 64.8122947024 -13.5 44.5848729936 64.8122947024 -14 44.5848729936 64.8122947024 -14.4802203347 44.773791947 65.0869230698 -12 44.773791947 65.0869230698 -12.5 44.773791947 65.0869230698 -13 44.773791947 65.0869230698 -13.5 44.773791947 65.0869230698 -14 44.773791947 65.0869230698 -14.4802203347 44.9627109003 65.3615514372 -12 44.9627109003 65.3615514372 -12.5 44.9627109003 65.3615514372 -13 44.9627109003 65.3615514372 -13.5 44.9627109003 65.3615514372 -14 44.9627109003 65.3615514372 -14.4802203347 45.1516298537 65.6361798045 -12 45.1516298537 65.6361798045 -12.5 45.1516298537 65.6361798045 -13 45.1516298537 65.6361798045 -13.5 45.1516298537 65.6361798045 -14 45.1516298537 65.6361798045 -14.4802203347 45.3405488071 65.9108081719 -12 45.3405488071 65.9108081719 -12.5 45.3405488071 65.9108081719 -13 45.3405488071 65.9108081719 -13.5 45.3405488071 65.9108081719 -14 45.3405488071 65.9108081719 -14.4802203347 43.474013567 62.3378708681 -12 43.6646890651 62.6112825825 -12 43.474013567 62.3378708681 -12.5 43.6646890651 62.6112825825 -12.5 43.474013567 62.3378708681 -13 43.6646890651 62.6112825825 -13 43.474013567 62.3378708681 -13.5 43.6646890651 62.6112825825 -13.5 43.474013567 62.3378708681 -14 43.6646890651 62.6112825825 -14 43.474013567 62.3378708681 -14.7261245679 43.6646890651 62.6112825825 -14.7261245679 43.8553645632 62.8846942968 -12 43.8553645632 62.8846942968 -12.5 43.8553645632 62.8846942968 -13 43.8553645632 62.8846942968 -13.5 43.8553645632 62.8846942968 -14 43.8553645632 62.8846942968 -14.7261245679 44.0460400614 63.1581060111 -12 44.0460400614 63.1581060111 -12.5 44.0460400614 63.1581060111 -13 44.0460400614 63.1581060111 -13.5 44.0460400614 63.1581060111 -14 44.0460400614 63.1581060111 -14.7261245679 44.2367155595 63.4315177255 -12 44.2367155595 63.4315177255 -12.5 44.2367155595 63.4315177255 -13 44.2367155595 63.4315177255 -13.5 44.2367155595 63.4315177255 -14 44.2367155595 63.4315177255 -14.7261245679 44.4273910576 63.7049294398 -12 44.4273910576 63.7049294398 -12.5 44.4273910576 63.7049294398 -13 44.4273910576 63.7049294398 -13.5 44.4273910576 63.7049294398 -14 44.4273910576 63.7049294398 -14.7261245679 44.6180665557 63.9783411541 -12 44.6180665557 63.9783411541 -12.5 44.6180665557 63.9783411541 -13 44.6180665557 63.9783411541 -13.5 44.6180665557 63.9783411541 -14 44.6180665557 63.9783411541 -14.7261245679 44.8087420538 64.2517528685 -12 44.8087420538 64.2517528685 -12.5 44.8087420538 64.2517528685 -13 44.8087420538 64.2517528685 -13.5 44.8087420538 64.2517528685 -14 44.8087420538 64.2517528685 -14.7261245679 44.9994175519 64.5251645828 -12 44.9994175519 64.5251645828 -12.5 44.9994175519 64.5251645828 -13 44.9994175519 64.5251645828 -13.5 44.9994175519 64.5251645828 -14 44.9994175519 64.5251645828 -14.7261245679 45.19009305 64.7985762971 -12 45.19009305 64.7985762971 -12.5 45.19009305 64.7985762971 -13 45.19009305 64.7985762971 -13.5 45.19009305 64.7985762971 -14 45.19009305 64.7985762971 -14.7261245679 45.3807685481 65.0719880115 -12 45.3807685481 65.0719880115 -12.5 45.3807685481 65.0719880115 -13 45.3807685481 65.0719880115 -13.5 45.3807685481 65.0719880115 -14 45.3807685481 65.0719880115 -14.7261245679 45.5714440462 65.3453997258 -12 45.5714440462 65.3453997258 -12.5 45.5714440462 65.3453997258 -13 45.5714440462 65.3453997258 -13.5 45.5714440462 65.3453997258 -14 45.5714440462 65.3453997258 -14.7261245679 45.7621195443 65.6188114401 -12 45.7621195443 65.6188114401 -12.5 45.7621195443 65.6188114401 -13 45.7621195443 65.6188114401 -13.5 45.7621195443 65.6188114401 -14 45.7621195443 65.6188114401 -14.7261245679 43.872719366 62.0579124321 -12.5 44.0651435737 62.3300962586 -12.5 43.872719366 62.0579124321 -13 44.0651435737 62.3300962586 -13 43.872719366 62.0579124321 -13.5 44.0651435737 62.3300962586 -13.5 43.872719366 62.0579124321 -14 44.0651435737 62.3300962586 -14 43.872719366 62.0579124321 -14.5 44.0651435737 62.3300962586 -14.5 43.872719366 62.0579124321 -14.9723292374 44.0651435737 62.3300962586 -14.9723292374 44.2575677815 62.602280085 -12.5 44.2575677815 62.602280085 -13 44.2575677815 62.602280085 -13.5 44.2575677815 62.602280085 -14 44.2575677815 62.602280085 -14.5 44.2575677815 62.602280085 -14.9723292374 44.4499919892 62.8744639115 -12.5 44.4499919892 62.8744639115 -13 44.4499919892 62.8744639115 -13.5 44.4499919892 62.8744639115 -14 44.4499919892 62.8744639115 -14.5 44.4499919892 62.8744639115 -14.9723292374 44.642416197 63.146647738 -12.5 44.642416197 63.146647738 -13 44.642416197 63.146647738 -13.5 44.642416197 63.146647738 -14 44.642416197 63.146647738 -14.5 44.642416197 63.146647738 -14.9723292374 44.8348404047 63.4188315644 -12.5 44.8348404047 63.4188315644 -13 44.8348404047 63.4188315644 -13.5 44.8348404047 63.4188315644 -14 44.8348404047 63.4188315644 -14.5 44.8348404047 63.4188315644 -14.9723292374 45.0272646125 63.6910153909 -12.5 45.0272646125 63.6910153909 -13 45.0272646125 63.6910153909 -13.5 45.0272646125 63.6910153909 -14 45.0272646125 63.6910153909 -14.5 45.0272646125 63.6910153909 -14.9723292374 45.2196888202 63.9631992173 -12.5 45.2196888202 63.9631992173 -13 45.2196888202 63.9631992173 -13.5 45.2196888202 63.9631992173 -14 45.2196888202 63.9631992173 -14.5 45.2196888202 63.9631992173 -14.9723292374 45.4121130279 64.2353830438 -12.5 45.4121130279 64.2353830438 -13 45.4121130279 64.2353830438 -13.5 45.4121130279 64.2353830438 -14 45.4121130279 64.2353830438 -14.5 45.4121130279 64.2353830438 -14.9723292374 45.6045372357 64.5075668702 -12.5 45.6045372357 64.5075668702 -13 45.6045372357 64.5075668702 -13.5 45.6045372357 64.5075668702 -14 45.6045372357 64.5075668702 -14.5 45.6045372357 64.5075668702 -14.9723292374 45.7969614434 64.7797506967 -12.5 45.7969614434 64.7797506967 -13 45.7969614434 64.7797506967 -13.5 45.7969614434 64.7797506967 -14 45.7969614434 64.7797506967 -14.5 45.7969614434 64.7797506967 -14.9723292374 45.9893856512 65.0519345232 -12.5 45.9893856512 65.0519345232 -13 45.9893856512 65.0519345232 -13.5 45.9893856512 65.0519345232 -14 45.9893856512 65.0519345232 -14.5 45.9893856512 65.0519345232 -14.9723292374 46.1818098589 65.3241183496 -12.5 46.1818098589 65.3241183496 -13 46.1818098589 65.3241183496 -13.5 46.1818098589 65.3241183496 -14 46.1818098589 65.3241183496 -14.5 46.1818098589 65.3241183496 -14.9723292374 44.2696223802 61.7754039591 -12.5 44.4637873906 62.0463487133 -12.5 44.2696223802 61.7754039591 -13 44.4637873906 62.0463487133 -13 44.2696223802 61.7754039591 -13.5 44.4637873906 62.0463487133 -13.5 44.2696223802 61.7754039591 -14 44.4637873906 62.0463487133 -14 44.2696223802 61.7754039591 -14.5 44.4637873906 62.0463487133 -14.5 44.2696223802 61.7754039591 -15.2185909844 44.4637873906 62.0463487133 -15.2185909844 44.6579524011 62.3172934676 -12.5 44.6579524011 62.3172934676 -13 44.6579524011 62.3172934676 -13.5 44.6579524011 62.3172934676 -14 44.6579524011 62.3172934676 -14.5 44.6579524011 62.3172934676 -15.2185909844 44.8521174115 62.5882382218 -12.5 44.8521174115 62.5882382218 -13 44.8521174115 62.5882382218 -13.5 44.8521174115 62.5882382218 -14 44.8521174115 62.5882382218 -14.5 44.8521174115 62.5882382218 -15.2185909844 45.046282422 62.859182976 -12.5 45.046282422 62.859182976 -13 45.046282422 62.859182976 -13.5 45.046282422 62.859182976 -14 45.046282422 62.859182976 -14.5 45.046282422 62.859182976 -15.2185909844 45.2404474324 63.1301277302 -12.5 45.2404474324 63.1301277302 -13 45.2404474324 63.1301277302 -13.5 45.2404474324 63.1301277302 -14 45.2404474324 63.1301277302 -14.5 45.2404474324 63.1301277302 -15.2185909844 45.4346124428 63.4010724844 -12.5 45.4346124428 63.4010724844 -13 45.4346124428 63.4010724844 -13.5 45.4346124428 63.4010724844 -14 45.4346124428 63.4010724844 -14.5 45.4346124428 63.4010724844 -15.2185909844 45.6287774533 63.6720172386 -12.5 45.6287774533 63.6720172386 -13 45.6287774533 63.6720172386 -13.5 45.6287774533 63.6720172386 -14 45.6287774533 63.6720172386 -14.5 45.6287774533 63.6720172386 -15.2185909844 45.8229424637 63.9429619928 -12.5 45.8229424637 63.9429619928 -13 45.8229424637 63.9429619928 -13.5 45.8229424637 63.9429619928 -14 45.8229424637 63.9429619928 -14.5 45.8229424637 63.9429619928 -15.2185909844 46.0171074741 64.213906747 -12.5 46.0171074741 64.213906747 -13 46.0171074741 64.213906747 -13.5 46.0171074741 64.213906747 -14 46.0171074741 64.213906747 -14.5 46.0171074741 64.213906747 -15.2185909844 46.2112724846 64.4848515012 -12.5 46.2112724846 64.4848515012 -13 46.2112724846 64.4848515012 -13.5 46.2112724846 64.4848515012 -14 46.2112724846 64.4848515012 -14.5 46.2112724846 64.4848515012 -15.2185909844 46.405437495 64.7557962554 -12.5 46.405437495 64.7557962554 -13 46.405437495 64.7557962554 -13.5 46.405437495 64.7557962554 -14 46.405437495 64.7557962554 -14.5 46.405437495 64.7557962554 -15.2185909844 46.5996025055 65.0267410096 -12.5 46.5996025055 65.0267410096 -13 46.5996025055 65.0267410096 -13.5 46.5996025055 65.0267410096 -14 46.5996025055 65.0267410096 -14.5 46.5996025055 65.0267410096 -15.2185909844 44.6647063004 61.4903570578 -12.5 44.8606041351 61.7600516063 -12.5 44.6647063004 61.4903570578 -13 44.8606041351 61.7600516063 -13 44.6647063004 61.4903570578 -13.5 44.8606041351 61.7600516063 -13.5 44.6647063004 61.4903570578 -14 44.8606041351 61.7600516063 -14 44.6647063004 61.4903570578 -14.5 44.8606041351 61.7600516063 -14.5 44.6647063004 61.4903570578 -15 44.8606041351 61.7600516063 -15 44.6647063004 61.4903570578 -15.4646664498 44.8606041351 61.7600516063 -15.4646664498 45.0565019697 62.0297461548 -12.5 45.0565019697 62.0297461548 -13 45.0565019697 62.0297461548 -13.5 45.0565019697 62.0297461548 -14 45.0565019697 62.0297461548 -14.5 45.0565019697 62.0297461548 -15 45.0565019697 62.0297461548 -15.4646664498 45.2523998044 62.2994407033 -12.5 45.2523998044 62.2994407033 -13 45.2523998044 62.2994407033 -13.5 45.2523998044 62.2994407033 -14 45.2523998044 62.2994407033 -14.5 45.2523998044 62.2994407033 -15 45.2523998044 62.2994407033 -15.4646664498 45.448297639 62.5691352518 -12.5 45.448297639 62.5691352518 -13 45.448297639 62.5691352518 -13.5 45.448297639 62.5691352518 -14 45.448297639 62.5691352518 -14.5 45.448297639 62.5691352518 -15 45.448297639 62.5691352518 -15.4646664498 45.6441954737 62.8388298003 -12.5 45.6441954737 62.8388298003 -13 45.6441954737 62.8388298003 -13.5 45.6441954737 62.8388298003 -14 45.6441954737 62.8388298003 -14.5 45.6441954737 62.8388298003 -15 45.6441954737 62.8388298003 -15.4646664498 45.8400933083 63.1085243488 -12.5 45.8400933083 63.1085243488 -13 45.8400933083 63.1085243488 -13.5 45.8400933083 63.1085243488 -14 45.8400933083 63.1085243488 -14.5 45.8400933083 63.1085243488 -15 45.8400933083 63.1085243488 -15.4646664498 46.035991143 63.3782188973 -12.5 46.035991143 63.3782188973 -13 46.035991143 63.3782188973 -13.5 46.035991143 63.3782188973 -14 46.035991143 63.3782188973 -14.5 46.035991143 63.3782188973 -15 46.035991143 63.3782188973 -15.4646664498 46.2318889776 63.6479134458 -12.5 46.2318889776 63.6479134458 -13 46.2318889776 63.6479134458 -13.5 46.2318889776 63.6479134458 -14 46.2318889776 63.6479134458 -14.5 46.2318889776 63.6479134458 -15 46.2318889776 63.6479134458 -15.4646664498 46.4277868123 63.9176079943 -12.5 46.4277868123 63.9176079943 -13 46.4277868123 63.9176079943 -13.5 46.4277868123 63.9176079943 -14 46.4277868123 63.9176079943 -14.5 46.4277868123 63.9176079943 -15 46.4277868123 63.9176079943 -15.4646664498 46.6236846469 64.1873025428 -12.5 46.6236846469 64.1873025428 -13 46.6236846469 64.1873025428 -13.5 46.6236846469 64.1873025428 -14 46.6236846469 64.1873025428 -14.5 46.6236846469 64.1873025428 -15 46.6236846469 64.1873025428 -15.4646664498 46.8195824816 64.4569970913 -12.5 46.8195824816 64.4569970913 -13 46.8195824816 64.4569970913 -13.5 46.8195824816 64.4569970913 -14 46.8195824816 64.4569970913 -14.5 46.8195824816 64.4569970913 -15 46.8195824816 64.4569970913 -15.4646664498 47.0154803162 64.7266916398 -12.5 47.0154803162 64.7266916398 -13 47.0154803162 64.7266916398 -13.5 47.0154803162 64.7266916398 -14 47.0154803162 64.7266916398 -14.5 47.0154803162 64.7266916398 -15 47.0154803162 64.7266916398 -15.4646664498 45.0579548922 61.202783441 -13 45.2555775014 61.4712167017 -13 45.0579548922 61.202783441 -13.5 45.2555775014 61.4712167017 -13.5 45.0579548922 61.202783441 -14 45.2555775014 61.4712167017 -14 45.0579548922 61.202783441 -14.5 45.2555775014 61.4712167017 -14.5 45.0579548922 61.202783441 -15 45.2555775014 61.4712167017 -15 45.0579548922 61.202783441 -15.7103122749 45.2555775014 61.4712167017 -15.7103122749 45.4532001106 61.7396499625 -13 45.4532001106 61.7396499625 -13.5 45.4532001106 61.7396499625 -14 45.4532001106 61.7396499625 -14.5 45.4532001106 61.7396499625 -15 45.4532001106 61.7396499625 -15.7103122749 45.6508227197 62.0080832232 -13 45.6508227197 62.0080832232 -13.5 45.6508227197 62.0080832232 -14 45.6508227197 62.0080832232 -14.5 45.6508227197 62.0080832232 -15 45.6508227197 62.0080832232 -15.7103122749 45.8484453289 62.2765164839 -13 45.8484453289 62.2765164839 -13.5 45.8484453289 62.2765164839 -14 45.8484453289 62.2765164839 -14.5 45.8484453289 62.2765164839 -15 45.8484453289 62.2765164839 -15.7103122749 46.0460679381 62.5449497446 -13 46.0460679381 62.5449497446 -13.5 46.0460679381 62.5449497446 -14 46.0460679381 62.5449497446 -14.5 46.0460679381 62.5449497446 -15 46.0460679381 62.5449497446 -15.7103122749 46.2436905473 62.8133830053 -13 46.2436905473 62.8133830053 -13.5 46.2436905473 62.8133830053 -14 46.2436905473 62.8133830053 -14.5 46.2436905473 62.8133830053 -15 46.2436905473 62.8133830053 -15.7103122749 46.4413131565 63.081816266 -13 46.4413131565 63.081816266 -13.5 46.4413131565 63.081816266 -14 46.4413131565 63.081816266 -14.5 46.4413131565 63.081816266 -15 46.4413131565 63.081816266 -15.7103122749 46.6389357656 63.3502495267 -13 46.6389357656 63.3502495267 -13.5 46.6389357656 63.3502495267 -14 46.6389357656 63.3502495267 -14.5 46.6389357656 63.3502495267 -15 46.6389357656 63.3502495267 -15.7103122749 46.8365583748 63.6186827874 -13 46.8365583748 63.6186827874 -13.5 46.8365583748 63.6186827874 -14 46.8365583748 63.6186827874 -14.5 46.8365583748 63.6186827874 -15 46.8365583748 63.6186827874 -15.7103122749 47.034180984 63.8871160481 -13 47.034180984 63.8871160481 -13.5 47.034180984 63.8871160481 -14 47.034180984 63.8871160481 -14.5 47.034180984 63.8871160481 -15 47.034180984 63.8871160481 -15.7103122749 47.2318035932 64.1555493088 -13 47.2318035932 64.1555493088 -13.5 47.2318035932 64.1555493088 -14 47.2318035932 64.1555493088 -14.5 47.2318035932 64.1555493088 -15 47.2318035932 64.1555493088 -15.7103122749 47.4294262023 64.4239825695 -13 47.4294262023 64.4239825695 -13.5 47.4294262023 64.4239825695 -14 47.4294262023 64.4239825695 -14.5 47.4294262023 64.4239825695 -15 47.4294262023 64.4239825695 -15.7103122749 45.4493519965 60.9126949256 -13 45.6486912596 61.1798558683 -13 45.4493519965 60.9126949256 -13.5 45.6486912596 61.1798558683 -13.5 45.4493519965 60.9126949256 -14 45.6486912596 61.1798558683 -14 45.4493519965 60.9126949256 -14.5 45.6486912596 61.1798558683 -14.5 45.4493519965 60.9126949256 -15 45.6486912596 61.1798558683 -15 45.4493519965 60.9126949256 -15.5 45.6486912596 61.1798558683 -15.5 45.4493519965 60.9126949256 -15.9552851007 45.6486912596 61.1798558683 -15.9552851007 45.8480305228 61.4470168109 -13 45.8480305228 61.4470168109 -13.5 45.8480305228 61.4470168109 -14 45.8480305228 61.4470168109 -14.5 45.8480305228 61.4470168109 -15 45.8480305228 61.4470168109 -15.5 45.8480305228 61.4470168109 -15.9552851007 46.0473697859 61.7141777536 -13 46.0473697859 61.7141777536 -13.5 46.0473697859 61.7141777536 -14 46.0473697859 61.7141777536 -14.5 46.0473697859 61.7141777536 -15 46.0473697859 61.7141777536 -15.5 46.0473697859 61.7141777536 -15.9552851007 46.246709049 61.9813386962 -13 46.246709049 61.9813386962 -13.5 46.246709049 61.9813386962 -14 46.246709049 61.9813386962 -14.5 46.246709049 61.9813386962 -15 46.246709049 61.9813386962 -15.5 46.246709049 61.9813386962 -15.9552851007 46.4460483122 62.2484996389 -13 46.4460483122 62.2484996389 -13.5 46.4460483122 62.2484996389 -14 46.4460483122 62.2484996389 -14.5 46.4460483122 62.2484996389 -15 46.4460483122 62.2484996389 -15.5 46.4460483122 62.2484996389 -15.9552851007 46.6453875753 62.5156605816 -13 46.6453875753 62.5156605816 -13.5 46.6453875753 62.5156605816 -14 46.6453875753 62.5156605816 -14.5 46.6453875753 62.5156605816 -15 46.6453875753 62.5156605816 -15.5 46.6453875753 62.5156605816 -15.9552851007 46.8447268385 62.7828215242 -13 46.8447268385 62.7828215242 -13.5 46.8447268385 62.7828215242 -14 46.8447268385 62.7828215242 -14.5 46.8447268385 62.7828215242 -15 46.8447268385 62.7828215242 -15.5 46.8447268385 62.7828215242 -15.9552851007 47.0440661016 63.0499824669 -13 47.0440661016 63.0499824669 -13.5 47.0440661016 63.0499824669 -14 47.0440661016 63.0499824669 -14.5 47.0440661016 63.0499824669 -15 47.0440661016 63.0499824669 -15.5 47.0440661016 63.0499824669 -15.9552851007 47.2434053648 63.3171434095 -13 47.2434053648 63.3171434095 -13.5 47.2434053648 63.3171434095 -14 47.2434053648 63.3171434095 -14.5 47.2434053648 63.3171434095 -15 47.2434053648 63.3171434095 -15.5 47.2434053648 63.3171434095 -15.9552851007 47.4427446279 63.5843043522 -13 47.4427446279 63.5843043522 -13.5 47.4427446279 63.5843043522 -14 47.4427446279 63.5843043522 -14.5 47.4427446279 63.5843043522 -15 47.4427446279 63.5843043522 -15.5 47.4427446279 63.5843043522 -15.9552851007 47.642083891 63.8514652948 -13 47.642083891 63.8514652948 -13.5 47.642083891 63.8514652948 -14 47.642083891 63.8514652948 -14.5 47.642083891 63.8514652948 -15 47.642083891 63.8514652948 -15.5 47.642083891 63.8514652948 -15.9552851007 47.8414231542 64.1186262375 -13 47.8414231542 64.1186262375 -13.5 47.8414231542 64.1186262375 -14 47.8414231542 64.1186262375 -14.5 47.8414231542 64.1186262375 -15 47.8414231542 64.1186262375 -15.5 47.8414231542 64.1186262375 -15.9552851007 45.8388815302 60.6201034316 -13 46.0399292562 60.8859810783 -13 45.8388815302 60.6201034316 -13.5 46.0399292562 60.8859810783 -13.5 45.8388815302 60.6201034316 -14 46.0399292562 60.8859810783 -14 45.8388815302 60.6201034316 -14.5 46.0399292562 60.8859810783 -14.5 45.8388815302 60.6201034316 -15 46.0399292562 60.8859810783 -15 45.8388815302 60.6201034316 -15.5 46.0399292562 60.8859810783 -15.5 45.8388815302 60.6201034316 -16.1993415683 46.0399292562 60.8859810783 -16.1993415683 46.2409769822 61.1518587249 -13 46.2409769822 61.1518587249 -13.5 46.2409769822 61.1518587249 -14 46.2409769822 61.1518587249 -14.5 46.2409769822 61.1518587249 -15 46.2409769822 61.1518587249 -15.5 46.2409769822 61.1518587249 -16.1993415683 46.4420247082 61.4177363715 -13 46.4420247082 61.4177363715 -13.5 46.4420247082 61.4177363715 -14 46.4420247082 61.4177363715 -14.5 46.4420247082 61.4177363715 -15 46.4420247082 61.4177363715 -15.5 46.4420247082 61.4177363715 -16.1993415683 46.6430724342 61.6836140181 -13 46.6430724342 61.6836140181 -13.5 46.6430724342 61.6836140181 -14 46.6430724342 61.6836140181 -14.5 46.6430724342 61.6836140181 -15 46.6430724342 61.6836140181 -15.5 46.6430724342 61.6836140181 -16.1993415683 46.8441201602 61.9494916648 -13 46.8441201602 61.9494916648 -13.5 46.8441201602 61.9494916648 -14 46.8441201602 61.9494916648 -14.5 46.8441201602 61.9494916648 -15 46.8441201602 61.9494916648 -15.5 46.8441201602 61.9494916648 -16.1993415683 47.0451678862 62.2153693114 -13 47.0451678862 62.2153693114 -13.5 47.0451678862 62.2153693114 -14 47.0451678862 62.2153693114 -14.5 47.0451678862 62.2153693114 -15 47.0451678862 62.2153693114 -15.5 47.0451678862 62.2153693114 -16.1993415683 47.2462156123 62.481246958 -13 47.2462156123 62.481246958 -13.5 47.2462156123 62.481246958 -14 47.2462156123 62.481246958 -14.5 47.2462156123 62.481246958 -15 47.2462156123 62.481246958 -15.5 47.2462156123 62.481246958 -16.1993415683 47.4472633383 62.7471246047 -13 47.4472633383 62.7471246047 -13.5 47.4472633383 62.7471246047 -14 47.4472633383 62.7471246047 -14.5 47.4472633383 62.7471246047 -15 47.4472633383 62.7471246047 -15.5 47.4472633383 62.7471246047 -16.1993415683 47.6483110643 63.0130022513 -13 47.6483110643 63.0130022513 -13.5 47.6483110643 63.0130022513 -14 47.6483110643 63.0130022513 -14.5 47.6483110643 63.0130022513 -15 47.6483110643 63.0130022513 -15.5 47.6483110643 63.0130022513 -16.1993415683 47.8493587903 63.2788798979 -13 47.8493587903 63.2788798979 -13.5 47.8493587903 63.2788798979 -14 47.8493587903 63.2788798979 -14.5 47.8493587903 63.2788798979 -15 47.8493587903 63.2788798979 -15.5 47.8493587903 63.2788798979 -16.1993415683 48.0504065163 63.5447575446 -13 48.0504065163 63.5447575446 -13.5 48.0504065163 63.5447575446 -14 48.0504065163 63.5447575446 -14.5 48.0504065163 63.5447575446 -15 48.0504065163 63.5447575446 -15.5 48.0504065163 63.5447575446 -16.1993415683 48.2514542423 63.8106351912 -13 48.2514542423 63.8106351912 -13.5 48.2514542423 63.8106351912 -14 48.2514542423 63.8106351912 -14.5 48.2514542423 63.8106351912 -15 48.2514542423 63.8106351912 -15.5 48.2514542423 63.8106351912 -16.1993415683 46.2265274871 60.325020982 -13 46.4292754147 60.5896044074 -13 46.2265274871 60.325020982 -13.5 46.4292754147 60.5896044074 -13.5 46.2265274871 60.325020982 -14 46.4292754147 60.5896044074 -14 46.2265274871 60.325020982 -14.5 46.4292754147 60.5896044074 -14.5 46.2265274871 60.325020982 -15 46.4292754147 60.5896044074 -15 46.2265274871 60.325020982 -15.5 46.4292754147 60.5896044074 -15.5 46.2265274871 60.325020982 -16 46.4292754147 60.5896044074 -16 46.2265274871 60.325020982 -16.4422383188 46.4292754147 60.5896044074 -16.4422383188 46.6320233423 60.8541878327 -13 46.6320233423 60.8541878327 -13.5 46.6320233423 60.8541878327 -14 46.6320233423 60.8541878327 -14.5 46.6320233423 60.8541878327 -15 46.6320233423 60.8541878327 -15.5 46.6320233423 60.8541878327 -16 46.6320233423 60.8541878327 -16.4422383188 46.8347712699 61.1187712581 -13 46.8347712699 61.1187712581 -13.5 46.8347712699 61.1187712581 -14 46.8347712699 61.1187712581 -14.5 46.8347712699 61.1187712581 -15 46.8347712699 61.1187712581 -15.5 46.8347712699 61.1187712581 -16 46.8347712699 61.1187712581 -16.4422383188 47.0375191974 61.3833546835 -13 47.0375191974 61.3833546835 -13.5 47.0375191974 61.3833546835 -14 47.0375191974 61.3833546835 -14.5 47.0375191974 61.3833546835 -15 47.0375191974 61.3833546835 -15.5 47.0375191974 61.3833546835 -16 47.0375191974 61.3833546835 -16.4422383188 47.240267125 61.6479381088 -13 47.240267125 61.6479381088 -13.5 47.240267125 61.6479381088 -14 47.240267125 61.6479381088 -14.5 47.240267125 61.6479381088 -15 47.240267125 61.6479381088 -15.5 47.240267125 61.6479381088 -16 47.240267125 61.6479381088 -16.4422383188 47.4430150526 61.9125215342 -13 47.4430150526 61.9125215342 -13.5 47.4430150526 61.9125215342 -14 47.4430150526 61.9125215342 -14.5 47.4430150526 61.9125215342 -15 47.4430150526 61.9125215342 -15.5 47.4430150526 61.9125215342 -16 47.4430150526 61.9125215342 -16.4422383188 47.6457629802 62.1771049595 -13 47.6457629802 62.1771049595 -13.5 47.6457629802 62.1771049595 -14 47.6457629802 62.1771049595 -14.5 47.6457629802 62.1771049595 -15 47.6457629802 62.1771049595 -15.5 47.6457629802 62.1771049595 -16 47.6457629802 62.1771049595 -16.4422383188 47.8485109077 62.4416883849 -13 47.8485109077 62.4416883849 -13.5 47.8485109077 62.4416883849 -14 47.8485109077 62.4416883849 -14.5 47.8485109077 62.4416883849 -15 47.8485109077 62.4416883849 -15.5 47.8485109077 62.4416883849 -16 47.8485109077 62.4416883849 -16.4422383188 48.0512588353 62.7062718103 -13 48.0512588353 62.7062718103 -13.5 48.0512588353 62.7062718103 -14 48.0512588353 62.7062718103 -14.5 48.0512588353 62.7062718103 -15 48.0512588353 62.7062718103 -15.5 48.0512588353 62.7062718103 -16 48.0512588353 62.7062718103 -16.4422383188 48.2540067629 62.9708552356 -13 48.2540067629 62.9708552356 -13.5 48.2540067629 62.9708552356 -14 48.2540067629 62.9708552356 -14.5 48.2540067629 62.9708552356 -15 48.2540067629 62.9708552356 -15.5 48.2540067629 62.9708552356 -16 48.2540067629 62.9708552356 -16.4422383188 48.4567546905 63.235438661 -13 48.4567546905 63.235438661 -13.5 48.4567546905 63.235438661 -14 48.4567546905 63.235438661 -14.5 48.4567546905 63.235438661 -15 48.4567546905 63.235438661 -15.5 48.4567546905 63.235438661 -16 48.4567546905 63.235438661 -16.4422383188 48.659502618 63.5000220863 -13 48.659502618 63.5000220863 -13.5 48.659502618 63.5000220863 -14 48.659502618 63.5000220863 -14.5 48.659502618 63.5000220863 -15 48.659502618 63.5000220863 -15.5 48.659502618 63.5000220863 -16 48.659502618 63.5000220863 -16.4422383188 46.6122739384 60.0274597021 -13.5 46.8167137364 60.2907380341 -13.5 46.6122739384 60.0274597021 -14 46.8167137364 60.2907380341 -14 46.6122739384 60.0274597021 -14.5 46.8167137364 60.2907380341 -14.5 46.6122739384 60.0274597021 -15 46.8167137364 60.2907380341 -15 46.6122739384 60.0274597021 -15.5 46.8167137364 60.2907380341 -15.5 46.6122739384 60.0274597021 -16 46.8167137364 60.2907380341 -16 46.6122739384 60.0274597021 -16.6837319934 46.8167137364 60.2907380341 -16.6837319934 47.0211535344 60.5540163662 -13.5 47.0211535344 60.5540163662 -14 47.0211535344 60.5540163662 -14.5 47.0211535344 60.5540163662 -15 47.0211535344 60.5540163662 -15.5 47.0211535344 60.5540163662 -16 47.0211535344 60.5540163662 -16.6837319934 47.2255933324 60.8172946982 -13.5 47.2255933324 60.8172946982 -14 47.2255933324 60.8172946982 -14.5 47.2255933324 60.8172946982 -15 47.2255933324 60.8172946982 -15.5 47.2255933324 60.8172946982 -16 47.2255933324 60.8172946982 -16.6837319934 47.4300331303 61.0805730302 -13.5 47.4300331303 61.0805730302 -14 47.4300331303 61.0805730302 -14.5 47.4300331303 61.0805730302 -15 47.4300331303 61.0805730302 -15.5 47.4300331303 61.0805730302 -16 47.4300331303 61.0805730302 -16.6837319934 47.6344729283 61.3438513622 -13.5 47.6344729283 61.3438513622 -14 47.6344729283 61.3438513622 -14.5 47.6344729283 61.3438513622 -15 47.6344729283 61.3438513622 -15.5 47.6344729283 61.3438513622 -16 47.6344729283 61.3438513622 -16.6837319934 47.8389127263 61.6071296943 -13.5 47.8389127263 61.6071296943 -14 47.8389127263 61.6071296943 -14.5 47.8389127263 61.6071296943 -15 47.8389127263 61.6071296943 -15.5 47.8389127263 61.6071296943 -16 47.8389127263 61.6071296943 -16.6837319934 48.0433525243 61.8704080263 -13.5 48.0433525243 61.8704080263 -14 48.0433525243 61.8704080263 -14.5 48.0433525243 61.8704080263 -15 48.0433525243 61.8704080263 -15.5 48.0433525243 61.8704080263 -16 48.0433525243 61.8704080263 -16.6837319934 48.2477923222 62.1336863583 -13.5 48.2477923222 62.1336863583 -14 48.2477923222 62.1336863583 -14.5 48.2477923222 62.1336863583 -15 48.2477923222 62.1336863583 -15.5 48.2477923222 62.1336863583 -16 48.2477923222 62.1336863583 -16.6837319934 48.4522321202 62.3969646903 -13.5 48.4522321202 62.3969646903 -14 48.4522321202 62.3969646903 -14.5 48.4522321202 62.3969646903 -15 48.4522321202 62.3969646903 -15.5 48.4522321202 62.3969646903 -16 48.4522321202 62.3969646903 -16.6837319934 48.6566719182 62.6602430224 -13.5 48.6566719182 62.6602430224 -14 48.6566719182 62.6602430224 -14.5 48.6566719182 62.6602430224 -15 48.6566719182 62.6602430224 -15.5 48.6566719182 62.6602430224 -16 48.6566719182 62.6602430224 -16.6837319934 48.8611117162 62.9235213544 -13.5 48.8611117162 62.9235213544 -14 48.8611117162 62.9235213544 -14.5 48.8611117162 62.9235213544 -15 48.8611117162 62.9235213544 -15.5 48.8611117162 62.9235213544 -16 48.8611117162 62.9235213544 -16.6837319934 49.0655515141 63.1867996864 -13.5 49.0655515141 63.1867996864 -14 49.0655515141 63.1867996864 -14.5 49.0655515141 63.1867996864 -15 49.0655515141 63.1867996864 -15.5 49.0655515141 63.1867996864 -16 49.0655515141 63.1867996864 -16.6837319934 46.9961050333 59.727431819 -13.5 47.202228301 59.9893942393 -13.5 46.9961050333 59.727431819 -14 47.202228301 59.9893942393 -14 46.9961050333 59.727431819 -14.5 47.202228301 59.9893942393 -14.5 46.9961050333 59.727431819 -15 47.202228301 59.9893942393 -15 46.9961050333 59.727431819 -15.5 47.202228301 59.9893942393 -15.5 46.9961050333 59.727431819 -16 47.202228301 59.9893942393 -16 46.9961050333 59.727431819 -16.5 47.202228301 59.9893942393 -16.5 46.9961050333 59.727431819 -16.9235792331 47.202228301 59.9893942393 -16.9235792331 47.4083515687 60.2513566596 -13.5 47.4083515687 60.2513566596 -14 47.4083515687 60.2513566596 -14.5 47.4083515687 60.2513566596 -15 47.4083515687 60.2513566596 -15.5 47.4083515687 60.2513566596 -16 47.4083515687 60.2513566596 -16.5 47.4083515687 60.2513566596 -16.9235792331 47.6144748364 60.5133190798 -13.5 47.6144748364 60.5133190798 -14 47.6144748364 60.5133190798 -14.5 47.6144748364 60.5133190798 -15 47.6144748364 60.5133190798 -15.5 47.6144748364 60.5133190798 -16 47.6144748364 60.5133190798 -16.5 47.6144748364 60.5133190798 -16.9235792331 47.8205981041 60.7752815001 -13.5 47.8205981041 60.7752815001 -14 47.8205981041 60.7752815001 -14.5 47.8205981041 60.7752815001 -15 47.8205981041 60.7752815001 -15.5 47.8205981041 60.7752815001 -16 47.8205981041 60.7752815001 -16.5 47.8205981041 60.7752815001 -16.9235792331 48.0267213717 61.0372439203 -13.5 48.0267213717 61.0372439203 -14 48.0267213717 61.0372439203 -14.5 48.0267213717 61.0372439203 -15 48.0267213717 61.0372439203 -15.5 48.0267213717 61.0372439203 -16 48.0267213717 61.0372439203 -16.5 48.0267213717 61.0372439203 -16.9235792331 48.2328446394 61.2992063406 -13.5 48.2328446394 61.2992063406 -14 48.2328446394 61.2992063406 -14.5 48.2328446394 61.2992063406 -15 48.2328446394 61.2992063406 -15.5 48.2328446394 61.2992063406 -16 48.2328446394 61.2992063406 -16.5 48.2328446394 61.2992063406 -16.9235792331 48.4389679071 61.5611687609 -13.5 48.4389679071 61.5611687609 -14 48.4389679071 61.5611687609 -14.5 48.4389679071 61.5611687609 -15 48.4389679071 61.5611687609 -15.5 48.4389679071 61.5611687609 -16 48.4389679071 61.5611687609 -16.5 48.4389679071 61.5611687609 -16.9235792331 48.6450911748 61.8231311811 -13.5 48.6450911748 61.8231311811 -14 48.6450911748 61.8231311811 -14.5 48.6450911748 61.8231311811 -15 48.6450911748 61.8231311811 -15.5 48.6450911748 61.8231311811 -16 48.6450911748 61.8231311811 -16.5 48.6450911748 61.8231311811 -16.9235792331 48.8512144425 62.0850936014 -13.5 48.8512144425 62.0850936014 -14 48.8512144425 62.0850936014 -14.5 48.8512144425 62.0850936014 -15 48.8512144425 62.0850936014 -15.5 48.8512144425 62.0850936014 -16 48.8512144425 62.0850936014 -16.5 48.8512144425 62.0850936014 -16.9235792331 49.0573377102 62.3470560216 -13.5 49.0573377102 62.3470560216 -14 49.0573377102 62.3470560216 -14.5 49.0573377102 62.3470560216 -15 49.0573377102 62.3470560216 -15.5 49.0573377102 62.3470560216 -16 49.0573377102 62.3470560216 -16.5 49.0573377102 62.3470560216 -16.9235792331 49.2634609779 62.6090184419 -13.5 49.2634609779 62.6090184419 -14 49.2634609779 62.6090184419 -14.5 49.2634609779 62.6090184419 -15 49.2634609779 62.6090184419 -15.5 49.2634609779 62.6090184419 -16 49.2634609779 62.6090184419 -16.5 49.2634609779 62.6090184419 -16.9235792331 49.4695842456 62.8709808622 -13.5 49.4695842456 62.8709808622 -14 49.4695842456 62.8709808622 -14.5 49.4695842456 62.8709808622 -15 49.4695842456 62.8709808622 -15.5 49.4695842456 62.8709808622 -16 49.4695842456 62.8709808622 -16.5 49.4695842456 62.8709808622 -16.9235792331 47.3780049996 59.4249496614 -13.5 47.5858032672 59.6855854055 -13.5 47.3780049996 59.4249496614 -14 47.5858032672 59.6855854055 -14 47.3780049996 59.4249496614 -14.5 47.5858032672 59.6855854055 -14.5 47.3780049996 59.4249496614 -15 47.5858032672 59.6855854055 -15 47.3780049996 59.4249496614 -15.5 47.5858032672 59.6855854055 -15.5 47.3780049996 59.4249496614 -16 47.5858032672 59.6855854055 -16 47.3780049996 59.4249496614 -16.5 47.5858032672 59.6855854055 -16.5 47.3780049996 59.4249496614 -17.161536679 47.5858032672 59.6855854055 -17.161536679 47.7936015347 59.9462211496 -13.5 47.7936015347 59.9462211496 -14 47.7936015347 59.9462211496 -14.5 47.7936015347 59.9462211496 -15 47.7936015347 59.9462211496 -15.5 47.7936015347 59.9462211496 -16 47.7936015347 59.9462211496 -16.5 47.7936015347 59.9462211496 -17.161536679 48.0013998023 60.2068568937 -13.5 48.0013998023 60.2068568937 -14 48.0013998023 60.2068568937 -14.5 48.0013998023 60.2068568937 -15 48.0013998023 60.2068568937 -15.5 48.0013998023 60.2068568937 -16 48.0013998023 60.2068568937 -16.5 48.0013998023 60.2068568937 -17.161536679 48.2091980698 60.4674926379 -13.5 48.2091980698 60.4674926379 -14 48.2091980698 60.4674926379 -14.5 48.2091980698 60.4674926379 -15 48.2091980698 60.4674926379 -15.5 48.2091980698 60.4674926379 -16 48.2091980698 60.4674926379 -16.5 48.2091980698 60.4674926379 -17.161536679 48.4169963373 60.728128382 -13.5 48.4169963373 60.728128382 -14 48.4169963373 60.728128382 -14.5 48.4169963373 60.728128382 -15 48.4169963373 60.728128382 -15.5 48.4169963373 60.728128382 -16 48.4169963373 60.728128382 -16.5 48.4169963373 60.728128382 -17.161536679 48.6247946049 60.9887641261 -13.5 48.6247946049 60.9887641261 -14 48.6247946049 60.9887641261 -14.5 48.6247946049 60.9887641261 -15 48.6247946049 60.9887641261 -15.5 48.6247946049 60.9887641261 -16 48.6247946049 60.9887641261 -16.5 48.6247946049 60.9887641261 -17.161536679 48.8325928724 61.2493998703 -13.5 48.8325928724 61.2493998703 -14 48.8325928724 61.2493998703 -14.5 48.8325928724 61.2493998703 -15 48.8325928724 61.2493998703 -15.5 48.8325928724 61.2493998703 -16 48.8325928724 61.2493998703 -16.5 48.8325928724 61.2493998703 -17.161536679 49.04039114 61.5100356144 -13.5 49.04039114 61.5100356144 -14 49.04039114 61.5100356144 -14.5 49.04039114 61.5100356144 -15 49.04039114 61.5100356144 -15.5 49.04039114 61.5100356144 -16 49.04039114 61.5100356144 -16.5 49.04039114 61.5100356144 -17.161536679 49.2481894075 61.7706713585 -13.5 49.2481894075 61.7706713585 -14 49.2481894075 61.7706713585 -14.5 49.2481894075 61.7706713585 -15 49.2481894075 61.7706713585 -15.5 49.2481894075 61.7706713585 -16 49.2481894075 61.7706713585 -16.5 49.2481894075 61.7706713585 -17.161536679 49.455987675 62.0313071027 -13.5 49.455987675 62.0313071027 -14 49.455987675 62.0313071027 -14.5 49.455987675 62.0313071027 -15 49.455987675 62.0313071027 -15.5 49.455987675 62.0313071027 -16 49.455987675 62.0313071027 -16.5 49.455987675 62.0313071027 -17.161536679 49.6637859426 62.2919428468 -13.5 49.6637859426 62.2919428468 -14 49.6637859426 62.2919428468 -14.5 49.6637859426 62.2919428468 -15 49.6637859426 62.2919428468 -15.5 49.6637859426 62.2919428468 -16 49.6637859426 62.2919428468 -16.5 49.6637859426 62.2919428468 -17.161536679 49.8715842101 62.5525785909 -13.5 49.8715842101 62.5525785909 -14 49.8715842101 62.5525785909 -14.5 49.8715842101 62.5525785909 -15 49.8715842101 62.5525785909 -15.5 49.8715842101 62.5525785909 -16 49.8715842101 62.5525785909 -16.5 49.8715842101 62.5525785909 -17.161536679 47.7579581447 59.1200256584 -14 47.9674228734 59.3793240166 -14 47.7579581447 59.1200256584 -14.5 47.9674228734 59.3793240166 -14.5 47.7579581447 59.1200256584 -15 47.9674228734 59.3793240166 -15 47.7579581447 59.1200256584 -15.5 47.9674228734 59.3793240166 -15.5 47.7579581447 59.1200256584 -16 47.9674228734 59.3793240166 -16 47.7579581447 59.1200256584 -16.5 47.9674228734 59.3793240166 -16.5 47.7579581447 59.1200256584 -17 47.9674228734 59.3793240166 -17 47.7579581447 59.1200256584 -17.3973609722 47.9674228734 59.3793240166 -17.3973609722 48.1768876021 59.6386223747 -14 48.1768876021 59.6386223747 -14.5 48.1768876021 59.6386223747 -15 48.1768876021 59.6386223747 -15.5 48.1768876021 59.6386223747 -16 48.1768876021 59.6386223747 -16.5 48.1768876021 59.6386223747 -17 48.1768876021 59.6386223747 -17.3973609722 48.3863523308 59.8979207329 -14 48.3863523308 59.8979207329 -14.5 48.3863523308 59.8979207329 -15 48.3863523308 59.8979207329 -15.5 48.3863523308 59.8979207329 -16 48.3863523308 59.8979207329 -16.5 48.3863523308 59.8979207329 -17 48.3863523308 59.8979207329 -17.3973609722 48.5958170595 60.157219091 -14 48.5958170595 60.157219091 -14.5 48.5958170595 60.157219091 -15 48.5958170595 60.157219091 -15.5 48.5958170595 60.157219091 -16 48.5958170595 60.157219091 -16.5 48.5958170595 60.157219091 -17 48.5958170595 60.157219091 -17.3973609722 48.8052817882 60.4165174492 -14 48.8052817882 60.4165174492 -14.5 48.8052817882 60.4165174492 -15 48.8052817882 60.4165174492 -15.5 48.8052817882 60.4165174492 -16 48.8052817882 60.4165174492 -16.5 48.8052817882 60.4165174492 -17 48.8052817882 60.4165174492 -17.3973609722 49.0147465169 60.6758158073 -14 49.0147465169 60.6758158073 -14.5 49.0147465169 60.6758158073 -15 49.0147465169 60.6758158073 -15.5 49.0147465169 60.6758158073 -16 49.0147465169 60.6758158073 -16.5 49.0147465169 60.6758158073 -17 49.0147465169 60.6758158073 -17.3973609722 49.2242112456 60.9351141655 -14 49.2242112456 60.9351141655 -14.5 49.2242112456 60.9351141655 -15 49.2242112456 60.9351141655 -15.5 49.2242112456 60.9351141655 -16 49.2242112456 60.9351141655 -16.5 49.2242112456 60.9351141655 -17 49.2242112456 60.9351141655 -17.3973609722 49.4336759743 61.1944125236 -14 49.4336759743 61.1944125236 -14.5 49.4336759743 61.1944125236 -15 49.4336759743 61.1944125236 -15.5 49.4336759743 61.1944125236 -16 49.4336759743 61.1944125236 -16.5 49.4336759743 61.1944125236 -17 49.4336759743 61.1944125236 -17.3973609722 49.643140703 61.4537108818 -14 49.643140703 61.4537108818 -14.5 49.643140703 61.4537108818 -15 49.643140703 61.4537108818 -15.5 49.643140703 61.4537108818 -16 49.643140703 61.4537108818 -16.5 49.643140703 61.4537108818 -17 49.643140703 61.4537108818 -17.3973609722 49.8526054317 61.7130092399 -14 49.8526054317 61.7130092399 -14.5 49.8526054317 61.7130092399 -15 49.8526054317 61.7130092399 -15.5 49.8526054317 61.7130092399 -16 49.8526054317 61.7130092399 -16.5 49.8526054317 61.7130092399 -17 49.8526054317 61.7130092399 -17.3973609722 50.0620701604 61.9723075981 -14 50.0620701604 61.9723075981 -14.5 50.0620701604 61.9723075981 -15 50.0620701604 61.9723075981 -15.5 50.0620701604 61.9723075981 -16 50.0620701604 61.9723075981 -16.5 50.0620701604 61.9723075981 -17 50.0620701604 61.9723075981 -17.3973609722 50.2715348891 62.2316059562 -14 50.2715348891 62.2316059562 -14.5 50.2715348891 62.2316059562 -15 50.2715348891 62.2316059562 -15.5 50.2715348891 62.2316059562 -16 50.2715348891 62.2316059562 -16.5 50.2715348891 62.2316059562 -17 50.2715348891 62.2316059562 -17.3973609722 48.1359488557 58.8126723399 -14 48.3470714384 59.0706226572 -14 48.1359488557 58.8126723399 -14.5 48.3470714384 59.0706226572 -14.5 48.1359488557 58.8126723399 -15 48.3470714384 59.0706226572 -15 48.1359488557 58.8126723399 -15.5 48.3470714384 59.0706226572 -15.5 48.1359488557 58.8126723399 -16 48.3470714384 59.0706226572 -16 48.1359488557 58.8126723399 -16.5 48.3470714384 59.0706226572 -16.5 48.1359488557 58.8126723399 -17 48.3470714384 59.0706226572 -17 48.1359488557 58.8126723399 -17.6308087539 48.3470714384 59.0706226572 -17.6308087539 48.5581940211 59.3285729745 -14 48.5581940211 59.3285729745 -14.5 48.5581940211 59.3285729745 -15 48.5581940211 59.3285729745 -15.5 48.5581940211 59.3285729745 -16 48.5581940211 59.3285729745 -16.5 48.5581940211 59.3285729745 -17 48.5581940211 59.3285729745 -17.6308087539 48.7693166038 59.5865232918 -14 48.7693166038 59.5865232918 -14.5 48.7693166038 59.5865232918 -15 48.7693166038 59.5865232918 -15.5 48.7693166038 59.5865232918 -16 48.7693166038 59.5865232918 -16.5 48.7693166038 59.5865232918 -17 48.7693166038 59.5865232918 -17.6308087539 48.9804391865 59.844473609 -14 48.9804391865 59.844473609 -14.5 48.9804391865 59.844473609 -15 48.9804391865 59.844473609 -15.5 48.9804391865 59.844473609 -16 48.9804391865 59.844473609 -16.5 48.9804391865 59.844473609 -17 48.9804391865 59.844473609 -17.6308087539 49.1915617692 60.1024239263 -14 49.1915617692 60.1024239263 -14.5 49.1915617692 60.1024239263 -15 49.1915617692 60.1024239263 -15.5 49.1915617692 60.1024239263 -16 49.1915617692 60.1024239263 -16.5 49.1915617692 60.1024239263 -17 49.1915617692 60.1024239263 -17.6308087539 49.4026843519 60.3603742436 -14 49.4026843519 60.3603742436 -14.5 49.4026843519 60.3603742436 -15 49.4026843519 60.3603742436 -15.5 49.4026843519 60.3603742436 -16 49.4026843519 60.3603742436 -16.5 49.4026843519 60.3603742436 -17 49.4026843519 60.3603742436 -17.6308087539 49.6138069346 60.6183245609 -14 49.6138069346 60.6183245609 -14.5 49.6138069346 60.6183245609 -15 49.6138069346 60.6183245609 -15.5 49.6138069346 60.6183245609 -16 49.6138069346 60.6183245609 -16.5 49.6138069346 60.6183245609 -17 49.6138069346 60.6183245609 -17.6308087539 49.8249295173 60.8762748782 -14 49.8249295173 60.8762748782 -14.5 49.8249295173 60.8762748782 -15 49.8249295173 60.8762748782 -15.5 49.8249295173 60.8762748782 -16 49.8249295173 60.8762748782 -16.5 49.8249295173 60.8762748782 -17 49.8249295173 60.8762748782 -17.6308087539 50.0360521 61.1342251955 -14 50.0360521 61.1342251955 -14.5 50.0360521 61.1342251955 -15 50.0360521 61.1342251955 -15.5 50.0360521 61.1342251955 -16 50.0360521 61.1342251955 -16.5 50.0360521 61.1342251955 -17 50.0360521 61.1342251955 -17.6308087539 50.2471746827 61.3921755127 -14 50.2471746827 61.3921755127 -14.5 50.2471746827 61.3921755127 -15 50.2471746827 61.3921755127 -15.5 50.2471746827 61.3921755127 -16 50.2471746827 61.3921755127 -16.5 50.2471746827 61.3921755127 -17 50.2471746827 61.3921755127 -17.6308087539 50.4582972654 61.65012583 -14 50.4582972654 61.65012583 -14.5 50.4582972654 61.65012583 -15 50.4582972654 61.65012583 -15.5 50.4582972654 61.65012583 -16 50.4582972654 61.65012583 -16.5 50.4582972654 61.65012583 -17 50.4582972654 61.65012583 -17.6308087539 50.6694198481 61.9080761473 -14 50.6694198481 61.9080761473 -14.5 50.6694198481 61.9080761473 -15 50.6694198481 61.9080761473 -15.5 50.6694198481 61.9080761473 -16 50.6694198481 61.9080761473 -16.5 50.6694198481 61.9080761473 -17 50.6694198481 61.9080761473 -17.6308087539 48.5119616005 58.5029023354 -14 48.7247333619 58.7594940123 -14 48.5119616005 58.5029023354 -14.5 48.7247333619 58.7594940123 -14.5 48.5119616005 58.5029023354 -15 48.7247333619 58.7594940123 -15 48.5119616005 58.5029023354 -15.5 48.7247333619 58.7594940123 -15.5 48.5119616005 58.5029023354 -16 48.7247333619 58.7594940123 -16 48.5119616005 58.5029023354 -16.5 48.7247333619 58.7594940123 -16.5 48.5119616005 58.5029023354 -17 48.7247333619 58.7594940123 -17 48.5119616005 58.5029023354 -17.5 48.7247333619 58.7594940123 -17.5 48.5119616005 58.5029023354 -17.8616366651 48.7247333619 58.7594940123 -17.8616366651 48.9375051234 59.0160856892 -14 48.9375051234 59.0160856892 -14.5 48.9375051234 59.0160856892 -15 48.9375051234 59.0160856892 -15.5 48.9375051234 59.0160856892 -16 48.9375051234 59.0160856892 -16.5 48.9375051234 59.0160856892 -17 48.9375051234 59.0160856892 -17.5 48.9375051234 59.0160856892 -17.8616366651 49.1502768848 59.2726773661 -14 49.1502768848 59.2726773661 -14.5 49.1502768848 59.2726773661 -15 49.1502768848 59.2726773661 -15.5 49.1502768848 59.2726773661 -16 49.1502768848 59.2726773661 -16.5 49.1502768848 59.2726773661 -17 49.1502768848 59.2726773661 -17.5 49.1502768848 59.2726773661 -17.8616366651 49.3630486462 59.5292690431 -14 49.3630486462 59.5292690431 -14.5 49.3630486462 59.5292690431 -15 49.3630486462 59.5292690431 -15.5 49.3630486462 59.5292690431 -16 49.3630486462 59.5292690431 -16.5 49.3630486462 59.5292690431 -17 49.3630486462 59.5292690431 -17.5 49.3630486462 59.5292690431 -17.8616366651 49.5758204076 59.78586072 -14 49.5758204076 59.78586072 -14.5 49.5758204076 59.78586072 -15 49.5758204076 59.78586072 -15.5 49.5758204076 59.78586072 -16 49.5758204076 59.78586072 -16.5 49.5758204076 59.78586072 -17 49.5758204076 59.78586072 -17.5 49.5758204076 59.78586072 -17.8616366651 49.788592169 60.0424523969 -14 49.788592169 60.0424523969 -14.5 49.788592169 60.0424523969 -15 49.788592169 60.0424523969 -15.5 49.788592169 60.0424523969 -16 49.788592169 60.0424523969 -16.5 49.788592169 60.0424523969 -17 49.788592169 60.0424523969 -17.5 49.788592169 60.0424523969 -17.8616366651 50.0013639304 60.2990440738 -14 50.0013639304 60.2990440738 -14.5 50.0013639304 60.2990440738 -15 50.0013639304 60.2990440738 -15.5 50.0013639304 60.2990440738 -16 50.0013639304 60.2990440738 -16.5 50.0013639304 60.2990440738 -17 50.0013639304 60.2990440738 -17.5 50.0013639304 60.2990440738 -17.8616366651 50.2141356918 60.5556357507 -14 50.2141356918 60.5556357507 -14.5 50.2141356918 60.5556357507 -15 50.2141356918 60.5556357507 -15.5 50.2141356918 60.5556357507 -16 50.2141356918 60.5556357507 -16.5 50.2141356918 60.5556357507 -17 50.2141356918 60.5556357507 -17.5 50.2141356918 60.5556357507 -17.8616366651 50.4269074532 60.8122274276 -14 50.4269074532 60.8122274276 -14.5 50.4269074532 60.8122274276 -15 50.4269074532 60.8122274276 -15.5 50.4269074532 60.8122274276 -16 50.4269074532 60.8122274276 -16.5 50.4269074532 60.8122274276 -17 50.4269074532 60.8122274276 -17.5 50.4269074532 60.8122274276 -17.8616366651 50.6396792146 61.0688191045 -14 50.6396792146 61.0688191045 -14.5 50.6396792146 61.0688191045 -15 50.6396792146 61.0688191045 -15.5 50.6396792146 61.0688191045 -16 50.6396792146 61.0688191045 -16.5 50.6396792146 61.0688191045 -17 50.6396792146 61.0688191045 -17.5 50.6396792146 61.0688191045 -17.8616366651 50.852450976 61.3254107814 -14 50.852450976 61.3254107814 -14.5 50.852450976 61.3254107814 -15 50.852450976 61.3254107814 -15.5 50.852450976 61.3254107814 -16 50.852450976 61.3254107814 -16.5 50.852450976 61.3254107814 -17 50.852450976 61.3254107814 -17.5 50.852450976 61.3254107814 -17.8616366651 51.0652227374 61.5820024583 -14 51.0652227374 61.5820024583 -14.5 51.0652227374 61.5820024583 -15 51.0652227374 61.5820024583 -15.5 51.0652227374 61.5820024583 -16 51.0652227374 61.5820024583 -16.5 51.0652227374 61.5820024583 -17 51.0652227374 61.5820024583 -17.5 51.0652227374 61.5820024583 -17.8616366651 48.8859809284 58.1907283737 -14.5 49.1003931255 58.4459508666 -14.5 48.8859809284 58.1907283737 -15 49.1003931255 58.4459508666 -15 48.8859809284 58.1907283737 -15.5 49.1003931255 58.4459508666 -15.5 48.8859809284 58.1907283737 -16 49.1003931255 58.4459508666 -16 48.8859809284 58.1907283737 -16.5 49.1003931255 58.4459508666 -16.5 48.8859809284 58.1907283737 -17 49.1003931255 58.4459508666 -17 48.8859809284 58.1907283737 -17.5 49.1003931255 58.4459508666 -17.5 48.8859809284 58.1907283737 -18.0896013469 49.1003931255 58.4459508666 -18.0896013469 49.3148053225 58.7011733595 -14.5 49.3148053225 58.7011733595 -15 49.3148053225 58.7011733595 -15.5 49.3148053225 58.7011733595 -16 49.3148053225 58.7011733595 -16.5 49.3148053225 58.7011733595 -17 49.3148053225 58.7011733595 -17.5 49.3148053225 58.7011733595 -18.0896013469 49.5292175196 58.9563958523 -14.5 49.5292175196 58.9563958523 -15 49.5292175196 58.9563958523 -15.5 49.5292175196 58.9563958523 -16 49.5292175196 58.9563958523 -16.5 49.5292175196 58.9563958523 -17 49.5292175196 58.9563958523 -17.5 49.5292175196 58.9563958523 -18.0896013469 49.7436297167 59.2116183452 -14.5 49.7436297167 59.2116183452 -15 49.7436297167 59.2116183452 -15.5 49.7436297167 59.2116183452 -16 49.7436297167 59.2116183452 -16.5 49.7436297167 59.2116183452 -17 49.7436297167 59.2116183452 -17.5 49.7436297167 59.2116183452 -18.0896013469 49.9580419137 59.4668408381 -14.5 49.9580419137 59.4668408381 -15 49.9580419137 59.4668408381 -15.5 49.9580419137 59.4668408381 -16 49.9580419137 59.4668408381 -16.5 49.9580419137 59.4668408381 -17 49.9580419137 59.4668408381 -17.5 49.9580419137 59.4668408381 -18.0896013469 50.1724541108 59.7220633309 -14.5 50.1724541108 59.7220633309 -15 50.1724541108 59.7220633309 -15.5 50.1724541108 59.7220633309 -16 50.1724541108 59.7220633309 -16.5 50.1724541108 59.7220633309 -17 50.1724541108 59.7220633309 -17.5 50.1724541108 59.7220633309 -18.0896013469 50.3868663078 59.9772858238 -14.5 50.3868663078 59.9772858238 -15 50.3868663078 59.9772858238 -15.5 50.3868663078 59.9772858238 -16 50.3868663078 59.9772858238 -16.5 50.3868663078 59.9772858238 -17 50.3868663078 59.9772858238 -17.5 50.3868663078 59.9772858238 -18.0896013469 50.6012785049 60.2325083167 -14.5 50.6012785049 60.2325083167 -15 50.6012785049 60.2325083167 -15.5 50.6012785049 60.2325083167 -16 50.6012785049 60.2325083167 -16.5 50.6012785049 60.2325083167 -17 50.6012785049 60.2325083167 -17.5 50.6012785049 60.2325083167 -18.0896013469 50.8156907019 60.4877308095 -14.5 50.8156907019 60.4877308095 -15 50.8156907019 60.4877308095 -15.5 50.8156907019 60.4877308095 -16 50.8156907019 60.4877308095 -16.5 50.8156907019 60.4877308095 -17 50.8156907019 60.4877308095 -17.5 50.8156907019 60.4877308095 -18.0896013469 51.030102899 60.7429533024 -14.5 51.030102899 60.7429533024 -15 51.030102899 60.7429533024 -15.5 51.030102899 60.7429533024 -16 51.030102899 60.7429533024 -16.5 51.030102899 60.7429533024 -17 51.030102899 60.7429533024 -17.5 51.030102899 60.7429533024 -18.0896013469 51.244515096 60.9981757953 -14.5 51.244515096 60.9981757953 -15 51.244515096 60.9981757953 -15.5 51.244515096 60.9981757953 -16 51.244515096 60.9981757953 -16.5 51.244515096 60.9981757953 -17 51.244515096 60.9981757953 -17.5 51.244515096 60.9981757953 -18.0896013469 51.4589272931 61.2533982881 -14.5 51.4589272931 61.2533982881 -15 51.4589272931 61.2533982881 -15.5 51.4589272931 61.2533982881 -16 51.4589272931 61.2533982881 -16.5 51.4589272931 61.2533982881 -17 51.4589272931 61.2533982881 -17.5 51.4589272931 61.2533982881 -18.0896013469 49.2579914704 57.8761632825 -14.5 49.4740352927 58.1300061039 -14.5 49.2579914704 57.8761632825 -15 49.4740352927 58.1300061039 -15 49.2579914704 57.8761632825 -15.5 49.4740352927 58.1300061039 -15.5 49.2579914704 57.8761632825 -16 49.4740352927 58.1300061039 -16 49.2579914704 57.8761632825 -16.5 49.4740352927 58.1300061039 -16.5 49.2579914704 57.8761632825 -17 49.4740352927 58.1300061039 -17 49.2579914704 57.8761632825 -17.5 49.4740352927 58.1300061039 -17.5 49.2579914704 57.8761632825 -18 49.4740352927 58.1300061039 -18 49.2579914704 57.8761632825 -18.3144594405 49.4740352927 58.1300061039 -18.3144594405 49.6900791149 58.3838489253 -14.5 49.6900791149 58.3838489253 -15 49.6900791149 58.3838489253 -15.5 49.6900791149 58.3838489253 -16 49.6900791149 58.3838489253 -16.5 49.6900791149 58.3838489253 -17 49.6900791149 58.3838489253 -17.5 49.6900791149 58.3838489253 -18 49.6900791149 58.3838489253 -18.3144594405 49.9061229372 58.6376917467 -14.5 49.9061229372 58.6376917467 -15 49.9061229372 58.6376917467 -15.5 49.9061229372 58.6376917467 -16 49.9061229372 58.6376917467 -16.5 49.9061229372 58.6376917467 -17 49.9061229372 58.6376917467 -17.5 49.9061229372 58.6376917467 -18 49.9061229372 58.6376917467 -18.3144594405 50.1221667594 58.8915345681 -14.5 50.1221667594 58.8915345681 -15 50.1221667594 58.8915345681 -15.5 50.1221667594 58.8915345681 -16 50.1221667594 58.8915345681 -16.5 50.1221667594 58.8915345681 -17 50.1221667594 58.8915345681 -17.5 50.1221667594 58.8915345681 -18 50.1221667594 58.8915345681 -18.3144594405 50.3382105816 59.1453773895 -14.5 50.3382105816 59.1453773895 -15 50.3382105816 59.1453773895 -15.5 50.3382105816 59.1453773895 -16 50.3382105816 59.1453773895 -16.5 50.3382105816 59.1453773895 -17 50.3382105816 59.1453773895 -17.5 50.3382105816 59.1453773895 -18 50.3382105816 59.1453773895 -18.3144594405 50.5542544039 59.399220211 -14.5 50.5542544039 59.399220211 -15 50.5542544039 59.399220211 -15.5 50.5542544039 59.399220211 -16 50.5542544039 59.399220211 -16.5 50.5542544039 59.399220211 -17 50.5542544039 59.399220211 -17.5 50.5542544039 59.399220211 -18 50.5542544039 59.399220211 -18.3144594405 50.7702982261 59.6530630324 -14.5 50.7702982261 59.6530630324 -15 50.7702982261 59.6530630324 -15.5 50.7702982261 59.6530630324 -16 50.7702982261 59.6530630324 -16.5 50.7702982261 59.6530630324 -17 50.7702982261 59.6530630324 -17.5 50.7702982261 59.6530630324 -18 50.7702982261 59.6530630324 -18.3144594405 50.9863420483 59.9069058538 -14.5 50.9863420483 59.9069058538 -15 50.9863420483 59.9069058538 -15.5 50.9863420483 59.9069058538 -16 50.9863420483 59.9069058538 -16.5 50.9863420483 59.9069058538 -17 50.9863420483 59.9069058538 -17.5 50.9863420483 59.9069058538 -18 50.9863420483 59.9069058538 -18.3144594405 51.2023858706 60.1607486752 -14.5 51.2023858706 60.1607486752 -15 51.2023858706 60.1607486752 -15.5 51.2023858706 60.1607486752 -16 51.2023858706 60.1607486752 -16.5 51.2023858706 60.1607486752 -17 51.2023858706 60.1607486752 -17.5 51.2023858706 60.1607486752 -18 51.2023858706 60.1607486752 -18.3144594405 51.4184296928 60.4145914966 -14.5 51.4184296928 60.4145914966 -15 51.4184296928 60.4145914966 -15.5 51.4184296928 60.4145914966 -16 51.4184296928 60.4145914966 -16.5 51.4184296928 60.4145914966 -17 51.4184296928 60.4145914966 -17.5 51.4184296928 60.4145914966 -18 51.4184296928 60.4145914966 -18.3144594405 51.6344735151 60.668434318 -14.5 51.6344735151 60.668434318 -15 51.6344735151 60.668434318 -15.5 51.6344735151 60.668434318 -16 51.6344735151 60.668434318 -16.5 51.6344735151 60.668434318 -17 51.6344735151 60.668434318 -17.5 51.6344735151 60.668434318 -18 51.6344735151 60.668434318 -18.3144594405 51.8505173373 60.9222771394 -14.5 51.8505173373 60.9222771394 -15 51.8505173373 60.9222771394 -15.5 51.8505173373 60.9222771394 -16 51.8505173373 60.9222771394 -16.5 51.8505173373 60.9222771394 -17 51.8505173373 60.9222771394 -17.5 51.8505173373 60.9222771394 -18 51.8505173373 60.9222771394 -18.3144594405 49.6279779402 57.5592199875 -14.5 49.8456445101 57.8116727068 -14.5 49.6279779402 57.5592199875 -15 49.8456445101 57.8116727068 -15 49.6279779402 57.5592199875 -15.5 49.8456445101 57.8116727068 -15.5 49.6279779402 57.5592199875 -16 49.8456445101 57.8116727068 -16 49.6279779402 57.5592199875 -16.5 49.8456445101 57.8116727068 -16.5 49.6279779402 57.5592199875 -17 49.8456445101 57.8116727068 -17 49.6279779402 57.5592199875 -17.5 49.8456445101 57.8116727068 -17.5 49.6279779402 57.5592199875 -18 49.8456445101 57.8116727068 -18 49.6279779402 57.5592199875 -18.5359675869 49.8456445101 57.8116727068 -18.5359675869 50.06331108 58.064125426 -14.5 50.06331108 58.064125426 -15 50.06331108 58.064125426 -15.5 50.06331108 58.064125426 -16 50.06331108 58.064125426 -16.5 50.06331108 58.064125426 -17 50.06331108 58.064125426 -17.5 50.06331108 58.064125426 -18 50.06331108 58.064125426 -18.5359675869 50.2809776499 58.3165781452 -14.5 50.2809776499 58.3165781452 -15 50.2809776499 58.3165781452 -15.5 50.2809776499 58.3165781452 -16 50.2809776499 58.3165781452 -16.5 50.2809776499 58.3165781452 -17 50.2809776499 58.3165781452 -17.5 50.2809776499 58.3165781452 -18 50.2809776499 58.3165781452 -18.5359675869 50.4986442198 58.5690308645 -14.5 50.4986442198 58.5690308645 -15 50.4986442198 58.5690308645 -15.5 50.4986442198 58.5690308645 -16 50.4986442198 58.5690308645 -16.5 50.4986442198 58.5690308645 -17 50.4986442198 58.5690308645 -17.5 50.4986442198 58.5690308645 -18 50.4986442198 58.5690308645 -18.5359675869 50.7163107897 58.8214835837 -14.5 50.7163107897 58.8214835837 -15 50.7163107897 58.8214835837 -15.5 50.7163107897 58.8214835837 -16 50.7163107897 58.8214835837 -16.5 50.7163107897 58.8214835837 -17 50.7163107897 58.8214835837 -17.5 50.7163107897 58.8214835837 -18 50.7163107897 58.8214835837 -18.5359675869 50.9339773596 59.073936303 -14.5 50.9339773596 59.073936303 -15 50.9339773596 59.073936303 -15.5 50.9339773596 59.073936303 -16 50.9339773596 59.073936303 -16.5 50.9339773596 59.073936303 -17 50.9339773596 59.073936303 -17.5 50.9339773596 59.073936303 -18 50.9339773596 59.073936303 -18.5359675869 51.1516439296 59.3263890222 -14.5 51.1516439296 59.3263890222 -15 51.1516439296 59.3263890222 -15.5 51.1516439296 59.3263890222 -16 51.1516439296 59.3263890222 -16.5 51.1516439296 59.3263890222 -17 51.1516439296 59.3263890222 -17.5 51.1516439296 59.3263890222 -18 51.1516439296 59.3263890222 -18.5359675869 51.3693104995 59.5788417415 -14.5 51.3693104995 59.5788417415 -15 51.3693104995 59.5788417415 -15.5 51.3693104995 59.5788417415 -16 51.3693104995 59.5788417415 -16.5 51.3693104995 59.5788417415 -17 51.3693104995 59.5788417415 -17.5 51.3693104995 59.5788417415 -18 51.3693104995 59.5788417415 -18.5359675869 51.5869770694 59.8312944607 -14.5 51.5869770694 59.8312944607 -15 51.5869770694 59.8312944607 -15.5 51.5869770694 59.8312944607 -16 51.5869770694 59.8312944607 -16.5 51.5869770694 59.8312944607 -17 51.5869770694 59.8312944607 -17.5 51.5869770694 59.8312944607 -18 51.5869770694 59.8312944607 -18.5359675869 51.8046436393 60.0837471799 -14.5 51.8046436393 60.0837471799 -15 51.8046436393 60.0837471799 -15.5 51.8046436393 60.0837471799 -16 51.8046436393 60.0837471799 -16.5 51.8046436393 60.0837471799 -17 51.8046436393 60.0837471799 -17.5 51.8046436393 60.0837471799 -18 51.8046436393 60.0837471799 -18.5359675869 52.0223102092 60.3361998992 -14.5 52.0223102092 60.3361998992 -15 52.0223102092 60.3361998992 -15.5 52.0223102092 60.3361998992 -16 52.0223102092 60.3361998992 -16.5 52.0223102092 60.3361998992 -17 52.0223102092 60.3361998992 -17.5 52.0223102092 60.3361998992 -18 52.0223102092 60.3361998992 -18.5359675869 52.2399767791 60.5886526184 -14.5 52.2399767791 60.5886526184 -15 52.2399767791 60.5886526184 -15.5 52.2399767791 60.5886526184 -16 52.2399767791 60.5886526184 -16.5 52.2399767791 60.5886526184 -17 52.2399767791 60.5886526184 -17.5 52.2399767791 60.5886526184 -18 52.2399767791 60.5886526184 -18.5359675869 49.9959251344 57.2399115125 -15 50.2152055078 57.4909637559 -15 49.9959251344 57.2399115125 -15.5 50.2152055078 57.4909637559 -15.5 49.9959251344 57.2399115125 -16 50.2152055078 57.4909637559 -16 49.9959251344 57.2399115125 -16.5 50.2152055078 57.4909637559 -16.5 49.9959251344 57.2399115125 -17 50.2152055078 57.4909637559 -17 49.9959251344 57.2399115125 -17.5 50.2152055078 57.4909637559 -17.5 49.9959251344 57.2399115125 -18 50.2152055078 57.4909637559 -18 49.9959251344 57.2399115125 -18.5 50.2152055078 57.4909637559 -18.5 49.9959251344 57.2399115125 -18.7538824273 50.2152055078 57.4909637559 -18.7538824273 50.4344858812 57.7420159994 -15 50.4344858812 57.7420159994 -15.5 50.4344858812 57.7420159994 -16 50.4344858812 57.7420159994 -16.5 50.4344858812 57.7420159994 -17 50.4344858812 57.7420159994 -17.5 50.4344858812 57.7420159994 -18 50.4344858812 57.7420159994 -18.5 50.4344858812 57.7420159994 -18.7538824273 50.6537662546 57.9930682429 -15 50.6537662546 57.9930682429 -15.5 50.6537662546 57.9930682429 -16 50.6537662546 57.9930682429 -16.5 50.6537662546 57.9930682429 -17 50.6537662546 57.9930682429 -17.5 50.6537662546 57.9930682429 -18 50.6537662546 57.9930682429 -18.5 50.6537662546 57.9930682429 -18.7538824273 50.873046628 58.2441204864 -15 50.873046628 58.2441204864 -15.5 50.873046628 58.2441204864 -16 50.873046628 58.2441204864 -16.5 50.873046628 58.2441204864 -17 50.873046628 58.2441204864 -17.5 50.873046628 58.2441204864 -18 50.873046628 58.2441204864 -18.5 50.873046628 58.2441204864 -18.7538824273 51.0923270014 58.4951727298 -15 51.0923270014 58.4951727298 -15.5 51.0923270014 58.4951727298 -16 51.0923270014 58.4951727298 -16.5 51.0923270014 58.4951727298 -17 51.0923270014 58.4951727298 -17.5 51.0923270014 58.4951727298 -18 51.0923270014 58.4951727298 -18.5 51.0923270014 58.4951727298 -18.7538824273 51.3116073748 58.7462249733 -15 51.3116073748 58.7462249733 -15.5 51.3116073748 58.7462249733 -16 51.3116073748 58.7462249733 -16.5 51.3116073748 58.7462249733 -17 51.3116073748 58.7462249733 -17.5 51.3116073748 58.7462249733 -18 51.3116073748 58.7462249733 -18.5 51.3116073748 58.7462249733 -18.7538824273 51.5308877482 58.9972772168 -15 51.5308877482 58.9972772168 -15.5 51.5308877482 58.9972772168 -16 51.5308877482 58.9972772168 -16.5 51.5308877482 58.9972772168 -17 51.5308877482 58.9972772168 -17.5 51.5308877482 58.9972772168 -18 51.5308877482 58.9972772168 -18.5 51.5308877482 58.9972772168 -18.7538824273 51.7501681216 59.2483294603 -15 51.7501681216 59.2483294603 -15.5 51.7501681216 59.2483294603 -16 51.7501681216 59.2483294603 -16.5 51.7501681216 59.2483294603 -17 51.7501681216 59.2483294603 -17.5 51.7501681216 59.2483294603 -18 51.7501681216 59.2483294603 -18.5 51.7501681216 59.2483294603 -18.7538824273 51.969448495 59.4993817037 -15 51.969448495 59.4993817037 -15.5 51.969448495 59.4993817037 -16 51.969448495 59.4993817037 -16.5 51.969448495 59.4993817037 -17 51.969448495 59.4993817037 -17.5 51.969448495 59.4993817037 -18 51.969448495 59.4993817037 -18.5 51.969448495 59.4993817037 -18.7538824273 52.1887288684 59.7504339472 -15 52.1887288684 59.7504339472 -15.5 52.1887288684 59.7504339472 -16 52.1887288684 59.7504339472 -16.5 52.1887288684 59.7504339472 -17 52.1887288684 59.7504339472 -17.5 52.1887288684 59.7504339472 -18 52.1887288684 59.7504339472 -18.5 52.1887288684 59.7504339472 -18.7538824273 52.4080092418 60.0014861907 -15 52.4080092418 60.0014861907 -15.5 52.4080092418 60.0014861907 -16 52.4080092418 60.0014861907 -16.5 52.4080092418 60.0014861907 -17 52.4080092418 60.0014861907 -17.5 52.4080092418 60.0014861907 -18 52.4080092418 60.0014861907 -18.5 52.4080092418 60.0014861907 -18.7538824273 52.6272896152 60.2525384342 -15 52.6272896152 60.2525384342 -15.5 52.6272896152 60.2525384342 -16 52.6272896152 60.2525384342 -16.5 52.6272896152 60.2525384342 -17 52.6272896152 60.2525384342 -17.5 52.6272896152 60.2525384342 -18 52.6272896152 60.2525384342 -18.5 52.6272896152 60.2525384342 -18.7538824273 50.3618179338 56.9182509781 -15 50.5827031002 57.1678924297 -15 50.3618179338 56.9182509781 -15.5 50.5827031002 57.1678924297 -15.5 50.3618179338 56.9182509781 -16 50.5827031002 57.1678924297 -16 50.3618179338 56.9182509781 -16.5 50.5827031002 57.1678924297 -16.5 50.3618179338 56.9182509781 -17 50.5827031002 57.1678924297 -17 50.3618179338 56.9182509781 -17.5 50.5827031002 57.1678924297 -17.5 50.3618179338 56.9182509781 -18 50.5827031002 57.1678924297 -18 50.3618179338 56.9182509781 -18.5 50.5827031002 57.1678924297 -18.5 50.3618179338 56.9182509781 -18.9679606027 50.5827031002 57.1678924297 -18.9679606027 50.8035882665 57.4175338814 -15 50.8035882665 57.4175338814 -15.5 50.8035882665 57.4175338814 -16 50.8035882665 57.4175338814 -16.5 50.8035882665 57.4175338814 -17 50.8035882665 57.4175338814 -17.5 50.8035882665 57.4175338814 -18 50.8035882665 57.4175338814 -18.5 50.8035882665 57.4175338814 -18.9679606027 51.0244734329 57.6671753331 -15 51.0244734329 57.6671753331 -15.5 51.0244734329 57.6671753331 -16 51.0244734329 57.6671753331 -16.5 51.0244734329 57.6671753331 -17 51.0244734329 57.6671753331 -17.5 51.0244734329 57.6671753331 -18 51.0244734329 57.6671753331 -18.5 51.0244734329 57.6671753331 -18.9679606027 51.2453585993 57.9168167847 -15 51.2453585993 57.9168167847 -15.5 51.2453585993 57.9168167847 -16 51.2453585993 57.9168167847 -16.5 51.2453585993 57.9168167847 -17 51.2453585993 57.9168167847 -17.5 51.2453585993 57.9168167847 -18 51.2453585993 57.9168167847 -18.5 51.2453585993 57.9168167847 -18.9679606027 51.4662437657 58.1664582364 -15 51.4662437657 58.1664582364 -15.5 51.4662437657 58.1664582364 -16 51.4662437657 58.1664582364 -16.5 51.4662437657 58.1664582364 -17 51.4662437657 58.1664582364 -17.5 51.4662437657 58.1664582364 -18 51.4662437657 58.1664582364 -18.5 51.4662437657 58.1664582364 -18.9679606027 51.687128932 58.416099688 -15 51.687128932 58.416099688 -15.5 51.687128932 58.416099688 -16 51.687128932 58.416099688 -16.5 51.687128932 58.416099688 -17 51.687128932 58.416099688 -17.5 51.687128932 58.416099688 -18 51.687128932 58.416099688 -18.5 51.687128932 58.416099688 -18.9679606027 51.9080140984 58.6657411397 -15 51.9080140984 58.6657411397 -15.5 51.9080140984 58.6657411397 -16 51.9080140984 58.6657411397 -16.5 51.9080140984 58.6657411397 -17 51.9080140984 58.6657411397 -17.5 51.9080140984 58.6657411397 -18 51.9080140984 58.6657411397 -18.5 51.9080140984 58.6657411397 -18.9679606027 52.1288992648 58.9153825914 -15 52.1288992648 58.9153825914 -15.5 52.1288992648 58.9153825914 -16 52.1288992648 58.9153825914 -16.5 52.1288992648 58.9153825914 -17 52.1288992648 58.9153825914 -17.5 52.1288992648 58.9153825914 -18 52.1288992648 58.9153825914 -18.5 52.1288992648 58.9153825914 -18.9679606027 52.3497844312 59.165024043 -15 52.3497844312 59.165024043 -15.5 52.3497844312 59.165024043 -16 52.3497844312 59.165024043 -16.5 52.3497844312 59.165024043 -17 52.3497844312 59.165024043 -17.5 52.3497844312 59.165024043 -18 52.3497844312 59.165024043 -18.5 52.3497844312 59.165024043 -18.9679606027 52.5706695975 59.4146654947 -15 52.5706695975 59.4146654947 -15.5 52.5706695975 59.4146654947 -16 52.5706695975 59.4146654947 -16.5 52.5706695975 59.4146654947 -17 52.5706695975 59.4146654947 -17.5 52.5706695975 59.4146654947 -18 52.5706695975 59.4146654947 -18.5 52.5706695975 59.4146654947 -18.9679606027 52.7915547639 59.6643069463 -15 52.7915547639 59.6643069463 -15.5 52.7915547639 59.6643069463 -16 52.7915547639 59.6643069463 -16.5 52.7915547639 59.6643069463 -17 52.7915547639 59.6643069463 -17.5 52.7915547639 59.6643069463 -18 52.7915547639 59.6643069463 -18.5 52.7915547639 59.6643069463 -18.9679606027 53.0124399303 59.913948398 -15 53.0124399303 59.913948398 -15.5 53.0124399303 59.913948398 -16 53.0124399303 59.913948398 -16.5 53.0124399303 59.913948398 -17 53.0124399303 59.913948398 -17.5 53.0124399303 59.913948398 -18 53.0124399303 59.913948398 -18.5 53.0124399303 59.913948398 -18.9679606027 50.7256413033 56.5942516018 -15 50.9481221862 56.8424720036 -15 50.7256413033 56.5942516018 -15.5 50.9481221862 56.8424720036 -15.5 50.7256413033 56.5942516018 -16 50.9481221862 56.8424720036 -16 50.7256413033 56.5942516018 -16.5 50.9481221862 56.8424720036 -16.5 50.7256413033 56.5942516018 -17 50.9481221862 56.8424720036 -17 50.7256413033 56.5942516018 -17.5 50.9481221862 56.8424720036 -17.5 50.7256413033 56.5942516018 -18 50.9481221862 56.8424720036 -18 50.7256413033 56.5942516018 -18.5 50.9481221862 56.8424720036 -18.5 50.7256413033 56.5942516018 -19.1779587543 50.9481221862 56.8424720036 -19.1779587543 51.1706030691 57.0906924054 -15 51.1706030691 57.0906924054 -15.5 51.1706030691 57.0906924054 -16 51.1706030691 57.0906924054 -16.5 51.1706030691 57.0906924054 -17 51.1706030691 57.0906924054 -17.5 51.1706030691 57.0906924054 -18 51.1706030691 57.0906924054 -18.5 51.1706030691 57.0906924054 -19.1779587543 51.393083952 57.3389128071 -15 51.393083952 57.3389128071 -15.5 51.393083952 57.3389128071 -16 51.393083952 57.3389128071 -16.5 51.393083952 57.3389128071 -17 51.393083952 57.3389128071 -17.5 51.393083952 57.3389128071 -18 51.393083952 57.3389128071 -18.5 51.393083952 57.3389128071 -19.1779587543 51.6155648349 57.5871332089 -15 51.6155648349 57.5871332089 -15.5 51.6155648349 57.5871332089 -16 51.6155648349 57.5871332089 -16.5 51.6155648349 57.5871332089 -17 51.6155648349 57.5871332089 -17.5 51.6155648349 57.5871332089 -18 51.6155648349 57.5871332089 -18.5 51.6155648349 57.5871332089 -19.1779587543 51.8380457178 57.8353536107 -15 51.8380457178 57.8353536107 -15.5 51.8380457178 57.8353536107 -16 51.8380457178 57.8353536107 -16.5 51.8380457178 57.8353536107 -17 51.8380457178 57.8353536107 -17.5 51.8380457178 57.8353536107 -18 51.8380457178 57.8353536107 -18.5 51.8380457178 57.8353536107 -19.1779587543 52.0605266007 58.0835740124 -15 52.0605266007 58.0835740124 -15.5 52.0605266007 58.0835740124 -16 52.0605266007 58.0835740124 -16.5 52.0605266007 58.0835740124 -17 52.0605266007 58.0835740124 -17.5 52.0605266007 58.0835740124 -18 52.0605266007 58.0835740124 -18.5 52.0605266007 58.0835740124 -19.1779587543 52.2830074836 58.3317944142 -15 52.2830074836 58.3317944142 -15.5 52.2830074836 58.3317944142 -16 52.2830074836 58.3317944142 -16.5 52.2830074836 58.3317944142 -17 52.2830074836 58.3317944142 -17.5 52.2830074836 58.3317944142 -18 52.2830074836 58.3317944142 -18.5 52.2830074836 58.3317944142 -19.1779587543 52.5054883665 58.5800148159 -15 52.5054883665 58.5800148159 -15.5 52.5054883665 58.5800148159 -16 52.5054883665 58.5800148159 -16.5 52.5054883665 58.5800148159 -17 52.5054883665 58.5800148159 -17.5 52.5054883665 58.5800148159 -18 52.5054883665 58.5800148159 -18.5 52.5054883665 58.5800148159 -19.1779587543 52.7279692494 58.8282352177 -15 52.7279692494 58.8282352177 -15.5 52.7279692494 58.8282352177 -16 52.7279692494 58.8282352177 -16.5 52.7279692494 58.8282352177 -17 52.7279692494 58.8282352177 -17.5 52.7279692494 58.8282352177 -18 52.7279692494 58.8282352177 -18.5 52.7279692494 58.8282352177 -19.1779587543 52.9504501324 59.0764556195 -15 52.9504501324 59.0764556195 -15.5 52.9504501324 59.0764556195 -16 52.9504501324 59.0764556195 -16.5 52.9504501324 59.0764556195 -17 52.9504501324 59.0764556195 -17.5 52.9504501324 59.0764556195 -18 52.9504501324 59.0764556195 -18.5 52.9504501324 59.0764556195 -19.1779587543 53.1729310153 59.3246760212 -15 53.1729310153 59.3246760212 -15.5 53.1729310153 59.3246760212 -16 53.1729310153 59.3246760212 -16.5 53.1729310153 59.3246760212 -17 53.1729310153 59.3246760212 -17.5 53.1729310153 59.3246760212 -18 53.1729310153 59.3246760212 -18.5 53.1729310153 59.3246760212 -19.1779587543 53.3954118982 59.572896423 -15 53.3954118982 59.572896423 -15.5 53.3954118982 59.572896423 -16 53.3954118982 59.572896423 -16.5 53.3954118982 59.572896423 -17 53.3954118982 59.572896423 -17.5 53.3954118982 59.572896423 -18 53.3954118982 59.572896423 -18.5 53.3954118982 59.572896423 -19.1779587543 51.0873802929 56.2679266972 -15 51.3114477503 56.5147158494 -15 51.0873802929 56.2679266972 -15.5 51.3114477503 56.5147158494 -15.5 51.0873802929 56.2679266972 -16 51.3114477503 56.5147158494 -16 51.0873802929 56.2679266972 -16.5 51.3114477503 56.5147158494 -16.5 51.0873802929 56.2679266972 -17 51.3114477503 56.5147158494 -17 51.0873802929 56.2679266972 -17.5 51.3114477503 56.5147158494 -17.5 51.0873802929 56.2679266972 -18 51.3114477503 56.5147158494 -18 51.0873802929 56.2679266972 -18.5 51.3114477503 56.5147158494 -18.5 51.0873802929 56.2679266972 -19 51.3114477503 56.5147158494 -19 51.0873802929 56.2679266972 -19.383633523 51.3114477503 56.5147158494 -19.383633523 51.5355152078 56.7615050016 -15 51.5355152078 56.7615050016 -15.5 51.5355152078 56.7615050016 -16 51.5355152078 56.7615050016 -16.5 51.5355152078 56.7615050016 -17 51.5355152078 56.7615050016 -17.5 51.5355152078 56.7615050016 -18 51.5355152078 56.7615050016 -18.5 51.5355152078 56.7615050016 -19 51.5355152078 56.7615050016 -19.383633523 51.7595826652 57.0082941538 -15 51.7595826652 57.0082941538 -15.5 51.7595826652 57.0082941538 -16 51.7595826652 57.0082941538 -16.5 51.7595826652 57.0082941538 -17 51.7595826652 57.0082941538 -17.5 51.7595826652 57.0082941538 -18 51.7595826652 57.0082941538 -18.5 51.7595826652 57.0082941538 -19 51.7595826652 57.0082941538 -19.383633523 51.9836501226 57.255083306 -15 51.9836501226 57.255083306 -15.5 51.9836501226 57.255083306 -16 51.9836501226 57.255083306 -16.5 51.9836501226 57.255083306 -17 51.9836501226 57.255083306 -17.5 51.9836501226 57.255083306 -18 51.9836501226 57.255083306 -18.5 51.9836501226 57.255083306 -19 51.9836501226 57.255083306 -19.383633523 52.20771758 57.5018724581 -15 52.20771758 57.5018724581 -15.5 52.20771758 57.5018724581 -16 52.20771758 57.5018724581 -16.5 52.20771758 57.5018724581 -17 52.20771758 57.5018724581 -17.5 52.20771758 57.5018724581 -18 52.20771758 57.5018724581 -18.5 52.20771758 57.5018724581 -19 52.20771758 57.5018724581 -19.383633523 52.4317850375 57.7486616103 -15 52.4317850375 57.7486616103 -15.5 52.4317850375 57.7486616103 -16 52.4317850375 57.7486616103 -16.5 52.4317850375 57.7486616103 -17 52.4317850375 57.7486616103 -17.5 52.4317850375 57.7486616103 -18 52.4317850375 57.7486616103 -18.5 52.4317850375 57.7486616103 -19 52.4317850375 57.7486616103 -19.383633523 52.6558524949 57.9954507625 -15 52.6558524949 57.9954507625 -15.5 52.6558524949 57.9954507625 -16 52.6558524949 57.9954507625 -16.5 52.6558524949 57.9954507625 -17 52.6558524949 57.9954507625 -17.5 52.6558524949 57.9954507625 -18 52.6558524949 57.9954507625 -18.5 52.6558524949 57.9954507625 -19 52.6558524949 57.9954507625 -19.383633523 52.8799199523 58.2422399147 -15 52.8799199523 58.2422399147 -15.5 52.8799199523 58.2422399147 -16 52.8799199523 58.2422399147 -16.5 52.8799199523 58.2422399147 -17 52.8799199523 58.2422399147 -17.5 52.8799199523 58.2422399147 -18 52.8799199523 58.2422399147 -18.5 52.8799199523 58.2422399147 -19 52.8799199523 58.2422399147 -19.383633523 53.1039874097 58.4890290669 -15 53.1039874097 58.4890290669 -15.5 53.1039874097 58.4890290669 -16 53.1039874097 58.4890290669 -16.5 53.1039874097 58.4890290669 -17 53.1039874097 58.4890290669 -17.5 53.1039874097 58.4890290669 -18 53.1039874097 58.4890290669 -18.5 53.1039874097 58.4890290669 -19 53.1039874097 58.4890290669 -19.383633523 53.3280548672 58.7358182191 -15 53.3280548672 58.7358182191 -15.5 53.3280548672 58.7358182191 -16 53.3280548672 58.7358182191 -16.5 53.3280548672 58.7358182191 -17 53.3280548672 58.7358182191 -17.5 53.3280548672 58.7358182191 -18 53.3280548672 58.7358182191 -18.5 53.3280548672 58.7358182191 -19 53.3280548672 58.7358182191 -19.383633523 53.5521223246 58.9826073712 -15 53.5521223246 58.9826073712 -15.5 53.5521223246 58.9826073712 -16 53.5521223246 58.9826073712 -16.5 53.5521223246 58.9826073712 -17 53.5521223246 58.9826073712 -17.5 53.5521223246 58.9826073712 -18 53.5521223246 58.9826073712 -18.5 53.5521223246 58.9826073712 -19 53.5521223246 58.9826073712 -19.383633523 53.776189782 59.2293965234 -15 53.776189782 59.2293965234 -15.5 53.776189782 59.2293965234 -16 53.776189782 59.2293965234 -16.5 53.776189782 59.2293965234 -17 53.776189782 59.2293965234 -17.5 53.776189782 59.2293965234 -18 53.776189782 59.2293965234 -18.5 53.776189782 59.2293965234 -19 53.776189782 59.2293965234 -19.383633523 51.4470200384 55.9392896734 -15.5 51.6726648632 56.1846374351 -15.5 51.4470200384 55.9392896734 -16 51.6726648632 56.1846374351 -16 51.4470200384 55.9392896734 -16.5 51.6726648632 56.1846374351 -16.5 51.4470200384 55.9392896734 -17 51.6726648632 56.1846374351 -17 51.4470200384 55.9392896734 -17.5 51.6726648632 56.1846374351 -17.5 51.4470200384 55.9392896734 -18 51.6726648632 56.1846374351 -18 51.4470200384 55.9392896734 -18.5 51.6726648632 56.1846374351 -18.5 51.4470200384 55.9392896734 -19 51.6726648632 56.1846374351 -19 51.4470200384 55.9392896734 -19.5847415502 51.6726648632 56.1846374351 -19.5847415502 51.8983096879 56.4299851968 -15.5 51.8983096879 56.4299851968 -16 51.8983096879 56.4299851968 -16.5 51.8983096879 56.4299851968 -17 51.8983096879 56.4299851968 -17.5 51.8983096879 56.4299851968 -18 51.8983096879 56.4299851968 -18.5 51.8983096879 56.4299851968 -19 51.8983096879 56.4299851968 -19.5847415502 52.1239545126 56.6753329586 -15.5 52.1239545126 56.6753329586 -16 52.1239545126 56.6753329586 -16.5 52.1239545126 56.6753329586 -17 52.1239545126 56.6753329586 -17.5 52.1239545126 56.6753329586 -18 52.1239545126 56.6753329586 -18.5 52.1239545126 56.6753329586 -19 52.1239545126 56.6753329586 -19.5847415502 52.3495993374 56.9206807203 -15.5 52.3495993374 56.9206807203 -16 52.3495993374 56.9206807203 -16.5 52.3495993374 56.9206807203 -17 52.3495993374 56.9206807203 -17.5 52.3495993374 56.9206807203 -18 52.3495993374 56.9206807203 -18.5 52.3495993374 56.9206807203 -19 52.3495993374 56.9206807203 -19.5847415502 52.5752441621 57.166028482 -15.5 52.5752441621 57.166028482 -16 52.5752441621 57.166028482 -16.5 52.5752441621 57.166028482 -17 52.5752441621 57.166028482 -17.5 52.5752441621 57.166028482 -18 52.5752441621 57.166028482 -18.5 52.5752441621 57.166028482 -19 52.5752441621 57.166028482 -19.5847415502 52.8008889868 57.4113762438 -15.5 52.8008889868 57.4113762438 -16 52.8008889868 57.4113762438 -16.5 52.8008889868 57.4113762438 -17 52.8008889868 57.4113762438 -17.5 52.8008889868 57.4113762438 -18 52.8008889868 57.4113762438 -18.5 52.8008889868 57.4113762438 -19 52.8008889868 57.4113762438 -19.5847415502 53.0265338116 57.6567240055 -15.5 53.0265338116 57.6567240055 -16 53.0265338116 57.6567240055 -16.5 53.0265338116 57.6567240055 -17 53.0265338116 57.6567240055 -17.5 53.0265338116 57.6567240055 -18 53.0265338116 57.6567240055 -18.5 53.0265338116 57.6567240055 -19 53.0265338116 57.6567240055 -19.5847415502 53.2521786363 57.9020717672 -15.5 53.2521786363 57.9020717672 -16 53.2521786363 57.9020717672 -16.5 53.2521786363 57.9020717672 -17 53.2521786363 57.9020717672 -17.5 53.2521786363 57.9020717672 -18 53.2521786363 57.9020717672 -18.5 53.2521786363 57.9020717672 -19 53.2521786363 57.9020717672 -19.5847415502 53.477823461 58.1474195289 -15.5 53.477823461 58.1474195289 -16 53.477823461 58.1474195289 -16.5 53.477823461 58.1474195289 -17 53.477823461 58.1474195289 -17.5 53.477823461 58.1474195289 -18 53.477823461 58.1474195289 -18.5 53.477823461 58.1474195289 -19 53.477823461 58.1474195289 -19.5847415502 53.7034682857 58.3927672907 -15.5 53.7034682857 58.3927672907 -16 53.7034682857 58.3927672907 -16.5 53.7034682857 58.3927672907 -17 53.7034682857 58.3927672907 -17.5 53.7034682857 58.3927672907 -18 53.7034682857 58.3927672907 -18.5 53.7034682857 58.3927672907 -19 53.7034682857 58.3927672907 -19.5847415502 53.9291131105 58.6381150524 -15.5 53.9291131105 58.6381150524 -16 53.9291131105 58.6381150524 -16.5 53.9291131105 58.6381150524 -17 53.9291131105 58.6381150524 -17.5 53.9291131105 58.6381150524 -18 53.9291131105 58.6381150524 -18.5 53.9291131105 58.6381150524 -19 53.9291131105 58.6381150524 -19.5847415502 54.1547579352 58.8834628141 -15.5 54.1547579352 58.8834628141 -16 54.1547579352 58.8834628141 -16.5 54.1547579352 58.8834628141 -17 54.1547579352 58.8834628141 -17.5 54.1547579352 58.8834628141 -18 54.1547579352 58.8834628141 -18.5 54.1547579352 58.8834628141 -19 54.1547579352 58.8834628141 -19.5847415502 51.8045457618 55.6083540344 -15.5 52.0317586818 55.852250324 -15.5 51.8045457618 55.6083540344 -16 52.0317586818 55.852250324 -16 51.8045457618 55.6083540344 -16.5 52.0317586818 55.852250324 -16.5 51.8045457618 55.6083540344 -17 52.0317586818 55.852250324 -17 51.8045457618 55.6083540344 -17.5 52.0317586818 55.852250324 -17.5 51.8045457618 55.6083540344 -18 52.0317586818 55.852250324 -18 51.8045457618 55.6083540344 -18.5 52.0317586818 55.852250324 -18.5 51.8045457618 55.6083540344 -19 52.0317586818 55.852250324 -19 51.8045457618 55.6083540344 -19.5 52.0317586818 55.852250324 -19.5 51.8045457618 55.6083540344 -19.7810394768 52.0317586818 55.852250324 -19.7810394768 52.2589716018 56.0961466137 -15.5 52.2589716018 56.0961466137 -16 52.2589716018 56.0961466137 -16.5 52.2589716018 56.0961466137 -17 52.2589716018 56.0961466137 -17.5 52.2589716018 56.0961466137 -18 52.2589716018 56.0961466137 -18.5 52.2589716018 56.0961466137 -19 52.2589716018 56.0961466137 -19.5 52.2589716018 56.0961466137 -19.7810394768 52.4861845218 56.3400429033 -15.5 52.4861845218 56.3400429033 -16 52.4861845218 56.3400429033 -16.5 52.4861845218 56.3400429033 -17 52.4861845218 56.3400429033 -17.5 52.4861845218 56.3400429033 -18 52.4861845218 56.3400429033 -18.5 52.4861845218 56.3400429033 -19 52.4861845218 56.3400429033 -19.5 52.4861845218 56.3400429033 -19.7810394768 52.7133974418 56.5839391929 -15.5 52.7133974418 56.5839391929 -16 52.7133974418 56.5839391929 -16.5 52.7133974418 56.5839391929 -17 52.7133974418 56.5839391929 -17.5 52.7133974418 56.5839391929 -18 52.7133974418 56.5839391929 -18.5 52.7133974418 56.5839391929 -19 52.7133974418 56.5839391929 -19.5 52.7133974418 56.5839391929 -19.7810394768 52.9406103618 56.8278354825 -15.5 52.9406103618 56.8278354825 -16 52.9406103618 56.8278354825 -16.5 52.9406103618 56.8278354825 -17 52.9406103618 56.8278354825 -17.5 52.9406103618 56.8278354825 -18 52.9406103618 56.8278354825 -18.5 52.9406103618 56.8278354825 -19 52.9406103618 56.8278354825 -19.5 52.9406103618 56.8278354825 -19.7810394768 53.1678232818 57.0717317722 -15.5 53.1678232818 57.0717317722 -16 53.1678232818 57.0717317722 -16.5 53.1678232818 57.0717317722 -17 53.1678232818 57.0717317722 -17.5 53.1678232818 57.0717317722 -18 53.1678232818 57.0717317722 -18.5 53.1678232818 57.0717317722 -19 53.1678232818 57.0717317722 -19.5 53.1678232818 57.0717317722 -19.7810394768 53.3950362018 57.3156280618 -15.5 53.3950362018 57.3156280618 -16 53.3950362018 57.3156280618 -16.5 53.3950362018 57.3156280618 -17 53.3950362018 57.3156280618 -17.5 53.3950362018 57.3156280618 -18 53.3950362018 57.3156280618 -18.5 53.3950362018 57.3156280618 -19 53.3950362018 57.3156280618 -19.5 53.3950362018 57.3156280618 -19.7810394768 53.6222491218 57.5595243514 -15.5 53.6222491218 57.5595243514 -16 53.6222491218 57.5595243514 -16.5 53.6222491218 57.5595243514 -17 53.6222491218 57.5595243514 -17.5 53.6222491218 57.5595243514 -18 53.6222491218 57.5595243514 -18.5 53.6222491218 57.5595243514 -19 53.6222491218 57.5595243514 -19.5 53.6222491218 57.5595243514 -19.7810394768 53.8494620418 57.803420641 -15.5 53.8494620418 57.803420641 -16 53.8494620418 57.803420641 -16.5 53.8494620418 57.803420641 -17 53.8494620418 57.803420641 -17.5 53.8494620418 57.803420641 -18 53.8494620418 57.803420641 -18.5 53.8494620418 57.803420641 -19 53.8494620418 57.803420641 -19.5 53.8494620418 57.803420641 -19.7810394768 54.0766749619 58.0473169307 -15.5 54.0766749619 58.0473169307 -16 54.0766749619 58.0473169307 -16.5 54.0766749619 58.0473169307 -17 54.0766749619 58.0473169307 -17.5 54.0766749619 58.0473169307 -18 54.0766749619 58.0473169307 -18.5 54.0766749619 58.0473169307 -19 54.0766749619 58.0473169307 -19.5 54.0766749619 58.0473169307 -19.7810394768 54.3038878819 58.2912132203 -15.5 54.3038878819 58.2912132203 -16 54.3038878819 58.2912132203 -16.5 54.3038878819 58.2912132203 -17 54.3038878819 58.2912132203 -17.5 54.3038878819 58.2912132203 -18 54.3038878819 58.2912132203 -18.5 54.3038878819 58.2912132203 -19 54.3038878819 58.2912132203 -19.5 54.3038878819 58.2912132203 -19.7810394768 54.5311008019 58.5351095099 -15.5 54.5311008019 58.5351095099 -16 54.5311008019 58.5351095099 -16.5 54.5311008019 58.5351095099 -17 54.5311008019 58.5351095099 -17.5 54.5311008019 58.5351095099 -18 54.5311008019 58.5351095099 -18.5 54.5311008019 58.5351095099 -19 54.5311008019 58.5351095099 -19.5 54.5311008019 58.5351095099 -19.7810394768 52.1599427717 55.2751333788 -15.5 52.3887144506 55.5175681744 -15.5 52.1599427717 55.2751333788 -16 52.3887144506 55.5175681744 -16 52.1599427717 55.2751333788 -16.5 52.3887144506 55.5175681744 -16.5 52.1599427717 55.2751333788 -17 52.3887144506 55.5175681744 -17 52.1599427717 55.2751333788 -17.5 52.3887144506 55.5175681744 -17.5 52.1599427717 55.2751333788 -18 52.3887144506 55.5175681744 -18 52.1599427717 55.2751333788 -18.5 52.3887144506 55.5175681744 -18.5 52.1599427717 55.2751333788 -19 52.3887144506 55.5175681744 -19 52.1599427717 55.2751333788 -19.5 52.3887144506 55.5175681744 -19.5 52.1599427717 55.2751333788 -19.9722839439 52.3887144506 55.5175681744 -19.9722839439 52.6174861294 55.7600029699 -15.5 52.6174861294 55.7600029699 -16 52.6174861294 55.7600029699 -16.5 52.6174861294 55.7600029699 -17 52.6174861294 55.7600029699 -17.5 52.6174861294 55.7600029699 -18 52.6174861294 55.7600029699 -18.5 52.6174861294 55.7600029699 -19 52.6174861294 55.7600029699 -19.5 52.6174861294 55.7600029699 -19.9722839439 52.8462578082 56.0024377654 -15.5 52.8462578082 56.0024377654 -16 52.8462578082 56.0024377654 -16.5 52.8462578082 56.0024377654 -17 52.8462578082 56.0024377654 -17.5 52.8462578082 56.0024377654 -18 52.8462578082 56.0024377654 -18.5 52.8462578082 56.0024377654 -19 52.8462578082 56.0024377654 -19.5 52.8462578082 56.0024377654 -19.9722839439 53.075029487 56.2448725609 -15.5 53.075029487 56.2448725609 -16 53.075029487 56.2448725609 -16.5 53.075029487 56.2448725609 -17 53.075029487 56.2448725609 -17.5 53.075029487 56.2448725609 -18 53.075029487 56.2448725609 -18.5 53.075029487 56.2448725609 -19 53.075029487 56.2448725609 -19.5 53.075029487 56.2448725609 -19.9722839439 53.3038011659 56.4873073564 -15.5 53.3038011659 56.4873073564 -16 53.3038011659 56.4873073564 -16.5 53.3038011659 56.4873073564 -17 53.3038011659 56.4873073564 -17.5 53.3038011659 56.4873073564 -18 53.3038011659 56.4873073564 -18.5 53.3038011659 56.4873073564 -19 53.3038011659 56.4873073564 -19.5 53.3038011659 56.4873073564 -19.9722839439 53.5325728447 56.729742152 -15.5 53.5325728447 56.729742152 -16 53.5325728447 56.729742152 -16.5 53.5325728447 56.729742152 -17 53.5325728447 56.729742152 -17.5 53.5325728447 56.729742152 -18 53.5325728447 56.729742152 -18.5 53.5325728447 56.729742152 -19 53.5325728447 56.729742152 -19.5 53.5325728447 56.729742152 -19.9722839439 53.7613445235 56.9721769475 -15.5 53.7613445235 56.9721769475 -16 53.7613445235 56.9721769475 -16.5 53.7613445235 56.9721769475 -17 53.7613445235 56.9721769475 -17.5 53.7613445235 56.9721769475 -18 53.7613445235 56.9721769475 -18.5 53.7613445235 56.9721769475 -19 53.7613445235 56.9721769475 -19.5 53.7613445235 56.9721769475 -19.9722839439 53.9901162023 57.214611743 -15.5 53.9901162023 57.214611743 -16 53.9901162023 57.214611743 -16.5 53.9901162023 57.214611743 -17 53.9901162023 57.214611743 -17.5 53.9901162023 57.214611743 -18 53.9901162023 57.214611743 -18.5 53.9901162023 57.214611743 -19 53.9901162023 57.214611743 -19.5 53.9901162023 57.214611743 -19.9722839439 54.2188878812 57.4570465385 -15.5 54.2188878812 57.4570465385 -16 54.2188878812 57.4570465385 -16.5 54.2188878812 57.4570465385 -17 54.2188878812 57.4570465385 -17.5 54.2188878812 57.4570465385 -18 54.2188878812 57.4570465385 -18.5 54.2188878812 57.4570465385 -19 54.2188878812 57.4570465385 -19.5 54.2188878812 57.4570465385 -19.9722839439 54.44765956 57.699481334 -15.5 54.44765956 57.699481334 -16 54.44765956 57.699481334 -16.5 54.44765956 57.699481334 -17 54.44765956 57.699481334 -17.5 54.44765956 57.699481334 -18 54.44765956 57.699481334 -18.5 54.44765956 57.699481334 -19 54.44765956 57.699481334 -19.5 54.44765956 57.699481334 -19.9722839439 54.6764312388 57.9419161296 -15.5 54.6764312388 57.9419161296 -16 54.6764312388 57.9419161296 -16.5 54.6764312388 57.9419161296 -17 54.6764312388 57.9419161296 -17.5 54.6764312388 57.9419161296 -18 54.6764312388 57.9419161296 -18.5 54.6764312388 57.9419161296 -19 54.6764312388 57.9419161296 -19.5 54.6764312388 57.9419161296 -19.9722839439 54.9052029176 58.1843509251 -15.5 54.9052029176 58.1843509251 -16 54.9052029176 58.1843509251 -16.5 54.9052029176 58.1843509251 -17 54.9052029176 58.1843509251 -17.5 54.9052029176 58.1843509251 -18 54.9052029176 58.1843509251 -18.5 54.9052029176 58.1843509251 -19 54.9052029176 58.1843509251 -19.5 54.9052029176 58.1843509251 -19.9722839439 52.5131964646 54.9396413991 -16 52.7435175018 55.1806047386 -16 52.5131964646 54.9396413991 -16.5 52.7435175018 55.1806047386 -16.5 52.5131964646 54.9396413991 -17 52.7435175018 55.1806047386 -17 52.5131964646 54.9396413991 -17.5 52.7435175018 55.1806047386 -17.5 52.5131964646 54.9396413991 -18 52.7435175018 55.1806047386 -18 52.5131964646 54.9396413991 -18.5 52.7435175018 55.1806047386 -18.5 52.5131964646 54.9396413991 -19 52.7435175018 55.1806047386 -19 52.5131964646 54.9396413991 -19.5 52.7435175018 55.1806047386 -19.5 52.5131964646 54.9396413991 -20.1582315927 52.7435175018 55.1806047386 -20.1582315927 52.9738385389 55.4215680781 -16 52.9738385389 55.4215680781 -16.5 52.9738385389 55.4215680781 -17 52.9738385389 55.4215680781 -17.5 52.9738385389 55.4215680781 -18 52.9738385389 55.4215680781 -18.5 52.9738385389 55.4215680781 -19 52.9738385389 55.4215680781 -19.5 52.9738385389 55.4215680781 -20.1582315927 53.204159576 55.6625314175 -16 53.204159576 55.6625314175 -16.5 53.204159576 55.6625314175 -17 53.204159576 55.6625314175 -17.5 53.204159576 55.6625314175 -18 53.204159576 55.6625314175 -18.5 53.204159576 55.6625314175 -19 53.204159576 55.6625314175 -19.5 53.204159576 55.6625314175 -20.1582315927 53.4344806132 55.903494757 -16 53.4344806132 55.903494757 -16.5 53.4344806132 55.903494757 -17 53.4344806132 55.903494757 -17.5 53.4344806132 55.903494757 -18 53.4344806132 55.903494757 -18.5 53.4344806132 55.903494757 -19 53.4344806132 55.903494757 -19.5 53.4344806132 55.903494757 -20.1582315927 53.6648016503 56.1444580965 -16 53.6648016503 56.1444580965 -16.5 53.6648016503 56.1444580965 -17 53.6648016503 56.1444580965 -17.5 53.6648016503 56.1444580965 -18 53.6648016503 56.1444580965 -18.5 53.6648016503 56.1444580965 -19 53.6648016503 56.1444580965 -19.5 53.6648016503 56.1444580965 -20.1582315927 53.8951226874 56.385421436 -16 53.8951226874 56.385421436 -16.5 53.8951226874 56.385421436 -17 53.8951226874 56.385421436 -17.5 53.8951226874 56.385421436 -18 53.8951226874 56.385421436 -18.5 53.8951226874 56.385421436 -19 53.8951226874 56.385421436 -19.5 53.8951226874 56.385421436 -20.1582315927 54.1254437245 56.6263847754 -16 54.1254437245 56.6263847754 -16.5 54.1254437245 56.6263847754 -17 54.1254437245 56.6263847754 -17.5 54.1254437245 56.6263847754 -18 54.1254437245 56.6263847754 -18.5 54.1254437245 56.6263847754 -19 54.1254437245 56.6263847754 -19.5 54.1254437245 56.6263847754 -20.1582315927 54.3557647617 56.8673481149 -16 54.3557647617 56.8673481149 -16.5 54.3557647617 56.8673481149 -17 54.3557647617 56.8673481149 -17.5 54.3557647617 56.8673481149 -18 54.3557647617 56.8673481149 -18.5 54.3557647617 56.8673481149 -19 54.3557647617 56.8673481149 -19.5 54.3557647617 56.8673481149 -20.1582315927 54.5860857988 57.1083114544 -16 54.5860857988 57.1083114544 -16.5 54.5860857988 57.1083114544 -17 54.5860857988 57.1083114544 -17.5 54.5860857988 57.1083114544 -18 54.5860857988 57.1083114544 -18.5 54.5860857988 57.1083114544 -19 54.5860857988 57.1083114544 -19.5 54.5860857988 57.1083114544 -20.1582315927 54.8164068359 57.3492747938 -16 54.8164068359 57.3492747938 -16.5 54.8164068359 57.3492747938 -17 54.8164068359 57.3492747938 -17.5 54.8164068359 57.3492747938 -18 54.8164068359 57.3492747938 -18.5 54.8164068359 57.3492747938 -19 54.8164068359 57.3492747938 -19.5 54.8164068359 57.3492747938 -20.1582315927 55.046727873 57.5902381333 -16 55.046727873 57.5902381333 -16.5 55.046727873 57.5902381333 -17 55.046727873 57.5902381333 -17.5 55.046727873 57.5902381333 -18 55.046727873 57.5902381333 -18.5 55.046727873 57.5902381333 -19 55.046727873 57.5902381333 -19.5 55.046727873 57.5902381333 -20.1582315927 55.2770489102 57.8312014728 -16 55.2770489102 57.8312014728 -16.5 55.2770489102 57.8312014728 -17 55.2770489102 57.8312014728 -17.5 55.2770489102 57.8312014728 -18 55.2770489102 57.8312014728 -18.5 55.2770489102 57.8312014728 -19 55.2770489102 57.8312014728 -19.5 55.2770489102 57.8312014728 -20.1582315927 52.8642923249 54.6018918811 -16 53.0961532561 54.841373863 -16 52.8642923249 54.6018918811 -16.5 53.0961532561 54.841373863 -16.5 52.8642923249 54.6018918811 -17 53.0961532561 54.841373863 -17 52.8642923249 54.6018918811 -17.5 53.0961532561 54.841373863 -17.5 52.8642923249 54.6018918811 -18 53.0961532561 54.841373863 -18 52.8642923249 54.6018918811 -18.5 53.0961532561 54.841373863 -18.5 52.8642923249 54.6018918811 -19 53.0961532561 54.841373863 -19 52.8642923249 54.6018918811 -19.5 53.0961532561 54.841373863 -19.5 52.8642923249 54.6018918811 -20 53.0961532561 54.841373863 -20 52.8642923249 54.6018918811 -20.3386390642 53.0961532561 54.841373863 -20.3386390642 53.3280141873 55.0808558449 -16 53.3280141873 55.0808558449 -16.5 53.3280141873 55.0808558449 -17 53.3280141873 55.0808558449 -17.5 53.3280141873 55.0808558449 -18 53.3280141873 55.0808558449 -18.5 53.3280141873 55.0808558449 -19 53.3280141873 55.0808558449 -19.5 53.3280141873 55.0808558449 -20 53.3280141873 55.0808558449 -20.3386390642 53.5598751186 55.3203378269 -16 53.5598751186 55.3203378269 -16.5 53.5598751186 55.3203378269 -17 53.5598751186 55.3203378269 -17.5 53.5598751186 55.3203378269 -18 53.5598751186 55.3203378269 -18.5 53.5598751186 55.3203378269 -19 53.5598751186 55.3203378269 -19.5 53.5598751186 55.3203378269 -20 53.5598751186 55.3203378269 -20.3386390642 53.7917360498 55.5598198088 -16 53.7917360498 55.5598198088 -16.5 53.7917360498 55.5598198088 -17 53.7917360498 55.5598198088 -17.5 53.7917360498 55.5598198088 -18 53.7917360498 55.5598198088 -18.5 53.7917360498 55.5598198088 -19 53.7917360498 55.5598198088 -19.5 53.7917360498 55.5598198088 -20 53.7917360498 55.5598198088 -20.3386390642 54.0235969811 55.7993017907 -16 54.0235969811 55.7993017907 -16.5 54.0235969811 55.7993017907 -17 54.0235969811 55.7993017907 -17.5 54.0235969811 55.7993017907 -18 54.0235969811 55.7993017907 -18.5 54.0235969811 55.7993017907 -19 54.0235969811 55.7993017907 -19.5 54.0235969811 55.7993017907 -20 54.0235969811 55.7993017907 -20.3386390642 54.2554579123 56.0387837727 -16 54.2554579123 56.0387837727 -16.5 54.2554579123 56.0387837727 -17 54.2554579123 56.0387837727 -17.5 54.2554579123 56.0387837727 -18 54.2554579123 56.0387837727 -18.5 54.2554579123 56.0387837727 -19 54.2554579123 56.0387837727 -19.5 54.2554579123 56.0387837727 -20 54.2554579123 56.0387837727 -20.3386390642 54.4873188436 56.2782657546 -16 54.4873188436 56.2782657546 -16.5 54.4873188436 56.2782657546 -17 54.4873188436 56.2782657546 -17.5 54.4873188436 56.2782657546 -18 54.4873188436 56.2782657546 -18.5 54.4873188436 56.2782657546 -19 54.4873188436 56.2782657546 -19.5 54.4873188436 56.2782657546 -20 54.4873188436 56.2782657546 -20.3386390642 54.7191797748 56.5177477366 -16 54.7191797748 56.5177477366 -16.5 54.7191797748 56.5177477366 -17 54.7191797748 56.5177477366 -17.5 54.7191797748 56.5177477366 -18 54.7191797748 56.5177477366 -18.5 54.7191797748 56.5177477366 -19 54.7191797748 56.5177477366 -19.5 54.7191797748 56.5177477366 -20 54.7191797748 56.5177477366 -20.3386390642 54.9510407061 56.7572297185 -16 54.9510407061 56.7572297185 -16.5 54.9510407061 56.7572297185 -17 54.9510407061 56.7572297185 -17.5 54.9510407061 56.7572297185 -18 54.9510407061 56.7572297185 -18.5 54.9510407061 56.7572297185 -19 54.9510407061 56.7572297185 -19.5 54.9510407061 56.7572297185 -20 54.9510407061 56.7572297185 -20.3386390642 55.1829016373 56.9967117004 -16 55.1829016373 56.9967117004 -16.5 55.1829016373 56.9967117004 -17 55.1829016373 56.9967117004 -17.5 55.1829016373 56.9967117004 -18 55.1829016373 56.9967117004 -18.5 55.1829016373 56.9967117004 -19 55.1829016373 56.9967117004 -19.5 55.1829016373 56.9967117004 -20 55.1829016373 56.9967117004 -20.3386390642 55.4147625686 57.2361936824 -16 55.4147625686 57.2361936824 -16.5 55.4147625686 57.2361936824 -17 55.4147625686 57.2361936824 -17.5 55.4147625686 57.2361936824 -18 55.4147625686 57.2361936824 -18.5 55.4147625686 57.2361936824 -19 55.4147625686 57.2361936824 -19.5 55.4147625686 57.2361936824 -20 55.4147625686 57.2361936824 -20.3386390642 55.6466234998 57.4756756643 -16 55.6466234998 57.4756756643 -16.5 55.6466234998 57.4756756643 -17 55.6466234998 57.4756756643 -17.5 55.6466234998 57.4756756643 -18 55.6466234998 57.4756756643 -18.5 55.6466234998 57.4756756643 -19 55.6466234998 57.4756756643 -19.5 55.6466234998 57.4756756643 -20 55.6466234998 57.4756756643 -20.3386390642 53.2132159254 54.2618987032 -16 53.4466072233 54.499889487 -16 53.2132159254 54.2618987032 -16.5 53.4466072233 54.499889487 -16.5 53.2132159254 54.2618987032 -17 53.4466072233 54.499889487 -17 53.2132159254 54.2618987032 -17.5 53.4466072233 54.499889487 -17.5 53.2132159254 54.2618987032 -18 53.4466072233 54.499889487 -18 53.2132159254 54.2618987032 -18.5 53.4466072233 54.499889487 -18.5 53.2132159254 54.2618987032 -19 53.4466072233 54.499889487 -19 53.2132159254 54.2618987032 -19.5 53.4466072233 54.499889487 -19.5 53.2132159254 54.2618987032 -20 53.4466072233 54.499889487 -20 53.2132159254 54.2618987032 -20.5132629996 53.4466072233 54.499889487 -20.5132629996 53.6799985212 54.7378802708 -16 53.6799985212 54.7378802708 -16.5 53.6799985212 54.7378802708 -17 53.6799985212 54.7378802708 -17.5 53.6799985212 54.7378802708 -18 53.6799985212 54.7378802708 -18.5 53.6799985212 54.7378802708 -19 53.6799985212 54.7378802708 -19.5 53.6799985212 54.7378802708 -20 53.6799985212 54.7378802708 -20.5132629996 53.9133898191 54.9758710546 -16 53.9133898191 54.9758710546 -16.5 53.9133898191 54.9758710546 -17 53.9133898191 54.9758710546 -17.5 53.9133898191 54.9758710546 -18 53.9133898191 54.9758710546 -18.5 53.9133898191 54.9758710546 -19 53.9133898191 54.9758710546 -19.5 53.9133898191 54.9758710546 -20 53.9133898191 54.9758710546 -20.5132629996 54.1467811171 55.2138618384 -16 54.1467811171 55.2138618384 -16.5 54.1467811171 55.2138618384 -17 54.1467811171 55.2138618384 -17.5 54.1467811171 55.2138618384 -18 54.1467811171 55.2138618384 -18.5 54.1467811171 55.2138618384 -19 54.1467811171 55.2138618384 -19.5 54.1467811171 55.2138618384 -20 54.1467811171 55.2138618384 -20.5132629996 54.380172415 55.4518526222 -16 54.380172415 55.4518526222 -16.5 54.380172415 55.4518526222 -17 54.380172415 55.4518526222 -17.5 54.380172415 55.4518526222 -18 54.380172415 55.4518526222 -18.5 54.380172415 55.4518526222 -19 54.380172415 55.4518526222 -19.5 54.380172415 55.4518526222 -20 54.380172415 55.4518526222 -20.5132629996 54.6135637129 55.6898434059 -16 54.6135637129 55.6898434059 -16.5 54.6135637129 55.6898434059 -17 54.6135637129 55.6898434059 -17.5 54.6135637129 55.6898434059 -18 54.6135637129 55.6898434059 -18.5 54.6135637129 55.6898434059 -19 54.6135637129 55.6898434059 -19.5 54.6135637129 55.6898434059 -20 54.6135637129 55.6898434059 -20.5132629996 54.8469550108 55.9278341897 -16 54.8469550108 55.9278341897 -16.5 54.8469550108 55.9278341897 -17 54.8469550108 55.9278341897 -17.5 54.8469550108 55.9278341897 -18 54.8469550108 55.9278341897 -18.5 54.8469550108 55.9278341897 -19 54.8469550108 55.9278341897 -19.5 54.8469550108 55.9278341897 -20 54.8469550108 55.9278341897 -20.5132629996 55.0803463087 56.1658249735 -16 55.0803463087 56.1658249735 -16.5 55.0803463087 56.1658249735 -17 55.0803463087 56.1658249735 -17.5 55.0803463087 56.1658249735 -18 55.0803463087 56.1658249735 -18.5 55.0803463087 56.1658249735 -19 55.0803463087 56.1658249735 -19.5 55.0803463087 56.1658249735 -20 55.0803463087 56.1658249735 -20.5132629996 55.3137376066 56.4038157573 -16 55.3137376066 56.4038157573 -16.5 55.3137376066 56.4038157573 -17 55.3137376066 56.4038157573 -17.5 55.3137376066 56.4038157573 -18 55.3137376066 56.4038157573 -18.5 55.3137376066 56.4038157573 -19 55.3137376066 56.4038157573 -19.5 55.3137376066 56.4038157573 -20 55.3137376066 56.4038157573 -20.5132629996 55.5471289046 56.6418065411 -16 55.5471289046 56.6418065411 -16.5 55.5471289046 56.6418065411 -17 55.5471289046 56.6418065411 -17.5 55.5471289046 56.6418065411 -18 55.5471289046 56.6418065411 -18.5 55.5471289046 56.6418065411 -19 55.5471289046 56.6418065411 -19.5 55.5471289046 56.6418065411 -20 55.5471289046 56.6418065411 -20.5132629996 55.7805202025 56.8797973249 -16 55.7805202025 56.8797973249 -16.5 55.7805202025 56.8797973249 -17 55.7805202025 56.8797973249 -17.5 55.7805202025 56.8797973249 -18 55.7805202025 56.8797973249 -18.5 55.7805202025 56.8797973249 -19 55.7805202025 56.8797973249 -19.5 55.7805202025 56.8797973249 -20 55.7805202025 56.8797973249 -20.5132629996 56.0139115004 57.1177881087 -16 56.0139115004 57.1177881087 -16.5 56.0139115004 57.1177881087 -17 56.0139115004 57.1177881087 -17.5 56.0139115004 57.1177881087 -18 56.0139115004 57.1177881087 -18.5 56.0139115004 57.1177881087 -19 56.0139115004 57.1177881087 -19.5 56.0139115004 57.1177881087 -20 56.0139115004 57.1177881087 -20.5132629996 53.5599529285 53.9196758363 -16.5 53.7948650028 54.1561656426 -16.5 53.5599529285 53.9196758363 -17 53.7948650028 54.1561656426 -17 53.5599529285 53.9196758363 -17.5 53.7948650028 54.1561656426 -17.5 53.5599529285 53.9196758363 -18 53.7948650028 54.1561656426 -18 53.5599529285 53.9196758363 -18.5 53.7948650028 54.1561656426 -18.5 53.5599529285 53.9196758363 -19 53.7948650028 54.1561656426 -19 53.5599529285 53.9196758363 -19.5 53.7948650028 54.1561656426 -19.5 53.5599529285 53.9196758363 -20 53.7948650028 54.1561656426 -20 53.5599529285 53.9196758363 -20.68186004 53.7948650028 54.1561656426 -20.68186004 54.029777077 54.3926554489 -16.5 54.029777077 54.3926554489 -17 54.029777077 54.3926554489 -17.5 54.029777077 54.3926554489 -18 54.029777077 54.3926554489 -18.5 54.029777077 54.3926554489 -19 54.029777077 54.3926554489 -19.5 54.029777077 54.3926554489 -20 54.029777077 54.3926554489 -20.68186004 54.2646891513 54.6291452552 -16.5 54.2646891513 54.6291452552 -17 54.2646891513 54.6291452552 -17.5 54.2646891513 54.6291452552 -18 54.2646891513 54.6291452552 -18.5 54.2646891513 54.6291452552 -19 54.2646891513 54.6291452552 -19.5 54.2646891513 54.6291452552 -20 54.2646891513 54.6291452552 -20.68186004 54.4996012255 54.8656350615 -16.5 54.4996012255 54.8656350615 -17 54.4996012255 54.8656350615 -17.5 54.4996012255 54.8656350615 -18 54.4996012255 54.8656350615 -18.5 54.4996012255 54.8656350615 -19 54.4996012255 54.8656350615 -19.5 54.4996012255 54.8656350615 -20 54.4996012255 54.8656350615 -20.68186004 54.7345132998 55.1021248678 -16.5 54.7345132998 55.1021248678 -17 54.7345132998 55.1021248678 -17.5 54.7345132998 55.1021248678 -18 54.7345132998 55.1021248678 -18.5 54.7345132998 55.1021248678 -19 54.7345132998 55.1021248678 -19.5 54.7345132998 55.1021248678 -20 54.7345132998 55.1021248678 -20.68186004 54.969425374 55.3386146741 -16.5 54.969425374 55.3386146741 -17 54.969425374 55.3386146741 -17.5 54.969425374 55.3386146741 -18 54.969425374 55.3386146741 -18.5 54.969425374 55.3386146741 -19 54.969425374 55.3386146741 -19.5 54.969425374 55.3386146741 -20 54.969425374 55.3386146741 -20.68186004 55.2043374483 55.5751044804 -16.5 55.2043374483 55.5751044804 -17 55.2043374483 55.5751044804 -17.5 55.2043374483 55.5751044804 -18 55.2043374483 55.5751044804 -18.5 55.2043374483 55.5751044804 -19 55.2043374483 55.5751044804 -19.5 55.2043374483 55.5751044804 -20 55.2043374483 55.5751044804 -20.68186004 55.4392495225 55.8115942867 -16.5 55.4392495225 55.8115942867 -17 55.4392495225 55.8115942867 -17.5 55.4392495225 55.8115942867 -18 55.4392495225 55.8115942867 -18.5 55.4392495225 55.8115942867 -19 55.4392495225 55.8115942867 -19.5 55.4392495225 55.8115942867 -20 55.4392495225 55.8115942867 -20.68186004 55.6741615968 56.048084093 -16.5 55.6741615968 56.048084093 -17 55.6741615968 56.048084093 -17.5 55.6741615968 56.048084093 -18 55.6741615968 56.048084093 -18.5 55.6741615968 56.048084093 -19 55.6741615968 56.048084093 -19.5 55.6741615968 56.048084093 -20 55.6741615968 56.048084093 -20.68186004 55.909073671 56.2845738993 -16.5 55.909073671 56.2845738993 -17 55.909073671 56.2845738993 -17.5 55.909073671 56.2845738993 -18 55.909073671 56.2845738993 -18.5 55.909073671 56.2845738993 -19 55.909073671 56.2845738993 -19.5 55.909073671 56.2845738993 -20 55.909073671 56.2845738993 -20.68186004 56.1439857453 56.5210637056 -16.5 56.1439857453 56.5210637056 -17 56.1439857453 56.5210637056 -17.5 56.1439857453 56.5210637056 -18 56.1439857453 56.5210637056 -18.5 56.1439857453 56.5210637056 -19 56.1439857453 56.5210637056 -19.5 56.1439857453 56.5210637056 -20 56.1439857453 56.5210637056 -20.68186004 56.3788978195 56.7575535119 -16.5 56.3788978195 56.7575535119 -17 56.3788978195 56.7575535119 -17.5 56.3788978195 56.7575535119 -18 56.3788978195 56.7575535119 -18.5 56.3788978195 56.7575535119 -19 56.3788978195 56.7575535119 -19.5 56.3788978195 56.7575535119 -20 56.3788978195 56.7575535119 -20.68186004 53.9044890865 53.5752373427 -16.5 54.1409122842 53.8102164539 -16.5 53.9044890865 53.5752373427 -17 54.1409122842 53.8102164539 -17 53.9044890865 53.5752373427 -17.5 54.1409122842 53.8102164539 -17.5 53.9044890865 53.5752373427 -18 54.1409122842 53.8102164539 -18 53.9044890865 53.5752373427 -18.5 54.1409122842 53.8102164539 -18.5 53.9044890865 53.5752373427 -19 54.1409122842 53.8102164539 -19 53.9044890865 53.5752373427 -19.5 54.1409122842 53.8102164539 -19.5 53.9044890865 53.5752373427 -20 54.1409122842 53.8102164539 -20 53.9044890865 53.5752373427 -20.5 54.1409122842 53.8102164539 -20.5 53.9044890865 53.5752373427 -20.8441868264 54.1409122842 53.8102164539 -20.8441868264 54.377335482 54.045195565 -16.5 54.377335482 54.045195565 -17 54.377335482 54.045195565 -17.5 54.377335482 54.045195565 -18 54.377335482 54.045195565 -18.5 54.377335482 54.045195565 -19 54.377335482 54.045195565 -19.5 54.377335482 54.045195565 -20 54.377335482 54.045195565 -20.5 54.377335482 54.045195565 -20.8441868264 54.6137586797 54.2801746762 -16.5 54.6137586797 54.2801746762 -17 54.6137586797 54.2801746762 -17.5 54.6137586797 54.2801746762 -18 54.6137586797 54.2801746762 -18.5 54.6137586797 54.2801746762 -19 54.6137586797 54.2801746762 -19.5 54.6137586797 54.2801746762 -20 54.6137586797 54.2801746762 -20.5 54.6137586797 54.2801746762 -20.8441868264 54.8501818775 54.5151537873 -16.5 54.8501818775 54.5151537873 -17 54.8501818775 54.5151537873 -17.5 54.8501818775 54.5151537873 -18 54.8501818775 54.5151537873 -18.5 54.8501818775 54.5151537873 -19 54.8501818775 54.5151537873 -19.5 54.8501818775 54.5151537873 -20 54.8501818775 54.5151537873 -20.5 54.8501818775 54.5151537873 -20.8441868264 55.0866050752 54.7501328985 -16.5 55.0866050752 54.7501328985 -17 55.0866050752 54.7501328985 -17.5 55.0866050752 54.7501328985 -18 55.0866050752 54.7501328985 -18.5 55.0866050752 54.7501328985 -19 55.0866050752 54.7501328985 -19.5 55.0866050752 54.7501328985 -20 55.0866050752 54.7501328985 -20.5 55.0866050752 54.7501328985 -20.8441868264 55.323028273 54.9851120096 -16.5 55.323028273 54.9851120096 -17 55.323028273 54.9851120096 -17.5 55.323028273 54.9851120096 -18 55.323028273 54.9851120096 -18.5 55.323028273 54.9851120096 -19 55.323028273 54.9851120096 -19.5 55.323028273 54.9851120096 -20 55.323028273 54.9851120096 -20.5 55.323028273 54.9851120096 -20.8441868264 55.5594514707 55.2200911208 -16.5 55.5594514707 55.2200911208 -17 55.5594514707 55.2200911208 -17.5 55.5594514707 55.2200911208 -18 55.5594514707 55.2200911208 -18.5 55.5594514707 55.2200911208 -19 55.5594514707 55.2200911208 -19.5 55.5594514707 55.2200911208 -20 55.5594514707 55.2200911208 -20.5 55.5594514707 55.2200911208 -20.8441868264 55.7958746685 55.4550702319 -16.5 55.7958746685 55.4550702319 -17 55.7958746685 55.4550702319 -17.5 55.7958746685 55.4550702319 -18 55.7958746685 55.4550702319 -18.5 55.7958746685 55.4550702319 -19 55.7958746685 55.4550702319 -19.5 55.7958746685 55.4550702319 -20 55.7958746685 55.4550702319 -20.5 55.7958746685 55.4550702319 -20.8441868264 56.0322978662 55.6900493431 -16.5 56.0322978662 55.6900493431 -17 56.0322978662 55.6900493431 -17.5 56.0322978662 55.6900493431 -18 56.0322978662 55.6900493431 -18.5 56.0322978662 55.6900493431 -19 56.0322978662 55.6900493431 -19.5 56.0322978662 55.6900493431 -20 56.0322978662 55.6900493431 -20.5 56.0322978662 55.6900493431 -20.8441868264 56.2687210639 55.9250284542 -16.5 56.2687210639 55.9250284542 -17 56.2687210639 55.9250284542 -17.5 56.2687210639 55.9250284542 -18 56.2687210639 55.9250284542 -18.5 56.2687210639 55.9250284542 -19 56.2687210639 55.9250284542 -19.5 56.2687210639 55.9250284542 -20 56.2687210639 55.9250284542 -20.5 56.2687210639 55.9250284542 -20.8441868264 56.5051442617 56.1600075654 -16.5 56.5051442617 56.1600075654 -17 56.5051442617 56.1600075654 -17.5 56.5051442617 56.1600075654 -18 56.5051442617 56.1600075654 -18.5 56.5051442617 56.1600075654 -19 56.5051442617 56.1600075654 -19.5 56.5051442617 56.1600075654 -20 56.5051442617 56.1600075654 -20.5 56.5051442617 56.1600075654 -20.8441868264 56.7415674594 56.3949866765 -16.5 56.7415674594 56.3949866765 -17 56.7415674594 56.3949866765 -17.5 56.7415674594 56.3949866765 -18 56.7415674594 56.3949866765 -18.5 56.7415674594 56.3949866765 -19 56.7415674594 56.3949866765 -19.5 56.7415674594 56.3949866765 -20 56.7415674594 56.3949866765 -20.5 56.7415674594 56.3949866765 -20.8441868264 54.2468102417 53.2285973758 -16.5 54.4847348481 53.4620561362 -16.5 54.2468102417 53.2285973758 -17 54.4847348481 53.4620561362 -17 54.2468102417 53.2285973758 -17.5 54.4847348481 53.4620561362 -17.5 54.2468102417 53.2285973758 -18 54.4847348481 53.4620561362 -18 54.2468102417 53.2285973758 -18.5 54.4847348481 53.4620561362 -18.5 54.2468102417 53.2285973758 -19 54.4847348481 53.4620561362 -19 54.2468102417 53.2285973758 -19.5 54.4847348481 53.4620561362 -19.5 54.2468102417 53.2285973758 -20 54.4847348481 53.4620561362 -20 54.2468102417 53.2285973758 -20.5 54.4847348481 53.4620561362 -20.5 54.2468102417 53.2285973758 -21 54.4847348481 53.4620561362 -21 54.7226594544 53.6955148966 -16.5 54.7226594544 53.6955148966 -17 54.7226594544 53.6955148966 -17.5 54.7226594544 53.6955148966 -18 54.7226594544 53.6955148966 -18.5 54.7226594544 53.6955148966 -19 54.7226594544 53.6955148966 -19.5 54.7226594544 53.6955148966 -20 54.7226594544 53.6955148966 -20.5 54.7226594544 53.6955148966 -21 54.9605840607 53.9289736571 -16.5 54.9605840607 53.9289736571 -17 54.9605840607 53.9289736571 -17.5 54.9605840607 53.9289736571 -18 54.9605840607 53.9289736571 -18.5 54.9605840607 53.9289736571 -19 54.9605840607 53.9289736571 -19.5 54.9605840607 53.9289736571 -20 54.9605840607 53.9289736571 -20.5 54.9605840607 53.9289736571 -21 55.198508667 54.1624324175 -16.5 55.198508667 54.1624324175 -17 55.198508667 54.1624324175 -17.5 55.198508667 54.1624324175 -18 55.198508667 54.1624324175 -18.5 55.198508667 54.1624324175 -19 55.198508667 54.1624324175 -19.5 55.198508667 54.1624324175 -20 55.198508667 54.1624324175 -20.5 55.198508667 54.1624324175 -21 55.4364332734 54.3958911779 -16.5 55.4364332734 54.3958911779 -17 55.4364332734 54.3958911779 -17.5 55.4364332734 54.3958911779 -18 55.4364332734 54.3958911779 -18.5 55.4364332734 54.3958911779 -19 55.4364332734 54.3958911779 -19.5 55.4364332734 54.3958911779 -20 55.4364332734 54.3958911779 -20.5 55.4364332734 54.3958911779 -21 55.6743578797 54.6293499383 -16.5 55.6743578797 54.6293499383 -17 55.6743578797 54.6293499383 -17.5 55.6743578797 54.6293499383 -18 55.6743578797 54.6293499383 -18.5 55.6743578797 54.6293499383 -19 55.6743578797 54.6293499383 -19.5 55.6743578797 54.6293499383 -20 55.6743578797 54.6293499383 -20.5 55.6743578797 54.6293499383 -21 55.912282486 54.8628086988 -16.5 55.912282486 54.8628086988 -17 55.912282486 54.8628086988 -17.5 55.912282486 54.8628086988 -18 55.912282486 54.8628086988 -18.5 55.912282486 54.8628086988 -19 55.912282486 54.8628086988 -19.5 55.912282486 54.8628086988 -20 55.912282486 54.8628086988 -20.5 55.912282486 54.8628086988 -21 56.1502070923 55.0962674592 -16.5 56.1502070923 55.0962674592 -17 56.1502070923 55.0962674592 -17.5 56.1502070923 55.0962674592 -18 56.1502070923 55.0962674592 -18.5 56.1502070923 55.0962674592 -19 56.1502070923 55.0962674592 -19.5 56.1502070923 55.0962674592 -20 56.1502070923 55.0962674592 -20.5 56.1502070923 55.0962674592 -21 56.3881316987 55.3297262196 -16.5 56.3881316987 55.3297262196 -17 56.3881316987 55.3297262196 -17.5 56.3881316987 55.3297262196 -18 56.3881316987 55.3297262196 -18.5 56.3881316987 55.3297262196 -19 56.3881316987 55.3297262196 -19.5 56.3881316987 55.3297262196 -20 56.3881316987 55.3297262196 -20.5 56.3881316987 55.3297262196 -21 56.626056305 55.56318498 -16.5 56.626056305 55.56318498 -17 56.626056305 55.56318498 -17.5 56.626056305 55.56318498 -18 56.626056305 55.56318498 -18.5 56.626056305 55.56318498 -19 56.626056305 55.56318498 -19.5 56.626056305 55.56318498 -20 56.626056305 55.56318498 -20.5 56.626056305 55.56318498 -21 56.8639809113 55.7966437404 -16.5 56.8639809113 55.7966437404 -17 56.8639809113 55.7966437404 -17.5 56.8639809113 55.7966437404 -18 56.8639809113 55.7966437404 -18.5 56.8639809113 55.7966437404 -19 56.8639809113 55.7966437404 -19.5 56.8639809113 55.7966437404 -20 56.8639809113 55.7966437404 -20.5 56.8639809113 55.7966437404 -21 57.1019055176 56.0301025009 -16.5 57.1019055176 56.0301025009 -17 57.1019055176 56.0301025009 -17.5 57.1019055176 56.0301025009 -18 57.1019055176 56.0301025009 -18.5 57.1019055176 56.0301025009 -19 57.1019055176 56.0301025009 -19.5 57.1019055176 56.0301025009 -20 57.1019055176 56.0301025009 -20.5 57.1019055176 56.0301025009 -21 54.586902328 52.8797701795 -17 54.8263185663 53.1116989961 -17 54.586902328 52.8797701795 -17.5 54.8263185663 53.1116989961 -17.5 54.586902328 52.8797701795 -18 54.8263185663 53.1116989961 -18 54.586902328 52.8797701795 -18.5 54.8263185663 53.1116989961 -18.5 54.586902328 52.8797701795 -19 54.8263185663 53.1116989961 -19 54.586902328 52.8797701795 -19.5 54.8263185663 53.1116989961 -19.5 54.586902328 52.8797701795 -20 54.8263185663 53.1116989961 -20 54.586902328 52.8797701795 -20.5 54.8263185663 53.1116989961 -20.5 54.586902328 52.8797701795 -21.1519700397 54.8263185663 53.1116989961 -21.1519700397 55.0657348045 53.3436278127 -17 55.0657348045 53.3436278127 -17.5 55.0657348045 53.3436278127 -18 55.0657348045 53.3436278127 -18.5 55.0657348045 53.3436278127 -19 55.0657348045 53.3436278127 -19.5 55.0657348045 53.3436278127 -20 55.0657348045 53.3436278127 -20.5 55.0657348045 53.3436278127 -21.1519700397 55.3051510428 53.5755566292 -17 55.3051510428 53.5755566292 -17.5 55.3051510428 53.5755566292 -18 55.3051510428 53.5755566292 -18.5 55.3051510428 53.5755566292 -19 55.3051510428 53.5755566292 -19.5 55.3051510428 53.5755566292 -20 55.3051510428 53.5755566292 -20.5 55.3051510428 53.5755566292 -21.1519700397 55.5445672811 53.8074854458 -17 55.5445672811 53.8074854458 -17.5 55.5445672811 53.8074854458 -18 55.5445672811 53.8074854458 -18.5 55.5445672811 53.8074854458 -19 55.5445672811 53.8074854458 -19.5 55.5445672811 53.8074854458 -20 55.5445672811 53.8074854458 -20.5 55.5445672811 53.8074854458 -21.1519700397 55.7839835194 54.0394142624 -17 55.7839835194 54.0394142624 -17.5 55.7839835194 54.0394142624 -18 55.7839835194 54.0394142624 -18.5 55.7839835194 54.0394142624 -19 55.7839835194 54.0394142624 -19.5 55.7839835194 54.0394142624 -20 55.7839835194 54.0394142624 -20.5 55.7839835194 54.0394142624 -21.1519700397 56.0233997577 54.271343079 -17 56.0233997577 54.271343079 -17.5 56.0233997577 54.271343079 -18 56.0233997577 54.271343079 -18.5 56.0233997577 54.271343079 -19 56.0233997577 54.271343079 -19.5 56.0233997577 54.271343079 -20 56.0233997577 54.271343079 -20.5 56.0233997577 54.271343079 -21.1519700397 56.2628159959 54.5032718955 -17 56.2628159959 54.5032718955 -17.5 56.2628159959 54.5032718955 -18 56.2628159959 54.5032718955 -18.5 56.2628159959 54.5032718955 -19 56.2628159959 54.5032718955 -19.5 56.2628159959 54.5032718955 -20 56.2628159959 54.5032718955 -20.5 56.2628159959 54.5032718955 -21.1519700397 56.5022322342 54.7352007121 -17 56.5022322342 54.7352007121 -17.5 56.5022322342 54.7352007121 -18 56.5022322342 54.7352007121 -18.5 56.5022322342 54.7352007121 -19 56.5022322342 54.7352007121 -19.5 56.5022322342 54.7352007121 -20 56.5022322342 54.7352007121 -20.5 56.5022322342 54.7352007121 -21.1519700397 56.7416484725 54.9671295287 -17 56.7416484725 54.9671295287 -17.5 56.7416484725 54.9671295287 -18 56.7416484725 54.9671295287 -18.5 56.7416484725 54.9671295287 -19 56.7416484725 54.9671295287 -19.5 56.7416484725 54.9671295287 -20 56.7416484725 54.9671295287 -20.5 56.7416484725 54.9671295287 -21.1519700397 56.9810647108 55.1990583453 -17 56.9810647108 55.1990583453 -17.5 56.9810647108 55.1990583453 -18 56.9810647108 55.1990583453 -18.5 56.9810647108 55.1990583453 -19 56.9810647108 55.1990583453 -19.5 56.9810647108 55.1990583453 -20 56.9810647108 55.1990583453 -20.5 56.9810647108 55.1990583453 -21.1519700397 57.2204809491 55.4309871618 -17 57.2204809491 55.4309871618 -17.5 57.2204809491 55.4309871618 -18 57.2204809491 55.4309871618 -18.5 57.2204809491 55.4309871618 -19 57.2204809491 55.4309871618 -19.5 57.2204809491 55.4309871618 -20 57.2204809491 55.4309871618 -20.5 57.2204809491 55.4309871618 -21.1519700397 57.4598971873 55.6629159784 -17 57.4598971873 55.6629159784 -17.5 57.4598971873 55.6629159784 -18 57.4598971873 55.6629159784 -18.5 57.4598971873 55.6629159784 -19 57.4598971873 55.6629159784 -19.5 57.4598971873 55.6629159784 -20 57.4598971873 55.6629159784 -20.5 57.4598971873 55.6629159784 -21.1519700397 54.9247513703 52.5287700875 -17 55.1656494027 52.75915943 -17 54.9247513703 52.5287700875 -17.5 55.1656494027 52.75915943 -17.5 54.9247513703 52.5287700875 -18 55.1656494027 52.75915943 -18 54.9247513703 52.5287700875 -18.5 55.1656494027 52.75915943 -18.5 54.9247513703 52.5287700875 -19 55.1656494027 52.75915943 -19 54.9247513703 52.5287700875 -19.5 55.1656494027 52.75915943 -19.5 54.9247513703 52.5287700875 -20 55.1656494027 52.75915943 -20 54.9247513703 52.5287700875 -20.5 55.1656494027 52.75915943 -20.5 54.9247513703 52.5287700875 -21 55.1656494027 52.75915943 -21 54.9247513703 52.5287700875 -21.3029234536 55.1656494027 52.75915943 -21.3029234536 55.406547435 52.9895487725 -17 55.406547435 52.9895487725 -17.5 55.406547435 52.9895487725 -18 55.406547435 52.9895487725 -18.5 55.406547435 52.9895487725 -19 55.406547435 52.9895487725 -19.5 55.406547435 52.9895487725 -20 55.406547435 52.9895487725 -20.5 55.406547435 52.9895487725 -21 55.406547435 52.9895487725 -21.3029234536 55.6474454673 53.219938115 -17 55.6474454673 53.219938115 -17.5 55.6474454673 53.219938115 -18 55.6474454673 53.219938115 -18.5 55.6474454673 53.219938115 -19 55.6474454673 53.219938115 -19.5 55.6474454673 53.219938115 -20 55.6474454673 53.219938115 -20.5 55.6474454673 53.219938115 -21 55.6474454673 53.219938115 -21.3029234536 55.8883434996 53.4503274575 -17 55.8883434996 53.4503274575 -17.5 55.8883434996 53.4503274575 -18 55.8883434996 53.4503274575 -18.5 55.8883434996 53.4503274575 -19 55.8883434996 53.4503274575 -19.5 55.8883434996 53.4503274575 -20 55.8883434996 53.4503274575 -20.5 55.8883434996 53.4503274575 -21 55.8883434996 53.4503274575 -21.3029234536 56.129241532 53.6807168 -17 56.129241532 53.6807168 -17.5 56.129241532 53.6807168 -18 56.129241532 53.6807168 -18.5 56.129241532 53.6807168 -19 56.129241532 53.6807168 -19.5 56.129241532 53.6807168 -20 56.129241532 53.6807168 -20.5 56.129241532 53.6807168 -21 56.129241532 53.6807168 -21.3029234536 56.3701395643 53.9111061425 -17 56.3701395643 53.9111061425 -17.5 56.3701395643 53.9111061425 -18 56.3701395643 53.9111061425 -18.5 56.3701395643 53.9111061425 -19 56.3701395643 53.9111061425 -19.5 56.3701395643 53.9111061425 -20 56.3701395643 53.9111061425 -20.5 56.3701395643 53.9111061425 -21 56.3701395643 53.9111061425 -21.3029234536 56.6110375966 54.1414954849 -17 56.6110375966 54.1414954849 -17.5 56.6110375966 54.1414954849 -18 56.6110375966 54.1414954849 -18.5 56.6110375966 54.1414954849 -19 56.6110375966 54.1414954849 -19.5 56.6110375966 54.1414954849 -20 56.6110375966 54.1414954849 -20.5 56.6110375966 54.1414954849 -21 56.6110375966 54.1414954849 -21.3029234536 56.8519356289 54.3718848274 -17 56.8519356289 54.3718848274 -17.5 56.8519356289 54.3718848274 -18 56.8519356289 54.3718848274 -18.5 56.8519356289 54.3718848274 -19 56.8519356289 54.3718848274 -19.5 56.8519356289 54.3718848274 -20 56.8519356289 54.3718848274 -20.5 56.8519356289 54.3718848274 -21 56.8519356289 54.3718848274 -21.3029234536 57.0928336613 54.6022741699 -17 57.0928336613 54.6022741699 -17.5 57.0928336613 54.6022741699 -18 57.0928336613 54.6022741699 -18.5 57.0928336613 54.6022741699 -19 57.0928336613 54.6022741699 -19.5 57.0928336613 54.6022741699 -20 57.0928336613 54.6022741699 -20.5 57.0928336613 54.6022741699 -21 57.0928336613 54.6022741699 -21.3029234536 57.3337316936 54.8326635124 -17 57.3337316936 54.8326635124 -17.5 57.3337316936 54.8326635124 -18 57.3337316936 54.8326635124 -18.5 57.3337316936 54.8326635124 -19 57.3337316936 54.8326635124 -19.5 57.3337316936 54.8326635124 -20 57.3337316936 54.8326635124 -20.5 57.3337316936 54.8326635124 -21 57.3337316936 54.8326635124 -21.3029234536 57.5746297259 55.0630528549 -17 57.5746297259 55.0630528549 -17.5 57.5746297259 55.0630528549 -18 57.5746297259 55.0630528549 -18.5 57.5746297259 55.0630528549 -19 57.5746297259 55.0630528549 -19.5 57.5746297259 55.0630528549 -20 57.5746297259 55.0630528549 -20.5 57.5746297259 55.0630528549 -21 57.5746297259 55.0630528549 -21.3029234536 57.8155277582 55.2934421974 -17 57.8155277582 55.2934421974 -17.5 57.8155277582 55.2934421974 -18 57.8155277582 55.2934421974 -18.5 57.8155277582 55.2934421974 -19 57.8155277582 55.2934421974 -19.5 57.8155277582 55.2934421974 -20 57.8155277582 55.2934421974 -20.5 57.8155277582 55.2934421974 -21 57.8155277582 55.2934421974 -21.3029234536 55.2603434862 52.1756115229 -17 55.5027134138 52.4044519243 -17 55.2603434862 52.1756115229 -17.5 55.5027134138 52.4044519243 -17.5 55.2603434862 52.1756115229 -18 55.5027134138 52.4044519243 -18 55.2603434862 52.1756115229 -18.5 55.5027134138 52.4044519243 -18.5 55.2603434862 52.1756115229 -19 55.5027134138 52.4044519243 -19 55.2603434862 52.1756115229 -19.5 55.5027134138 52.4044519243 -19.5 55.2603434862 52.1756115229 -20 55.5027134138 52.4044519243 -20 55.2603434862 52.1756115229 -20.5 55.5027134138 52.4044519243 -20.5 55.2603434862 52.1756115229 -21 55.5027134138 52.4044519243 -21 55.2603434862 52.1756115229 -21.4528509262 55.5027134138 52.4044519243 -21.4528509262 55.7450833413 52.6332923257 -17 55.7450833413 52.6332923257 -17.5 55.7450833413 52.6332923257 -18 55.7450833413 52.6332923257 -18.5 55.7450833413 52.6332923257 -19 55.7450833413 52.6332923257 -19.5 55.7450833413 52.6332923257 -20 55.7450833413 52.6332923257 -20.5 55.7450833413 52.6332923257 -21 55.7450833413 52.6332923257 -21.4528509262 55.9874532689 52.8621327271 -17 55.9874532689 52.8621327271 -17.5 55.9874532689 52.8621327271 -18 55.9874532689 52.8621327271 -18.5 55.9874532689 52.8621327271 -19 55.9874532689 52.8621327271 -19.5 55.9874532689 52.8621327271 -20 55.9874532689 52.8621327271 -20.5 55.9874532689 52.8621327271 -21 55.9874532689 52.8621327271 -21.4528509262 56.2298231965 53.0909731286 -17 56.2298231965 53.0909731286 -17.5 56.2298231965 53.0909731286 -18 56.2298231965 53.0909731286 -18.5 56.2298231965 53.0909731286 -19 56.2298231965 53.0909731286 -19.5 56.2298231965 53.0909731286 -20 56.2298231965 53.0909731286 -20.5 56.2298231965 53.0909731286 -21 56.2298231965 53.0909731286 -21.4528509262 56.4721931241 53.31981353 -17 56.4721931241 53.31981353 -17.5 56.4721931241 53.31981353 -18 56.4721931241 53.31981353 -18.5 56.4721931241 53.31981353 -19 56.4721931241 53.31981353 -19.5 56.4721931241 53.31981353 -20 56.4721931241 53.31981353 -20.5 56.4721931241 53.31981353 -21 56.4721931241 53.31981353 -21.4528509262 56.7145630516 53.5486539314 -17 56.7145630516 53.5486539314 -17.5 56.7145630516 53.5486539314 -18 56.7145630516 53.5486539314 -18.5 56.7145630516 53.5486539314 -19 56.7145630516 53.5486539314 -19.5 56.7145630516 53.5486539314 -20 56.7145630516 53.5486539314 -20.5 56.7145630516 53.5486539314 -21 56.7145630516 53.5486539314 -21.4528509262 56.9569329792 53.7774943328 -17 56.9569329792 53.7774943328 -17.5 56.9569329792 53.7774943328 -18 56.9569329792 53.7774943328 -18.5 56.9569329792 53.7774943328 -19 56.9569329792 53.7774943328 -19.5 56.9569329792 53.7774943328 -20 56.9569329792 53.7774943328 -20.5 56.9569329792 53.7774943328 -21 56.9569329792 53.7774943328 -21.4528509262 57.1993029068 54.0063347342 -17 57.1993029068 54.0063347342 -17.5 57.1993029068 54.0063347342 -18 57.1993029068 54.0063347342 -18.5 57.1993029068 54.0063347342 -19 57.1993029068 54.0063347342 -19.5 57.1993029068 54.0063347342 -20 57.1993029068 54.0063347342 -20.5 57.1993029068 54.0063347342 -21 57.1993029068 54.0063347342 -21.4528509262 57.4416728343 54.2351751356 -17 57.4416728343 54.2351751356 -17.5 57.4416728343 54.2351751356 -18 57.4416728343 54.2351751356 -18.5 57.4416728343 54.2351751356 -19 57.4416728343 54.2351751356 -19.5 57.4416728343 54.2351751356 -20 57.4416728343 54.2351751356 -20.5 57.4416728343 54.2351751356 -21 57.4416728343 54.2351751356 -21.4528509262 57.6840427619 54.4640155371 -17 57.6840427619 54.4640155371 -17.5 57.6840427619 54.4640155371 -18 57.6840427619 54.4640155371 -18.5 57.6840427619 54.4640155371 -19 57.6840427619 54.4640155371 -19.5 57.6840427619 54.4640155371 -20 57.6840427619 54.4640155371 -20.5 57.6840427619 54.4640155371 -21 57.6840427619 54.4640155371 -21.4528509262 57.9264126895 54.6928559385 -17 57.9264126895 54.6928559385 -17.5 57.9264126895 54.6928559385 -18 57.9264126895 54.6928559385 -18.5 57.9264126895 54.6928559385 -19 57.9264126895 54.6928559385 -19.5 57.9264126895 54.6928559385 -20 57.9264126895 54.6928559385 -20.5 57.9264126895 54.6928559385 -21 57.9264126895 54.6928559385 -21.4528509262 58.168782617 54.9216963399 -17 58.168782617 54.9216963399 -17.5 58.168782617 54.9216963399 -18 58.168782617 54.9216963399 -18.5 58.168782617 54.9216963399 -19 58.168782617 54.9216963399 -19.5 58.168782617 54.9216963399 -20 58.168782617 54.9216963399 -20.5 58.168782617 54.9216963399 -21 58.168782617 54.9216963399 -21.4528509262 55.5936648857 51.8203089974 -17 55.8374967492 52.0475910544 -17 55.5936648857 51.8203089974 -17.5 55.8374967492 52.0475910544 -17.5 55.5936648857 51.8203089974 -18 55.8374967492 52.0475910544 -18 55.5936648857 51.8203089974 -18.5 55.8374967492 52.0475910544 -18.5 55.5936648857 51.8203089974 -19 55.8374967492 52.0475910544 -19 55.5936648857 51.8203089974 -19.5 55.8374967492 52.0475910544 -19.5 55.5936648857 51.8203089974 -20 55.8374967492 52.0475910544 -20 55.5936648857 51.8203089974 -20.5 55.8374967492 52.0475910544 -20.5 55.5936648857 51.8203089974 -21 55.8374967492 52.0475910544 -21 55.5936648857 51.8203089974 -21.6017431421 55.8374967492 52.0475910544 -21.6017431421 56.0813286127 52.2748731114 -17 56.0813286127 52.2748731114 -17.5 56.0813286127 52.2748731114 -18 56.0813286127 52.2748731114 -18.5 56.0813286127 52.2748731114 -19 56.0813286127 52.2748731114 -19.5 56.0813286127 52.2748731114 -20 56.0813286127 52.2748731114 -20.5 56.0813286127 52.2748731114 -21 56.0813286127 52.2748731114 -21.6017431421 56.3251604763 52.5021551684 -17 56.3251604763 52.5021551684 -17.5 56.3251604763 52.5021551684 -18 56.3251604763 52.5021551684 -18.5 56.3251604763 52.5021551684 -19 56.3251604763 52.5021551684 -19.5 56.3251604763 52.5021551684 -20 56.3251604763 52.5021551684 -20.5 56.3251604763 52.5021551684 -21 56.3251604763 52.5021551684 -21.6017431421 56.5689923398 52.7294372254 -17 56.5689923398 52.7294372254 -17.5 56.5689923398 52.7294372254 -18 56.5689923398 52.7294372254 -18.5 56.5689923398 52.7294372254 -19 56.5689923398 52.7294372254 -19.5 56.5689923398 52.7294372254 -20 56.5689923398 52.7294372254 -20.5 56.5689923398 52.7294372254 -21 56.5689923398 52.7294372254 -21.6017431421 56.8128242033 52.9567192824 -17 56.8128242033 52.9567192824 -17.5 56.8128242033 52.9567192824 -18 56.8128242033 52.9567192824 -18.5 56.8128242033 52.9567192824 -19 56.8128242033 52.9567192824 -19.5 56.8128242033 52.9567192824 -20 56.8128242033 52.9567192824 -20.5 56.8128242033 52.9567192824 -21 56.8128242033 52.9567192824 -21.6017431421 57.0566560669 53.1840013394 -17 57.0566560669 53.1840013394 -17.5 57.0566560669 53.1840013394 -18 57.0566560669 53.1840013394 -18.5 57.0566560669 53.1840013394 -19 57.0566560669 53.1840013394 -19.5 57.0566560669 53.1840013394 -20 57.0566560669 53.1840013394 -20.5 57.0566560669 53.1840013394 -21 57.0566560669 53.1840013394 -21.6017431421 57.3004879304 53.4112833964 -17 57.3004879304 53.4112833964 -17.5 57.3004879304 53.4112833964 -18 57.3004879304 53.4112833964 -18.5 57.3004879304 53.4112833964 -19 57.3004879304 53.4112833964 -19.5 57.3004879304 53.4112833964 -20 57.3004879304 53.4112833964 -20.5 57.3004879304 53.4112833964 -21 57.3004879304 53.4112833964 -21.6017431421 57.5443197939 53.6385654534 -17 57.5443197939 53.6385654534 -17.5 57.5443197939 53.6385654534 -18 57.5443197939 53.6385654534 -18.5 57.5443197939 53.6385654534 -19 57.5443197939 53.6385654534 -19.5 57.5443197939 53.6385654534 -20 57.5443197939 53.6385654534 -20.5 57.5443197939 53.6385654534 -21 57.5443197939 53.6385654534 -21.6017431421 57.7881516575 53.8658475104 -17 57.7881516575 53.8658475104 -17.5 57.7881516575 53.8658475104 -18 57.7881516575 53.8658475104 -18.5 57.7881516575 53.8658475104 -19 57.7881516575 53.8658475104 -19.5 57.7881516575 53.8658475104 -20 57.7881516575 53.8658475104 -20.5 57.7881516575 53.8658475104 -21 57.7881516575 53.8658475104 -21.6017431421 58.031983521 54.0931295674 -17 58.031983521 54.0931295674 -17.5 58.031983521 54.0931295674 -18 58.031983521 54.0931295674 -18.5 58.031983521 54.0931295674 -19 58.031983521 54.0931295674 -19.5 58.031983521 54.0931295674 -20 58.031983521 54.0931295674 -20.5 58.031983521 54.0931295674 -21 58.031983521 54.0931295674 -21.6017431421 58.2758153845 54.3204116244 -17 58.2758153845 54.3204116244 -17.5 58.2758153845 54.3204116244 -18 58.2758153845 54.3204116244 -18.5 58.2758153845 54.3204116244 -19 58.2758153845 54.3204116244 -19.5 58.2758153845 54.3204116244 -20 58.2758153845 54.3204116244 -20.5 58.2758153845 54.3204116244 -21 58.2758153845 54.3204116244 -21.6017431421 58.5196472481 54.5476936814 -17 58.5196472481 54.5476936814 -17.5 58.5196472481 54.5476936814 -18 58.5196472481 54.5476936814 -18.5 58.5196472481 54.5476936814 -19 58.5196472481 54.5476936814 -19.5 58.5196472481 54.5476936814 -20 58.5196472481 54.5476936814 -20.5 58.5196472481 54.5476936814 -21 58.5196472481 54.5476936814 -21.6017431421 55.9247018721 51.4628771107 -17.5 56.1699856523 51.688591484 -17.5 55.9247018721 51.4628771107 -18 56.1699856523 51.688591484 -18 55.9247018721 51.4628771107 -18.5 56.1699856523 51.688591484 -18.5 55.9247018721 51.4628771107 -19 56.1699856523 51.688591484 -19 55.9247018721 51.4628771107 -19.5 56.1699856523 51.688591484 -19.5 55.9247018721 51.4628771107 -20 56.1699856523 51.688591484 -20 55.9247018721 51.4628771107 -20.5 56.1699856523 51.688591484 -20.5 55.9247018721 51.4628771107 -21 56.1699856523 51.688591484 -21 55.9247018721 51.4628771107 -21.7495907857 56.1699856523 51.688591484 -21.7495907857 56.4152694324 51.9143058573 -17.5 56.4152694324 51.9143058573 -18 56.4152694324 51.9143058573 -18.5 56.4152694324 51.9143058573 -19 56.4152694324 51.9143058573 -19.5 56.4152694324 51.9143058573 -20 56.4152694324 51.9143058573 -20.5 56.4152694324 51.9143058573 -21 56.4152694324 51.9143058573 -21.7495907857 56.6605532126 52.1400202306 -17.5 56.6605532126 52.1400202306 -18 56.6605532126 52.1400202306 -18.5 56.6605532126 52.1400202306 -19 56.6605532126 52.1400202306 -19.5 56.6605532126 52.1400202306 -20 56.6605532126 52.1400202306 -20.5 56.6605532126 52.1400202306 -21 56.6605532126 52.1400202306 -21.7495907857 56.9058369927 52.3657346039 -17.5 56.9058369927 52.3657346039 -18 56.9058369927 52.3657346039 -18.5 56.9058369927 52.3657346039 -19 56.9058369927 52.3657346039 -19.5 56.9058369927 52.3657346039 -20 56.9058369927 52.3657346039 -20.5 56.9058369927 52.3657346039 -21 56.9058369927 52.3657346039 -21.7495907857 57.1511207728 52.5914489772 -17.5 57.1511207728 52.5914489772 -18 57.1511207728 52.5914489772 -18.5 57.1511207728 52.5914489772 -19 57.1511207728 52.5914489772 -19.5 57.1511207728 52.5914489772 -20 57.1511207728 52.5914489772 -20.5 57.1511207728 52.5914489772 -21 57.1511207728 52.5914489772 -21.7495907857 57.396404553 52.8171633505 -17.5 57.396404553 52.8171633505 -18 57.396404553 52.8171633505 -18.5 57.396404553 52.8171633505 -19 57.396404553 52.8171633505 -19.5 57.396404553 52.8171633505 -20 57.396404553 52.8171633505 -20.5 57.396404553 52.8171633505 -21 57.396404553 52.8171633505 -21.7495907857 57.6416883331 53.0428777238 -17.5 57.6416883331 53.0428777238 -18 57.6416883331 53.0428777238 -18.5 57.6416883331 53.0428777238 -19 57.6416883331 53.0428777238 -19.5 57.6416883331 53.0428777238 -20 57.6416883331 53.0428777238 -20.5 57.6416883331 53.0428777238 -21 57.6416883331 53.0428777238 -21.7495907857 57.8869721133 53.2685920971 -17.5 57.8869721133 53.2685920971 -18 57.8869721133 53.2685920971 -18.5 57.8869721133 53.2685920971 -19 57.8869721133 53.2685920971 -19.5 57.8869721133 53.2685920971 -20 57.8869721133 53.2685920971 -20.5 57.8869721133 53.2685920971 -21 57.8869721133 53.2685920971 -21.7495907857 58.1322558934 53.4943064704 -17.5 58.1322558934 53.4943064704 -18 58.1322558934 53.4943064704 -18.5 58.1322558934 53.4943064704 -19 58.1322558934 53.4943064704 -19.5 58.1322558934 53.4943064704 -20 58.1322558934 53.4943064704 -20.5 58.1322558934 53.4943064704 -21 58.1322558934 53.4943064704 -21.7495907857 58.3775396735 53.7200208436 -17.5 58.3775396735 53.7200208436 -18 58.3775396735 53.7200208436 -18.5 58.3775396735 53.7200208436 -19 58.3775396735 53.7200208436 -19.5 58.3775396735 53.7200208436 -20 58.3775396735 53.7200208436 -20.5 58.3775396735 53.7200208436 -21 58.3775396735 53.7200208436 -21.7495907857 58.6228234537 53.9457352169 -17.5 58.6228234537 53.9457352169 -18 58.6228234537 53.9457352169 -18.5 58.6228234537 53.9457352169 -19 58.6228234537 53.9457352169 -19.5 58.6228234537 53.9457352169 -20 58.6228234537 53.9457352169 -20.5 58.6228234537 53.9457352169 -21 58.6228234537 53.9457352169 -21.7495907857 58.8681072338 54.1714495902 -17.5 58.8681072338 54.1714495902 -18 58.8681072338 54.1714495902 -18.5 58.8681072338 54.1714495902 -19 58.8681072338 54.1714495902 -19.5 58.8681072338 54.1714495902 -20 58.8681072338 54.1714495902 -20.5 58.8681072338 54.1714495902 -21 58.8681072338 54.1714495902 -21.7495907857 56.2534408429 51.1033305503 -17.5 56.5001664606 51.327467965 -17.5 56.2534408429 51.1033305503 -18 56.5001664606 51.327467965 -18 56.2534408429 51.1033305503 -18.5 56.5001664606 51.327467965 -18.5 56.2534408429 51.1033305503 -19 56.5001664606 51.327467965 -19 56.2534408429 51.1033305503 -19.5 56.5001664606 51.327467965 -19.5 56.2534408429 51.1033305503 -20 56.5001664606 51.327467965 -20 56.2534408429 51.1033305503 -20.5 56.5001664606 51.327467965 -20.5 56.2534408429 51.1033305503 -21 56.5001664606 51.327467965 -21 56.2534408429 51.1033305503 -21.5 56.5001664606 51.327467965 -21.5 56.2534408429 51.1033305503 -21.8963845417 56.5001664606 51.327467965 -21.8963845417 56.7468920784 51.5516053797 -17.5 56.7468920784 51.5516053797 -18 56.7468920784 51.5516053797 -18.5 56.7468920784 51.5516053797 -19 56.7468920784 51.5516053797 -19.5 56.7468920784 51.5516053797 -20 56.7468920784 51.5516053797 -20.5 56.7468920784 51.5516053797 -21 56.7468920784 51.5516053797 -21.5 56.7468920784 51.5516053797 -21.8963845417 56.9936176961 51.7757427944 -17.5 56.9936176961 51.7757427944 -18 56.9936176961 51.7757427944 -18.5 56.9936176961 51.7757427944 -19 56.9936176961 51.7757427944 -19.5 56.9936176961 51.7757427944 -20 56.9936176961 51.7757427944 -20.5 56.9936176961 51.7757427944 -21 56.9936176961 51.7757427944 -21.5 56.9936176961 51.7757427944 -21.8963845417 57.2403433138 51.9998802091 -17.5 57.2403433138 51.9998802091 -18 57.2403433138 51.9998802091 -18.5 57.2403433138 51.9998802091 -19 57.2403433138 51.9998802091 -19.5 57.2403433138 51.9998802091 -20 57.2403433138 51.9998802091 -20.5 57.2403433138 51.9998802091 -21 57.2403433138 51.9998802091 -21.5 57.2403433138 51.9998802091 -21.8963845417 57.4870689316 52.2240176238 -17.5 57.4870689316 52.2240176238 -18 57.4870689316 52.2240176238 -18.5 57.4870689316 52.2240176238 -19 57.4870689316 52.2240176238 -19.5 57.4870689316 52.2240176238 -20 57.4870689316 52.2240176238 -20.5 57.4870689316 52.2240176238 -21 57.4870689316 52.2240176238 -21.5 57.4870689316 52.2240176238 -21.8963845417 57.7337945493 52.4481550385 -17.5 57.7337945493 52.4481550385 -18 57.7337945493 52.4481550385 -18.5 57.7337945493 52.4481550385 -19 57.7337945493 52.4481550385 -19.5 57.7337945493 52.4481550385 -20 57.7337945493 52.4481550385 -20.5 57.7337945493 52.4481550385 -21 57.7337945493 52.4481550385 -21.5 57.7337945493 52.4481550385 -21.8963845417 57.980520167 52.6722924532 -17.5 57.980520167 52.6722924532 -18 57.980520167 52.6722924532 -18.5 57.980520167 52.6722924532 -19 57.980520167 52.6722924532 -19.5 57.980520167 52.6722924532 -20 57.980520167 52.6722924532 -20.5 57.980520167 52.6722924532 -21 57.980520167 52.6722924532 -21.5 57.980520167 52.6722924532 -21.8963845417 58.2272457848 52.8964298679 -17.5 58.2272457848 52.8964298679 -18 58.2272457848 52.8964298679 -18.5 58.2272457848 52.8964298679 -19 58.2272457848 52.8964298679 -19.5 58.2272457848 52.8964298679 -20 58.2272457848 52.8964298679 -20.5 58.2272457848 52.8964298679 -21 58.2272457848 52.8964298679 -21.5 58.2272457848 52.8964298679 -21.8963845417 58.4739714025 53.1205672826 -17.5 58.4739714025 53.1205672826 -18 58.4739714025 53.1205672826 -18.5 58.4739714025 53.1205672826 -19 58.4739714025 53.1205672826 -19.5 58.4739714025 53.1205672826 -20 58.4739714025 53.1205672826 -20.5 58.4739714025 53.1205672826 -21 58.4739714025 53.1205672826 -21.5 58.4739714025 53.1205672826 -21.8963845417 58.7206970202 53.3447046973 -17.5 58.7206970202 53.3447046973 -18 58.7206970202 53.3447046973 -18.5 58.7206970202 53.3447046973 -19 58.7206970202 53.3447046973 -19.5 58.7206970202 53.3447046973 -20 58.7206970202 53.3447046973 -20.5 58.7206970202 53.3447046973 -21 58.7206970202 53.3447046973 -21.5 58.7206970202 53.3447046973 -21.8963845417 58.967422638 53.568842112 -17.5 58.967422638 53.568842112 -18 58.967422638 53.568842112 -18.5 58.967422638 53.568842112 -19 58.967422638 53.568842112 -19.5 58.967422638 53.568842112 -20 58.967422638 53.568842112 -20.5 58.967422638 53.568842112 -21 58.967422638 53.568842112 -21.5 58.967422638 53.568842112 -21.8963845417 59.2141482557 53.7929795266 -17.5 59.2141482557 53.7929795266 -18 59.2141482557 53.7929795266 -18.5 59.2141482557 53.7929795266 -19 59.2141482557 53.7929795266 -19.5 59.2141482557 53.7929795266 -20 59.2141482557 53.7929795266 -20.5 59.2141482557 53.7929795266 -21 59.2141482557 53.7929795266 -21.5 59.2141482557 53.7929795266 -21.8963845417 56.5798682897 50.7416840904 -17.5 56.8280256067 50.9642353364 -17.5 56.5798682897 50.7416840904 -18 56.8280256067 50.9642353364 -18 56.5798682897 50.7416840904 -18.5 56.8280256067 50.9642353364 -18.5 56.5798682897 50.7416840904 -19 56.8280256067 50.9642353364 -19 56.5798682897 50.7416840904 -19.5 56.8280256067 50.9642353364 -19.5 56.5798682897 50.7416840904 -20 56.8280256067 50.9642353364 -20 56.5798682897 50.7416840904 -20.5 56.8280256067 50.9642353364 -20.5 56.5798682897 50.7416840904 -21 56.8280256067 50.9642353364 -21 56.5798682897 50.7416840904 -21.5 56.8280256067 50.9642353364 -21.5 56.5798682897 50.7416840904 -22.0421150946 56.8280256067 50.9642353364 -22.0421150946 57.0761829238 51.1867865824 -17.5 57.0761829238 51.1867865824 -18 57.0761829238 51.1867865824 -18.5 57.0761829238 51.1867865824 -19 57.0761829238 51.1867865824 -19.5 57.0761829238 51.1867865824 -20 57.0761829238 51.1867865824 -20.5 57.0761829238 51.1867865824 -21 57.0761829238 51.1867865824 -21.5 57.0761829238 51.1867865824 -22.0421150946 57.3243402408 51.4093378284 -17.5 57.3243402408 51.4093378284 -18 57.3243402408 51.4093378284 -18.5 57.3243402408 51.4093378284 -19 57.3243402408 51.4093378284 -19.5 57.3243402408 51.4093378284 -20 57.3243402408 51.4093378284 -20.5 57.3243402408 51.4093378284 -21 57.3243402408 51.4093378284 -21.5 57.3243402408 51.4093378284 -22.0421150946 57.5724975579 51.6318890744 -17.5 57.5724975579 51.6318890744 -18 57.5724975579 51.6318890744 -18.5 57.5724975579 51.6318890744 -19 57.5724975579 51.6318890744 -19.5 57.5724975579 51.6318890744 -20 57.5724975579 51.6318890744 -20.5 57.5724975579 51.6318890744 -21 57.5724975579 51.6318890744 -21.5 57.5724975579 51.6318890744 -22.0421150946 57.820654875 51.8544403204 -17.5 57.820654875 51.8544403204 -18 57.820654875 51.8544403204 -18.5 57.820654875 51.8544403204 -19 57.820654875 51.8544403204 -19.5 57.820654875 51.8544403204 -20 57.820654875 51.8544403204 -20.5 57.820654875 51.8544403204 -21 57.820654875 51.8544403204 -21.5 57.820654875 51.8544403204 -22.0421150946 58.068812192 52.0769915664 -17.5 58.068812192 52.0769915664 -18 58.068812192 52.0769915664 -18.5 58.068812192 52.0769915664 -19 58.068812192 52.0769915664 -19.5 58.068812192 52.0769915664 -20 58.068812192 52.0769915664 -20.5 58.068812192 52.0769915664 -21 58.068812192 52.0769915664 -21.5 58.068812192 52.0769915664 -22.0421150946 58.3169695091 52.2995428124 -17.5 58.3169695091 52.2995428124 -18 58.3169695091 52.2995428124 -18.5 58.3169695091 52.2995428124 -19 58.3169695091 52.2995428124 -19.5 58.3169695091 52.2995428124 -20 58.3169695091 52.2995428124 -20.5 58.3169695091 52.2995428124 -21 58.3169695091 52.2995428124 -21.5 58.3169695091 52.2995428124 -22.0421150946 58.5651268261 52.5220940584 -17.5 58.5651268261 52.5220940584 -18 58.5651268261 52.5220940584 -18.5 58.5651268261 52.5220940584 -19 58.5651268261 52.5220940584 -19.5 58.5651268261 52.5220940584 -20 58.5651268261 52.5220940584 -20.5 58.5651268261 52.5220940584 -21 58.5651268261 52.5220940584 -21.5 58.5651268261 52.5220940584 -22.0421150946 58.8132841432 52.7446453044 -17.5 58.8132841432 52.7446453044 -18 58.8132841432 52.7446453044 -18.5 58.8132841432 52.7446453044 -19 58.8132841432 52.7446453044 -19.5 58.8132841432 52.7446453044 -20 58.8132841432 52.7446453044 -20.5 58.8132841432 52.7446453044 -21 58.8132841432 52.7446453044 -21.5 58.8132841432 52.7446453044 -22.0421150946 59.0614414603 52.9671965505 -17.5 59.0614414603 52.9671965505 -18 59.0614414603 52.9671965505 -18.5 59.0614414603 52.9671965505 -19 59.0614414603 52.9671965505 -19.5 59.0614414603 52.9671965505 -20 59.0614414603 52.9671965505 -20.5 59.0614414603 52.9671965505 -21 59.0614414603 52.9671965505 -21.5 59.0614414603 52.9671965505 -22.0421150946 59.3095987773 53.1897477965 -17.5 59.3095987773 53.1897477965 -18 59.3095987773 53.1897477965 -18.5 59.3095987773 53.1897477965 -19 59.3095987773 53.1897477965 -19.5 59.3095987773 53.1897477965 -20 59.3095987773 53.1897477965 -20.5 59.3095987773 53.1897477965 -21 59.3095987773 53.1897477965 -21.5 59.3095987773 53.1897477965 -22.0421150946 59.5577560944 53.4122990425 -17.5 59.5577560944 53.4122990425 -18 59.5577560944 53.4122990425 -18.5 59.5577560944 53.4122990425 -19 59.5577560944 53.4122990425 -19.5 59.5577560944 53.4122990425 -20 59.5577560944 53.4122990425 -20.5 59.5577560944 53.4122990425 -21 59.5577560944 53.4122990425 -21.5 59.5577560944 53.4122990425 -22.0421150946 56.9039707991 50.3779525913 -18 57.1535496184 50.5989085238 -18 56.9039707991 50.3779525913 -18.5 57.1535496184 50.5989085238 -18.5 56.9039707991 50.3779525913 -19 57.1535496184 50.5989085238 -19 56.9039707991 50.3779525913 -19.5 57.1535496184 50.5989085238 -19.5 56.9039707991 50.3779525913 -20 57.1535496184 50.5989085238 -20 56.9039707991 50.3779525913 -20.5 57.1535496184 50.5989085238 -20.5 56.9039707991 50.3779525913 -21 57.1535496184 50.5989085238 -21 56.9039707991 50.3779525913 -21.5 57.1535496184 50.5989085238 -21.5 56.9039707991 50.3779525913 -22.1867731289 57.1535496184 50.5989085238 -22.1867731289 57.4031284377 50.8198644562 -18 57.4031284377 50.8198644562 -18.5 57.4031284377 50.8198644562 -19 57.4031284377 50.8198644562 -19.5 57.4031284377 50.8198644562 -20 57.4031284377 50.8198644562 -20.5 57.4031284377 50.8198644562 -21 57.4031284377 50.8198644562 -21.5 57.4031284377 50.8198644562 -22.1867731289 57.652707257 51.0408203886 -18 57.652707257 51.0408203886 -18.5 57.652707257 51.0408203886 -19 57.652707257 51.0408203886 -19.5 57.652707257 51.0408203886 -20 57.652707257 51.0408203886 -20.5 57.652707257 51.0408203886 -21 57.652707257 51.0408203886 -21.5 57.652707257 51.0408203886 -22.1867731289 57.9022860763 51.261776321 -18 57.9022860763 51.261776321 -18.5 57.9022860763 51.261776321 -19 57.9022860763 51.261776321 -19.5 57.9022860763 51.261776321 -20 57.9022860763 51.261776321 -20.5 57.9022860763 51.261776321 -21 57.9022860763 51.261776321 -21.5 57.9022860763 51.261776321 -22.1867731289 58.1518648956 51.4827322534 -18 58.1518648956 51.4827322534 -18.5 58.1518648956 51.4827322534 -19 58.1518648956 51.4827322534 -19.5 58.1518648956 51.4827322534 -20 58.1518648956 51.4827322534 -20.5 58.1518648956 51.4827322534 -21 58.1518648956 51.4827322534 -21.5 58.1518648956 51.4827322534 -22.1867731289 58.4014437149 51.7036881859 -18 58.4014437149 51.7036881859 -18.5 58.4014437149 51.7036881859 -19 58.4014437149 51.7036881859 -19.5 58.4014437149 51.7036881859 -20 58.4014437149 51.7036881859 -20.5 58.4014437149 51.7036881859 -21 58.4014437149 51.7036881859 -21.5 58.4014437149 51.7036881859 -22.1867731289 58.6510225342 51.9246441183 -18 58.6510225342 51.9246441183 -18.5 58.6510225342 51.9246441183 -19 58.6510225342 51.9246441183 -19.5 58.6510225342 51.9246441183 -20 58.6510225342 51.9246441183 -20.5 58.6510225342 51.9246441183 -21 58.6510225342 51.9246441183 -21.5 58.6510225342 51.9246441183 -22.1867731289 58.9006013535 52.1456000507 -18 58.9006013535 52.1456000507 -18.5 58.9006013535 52.1456000507 -19 58.9006013535 52.1456000507 -19.5 58.9006013535 52.1456000507 -20 58.9006013535 52.1456000507 -20.5 58.9006013535 52.1456000507 -21 58.9006013535 52.1456000507 -21.5 58.9006013535 52.1456000507 -22.1867731289 59.1501801727 52.3665559831 -18 59.1501801727 52.3665559831 -18.5 59.1501801727 52.3665559831 -19 59.1501801727 52.3665559831 -19.5 59.1501801727 52.3665559831 -20 59.1501801727 52.3665559831 -20.5 59.1501801727 52.3665559831 -21 59.1501801727 52.3665559831 -21.5 59.1501801727 52.3665559831 -22.1867731289 59.399758992 52.5875119155 -18 59.399758992 52.5875119155 -18.5 59.399758992 52.5875119155 -19 59.399758992 52.5875119155 -19.5 59.399758992 52.5875119155 -20 59.399758992 52.5875119155 -20.5 59.399758992 52.5875119155 -21 59.399758992 52.5875119155 -21.5 59.399758992 52.5875119155 -22.1867731289 59.6493378113 52.8084678479 -18 59.6493378113 52.8084678479 -18.5 59.6493378113 52.8084678479 -19 59.6493378113 52.8084678479 -19.5 59.6493378113 52.8084678479 -20 59.6493378113 52.8084678479 -20.5 59.6493378113 52.8084678479 -21 59.6493378113 52.8084678479 -21.5 59.6493378113 52.8084678479 -22.1867731289 59.8989166306 53.0294237804 -18 59.8989166306 53.0294237804 -18.5 59.8989166306 53.0294237804 -19 59.8989166306 53.0294237804 -19.5 59.8989166306 53.0294237804 -20 59.8989166306 53.0294237804 -20.5 59.8989166306 53.0294237804 -21 59.8989166306 53.0294237804 -21.5 59.8989166306 53.0294237804 -22.1867731289 57.2257350534 50.0121509995 -18 57.4767251195 50.2315025389 -18 57.2257350534 50.0121509995 -18.5 57.4767251195 50.2315025389 -18.5 57.2257350534 50.0121509995 -19 57.4767251195 50.2315025389 -19 57.2257350534 50.0121509995 -19.5 57.4767251195 50.2315025389 -19.5 57.2257350534 50.0121509995 -20 57.4767251195 50.2315025389 -20 57.2257350534 50.0121509995 -20.5 57.4767251195 50.2315025389 -20.5 57.2257350534 50.0121509995 -21 57.4767251195 50.2315025389 -21 57.2257350534 50.0121509995 -21.5 57.4767251195 50.2315025389 -21.5 57.2257350534 50.0121509995 -22 57.4767251195 50.2315025389 -22 57.7277151855 50.4508540784 -18 57.7277151855 50.4508540784 -18.5 57.7277151855 50.4508540784 -19 57.7277151855 50.4508540784 -19.5 57.7277151855 50.4508540784 -20 57.7277151855 50.4508540784 -20.5 57.7277151855 50.4508540784 -21 57.7277151855 50.4508540784 -21.5 57.7277151855 50.4508540784 -22 57.9787052515 50.6702056179 -18 57.9787052515 50.6702056179 -18.5 57.9787052515 50.6702056179 -19 57.9787052515 50.6702056179 -19.5 57.9787052515 50.6702056179 -20 57.9787052515 50.6702056179 -20.5 57.9787052515 50.6702056179 -21 57.9787052515 50.6702056179 -21.5 57.9787052515 50.6702056179 -22 58.2296953175 50.8895571573 -18 58.2296953175 50.8895571573 -18.5 58.2296953175 50.8895571573 -19 58.2296953175 50.8895571573 -19.5 58.2296953175 50.8895571573 -20 58.2296953175 50.8895571573 -20.5 58.2296953175 50.8895571573 -21 58.2296953175 50.8895571573 -21.5 58.2296953175 50.8895571573 -22 58.4806853836 51.1089086968 -18 58.4806853836 51.1089086968 -18.5 58.4806853836 51.1089086968 -19 58.4806853836 51.1089086968 -19.5 58.4806853836 51.1089086968 -20 58.4806853836 51.1089086968 -20.5 58.4806853836 51.1089086968 -21 58.4806853836 51.1089086968 -21.5 58.4806853836 51.1089086968 -22 58.7316754496 51.3282602363 -18 58.7316754496 51.3282602363 -18.5 58.7316754496 51.3282602363 -19 58.7316754496 51.3282602363 -19.5 58.7316754496 51.3282602363 -20 58.7316754496 51.3282602363 -20.5 58.7316754496 51.3282602363 -21 58.7316754496 51.3282602363 -21.5 58.7316754496 51.3282602363 -22 58.9826655156 51.5476117758 -18 58.9826655156 51.5476117758 -18.5 58.9826655156 51.5476117758 -19 58.9826655156 51.5476117758 -19.5 58.9826655156 51.5476117758 -20 58.9826655156 51.5476117758 -20.5 58.9826655156 51.5476117758 -21 58.9826655156 51.5476117758 -21.5 58.9826655156 51.5476117758 -22 59.2336555816 51.7669633152 -18 59.2336555816 51.7669633152 -18.5 59.2336555816 51.7669633152 -19 59.2336555816 51.7669633152 -19.5 59.2336555816 51.7669633152 -20 59.2336555816 51.7669633152 -20.5 59.2336555816 51.7669633152 -21 59.2336555816 51.7669633152 -21.5 59.2336555816 51.7669633152 -22 59.4846456477 51.9863148547 -18 59.4846456477 51.9863148547 -18.5 59.4846456477 51.9863148547 -19 59.4846456477 51.9863148547 -19.5 59.4846456477 51.9863148547 -20 59.4846456477 51.9863148547 -20.5 59.4846456477 51.9863148547 -21 59.4846456477 51.9863148547 -21.5 59.4846456477 51.9863148547 -22 59.7356357137 52.2056663942 -18 59.7356357137 52.2056663942 -18.5 59.7356357137 52.2056663942 -19 59.7356357137 52.2056663942 -19.5 59.7356357137 52.2056663942 -20 59.7356357137 52.2056663942 -20.5 59.7356357137 52.2056663942 -21 59.7356357137 52.2056663942 -21.5 59.7356357137 52.2056663942 -22 59.9866257797 52.4250179336 -18 59.9866257797 52.4250179336 -18.5 59.9866257797 52.4250179336 -19 59.9866257797 52.4250179336 -19.5 59.9866257797 52.4250179336 -20 59.9866257797 52.4250179336 -20.5 59.9866257797 52.4250179336 -21 59.9866257797 52.4250179336 -21.5 59.9866257797 52.4250179336 -22 60.2376158457 52.6443694731 -18 60.2376158457 52.6443694731 -18.5 60.2376158457 52.6443694731 -19 60.2376158457 52.6443694731 -19.5 60.2376158457 52.6443694731 -20 60.2376158457 52.6443694731 -20.5 60.2376158457 52.6443694731 -21 60.2376158457 52.6443694731 -21.5 60.2376158457 52.6443694731 -22 58.0499298295 50.0797706122 -18 58.0499298295 50.0797706122 -18.5 58.3023208288 50.2975087452 -18 58.3023208288 50.2975087452 -18.5 58.3023208288 50.2975087452 -19 58.554711828 50.5152468783 -18 58.554711828 50.5152468783 -18.5 58.554711828 50.5152468783 -19 58.554711828 50.5152468783 -19.5 58.8071028273 50.7329850114 -18 58.8071028273 50.7329850114 -18.5 58.8071028273 50.7329850114 -19 58.8071028273 50.7329850114 -19.5 58.8071028273 50.7329850114 -20 59.0594938266 50.9507231445 -18 59.0594938266 50.9507231445 -18.5 59.0594938266 50.9507231445 -19 59.0594938266 50.9507231445 -19.5 59.0594938266 50.9507231445 -20 59.0594938266 50.9507231445 -20.5 59.3118848258 51.1684612776 -18 59.3118848258 51.1684612776 -18.5 59.3118848258 51.1684612776 -19 59.3118848258 51.1684612776 -19.5 59.3118848258 51.1684612776 -20 59.3118848258 51.1684612776 -20.5 59.3118848258 51.1684612776 -21 59.5642758251 51.3861994107 -18 59.5642758251 51.3861994107 -18.5 59.5642758251 51.3861994107 -19 59.5642758251 51.3861994107 -19.5 59.5642758251 51.3861994107 -20 59.5642758251 51.3861994107 -20.5 59.5642758251 51.3861994107 -21 59.8166668243 51.6039375438 -18 59.8166668243 51.6039375438 -18.5 59.8166668243 51.6039375438 -19 59.8166668243 51.6039375438 -19.5 59.8166668243 51.6039375438 -20 59.8166668243 51.6039375438 -20.5 59.8166668243 51.6039375438 -21 60.0690578236 51.8216756769 -18 60.0690578236 51.8216756769 -18.5 60.0690578236 51.8216756769 -19 60.0690578236 51.8216756769 -19.5 60.0690578236 51.8216756769 -20 60.0690578236 51.8216756769 -20.5 60.0690578236 51.8216756769 -21 60.3214488228 52.03941381 -18 60.3214488228 52.03941381 -18.5 60.3214488228 52.03941381 -19 60.3214488228 52.03941381 -19.5 60.3214488228 52.03941381 -20 60.3214488228 52.03941381 -20.5 60.3214488228 52.03941381 -21 60.5738398221 52.2571519431 -18 60.5738398221 52.2571519431 -18.5 60.5738398221 52.2571519431 -19 60.5738398221 52.2571519431 -19.5 60.5738398221 52.2571519431 -20 60.5738398221 52.2571519431 -20.5 60.5738398221 52.2571519431 -21 7.57644400155 73.6111234549 -0.5 8.04815128318 73.5610444524 -0.5 7.57644400155 73.6111234549 -0.639165770832 8.04815128318 73.5610444524 -0.797245130927 8.80946289105 80.5195216303 -0.5 8.29313465035 80.5743378358 -0.5 8.80946289105 80.5195216303 -0.797245130927 8.29313465035 80.5743378358 -0.639165770832 8.51952785624 73.5079427348 -0.5 8.51952785624 73.5079427348 -0.954717186245 9.32542913994 80.4613967773 -0.5 9.32542913994 80.4613967773 -0.954717186245 8.99055435129 73.4518204843 -0.5 8.99055435129 73.4518204843 -1.11162070092 9.84101219533 80.3999656652 -0.5 9.84101219533 80.3999656652 -1.11162070092 8.99055435129 73.4518204843 -1 9.46121141324 73.3926800069 -1 9.46121141324 73.3926800069 -1.26799443909 10.3561908713 80.3352308184 -1 9.84101219533 80.3999656652 -1 10.3561908713 80.3352308184 -1.26799443909 9.93147970223 73.3305237328 -1 9.93147970223 73.3305237328 -1.42387716489 10.8709439984 80.2671948967 -1 10.8709439984 80.2671948967 -1.42387716489 10.4013398943 73.265354216 -1 10.4013398943 73.265354216 -1.57930764245 11.3852504249 80.1958606959 -1 11.3852504249 80.1958606959 -1.57930764245 10.4013398943 73.265354216 -1.5 10.8707726824 73.1971741346 -1.5 10.8707726824 73.1971741346 -1.73432463591 11.8990890172 80.1212311473 -1.5 11.3852504249 80.1958606959 -1.5 11.8990890172 80.1212311473 -1.73432463591 11.3397587769 73.12598629 -1.5 11.3397587769 73.12598629 -1.8889669094 12.4124386612 80.0433093174 -1.5 12.4124386612 80.0433093174 -1.8889669094 11.8082789066 73.0517936074 -1.5 11.8082789066 73.0517936074 -2.04327322706 12.9252782626 79.9620984082 -1.5 12.9252782626 79.9620984082 -2.04327322706 12.2763138193 72.9745991357 -1.5 12.2763138193 72.9745991357 -2.19728235302 13.4375867482 79.8776017566 -1.5 13.4375867482 79.8776017566 -2.19728235302 12.2763138193 72.9745991357 -2 12.743844283 72.8944060466 -2 12.743844283 72.8944060466 -2.35103305141 13.9493430666 79.7898228348 -2 13.4375867482 79.8776017566 -2 13.9493430666 79.7898228348 -2.35103305141 13.2108510863 72.8112176356 -2 13.2108510863 72.8112176356 -2.50456408637 14.4605261891 79.6987652498 -2 14.4605261891 79.6987652498 -2.50456408637 13.6773150392 72.7250373208 -2 13.6773150392 72.7250373208 -2.65791422204 14.9711151105 79.6044327431 -2 14.9711151105 79.6044327431 -2.65791422204 13.6773150392 72.7250373208 -2.5 14.1432169743 72.6358686437 -2.5 14.1432169743 72.6358686437 -2.81112222255 15.4810888502 79.506829191 -2.5 14.9711151105 79.6044327431 -2.5 15.4810888502 79.506829191 -2.81112222255 14.6085377468 72.5437152681 -2.5 14.6085377468 72.5437152681 -2.96422685203 15.9904264526 79.4059586043 -2.5 15.9904264526 79.4059586043 -2.96422685203 15.0732582364 72.4485809808 -2.5 15.0732582364 72.4485809808 -3.11726687462 16.4991069885 79.3018251277 -2.5 16.4991069885 79.3018251277 -3.11726687462 15.0732582364 72.4485809808 -3 15.537359347 72.3504696911 -3 15.537359347 72.3504696911 -3.27028105446 17.0071095555 79.1944330402 -3 16.4991069885 79.3018251277 -3 17.0071095555 79.1944330402 -3.27028105446 16.0008220082 72.2493854304 -3 16.0008220082 72.2493854304 -3.42330815567 17.5144132792 79.0837867548 -3 17.5144132792 79.0837867548 -3.42330815567 16.4636271756 72.1453323523 -3 16.4636271756 72.1453323523 -3.5763869424 18.0209973138 78.9698908181 -3 18.0209973138 78.9698908181 -3.5763869424 16.925755832 72.0383147326 -3 16.925755832 72.0383147326 -3.72955617877 18.5268408432 78.85274991 -3 18.5268408432 78.85274991 -3.72955617877 16.925755832 72.0383147326 -3.5 17.3871889881 71.9283369688 -3.5 17.3871889881 71.9283369688 -3.88285462893 19.0319230815 78.7323688442 -3.5 18.5268408432 78.85274991 -3.5 19.0319230815 78.7323688442 -3.88285462893 17.8479076828 71.8154035799 -3.5 17.8479076828 71.8154035799 -4.036321057 19.5362232745 78.6087525672 -3.5 19.5362232745 78.6087525672 -4.036321057 18.3078929848 71.6995192066 -3.5 18.3078929848 71.6995192066 -4.18999422713 20.0397206996 78.4819061586 -3.5 20.0397206996 78.4819061586 -4.18999422713 18.3078929848 71.6995192066 -4 18.7671259927 71.5806886106 -4 18.7671259927 71.5806886106 -4.34391290344 20.5423946677 78.3518348306 -4 20.0397206996 78.4819061586 -4 20.5423946677 78.3518348306 -4.34391290344 19.2255878359 71.458916675 -4 19.2255878359 71.458916675 -4.49811585007 21.0442245231 78.218543928 -4 21.0442245231 78.218543928 -4.49811585007 19.6832596758 71.3342084034 -4 19.6832596758 71.3342084034 -4.65264183115 21.5451896452 78.082038928 -4 21.5451896452 78.082038928 -4.65264183115 19.6832596758 71.3342084034 -4.5 20.140122706 71.2065689202 -4.5 20.140122706 71.2065689202 -4.80752961083 22.0452694485 77.9423254397 -4.5 21.5451896452 78.082038928 -4.5 22.0452694485 77.9423254397 -4.80752961083 20.5961581535 71.0760034703 -4.5 20.5961581535 71.0760034703 -4.96281795323 22.5444433842 77.799409204 -4.5 22.5444433842 77.799409204 -4.96281795323 21.0513472792 70.9425174189 -4.5 21.0513472792 70.9425174189 -5.11854562249 23.0426909407 77.6532960937 -4.5 23.0426909407 77.6532960937 -5.11854562249 21.5056713787 70.806116251 -4.5 21.5056713787 70.806116251 -5 21.5056713787 70.806116251 -5.27475138274 23.5399916443 77.5039921126 -4.5 23.5399916443 77.5039921126 -5 23.5399916443 77.5039921126 -5.27475138274 21.9591117834 70.6668055715 -5 21.9591117834 70.6668055715 -5.43147399813 24.0363250602 77.3515033959 -5 24.0363250602 77.3515033959 -5.43147399813 22.4116498608 70.5245911049 -5 22.4116498608 70.5245911049 -5.58875223277 24.5316707936 77.1958362094 -5 24.5316707936 77.1958362094 -5.58875223277 22.8632670156 70.3794786949 -5 22.8632670156 70.3794786949 -5.74662485081 25.0260084901 77.0369969499 -5 25.0260084901 77.0369969499 -5.74662485081 22.8632670156 70.3794786949 -5.5 23.3139446903 70.2314743045 -5.5 23.3139446903 70.2314743045 -5.90513061639 25.5193178367 76.8749921441 -5.5 25.0260084901 77.0369969499 -5.5 25.5193178367 76.8749921441 -5.90513061639 23.7636643659 70.0805840152 -5.5 23.7636643659 70.0805840152 -6.06430829363 26.0115785627 76.709828449 -5.5 26.0115785627 76.709828449 -6.06430829363 24.2124075629 69.9268140273 -5.5 24.2124075629 69.9268140273 -6.22419664668 26.5027704405 76.5415126515 -5.5 26.5027704405 76.5415126515 -6.22419664668 24.2124075629 69.9268140273 -6 24.6601558419 69.7701706595 -6 24.6601558419 69.7701706595 -6.38483443966 26.9928732864 76.3700516678 -6 26.5027704405 76.5415126515 -6 26.9928732864 76.3700516678 -6.38483443966 25.1068908044 69.6106603484 -6 25.1068908044 69.6106603484 -6.54626043671 27.4818669616 76.1954525435 -6 27.4818669616 76.1954525435 -6.54626043671 25.5525940934 69.4482896485 -6 25.5525940934 69.4482896485 -6.70851340197 27.9697313725 76.0177224531 -6 27.9697313725 76.0177224531 -6.70851340197 25.9972473945 69.2830652318 -6 25.9972473945 69.2830652318 -6.5 25.9972473945 69.2830652318 -6.87163209957 28.4564464724 75.8368686996 -6 28.4564464724 75.8368686996 -6.5 28.4564464724 75.8368686996 -6.87163209957 26.4408324363 69.1149938876 -6.5 26.4408324363 69.1149938876 -7.03565529364 28.9419922613 75.6528987148 -6.5 28.9419922613 75.6528987148 -7.03565529364 26.8833309913 68.9440825221 -6.5 26.8833309913 68.9440825221 -7.20062174832 29.4263487878 75.465820058 -6.5 29.4263487878 75.465820058 -7.20062174832 27.3247248767 68.7703381583 -6.5 27.3247248767 68.7703381583 -7 27.3247248767 68.7703381583 -7.36657022775 29.9094961488 75.2756404166 -6.5 29.9094961488 75.2756404166 -7 29.9094961488 75.2756404166 -7.36657022775 27.7649959552 68.5937679357 -7 27.7649959552 68.5937679357 -7.53353949605 30.3914144915 75.0823676052 -7 30.3914144915 75.0823676052 -7.53353949605 28.2041261353 68.4143791095 -7 28.2041261353 68.4143791095 -7.70156831737 30.8720840129 74.8860095659 -7 30.8720840129 74.8860095659 -7.70156831737 28.6420973727 68.2321790513 -7 28.6420973727 68.2321790513 -7.5 28.6420973727 68.2321790513 -7.87069545584 31.351484962 74.686574367 -7 31.351484962 74.686574367 -7.5 31.351484962 74.686574367 -7.87069545584 29.0788916707 68.0471752478 -7.5 29.0788916707 68.0471752478 -8.04095967559 31.8295976395 74.4840702037 -7.5 31.8295976395 74.4840702037 -8.04095967559 29.5144910807 67.859375301 -7.5 29.5144910807 67.859375301 -8.21239974075 32.3064023992 74.2785053971 -7.5 32.3064023992 74.2785053971 -8.21239974075 29.9488777035 67.6687869279 -7.5 29.9488777035 67.6687869279 -8 29.9488777035 67.6687869279 -8.38505441547 32.7818796485 74.0698883941 -7.5 32.7818796485 74.0698883941 -8 32.7818796485 74.0698883941 -8.38505441547 30.3820336896 67.47541796 -7.5 30.3820336896 67.47541796 -8 30.3820336896 67.47541796 -8.55896246388 33.2560098494 73.8582277671 -7.5 33.2560098494 73.8582277671 -8 33.2560098494 73.8582277671 -8.55896246388 30.8139412401 67.2792763431 -8 30.8139412401 67.2792763431 -8.73416265011 33.7287735195 73.6435322134 -8 33.7287735195 73.6435322134 -8.73416265011 31.2445826073 67.0803701369 -8 31.2445826073 67.0803701369 -8.5 31.2445826073 67.0803701369 -8.91069373829 34.2001512323 73.4258105552 -8 34.2001512323 73.4258105552 -8.5 34.2001512323 73.4258105552 -8.91069373829 31.6739400956 66.8787075146 -8 31.6739400956 66.8787075146 -8.5 31.6739400956 66.8787075146 -9.08859449256 34.6701236182 73.2050717389 -8 34.6701236182 73.2050717389 -8.5 34.6701236182 73.2050717389 -9.08859449256 32.1019960623 66.6742967628 -8.5 32.1019960623 66.6742967628 -9 32.1019960623 66.6742967628 -9.26790367706 35.1386713655 72.981324835 -8.5 35.1386713655 72.981324835 -9 35.1386713655 72.981324835 -9.26790367706 32.528732918 66.4671462811 -8.5 32.528732918 66.4671462811 -9 32.528732918 66.4671462811 -9.44866005592 35.605775221 72.7545790374 -8.5 35.605775221 72.7545790374 -9 35.605775221 72.7545790374 -9.44866005592 32.9541331274 66.2572645815 -8.5 32.9541331274 66.2572645815 -9 32.9541331274 66.2572645815 -9.63090239327 36.0714159908 72.5248436635 -8.5 36.0714159908 72.5248436635 -9 36.0714159908 72.5248436635 -9.63090239327 33.3781792105 66.0446602883 -9 33.3781792105 66.0446602883 -9.5 33.3781792105 66.0446602883 -9.81466945325 36.5355745412 72.2921281534 -9 36.5355745412 72.2921281534 -9.5 36.5355745412 72.2921281534 -9.81466945325 33.8008537425 65.8293421377 -9 33.8008537425 65.8293421377 -9.5 33.8008537425 65.8293421377 -10 36.9982317992 72.0564420696 -9 36.9982317992 72.0564420696 -9.5 36.9982317992 72.0564420696 -10 34.2221393554 65.6113189773 -9 34.2221393554 65.6113189773 -9.5 34.2221393554 65.6113189773 -10.1887901383 37.4593687538 71.8177950968 -9 37.4593687538 71.8177950968 -9.5 37.4593687538 71.8177950968 -10.1887901383 34.6420187378 65.3905997661 -9.5 34.6420187378 65.3905997661 -10 34.6420187378 65.3905997661 -10.3827478908 37.9189664563 71.5761970413 -9.5 37.9189664563 71.5761970413 -10 37.9189664563 71.5761970413 -10.3827478908 35.0604746366 65.1671935736 -9.5 35.0604746366 65.1671935736 -10 35.0604746366 65.1671935736 -10.5816298988 38.3770060211 71.3316578306 -9.5 38.3770060211 71.3316578306 -10 38.3770060211 71.3316578306 -10.5816298988 35.4774898567 64.9411095799 -9.5 35.4774898567 64.9411095799 -10 35.4774898567 64.9411095799 -10.5 35.4774898567 64.9411095799 -10.7851928032 38.8334686269 71.0841875131 -9.5 38.8334686269 71.0841875131 -10 38.8334686269 71.0841875131 -10.5 38.8334686269 71.0841875131 -10.7851928032 35.8930472626 64.712357075 -9.5 35.8930472626 64.712357075 -10 35.8930472626 64.712357075 -10.5 35.8930472626 64.712357075 -10.9931932452 39.2883355171 70.8337962578 -9.5 39.2883355171 70.8337962578 -10 39.2883355171 70.8337962578 -10.5 39.2883355171 70.8337962578 -10.9931932452 36.3071297784 64.4809454588 -10 36.3071297784 64.4809454588 -10.5 36.3071297784 64.4809454588 -11.2053878659 39.7415880006 70.5804943535 -10 39.7415880006 70.5804943535 -10.5 39.7415880006 70.5804943535 -11.2053878659 36.7197203889 64.2468842401 -10 36.7197203889 64.2468842401 -10.5 36.7197203889 64.2468842401 -11 36.7197203889 64.2468842401 -11.4215333064 40.1932074528 70.3242922087 -10 40.1932074528 70.3242922087 -10.5 40.1932074528 70.3242922087 -11 40.1932074528 70.3242922087 -11.4215333064 37.1308021404 64.0101830368 -10 37.1308021404 64.0101830368 -10.5 37.1308021404 64.0101830368 -11 37.1308021404 64.0101830368 -11.6413862078 40.6431753159 70.0652003511 -10 40.6431753159 70.0652003511 -10.5 40.6431753159 70.0652003511 -11 40.6431753159 70.0652003511 -11.6413862078 37.540358141 63.7708515754 -10.5 37.540358141 63.7708515754 -11 37.540358141 63.7708515754 -11.5 37.540358141 63.7708515754 -11.8647032111 41.0914731003 69.8032294271 -10.5 41.0914731003 69.8032294271 -11 41.0914731003 69.8032294271 -11.5 41.0914731003 69.8032294271 -11.8647032111 37.9483715614 63.5288996901 -10.5 37.9483715614 63.5288996901 -11 37.9483715614 63.5288996901 -11.5 37.9483715614 63.5288996901 -12.0912409576 41.5380823848 69.5383902013 -10.5 41.5380823848 69.5383902013 -11 41.5380823848 69.5383902013 -11.5 41.5380823848 69.5383902013 -12.0912409576 38.354825636 63.2843373232 -10.5 38.354825636 63.2843373232 -11 38.354825636 63.2843373232 -11.5 38.354825636 63.2843373232 -12 38.354825636 63.2843373232 -12.3207560883 41.9829848178 69.2706935564 -10.5 41.9829848178 69.2706935564 -11 41.9829848178 69.2706935564 -11.5 41.9829848178 69.2706935564 -12 41.9829848178 69.2706935564 -12.3207560883 38.7597036629 63.0371745239 -11 38.7597036629 63.0371745239 -11.5 38.7597036629 63.0371745239 -12 38.7597036629 63.0371745239 -12.5530052442 42.4261621175 69.0001504924 -11 42.4261621175 69.0001504924 -11.5 42.4261621175 69.0001504924 -12 42.4261621175 69.0001504924 -12.5530052442 39.1629890054 62.7874214486 -11 39.1629890054 62.7874214486 -11.5 39.1629890054 62.7874214486 -12 39.1629890054 62.7874214486 -12.5 39.1629890054 62.7874214486 -12.7877450666 42.8675960734 68.7267721262 -11 42.8675960734 68.7267721262 -11.5 42.8675960734 68.7267721262 -12 42.8675960734 68.7267721262 -12.5 42.8675960734 68.7267721262 -12.7877450666 39.5646650917 62.5350883599 -11 39.5646650917 62.5350883599 -11.5 39.5646650917 62.5350883599 -12 39.5646650917 62.5350883599 -12.5 39.5646650917 62.5350883599 -13.0247321964 43.3072685464 68.4505696912 -11 43.3072685464 68.4505696912 -11.5 43.3072685464 68.4505696912 -12 43.3072685464 68.4505696912 -12.5 43.3072685464 68.4505696912 -13.0247321964 39.9647154167 62.2801856264 -11 39.9647154167 62.2801856264 -11.5 39.9647154167 62.2801856264 -12 39.9647154167 62.2801856264 -12.5 39.9647154167 62.2801856264 -13 39.9647154167 62.2801856264 -13.2637232749 43.7451614696 68.171554537 -11 43.7451614696 68.171554537 -11.5 43.7451614696 68.171554537 -12 43.7451614696 68.171554537 -12.5 43.7451614696 68.171554537 -13 43.7451614696 68.171554537 -13.2637232749 40.3631235417 62.0227237225 -11.5 40.3631235417 62.0227237225 -12 40.3631235417 62.0227237225 -12.5 40.3631235417 62.0227237225 -13 40.3631235417 62.0227237225 -13.504474943 44.1812568497 67.8897381287 -11.5 44.1812568497 67.8897381287 -12 44.1812568497 67.8897381287 -12.5 44.1812568497 67.8897381287 -13 44.1812568497 67.8897381287 -13.504474943 40.7598730956 61.7627132275 -11.5 40.7598730956 61.7627132275 -12 40.7598730956 61.7627132275 -12.5 40.7598730956 61.7627132275 -13 40.7598730956 61.7627132275 -13.746743842 44.6155367668 67.6051320464 -11.5 44.6155367668 67.6051320464 -12 44.6155367668 67.6051320464 -12.5 44.6155367668 67.6051320464 -13 44.6155367668 67.6051320464 -13.746743842 41.1549477756 61.5001648257 -11.5 41.1549477756 61.5001648257 -12 41.1549477756 61.5001648257 -12.5 41.1549477756 61.5001648257 -13 41.1549477756 61.5001648257 -13.5 41.1549477756 61.5001648257 -13.9902866129 45.047983376 67.3177479849 -11.5 45.047983376 67.3177479849 -12 45.047983376 67.3177479849 -12.5 45.047983376 67.3177479849 -13 45.047983376 67.3177479849 -13.5 45.047983376 67.3177479849 -13.9902866129 41.5483313474 61.2350893054 -12 41.5483313474 61.2350893054 -12.5 41.5483313474 61.2350893054 -13 41.5483313474 61.2350893054 -13.5 41.5483313474 61.2350893054 -14.2348598967 45.4785789073 67.0275977533 -12 45.4785789073 67.0275977533 -12.5 45.4785789073 67.0275977533 -13 45.4785789073 67.0275977533 -13.5 45.4785789073 67.0275977533 -14.2348598967 41.9400076465 60.967497559 -12 41.9400076465 60.967497559 -12.5 41.9400076465 60.967497559 -13 41.9400076465 60.967497559 -13.5 41.9400076465 60.967497559 -14 41.9400076465 60.967497559 -14.4802203347 45.9073056671 66.7346932741 -12 45.9073056671 66.7346932741 -12.5 45.9073056671 66.7346932741 -13 45.9073056671 66.7346932741 -13.5 45.9073056671 66.7346932741 -14 45.9073056671 66.7346932741 -14.4802203347 42.3299605784 60.6974005821 -12 42.3299605784 60.6974005821 -12.5 42.3299605784 60.6974005821 -13 42.3299605784 60.6974005821 -13.5 42.3299605784 60.6974005821 -14 42.3299605784 60.6974005821 -14.7261245679 46.3341460386 66.4390465831 -12 46.3341460386 66.4390465831 -12.5 46.3341460386 66.4390465831 -13 46.3341460386 66.4390465831 -13.5 46.3341460386 66.4390465831 -14 46.3341460386 66.4390465831 -14.7261245679 42.7181741195 60.4248094734 -12.5 42.7181741195 60.4248094734 -13 42.7181741195 60.4248094734 -13.5 42.7181741195 60.4248094734 -14 42.7181741195 60.4248094734 -14.5 42.7181741195 60.4248094734 -14.9723292374 46.7590824822 66.140669829 -12.5 46.7590824822 66.140669829 -13 46.7590824822 66.140669829 -13.5 46.7590824822 66.140669829 -14 46.7590824822 66.140669829 -14.5 46.7590824822 66.140669829 -14.9723292374 43.1046323176 60.1497354339 -12.5 43.1046323176 60.1497354339 -13 43.1046323176 60.1497354339 -13.5 43.1046323176 60.1497354339 -14 43.1046323176 60.1497354339 -14.5 43.1046323176 60.1497354339 -15.2185909844 47.1820975368 65.8395752722 -12.5 47.1820975368 65.8395752722 -13 47.1820975368 65.8395752722 -13.5 47.1820975368 65.8395752722 -14 47.1820975368 65.8395752722 -14.5 47.1820975368 65.8395752722 -15.2185909844 43.4893192925 59.8721897668 -12.5 43.4893192925 59.8721897668 -13 43.4893192925 59.8721897668 -13.5 43.4893192925 59.8721897668 -14 43.4893192925 59.8721897668 -14.5 43.4893192925 59.8721897668 -15 43.4893192925 59.8721897668 -15.4646664498 47.6031738202 65.5357752853 -12.5 47.6031738202 65.5357752853 -13 47.6031738202 65.5357752853 -13.5 47.6031738202 65.5357752853 -14 47.6031738202 65.5357752853 -14.5 47.6031738202 65.5357752853 -15 47.6031738202 65.5357752853 -15.4646664498 43.8722192372 59.5921838768 -13 43.8722192372 59.5921838768 -13.5 43.8722192372 59.5921838768 -14 43.8722192372 59.5921838768 -14.5 43.8722192372 59.5921838768 -15 43.8722192372 59.5921838768 -15.7103122749 48.0222940299 65.2292823516 -13 48.0222940299 65.2292823516 -13.5 48.0222940299 65.2292823516 -14 48.0222940299 65.2292823516 -14.5 48.0222940299 65.2292823516 -15 48.0222940299 65.2292823516 -15.7103122749 44.2533164176 59.3097292697 -13 44.2533164176 59.3097292697 -13.5 44.2533164176 59.3097292697 -14 44.2533164176 59.3097292697 -14.5 44.2533164176 59.3097292697 -15 44.2533164176 59.3097292697 -15.5 44.2533164176 59.3097292697 -15.9552851007 48.4394409436 64.9201090655 -13 48.4394409436 64.9201090655 -13.5 48.4394409436 64.9201090655 -14 48.4394409436 64.9201090655 -14.5 48.4394409436 64.9201090655 -15 48.4394409436 64.9201090655 -15.5 48.4394409436 64.9201090655 -15.9552851007 44.6325951741 59.0248375518 -13 44.6325951741 59.0248375518 -13.5 44.6325951741 59.0248375518 -14 44.6325951741 59.0248375518 -14.5 44.6325951741 59.0248375518 -15 44.6325951741 59.0248375518 -15.5 44.6325951741 59.0248375518 -16.1993415683 48.8545974203 64.6082681311 -13 48.8545974203 64.6082681311 -13.5 48.8545974203 64.6082681311 -14 48.8545974203 64.6082681311 -14.5 48.8545974203 64.6082681311 -15 48.8545974203 64.6082681311 -15.5 48.8545974203 64.6082681311 -16.1993415683 45.0100399217 58.7375204299 -13 45.0100399217 58.7375204299 -13.5 45.0100399217 58.7375204299 -14 45.0100399217 58.7375204299 -14.5 45.0100399217 58.7375204299 -15 45.0100399217 58.7375204299 -15.5 45.0100399217 58.7375204299 -16 45.0100399217 58.7375204299 -16.4422383188 49.2677464008 64.2937723624 -13 49.2677464008 64.2937723624 -13.5 49.2677464008 64.2937723624 -14 49.2677464008 64.2937723624 -14.5 49.2677464008 64.2937723624 -15 49.2677464008 64.2937723624 -15.5 49.2677464008 64.2937723624 -16 49.2677464008 64.2937723624 -16.4422383188 45.3856351506 58.4477897099 -13.5 45.3856351506 58.4477897099 -14 45.3856351506 58.4477897099 -14.5 45.3856351506 58.4477897099 -15 45.3856351506 58.4477897099 -15.5 45.3856351506 58.4477897099 -16 45.3856351506 58.4477897099 -16.6837319934 49.6788709081 63.9766346825 -13.5 49.6788709081 63.9766346825 -14 49.6788709081 63.9766346825 -14.5 49.6788709081 63.9766346825 -15 49.6788709081 63.9766346825 -15.5 49.6788709081 63.9766346825 -16 49.6788709081 63.9766346825 -16.6837319934 45.7593654272 58.1556572975 -13.5 45.7593654272 58.1556572975 -14 45.7593654272 58.1556572975 -14.5 45.7593654272 58.1556572975 -15 45.7593654272 58.1556572975 -15.5 45.7593654272 58.1556572975 -16 45.7593654272 58.1556572975 -16.5 45.7593654272 58.1556572975 -16.9235792331 50.0879540486 63.6568681229 -13.5 50.0879540486 63.6568681229 -14 50.0879540486 63.6568681229 -14.5 50.0879540486 63.6568681229 -15 50.0879540486 63.6568681229 -15.5 50.0879540486 63.6568681229 -16 50.0879540486 63.6568681229 -16.5 50.0879540486 63.6568681229 -16.9235792331 46.1312153944 57.8611351966 -13.5 46.1312153944 57.8611351966 -14 46.1312153944 57.8611351966 -14.5 46.1312153944 57.8611351966 -15 46.1312153944 57.8611351966 -15.5 46.1312153944 57.8611351966 -16 46.1312153944 57.8611351966 -16.5 46.1312153944 57.8611351966 -17.161536679 50.4949790128 63.3344858233 -13.5 50.4949790128 63.3344858233 -14 50.4949790128 63.3344858233 -14.5 50.4949790128 63.3344858233 -15 50.4949790128 63.3344858233 -15.5 50.4949790128 63.3344858233 -16 50.4949790128 63.3344858233 -16.5 50.4949790128 63.3344858233 -17.161536679 46.5011697724 57.5642355095 -14 46.5011697724 57.5642355095 -14.5 46.5011697724 57.5642355095 -15 46.5011697724 57.5642355095 -15.5 46.5011697724 57.5642355095 -16 46.5011697724 57.5642355095 -16.5 46.5011697724 57.5642355095 -17 46.5011697724 57.5642355095 -17.3973609722 50.8999290752 63.0095010307 -14 50.8999290752 63.0095010307 -14.5 50.8999290752 63.0095010307 -15 50.8999290752 63.0095010307 -15.5 50.8999290752 63.0095010307 -16 50.8999290752 63.0095010307 -16.5 50.8999290752 63.0095010307 -17 50.8999290752 63.0095010307 -17.3973609722 46.8692133595 57.2649704362 -14 46.8692133595 57.2649704362 -14.5 46.8692133595 57.2649704362 -15 46.8692133595 57.2649704362 -15.5 46.8692133595 57.2649704362 -16 46.8692133595 57.2649704362 -16.5 46.8692133595 57.2649704362 -17 46.8692133595 57.2649704362 -17.6308087539 51.3027875962 62.6819270991 -14 51.3027875962 62.6819270991 -14.5 51.3027875962 62.6819270991 -15 51.3027875962 62.6819270991 -15.5 51.3027875962 62.6819270991 -16 51.3027875962 62.6819270991 -16.5 51.3027875962 62.6819270991 -17 51.3027875962 62.6819270991 -17.6308087539 47.2353310321 56.963352274 -14 47.2353310321 56.963352274 -14.5 47.2353310321 56.963352274 -15 47.2353310321 56.963352274 -15.5 47.2353310321 56.963352274 -16 47.2353310321 56.963352274 -16.5 47.2353310321 56.963352274 -17 47.2353310321 56.963352274 -17.5 47.2353310321 56.963352274 -17.8616366651 51.7035380216 62.3517774891 -14 51.7035380216 62.3517774891 -14.5 51.7035380216 62.3517774891 -15 51.7035380216 62.3517774891 -15.5 51.7035380216 62.3517774891 -16 51.7035380216 62.3517774891 -16.5 51.7035380216 62.3517774891 -17 51.7035380216 62.3517774891 -17.5 51.7035380216 62.3517774891 -17.8616366651 47.5995077461 56.6593934165 -14.5 47.5995077461 56.6593934165 -15 47.5995077461 56.6593934165 -15.5 47.5995077461 56.6593934165 -16 47.5995077461 56.6593934165 -16.5 47.5995077461 56.6593934165 -17 47.5995077461 56.6593934165 -17.5 47.5995077461 56.6593934165 -18.0896013469 52.1021638843 62.0190657667 -14.5 52.1021638843 62.0190657667 -15 52.1021638843 62.0190657667 -15.5 52.1021638843 62.0190657667 -16 52.1021638843 62.0190657667 -16.5 52.1021638843 62.0190657667 -17 52.1021638843 62.0190657667 -17.5 52.1021638843 62.0190657667 -18.0896013469 47.961728537 56.353106354 -14.5 47.961728537 56.353106354 -15 47.961728537 56.353106354 -15.5 47.961728537 56.353106354 -16 47.961728537 56.353106354 -16.5 47.961728537 56.353106354 -17 47.961728537 56.353106354 -17.5 47.961728537 56.353106354 -18 47.961728537 56.353106354 -18.3144594405 52.498648804 61.6838056037 -14.5 52.498648804 61.6838056037 -15 52.498648804 61.6838056037 -15.5 52.498648804 61.6838056037 -16 52.498648804 61.6838056037 -16.5 52.498648804 61.6838056037 -17 52.498648804 61.6838056037 -17.5 52.498648804 61.6838056037 -18 52.498648804 61.6838056037 -18.3144594405 48.3219785207 56.0445036721 -14.5 48.3219785207 56.0445036721 -15 48.3219785207 56.0445036721 -15.5 48.3219785207 56.0445036721 -16 48.3219785207 56.0445036721 -16.5 48.3219785207 56.0445036721 -17 48.3219785207 56.0445036721 -17.5 48.3219785207 56.0445036721 -18 48.3219785207 56.0445036721 -18.5359675869 52.8929764889 61.3460107762 -14.5 52.8929764889 61.3460107762 -15 52.8929764889 61.3460107762 -15.5 52.8929764889 61.3460107762 -16 52.8929764889 61.3460107762 -16.5 52.8929764889 61.3460107762 -17 52.8929764889 61.3460107762 -17.5 52.8929764889 61.3460107762 -18 52.8929764889 61.3460107762 -18.5359675869 48.680242894 55.7335980516 -15 48.680242894 55.7335980516 -15.5 48.680242894 55.7335980516 -16 48.680242894 55.7335980516 -16.5 48.680242894 55.7335980516 -17 48.680242894 55.7335980516 -17.5 48.680242894 55.7335980516 -18 48.680242894 55.7335980516 -18.5 48.680242894 55.7335980516 -18.7538824273 53.2851307354 61.0056951646 -15 53.2851307354 61.0056951646 -15.5 53.2851307354 61.0056951646 -16 53.2851307354 61.0056951646 -16.5 53.2851307354 61.0056951646 -17 53.2851307354 61.0056951646 -17.5 53.2851307354 61.0056951646 -18 53.2851307354 61.0056951646 -18.5 53.2851307354 61.0056951646 -18.7538824273 49.0365069355 55.4204022681 -15 49.0365069355 55.4204022681 -15.5 49.0365069355 55.4204022681 -16 49.0365069355 55.4204022681 -16.5 49.0365069355 55.4204022681 -17 49.0365069355 55.4204022681 -17.5 49.0365069355 55.4204022681 -18 49.0365069355 55.4204022681 -18.5 49.0365069355 55.4204022681 -18.9679606027 53.6750954294 60.662872753 -15 53.6750954294 60.662872753 -15.5 53.6750954294 60.662872753 -16 53.6750954294 60.662872753 -16.5 53.6750954294 60.662872753 -17 53.6750954294 60.662872753 -17.5 53.6750954294 60.662872753 -18 53.6750954294 60.662872753 -18.5 53.6750954294 60.662872753 -18.9679606027 49.3907560058 55.1049291913 -15 49.3907560058 55.1049291913 -15.5 49.3907560058 55.1049291913 -16 49.3907560058 55.1049291913 -16.5 49.3907560058 55.1049291913 -17 49.3907560058 55.1049291913 -17.5 49.3907560058 55.1049291913 -18 49.3907560058 55.1049291913 -18.5 49.3907560058 55.1049291913 -19.1779587543 54.0628545469 60.3175576283 -15 54.0628545469 60.3175576283 -15.5 54.0628545469 60.3175576283 -16 54.0628545469 60.3175576283 -16.5 54.0628545469 60.3175576283 -17 54.0628545469 60.3175576283 -17.5 54.0628545469 60.3175576283 -18 54.0628545469 60.3175576283 -18.5 54.0628545469 60.3175576283 -19.1779587543 49.7429755484 54.7871917842 -15 49.7429755484 54.7871917842 -15.5 49.7429755484 54.7871917842 -16 49.7429755484 54.7871917842 -16.5 49.7429755484 54.7871917842 -17 49.7429755484 54.7871917842 -17.5 49.7429755484 54.7871917842 -18 49.7429755484 54.7871917842 -18.5 49.7429755484 54.7871917842 -19 49.7429755484 54.7871917842 -19.383633523 54.4483921543 59.96976398 -15 54.4483921543 59.96976398 -15.5 54.4483921543 59.96976398 -16 54.4483921543 59.96976398 -16.5 54.4483921543 59.96976398 -17 54.4483921543 59.96976398 -17.5 54.4483921543 59.96976398 -18 54.4483921543 59.96976398 -18.5 54.4483921543 59.96976398 -19 54.4483921543 59.96976398 -19.383633523 50.0931510901 54.467203103 -15.5 50.0931510901 54.467203103 -16 50.0931510901 54.467203103 -16.5 50.0931510901 54.467203103 -17 50.0931510901 54.467203103 -17.5 50.0931510901 54.467203103 -18 50.0931510901 54.467203103 -18.5 50.0931510901 54.467203103 -19 50.0931510901 54.467203103 -19.5847415502 54.8316924094 59.6195060993 -15.5 54.8316924094 59.6195060993 -16 54.8316924094 59.6195060993 -16.5 54.8316924094 59.6195060993 -17 54.8316924094 59.6195060993 -17.5 54.8316924094 59.6195060993 -18 54.8316924094 59.6195060993 -18.5 54.8316924094 59.6195060993 -19 54.8316924094 59.6195060993 -19.5847415502 50.4412682417 54.1449762967 -15.5 50.4412682417 54.1449762967 -16 50.4412682417 54.1449762967 -16.5 50.4412682417 54.1449762967 -17 50.4412682417 54.1449762967 -17.5 50.4412682417 54.1449762967 -18 50.4412682417 54.1449762967 -18.5 50.4412682417 54.1449762967 -19 50.4412682417 54.1449762967 -19.5 50.4412682417 54.1449762967 -19.7810394768 55.2127395619 59.2667983788 -15.5 55.2127395619 59.2667983788 -16 55.2127395619 59.2667983788 -16.5 55.2127395619 59.2667983788 -17 55.2127395619 59.2667983788 -17.5 55.2127395619 59.2667983788 -18 55.2127395619 59.2667983788 -18.5 55.2127395619 59.2667983788 -19 55.2127395619 59.2667983788 -19.5 55.2127395619 59.2667983788 -19.7810394768 50.7873126988 53.8205246057 -15.5 50.7873126988 53.8205246057 -16 50.7873126988 53.8205246057 -16.5 50.7873126988 53.8205246057 -17 50.7873126988 53.8205246057 -17.5 50.7873126988 53.8205246057 -18 50.7873126988 53.8205246057 -18.5 50.7873126988 53.8205246057 -19 50.7873126988 53.8205246057 -19.5 50.7873126988 53.8205246057 -19.9722839439 55.5915179541 58.9116553117 -15.5 55.5915179541 58.9116553117 -16 55.5915179541 58.9116553117 -16.5 55.5915179541 58.9116553117 -17 55.5915179541 58.9116553117 -17.5 55.5915179541 58.9116553117 -18 55.5915179541 58.9116553117 -18.5 55.5915179541 58.9116553117 -19 55.5915179541 58.9116553117 -19.5 55.5915179541 58.9116553117 -19.9722839439 51.1312702419 53.4938613623 -16 51.1312702419 53.4938613623 -16.5 51.1312702419 53.4938613623 -17 51.1312702419 53.4938613623 -17.5 51.1312702419 53.4938613623 -18 51.1312702419 53.4938613623 -18.5 51.1312702419 53.4938613623 -19 51.1312702419 53.4938613623 -19.5 51.1312702419 53.4938613623 -20.1582315927 55.9680120215 58.5540914912 -16 55.9680120215 58.5540914912 -16.5 55.9680120215 58.5540914912 -17 55.9680120215 58.5540914912 -17.5 55.9680120215 58.5540914912 -18 55.9680120215 58.5540914912 -18.5 55.9680120215 58.5540914912 -19 55.9680120215 58.5540914912 -19.5 55.9680120215 58.5540914912 -20.1582315927 51.4731267374 53.1649999895 -16 51.4731267374 53.1649999895 -16.5 51.4731267374 53.1649999895 -17 51.4731267374 53.1649999895 -17.5 51.4731267374 53.1649999895 -18 51.4731267374 53.1649999895 -18.5 51.4731267374 53.1649999895 -19 51.4731267374 53.1649999895 -19.5 51.4731267374 53.1649999895 -20 51.4731267374 53.1649999895 -20.3386390642 56.3422062936 58.1941216101 -16 56.3422062936 58.1941216101 -16.5 56.3422062936 58.1941216101 -17 56.3422062936 58.1941216101 -17.5 56.3422062936 58.1941216101 -18 56.3422062936 58.1941216101 -18.5 56.3422062936 58.1941216101 -19 56.3422062936 58.1941216101 -19.5 56.3422062936 58.1941216101 -20 56.3422062936 58.1941216101 -20.3386390642 51.8128681379 52.8339540005 -16 51.8128681379 52.8339540005 -16.5 51.8128681379 52.8339540005 -17 51.8128681379 52.8339540005 -17.5 51.8128681379 52.8339540005 -18 51.8128681379 52.8339540005 -18.5 51.8128681379 52.8339540005 -19 51.8128681379 52.8339540005 -19.5 51.8128681379 52.8339540005 -20 51.8128681379 52.8339540005 -20.5132629996 56.7140853942 57.83176046 -16 56.7140853942 57.83176046 -16.5 56.7140853942 57.83176046 -17 56.7140853942 57.83176046 -17.5 56.7140853942 57.83176046 -18 56.7140853942 57.83176046 -18.5 56.7140853942 57.83176046 -19 56.7140853942 57.83176046 -19.5 56.7140853942 57.83176046 -20 56.7140853942 57.83176046 -20.5132629996 52.1504804831 52.5007369985 -16.5 52.1504804831 52.5007369985 -17 52.1504804831 52.5007369985 -17.5 52.1504804831 52.5007369985 -18 52.1504804831 52.5007369985 -18.5 52.1504804831 52.5007369985 -19 52.1504804831 52.5007369985 -19.5 52.1504804831 52.5007369985 -20 52.1504804831 52.5007369985 -20.68186004 57.0836340423 57.4670229308 -16.5 57.0836340423 57.4670229308 -17 57.0836340423 57.4670229308 -17.5 57.0836340423 57.4670229308 -18 57.0836340423 57.4670229308 -18.5 57.0836340423 57.4670229308 -19 57.0836340423 57.4670229308 -19.5 57.0836340423 57.4670229308 -20 57.0836340423 57.4670229308 -20.68186004 52.4859499 52.1653626758 -16.5 52.4859499 52.1653626758 -17 52.4859499 52.1653626758 -17.5 52.4859499 52.1653626758 -18 52.4859499 52.1653626758 -18.5 52.4859499 52.1653626758 -19 52.4859499 52.1653626758 -19.5 52.4859499 52.1653626758 -20 52.4859499 52.1653626758 -20.5 52.4859499 52.1653626758 -20.8441868264 57.4508370527 57.09992401 -16.5 57.4508370527 57.09992401 -17 57.4508370527 57.09992401 -17.5 57.4508370527 57.09992401 -18 57.4508370527 57.09992401 -18.5 57.4508370527 57.09992401 -19 57.4508370527 57.09992401 -19.5 57.4508370527 57.09992401 -20 57.4508370527 57.09992401 -20.5 57.4508370527 57.09992401 -20.8441868264 52.8192626038 51.8278448133 -16.5 52.8192626038 51.8278448133 -17 52.8192626038 51.8278448133 -17.5 52.8192626038 51.8278448133 -18 52.8192626038 51.8278448133 -18.5 52.8192626038 51.8278448133 -19 52.8192626038 51.8278448133 -19.5 52.8192626038 51.8278448133 -20 52.8192626038 51.8278448133 -20.5 52.8192626038 51.8278448133 -21 57.8156793366 56.7304787821 -16.5 57.8156793366 56.7304787821 -17 57.8156793366 56.7304787821 -17.5 57.8156793366 56.7304787821 -18 57.8156793366 56.7304787821 -18.5 57.8156793366 56.7304787821 -19 57.8156793366 56.7304787821 -19.5 57.8156793366 56.7304787821 -20 57.8156793366 56.7304787821 -20.5 57.8156793366 56.7304787821 -21 53.1504048983 51.48819728 -17 53.1504048983 51.48819728 -17.5 53.1504048983 51.48819728 -18 53.1504048983 51.48819728 -18.5 53.1504048983 51.48819728 -19 53.1504048983 51.48819728 -19.5 53.1504048983 51.48819728 -20 53.1504048983 51.48819728 -20.5 53.1504048983 51.48819728 -21.1519700397 58.1781459022 56.3587024282 -17 58.1781459022 56.3587024282 -17.5 58.1781459022 56.3587024282 -18 58.1781459022 56.3587024282 -18.5 58.1781459022 56.3587024282 -19 58.1781459022 56.3587024282 -19.5 58.1781459022 56.3587024282 -20 58.1781459022 56.3587024282 -20.5 58.1781459022 56.3587024282 -21.1519700397 53.4793631764 51.1464340326 -17 53.4793631764 51.1464340326 -17.5 53.4793631764 51.1464340326 -18 53.4793631764 51.1464340326 -18.5 53.4793631764 51.1464340326 -19 53.4793631764 51.1464340326 -19.5 53.4793631764 51.1464340326 -20 53.4793631764 51.1464340326 -20.5 53.4793631764 51.1464340326 -21 53.4793631764 51.1464340326 -21.3029234536 58.5382218552 55.9846102249 -17 58.5382218552 55.9846102249 -17.5 58.5382218552 55.9846102249 -18 58.5382218552 55.9846102249 -18.5 58.5382218552 55.9846102249 -19 58.5382218552 55.9846102249 -19.5 58.5382218552 55.9846102249 -20 58.5382218552 55.9846102249 -20.5 58.5382218552 55.9846102249 -21 58.5382218552 55.9846102249 -21.3029234536 53.8061239208 50.8025691144 -17 53.8061239208 50.8025691144 -17.5 53.8061239208 50.8025691144 -18 53.8061239208 50.8025691144 -18.5 53.8061239208 50.8025691144 -19 53.8061239208 50.8025691144 -19.5 53.8061239208 50.8025691144 -20 53.8061239208 50.8025691144 -20.5 53.8061239208 50.8025691144 -21 53.8061239208 50.8025691144 -21.4528509262 58.8958923998 55.6082175441 -17 58.8958923998 55.6082175441 -17.5 58.8958923998 55.6082175441 -18 58.8958923998 55.6082175441 -18.5 58.8958923998 55.6082175441 -19 58.8958923998 55.6082175441 -19.5 58.8958923998 55.6082175441 -20 58.8958923998 55.6082175441 -20.5 58.8958923998 55.6082175441 -21 58.8958923998 55.6082175441 -21.4528509262 54.1306737045 50.4566166553 -17 54.1306737045 50.4566166553 -17.5 54.1306737045 50.4566166553 -18 54.1306737045 50.4566166553 -18.5 54.1306737045 50.4566166553 -19 54.1306737045 50.4566166553 -19.5 54.1306737045 50.4566166553 -20 54.1306737045 50.4566166553 -20.5 54.1306737045 50.4566166553 -21 54.1306737045 50.4566166553 -21.6017431421 59.2511428387 55.2295398524 -17 59.2511428387 55.2295398524 -17.5 59.2511428387 55.2295398524 -18 59.2511428387 55.2295398524 -18.5 59.2511428387 55.2295398524 -19 59.2511428387 55.2295398524 -19.5 59.2511428387 55.2295398524 -20 59.2511428387 55.2295398524 -20.5 59.2511428387 55.2295398524 -21 59.2511428387 55.2295398524 -21.6017431421 54.4529991913 50.108590871 -17.5 54.4529991913 50.108590871 -18 54.4529991913 50.108590871 -18.5 54.4529991913 50.108590871 -19 54.4529991913 50.108590871 -19.5 54.4529991913 50.108590871 -20 54.4529991913 50.108590871 -20.5 54.4529991913 50.108590871 -21 54.4529991913 50.108590871 -21.7495907857 59.6039585742 54.8485927101 -17.5 59.6039585742 54.8485927101 -18 59.6039585742 54.8485927101 -18.5 59.6039585742 54.8485927101 -19 59.6039585742 54.8485927101 -19.5 59.6039585742 54.8485927101 -20 59.6039585742 54.8485927101 -20.5 59.6039585742 54.8485927101 -21 59.6039585742 54.8485927101 -21.7495907857 54.7730871365 49.7585060621 -17.5 54.7730871365 49.7585060621 -18 54.7730871365 49.7585060621 -18.5 54.7730871365 49.7585060621 -19 54.7730871365 49.7585060621 -19.5 54.7730871365 49.7585060621 -20 54.7730871365 49.7585060621 -20.5 54.7730871365 49.7585060621 -21 54.7730871365 49.7585060621 -21.5 54.7730871365 49.7585060621 -21.8963845417 59.9543251089 54.4653917707 -17.5 59.9543251089 54.4653917707 -18 59.9543251089 54.4653917707 -18.5 59.9543251089 54.4653917707 -19 59.9543251089 54.4653917707 -19.5 59.9543251089 54.4653917707 -20 59.9543251089 54.4653917707 -20.5 59.9543251089 54.4653917707 -21 59.9543251089 54.4653917707 -21.5 59.9543251089 54.4653917707 -21.8963845417 55.0909243873 49.4063766143 -17.5 55.0909243873 49.4063766143 -18 55.0909243873 49.4063766143 -18.5 55.0909243873 49.4063766143 -19 55.0909243873 49.4063766143 -19.5 55.0909243873 49.4063766143 -20 55.0909243873 49.4063766143 -20.5 55.0909243873 49.4063766143 -21 55.0909243873 49.4063766143 -21.5 55.0909243873 49.4063766143 -22.0421150946 60.3022280456 54.0799527805 -17.5 60.3022280456 54.0799527805 -18 60.3022280456 54.0799527805 -18.5 60.3022280456 54.0799527805 -19 60.3022280456 54.0799527805 -19.5 60.3022280456 54.0799527805 -20 60.3022280456 54.0799527805 -20.5 60.3022280456 54.0799527805 -21 60.3022280456 54.0799527805 -21.5 60.3022280456 54.0799527805 -22.0421150946 55.4064978833 49.0522169968 -18 55.4064978833 49.0522169968 -18.5 55.4064978833 49.0522169968 -19 55.4064978833 49.0522169968 -19.5 55.4064978833 49.0522169968 -20 55.4064978833 49.0522169968 -20.5 55.4064978833 49.0522169968 -21 55.4064978833 49.0522169968 -21.5 55.4064978833 49.0522169968 -22.1867731289 60.6476530885 53.6922915776 -18 60.6476530885 53.6922915776 -18.5 60.6476530885 53.6922915776 -19 60.6476530885 53.6922915776 -19.5 60.6476530885 53.6922915776 -20 60.6476530885 53.6922915776 -20.5 60.6476530885 53.6922915776 -21 60.6476530885 53.6922915776 -21.5 60.6476530885 53.6922915776 -22.1867731289 55.7197946573 48.6960417626 -18 55.7197946573 48.6960417626 -18.5 55.7197946573 48.6960417626 -19 55.7197946573 48.6960417626 -19.5 55.7197946573 48.6960417626 -20 55.7197946573 48.6960417626 -20.5 55.7197946573 48.6960417626 -21 55.7197946573 48.6960417626 -21.5 55.7197946573 48.6960417626 -22 60.9905860438 53.3024240915 -18 60.9905860438 53.3024240915 -18.5 60.9905860438 53.3024240915 -19 60.9905860438 53.3024240915 -19.5 60.9905860438 53.3024240915 -20 60.9905860438 53.3024240915 -20.5 60.9905860438 53.3024240915 -21 60.9905860438 53.3024240915 -21.5 60.9905860438 53.3024240915 -22 61.3310128199 52.9103663424 -18 61.3310128199 52.9103663424 -18.5 61.3310128199 52.9103663424 -19 61.3310128199 52.9103663424 -19.5 61.3310128199 52.9103663424 -20 61.3310128199 52.9103663424 -20.5 61.3310128199 52.9103663424 -21</DataArray></Points>
      <Cells>
        <DataArray type="Int32" Name="connectivity" format="ascii">0 3 2 1 4 7 6 5 3 9 8 2 7 11 10 6 9 13 12 8 11 15 14 10 13 17 16 12 15 19 18 14 17 21 20 16 19 23 22 18 21 25 24 20 23 27 26 22 25 29 28 24 27 31 30 26 29 33 32 28 31 35 34 30 33 37 36 32 35 39 38 34 37 41 40 36 39 43 42 38 41 45 44 40 43 47 46 42 45 49 48 44 47 51 50 46 1 2 53 52 5 6 55 54 2 8 56 53 6 10 57 55 8 12 58 56 10 14 59 57 12 16 60 58 14 18 61 59 16 20 62 60 18 22 63 61 20 24 64 62 22 26 65 63 24 28 66 64 26 30 67 65 28 32 68 66 30 34 69 67 32 36 70 68 34 38 71 69 36 40 72 70 38 42 73 71 40 44 74 72 42 46 75 73 44 48 76 74 46 50 77 75 52 53 79 78 54 55 81 80 53 56 82 79 55 57 83 81 56 58 84 82 57 59 85 83 58 60 86 84 59 61 87 85 60 62 88 86 61 63 89 87 62 64 90 88 63 65 91 89 64 66 92 90 65 67 93 91 66 68 94 92 67 69 95 93 68 70 96 94 69 71 97 95 70 72 98 96 71 73 99 97 72 74 100 98 73 75 101 99 74 76 102 100 75 77 103 101 104 107 106 105 80 81 109 108 107 111 110 106 81 83 112 109 111 114 113 110 83 85 115 112 114 117 116 113 85 87 118 115 117 120 119 116 87 89 121 118 120 123 122 119 89 91 124 121 123 126 125 122 91 93 127 124 126 129 128 125 93 95 130 127 129 132 131 128 95 97 133 130 132 135 134 131 97 99 136 133 135 138 137 134 99 101 139 136 138 141 140 137 101 103 142 139 105 106 144 143 108 109 146 145 106 110 147 144 109 112 148 146 110 113 149 147 112 115 150 148 113 116 151 149 115 118 152 150 116 119 153 151 118 121 154 152 119 122 155 153 121 124 156 154 122 125 157 155 124 127 158 156 125 128 159 157 127 130 160 158 128 131 161 159 130 133 162 160 131 134 163 161 133 136 164 162 134 137 165 163 136 139 166 164 137 140 167 165 139 142 168 166 143 144 170 169 145 146 172 171 144 147 173 170 146 148 174 172 147 149 175 173 148 150 176 174 149 151 177 175 150 152 178 176 151 153 179 177 152 154 180 178 153 155 181 179 154 156 182 180 155 157 183 181 156 158 184 182 157 159 185 183 158 160 186 184 159 161 187 185 160 162 188 186 161 163 189 187 162 164 190 188 163 165 191 189 164 166 192 190 165 167 193 191 166 168 194 192 195 198 197 196 171 172 200 199 198 202 201 197 172 174 203 200 202 205 204 201 174 176 206 203 205 208 207 204 176 178 209 206 208 211 210 207 178 180 212 209 211 214 213 210 180 182 215 212 214 217 216 213 182 184 218 215 217 220 219 216 184 186 221 218 220 223 222 219 186 188 224 221 223 226 225 222 188 190 227 224 226 229 228 225 190 192 230 227 229 232 231 228 192 194 233 230 196 197 235 234 199 200 237 236 197 201 238 235 200 203 239 237 201 204 240 238 203 206 241 239 204 207 242 240 206 209 243 241 207 210 244 242 209 212 245 243 210 213 246 244 212 215 247 245 213 216 248 246 215 218 249 247 216 219 250 248 218 221 251 249 219 222 252 250 221 224 253 251 222 225 254 252 224 227 255 253 225 228 256 254 227 230 257 255 228 231 258 256 230 233 259 257 234 235 261 260 236 237 263 262 235 238 264 261 237 239 265 263 238 240 266 264 239 241 267 265 240 242 268 266 241 243 269 267 242 244 270 268 243 245 271 269 244 246 272 270 245 247 273 271 246 248 274 272 247 249 275 273 248 250 276 274 249 251 277 275 250 252 278 276 251 253 279 277 252 254 280 278 253 255 281 279 254 256 282 280 255 257 283 281 256 258 284 282 257 259 285 283 260 261 287 286 262 263 289 288 261 264 290 287 263 265 291 289 264 266 292 290 265 267 293 291 266 268 294 292 267 269 295 293 268 270 296 294 269 271 297 295 270 272 298 296 271 273 299 297 272 274 300 298 273 275 301 299 274 276 302 300 275 277 303 301 276 278 304 302 277 279 305 303 278 280 306 304 279 281 307 305 280 282 308 306 281 283 309 307 282 284 310 308 283 285 311 309 312 315 314 313 288 289 317 316 315 319 318 314 289 291 320 317 319 322 321 318 291 293 323 320 322 325 324 321 293 295 326 323 325 328 327 324 295 297 329 326 328 331 330 327 297 299 332 329 331 334 333 330 299 301 335 332 334 337 336 333 301 303 338 335 337 340 339 336 303 305 341 338 340 343 342 339 305 307 344 341 343 346 345 342 307 309 347 344 346 349 348 345 309 311 350 347 313 314 352 351 316 317 354 353 314 318 355 352 317 320 356 354 318 321 357 355 320 323 358 356 321 324 359 357 323 326 360 358 324 327 361 359 326 329 362 360 327 330 363 361 329 332 364 362 330 333 365 363 332 335 366 364 333 336 367 365 335 338 368 366 336 339 369 367 338 341 370 368 339 342 371 369 341 344 372 370 342 345 373 371 344 347 374 372 345 348 375 373 347 350 376 374 351 352 378 377 353 354 380 379 352 355 381 378 354 356 382 380 355 357 383 381 356 358 384 382 357 359 385 383 358 360 386 384 359 361 387 385 360 362 388 386 361 363 389 387 362 364 390 388 363 365 391 389 364 366 392 390 365 367 393 391 366 368 394 392 367 369 395 393 368 370 396 394 369 371 397 395 370 372 398 396 371 373 399 397 372 374 400 398 373 375 401 399 374 376 402 400 403 406 405 404 379 380 408 407 406 410 409 405 380 382 411 408 410 413 412 409 382 384 414 411 413 416 415 412 384 386 417 414 416 419 418 415 386 388 420 417 419 422 421 418 388 390 423 420 422 425 424 421 390 392 426 423 425 428 427 424 392 394 429 426 428 431 430 427 394 396 432 429 431 434 433 430 396 398 435 432 434 437 436 433 398 400 438 435 437 440 439 436 400 402 441 438 404 405 443 442 407 408 445 444 405 409 446 443 408 411 447 445 409 412 448 446 411 414 449 447 412 415 450 448 414 417 451 449 415 418 452 450 417 420 453 451 418 421 454 452 420 423 455 453 421 424 456 454 423 426 457 455 424 427 458 456 426 429 459 457 427 430 460 458 429 432 461 459 430 433 462 460 432 435 463 461 433 436 464 462 435 438 465 463 436 439 466 464 438 441 467 465 442 443 469 468 444 445 471 470 443 446 472 469 445 447 473 471 446 448 474 472 447 449 475 473 448 450 476 474 449 451 477 475 450 452 478 476 451 453 479 477 452 454 480 478 453 455 481 479 454 456 482 480 455 457 483 481 456 458 484 482 457 459 485 483 458 460 486 484 459 461 487 485 460 462 488 486 461 463 489 487 462 464 490 488 463 465 491 489 464 466 492 490 465 467 493 491 494 497 496 495 470 471 499 498 497 501 500 496 471 473 502 499 501 504 503 500 473 475 505 502 504 507 506 503 475 477 508 505 507 510 509 506 477 479 511 508 510 513 512 509 479 481 514 511 513 516 515 512 481 483 517 514 516 519 518 515 483 485 520 517 519 522 521 518 485 487 523 520 522 525 524 521 487 489 526 523 525 528 527 524 489 491 529 526 528 531 530 527 491 493 532 529 495 496 534 533 498 499 536 535 496 500 537 534 499 502 538 536 500 503 539 537 502 505 540 538 503 506 541 539 505 508 542 540 506 509 543 541 508 511 544 542 509 512 545 543 511 514 546 544 512 515 547 545 514 517 548 546 515 518 549 547 517 520 550 548 518 521 551 549 520 523 552 550 521 524 553 551 523 526 554 552 524 527 555 553 526 529 556 554 527 530 557 555 529 532 558 556 533 534 560 559 535 536 562 561 534 537 563 560 536 538 564 562 537 539 565 563 538 540 566 564 539 541 567 565 540 542 568 566 541 543 569 567 542 544 570 568 543 545 571 569 544 546 572 570 545 547 573 571 546 548 574 572 547 549 575 573 548 550 576 574 549 551 577 575 550 552 578 576 551 553 579 577 552 554 580 578 553 555 581 579 554 556 582 580 555 557 583 581 556 558 584 582 559 560 586 585 561 562 588 587 560 563 589 586 562 564 590 588 563 565 591 589 564 566 592 590 565 567 593 591 566 568 594 592 567 569 595 593 568 570 596 594 569 571 597 595 570 572 598 596 571 573 599 597 572 574 600 598 573 575 601 599 574 576 602 600 575 577 603 601 576 578 604 602 577 579 605 603 578 580 606 604 579 581 607 605 580 582 608 606 581 583 609 607 582 584 610 608 611 614 613 612 587 588 616 615 614 618 617 613 588 590 619 616 618 621 620 617 590 592 622 619 621 624 623 620 592 594 625 622 624 627 626 623 594 596 628 625 627 630 629 626 596 598 631 628 630 633 632 629 598 600 634 631 633 636 635 632 600 602 637 634 636 639 638 635 602 604 640 637 639 642 641 638 604 606 643 640 642 645 644 641 606 608 646 643 645 648 647 644 608 610 649 646 612 613 651 650 615 616 653 652 613 617 654 651 616 619 655 653 617 620 656 654 619 622 657 655 620 623 658 656 622 625 659 657 623 626 660 658 625 628 661 659 626 629 662 660 628 631 663 661 629 632 664 662 631 634 665 663 632 635 666 664 634 637 667 665 635 638 668 666 637 640 669 667 638 641 670 668 640 643 671 669 641 644 672 670 643 646 673 671 644 647 674 672 646 649 675 673 650 651 677 676 652 653 679 678 651 654 680 677 653 655 681 679 654 656 682 680 655 657 683 681 656 658 684 682 657 659 685 683 658 660 686 684 659 661 687 685 660 662 688 686 661 663 689 687 662 664 690 688 663 665 691 689 664 666 692 690 665 667 693 691 666 668 694 692 667 669 695 693 668 670 696 694 669 671 697 695 670 672 698 696 671 673 699 697 672 674 700 698 673 675 701 699 702 705 704 703 678 679 707 706 705 709 708 704 679 681 710 707 709 712 711 708 681 683 713 710 712 715 714 711 683 685 716 713 715 718 717 714 685 687 719 716 718 721 720 717 687 689 722 719 721 724 723 720 689 691 725 722 724 727 726 723 691 693 728 725 727 730 729 726 693 695 731 728 730 733 732 729 695 697 734 731 733 736 735 732 697 699 737 734 736 739 738 735 699 701 740 737 703 704 742 741 706 707 744 743 704 708 745 742 707 710 746 744 708 711 747 745 710 713 748 746 711 714 749 747 713 716 750 748 714 717 751 749 716 719 752 750 717 720 753 751 719 722 754 752 720 723 755 753 722 725 756 754 723 726 757 755 725 728 758 756 726 729 759 757 728 731 760 758 729 732 761 759 731 734 762 760 732 735 763 761 734 737 764 762 735 738 765 763 737 740 766 764 741 742 768 767 743 744 770 769 742 745 771 768 744 746 772 770 745 747 773 771 746 748 774 772 747 749 775 773 748 750 776 774 749 751 777 775 750 752 778 776 751 753 779 777 752 754 780 778 753 755 781 779 754 756 782 780 755 757 783 781 756 758 784 782 757 759 785 783 758 760 786 784 759 761 787 785 760 762 788 786 761 763 789 787 762 764 790 788 763 765 791 789 764 766 792 790 793 796 795 794 769 770 798 797 796 800 799 795 770 772 801 798 800 803 802 799 772 774 804 801 803 806 805 802 774 776 807 804 806 809 808 805 776 778 810 807 809 812 811 808 778 780 813 810 812 815 814 811 780 782 816 813 815 818 817 814 782 784 819 816 818 821 820 817 784 786 822 819 821 824 823 820 786 788 825 822 824 827 826 823 788 790 828 825 827 830 829 826 790 792 831 828 794 795 833 832 797 798 835 834 795 799 836 833 798 801 837 835 799 802 838 836 801 804 839 837 802 805 840 838 804 807 841 839 805 808 842 840 807 810 843 841 808 811 844 842 810 813 845 843 811 814 846 844 813 816 847 845 814 817 848 846 816 819 849 847 817 820 850 848 819 822 851 849 820 823 852 850 822 825 853 851 823 826 854 852 825 828 855 853 826 829 856 854 828 831 857 855 832 833 859 858 834 835 861 860 833 836 862 859 835 837 863 861 836 838 864 862 837 839 865 863 838 840 866 864 839 841 867 865 840 842 868 866 841 843 869 867 842 844 870 868 843 845 871 869 844 846 872 870 845 847 873 871 846 848 874 872 847 849 875 873 848 850 876 874 849 851 877 875 850 852 878 876 851 853 879 877 852 854 880 878 853 855 881 879 854 856 882 880 855 857 883 881 858 859 885 884 860 861 887 886 860 886 888 861 887 889 859 862 890 885 861 863 891 887 861 887 889 863 891 892 862 864 893 890 863 865 894 891 863 891 892 865 894 895 864 866 896 893 865 867 897 894 865 894 895 867 897 898 866 868 899 896 867 869 900 897 867 897 898 869 900 901 868 870 902 899 869 871 903 900 869 900 901 871 903 904 870 872 905 902 871 873 906 903 871 903 904 873 906 907 872 874 908 905 873 875 909 906 873 906 907 875 909 910 874 876 911 908 875 877 912 909 875 909 910 877 912 913 876 878 914 911 877 879 915 912 877 912 913 879 915 916 878 880 917 914 879 881 918 915 879 915 916 881 918 919 880 882 920 917 881 883 921 918 881 918 919 883 921 922 886 887 924 923 888 889 926 925 887 891 927 924 889 892 928 926 891 894 929 927 892 895 930 928 894 897 931 929 895 898 932 930 897 900 933 931 898 901 934 932 900 903 935 933 901 904 936 934 903 906 937 935 904 907 938 936 906 909 939 937 907 910 940 938 909 912 941 939 910 913 942 940 912 915 943 941 913 916 944 942 915 918 945 943 916 919 946 944 918 921 947 945 919 922 948 946 923 924 950 949 925 926 952 951 924 927 953 950 926 928 954 952 927 929 955 953 928 930 956 954 929 931 957 955 930 932 958 956 931 933 959 957 932 934 960 958 933 935 961 959 934 936 962 960 935 937 963 961 936 938 964 962 937 939 965 963 938 940 966 964 939 941 967 965 940 942 968 966 941 943 969 967 942 944 970 968 943 945 971 969 944 946 972 970 945 947 973 971 946 948 974 972 949 950 976 975 951 952 978 977 950 953 979 976 952 954 980 978 953 955 981 979 954 956 982 980 955 957 983 981 956 958 984 982 957 959 985 983 958 960 986 984 959 961 987 985 960 962 988 986 961 963 989 987 962 964 990 988 963 965 991 989 964 966 992 990 965 967 993 991 966 968 994 992 967 969 995 993 968 970 996 994 969 971 997 995 970 972 998 996 971 973 999 997 972 974 1000 998 1001 1004 1003 1002 977 978 1006 1005 1004 1008 1007 1003 978 980 1009 1006 1008 1011 1010 1007 980 982 1012 1009 1011 1014 1013 1010 982 984 1015 1012 1014 1017 1016 1013 984 986 1018 1015 1017 1020 1019 1016 986 988 1021 1018 1020 1023 1022 1019 988 990 1024 1021 1023 1026 1025 1022 990 992 1027 1024 1026 1029 1028 1025 992 994 1030 1027 1029 1032 1031 1028 994 996 1033 1030 1032 1035 1034 1031 996 998 1036 1033 1035 1038 1037 1034 998 1000 1039 1036 1002 1003 1041 1040 1005 1006 1043 1042 1003 1007 1044 1041 1006 1009 1045 1043 1007 1010 1046 1044 1009 1012 1047 1045 1010 1013 1048 1046 1012 1015 1049 1047 1013 1016 1050 1048 1015 1018 1051 1049 1016 1019 1052 1050 1018 1021 1053 1051 1019 1022 1054 1052 1021 1024 1055 1053 1022 1025 1056 1054 1024 1027 1057 1055 1025 1028 1058 1056 1027 1030 1059 1057 1028 1031 1060 1058 1030 1033 1061 1059 1031 1034 1062 1060 1033 1036 1063 1061 1034 1037 1064 1062 1036 1039 1065 1063 1040 1041 1067 1066 1042 1043 1069 1068 1041 1044 1070 1067 1043 1045 1071 1069 1044 1046 1072 1070 1045 1047 1073 1071 1046 1048 1074 1072 1047 1049 1075 1073 1048 1050 1076 1074 1049 1051 1077 1075 1050 1052 1078 1076 1051 1053 1079 1077 1052 1054 1080 1078 1053 1055 1081 1079 1054 1056 1082 1080 1055 1057 1083 1081 1056 1058 1084 1082 1057 1059 1085 1083 1058 1060 1086 1084 1059 1061 1087 1085 1060 1062 1088 1086 1061 1063 1089 1087 1062 1064 1090 1088 1063 1065 1091 1089 1092 1095 1094 1093 1068 1069 1097 1096 1095 1099 1098 1094 1069 1071 1100 1097 1099 1102 1101 1098 1071 1073 1103 1100 1102 1105 1104 1101 1073 1075 1106 1103 1105 1108 1107 1104 1075 1077 1109 1106 1108 1111 1110 1107 1077 1079 1112 1109 1111 1114 1113 1110 1079 1081 1115 1112 1114 1117 1116 1113 1081 1083 1118 1115 1117 1120 1119 1116 1083 1085 1121 1118 1120 1123 1122 1119 1085 1087 1124 1121 1123 1126 1125 1122 1087 1089 1127 1124 1126 1129 1128 1125 1089 1091 1130 1127 1093 1094 1132 1131 1096 1097 1134 1133 1094 1098 1135 1132 1097 1100 1136 1134 1098 1101 1137 1135 1100 1103 1138 1136 1101 1104 1139 1137 1103 1106 1140 1138 1104 1107 1141 1139 1106 1109 1142 1140 1107 1110 1143 1141 1109 1112 1144 1142 1110 1113 1145 1143 1112 1115 1146 1144 1113 1116 1147 1145 1115 1118 1148 1146 1116 1119 1149 1147 1118 1121 1150 1148 1119 1122 1151 1149 1121 1124 1152 1150 1122 1125 1153 1151 1124 1127 1154 1152 1125 1128 1155 1153 1127 1130 1156 1154 1131 1132 1158 1157 1133 1134 1160 1159 1132 1135 1161 1158 1134 1136 1162 1160 1135 1137 1163 1161 1136 1138 1164 1162 1137 1139 1165 1163 1138 1140 1166 1164 1139 1141 1167 1165 1140 1142 1168 1166 1141 1143 1169 1167 1142 1144 1170 1168 1143 1145 1171 1169 1144 1146 1172 1170 1145 1147 1173 1171 1146 1148 1174 1172 1147 1149 1175 1173 1148 1150 1176 1174 1149 1151 1177 1175 1150 1152 1178 1176 1151 1153 1179 1177 1152 1154 1180 1178 1153 1155 1181 1179 1154 1156 1182 1180 1157 1158 1184 1183 1159 1160 1186 1185 1159 1185 1187 1160 1186 1188 1158 1161 1189 1184 1160 1162 1190 1186 1160 1186 1188 1162 1190 1191 1161 1163 1192 1189 1162 1164 1193 1190 1162 1190 1191 1164 1193 1194 1163 1165 1195 1192 1164 1166 1196 1193 1164 1193 1194 1166 1196 1197 1165 1167 1198 1195 1166 1168 1199 1196 1166 1196 1197 1168 1199 1200 1167 1169 1201 1198 1168 1170 1202 1199 1168 1199 1200 1170 1202 1203 1169 1171 1204 1201 1170 1172 1205 1202 1170 1202 1203 1172 1205 1206 1171 1173 1207 1204 1172 1174 1208 1205 1172 1205 1206 1174 1208 1209 1173 1175 1210 1207 1174 1176 1211 1208 1174 1208 1209 1176 1211 1212 1175 1177 1213 1210 1176 1178 1214 1211 1176 1211 1212 1178 1214 1215 1177 1179 1216 1213 1178 1180 1217 1214 1178 1214 1215 1180 1217 1218 1179 1181 1219 1216 1180 1182 1220 1217 1180 1217 1218 1182 1220 1221 1185 1186 1223 1222 1187 1188 1225 1224 1186 1190 1226 1223 1188 1191 1227 1225 1190 1193 1228 1226 1191 1194 1229 1227 1193 1196 1230 1228 1194 1197 1231 1229 1196 1199 1232 1230 1197 1200 1233 1231 1199 1202 1234 1232 1200 1203 1235 1233 1202 1205 1236 1234 1203 1206 1237 1235 1205 1208 1238 1236 1206 1209 1239 1237 1208 1211 1240 1238 1209 1212 1241 1239 1211 1214 1242 1240 1212 1215 1243 1241 1214 1217 1244 1242 1215 1218 1245 1243 1217 1220 1246 1244 1218 1221 1247 1245 1222 1223 1249 1248 1224 1225 1251 1250 1223 1226 1252 1249 1225 1227 1253 1251 1226 1228 1254 1252 1227 1229 1255 1253 1228 1230 1256 1254 1229 1231 1257 1255 1230 1232 1258 1256 1231 1233 1259 1257 1232 1234 1260 1258 1233 1235 1261 1259 1234 1236 1262 1260 1235 1237 1263 1261 1236 1238 1264 1262 1237 1239 1265 1263 1238 1240 1266 1264 1239 1241 1267 1265 1240 1242 1268 1266 1241 1243 1269 1267 1242 1244 1270 1268 1243 1245 1271 1269 1244 1246 1272 1270 1245 1247 1273 1271 1248 1249 1275 1274 1250 1251 1277 1276 1250 1276 1278 1251 1277 1279 1249 1252 1280 1275 1251 1253 1281 1277 1251 1277 1279 1253 1281 1282 1252 1254 1283 1280 1253 1255 1284 1281 1253 1281 1282 1255 1284 1285 1254 1256 1286 1283 1255 1257 1287 1284 1255 1284 1285 1257 1287 1288 1256 1258 1289 1286 1257 1259 1290 1287 1257 1287 1288 1259 1290 1291 1258 1260 1292 1289 1259 1261 1293 1290 1259 1290 1291 1261 1293 1294 1260 1262 1295 1292 1261 1263 1296 1293 1261 1293 1294 1263 1296 1297 1262 1264 1298 1295 1263 1265 1299 1296 1263 1296 1297 1265 1299 1300 1264 1266 1301 1298 1265 1267 1302 1299 1265 1299 1300 1267 1302 1303 1266 1268 1304 1301 1267 1269 1305 1302 1267 1302 1303 1269 1305 1306 1268 1270 1307 1304 1269 1271 1308 1305 1269 1305 1306 1271 1308 1309 1270 1272 1310 1307 1271 1273 1311 1308 1271 1308 1309 1273 1311 1312 1276 1277 1314 1313 1278 1279 1316 1315 1277 1281 1317 1314 1279 1282 1318 1316 1281 1284 1319 1317 1282 1285 1320 1318 1284 1287 1321 1319 1285 1288 1322 1320 1287 1290 1323 1321 1288 1291 1324 1322 1290 1293 1325 1323 1291 1294 1326 1324 1293 1296 1327 1325 1294 1297 1328 1326 1296 1299 1329 1327 1297 1300 1330 1328 1299 1302 1331 1329 1300 1303 1332 1330 1302 1305 1333 1331 1303 1306 1334 1332 1305 1308 1335 1333 1306 1309 1336 1334 1308 1311 1337 1335 1309 1312 1338 1336 1313 1314 1340 1339 1315 1316 1342 1341 1314 1317 1343 1340 1316 1318 1344 1342 1317 1319 1345 1343 1318 1320 1346 1344 1319 1321 1347 1345 1320 1322 1348 1346 1321 1323 1349 1347 1322 1324 1350 1348 1323 1325 1351 1349 1324 1326 1352 1350 1325 1327 1353 1351 1326 1328 1354 1352 1327 1329 1355 1353 1328 1330 1356 1354 1329 1331 1357 1355 1330 1332 1358 1356 1331 1333 1359 1357 1332 1334 1360 1358 1333 1335 1361 1359 1334 1336 1362 1360 1335 1337 1363 1361 1336 1338 1364 1362 1339 1340 1366 1365 1341 1342 1368 1367 1341 1367 1369 1342 1368 1370 1340 1343 1371 1366 1342 1344 1372 1368 1342 1368 1370 1344 1372 1373 1343 1345 1374 1371 1344 1346 1375 1372 1344 1372 1373 1346 1375 1376 1345 1347 1377 1374 1346 1348 1378 1375 1346 1375 1376 1348 1378 1379 1347 1349 1380 1377 1348 1350 1381 1378 1348 1378 1379 1350 1381 1382 1349 1351 1383 1380 1350 1352 1384 1381 1350 1381 1382 1352 1384 1385 1351 1353 1386 1383 1352 1354 1387 1384 1352 1384 1385 1354 1387 1388 1353 1355 1389 1386 1354 1356 1390 1387 1354 1387 1388 1356 1390 1391 1355 1357 1392 1389 1356 1358 1393 1390 1356 1390 1391 1358 1393 1394 1357 1359 1395 1392 1358 1360 1396 1393 1358 1393 1394 1360 1396 1397 1359 1361 1398 1395 1360 1362 1399 1396 1360 1396 1397 1362 1399 1400 1361 1363 1401 1398 1362 1364 1402 1399 1362 1399 1400 1364 1402 1403 1367 1368 1405 1404 1369 1370 1407 1406 1368 1372 1408 1405 1370 1373 1409 1407 1372 1375 1410 1408 1373 1376 1411 1409 1375 1378 1412 1410 1376 1379 1413 1411 1378 1381 1414 1412 1379 1382 1415 1413 1381 1384 1416 1414 1382 1385 1417 1415 1384 1387 1418 1416 1385 1388 1419 1417 1387 1390 1420 1418 1388 1391 1421 1419 1390 1393 1422 1420 1391 1394 1423 1421 1393 1396 1424 1422 1394 1397 1425 1423 1396 1399 1426 1424 1397 1400 1427 1425 1399 1402 1428 1426 1400 1403 1429 1427 1404 1405 1431 1430 1406 1407 1433 1432 1405 1408 1434 1431 1407 1409 1435 1433 1408 1410 1436 1434 1409 1411 1437 1435 1410 1412 1438 1436 1411 1413 1439 1437 1412 1414 1440 1438 1413 1415 1441 1439 1414 1416 1442 1440 1415 1417 1443 1441 1416 1418 1444 1442 1417 1419 1445 1443 1418 1420 1446 1444 1419 1421 1447 1445 1420 1422 1448 1446 1421 1423 1449 1447 1422 1424 1450 1448 1423 1425 1451 1449 1424 1426 1452 1450 1425 1427 1453 1451 1426 1428 1454 1452 1427 1429 1455 1453 1430 1431 1457 1456 1432 1433 1459 1458 1432 1458 1460 1433 1459 1461 1431 1434 1462 1457 1433 1435 1463 1459 1433 1459 1461 1435 1463 1464 1434 1436 1465 1462 1435 1437 1466 1463 1435 1463 1464 1437 1466 1467 1436 1438 1468 1465 1437 1439 1469 1466 1437 1466 1467 1439 1469 1470 1438 1440 1471 1468 1439 1441 1472 1469 1439 1469 1470 1441 1472 1473 1440 1442 1474 1471 1441 1443 1475 1472 1441 1472 1473 1443 1475 1476 1442 1444 1477 1474 1443 1445 1478 1475 1443 1475 1476 1445 1478 1479 1444 1446 1480 1477 1445 1447 1481 1478 1445 1478 1479 1447 1481 1482 1446 1448 1483 1480 1447 1449 1484 1481 1447 1481 1482 1449 1484 1485 1448 1450 1486 1483 1449 1451 1487 1484 1449 1484 1485 1451 1487 1488 1450 1452 1489 1486 1451 1453 1490 1487 1451 1487 1488 1453 1490 1491 1452 1454 1492 1489 1453 1455 1493 1490 1453 1490 1491 1455 1493 1494 1456 1457 1496 1495 1458 1459 1498 1497 1458 1459 1498 1497 1460 1461 1500 1499 1457 1462 1501 1496 1459 1463 1502 1498 1459 1463 1502 1498 1461 1464 1503 1500 1462 1465 1504 1501 1463 1466 1505 1502 1463 1466 1505 1502 1464 1467 1506 1503 1465 1468 1507 1504 1466 1469 1508 1505 1466 1469 1508 1505 1467 1470 1509 1506 1468 1471 1510 1507 1469 1472 1511 1508 1469 1472 1511 1508 1470 1473 1512 1509 1471 1474 1513 1510 1472 1475 1514 1511 1472 1475 1514 1511 1473 1476 1515 1512 1474 1477 1516 1513 1475 1478 1517 1514 1475 1478 1517 1514 1476 1479 1518 1515 1477 1480 1519 1516 1478 1481 1520 1517 1478 1481 1520 1517 1479 1482 1521 1518 1480 1483 1522 1519 1481 1484 1523 1520 1481 1484 1523 1520 1482 1485 1524 1521 1483 1486 1525 1522 1484 1487 1526 1523 1484 1487 1526 1523 1485 1488 1527 1524 1486 1489 1528 1525 1487 1490 1529 1526 1487 1490 1529 1526 1488 1491 1530 1527 1489 1492 1531 1528 1490 1493 1532 1529 1490 1493 1532 1529 1491 1494 1533 1530 1497 1498 1535 1534 1499 1500 1537 1536 1498 1502 1538 1535 1500 1503 1539 1537 1502 1505 1540 1538 1503 1506 1541 1539 1505 1508 1542 1540 1506 1509 1543 1541 1508 1511 1544 1542 1509 1512 1545 1543 1511 1514 1546 1544 1512 1515 1547 1545 1514 1517 1548 1546 1515 1518 1549 1547 1517 1520 1550 1548 1518 1521 1551 1549 1520 1523 1552 1550 1521 1524 1553 1551 1523 1526 1554 1552 1524 1527 1555 1553 1526 1529 1556 1554 1527 1530 1557 1555 1529 1532 1558 1556 1530 1533 1559 1557 1534 1535 1561 1560 1536 1537 1563 1562 1536 1562 1564 1537 1563 1565 1535 1538 1566 1561 1537 1539 1567 1563 1537 1563 1565 1539 1567 1568 1538 1540 1569 1566 1539 1541 1570 1567 1539 1567 1568 1541 1570 1571 1540 1542 1572 1569 1541 1543 1573 1570 1541 1570 1571 1543 1573 1574 1542 1544 1575 1572 1543 1545 1576 1573 1543 1573 1574 1545 1576 1577 1544 1546 1578 1575 1545 1547 1579 1576 1545 1576 1577 1547 1579 1580 1546 1548 1581 1578 1547 1549 1582 1579 1547 1579 1580 1549 1582 1583 1548 1550 1584 1581 1549 1551 1585 1582 1549 1582 1583 1551 1585 1586 1550 1552 1587 1584 1551 1553 1588 1585 1551 1585 1586 1553 1588 1589 1552 1554 1590 1587 1553 1555 1591 1588 1553 1588 1589 1555 1591 1592 1554 1556 1593 1590 1555 1557 1594 1591 1555 1591 1592 1557 1594 1595 1556 1558 1596 1593 1557 1559 1597 1594 1557 1594 1595 1559 1597 1598 1560 1561 1600 1599 1562 1563 1602 1601 1562 1563 1602 1601 1564 1565 1604 1603 1561 1566 1605 1600 1563 1567 1606 1602 1563 1567 1606 1602 1565 1568 1607 1604 1566 1569 1608 1605 1567 1570 1609 1606 1567 1570 1609 1606 1568 1571 1610 1607 1569 1572 1611 1608 1570 1573 1612 1609 1570 1573 1612 1609 1571 1574 1613 1610 1572 1575 1614 1611 1573 1576 1615 1612 1573 1576 1615 1612 1574 1577 1616 1613 1575 1578 1617 1614 1576 1579 1618 1615 1576 1579 1618 1615 1577 1580 1619 1616 1578 1581 1620 1617 1579 1582 1621 1618 1579 1582 1621 1618 1580 1583 1622 1619 1581 1584 1623 1620 1582 1585 1624 1621 1582 1585 1624 1621 1583 1586 1625 1622 1584 1587 1626 1623 1585 1588 1627 1624 1585 1588 1627 1624 1586 1589 1628 1625 1587 1590 1629 1626 1588 1591 1630 1627 1588 1591 1630 1627 1589 1592 1631 1628 1590 1593 1632 1629 1591 1594 1633 1630 1591 1594 1633 1630 1592 1595 1634 1631 1593 1596 1635 1632 1594 1597 1636 1633 1594 1597 1636 1633 1595 1598 1637 1634 1601 1602 1639 1638 1603 1604 1641 1640 1603 1640 1642 1604 1641 1643 1602 1606 1644 1639 1604 1607 1645 1641 1604 1641 1643 1607 1645 1646 1606 1609 1647 1644 1607 1610 1648 1645 1607 1645 1646 1610 1648 1649 1609 1612 1650 1647 1610 1613 1651 1648 1610 1648 1649 1613 1651 1652 1612 1615 1653 1650 1613 1616 1654 1651 1613 1651 1652 1616 1654 1655 1615 1618 1656 1653 1616 1619 1657 1654 1616 1654 1655 1619 1657 1658 1618 1621 1659 1656 1619 1622 1660 1657 1619 1657 1658 1622 1660 1661 1621 1624 1662 1659 1622 1625 1663 1660 1622 1660 1661 1625 1663 1664 1624 1627 1665 1662 1625 1628 1666 1663 1625 1663 1664 1628 1666 1667 1627 1630 1668 1665 1628 1631 1669 1666 1628 1666 1667 1631 1669 1670 1630 1633 1671 1668 1631 1634 1672 1669 1631 1669 1670 1634 1672 1673 1633 1636 1674 1671 1634 1637 1675 1672 1634 1672 1673 1637 1675 1676 1638 1639 1678 1677 1640 1641 1680 1679 1640 1641 1680 1679 1642 1643 1682 1681 1639 1644 1683 1678 1641 1645 1684 1680 1641 1645 1684 1680 1643 1646 1685 1682 1644 1647 1686 1683 1645 1648 1687 1684 1645 1648 1687 1684 1646 1649 1688 1685 1647 1650 1689 1686 1648 1651 1690 1687 1648 1651 1690 1687 1649 1652 1691 1688 1650 1653 1692 1689 1651 1654 1693 1690 1651 1654 1693 1690 1652 1655 1694 1691 1653 1656 1695 1692 1654 1657 1696 1693 1654 1657 1696 1693 1655 1658 1697 1694 1656 1659 1698 1695 1657 1660 1699 1696 1657 1660 1699 1696 1658 1661 1700 1697 1659 1662 1701 1698 1660 1663 1702 1699 1660 1663 1702 1699 1661 1664 1703 1700 1662 1665 1704 1701 1663 1666 1705 1702 1663 1666 1705 1702 1664 1667 1706 1703 1665 1668 1707 1704 1666 1669 1708 1705 1666 1669 1708 1705 1667 1670 1709 1706 1668 1671 1710 1707 1669 1672 1711 1708 1669 1672 1711 1708 1670 1673 1712 1709 1671 1674 1713 1710 1672 1675 1714 1711 1672 1675 1714 1711 1673 1676 1715 1712 1677 1678 1717 1716 1679 1680 1719 1718 1679 1680 1719 1718 1681 1682 1721 1720 1678 1683 1722 1717 1680 1684 1723 1719 1680 1684 1723 1719 1682 1685 1724 1721 1683 1686 1725 1722 1684 1687 1726 1723 1684 1687 1726 1723 1685 1688 1727 1724 1686 1689 1728 1725 1687 1690 1729 1726 1687 1690 1729 1726 1688 1691 1730 1727 1689 1692 1731 1728 1690 1693 1732 1729 1690 1693 1732 1729 1691 1694 1733 1730 1692 1695 1734 1731 1693 1696 1735 1732 1693 1696 1735 1732 1694 1697 1736 1733 1695 1698 1737 1734 1696 1699 1738 1735 1696 1699 1738 1735 1697 1700 1739 1736 1698 1701 1740 1737 1699 1702 1741 1738 1699 1702 1741 1738 1700 1703 1742 1739 1701 1704 1743 1740 1702 1705 1744 1741 1702 1705 1744 1741 1703 1706 1745 1742 1704 1707 1746 1743 1705 1708 1747 1744 1705 1708 1747 1744 1706 1709 1748 1745 1707 1710 1749 1746 1708 1711 1750 1747 1708 1711 1750 1747 1709 1712 1751 1748 1710 1713 1752 1749 1711 1714 1753 1750 1711 1714 1753 1750 1712 1715 1754 1751 1718 1719 1756 1755 1720 1721 1758 1757 1720 1757 1759 1721 1758 1760 1719 1723 1761 1756 1721 1724 1762 1758 1721 1758 1760 1724 1762 1763 1723 1726 1764 1761 1724 1727 1765 1762 1724 1762 1763 1727 1765 1766 1726 1729 1767 1764 1727 1730 1768 1765 1727 1765 1766 1730 1768 1769 1729 1732 1770 1767 1730 1733 1771 1768 1730 1768 1769 1733 1771 1772 1732 1735 1773 1770 1733 1736 1774 1771 1733 1771 1772 1736 1774 1775 1735 1738 1776 1773 1736 1739 1777 1774 1736 1774 1775 1739 1777 1778 1738 1741 1779 1776 1739 1742 1780 1777 1739 1777 1778 1742 1780 1781 1741 1744 1782 1779 1742 1745 1783 1780 1742 1780 1781 1745 1783 1784 1744 1747 1785 1782 1745 1748 1786 1783 1745 1783 1784 1748 1786 1787 1747 1750 1788 1785 1748 1751 1789 1786 1748 1786 1787 1751 1789 1790 1750 1753 1791 1788 1751 1754 1792 1789 1751 1789 1790 1754 1792 1793 1755 1756 1795 1794 1757 1758 1797 1796 1757 1758 1797 1796 1759 1760 1799 1798 1756 1761 1800 1795 1758 1762 1801 1797 1758 1762 1801 1797 1760 1763 1802 1799 1761 1764 1803 1800 1762 1765 1804 1801 1762 1765 1804 1801 1763 1766 1805 1802 1764 1767 1806 1803 1765 1768 1807 1804 1765 1768 1807 1804 1766 1769 1808 1805 1767 1770 1809 1806 1768 1771 1810 1807 1768 1771 1810 1807 1769 1772 1811 1808 1770 1773 1812 1809 1771 1774 1813 1810 1771 1774 1813 1810 1772 1775 1814 1811 1773 1776 1815 1812 1774 1777 1816 1813 1774 1777 1816 1813 1775 1778 1817 1814 1776 1779 1818 1815 1777 1780 1819 1816 1777 1780 1819 1816 1778 1781 1820 1817 1779 1782 1821 1818 1780 1783 1822 1819 1780 1783 1822 1819 1781 1784 1823 1820 1782 1785 1824 1821 1783 1786 1825 1822 1783 1786 1825 1822 1784 1787 1826 1823 1785 1788 1827 1824 1786 1789 1828 1825 1786 1789 1828 1825 1787 1790 1829 1826 1788 1791 1830 1827 1789 1792 1831 1828 1789 1792 1831 1828 1790 1793 1832 1829 1794 1795 1834 1833 1796 1797 1836 1835 1796 1797 1836 1835 1798 1799 1838 1837 1795 1800 1839 1834 1797 1801 1840 1836 1797 1801 1840 1836 1799 1802 1841 1838 1800 1803 1842 1839 1801 1804 1843 1840 1801 1804 1843 1840 1802 1805 1844 1841 1803 1806 1845 1842 1804 1807 1846 1843 1804 1807 1846 1843 1805 1808 1847 1844 1806 1809 1848 1845 1807 1810 1849 1846 1807 1810 1849 1846 1808 1811 1850 1847 1809 1812 1851 1848 1810 1813 1852 1849 1810 1813 1852 1849 1811 1814 1853 1850 1812 1815 1854 1851 1813 1816 1855 1852 1813 1816 1855 1852 1814 1817 1856 1853 1815 1818 1857 1854 1816 1819 1858 1855 1816 1819 1858 1855 1817 1820 1859 1856 1818 1821 1860 1857 1819 1822 1861 1858 1819 1822 1861 1858 1820 1823 1862 1859 1821 1824 1863 1860 1822 1825 1864 1861 1822 1825 1864 1861 1823 1826 1865 1862 1824 1827 1866 1863 1825 1828 1867 1864 1825 1828 1867 1864 1826 1829 1868 1865 1827 1830 1869 1866 1828 1831 1870 1867 1828 1831 1870 1867 1829 1832 1871 1868 1835 1836 1873 1872 1837 1838 1875 1874 1837 1874 1876 1838 1875 1877 1836 1840 1878 1873 1838 1841 1879 1875 1838 1875 1877 1841 1879 1880 1840 1843 1881 1878 1841 1844 1882 1879 1841 1879 1880 1844 1882 1883 1843 1846 1884 1881 1844 1847 1885 1882 1844 1882 1883 1847 1885 1886 1846 1849 1887 1884 1847 1850 1888 1885 1847 1885 1886 1850 1888 1889 1849 1852 1890 1887 1850 1853 1891 1888 1850 1888 1889 1853 1891 1892 1852 1855 1893 1890 1853 1856 1894 1891 1853 1891 1892 1856 1894 1895 1855 1858 1896 1893 1856 1859 1897 1894 1856 1894 1895 1859 1897 1898 1858 1861 1899 1896 1859 1862 1900 1897 1859 1897 1898 1862 1900 1901 1861 1864 1902 1899 1862 1865 1903 1900 1862 1900 1901 1865 1903 1904 1864 1867 1905 1902 1865 1868 1906 1903 1865 1903 1904 1868 1906 1907 1867 1870 1908 1905 1868 1871 1909 1906 1868 1906 1907 1871 1909 1910 1872 1873 1912 1911 1874 1875 1914 1913 1874 1875 1914 1913 1876 1877 1916 1915 1873 1878 1917 1912 1875 1879 1918 1914 1875 1879 1918 1914 1877 1880 1919 1916 1878 1881 1920 1917 1879 1882 1921 1918 1879 1882 1921 1918 1880 1883 1922 1919 1881 1884 1923 1920 1882 1885 1924 1921 1882 1885 1924 1921 1883 1886 1925 1922 1884 1887 1926 1923 1885 1888 1927 1924 1885 1888 1927 1924 1886 1889 1928 1925 1887 1890 1929 1926 1888 1891 1930 1927 1888 1891 1930 1927 1889 1892 1931 1928 1890 1893 1932 1929 1891 1894 1933 1930 1891 1894 1933 1930 1892 1895 1934 1931 1893 1896 1935 1932 1894 1897 1936 1933 1894 1897 1936 1933 1895 1898 1937 1934 1896 1899 1938 1935 1897 1900 1939 1936 1897 1900 1939 1936 1898 1901 1940 1937 1899 1902 1941 1938 1900 1903 1942 1939 1900 1903 1942 1939 1901 1904 1943 1940 1902 1905 1944 1941 1903 1906 1945 1942 1903 1906 1945 1942 1904 1907 1946 1943 1905 1908 1947 1944 1906 1909 1948 1945 1906 1909 1948 1945 1907 1910 1949 1946 1911 1912 1951 1950 1913 1914 1953 1952 1913 1914 1953 1952 1915 1916 1955 1954 1915 1954 1956 1916 1955 1957 1912 1917 1958 1951 1914 1918 1959 1953 1914 1918 1959 1953 1916 1919 1960 1955 1916 1955 1957 1919 1960 1961 1917 1920 1962 1958 1918 1921 1963 1959 1918 1921 1963 1959 1919 1922 1964 1960 1919 1960 1961 1922 1964 1965 1920 1923 1966 1962 1921 1924 1967 1963 1921 1924 1967 1963 1922 1925 1968 1964 1922 1964 1965 1925 1968 1969 1923 1926 1970 1966 1924 1927 1971 1967 1924 1927 1971 1967 1925 1928 1972 1968 1925 1968 1969 1928 1972 1973 1926 1929 1974 1970 1927 1930 1975 1971 1927 1930 1975 1971 1928 1931 1976 1972 1928 1972 1973 1931 1976 1977 1929 1932 1978 1974 1930 1933 1979 1975 1930 1933 1979 1975 1931 1934 1980 1976 1931 1976 1977 1934 1980 1981 1932 1935 1982 1978 1933 1936 1983 1979 1933 1936 1983 1979 1934 1937 1984 1980 1934 1980 1981 1937 1984 1985 1935 1938 1986 1982 1936 1939 1987 1983 1936 1939 1987 1983 1937 1940 1988 1984 1937 1984 1985 1940 1988 1989 1938 1941 1990 1986 1939 1942 1991 1987 1939 1942 1991 1987 1940 1943 1992 1988 1940 1988 1989 1943 1992 1993 1941 1944 1994 1990 1942 1945 1995 1991 1942 1945 1995 1991 1943 1946 1996 1992 1943 1992 1993 1946 1996 1997 1944 1947 1998 1994 1945 1948 1999 1995 1945 1948 1999 1995 1946 1949 2000 1996 1946 1996 1997 1949 2000 2001 1950 1951 2003 2002 1952 1953 2005 2004 1952 1953 2005 2004 1954 1955 2007 2006 1954 1955 2007 2006 1956 1957 2009 2008 1951 1958 2010 2003 1953 1959 2011 2005 1953 1959 2011 2005 1955 1960 2012 2007 1955 1960 2012 2007 1957 1961 2013 2009 1958 1962 2014 2010 1959 1963 2015 2011 1959 1963 2015 2011 1960 1964 2016 2012 1960 1964 2016 2012 1961 1965 2017 2013 1962 1966 2018 2014 1963 1967 2019 2015 1963 1967 2019 2015 1964 1968 2020 2016 1964 1968 2020 2016 1965 1969 2021 2017 1966 1970 2022 2018 1967 1971 2023 2019 1967 1971 2023 2019 1968 1972 2024 2020 1968 1972 2024 2020 1969 1973 2025 2021 1970 1974 2026 2022 1971 1975 2027 2023 1971 1975 2027 2023 1972 1976 2028 2024 1972 1976 2028 2024 1973 1977 2029 2025 1974 1978 2030 2026 1975 1979 2031 2027 1975 1979 2031 2027 1976 1980 2032 2028 1976 1980 2032 2028 1977 1981 2033 2029 1978 1982 2034 2030 1979 1983 2035 2031 1979 1983 2035 2031 1980 1984 2036 2032 1980 1984 2036 2032 1981 1985 2037 2033 1982 1986 2038 2034 1983 1987 2039 2035 1983 1987 2039 2035 1984 1988 2040 2036 1984 1988 2040 2036 1985 1989 2041 2037 1986 1990 2042 2038 1987 1991 2043 2039 1987 1991 2043 2039 1988 1992 2044 2040 1988 1992 2044 2040 1989 1993 2045 2041 1990 1994 2046 2042 1991 1995 2047 2043 1991 1995 2047 2043 1992 1996 2048 2044 1992 1996 2048 2044 1993 1997 2049 2045 1994 1998 2050 2046 1995 1999 2051 2047 1995 1999 2051 2047 1996 2000 2052 2048 1996 2000 2052 2048 1997 2001 2053 2049 2004 2005 2055 2054 2006 2007 2057 2056 2006 2007 2057 2056 2008 2009 2059 2058 2005 2011 2060 2055 2007 2012 2061 2057 2007 2012 2061 2057 2009 2013 2062 2059 2011 2015 2063 2060 2012 2016 2064 2061 2012 2016 2064 2061 2013 2017 2065 2062 2015 2019 2066 2063 2016 2020 2067 2064 2016 2020 2067 2064 2017 2021 2068 2065 2019 2023 2069 2066 2020 2024 2070 2067 2020 2024 2070 2067 2021 2025 2071 2068 2023 2027 2072 2069 2024 2028 2073 2070 2024 2028 2073 2070 2025 2029 2074 2071 2027 2031 2075 2072 2028 2032 2076 2073 2028 2032 2076 2073 2029 2033 2077 2074 2031 2035 2078 2075 2032 2036 2079 2076 2032 2036 2079 2076 2033 2037 2080 2077 2035 2039 2081 2078 2036 2040 2082 2079 2036 2040 2082 2079 2037 2041 2083 2080 2039 2043 2084 2081 2040 2044 2085 2082 2040 2044 2085 2082 2041 2045 2086 2083 2043 2047 2087 2084 2044 2048 2088 2085 2044 2048 2088 2085 2045 2049 2089 2086 2047 2051 2090 2087 2048 2052 2091 2088 2048 2052 2091 2088 2049 2053 2092 2089 2054 2055 2094 2093 2056 2057 2096 2095 2056 2057 2096 2095 2058 2059 2098 2097 2058 2097 2099 2059 2098 2100 2055 2060 2101 2094 2057 2061 2102 2096 2057 2061 2102 2096 2059 2062 2103 2098 2059 2098 2100 2062 2103 2104 2060 2063 2105 2101 2061 2064 2106 2102 2061 2064 2106 2102 2062 2065 2107 2103 2062 2103 2104 2065 2107 2108 2063 2066 2109 2105 2064 2067 2110 2106 2064 2067 2110 2106 2065 2068 2111 2107 2065 2107 2108 2068 2111 2112 2066 2069 2113 2109 2067 2070 2114 2110 2067 2070 2114 2110 2068 2071 2115 2111 2068 2111 2112 2071 2115 2116 2069 2072 2117 2113 2070 2073 2118 2114 2070 2073 2118 2114 2071 2074 2119 2115 2071 2115 2116 2074 2119 2120 2072 2075 2121 2117 2073 2076 2122 2118 2073 2076 2122 2118 2074 2077 2123 2119 2074 2119 2120 2077 2123 2124 2075 2078 2125 2121 2076 2079 2126 2122 2076 2079 2126 2122 2077 2080 2127 2123 2077 2123 2124 2080 2127 2128 2078 2081 2129 2125 2079 2082 2130 2126 2079 2082 2130 2126 2080 2083 2131 2127 2080 2127 2128 2083 2131 2132 2081 2084 2133 2129 2082 2085 2134 2130 2082 2085 2134 2130 2083 2086 2135 2131 2083 2131 2132 2086 2135 2136 2084 2087 2137 2133 2085 2088 2138 2134 2085 2088 2138 2134 2086 2089 2139 2135 2086 2135 2136 2089 2139 2140 2087 2090 2141 2137 2088 2091 2142 2138 2088 2091 2142 2138 2089 2092 2143 2139 2089 2139 2140 2092 2143 2144 2093 2094 2146 2145 2095 2096 2148 2147 2095 2096 2148 2147 2097 2098 2150 2149 2097 2098 2150 2149 2099 2100 2152 2151 2094 2101 2153 2146 2096 2102 2154 2148 2096 2102 2154 2148 2098 2103 2155 2150 2098 2103 2155 2150 2100 2104 2156 2152 2101 2105 2157 2153 2102 2106 2158 2154 2102 2106 2158 2154 2103 2107 2159 2155 2103 2107 2159 2155 2104 2108 2160 2156 2105 2109 2161 2157 2106 2110 2162 2158 2106 2110 2162 2158 2107 2111 2163 2159 2107 2111 2163 2159 2108 2112 2164 2160 2109 2113 2165 2161 2110 2114 2166 2162 2110 2114 2166 2162 2111 2115 2167 2163 2111 2115 2167 2163 2112 2116 2168 2164 2113 2117 2169 2165 2114 2118 2170 2166 2114 2118 2170 2166 2115 2119 2171 2167 2115 2119 2171 2167 2116 2120 2172 2168 2117 2121 2173 2169 2118 2122 2174 2170 2118 2122 2174 2170 2119 2123 2175 2171 2119 2123 2175 2171 2120 2124 2176 2172 2121 2125 2177 2173 2122 2126 2178 2174 2122 2126 2178 2174 2123 2127 2179 2175 2123 2127 2179 2175 2124 2128 2180 2176 2125 2129 2181 2177 2126 2130 2182 2178 2126 2130 2182 2178 2127 2131 2183 2179 2127 2131 2183 2179 2128 2132 2184 2180 2129 2133 2185 2181 2130 2134 2186 2182 2130 2134 2186 2182 2131 2135 2187 2183 2131 2135 2187 2183 2132 2136 2188 2184 2133 2137 2189 2185 2134 2138 2190 2186 2134 2138 2190 2186 2135 2139 2191 2187 2135 2139 2191 2187 2136 2140 2192 2188 2137 2141 2193 2189 2138 2142 2194 2190 2138 2142 2194 2190 2139 2143 2195 2191 2139 2143 2195 2191 2140 2144 2196 2192 2147 2148 2198 2197 2149 2150 2200 2199 2149 2150 2200 2199 2151 2152 2202 2201 2151 2201 2203 2152 2202 2204 2148 2154 2205 2198 2150 2155 2206 2200 2150 2155 2206 2200 2152 2156 2207 2202 2152 2202 2204 2156 2207 2208 2154 2158 2209 2205 2155 2159 2210 2206 2155 2159 2210 2206 2156 2160 2211 2207 2156 2207 2208 2160 2211 2212 2158 2162 2213 2209 2159 2163 2214 2210 2159 2163 2214 2210 2160 2164 2215 2211 2160 2211 2212 2164 2215 2216 2162 2166 2217 2213 2163 2167 2218 2214 2163 2167 2218 2214 2164 2168 2219 2215 2164 2215 2216 2168 2219 2220 2166 2170 2221 2217 2167 2171 2222 2218 2167 2171 2222 2218 2168 2172 2223 2219 2168 2219 2220 2172 2223 2224 2170 2174 2225 2221 2171 2175 2226 2222 2171 2175 2226 2222 2172 2176 2227 2223 2172 2223 2224 2176 2227 2228 2174 2178 2229 2225 2175 2179 2230 2226 2175 2179 2230 2226 2176 2180 2231 2227 2176 2227 2228 2180 2231 2232 2178 2182 2233 2229 2179 2183 2234 2230 2179 2183 2234 2230 2180 2184 2235 2231 2180 2231 2232 2184 2235 2236 2182 2186 2237 2233 2183 2187 2238 2234 2183 2187 2238 2234 2184 2188 2239 2235 2184 2235 2236 2188 2239 2240 2186 2190 2241 2237 2187 2191 2242 2238 2187 2191 2242 2238 2188 2192 2243 2239 2188 2239 2240 2192 2243 2244 2190 2194 2245 2241 2191 2195 2246 2242 2191 2195 2246 2242 2192 2196 2247 2243 2192 2243 2244 2196 2247 2248 2197 2198 2250 2249 2199 2200 2252 2251 2199 2200 2252 2251 2201 2202 2254 2253 2201 2202 2254 2253 2203 2204 2256 2255 2198 2205 2257 2250 2200 2206 2258 2252 2200 2206 2258 2252 2202 2207 2259 2254 2202 2207 2259 2254 2204 2208 2260 2256 2205 2209 2261 2257 2206 2210 2262 2258 2206 2210 2262 2258 2207 2211 2263 2259 2207 2211 2263 2259 2208 2212 2264 2260 2209 2213 2265 2261 2210 2214 2266 2262 2210 2214 2266 2262 2211 2215 2267 2263 2211 2215 2267 2263 2212 2216 2268 2264 2213 2217 2269 2265 2214 2218 2270 2266 2214 2218 2270 2266 2215 2219 2271 2267 2215 2219 2271 2267 2216 2220 2272 2268 2217 2221 2273 2269 2218 2222 2274 2270 2218 2222 2274 2270 2219 2223 2275 2271 2219 2223 2275 2271 2220 2224 2276 2272 2221 2225 2277 2273 2222 2226 2278 2274 2222 2226 2278 2274 2223 2227 2279 2275 2223 2227 2279 2275 2224 2228 2280 2276 2225 2229 2281 2277 2226 2230 2282 2278 2226 2230 2282 2278 2227 2231 2283 2279 2227 2231 2283 2279 2228 2232 2284 2280 2229 2233 2285 2281 2230 2234 2286 2282 2230 2234 2286 2282 2231 2235 2287 2283 2231 2235 2287 2283 2232 2236 2288 2284 2233 2237 2289 2285 2234 2238 2290 2286 2234 2238 2290 2286 2235 2239 2291 2287 2235 2239 2291 2287 2236 2240 2292 2288 2237 2241 2293 2289 2238 2242 2294 2290 2238 2242 2294 2290 2239 2243 2295 2291 2239 2243 2295 2291 2240 2244 2296 2292 2241 2245 2297 2293 2242 2246 2298 2294 2242 2246 2298 2294 2243 2247 2299 2295 2243 2247 2299 2295 2244 2248 2300 2296 2249 2250 2302 2301 2251 2252 2304 2303 2251 2252 2304 2303 2253 2254 2306 2305 2253 2254 2306 2305 2255 2256 2308 2307 2255 2307 2309 2256 2308 2310 2250 2257 2311 2302 2252 2258 2312 2304 2252 2258 2312 2304 2254 2259 2313 2306 2254 2259 2313 2306 2256 2260 2314 2308 2256 2308 2310 2260 2314 2315 2257 2261 2316 2311 2258 2262 2317 2312 2258 2262 2317 2312 2259 2263 2318 2313 2259 2263 2318 2313 2260 2264 2319 2314 2260 2314 2315 2264 2319 2320 2261 2265 2321 2316 2262 2266 2322 2317 2262 2266 2322 2317 2263 2267 2323 2318 2263 2267 2323 2318 2264 2268 2324 2319 2264 2319 2320 2268 2324 2325 2265 2269 2326 2321 2266 2270 2327 2322 2266 2270 2327 2322 2267 2271 2328 2323 2267 2271 2328 2323 2268 2272 2329 2324 2268 2324 2325 2272 2329 2330 2269 2273 2331 2326 2270 2274 2332 2327 2270 2274 2332 2327 2271 2275 2333 2328 2271 2275 2333 2328 2272 2276 2334 2329 2272 2329 2330 2276 2334 2335 2273 2277 2336 2331 2274 2278 2337 2332 2274 2278 2337 2332 2275 2279 2338 2333 2275 2279 2338 2333 2276 2280 2339 2334 2276 2334 2335 2280 2339 2340 2277 2281 2341 2336 2278 2282 2342 2337 2278 2282 2342 2337 2279 2283 2343 2338 2279 2283 2343 2338 2280 2284 2344 2339 2280 2339 2340 2284 2344 2345 2281 2285 2346 2341 2282 2286 2347 2342 2282 2286 2347 2342 2283 2287 2348 2343 2283 2287 2348 2343 2284 2288 2349 2344 2284 2344 2345 2288 2349 2350 2285 2289 2351 2346 2286 2290 2352 2347 2286 2290 2352 2347 2287 2291 2353 2348 2287 2291 2353 2348 2288 2292 2354 2349 2288 2349 2350 2292 2354 2355 2289 2293 2356 2351 2290 2294 2357 2352 2290 2294 2357 2352 2291 2295 2358 2353 2291 2295 2358 2353 2292 2296 2359 2354 2292 2354 2355 2296 2359 2360 2293 2297 2361 2356 2294 2298 2362 2357 2294 2298 2362 2357 2295 2299 2363 2358 2295 2299 2363 2358 2296 2300 2364 2359 2296 2359 2360 2300 2364 2365 2303 2304 2367 2366 2305 2306 2369 2368 2305 2306 2369 2368 2307 2308 2371 2370 2307 2308 2371 2370 2309 2310 2373 2372 2304 2312 2374 2367 2306 2313 2375 2369 2306 2313 2375 2369 2308 2314 2376 2371 2308 2314 2376 2371 2310 2315 2377 2373 2312 2317 2378 2374 2313 2318 2379 2375 2313 2318 2379 2375 2314 2319 2380 2376 2314 2319 2380 2376 2315 2320 2381 2377 2317 2322 2382 2378 2318 2323 2383 2379 2318 2323 2383 2379 2319 2324 2384 2380 2319 2324 2384 2380 2320 2325 2385 2381 2322 2327 2386 2382 2323 2328 2387 2383 2323 2328 2387 2383 2324 2329 2388 2384 2324 2329 2388 2384 2325 2330 2389 2385 2327 2332 2390 2386 2328 2333 2391 2387 2328 2333 2391 2387 2329 2334 2392 2388 2329 2334 2392 2388 2330 2335 2393 2389 2332 2337 2394 2390 2333 2338 2395 2391 2333 2338 2395 2391 2334 2339 2396 2392 2334 2339 2396 2392 2335 2340 2397 2393 2337 2342 2398 2394 2338 2343 2399 2395 2338 2343 2399 2395 2339 2344 2400 2396 2339 2344 2400 2396 2340 2345 2401 2397 2342 2347 2402 2398 2343 2348 2403 2399 2343 2348 2403 2399 2344 2349 2404 2400 2344 2349 2404 2400 2345 2350 2405 2401 2347 2352 2406 2402 2348 2353 2407 2403 2348 2353 2407 2403 2349 2354 2408 2404 2349 2354 2408 2404 2350 2355 2409 2405 2352 2357 2410 2406 2353 2358 2411 2407 2353 2358 2411 2407 2354 2359 2412 2408 2354 2359 2412 2408 2355 2360 2413 2409 2357 2362 2414 2410 2358 2363 2415 2411 2358 2363 2415 2411 2359 2364 2416 2412 2359 2364 2416 2412 2360 2365 2417 2413 2366 2367 2419 2418 2368 2369 2421 2420 2368 2369 2421 2420 2370 2371 2423 2422 2370 2371 2423 2422 2372 2373 2425 2424 2372 2424 2426 2373 2425 2427 2367 2374 2428 2419 2369 2375 2429 2421 2369 2375 2429 2421 2371 2376 2430 2423 2371 2376 2430 2423 2373 2377 2431 2425 2373 2425 2427 2377 2431 2432 2374 2378 2433 2428 2375 2379 2434 2429 2375 2379 2434 2429 2376 2380 2435 2430 2376 2380 2435 2430 2377 2381 2436 2431 2377 2431 2432 2381 2436 2437 2378 2382 2438 2433 2379 2383 2439 2434 2379 2383 2439 2434 2380 2384 2440 2435 2380 2384 2440 2435 2381 2385 2441 2436 2381 2436 2437 2385 2441 2442 2382 2386 2443 2438 2383 2387 2444 2439 2383 2387 2444 2439 2384 2388 2445 2440 2384 2388 2445 2440 2385 2389 2446 2441 2385 2441 2442 2389 2446 2447 2386 2390 2448 2443 2387 2391 2449 2444 2387 2391 2449 2444 2388 2392 2450 2445 2388 2392 2450 2445 2389 2393 2451 2446 2389 2446 2447 2393 2451 2452 2390 2394 2453 2448 2391 2395 2454 2449 2391 2395 2454 2449 2392 2396 2455 2450 2392 2396 2455 2450 2393 2397 2456 2451 2393 2451 2452 2397 2456 2457 2394 2398 2458 2453 2395 2399 2459 2454 2395 2399 2459 2454 2396 2400 2460 2455 2396 2400 2460 2455 2397 2401 2461 2456 2397 2456 2457 2401 2461 2462 2398 2402 2463 2458 2399 2403 2464 2459 2399 2403 2464 2459 2400 2404 2465 2460 2400 2404 2465 2460 2401 2405 2466 2461 2401 2461 2462 2405 2466 2467 2402 2406 2468 2463 2403 2407 2469 2464 2403 2407 2469 2464 2404 2408 2470 2465 2404 2408 2470 2465 2405 2409 2471 2466 2405 2466 2467 2409 2471 2472 2406 2410 2473 2468 2407 2411 2474 2469 2407 2411 2474 2469 2408 2412 2475 2470 2408 2412 2475 2470 2409 2413 2476 2471 2409 2471 2472 2413 2476 2477 2410 2414 2478 2473 2411 2415 2479 2474 2411 2415 2479 2474 2412 2416 2480 2475 2412 2416 2480 2475 2413 2417 2481 2476 2413 2476 2477 2417 2481 2482 2418 2419 2484 2483 2420 2421 2486 2485 2420 2421 2486 2485 2422 2423 2488 2487 2422 2423 2488 2487 2424 2425 2490 2489 2424 2425 2490 2489 2426 2427 2492 2491 2419 2428 2493 2484 2421 2429 2494 2486 2421 2429 2494 2486 2423 2430 2495 2488 2423 2430 2495 2488 2425 2431 2496 2490 2425 2431 2496 2490 2427 2432 2497 2492 2428 2433 2498 2493 2429 2434 2499 2494 2429 2434 2499 2494 2430 2435 2500 2495 2430 2435 2500 2495 2431 2436 2501 2496 2431 2436 2501 2496 2432 2437 2502 2497 2433 2438 2503 2498 2434 2439 2504 2499 2434 2439 2504 2499 2435 2440 2505 2500 2435 2440 2505 2500 2436 2441 2506 2501 2436 2441 2506 2501 2437 2442 2507 2502 2438 2443 2508 2503 2439 2444 2509 2504 2439 2444 2509 2504 2440 2445 2510 2505 2440 2445 2510 2505 2441 2446 2511 2506 2441 2446 2511 2506 2442 2447 2512 2507 2443 2448 2513 2508 2444 2449 2514 2509 2444 2449 2514 2509 2445 2450 2515 2510 2445 2450 2515 2510 2446 2451 2516 2511 2446 2451 2516 2511 2447 2452 2517 2512 2448 2453 2518 2513 2449 2454 2519 2514 2449 2454 2519 2514 2450 2455 2520 2515 2450 2455 2520 2515 2451 2456 2521 2516 2451 2456 2521 2516 2452 2457 2522 2517 2453 2458 2523 2518 2454 2459 2524 2519 2454 2459 2524 2519 2455 2460 2525 2520 2455 2460 2525 2520 2456 2461 2526 2521 2456 2461 2526 2521 2457 2462 2527 2522 2458 2463 2528 2523 2459 2464 2529 2524 2459 2464 2529 2524 2460 2465 2530 2525 2460 2465 2530 2525 2461 2466 2531 2526 2461 2466 2531 2526 2462 2467 2532 2527 2463 2468 2533 2528 2464 2469 2534 2529 2464 2469 2534 2529 2465 2470 2535 2530 2465 2470 2535 2530 2466 2471 2536 2531 2466 2471 2536 2531 2467 2472 2537 2532 2468 2473 2538 2533 2469 2474 2539 2534 2469 2474 2539 2534 2470 2475 2540 2535 2470 2475 2540 2535 2471 2476 2541 2536 2471 2476 2541 2536 2472 2477 2542 2537 2473 2478 2543 2538 2474 2479 2544 2539 2474 2479 2544 2539 2475 2480 2545 2540 2475 2480 2545 2540 2476 2481 2546 2541 2476 2481 2546 2541 2477 2482 2547 2542 2483 2484 2549 2548 2485 2486 2551 2550 2485 2486 2551 2550 2487 2488 2553 2552 2487 2488 2553 2552 2489 2490 2555 2554 2489 2490 2555 2554 2491 2492 2557 2556 2491 2556 2558 2492 2557 2559 2484 2493 2560 2549 2486 2494 2561 2551 2486 2494 2561 2551 2488 2495 2562 2553 2488 2495 2562 2553 2490 2496 2563 2555 2490 2496 2563 2555 2492 2497 2564 2557 2492 2557 2559 2497 2564 2565 2493 2498 2566 2560 2494 2499 2567 2561 2494 2499 2567 2561 2495 2500 2568 2562 2495 2500 2568 2562 2496 2501 2569 2563 2496 2501 2569 2563 2497 2502 2570 2564 2497 2564 2565 2502 2570 2571 2498 2503 2572 2566 2499 2504 2573 2567 2499 2504 2573 2567 2500 2505 2574 2568 2500 2505 2574 2568 2501 2506 2575 2569 2501 2506 2575 2569 2502 2507 2576 2570 2502 2570 2571 2507 2576 2577 2503 2508 2578 2572 2504 2509 2579 2573 2504 2509 2579 2573 2505 2510 2580 2574 2505 2510 2580 2574 2506 2511 2581 2575 2506 2511 2581 2575 2507 2512 2582 2576 2507 2576 2577 2512 2582 2583 2508 2513 2584 2578 2509 2514 2585 2579 2509 2514 2585 2579 2510 2515 2586 2580 2510 2515 2586 2580 2511 2516 2587 2581 2511 2516 2587 2581 2512 2517 2588 2582 2512 2582 2583 2517 2588 2589 2513 2518 2590 2584 2514 2519 2591 2585 2514 2519 2591 2585 2515 2520 2592 2586 2515 2520 2592 2586 2516 2521 2593 2587 2516 2521 2593 2587 2517 2522 2594 2588 2517 2588 2589 2522 2594 2595 2518 2523 2596 2590 2519 2524 2597 2591 2519 2524 2597 2591 2520 2525 2598 2592 2520 2525 2598 2592 2521 2526 2599 2593 2521 2526 2599 2593 2522 2527 2600 2594 2522 2594 2595 2527 2600 2601 2523 2528 2602 2596 2524 2529 2603 2597 2524 2529 2603 2597 2525 2530 2604 2598 2525 2530 2604 2598 2526 2531 2605 2599 2526 2531 2605 2599 2527 2532 2606 2600 2527 2600 2601 2532 2606 2607 2528 2533 2608 2602 2529 2534 2609 2603 2529 2534 2609 2603 2530 2535 2610 2604 2530 2535 2610 2604 2531 2536 2611 2605 2531 2536 2611 2605 2532 2537 2612 2606 2532 2606 2607 2537 2612 2613 2533 2538 2614 2608 2534 2539 2615 2609 2534 2539 2615 2609 2535 2540 2616 2610 2535 2540 2616 2610 2536 2541 2617 2611 2536 2541 2617 2611 2537 2542 2618 2612 2537 2612 2613 2542 2618 2619 2538 2543 2620 2614 2539 2544 2621 2615 2539 2544 2621 2615 2540 2545 2622 2616 2540 2545 2622 2616 2541 2546 2623 2617 2541 2546 2623 2617 2542 2547 2624 2618 2542 2618 2619 2547 2624 2625 2550 2551 2627 2626 2552 2553 2629 2628 2552 2553 2629 2628 2554 2555 2631 2630 2554 2555 2631 2630 2556 2557 2633 2632 2556 2557 2633 2632 2558 2559 2635 2634 2551 2561 2636 2627 2553 2562 2637 2629 2553 2562 2637 2629 2555 2563 2638 2631 2555 2563 2638 2631 2557 2564 2639 2633 2557 2564 2639 2633 2559 2565 2640 2635 2561 2567 2641 2636 2562 2568 2642 2637 2562 2568 2642 2637 2563 2569 2643 2638 2563 2569 2643 2638 2564 2570 2644 2639 2564 2570 2644 2639 2565 2571 2645 2640 2567 2573 2646 2641 2568 2574 2647 2642 2568 2574 2647 2642 2569 2575 2648 2643 2569 2575 2648 2643 2570 2576 2649 2644 2570 2576 2649 2644 2571 2577 2650 2645 2573 2579 2651 2646 2574 2580 2652 2647 2574 2580 2652 2647 2575 2581 2653 2648 2575 2581 2653 2648 2576 2582 2654 2649 2576 2582 2654 2649 2577 2583 2655 2650 2579 2585 2656 2651 2580 2586 2657 2652 2580 2586 2657 2652 2581 2587 2658 2653 2581 2587 2658 2653 2582 2588 2659 2654 2582 2588 2659 2654 2583 2589 2660 2655 2585 2591 2661 2656 2586 2592 2662 2657 2586 2592 2662 2657 2587 2593 2663 2658 2587 2593 2663 2658 2588 2594 2664 2659 2588 2594 2664 2659 2589 2595 2665 2660 2591 2597 2666 2661 2592 2598 2667 2662 2592 2598 2667 2662 2593 2599 2668 2663 2593 2599 2668 2663 2594 2600 2669 2664 2594 2600 2669 2664 2595 2601 2670 2665 2597 2603 2671 2666 2598 2604 2672 2667 2598 2604 2672 2667 2599 2605 2673 2668 2599 2605 2673 2668 2600 2606 2674 2669 2600 2606 2674 2669 2601 2607 2675 2670 2603 2609 2676 2671 2604 2610 2677 2672 2604 2610 2677 2672 2605 2611 2678 2673 2605 2611 2678 2673 2606 2612 2679 2674 2606 2612 2679 2674 2607 2613 2680 2675 2609 2615 2681 2676 2610 2616 2682 2677 2610 2616 2682 2677 2611 2617 2683 2678 2611 2617 2683 2678 2612 2618 2684 2679 2612 2618 2684 2679 2613 2619 2685 2680 2615 2621 2686 2681 2616 2622 2687 2682 2616 2622 2687 2682 2617 2623 2688 2683 2617 2623 2688 2683 2618 2624 2689 2684 2618 2624 2689 2684 2619 2625 2690 2685 2626 2627 2692 2691 2628 2629 2694 2693 2628 2629 2694 2693 2630 2631 2696 2695 2630 2631 2696 2695 2632 2633 2698 2697 2632 2633 2698 2697 2634 2635 2700 2699 2627 2636 2701 2692 2629 2637 2702 2694 2629 2637 2702 2694 2631 2638 2703 2696 2631 2638 2703 2696 2633 2639 2704 2698 2633 2639 2704 2698 2635 2640 2705 2700 2636 2641 2706 2701 2637 2642 2707 2702 2637 2642 2707 2702 2638 2643 2708 2703 2638 2643 2708 2703 2639 2644 2709 2704 2639 2644 2709 2704 2640 2645 2710 2705 2641 2646 2711 2706 2642 2647 2712 2707 2642 2647 2712 2707 2643 2648 2713 2708 2643 2648 2713 2708 2644 2649 2714 2709 2644 2649 2714 2709 2645 2650 2715 2710 2646 2651 2716 2711 2647 2652 2717 2712 2647 2652 2717 2712 2648 2653 2718 2713 2648 2653 2718 2713 2649 2654 2719 2714 2649 2654 2719 2714 2650 2655 2720 2715 2651 2656 2721 2716 2652 2657 2722 2717 2652 2657 2722 2717 2653 2658 2723 2718 2653 2658 2723 2718 2654 2659 2724 2719 2654 2659 2724 2719 2655 2660 2725 2720 2656 2661 2726 2721 2657 2662 2727 2722 2657 2662 2727 2722 2658 2663 2728 2723 2658 2663 2728 2723 2659 2664 2729 2724 2659 2664 2729 2724 2660 2665 2730 2725 2661 2666 2731 2726 2662 2667 2732 2727 2662 2667 2732 2727 2663 2668 2733 2728 2663 2668 2733 2728 2664 2669 2734 2729 2664 2669 2734 2729 2665 2670 2735 2730 2666 2671 2736 2731 2667 2672 2737 2732 2667 2672 2737 2732 2668 2673 2738 2733 2668 2673 2738 2733 2669 2674 2739 2734 2669 2674 2739 2734 2670 2675 2740 2735 2671 2676 2741 2736 2672 2677 2742 2737 2672 2677 2742 2737 2673 2678 2743 2738 2673 2678 2743 2738 2674 2679 2744 2739 2674 2679 2744 2739 2675 2680 2745 2740 2676 2681 2746 2741 2677 2682 2747 2742 2677 2682 2747 2742 2678 2683 2748 2743 2678 2683 2748 2743 2679 2684 2749 2744 2679 2684 2749 2744 2680 2685 2750 2745 2681 2686 2751 2746 2682 2687 2752 2747 2682 2687 2752 2747 2683 2688 2753 2748 2683 2688 2753 2748 2684 2689 2754 2749 2684 2689 2754 2749 2685 2690 2755 2750 2691 2692 2757 2756 2693 2694 2759 2758 2693 2694 2759 2758 2695 2696 2761 2760 2695 2696 2761 2760 2697 2698 2763 2762 2697 2698 2763 2762 2699 2700 2765 2764 2699 2764 2766 2700 2765 2767 2692 2701 2768 2757 2694 2702 2769 2759 2694 2702 2769 2759 2696 2703 2770 2761 2696 2703 2770 2761 2698 2704 2771 2763 2698 2704 2771 2763 2700 2705 2772 2765 2700 2765 2767 2705 2772 2773 2701 2706 2774 2768 2702 2707 2775 2769 2702 2707 2775 2769 2703 2708 2776 2770 2703 2708 2776 2770 2704 2709 2777 2771 2704 2709 2777 2771 2705 2710 2778 2772 2705 2772 2773 2710 2778 2779 2706 2711 2780 2774 2707 2712 2781 2775 2707 2712 2781 2775 2708 2713 2782 2776 2708 2713 2782 2776 2709 2714 2783 2777 2709 2714 2783 2777 2710 2715 2784 2778 2710 2778 2779 2715 2784 2785 2711 2716 2786 2780 2712 2717 2787 2781 2712 2717 2787 2781 2713 2718 2788 2782 2713 2718 2788 2782 2714 2719 2789 2783 2714 2719 2789 2783 2715 2720 2790 2784 2715 2784 2785 2720 2790 2791 2716 2721 2792 2786 2717 2722 2793 2787 2717 2722 2793 2787 2718 2723 2794 2788 2718 2723 2794 2788 2719 2724 2795 2789 2719 2724 2795 2789 2720 2725 2796 2790 2720 2790 2791 2725 2796 2797 2721 2726 2798 2792 2722 2727 2799 2793 2722 2727 2799 2793 2723 2728 2800 2794 2723 2728 2800 2794 2724 2729 2801 2795 2724 2729 2801 2795 2725 2730 2802 2796 2725 2796 2797 2730 2802 2803 2726 2731 2804 2798 2727 2732 2805 2799 2727 2732 2805 2799 2728 2733 2806 2800 2728 2733 2806 2800 2729 2734 2807 2801 2729 2734 2807 2801 2730 2735 2808 2802 2730 2802 2803 2735 2808 2809 2731 2736 2810 2804 2732 2737 2811 2805 2732 2737 2811 2805 2733 2738 2812 2806 2733 2738 2812 2806 2734 2739 2813 2807 2734 2739 2813 2807 2735 2740 2814 2808 2735 2808 2809 2740 2814 2815 2736 2741 2816 2810 2737 2742 2817 2811 2737 2742 2817 2811 2738 2743 2818 2812 2738 2743 2818 2812 2739 2744 2819 2813 2739 2744 2819 2813 2740 2745 2820 2814 2740 2814 2815 2745 2820 2821 2741 2746 2822 2816 2742 2747 2823 2817 2742 2747 2823 2817 2743 2748 2824 2818 2743 2748 2824 2818 2744 2749 2825 2819 2744 2749 2825 2819 2745 2750 2826 2820 2745 2820 2821 2750 2826 2827 2746 2751 2828 2822 2747 2752 2829 2823 2747 2752 2829 2823 2748 2753 2830 2824 2748 2753 2830 2824 2749 2754 2831 2825 2749 2754 2831 2825 2750 2755 2832 2826 2750 2826 2827 2755 2832 2833 2758 2759 2835 2834 2760 2761 2837 2836 2760 2761 2837 2836 2762 2763 2839 2838 2762 2763 2839 2838 2764 2765 2841 2840 2764 2765 2841 2840 2766 2767 2843 2842 2759 2769 2844 2835 2761 2770 2845 2837 2761 2770 2845 2837 2763 2771 2846 2839 2763 2771 2846 2839 2765 2772 2847 2841 2765 2772 2847 2841 2767 2773 2848 2843 2769 2775 2849 2844 2770 2776 2850 2845 2770 2776 2850 2845 2771 2777 2851 2846 2771 2777 2851 2846 2772 2778 2852 2847 2772 2778 2852 2847 2773 2779 2853 2848 2775 2781 2854 2849 2776 2782 2855 2850 2776 2782 2855 2850 2777 2783 2856 2851 2777 2783 2856 2851 2778 2784 2857 2852 2778 2784 2857 2852 2779 2785 2858 2853 2781 2787 2859 2854 2782 2788 2860 2855 2782 2788 2860 2855 2783 2789 2861 2856 2783 2789 2861 2856 2784 2790 2862 2857 2784 2790 2862 2857 2785 2791 2863 2858 2787 2793 2864 2859 2788 2794 2865 2860 2788 2794 2865 2860 2789 2795 2866 2861 2789 2795 2866 2861 2790 2796 2867 2862 2790 2796 2867 2862 2791 2797 2868 2863 2793 2799 2869 2864 2794 2800 2870 2865 2794 2800 2870 2865 2795 2801 2871 2866 2795 2801 2871 2866 2796 2802 2872 2867 2796 2802 2872 2867 2797 2803 2873 2868 2799 2805 2874 2869 2800 2806 2875 2870 2800 2806 2875 2870 2801 2807 2876 2871 2801 2807 2876 2871 2802 2808 2877 2872 2802 2808 2877 2872 2803 2809 2878 2873 2805 2811 2879 2874 2806 2812 2880 2875 2806 2812 2880 2875 2807 2813 2881 2876 2807 2813 2881 2876 2808 2814 2882 2877 2808 2814 2882 2877 2809 2815 2883 2878 2811 2817 2884 2879 2812 2818 2885 2880 2812 2818 2885 2880 2813 2819 2886 2881 2813 2819 2886 2881 2814 2820 2887 2882 2814 2820 2887 2882 2815 2821 2888 2883 2817 2823 2889 2884 2818 2824 2890 2885 2818 2824 2890 2885 2819 2825 2891 2886 2819 2825 2891 2886 2820 2826 2892 2887 2820 2826 2892 2887 2821 2827 2893 2888 2823 2829 2894 2889 2824 2830 2895 2890 2824 2830 2895 2890 2825 2831 2896 2891 2825 2831 2896 2891 2826 2832 2897 2892 2826 2832 2897 2892 2827 2833 2898 2893 2834 2835 2900 2899 2836 2837 2902 2901 2836 2837 2902 2901 2838 2839 2904 2903 2838 2839 2904 2903 2840 2841 2906 2905 2840 2841 2906 2905 2842 2843 2908 2907 2842 2907 2909 2843 2908 2910 2835 2844 2911 2900 2837 2845 2912 2902 2837 2845 2912 2902 2839 2846 2913 2904 2839 2846 2913 2904 2841 2847 2914 2906 2841 2847 2914 2906 2843 2848 2915 2908 2843 2908 2910 2848 2915 2916 2844 2849 2917 2911 2845 2850 2918 2912 2845 2850 2918 2912 2846 2851 2919 2913 2846 2851 2919 2913 2847 2852 2920 2914 2847 2852 2920 2914 2848 2853 2921 2915 2848 2915 2916 2853 2921 2922 2849 2854 2923 2917 2850 2855 2924 2918 2850 2855 2924 2918 2851 2856 2925 2919 2851 2856 2925 2919 2852 2857 2926 2920 2852 2857 2926 2920 2853 2858 2927 2921 2853 2921 2922 2858 2927 2928 2854 2859 2929 2923 2855 2860 2930 2924 2855 2860 2930 2924 2856 2861 2931 2925 2856 2861 2931 2925 2857 2862 2932 2926 2857 2862 2932 2926 2858 2863 2933 2927 2858 2927 2928 2863 2933 2934 2859 2864 2935 2929 2860 2865 2936 2930 2860 2865 2936 2930 2861 2866 2937 2931 2861 2866 2937 2931 2862 2867 2938 2932 2862 2867 2938 2932 2863 2868 2939 2933 2863 2933 2934 2868 2939 2940 2864 2869 2941 2935 2865 2870 2942 2936 2865 2870 2942 2936 2866 2871 2943 2937 2866 2871 2943 2937 2867 2872 2944 2938 2867 2872 2944 2938 2868 2873 2945 2939 2868 2939 2940 2873 2945 2946 2869 2874 2947 2941 2870 2875 2948 2942 2870 2875 2948 2942 2871 2876 2949 2943 2871 2876 2949 2943 2872 2877 2950 2944 2872 2877 2950 2944 2873 2878 2951 2945 2873 2945 2946 2878 2951 2952 2874 2879 2953 2947 2875 2880 2954 2948 2875 2880 2954 2948 2876 2881 2955 2949 2876 2881 2955 2949 2877 2882 2956 2950 2877 2882 2956 2950 2878 2883 2957 2951 2878 2951 2952 2883 2957 2958 2879 2884 2959 2953 2880 2885 2960 2954 2880 2885 2960 2954 2881 2886 2961 2955 2881 2886 2961 2955 2882 2887 2962 2956 2882 2887 2962 2956 2883 2888 2963 2957 2883 2957 2958 2888 2963 2964 2884 2889 2965 2959 2885 2890 2966 2960 2885 2890 2966 2960 2886 2891 2967 2961 2886 2891 2967 2961 2887 2892 2968 2962 2887 2892 2968 2962 2888 2893 2969 2963 2888 2963 2964 2893 2969 2970 2889 2894 2971 2965 2890 2895 2972 2966 2890 2895 2972 2966 2891 2896 2973 2967 2891 2896 2973 2967 2892 2897 2974 2968 2892 2897 2974 2968 2893 2898 2975 2969 2893 2969 2970 2898 2975 2976 2899 2900 2978 2977 2901 2902 2980 2979 2901 2902 2980 2979 2903 2904 2982 2981 2903 2904 2982 2981 2905 2906 2984 2983 2905 2906 2984 2983 2907 2908 2986 2985 2907 2908 2986 2985 2909 2910 2988 2987 2900 2911 2989 2978 2902 2912 2990 2980 2902 2912 2990 2980 2904 2913 2991 2982 2904 2913 2991 2982 2906 2914 2992 2984 2906 2914 2992 2984 2908 2915 2993 2986 2908 2915 2993 2986 2910 2916 2994 2988 2911 2917 2995 2989 2912 2918 2996 2990 2912 2918 2996 2990 2913 2919 2997 2991 2913 2919 2997 2991 2914 2920 2998 2992 2914 2920 2998 2992 2915 2921 2999 2993 2915 2921 2999 2993 2916 2922 3000 2994 2917 2923 3001 2995 2918 2924 3002 2996 2918 2924 3002 2996 2919 2925 3003 2997 2919 2925 3003 2997 2920 2926 3004 2998 2920 2926 3004 2998 2921 2927 3005 2999 2921 2927 3005 2999 2922 2928 3006 3000 2923 2929 3007 3001 2924 2930 3008 3002 2924 2930 3008 3002 2925 2931 3009 3003 2925 2931 3009 3003 2926 2932 3010 3004 2926 2932 3010 3004 2927 2933 3011 3005 2927 2933 3011 3005 2928 2934 3012 3006 2929 2935 3013 3007 2930 2936 3014 3008 2930 2936 3014 3008 2931 2937 3015 3009 2931 2937 3015 3009 2932 2938 3016 3010 2932 2938 3016 3010 2933 2939 3017 3011 2933 2939 3017 3011 2934 2940 3018 3012 2935 2941 3019 3013 2936 2942 3020 3014 2936 2942 3020 3014 2937 2943 3021 3015 2937 2943 3021 3015 2938 2944 3022 3016 2938 2944 3022 3016 2939 2945 3023 3017 2939 2945 3023 3017 2940 2946 3024 3018 2941 2947 3025 3019 2942 2948 3026 3020 2942 2948 3026 3020 2943 2949 3027 3021 2943 2949 3027 3021 2944 2950 3028 3022 2944 2950 3028 3022 2945 2951 3029 3023 2945 2951 3029 3023 2946 2952 3030 3024 2947 2953 3031 3025 2948 2954 3032 3026 2948 2954 3032 3026 2949 2955 3033 3027 2949 2955 3033 3027 2950 2956 3034 3028 2950 2956 3034 3028 2951 2957 3035 3029 2951 2957 3035 3029 2952 2958 3036 3030 2953 2959 3037 3031 2954 2960 3038 3032 2954 2960 3038 3032 2955 2961 3039 3033 2955 2961 3039 3033 2956 2962 3040 3034 2956 2962 3040 3034 2957 2963 3041 3035 2957 2963 3041 3035 2958 2964 3042 3036 2959 2965 3043 3037 2960 2966 3044 3038 2960 2966 3044 3038 2961 2967 3045 3039 2961 2967 3045 3039 2962 2968 3046 3040 2962 2968 3046 3040 2963 2969 3047 3041 2963 2969 3047 3041 2964 2970 3048 3042 2965 2971 3049 3043 2966 2972 3050 3044 2966 2972 3050 3044 2967 2973 3051 3045 2967 2973 3051 3045 2968 2974 3052 3046 2968 2974 3052 3046 2969 2975 3053 3047 2969 2975 3053 3047 2970 2976 3054 3048 2979 2980 3056 3055 2981 2982 3058 3057 2981 2982 3058 3057 2983 2984 3060 3059 2983 2984 3060 3059 2985 2986 3062 3061 2985 2986 3062 3061 2987 2988 3064 3063 2987 3063 3065 2988 3064 3066 2980 2990 3067 3056 2982 2991 3068 3058 2982 2991 3068 3058 2984 2992 3069 3060 2984 2992 3069 3060 2986 2993 3070 3062 2986 2993 3070 3062 2988 2994 3071 3064 2988 3064 3066 2994 3071 3072 2990 2996 3073 3067 2991 2997 3074 3068 2991 2997 3074 3068 2992 2998 3075 3069 2992 2998 3075 3069 2993 2999 3076 3070 2993 2999 3076 3070 2994 3000 3077 3071 2994 3071 3072 3000 3077 3078 2996 3002 3079 3073 2997 3003 3080 3074 2997 3003 3080 3074 2998 3004 3081 3075 2998 3004 3081 3075 2999 3005 3082 3076 2999 3005 3082 3076 3000 3006 3083 3077 3000 3077 3078 3006 3083 3084 3002 3008 3085 3079 3003 3009 3086 3080 3003 3009 3086 3080 3004 3010 3087 3081 3004 3010 3087 3081 3005 3011 3088 3082 3005 3011 3088 3082 3006 3012 3089 3083 3006 3083 3084 3012 3089 3090 3008 3014 3091 3085 3009 3015 3092 3086 3009 3015 3092 3086 3010 3016 3093 3087 3010 3016 3093 3087 3011 3017 3094 3088 3011 3017 3094 3088 3012 3018 3095 3089 3012 3089 3090 3018 3095 3096 3014 3020 3097 3091 3015 3021 3098 3092 3015 3021 3098 3092 3016 3022 3099 3093 3016 3022 3099 3093 3017 3023 3100 3094 3017 3023 3100 3094 3018 3024 3101 3095 3018 3095 3096 3024 3101 3102 3020 3026 3103 3097 3021 3027 3104 3098 3021 3027 3104 3098 3022 3028 3105 3099 3022 3028 3105 3099 3023 3029 3106 3100 3023 3029 3106 3100 3024 3030 3107 3101 3024 3101 3102 3030 3107 3108 3026 3032 3109 3103 3027 3033 3110 3104 3027 3033 3110 3104 3028 3034 3111 3105 3028 3034 3111 3105 3029 3035 3112 3106 3029 3035 3112 3106 3030 3036 3113 3107 3030 3107 3108 3036 3113 3114 3032 3038 3115 3109 3033 3039 3116 3110 3033 3039 3116 3110 3034 3040 3117 3111 3034 3040 3117 3111 3035 3041 3118 3112 3035 3041 3118 3112 3036 3042 3119 3113 3036 3113 3114 3042 3119 3120 3038 3044 3121 3115 3039 3045 3122 3116 3039 3045 3122 3116 3040 3046 3123 3117 3040 3046 3123 3117 3041 3047 3124 3118 3041 3047 3124 3118 3042 3048 3125 3119 3042 3119 3120 3048 3125 3126 3044 3050 3127 3121 3045 3051 3128 3122 3045 3051 3128 3122 3046 3052 3129 3123 3046 3052 3129 3123 3047 3053 3130 3124 3047 3053 3130 3124 3048 3054 3131 3125 3048 3125 3126 3054 3131 3132 3055 3056 3134 3133 3057 3058 3136 3135 3057 3058 3136 3135 3059 3060 3138 3137 3059 3060 3138 3137 3061 3062 3140 3139 3061 3062 3140 3139 3063 3064 3142 3141 3063 3064 3142 3141 3065 3066 3144 3143 3056 3067 3145 3134 3058 3068 3146 3136 3058 3068 3146 3136 3060 3069 3147 3138 3060 3069 3147 3138 3062 3070 3148 3140 3062 3070 3148 3140 3064 3071 3149 3142 3064 3071 3149 3142 3066 3072 3150 3144 3067 3073 3151 3145 3068 3074 3152 3146 3068 3074 3152 3146 3069 3075 3153 3147 3069 3075 3153 3147 3070 3076 3154 3148 3070 3076 3154 3148 3071 3077 3155 3149 3071 3077 3155 3149 3072 3078 3156 3150 3073 3079 3157 3151 3074 3080 3158 3152 3074 3080 3158 3152 3075 3081 3159 3153 3075 3081 3159 3153 3076 3082 3160 3154 3076 3082 3160 3154 3077 3083 3161 3155 3077 3083 3161 3155 3078 3084 3162 3156 3079 3085 3163 3157 3080 3086 3164 3158 3080 3086 3164 3158 3081 3087 3165 3159 3081 3087 3165 3159 3082 3088 3166 3160 3082 3088 3166 3160 3083 3089 3167 3161 3083 3089 3167 3161 3084 3090 3168 3162 3085 3091 3169 3163 3086 3092 3170 3164 3086 3092 3170 3164 3087 3093 3171 3165 3087 3093 3171 3165 3088 3094 3172 3166 3088 3094 3172 3166 3089 3095 3173 3167 3089 3095 3173 3167 3090 3096 3174 3168 3091 3097 3175 3169 3092 3098 3176 3170 3092 3098 3176 3170 3093 3099 3177 3171 3093 3099 3177 3171 3094 3100 3178 3172 3094 3100 3178 3172 3095 3101 3179 3173 3095 3101 3179 3173 3096 3102 3180 3174 3097 3103 3181 3175 3098 3104 3182 3176 3098 3104 3182 3176 3099 3105 3183 3177 3099 3105 3183 3177 3100 3106 3184 3178 3100 3106 3184 3178 3101 3107 3185 3179 3101 3107 3185 3179 3102 3108 3186 3180 3103 3109 3187 3181 3104 3110 3188 3182 3104 3110 3188 3182 3105 3111 3189 3183 3105 3111 3189 3183 3106 3112 3190 3184 3106 3112 3190 3184 3107 3113 3191 3185 3107 3113 3191 3185 3108 3114 3192 3186 3109 3115 3193 3187 3110 3116 3194 3188 3110 3116 3194 3188 3111 3117 3195 3189 3111 3117 3195 3189 3112 3118 3196 3190 3112 3118 3196 3190 3113 3119 3197 3191 3113 3119 3197 3191 3114 3120 3198 3192 3115 3121 3199 3193 3116 3122 3200 3194 3116 3122 3200 3194 3117 3123 3201 3195 3117 3123 3201 3195 3118 3124 3202 3196 3118 3124 3202 3196 3119 3125 3203 3197 3119 3125 3203 3197 3120 3126 3204 3198 3121 3127 3205 3199 3122 3128 3206 3200 3122 3128 3206 3200 3123 3129 3207 3201 3123 3129 3207 3201 3124 3130 3208 3202 3124 3130 3208 3202 3125 3131 3209 3203 3125 3131 3209 3203 3126 3132 3210 3204 3133 3134 3212 3211 3135 3136 3214 3213 3135 3136 3214 3213 3137 3138 3216 3215 3137 3138 3216 3215 3139 3140 3218 3217 3139 3140 3218 3217 3141 3142 3220 3219 3141 3142 3220 3219 3143 3144 3222 3221 3143 3221 3223 3144 3222 3224 3134 3145 3225 3212 3136 3146 3226 3214 3136 3146 3226 3214 3138 3147 3227 3216 3138 3147 3227 3216 3140 3148 3228 3218 3140 3148 3228 3218 3142 3149 3229 3220 3142 3149 3229 3220 3144 3150 3230 3222 3144 3222 3224 3150 3230 3231 3145 3151 3232 3225 3146 3152 3233 3226 3146 3152 3233 3226 3147 3153 3234 3227 3147 3153 3234 3227 3148 3154 3235 3228 3148 3154 3235 3228 3149 3155 3236 3229 3149 3155 3236 3229 3150 3156 3237 3230 3150 3230 3231 3156 3237 3238 3151 3157 3239 3232 3152 3158 3240 3233 3152 3158 3240 3233 3153 3159 3241 3234 3153 3159 3241 3234 3154 3160 3242 3235 3154 3160 3242 3235 3155 3161 3243 3236 3155 3161 3243 3236 3156 3162 3244 3237 3156 3237 3238 3162 3244 3245 3157 3163 3246 3239 3158 3164 3247 3240 3158 3164 3247 3240 3159 3165 3248 3241 3159 3165 3248 3241 3160 3166 3249 3242 3160 3166 3249 3242 3161 3167 3250 3243 3161 3167 3250 3243 3162 3168 3251 3244 3162 3244 3245 3168 3251 3252 3163 3169 3253 3246 3164 3170 3254 3247 3164 3170 3254 3247 3165 3171 3255 3248 3165 3171 3255 3248 3166 3172 3256 3249 3166 3172 3256 3249 3167 3173 3257 3250 3167 3173 3257 3250 3168 3174 3258 3251 3168 3251 3252 3174 3258 3259 3169 3175 3260 3253 3170 3176 3261 3254 3170 3176 3261 3254 3171 3177 3262 3255 3171 3177 3262 3255 3172 3178 3263 3256 3172 3178 3263 3256 3173 3179 3264 3257 3173 3179 3264 3257 3174 3180 3265 3258 3174 3258 3259 3180 3265 3266 3175 3181 3267 3260 3176 3182 3268 3261 3176 3182 3268 3261 3177 3183 3269 3262 3177 3183 3269 3262 3178 3184 3270 3263 3178 3184 3270 3263 3179 3185 3271 3264 3179 3185 3271 3264 3180 3186 3272 3265 3180 3265 3266 3186 3272 3273 3181 3187 3274 3267 3182 3188 3275 3268 3182 3188 3275 3268 3183 3189 3276 3269 3183 3189 3276 3269 3184 3190 3277 3270 3184 3190 3277 3270 3185 3191 3278 3271 3185 3191 3278 3271 3186 3192 3279 3272 3186 3272 3273 3192 3279 3280 3187 3193 3281 3274 3188 3194 3282 3275 3188 3194 3282 3275 3189 3195 3283 3276 3189 3195 3283 3276 3190 3196 3284 3277 3190 3196 3284 3277 3191 3197 3285 3278 3191 3197 3285 3278 3192 3198 3286 3279 3192 3279 3280 3198 3286 3287 3193 3199 3288 3281 3194 3200 3289 3282 3194 3200 3289 3282 3195 3201 3290 3283 3195 3201 3290 3283 3196 3202 3291 3284 3196 3202 3291 3284 3197 3203 3292 3285 3197 3203 3292 3285 3198 3204 3293 3286 3198 3286 3287 3204 3293 3294 3199 3205 3295 3288 3200 3206 3296 3289 3200 3206 3296 3289 3201 3207 3297 3290 3201 3207 3297 3290 3202 3208 3298 3291 3202 3208 3298 3291 3203 3209 3299 3292 3203 3209 3299 3292 3204 3210 3300 3293 3204 3293 3294 3210 3300 3301 3213 3214 3303 3302 3215 3216 3305 3304 3215 3216 3305 3304 3217 3218 3307 3306 3217 3218 3307 3306 3219 3220 3309 3308 3219 3220 3309 3308 3221 3222 3311 3310 3221 3222 3311 3310 3223 3224 3313 3312 3214 3226 3314 3303 3216 3227 3315 3305 3216 3227 3315 3305 3218 3228 3316 3307 3218 3228 3316 3307 3220 3229 3317 3309 3220 3229 3317 3309 3222 3230 3318 3311 3222 3230 3318 3311 3224 3231 3319 3313 3226 3233 3320 3314 3227 3234 3321 3315 3227 3234 3321 3315 3228 3235 3322 3316 3228 3235 3322 3316 3229 3236 3323 3317 3229 3236 3323 3317 3230 3237 3324 3318 3230 3237 3324 3318 3231 3238 3325 3319 3233 3240 3326 3320 3234 3241 3327 3321 3234 3241 3327 3321 3235 3242 3328 3322 3235 3242 3328 3322 3236 3243 3329 3323 3236 3243 3329 3323 3237 3244 3330 3324 3237 3244 3330 3324 3238 3245 3331 3325 3240 3247 3332 3326 3241 3248 3333 3327 3241 3248 3333 3327 3242 3249 3334 3328 3242 3249 3334 3328 3243 3250 3335 3329 3243 3250 3335 3329 3244 3251 3336 3330 3244 3251 3336 3330 3245 3252 3337 3331 3247 3254 3338 3332 3248 3255 3339 3333 3248 3255 3339 3333 3249 3256 3340 3334 3249 3256 3340 3334 3250 3257 3341 3335 3250 3257 3341 3335 3251 3258 3342 3336 3251 3258 3342 3336 3252 3259 3343 3337 3254 3261 3344 3338 3255 3262 3345 3339 3255 3262 3345 3339 3256 3263 3346 3340 3256 3263 3346 3340 3257 3264 3347 3341 3257 3264 3347 3341 3258 3265 3348 3342 3258 3265 3348 3342 3259 3266 3349 3343 3261 3268 3350 3344 3262 3269 3351 3345 3262 3269 3351 3345 3263 3270 3352 3346 3263 3270 3352 3346 3264 3271 3353 3347 3264 3271 3353 3347 3265 3272 3354 3348 3265 3272 3354 3348 3266 3273 3355 3349 3268 3275 3356 3350 3269 3276 3357 3351 3269 3276 3357 3351 3270 3277 3358 3352 3270 3277 3358 3352 3271 3278 3359 3353 3271 3278 3359 3353 3272 3279 3360 3354 3272 3279 3360 3354 3273 3280 3361 3355 3275 3282 3362 3356 3276 3283 3363 3357 3276 3283 3363 3357 3277 3284 3364 3358 3277 3284 3364 3358 3278 3285 3365 3359 3278 3285 3365 3359 3279 3286 3366 3360 3279 3286 3366 3360 3280 3287 3367 3361 3282 3289 3368 3362 3283 3290 3369 3363 3283 3290 3369 3363 3284 3291 3370 3364 3284 3291 3370 3364 3285 3292 3371 3365 3285 3292 3371 3365 3286 3293 3372 3366 3286 3293 3372 3366 3287 3294 3373 3367 3289 3296 3374 3368 3290 3297 3375 3369 3290 3297 3375 3369 3291 3298 3376 3370 3291 3298 3376 3370 3292 3299 3377 3371 3292 3299 3377 3371 3293 3300 3378 3372 3293 3300 3378 3372 3294 3301 3379 3373 3302 3303 3381 3380 3304 3305 3383 3382 3304 3305 3383 3382 3306 3307 3385 3384 3306 3307 3385 3384 3308 3309 3387 3386 3308 3309 3387 3386 3310 3311 3389 3388 3310 3311 3389 3388 3312 3313 3391 3390 3312 3390 3392 3313 3391 3393 3303 3314 3394 3381 3305 3315 3395 3383 3305 3315 3395 3383 3307 3316 3396 3385 3307 3316 3396 3385 3309 3317 3397 3387 3309 3317 3397 3387 3311 3318 3398 3389 3311 3318 3398 3389 3313 3319 3399 3391 3313 3391 3393 3319 3399 3400 3314 3320 3401 3394 3315 3321 3402 3395 3315 3321 3402 3395 3316 3322 3403 3396 3316 3322 3403 3396 3317 3323 3404 3397 3317 3323 3404 3397 3318 3324 3405 3398 3318 3324 3405 3398 3319 3325 3406 3399 3319 3399 3400 3325 3406 3407 3320 3326 3408 3401 3321 3327 3409 3402 3321 3327 3409 3402 3322 3328 3410 3403 3322 3328 3410 3403 3323 3329 3411 3404 3323 3329 3411 3404 3324 3330 3412 3405 3324 3330 3412 3405 3325 3331 3413 3406 3325 3406 3407 3331 3413 3414 3326 3332 3415 3408 3327 3333 3416 3409 3327 3333 3416 3409 3328 3334 3417 3410 3328 3334 3417 3410 3329 3335 3418 3411 3329 3335 3418 3411 3330 3336 3419 3412 3330 3336 3419 3412 3331 3337 3420 3413 3331 3413 3414 3337 3420 3421 3332 3338 3422 3415 3333 3339 3423 3416 3333 3339 3423 3416 3334 3340 3424 3417 3334 3340 3424 3417 3335 3341 3425 3418 3335 3341 3425 3418 3336 3342 3426 3419 3336 3342 3426 3419 3337 3343 3427 3420 3337 3420 3421 3343 3427 3428 3338 3344 3429 3422 3339 3345 3430 3423 3339 3345 3430 3423 3340 3346 3431 3424 3340 3346 3431 3424 3341 3347 3432 3425 3341 3347 3432 3425 3342 3348 3433 3426 3342 3348 3433 3426 3343 3349 3434 3427 3343 3427 3428 3349 3434 3435 3344 3350 3436 3429 3345 3351 3437 3430 3345 3351 3437 3430 3346 3352 3438 3431 3346 3352 3438 3431 3347 3353 3439 3432 3347 3353 3439 3432 3348 3354 3440 3433 3348 3354 3440 3433 3349 3355 3441 3434 3349 3434 3435 3355 3441 3442 3350 3356 3443 3436 3351 3357 3444 3437 3351 3357 3444 3437 3352 3358 3445 3438 3352 3358 3445 3438 3353 3359 3446 3439 3353 3359 3446 3439 3354 3360 3447 3440 3354 3360 3447 3440 3355 3361 3448 3441 3355 3441 3442 3361 3448 3449 3356 3362 3450 3443 3357 3363 3451 3444 3357 3363 3451 3444 3358 3364 3452 3445 3358 3364 3452 3445 3359 3365 3453 3446 3359 3365 3453 3446 3360 3366 3454 3447 3360 3366 3454 3447 3361 3367 3455 3448 3361 3448 3449 3367 3455 3456 3362 3368 3457 3450 3363 3369 3458 3451 3363 3369 3458 3451 3364 3370 3459 3452 3364 3370 3459 3452 3365 3371 3460 3453 3365 3371 3460 3453 3366 3372 3461 3454 3366 3372 3461 3454 3367 3373 3462 3455 3367 3455 3456 3373 3462 3463 3368 3374 3464 3457 3369 3375 3465 3458 3369 3375 3465 3458 3370 3376 3466 3459 3370 3376 3466 3459 3371 3377 3467 3460 3371 3377 3467 3460 3372 3378 3468 3461 3372 3378 3468 3461 3373 3379 3469 3462 3373 3462 3463 3379 3469 3470 3380 3381 3472 3471 3382 3383 3474 3473 3382 3383 3474 3473 3384 3385 3476 3475 3384 3385 3476 3475 3386 3387 3478 3477 3386 3387 3478 3477 3388 3389 3480 3479 3388 3389 3480 3479 3390 3391 3482 3481 3390 3391 3482 3481 3392 3393 3484 3483 3381 3394 3485 3472 3383 3395 3486 3474 3383 3395 3486 3474 3385 3396 3487 3476 3385 3396 3487 3476 3387 3397 3488 3478 3387 3397 3488 3478 3389 3398 3489 3480 3389 3398 3489 3480 3391 3399 3490 3482 3391 3399 3490 3482 3393 3400 3491 3484 3394 3401 3492 3485 3395 3402 3493 3486 3395 3402 3493 3486 3396 3403 3494 3487 3396 3403 3494 3487 3397 3404 3495 3488 3397 3404 3495 3488 3398 3405 3496 3489 3398 3405 3496 3489 3399 3406 3497 3490 3399 3406 3497 3490 3400 3407 3498 3491 3401 3408 3499 3492 3402 3409 3500 3493 3402 3409 3500 3493 3403 3410 3501 3494 3403 3410 3501 3494 3404 3411 3502 3495 3404 3411 3502 3495 3405 3412 3503 3496 3405 3412 3503 3496 3406 3413 3504 3497 3406 3413 3504 3497 3407 3414 3505 3498 3408 3415 3506 3499 3409 3416 3507 3500 3409 3416 3507 3500 3410 3417 3508 3501 3410 3417 3508 3501 3411 3418 3509 3502 3411 3418 3509 3502 3412 3419 3510 3503 3412 3419 3510 3503 3413 3420 3511 3504 3413 3420 3511 3504 3414 3421 3512 3505 3415 3422 3513 3506 3416 3423 3514 3507 3416 3423 3514 3507 3417 3424 3515 3508 3417 3424 3515 3508 3418 3425 3516 3509 3418 3425 3516 3509 3419 3426 3517 3510 3419 3426 3517 3510 3420 3427 3518 3511 3420 3427 3518 3511 3421 3428 3519 3512 3422 3429 3520 3513 3423 3430 3521 3514 3423 3430 3521 3514 3424 3431 3522 3515 3424 3431 3522 3515 3425 3432 3523 3516 3425 3432 3523 3516 3426 3433 3524 3517 3426 3433 3524 3517 3427 3434 3525 3518 3427 3434 3525 3518 3428 3435 3526 3519 3429 3436 3527 3520 3430 3437 3528 3521 3430 3437 3528 3521 3431 3438 3529 3522 3431 3438 3529 3522 3432 3439 3530 3523 3432 3439 3530 3523 3433 3440 3531 3524 3433 3440 3531 3524 3434 3441 3532 3525 3434 3441 3532 3525 3435 3442 3533 3526 3436 3443 3534 3527 3437 3444 3535 3528 3437 3444 3535 3528 3438 3445 3536 3529 3438 3445 3536 3529 3439 3446 3537 3530 3439 3446 3537 3530 3440 3447 3538 3531 3440 3447 3538 3531 3441 3448 3539 3532 3441 3448 3539 3532 3442 3449 3540 3533 3443 3450 3541 3534 3444 3451 3542 3535 3444 3451 3542 3535 3445 3452 3543 3536 3445 3452 3543 3536 3446 3453 3544 3537 3446 3453 3544 3537 3447 3454 3545 3538 3447 3454 3545 3538 3448 3455 3546 3539 3448 3455 3546 3539 3449 3456 3547 3540 3450 3457 3548 3541 3451 3458 3549 3542 3451 3458 3549 3542 3452 3459 3550 3543 3452 3459 3550 3543 3453 3460 3551 3544 3453 3460 3551 3544 3454 3461 3552 3545 3454 3461 3552 3545 3455 3462 3553 3546 3455 3462 3553 3546 3456 3463 3554 3547 3457 3464 3555 3548 3458 3465 3556 3549 3458 3465 3556 3549 3459 3466 3557 3550 3459 3466 3557 3550 3460 3467 3558 3551 3460 3467 3558 3551 3461 3468 3559 3552 3461 3468 3559 3552 3462 3469 3560 3553 3462 3469 3560 3553 3463 3470 3561 3554 3471 3472 3563 3562 3473 3474 3565 3564 3473 3474 3565 3564 3475 3476 3567 3566 3475 3476 3567 3566 3477 3478 3569 3568 3477 3478 3569 3568 3479 3480 3571 3570 3479 3480 3571 3570 3481 3482 3573 3572 3481 3482 3573 3572 3483 3484 3575 3574 3483 3574 3576 3484 3575 3577 3472 3485 3578 3563 3474 3486 3579 3565 3474 3486 3579 3565 3476 3487 3580 3567 3476 3487 3580 3567 3478 3488 3581 3569 3478 3488 3581 3569 3480 3489 3582 3571 3480 3489 3582 3571 3482 3490 3583 3573 3482 3490 3583 3573 3484 3491 3584 3575 3484 3575 3577 3491 3584 3585 3485 3492 3586 3578 3486 3493 3587 3579 3486 3493 3587 3579 3487 3494 3588 3580 3487 3494 3588 3580 3488 3495 3589 3581 3488 3495 3589 3581 3489 3496 3590 3582 3489 3496 3590 3582 3490 3497 3591 3583 3490 3497 3591 3583 3491 3498 3592 3584 3491 3584 3585 3498 3592 3593 3492 3499 3594 3586 3493 3500 3595 3587 3493 3500 3595 3587 3494 3501 3596 3588 3494 3501 3596 3588 3495 3502 3597 3589 3495 3502 3597 3589 3496 3503 3598 3590 3496 3503 3598 3590 3497 3504 3599 3591 3497 3504 3599 3591 3498 3505 3600 3592 3498 3592 3593 3505 3600 3601 3499 3506 3602 3594 3500 3507 3603 3595 3500 3507 3603 3595 3501 3508 3604 3596 3501 3508 3604 3596 3502 3509 3605 3597 3502 3509 3605 3597 3503 3510 3606 3598 3503 3510 3606 3598 3504 3511 3607 3599 3504 3511 3607 3599 3505 3512 3608 3600 3505 3600 3601 3512 3608 3609 3506 3513 3610 3602 3507 3514 3611 3603 3507 3514 3611 3603 3508 3515 3612 3604 3508 3515 3612 3604 3509 3516 3613 3605 3509 3516 3613 3605 3510 3517 3614 3606 3510 3517 3614 3606 3511 3518 3615 3607 3511 3518 3615 3607 3512 3519 3616 3608 3512 3608 3609 3519 3616 3617 3513 3520 3618 3610 3514 3521 3619 3611 3514 3521 3619 3611 3515 3522 3620 3612 3515 3522 3620 3612 3516 3523 3621 3613 3516 3523 3621 3613 3517 3524 3622 3614 3517 3524 3622 3614 3518 3525 3623 3615 3518 3525 3623 3615 3519 3526 3624 3616 3519 3616 3617 3526 3624 3625 3520 3527 3626 3618 3521 3528 3627 3619 3521 3528 3627 3619 3522 3529 3628 3620 3522 3529 3628 3620 3523 3530 3629 3621 3523 3530 3629 3621 3524 3531 3630 3622 3524 3531 3630 3622 3525 3532 3631 3623 3525 3532 3631 3623 3526 3533 3632 3624 3526 3624 3625 3533 3632 3633 3527 3534 3634 3626 3528 3535 3635 3627 3528 3535 3635 3627 3529 3536 3636 3628 3529 3536 3636 3628 3530 3537 3637 3629 3530 3537 3637 3629 3531 3538 3638 3630 3531 3538 3638 3630 3532 3539 3639 3631 3532 3539 3639 3631 3533 3540 3640 3632 3533 3632 3633 3540 3640 3641 3534 3541 3642 3634 3535 3542 3643 3635 3535 3542 3643 3635 3536 3543 3644 3636 3536 3543 3644 3636 3537 3544 3645 3637 3537 3544 3645 3637 3538 3545 3646 3638 3538 3545 3646 3638 3539 3546 3647 3639 3539 3546 3647 3639 3540 3547 3648 3640 3540 3640 3641 3547 3648 3649 3541 3548 3650 3642 3542 3549 3651 3643 3542 3549 3651 3643 3543 3550 3652 3644 3543 3550 3652 3644 3544 3551 3653 3645 3544 3551 3653 3645 3545 3552 3654 3646 3545 3552 3654 3646 3546 3553 3655 3647 3546 3553 3655 3647 3547 3554 3656 3648 3547 3648 3649 3554 3656 3657 3548 3555 3658 3650 3549 3556 3659 3651 3549 3556 3659 3651 3550 3557 3660 3652 3550 3557 3660 3652 3551 3558 3661 3653 3551 3558 3661 3653 3552 3559 3662 3654 3552 3559 3662 3654 3553 3560 3663 3655 3553 3560 3663 3655 3554 3561 3664 3656 3554 3656 3657 3561 3664 3665 3564 3565 3667 3666 3566 3567 3669 3668 3566 3567 3669 3668 3568 3569 3671 3670 3568 3569 3671 3670 3570 3571 3673 3672 3570 3571 3673 3672 3572 3573 3675 3674 3572 3573 3675 3674 3574 3575 3677 3676 3574 3575 3677 3676 3576 3577 3679 3678 3565 3579 3680 3667 3567 3580 3681 3669 3567 3580 3681 3669 3569 3581 3682 3671 3569 3581 3682 3671 3571 3582 3683 3673 3571 3582 3683 3673 3573 3583 3684 3675 3573 3583 3684 3675 3575 3584 3685 3677 3575 3584 3685 3677 3577 3585 3686 3679 3579 3587 3687 3680 3580 3588 3688 3681 3580 3588 3688 3681 3581 3589 3689 3682 3581 3589 3689 3682 3582 3590 3690 3683 3582 3590 3690 3683 3583 3591 3691 3684 3583 3591 3691 3684 3584 3592 3692 3685 3584 3592 3692 3685 3585 3593 3693 3686 3587 3595 3694 3687 3588 3596 3695 3688 3588 3596 3695 3688 3589 3597 3696 3689 3589 3597 3696 3689 3590 3598 3697 3690 3590 3598 3697 3690 3591 3599 3698 3691 3591 3599 3698 3691 3592 3600 3699 3692 3592 3600 3699 3692 3593 3601 3700 3693 3595 3603 3701 3694 3596 3604 3702 3695 3596 3604 3702 3695 3597 3605 3703 3696 3597 3605 3703 3696 3598 3606 3704 3697 3598 3606 3704 3697 3599 3607 3705 3698 3599 3607 3705 3698 3600 3608 3706 3699 3600 3608 3706 3699 3601 3609 3707 3700 3603 3611 3708 3701 3604 3612 3709 3702 3604 3612 3709 3702 3605 3613 3710 3703 3605 3613 3710 3703 3606 3614 3711 3704 3606 3614 3711 3704 3607 3615 3712 3705 3607 3615 3712 3705 3608 3616 3713 3706 3608 3616 3713 3706 3609 3617 3714 3707 3611 3619 3715 3708 3612 3620 3716 3709 3612 3620 3716 3709 3613 3621 3717 3710 3613 3621 3717 3710 3614 3622 3718 3711 3614 3622 3718 3711 3615 3623 3719 3712 3615 3623 3719 3712 3616 3624 3720 3713 3616 3624 3720 3713 3617 3625 3721 3714 3619 3627 3722 3715 3620 3628 3723 3716 3620 3628 3723 3716 3621 3629 3724 3717 3621 3629 3724 3717 3622 3630 3725 3718 3622 3630 3725 3718 3623 3631 3726 3719 3623 3631 3726 3719 3624 3632 3727 3720 3624 3632 3727 3720 3625 3633 3728 3721 3627 3635 3729 3722 3628 3636 3730 3723 3628 3636 3730 3723 3629 3637 3731 3724 3629 3637 3731 3724 3630 3638 3732 3725 3630 3638 3732 3725 3631 3639 3733 3726 3631 3639 3733 3726 3632 3640 3734 3727 3632 3640 3734 3727 3633 3641 3735 3728 3635 3643 3736 3729 3636 3644 3737 3730 3636 3644 3737 3730 3637 3645 3738 3731 3637 3645 3738 3731 3638 3646 3739 3732 3638 3646 3739 3732 3639 3647 3740 3733 3639 3647 3740 3733 3640 3648 3741 3734 3640 3648 3741 3734 3641 3649 3742 3735 3643 3651 3743 3736 3644 3652 3744 3737 3644 3652 3744 3737 3645 3653 3745 3738 3645 3653 3745 3738 3646 3654 3746 3739 3646 3654 3746 3739 3647 3655 3747 3740 3647 3655 3747 3740 3648 3656 3748 3741 3648 3656 3748 3741 3649 3657 3749 3742 3651 3659 3750 3743 3652 3660 3751 3744 3652 3660 3751 3744 3653 3661 3752 3745 3653 3661 3752 3745 3654 3662 3753 3746 3654 3662 3753 3746 3655 3663 3754 3747 3655 3663 3754 3747 3656 3664 3755 3748 3656 3664 3755 3748 3657 3665 3756 3749 3666 3667 3758 3757 3668 3669 3760 3759 3668 3669 3760 3759 3670 3671 3762 3761 3670 3671 3762 3761 3672 3673 3764 3763 3672 3673 3764 3763 3674 3675 3766 3765 3674 3675 3766 3765 3676 3677 3768 3767 3676 3677 3768 3767 3678 3679 3770 3769 3678 3769 3771 3679 3770 3772 3667 3680 3773 3758 3669 3681 3774 3760 3669 3681 3774 3760 3671 3682 3775 3762 3671 3682 3775 3762 3673 3683 3776 3764 3673 3683 3776 3764 3675 3684 3777 3766 3675 3684 3777 3766 3677 3685 3778 3768 3677 3685 3778 3768 3679 3686 3779 3770 3679 3770 3772 3686 3779 3780 3680 3687 3781 3773 3681 3688 3782 3774 3681 3688 3782 3774 3682 3689 3783 3775 3682 3689 3783 3775 3683 3690 3784 3776 3683 3690 3784 3776 3684 3691 3785 3777 3684 3691 3785 3777 3685 3692 3786 3778 3685 3692 3786 3778 3686 3693 3787 3779 3686 3779 3780 3693 3787 3788 3687 3694 3789 3781 3688 3695 3790 3782 3688 3695 3790 3782 3689 3696 3791 3783 3689 3696 3791 3783 3690 3697 3792 3784 3690 3697 3792 3784 3691 3698 3793 3785 3691 3698 3793 3785 3692 3699 3794 3786 3692 3699 3794 3786 3693 3700 3795 3787 3693 3787 3788 3700 3795 3796 3694 3701 3797 3789 3695 3702 3798 3790 3695 3702 3798 3790 3696 3703 3799 3791 3696 3703 3799 3791 3697 3704 3800 3792 3697 3704 3800 3792 3698 3705 3801 3793 3698 3705 3801 3793 3699 3706 3802 3794 3699 3706 3802 3794 3700 3707 3803 3795 3700 3795 3796 3707 3803 3804 3701 3708 3805 3797 3702 3709 3806 3798 3702 3709 3806 3798 3703 3710 3807 3799 3703 3710 3807 3799 3704 3711 3808 3800 3704 3711 3808 3800 3705 3712 3809 3801 3705 3712 3809 3801 3706 3713 3810 3802 3706 3713 3810 3802 3707 3714 3811 3803 3707 3803 3804 3714 3811 3812 3708 3715 3813 3805 3709 3716 3814 3806 3709 3716 3814 3806 3710 3717 3815 3807 3710 3717 3815 3807 3711 3718 3816 3808 3711 3718 3816 3808 3712 3719 3817 3809 3712 3719 3817 3809 3713 3720 3818 3810 3713 3720 3818 3810 3714 3721 3819 3811 3714 3811 3812 3721 3819 3820 3715 3722 3821 3813 3716 3723 3822 3814 3716 3723 3822 3814 3717 3724 3823 3815 3717 3724 3823 3815 3718 3725 3824 3816 3718 3725 3824 3816 3719 3726 3825 3817 3719 3726 3825 3817 3720 3727 3826 3818 3720 3727 3826 3818 3721 3728 3827 3819 3721 3819 3820 3728 3827 3828 3722 3729 3829 3821 3723 3730 3830 3822 3723 3730 3830 3822 3724 3731 3831 3823 3724 3731 3831 3823 3725 3732 3832 3824 3725 3732 3832 3824 3726 3733 3833 3825 3726 3733 3833 3825 3727 3734 3834 3826 3727 3734 3834 3826 3728 3735 3835 3827 3728 3827 3828 3735 3835 3836 3729 3736 3837 3829 3730 3737 3838 3830 3730 3737 3838 3830 3731 3738 3839 3831 3731 3738 3839 3831 3732 3739 3840 3832 3732 3739 3840 3832 3733 3740 3841 3833 3733 3740 3841 3833 3734 3741 3842 3834 3734 3741 3842 3834 3735 3742 3843 3835 3735 3835 3836 3742 3843 3844 3736 3743 3845 3837 3737 3744 3846 3838 3737 3744 3846 3838 3738 3745 3847 3839 3738 3745 3847 3839 3739 3746 3848 3840 3739 3746 3848 3840 3740 3747 3849 3841 3740 3747 3849 3841 3741 3748 3850 3842 3741 3748 3850 3842 3742 3749 3851 3843 3742 3843 3844 3749 3851 3852 3743 3750 3853 3845 3744 3751 3854 3846 3744 3751 3854 3846 3745 3752 3855 3847 3745 3752 3855 3847 3746 3753 3856 3848 3746 3753 3856 3848 3747 3754 3857 3849 3747 3754 3857 3849 3748 3755 3858 3850 3748 3755 3858 3850 3749 3756 3859 3851 3749 3851 3852 3756 3859 3860 3757 3758 3862 3861 3759 3760 3864 3863 3759 3760 3864 3863 3761 3762 3866 3865 3761 3762 3866 3865 3763 3764 3868 3867 3763 3764 3868 3867 3765 3766 3870 3869 3765 3766 3870 3869 3767 3768 3872 3871 3767 3768 3872 3871 3769 3770 3874 3873 3769 3770 3874 3873 3771 3772 3876 3875 3758 3773 3877 3862 3760 3774 3878 3864 3760 3774 3878 3864 3762 3775 3879 3866 3762 3775 3879 3866 3764 3776 3880 3868 3764 3776 3880 3868 3766 3777 3881 3870 3766 3777 3881 3870 3768 3778 3882 3872 3768 3778 3882 3872 3770 3779 3883 3874 3770 3779 3883 3874 3772 3780 3884 3876 3773 3781 3885 3877 3774 3782 3886 3878 3774 3782 3886 3878 3775 3783 3887 3879 3775 3783 3887 3879 3776 3784 3888 3880 3776 3784 3888 3880 3777 3785 3889 3881 3777 3785 3889 3881 3778 3786 3890 3882 3778 3786 3890 3882 3779 3787 3891 3883 3779 3787 3891 3883 3780 3788 3892 3884 3781 3789 3893 3885 3782 3790 3894 3886 3782 3790 3894 3886 3783 3791 3895 3887 3783 3791 3895 3887 3784 3792 3896 3888 3784 3792 3896 3888 3785 3793 3897 3889 3785 3793 3897 3889 3786 3794 3898 3890 3786 3794 3898 3890 3787 3795 3899 3891 3787 3795 3899 3891 3788 3796 3900 3892 3789 3797 3901 3893 3790 3798 3902 3894 3790 3798 3902 3894 3791 3799 3903 3895 3791 3799 3903 3895 3792 3800 3904 3896 3792 3800 3904 3896 3793 3801 3905 3897 3793 3801 3905 3897 3794 3802 3906 3898 3794 3802 3906 3898 3795 3803 3907 3899 3795 3803 3907 3899 3796 3804 3908 3900 3797 3805 3909 3901 3798 3806 3910 3902 3798 3806 3910 3902 3799 3807 3911 3903 3799 3807 3911 3903 3800 3808 3912 3904 3800 3808 3912 3904 3801 3809 3913 3905 3801 3809 3913 3905 3802 3810 3914 3906 3802 3810 3914 3906 3803 3811 3915 3907 3803 3811 3915 3907 3804 3812 3916 3908 3805 3813 3917 3909 3806 3814 3918 3910 3806 3814 3918 3910 3807 3815 3919 3911 3807 3815 3919 3911 3808 3816 3920 3912 3808 3816 3920 3912 3809 3817 3921 3913 3809 3817 3921 3913 3810 3818 3922 3914 3810 3818 3922 3914 3811 3819 3923 3915 3811 3819 3923 3915 3812 3820 3924 3916 3813 3821 3925 3917 3814 3822 3926 3918 3814 3822 3926 3918 3815 3823 3927 3919 3815 3823 3927 3919 3816 3824 3928 3920 3816 3824 3928 3920 3817 3825 3929 3921 3817 3825 3929 3921 3818 3826 3930 3922 3818 3826 3930 3922 3819 3827 3931 3923 3819 3827 3931 3923 3820 3828 3932 3924 3821 3829 3933 3925 3822 3830 3934 3926 3822 3830 3934 3926 3823 3831 3935 3927 3823 3831 3935 3927 3824 3832 3936 3928 3824 3832 3936 3928 3825 3833 3937 3929 3825 3833 3937 3929 3826 3834 3938 3930 3826 3834 3938 3930 3827 3835 3939 3931 3827 3835 3939 3931 3828 3836 3940 3932 3829 3837 3941 3933 3830 3838 3942 3934 3830 3838 3942 3934 3831 3839 3943 3935 3831 3839 3943 3935 3832 3840 3944 3936 3832 3840 3944 3936 3833 3841 3945 3937 3833 3841 3945 3937 3834 3842 3946 3938 3834 3842 3946 3938 3835 3843 3947 3939 3835 3843 3947 3939 3836 3844 3948 3940 3837 3845 3949 3941 3838 3846 3950 3942 3838 3846 3950 3942 3839 3847 3951 3943 3839 3847 3951 3943 3840 3848 3952 3944 3840 3848 3952 3944 3841 3849 3953 3945 3841 3849 3953 3945 3842 3850 3954 3946 3842 3850 3954 3946 3843 3851 3955 3947 3843 3851 3955 3947 3844 3852 3956 3948 3845 3853 3957 3949 3846 3854 3958 3950 3846 3854 3958 3950 3847 3855 3959 3951 3847 3855 3959 3951 3848 3856 3960 3952 3848 3856 3960 3952 3849 3857 3961 3953 3849 3857 3961 3953 3850 3858 3962 3954 3850 3858 3962 3954 3851 3859 3963 3955 3851 3859 3963 3955 3852 3860 3964 3956 3863 3864 3966 3965 3865 3866 3968 3967 3865 3866 3968 3967 3867 3868 3970 3969 3867 3868 3970 3969 3869 3870 3972 3971 3869 3870 3972 3971 3871 3872 3974 3973 3871 3872 3974 3973 3873 3874 3976 3975 3873 3874 3976 3975 3875 3876 3978 3977 3875 3977 3979 3876 3978 3980 3864 3878 3981 3966 3866 3879 3982 3968 3866 3879 3982 3968 3868 3880 3983 3970 3868 3880 3983 3970 3870 3881 3984 3972 3870 3881 3984 3972 3872 3882 3985 3974 3872 3882 3985 3974 3874 3883 3986 3976 3874 3883 3986 3976 3876 3884 3987 3978 3876 3978 3980 3884 3987 3988 3878 3886 3989 3981 3879 3887 3990 3982 3879 3887 3990 3982 3880 3888 3991 3983 3880 3888 3991 3983 3881 3889 3992 3984 3881 3889 3992 3984 3882 3890 3993 3985 3882 3890 3993 3985 3883 3891 3994 3986 3883 3891 3994 3986 3884 3892 3995 3987 3884 3987 3988 3892 3995 3996 3886 3894 3997 3989 3887 3895 3998 3990 3887 3895 3998 3990 3888 3896 3999 3991 3888 3896 3999 3991 3889 3897 4000 3992 3889 3897 4000 3992 3890 3898 4001 3993 3890 3898 4001 3993 3891 3899 4002 3994 3891 3899 4002 3994 3892 3900 4003 3995 3892 3995 3996 3900 4003 4004 3894 3902 4005 3997 3895 3903 4006 3998 3895 3903 4006 3998 3896 3904 4007 3999 3896 3904 4007 3999 3897 3905 4008 4000 3897 3905 4008 4000 3898 3906 4009 4001 3898 3906 4009 4001 3899 3907 4010 4002 3899 3907 4010 4002 3900 3908 4011 4003 3900 4003 4004 3908 4011 4012 3902 3910 4013 4005 3903 3911 4014 4006 3903 3911 4014 4006 3904 3912 4015 4007 3904 3912 4015 4007 3905 3913 4016 4008 3905 3913 4016 4008 3906 3914 4017 4009 3906 3914 4017 4009 3907 3915 4018 4010 3907 3915 4018 4010 3908 3916 4019 4011 3908 4011 4012 3916 4019 4020 3910 3918 4021 4013 3911 3919 4022 4014 3911 3919 4022 4014 3912 3920 4023 4015 3912 3920 4023 4015 3913 3921 4024 4016 3913 3921 4024 4016 3914 3922 4025 4017 3914 3922 4025 4017 3915 3923 4026 4018 3915 3923 4026 4018 3916 3924 4027 4019 3916 4019 4020 3924 4027 4028 3918 3926 4029 4021 3919 3927 4030 4022 3919 3927 4030 4022 3920 3928 4031 4023 3920 3928 4031 4023 3921 3929 4032 4024 3921 3929 4032 4024 3922 3930 4033 4025 3922 3930 4033 4025 3923 3931 4034 4026 3923 3931 4034 4026 3924 3932 4035 4027 3924 4027 4028 3932 4035 4036 3926 3934 4037 4029 3927 3935 4038 4030 3927 3935 4038 4030 3928 3936 4039 4031 3928 3936 4039 4031 3929 3937 4040 4032 3929 3937 4040 4032 3930 3938 4041 4033 3930 3938 4041 4033 3931 3939 4042 4034 3931 3939 4042 4034 3932 3940 4043 4035 3932 4035 4036 3940 4043 4044 3934 3942 4045 4037 3935 3943 4046 4038 3935 3943 4046 4038 3936 3944 4047 4039 3936 3944 4047 4039 3937 3945 4048 4040 3937 3945 4048 4040 3938 3946 4049 4041 3938 3946 4049 4041 3939 3947 4050 4042 3939 3947 4050 4042 3940 3948 4051 4043 3940 4043 4044 3948 4051 4052 3942 3950 4053 4045 3943 3951 4054 4046 3943 3951 4054 4046 3944 3952 4055 4047 3944 3952 4055 4047 3945 3953 4056 4048 3945 3953 4056 4048 3946 3954 4057 4049 3946 3954 4057 4049 3947 3955 4058 4050 3947 3955 4058 4050 3948 3956 4059 4051 3948 4051 4052 3956 4059 4060 3950 3958 4061 4053 3951 3959 4062 4054 3951 3959 4062 4054 3952 3960 4063 4055 3952 3960 4063 4055 3953 3961 4064 4056 3953 3961 4064 4056 3954 3962 4065 4057 3954 3962 4065 4057 3955 3963 4066 4058 3955 3963 4066 4058 3956 3964 4067 4059 3956 4059 4060 3964 4067 4068 3965 3966 4070 4069 3967 3968 4072 4071 3967 3968 4072 4071 3969 3970 4074 4073 3969 3970 4074 4073 3971 3972 4076 4075 3971 3972 4076 4075 3973 3974 4078 4077 3973 3974 4078 4077 3975 3976 4080 4079 3975 3976 4080 4079 3977 3978 4082 4081 3977 3978 4082 4081 3979 3980 4084 4083 3966 3981 4085 4070 3968 3982 4086 4072 3968 3982 4086 4072 3970 3983 4087 4074 3970 3983 4087 4074 3972 3984 4088 4076 3972 3984 4088 4076 3974 3985 4089 4078 3974 3985 4089 4078 3976 3986 4090 4080 3976 3986 4090 4080 3978 3987 4091 4082 3978 3987 4091 4082 3980 3988 4092 4084 3981 3989 4093 4085 3982 3990 4094 4086 3982 3990 4094 4086 3983 3991 4095 4087 3983 3991 4095 4087 3984 3992 4096 4088 3984 3992 4096 4088 3985 3993 4097 4089 3985 3993 4097 4089 3986 3994 4098 4090 3986 3994 4098 4090 3987 3995 4099 4091 3987 3995 4099 4091 3988 3996 4100 4092 3989 3997 4101 4093 3990 3998 4102 4094 3990 3998 4102 4094 3991 3999 4103 4095 3991 3999 4103 4095 3992 4000 4104 4096 3992 4000 4104 4096 3993 4001 4105 4097 3993 4001 4105 4097 3994 4002 4106 4098 3994 4002 4106 4098 3995 4003 4107 4099 3995 4003 4107 4099 3996 4004 4108 4100 3997 4005 4109 4101 3998 4006 4110 4102 3998 4006 4110 4102 3999 4007 4111 4103 3999 4007 4111 4103 4000 4008 4112 4104 4000 4008 4112 4104 4001 4009 4113 4105 4001 4009 4113 4105 4002 4010 4114 4106 4002 4010 4114 4106 4003 4011 4115 4107 4003 4011 4115 4107 4004 4012 4116 4108 4005 4013 4117 4109 4006 4014 4118 4110 4006 4014 4118 4110 4007 4015 4119 4111 4007 4015 4119 4111 4008 4016 4120 4112 4008 4016 4120 4112 4009 4017 4121 4113 4009 4017 4121 4113 4010 4018 4122 4114 4010 4018 4122 4114 4011 4019 4123 4115 4011 4019 4123 4115 4012 4020 4124 4116 4013 4021 4125 4117 4014 4022 4126 4118 4014 4022 4126 4118 4015 4023 4127 4119 4015 4023 4127 4119 4016 4024 4128 4120 4016 4024 4128 4120 4017 4025 4129 4121 4017 4025 4129 4121 4018 4026 4130 4122 4018 4026 4130 4122 4019 4027 4131 4123 4019 4027 4131 4123 4020 4028 4132 4124 4021 4029 4133 4125 4022 4030 4134 4126 4022 4030 4134 4126 4023 4031 4135 4127 4023 4031 4135 4127 4024 4032 4136 4128 4024 4032 4136 4128 4025 4033 4137 4129 4025 4033 4137 4129 4026 4034 4138 4130 4026 4034 4138 4130 4027 4035 4139 4131 4027 4035 4139 4131 4028 4036 4140 4132 4029 4037 4141 4133 4030 4038 4142 4134 4030 4038 4142 4134 4031 4039 4143 4135 4031 4039 4143 4135 4032 4040 4144 4136 4032 4040 4144 4136 4033 4041 4145 4137 4033 4041 4145 4137 4034 4042 4146 4138 4034 4042 4146 4138 4035 4043 4147 4139 4035 4043 4147 4139 4036 4044 4148 4140 4037 4045 4149 4141 4038 4046 4150 4142 4038 4046 4150 4142 4039 4047 4151 4143 4039 4047 4151 4143 4040 4048 4152 4144 4040 4048 4152 4144 4041 4049 4153 4145 4041 4049 4153 4145 4042 4050 4154 4146 4042 4050 4154 4146 4043 4051 4155 4147 4043 4051 4155 4147 4044 4052 4156 4148 4045 4053 4157 4149 4046 4054 4158 4150 4046 4054 4158 4150 4047 4055 4159 4151 4047 4055 4159 4151 4048 4056 4160 4152 4048 4056 4160 4152 4049 4057 4161 4153 4049 4057 4161 4153 4050 4058 4162 4154 4050 4058 4162 4154 4051 4059 4163 4155 4051 4059 4163 4155 4052 4060 4164 4156 4053 4061 4165 4157 4054 4062 4166 4158 4054 4062 4166 4158 4055 4063 4167 4159 4055 4063 4167 4159 4056 4064 4168 4160 4056 4064 4168 4160 4057 4065 4169 4161 4057 4065 4169 4161 4058 4066 4170 4162 4058 4066 4170 4162 4059 4067 4171 4163 4059 4067 4171 4163 4060 4068 4172 4164 4069 4070 4174 4173 4071 4072 4176 4175 4071 4072 4176 4175 4073 4074 4178 4177 4073 4074 4178 4177 4075 4076 4180 4179 4075 4076 4180 4179 4077 4078 4182 4181 4077 4078 4182 4181 4079 4080 4184 4183 4079 4080 4184 4183 4081 4082 4186 4185 4081 4082 4186 4185 4083 4084 4188 4187 4083 4187 4189 4084 4188 4190 4070 4085 4191 4174 4072 4086 4192 4176 4072 4086 4192 4176 4074 4087 4193 4178 4074 4087 4193 4178 4076 4088 4194 4180 4076 4088 4194 4180 4078 4089 4195 4182 4078 4089 4195 4182 4080 4090 4196 4184 4080 4090 4196 4184 4082 4091 4197 4186 4082 4091 4197 4186 4084 4092 4198 4188 4084 4188 4190 4092 4198 4199 4085 4093 4200 4191 4086 4094 4201 4192 4086 4094 4201 4192 4087 4095 4202 4193 4087 4095 4202 4193 4088 4096 4203 4194 4088 4096 4203 4194 4089 4097 4204 4195 4089 4097 4204 4195 4090 4098 4205 4196 4090 4098 4205 4196 4091 4099 4206 4197 4091 4099 4206 4197 4092 4100 4207 4198 4092 4198 4199 4100 4207 4208 4093 4101 4209 4200 4094 4102 4210 4201 4094 4102 4210 4201 4095 4103 4211 4202 4095 4103 4211 4202 4096 4104 4212 4203 4096 4104 4212 4203 4097 4105 4213 4204 4097 4105 4213 4204 4098 4106 4214 4205 4098 4106 4214 4205 4099 4107 4215 4206 4099 4107 4215 4206 4100 4108 4216 4207 4100 4207 4208 4108 4216 4217 4101 4109 4218 4209 4102 4110 4219 4210 4102 4110 4219 4210 4103 4111 4220 4211 4103 4111 4220 4211 4104 4112 4221 4212 4104 4112 4221 4212 4105 4113 4222 4213 4105 4113 4222 4213 4106 4114 4223 4214 4106 4114 4223 4214 4107 4115 4224 4215 4107 4115 4224 4215 4108 4116 4225 4216 4108 4216 4217 4116 4225 4226 4109 4117 4227 4218 4110 4118 4228 4219 4110 4118 4228 4219 4111 4119 4229 4220 4111 4119 4229 4220 4112 4120 4230 4221 4112 4120 4230 4221 4113 4121 4231 4222 4113 4121 4231 4222 4114 4122 4232 4223 4114 4122 4232 4223 4115 4123 4233 4224 4115 4123 4233 4224 4116 4124 4234 4225 4116 4225 4226 4124 4234 4235 4117 4125 4236 4227 4118 4126 4237 4228 4118 4126 4237 4228 4119 4127 4238 4229 4119 4127 4238 4229 4120 4128 4239 4230 4120 4128 4239 4230 4121 4129 4240 4231 4121 4129 4240 4231 4122 4130 4241 4232 4122 4130 4241 4232 4123 4131 4242 4233 4123 4131 4242 4233 4124 4132 4243 4234 4124 4234 4235 4132 4243 4244 4125 4133 4245 4236 4126 4134 4246 4237 4126 4134 4246 4237 4127 4135 4247 4238 4127 4135 4247 4238 4128 4136 4248 4239 4128 4136 4248 4239 4129 4137 4249 4240 4129 4137 4249 4240 4130 4138 4250 4241 4130 4138 4250 4241 4131 4139 4251 4242 4131 4139 4251 4242 4132 4140 4252 4243 4132 4243 4244 4140 4252 4253 4133 4141 4254 4245 4134 4142 4255 4246 4134 4142 4255 4246 4135 4143 4256 4247 4135 4143 4256 4247 4136 4144 4257 4248 4136 4144 4257 4248 4137 4145 4258 4249 4137 4145 4258 4249 4138 4146 4259 4250 4138 4146 4259 4250 4139 4147 4260 4251 4139 4147 4260 4251 4140 4148 4261 4252 4140 4252 4253 4148 4261 4262 4141 4149 4263 4254 4142 4150 4264 4255 4142 4150 4264 4255 4143 4151 4265 4256 4143 4151 4265 4256 4144 4152 4266 4257 4144 4152 4266 4257 4145 4153 4267 4258 4145 4153 4267 4258 4146 4154 4268 4259 4146 4154 4268 4259 4147 4155 4269 4260 4147 4155 4269 4260 4148 4156 4270 4261 4148 4261 4262 4156 4270 4271 4149 4157 4272 4263 4150 4158 4273 4264 4150 4158 4273 4264 4151 4159 4274 4265 4151 4159 4274 4265 4152 4160 4275 4266 4152 4160 4275 4266 4153 4161 4276 4267 4153 4161 4276 4267 4154 4162 4277 4268 4154 4162 4277 4268 4155 4163 4278 4269 4155 4163 4278 4269 4156 4164 4279 4270 4156 4270 4271 4164 4279 4280 4157 4165 4281 4272 4158 4166 4282 4273 4158 4166 4282 4273 4159 4167 4283 4274 4159 4167 4283 4274 4160 4168 4284 4275 4160 4168 4284 4275 4161 4169 4285 4276 4161 4169 4285 4276 4162 4170 4286 4277 4162 4170 4286 4277 4163 4171 4287 4278 4163 4171 4287 4278 4164 4172 4288 4279 4164 4279 4280 4172 4288 4289 4175 4176 4291 4290 4177 4178 4293 4292 4177 4178 4293 4292 4179 4180 4295 4294 4179 4180 4295 4294 4181 4182 4297 4296 4181 4182 4297 4296 4183 4184 4299 4298 4183 4184 4299 4298 4185 4186 4301 4300 4185 4186 4301 4300 4187 4188 4303 4302 4187 4188 4303 4302 4189 4190 4305 4304 4176 4192 4306 4291 4178 4193 4307 4293 4178 4193 4307 4293 4180 4194 4308 4295 4180 4194 4308 4295 4182 4195 4309 4297 4182 4195 4309 4297 4184 4196 4310 4299 4184 4196 4310 4299 4186 4197 4311 4301 4186 4197 4311 4301 4188 4198 4312 4303 4188 4198 4312 4303 4190 4199 4313 4305 4192 4201 4314 4306 4193 4202 4315 4307 4193 4202 4315 4307 4194 4203 4316 4308 4194 4203 4316 4308 4195 4204 4317 4309 4195 4204 4317 4309 4196 4205 4318 4310 4196 4205 4318 4310 4197 4206 4319 4311 4197 4206 4319 4311 4198 4207 4320 4312 4198 4207 4320 4312 4199 4208 4321 4313 4201 4210 4322 4314 4202 4211 4323 4315 4202 4211 4323 4315 4203 4212 4324 4316 4203 4212 4324 4316 4204 4213 4325 4317 4204 4213 4325 4317 4205 4214 4326 4318 4205 4214 4326 4318 4206 4215 4327 4319 4206 4215 4327 4319 4207 4216 4328 4320 4207 4216 4328 4320 4208 4217 4329 4321 4210 4219 4330 4322 4211 4220 4331 4323 4211 4220 4331 4323 4212 4221 4332 4324 4212 4221 4332 4324 4213 4222 4333 4325 4213 4222 4333 4325 4214 4223 4334 4326 4214 4223 4334 4326 4215 4224 4335 4327 4215 4224 4335 4327 4216 4225 4336 4328 4216 4225 4336 4328 4217 4226 4337 4329 4219 4228 4338 4330 4220 4229 4339 4331 4220 4229 4339 4331 4221 4230 4340 4332 4221 4230 4340 4332 4222 4231 4341 4333 4222 4231 4341 4333 4223 4232 4342 4334 4223 4232 4342 4334 4224 4233 4343 4335 4224 4233 4343 4335 4225 4234 4344 4336 4225 4234 4344 4336 4226 4235 4345 4337 4228 4237 4346 4338 4229 4238 4347 4339 4229 4238 4347 4339 4230 4239 4348 4340 4230 4239 4348 4340 4231 4240 4349 4341 4231 4240 4349 4341 4232 4241 4350 4342 4232 4241 4350 4342 4233 4242 4351 4343 4233 4242 4351 4343 4234 4243 4352 4344 4234 4243 4352 4344 4235 4244 4353 4345 4237 4246 4354 4346 4238 4247 4355 4347 4238 4247 4355 4347 4239 4248 4356 4348 4239 4248 4356 4348 4240 4249 4357 4349 4240 4249 4357 4349 4241 4250 4358 4350 4241 4250 4358 4350 4242 4251 4359 4351 4242 4251 4359 4351 4243 4252 4360 4352 4243 4252 4360 4352 4244 4253 4361 4353 4246 4255 4362 4354 4247 4256 4363 4355 4247 4256 4363 4355 4248 4257 4364 4356 4248 4257 4364 4356 4249 4258 4365 4357 4249 4258 4365 4357 4250 4259 4366 4358 4250 4259 4366 4358 4251 4260 4367 4359 4251 4260 4367 4359 4252 4261 4368 4360 4252 4261 4368 4360 4253 4262 4369 4361 4255 4264 4370 4362 4256 4265 4371 4363 4256 4265 4371 4363 4257 4266 4372 4364 4257 4266 4372 4364 4258 4267 4373 4365 4258 4267 4373 4365 4259 4268 4374 4366 4259 4268 4374 4366 4260 4269 4375 4367 4260 4269 4375 4367 4261 4270 4376 4368 4261 4270 4376 4368 4262 4271 4377 4369 4264 4273 4378 4370 4265 4274 4379 4371 4265 4274 4379 4371 4266 4275 4380 4372 4266 4275 4380 4372 4267 4276 4381 4373 4267 4276 4381 4373 4268 4277 4382 4374 4268 4277 4382 4374 4269 4278 4383 4375 4269 4278 4383 4375 4270 4279 4384 4376 4270 4279 4384 4376 4271 4280 4385 4377 4273 4282 4386 4378 4274 4283 4387 4379 4274 4283 4387 4379 4275 4284 4388 4380 4275 4284 4388 4380 4276 4285 4389 4381 4276 4285 4389 4381 4277 4286 4390 4382 4277 4286 4390 4382 4278 4287 4391 4383 4278 4287 4391 4383 4279 4288 4392 4384 4279 4288 4392 4384 4280 4289 4393 4385 4290 4291 4395 4394 4292 4293 4397 4396 4292 4293 4397 4396 4294 4295 4399 4398 4294 4295 4399 4398 4296 4297 4401 4400 4296 4297 4401 4400 4298 4299 4403 4402 4298 4299 4403 4402 4300 4301 4405 4404 4300 4301 4405 4404 4302 4303 4407 4406 4302 4303 4407 4406 4304 4305 4409 4408 4304 4408 4410 4305 4409 4411 4291 4306 4412 4395 4293 4307 4413 4397 4293 4307 4413 4397 4295 4308 4414 4399 4295 4308 4414 4399 4297 4309 4415 4401 4297 4309 4415 4401 4299 4310 4416 4403 4299 4310 4416 4403 4301 4311 4417 4405 4301 4311 4417 4405 4303 4312 4418 4407 4303 4312 4418 4407 4305 4313 4419 4409 4305 4409 4411 4313 4419 4420 4306 4314 4421 4412 4307 4315 4422 4413 4307 4315 4422 4413 4308 4316 4423 4414 4308 4316 4423 4414 4309 4317 4424 4415 4309 4317 4424 4415 4310 4318 4425 4416 4310 4318 4425 4416 4311 4319 4426 4417 4311 4319 4426 4417 4312 4320 4427 4418 4312 4320 4427 4418 4313 4321 4428 4419 4313 4419 4420 4321 4428 4429 4314 4322 4430 4421 4315 4323 4431 4422 4315 4323 4431 4422 4316 4324 4432 4423 4316 4324 4432 4423 4317 4325 4433 4424 4317 4325 4433 4424 4318 4326 4434 4425 4318 4326 4434 4425 4319 4327 4435 4426 4319 4327 4435 4426 4320 4328 4436 4427 4320 4328 4436 4427 4321 4329 4437 4428 4321 4428 4429 4329 4437 4438 4322 4330 4439 4430 4323 4331 4440 4431 4323 4331 4440 4431 4324 4332 4441 4432 4324 4332 4441 4432 4325 4333 4442 4433 4325 4333 4442 4433 4326 4334 4443 4434 4326 4334 4443 4434 4327 4335 4444 4435 4327 4335 4444 4435 4328 4336 4445 4436 4328 4336 4445 4436 4329 4337 4446 4437 4329 4437 4438 4337 4446 4447 4330 4338 4448 4439 4331 4339 4449 4440 4331 4339 4449 4440 4332 4340 4450 4441 4332 4340 4450 4441 4333 4341 4451 4442 4333 4341 4451 4442 4334 4342 4452 4443 4334 4342 4452 4443 4335 4343 4453 4444 4335 4343 4453 4444 4336 4344 4454 4445 4336 4344 4454 4445 4337 4345 4455 4446 4337 4446 4447 4345 4455 4456 4338 4346 4457 4448 4339 4347 4458 4449 4339 4347 4458 4449 4340 4348 4459 4450 4340 4348 4459 4450 4341 4349 4460 4451 4341 4349 4460 4451 4342 4350 4461 4452 4342 4350 4461 4452 4343 4351 4462 4453 4343 4351 4462 4453 4344 4352 4463 4454 4344 4352 4463 4454 4345 4353 4464 4455 4345 4455 4456 4353 4464 4465 4346 4354 4466 4457 4347 4355 4467 4458 4347 4355 4467 4458 4348 4356 4468 4459 4348 4356 4468 4459 4349 4357 4469 4460 4349 4357 4469 4460 4350 4358 4470 4461 4350 4358 4470 4461 4351 4359 4471 4462 4351 4359 4471 4462 4352 4360 4472 4463 4352 4360 4472 4463 4353 4361 4473 4464 4353 4464 4465 4361 4473 4474 4354 4362 4475 4466 4355 4363 4476 4467 4355 4363 4476 4467 4356 4364 4477 4468 4356 4364 4477 4468 4357 4365 4478 4469 4357 4365 4478 4469 4358 4366 4479 4470 4358 4366 4479 4470 4359 4367 4480 4471 4359 4367 4480 4471 4360 4368 4481 4472 4360 4368 4481 4472 4361 4369 4482 4473 4361 4473 4474 4369 4482 4483 4362 4370 4484 4475 4363 4371 4485 4476 4363 4371 4485 4476 4364 4372 4486 4477 4364 4372 4486 4477 4365 4373 4487 4478 4365 4373 4487 4478 4366 4374 4488 4479 4366 4374 4488 4479 4367 4375 4489 4480 4367 4375 4489 4480 4368 4376 4490 4481 4368 4376 4490 4481 4369 4377 4491 4482 4369 4482 4483 4377 4491 4492 4370 4378 4493 4484 4371 4379 4494 4485 4371 4379 4494 4485 4372 4380 4495 4486 4372 4380 4495 4486 4373 4381 4496 4487 4373 4381 4496 4487 4374 4382 4497 4488 4374 4382 4497 4488 4375 4383 4498 4489 4375 4383 4498 4489 4376 4384 4499 4490 4376 4384 4499 4490 4377 4385 4500 4491 4377 4491 4492 4385 4500 4501 4378 4386 4502 4493 4379 4387 4503 4494 4379 4387 4503 4494 4380 4388 4504 4495 4380 4388 4504 4495 4381 4389 4505 4496 4381 4389 4505 4496 4382 4390 4506 4497 4382 4390 4506 4497 4383 4391 4507 4498 4383 4391 4507 4498 4384 4392 4508 4499 4384 4392 4508 4499 4385 4393 4509 4500 4385 4500 4501 4393 4509 4510 4394 4395 4512 4511 4396 4397 4514 4513 4396 4397 4514 4513 4398 4399 4516 4515 4398 4399 4516 4515 4400 4401 4518 4517 4400 4401 4518 4517 4402 4403 4520 4519 4402 4403 4520 4519 4404 4405 4522 4521 4404 4405 4522 4521 4406 4407 4524 4523 4406 4407 4524 4523 4408 4409 4526 4525 4408 4409 4526 4525 4410 4411 4528 4527 4395 4412 4529 4512 4397 4413 4530 4514 4397 4413 4530 4514 4399 4414 4531 4516 4399 4414 4531 4516 4401 4415 4532 4518 4401 4415 4532 4518 4403 4416 4533 4520 4403 4416 4533 4520 4405 4417 4534 4522 4405 4417 4534 4522 4407 4418 4535 4524 4407 4418 4535 4524 4409 4419 4536 4526 4409 4419 4536 4526 4411 4420 4537 4528 4412 4421 4538 4529 4413 4422 4539 4530 4413 4422 4539 4530 4414 4423 4540 4531 4414 4423 4540 4531 4415 4424 4541 4532 4415 4424 4541 4532 4416 4425 4542 4533 4416 4425 4542 4533 4417 4426 4543 4534 4417 4426 4543 4534 4418 4427 4544 4535 4418 4427 4544 4535 4419 4428 4545 4536 4419 4428 4545 4536 4420 4429 4546 4537 4421 4430 4547 4538 4422 4431 4548 4539 4422 4431 4548 4539 4423 4432 4549 4540 4423 4432 4549 4540 4424 4433 4550 4541 4424 4433 4550 4541 4425 4434 4551 4542 4425 4434 4551 4542 4426 4435 4552 4543 4426 4435 4552 4543 4427 4436 4553 4544 4427 4436 4553 4544 4428 4437 4554 4545 4428 4437 4554 4545 4429 4438 4555 4546 4430 4439 4556 4547 4431 4440 4557 4548 4431 4440 4557 4548 4432 4441 4558 4549 4432 4441 4558 4549 4433 4442 4559 4550 4433 4442 4559 4550 4434 4443 4560 4551 4434 4443 4560 4551 4435 4444 4561 4552 4435 4444 4561 4552 4436 4445 4562 4553 4436 4445 4562 4553 4437 4446 4563 4554 4437 4446 4563 4554 4438 4447 4564 4555 4439 4448 4565 4556 4440 4449 4566 4557 4440 4449 4566 4557 4441 4450 4567 4558 4441 4450 4567 4558 4442 4451 4568 4559 4442 4451 4568 4559 4443 4452 4569 4560 4443 4452 4569 4560 4444 4453 4570 4561 4444 4453 4570 4561 4445 4454 4571 4562 4445 4454 4571 4562 4446 4455 4572 4563 4446 4455 4572 4563 4447 4456 4573 4564 4448 4457 4574 4565 4449 4458 4575 4566 4449 4458 4575 4566 4450 4459 4576 4567 4450 4459 4576 4567 4451 4460 4577 4568 4451 4460 4577 4568 4452 4461 4578 4569 4452 4461 4578 4569 4453 4462 4579 4570 4453 4462 4579 4570 4454 4463 4580 4571 4454 4463 4580 4571 4455 4464 4581 4572 4455 4464 4581 4572 4456 4465 4582 4573 4457 4466 4583 4574 4458 4467 4584 4575 4458 4467 4584 4575 4459 4468 4585 4576 4459 4468 4585 4576 4460 4469 4586 4577 4460 4469 4586 4577 4461 4470 4587 4578 4461 4470 4587 4578 4462 4471 4588 4579 4462 4471 4588 4579 4463 4472 4589 4580 4463 4472 4589 4580 4464 4473 4590 4581 4464 4473 4590 4581 4465 4474 4591 4582 4466 4475 4592 4583 4467 4476 4593 4584 4467 4476 4593 4584 4468 4477 4594 4585 4468 4477 4594 4585 4469 4478 4595 4586 4469 4478 4595 4586 4470 4479 4596 4587 4470 4479 4596 4587 4471 4480 4597 4588 4471 4480 4597 4588 4472 4481 4598 4589 4472 4481 4598 4589 4473 4482 4599 4590 4473 4482 4599 4590 4474 4483 4600 4591 4475 4484 4601 4592 4476 4485 4602 4593 4476 4485 4602 4593 4477 4486 4603 4594 4477 4486 4603 4594 4478 4487 4604 4595 4478 4487 4604 4595 4479 4488 4605 4596 4479 4488 4605 4596 4480 4489 4606 4597 4480 4489 4606 4597 4481 4490 4607 4598 4481 4490 4607 4598 4482 4491 4608 4599 4482 4491 4608 4599 4483 4492 4609 4600 4484 4493 4610 4601 4485 4494 4611 4602 4485 4494 4611 4602 4486 4495 4612 4603 4486 4495 4612 4603 4487 4496 4613 4604 4487 4496 4613 4604 4488 4497 4614 4605 4488 4497 4614 4605 4489 4498 4615 4606 4489 4498 4615 4606 4490 4499 4616 4607 4490 4499 4616 4607 4491 4500 4617 4608 4491 4500 4617 4608 4492 4501 4618 4609 4493 4502 4619 4610 4494 4503 4620 4611 4494 4503 4620 4611 4495 4504 4621 4612 4495 4504 4621 4612 4496 4505 4622 4613 4496 4505 4622 4613 4497 4506 4623 4614 4497 4506 4623 4614 4498 4507 4624 4615 4498 4507 4624 4615 4499 4508 4625 4616 4499 4508 4625 4616 4500 4509 4626 4617 4500 4509 4626 4617 4501 4510 4627 4618 4513 4514 4629 4628 4515 4516 4631 4630 4515 4516 4631 4630 4517 4518 4633 4632 4517 4518 4633 4632 4519 4520 4635 4634 4519 4520 4635 4634 4521 4522 4637 4636 4521 4522 4637 4636 4523 4524 4639 4638 4523 4524 4639 4638 4525 4526 4641 4640 4525 4526 4641 4640 4527 4528 4643 4642 4527 4642 4644 4528 4643 4645 4514 4530 4646 4629 4516 4531 4647 4631 4516 4531 4647 4631 4518 4532 4648 4633 4518 4532 4648 4633 4520 4533 4649 4635 4520 4533 4649 4635 4522 4534 4650 4637 4522 4534 4650 4637 4524 4535 4651 4639 4524 4535 4651 4639 4526 4536 4652 4641 4526 4536 4652 4641 4528 4537 4653 4643 4528 4643 4645 4537 4653 4654 4530 4539 4655 4646 4531 4540 4656 4647 4531 4540 4656 4647 4532 4541 4657 4648 4532 4541 4657 4648 4533 4542 4658 4649 4533 4542 4658 4649 4534 4543 4659 4650 4534 4543 4659 4650 4535 4544 4660 4651 4535 4544 4660 4651 4536 4545 4661 4652 4536 4545 4661 4652 4537 4546 4662 4653 4537 4653 4654 4546 4662 4663 4539 4548 4664 4655 4540 4549 4665 4656 4540 4549 4665 4656 4541 4550 4666 4657 4541 4550 4666 4657 4542 4551 4667 4658 4542 4551 4667 4658 4543 4552 4668 4659 4543 4552 4668 4659 4544 4553 4669 4660 4544 4553 4669 4660 4545 4554 4670 4661 4545 4554 4670 4661 4546 4555 4671 4662 4546 4662 4663 4555 4671 4672 4548 4557 4673 4664 4549 4558 4674 4665 4549 4558 4674 4665 4550 4559 4675 4666 4550 4559 4675 4666 4551 4560 4676 4667 4551 4560 4676 4667 4552 4561 4677 4668 4552 4561 4677 4668 4553 4562 4678 4669 4553 4562 4678 4669 4554 4563 4679 4670 4554 4563 4679 4670 4555 4564 4680 4671 4555 4671 4672 4564 4680 4681 4557 4566 4682 4673 4558 4567 4683 4674 4558 4567 4683 4674 4559 4568 4684 4675 4559 4568 4684 4675 4560 4569 4685 4676 4560 4569 4685 4676 4561 4570 4686 4677 4561 4570 4686 4677 4562 4571 4687 4678 4562 4571 4687 4678 4563 4572 4688 4679 4563 4572 4688 4679 4564 4573 4689 4680 4564 4680 4681 4573 4689 4690 4566 4575 4691 4682 4567 4576 4692 4683 4567 4576 4692 4683 4568 4577 4693 4684 4568 4577 4693 4684 4569 4578 4694 4685 4569 4578 4694 4685 4570 4579 4695 4686 4570 4579 4695 4686 4571 4580 4696 4687 4571 4580 4696 4687 4572 4581 4697 4688 4572 4581 4697 4688 4573 4582 4698 4689 4573 4689 4690 4582 4698 4699 4575 4584 4700 4691 4576 4585 4701 4692 4576 4585 4701 4692 4577 4586 4702 4693 4577 4586 4702 4693 4578 4587 4703 4694 4578 4587 4703 4694 4579 4588 4704 4695 4579 4588 4704 4695 4580 4589 4705 4696 4580 4589 4705 4696 4581 4590 4706 4697 4581 4590 4706 4697 4582 4591 4707 4698 4582 4698 4699 4591 4707 4708 4584 4593 4709 4700 4585 4594 4710 4701 4585 4594 4710 4701 4586 4595 4711 4702 4586 4595 4711 4702 4587 4596 4712 4703 4587 4596 4712 4703 4588 4597 4713 4704 4588 4597 4713 4704 4589 4598 4714 4705 4589 4598 4714 4705 4590 4599 4715 4706 4590 4599 4715 4706 4591 4600 4716 4707 4591 4707 4708 4600 4716 4717 4593 4602 4718 4709 4594 4603 4719 4710 4594 4603 4719 4710 4595 4604 4720 4711 4595 4604 4720 4711 4596 4605 4721 4712 4596 4605 4721 4712 4597 4606 4722 4713 4597 4606 4722 4713 4598 4607 4723 4714 4598 4607 4723 4714 4599 4608 4724 4715 4599 4608 4724 4715 4600 4609 4725 4716 4600 4716 4717 4609 4725 4726 4602 4611 4727 4718 4603 4612 4728 4719 4603 4612 4728 4719 4604 4613 4729 4720 4604 4613 4729 4720 4605 4614 4730 4721 4605 4614 4730 4721 4606 4615 4731 4722 4606 4615 4731 4722 4607 4616 4732 4723 4607 4616 4732 4723 4608 4617 4733 4724 4608 4617 4733 4724 4609 4618 4734 4725 4609 4725 4726 4618 4734 4735 4611 4620 4736 4727 4612 4621 4737 4728 4612 4621 4737 4728 4613 4622 4738 4729 4613 4622 4738 4729 4614 4623 4739 4730 4614 4623 4739 4730 4615 4624 4740 4731 4615 4624 4740 4731 4616 4625 4741 4732 4616 4625 4741 4732 4617 4626 4742 4733 4617 4626 4742 4733 4618 4627 4743 4734 4618 4734 4735 4627 4743 4744 4628 4629 4746 4745 4630 4631 4748 4747 4630 4631 4748 4747 4632 4633 4750 4749 4632 4633 4750 4749 4634 4635 4752 4751 4634 4635 4752 4751 4636 4637 4754 4753 4636 4637 4754 4753 4638 4639 4756 4755 4638 4639 4756 4755 4640 4641 4758 4757 4640 4641 4758 4757 4642 4643 4760 4759 4642 4643 4760 4759 4644 4645 4762 4761 4629 4646 4763 4746 4631 4647 4764 4748 4631 4647 4764 4748 4633 4648 4765 4750 4633 4648 4765 4750 4635 4649 4766 4752 4635 4649 4766 4752 4637 4650 4767 4754 4637 4650 4767 4754 4639 4651 4768 4756 4639 4651 4768 4756 4641 4652 4769 4758 4641 4652 4769 4758 4643 4653 4770 4760 4643 4653 4770 4760 4645 4654 4771 4762 4646 4655 4772 4763 4647 4656 4773 4764 4647 4656 4773 4764 4648 4657 4774 4765 4648 4657 4774 4765 4649 4658 4775 4766 4649 4658 4775 4766 4650 4659 4776 4767 4650 4659 4776 4767 4651 4660 4777 4768 4651 4660 4777 4768 4652 4661 4778 4769 4652 4661 4778 4769 4653 4662 4779 4770 4653 4662 4779 4770 4654 4663 4780 4771 4655 4664 4781 4772 4656 4665 4782 4773 4656 4665 4782 4773 4657 4666 4783 4774 4657 4666 4783 4774 4658 4667 4784 4775 4658 4667 4784 4775 4659 4668 4785 4776 4659 4668 4785 4776 4660 4669 4786 4777 4660 4669 4786 4777 4661 4670 4787 4778 4661 4670 4787 4778 4662 4671 4788 4779 4662 4671 4788 4779 4663 4672 4789 4780 4664 4673 4790 4781 4665 4674 4791 4782 4665 4674 4791 4782 4666 4675 4792 4783 4666 4675 4792 4783 4667 4676 4793 4784 4667 4676 4793 4784 4668 4677 4794 4785 4668 4677 4794 4785 4669 4678 4795 4786 4669 4678 4795 4786 4670 4679 4796 4787 4670 4679 4796 4787 4671 4680 4797 4788 4671 4680 4797 4788 4672 4681 4798 4789 4673 4682 4799 4790 4674 4683 4800 4791 4674 4683 4800 4791 4675 4684 4801 4792 4675 4684 4801 4792 4676 4685 4802 4793 4676 4685 4802 4793 4677 4686 4803 4794 4677 4686 4803 4794 4678 4687 4804 4795 4678 4687 4804 4795 4679 4688 4805 4796 4679 4688 4805 4796 4680 4689 4806 4797 4680 4689 4806 4797 4681 4690 4807 4798 4682 4691 4808 4799 4683 4692 4809 4800 4683 4692 4809 4800 4684 4693 4810 4801 4684 4693 4810 4801 4685 4694 4811 4802 4685 4694 4811 4802 4686 4695 4812 4803 4686 4695 4812 4803 4687 4696 4813 4804 4687 4696 4813 4804 4688 4697 4814 4805 4688 4697 4814 4805 4689 4698 4815 4806 4689 4698 4815 4806 4690 4699 4816 4807 4691 4700 4817 4808 4692 4701 4818 4809 4692 4701 4818 4809 4693 4702 4819 4810 4693 4702 4819 4810 4694 4703 4820 4811 4694 4703 4820 4811 4695 4704 4821 4812 4695 4704 4821 4812 4696 4705 4822 4813 4696 4705 4822 4813 4697 4706 4823 4814 4697 4706 4823 4814 4698 4707 4824 4815 4698 4707 4824 4815 4699 4708 4825 4816 4700 4709 4826 4817 4701 4710 4827 4818 4701 4710 4827 4818 4702 4711 4828 4819 4702 4711 4828 4819 4703 4712 4829 4820 4703 4712 4829 4820 4704 4713 4830 4821 4704 4713 4830 4821 4705 4714 4831 4822 4705 4714 4831 4822 4706 4715 4832 4823 4706 4715 4832 4823 4707 4716 4833 4824 4707 4716 4833 4824 4708 4717 4834 4825 4709 4718 4835 4826 4710 4719 4836 4827 4710 4719 4836 4827 4711 4720 4837 4828 4711 4720 4837 4828 4712 4721 4838 4829 4712 4721 4838 4829 4713 4722 4839 4830 4713 4722 4839 4830 4714 4723 4840 4831 4714 4723 4840 4831 4715 4724 4841 4832 4715 4724 4841 4832 4716 4725 4842 4833 4716 4725 4842 4833 4717 4726 4843 4834 4718 4727 4844 4835 4719 4728 4845 4836 4719 4728 4845 4836 4720 4729 4846 4837 4720 4729 4846 4837 4721 4730 4847 4838 4721 4730 4847 4838 4722 4731 4848 4839 4722 4731 4848 4839 4723 4732 4849 4840 4723 4732 4849 4840 4724 4733 4850 4841 4724 4733 4850 4841 4725 4734 4851 4842 4725 4734 4851 4842 4726 4735 4852 4843 4727 4736 4853 4844 4728 4737 4854 4845 4728 4737 4854 4845 4729 4738 4855 4846 4729 4738 4855 4846 4730 4739 4856 4847 4730 4739 4856 4847 4731 4740 4857 4848 4731 4740 4857 4848 4732 4741 4858 4849 4732 4741 4858 4849 4733 4742 4859 4850 4733 4742 4859 4850 4734 4743 4860 4851 4734 4743 4860 4851 4735 4744 4861 4852 4745 4746 4863 4862 4747 4748 4865 4864 4747 4748 4865 4864 4749 4750 4867 4866 4749 4750 4867 4866 4751 4752 4869 4868 4751 4752 4869 4868 4753 4754 4871 4870 4753 4754 4871 4870 4755 4756 4873 4872 4755 4756 4873 4872 4757 4758 4875 4874 4757 4758 4875 4874 4759 4760 4877 4876 4759 4760 4877 4876 4761 4762 4879 4878 4746 4763 4880 4863 4748 4764 4881 4865 4748 4764 4881 4865 4750 4765 4882 4867 4750 4765 4882 4867 4752 4766 4883 4869 4752 4766 4883 4869 4754 4767 4884 4871 4754 4767 4884 4871 4756 4768 4885 4873 4756 4768 4885 4873 4758 4769 4886 4875 4758 4769 4886 4875 4760 4770 4887 4877 4760 4770 4887 4877 4762 4771 4888 4879 4763 4772 4889 4880 4764 4773 4890 4881 4764 4773 4890 4881 4765 4774 4891 4882 4765 4774 4891 4882 4766 4775 4892 4883 4766 4775 4892 4883 4767 4776 4893 4884 4767 4776 4893 4884 4768 4777 4894 4885 4768 4777 4894 4885 4769 4778 4895 4886 4769 4778 4895 4886 4770 4779 4896 4887 4770 4779 4896 4887 4771 4780 4897 4888 4772 4781 4898 4889 4773 4782 4899 4890 4773 4782 4899 4890 4774 4783 4900 4891 4774 4783 4900 4891 4775 4784 4901 4892 4775 4784 4901 4892 4776 4785 4902 4893 4776 4785 4902 4893 4777 4786 4903 4894 4777 4786 4903 4894 4778 4787 4904 4895 4778 4787 4904 4895 4779 4788 4905 4896 4779 4788 4905 4896 4780 4789 4906 4897 4781 4790 4907 4898 4782 4791 4908 4899 4782 4791 4908 4899 4783 4792 4909 4900 4783 4792 4909 4900 4784 4793 4910 4901 4784 4793 4910 4901 4785 4794 4911 4902 4785 4794 4911 4902 4786 4795 4912 4903 4786 4795 4912 4903 4787 4796 4913 4904 4787 4796 4913 4904 4788 4797 4914 4905 4788 4797 4914 4905 4789 4798 4915 4906 4790 4799 4916 4907 4791 4800 4917 4908 4791 4800 4917 4908 4792 4801 4918 4909 4792 4801 4918 4909 4793 4802 4919 4910 4793 4802 4919 4910 4794 4803 4920 4911 4794 4803 4920 4911 4795 4804 4921 4912 4795 4804 4921 4912 4796 4805 4922 4913 4796 4805 4922 4913 4797 4806 4923 4914 4797 4806 4923 4914 4798 4807 4924 4915 4799 4808 4925 4916 4800 4809 4926 4917 4800 4809 4926 4917 4801 4810 4927 4918 4801 4810 4927 4918 4802 4811 4928 4919 4802 4811 4928 4919 4803 4812 4929 4920 4803 4812 4929 4920 4804 4813 4930 4921 4804 4813 4930 4921 4805 4814 4931 4922 4805 4814 4931 4922 4806 4815 4932 4923 4806 4815 4932 4923 4807 4816 4933 4924 4808 4817 4934 4925 4809 4818 4935 4926 4809 4818 4935 4926 4810 4819 4936 4927 4810 4819 4936 4927 4811 4820 4937 4928 4811 4820 4937 4928 4812 4821 4938 4929 4812 4821 4938 4929 4813 4822 4939 4930 4813 4822 4939 4930 4814 4823 4940 4931 4814 4823 4940 4931 4815 4824 4941 4932 4815 4824 4941 4932 4816 4825 4942 4933 4817 4826 4943 4934 4818 4827 4944 4935 4818 4827 4944 4935 4819 4828 4945 4936 4819 4828 4945 4936 4820 4829 4946 4937 4820 4829 4946 4937 4821 4830 4947 4938 4821 4830 4947 4938 4822 4831 4948 4939 4822 4831 4948 4939 4823 4832 4949 4940 4823 4832 4949 4940 4824 4833 4950 4941 4824 4833 4950 4941 4825 4834 4951 4942 4826 4835 4952 4943 4827 4836 4953 4944 4827 4836 4953 4944 4828 4837 4954 4945 4828 4837 4954 4945 4829 4838 4955 4946 4829 4838 4955 4946 4830 4839 4956 4947 4830 4839 4956 4947 4831 4840 4957 4948 4831 4840 4957 4948 4832 4841 4958 4949 4832 4841 4958 4949 4833 4842 4959 4950 4833 4842 4959 4950 4834 4843 4960 4951 4835 4844 4961 4952 4836 4845 4962 4953 4836 4845 4962 4953 4837 4846 4963 4954 4837 4846 4963 4954 4838 4847 4964 4955 4838 4847 4964 4955 4839 4848 4965 4956 4839 4848 4965 4956 4840 4849 4966 4957 4840 4849 4966 4957 4841 4850 4967 4958 4841 4850 4967 4958 4842 4851 4968 4959 4842 4851 4968 4959 4843 4852 4969 4960 4844 4853 4970 4961 4845 4854 4971 4962 4845 4854 4971 4962 4846 4855 4972 4963 4846 4855 4972 4963 4847 4856 4973 4964 4847 4856 4973 4964 4848 4857 4974 4965 4848 4857 4974 4965 4849 4858 4975 4966 4849 4858 4975 4966 4850 4859 4976 4967 4850 4859 4976 4967 4851 4860 4977 4968 4851 4860 4977 4968 4852 4861 4978 4969 4862 4863 4980 4979 4864 4865 4982 4981 4864 4865 4982 4981 4866 4867 4984 4983 4866 4867 4984 4983 4868 4869 4986 4985 4868 4869 4986 4985 4870 4871 4988 4987 4870 4871 4988 4987 4872 4873 4990 4989 4872 4873 4990 4989 4874 4875 4992 4991 4874 4875 4992 4991 4876 4877 4994 4993 4876 4877 4994 4993 4878 4879 4996 4995 4878 4995 4997 4879 4996 4998 4863 4880 4999 4980 4865 4881 5000 4982 4865 4881 5000 4982 4867 4882 5001 4984 4867 4882 5001 4984 4869 4883 5002 4986 4869 4883 5002 4986 4871 4884 5003 4988 4871 4884 5003 4988 4873 4885 5004 4990 4873 4885 5004 4990 4875 4886 5005 4992 4875 4886 5005 4992 4877 4887 5006 4994 4877 4887 5006 4994 4879 4888 5007 4996 4879 4996 4998 4888 5007 5008 4880 4889 5009 4999 4881 4890 5010 5000 4881 4890 5010 5000 4882 4891 5011 5001 4882 4891 5011 5001 4883 4892 5012 5002 4883 4892 5012 5002 4884 4893 5013 5003 4884 4893 5013 5003 4885 4894 5014 5004 4885 4894 5014 5004 4886 4895 5015 5005 4886 4895 5015 5005 4887 4896 5016 5006 4887 4896 5016 5006 4888 4897 5017 5007 4888 5007 5008 4897 5017 5018 4889 4898 5019 5009 4890 4899 5020 5010 4890 4899 5020 5010 4891 4900 5021 5011 4891 4900 5021 5011 4892 4901 5022 5012 4892 4901 5022 5012 4893 4902 5023 5013 4893 4902 5023 5013 4894 4903 5024 5014 4894 4903 5024 5014 4895 4904 5025 5015 4895 4904 5025 5015 4896 4905 5026 5016 4896 4905 5026 5016 4897 4906 5027 5017 4897 5017 5018 4906 5027 5028 4898 4907 5029 5019 4899 4908 5030 5020 4899 4908 5030 5020 4900 4909 5031 5021 4900 4909 5031 5021 4901 4910 5032 5022 4901 4910 5032 5022 4902 4911 5033 5023 4902 4911 5033 5023 4903 4912 5034 5024 4903 4912 5034 5024 4904 4913 5035 5025 4904 4913 5035 5025 4905 4914 5036 5026 4905 4914 5036 5026 4906 4915 5037 5027 4906 5027 5028 4915 5037 5038 4907 4916 5039 5029 4908 4917 5040 5030 4908 4917 5040 5030 4909 4918 5041 5031 4909 4918 5041 5031 4910 4919 5042 5032 4910 4919 5042 5032 4911 4920 5043 5033 4911 4920 5043 5033 4912 4921 5044 5034 4912 4921 5044 5034 4913 4922 5045 5035 4913 4922 5045 5035 4914 4923 5046 5036 4914 4923 5046 5036 4915 4924 5047 5037 4915 5037 5038 4924 5047 5048 4916 4925 5049 5039 4917 4926 5050 5040 4917 4926 5050 5040 4918 4927 5051 5041 4918 4927 5051 5041 4919 4928 5052 5042 4919 4928 5052 5042 4920 4929 5053 5043 4920 4929 5053 5043 4921 4930 5054 5044 4921 4930 5054 5044 4922 4931 5055 5045 4922 4931 5055 5045 4923 4932 5056 5046 4923 4932 5056 5046 4924 4933 5057 5047 4924 5047 5048 4933 5057 5058 4925 4934 5059 5049 4926 4935 5060 5050 4926 4935 5060 5050 4927 4936 5061 5051 4927 4936 5061 5051 4928 4937 5062 5052 4928 4937 5062 5052 4929 4938 5063 5053 4929 4938 5063 5053 4930 4939 5064 5054 4930 4939 5064 5054 4931 4940 5065 5055 4931 4940 5065 5055 4932 4941 5066 5056 4932 4941 5066 5056 4933 4942 5067 5057 4933 5057 5058 4942 5067 5068 4934 4943 5069 5059 4935 4944 5070 5060 4935 4944 5070 5060 4936 4945 5071 5061 4936 4945 5071 5061 4937 4946 5072 5062 4937 4946 5072 5062 4938 4947 5073 5063 4938 4947 5073 5063 4939 4948 5074 5064 4939 4948 5074 5064 4940 4949 5075 5065 4940 4949 5075 5065 4941 4950 5076 5066 4941 4950 5076 5066 4942 4951 5077 5067 4942 5067 5068 4951 5077 5078 4943 4952 5079 5069 4944 4953 5080 5070 4944 4953 5080 5070 4945 4954 5081 5071 4945 4954 5081 5071 4946 4955 5082 5072 4946 4955 5082 5072 4947 4956 5083 5073 4947 4956 5083 5073 4948 4957 5084 5074 4948 4957 5084 5074 4949 4958 5085 5075 4949 4958 5085 5075 4950 4959 5086 5076 4950 4959 5086 5076 4951 4960 5087 5077 4951 5077 5078 4960 5087 5088 4952 4961 5089 5079 4953 4962 5090 5080 4953 4962 5090 5080 4954 4963 5091 5081 4954 4963 5091 5081 4955 4964 5092 5082 4955 4964 5092 5082 4956 4965 5093 5083 4956 4965 5093 5083 4957 4966 5094 5084 4957 4966 5094 5084 4958 4967 5095 5085 4958 4967 5095 5085 4959 4968 5096 5086 4959 4968 5096 5086 4960 4969 5097 5087 4960 5087 5088 4969 5097 5098 4961 4970 5099 5089 4962 4971 5100 5090 4962 4971 5100 5090 4963 4972 5101 5091 4963 4972 5101 5091 4964 4973 5102 5092 4964 4973 5102 5092 4965 4974 5103 5093 4965 4974 5103 5093 4966 4975 5104 5094 4966 4975 5104 5094 4967 4976 5105 5095 4967 4976 5105 5095 4968 4977 5106 5096 4968 4977 5106 5096 4969 4978 5107 5097 4969 5097 5098 4978 5107 5108 4981 4982 5110 5109 4983 4984 5112 5111 4983 4984 5112 5111 4985 4986 5114 5113 4985 4986 5114 5113 4987 4988 5116 5115 4987 4988 5116 5115 4989 4990 5118 5117 4989 4990 5118 5117 4991 4992 5120 5119 4991 4992 5120 5119 4993 4994 5122 5121 4993 4994 5122 5121 4995 4996 5124 5123 4995 4996 5124 5123 4997 4998 5126 5125 4982 5000 5127 5110 4984 5001 5128 5112 4984 5001 5128 5112 4986 5002 5129 5114 4986 5002 5129 5114 4988 5003 5130 5116 4988 5003 5130 5116 4990 5004 5131 5118 4990 5004 5131 5118 4992 5005 5132 5120 4992 5005 5132 5120 4994 5006 5133 5122 4994 5006 5133 5122 4996 5007 5134 5124 4996 5007 5134 5124 4998 5008 5135 5126 5000 5010 5136 5127 5001 5011 5137 5128 5001 5011 5137 5128 5002 5012 5138 5129 5002 5012 5138 5129 5003 5013 5139 5130 5003 5013 5139 5130 5004 5014 5140 5131 5004 5014 5140 5131 5005 5015 5141 5132 5005 5015 5141 5132 5006 5016 5142 5133 5006 5016 5142 5133 5007 5017 5143 5134 5007 5017 5143 5134 5008 5018 5144 5135 5010 5020 5145 5136 5011 5021 5146 5137 5011 5021 5146 5137 5012 5022 5147 5138 5012 5022 5147 5138 5013 5023 5148 5139 5013 5023 5148 5139 5014 5024 5149 5140 5014 5024 5149 5140 5015 5025 5150 5141 5015 5025 5150 5141 5016 5026 5151 5142 5016 5026 5151 5142 5017 5027 5152 5143 5017 5027 5152 5143 5018 5028 5153 5144 5020 5030 5154 5145 5021 5031 5155 5146 5021 5031 5155 5146 5022 5032 5156 5147 5022 5032 5156 5147 5023 5033 5157 5148 5023 5033 5157 5148 5024 5034 5158 5149 5024 5034 5158 5149 5025 5035 5159 5150 5025 5035 5159 5150 5026 5036 5160 5151 5026 5036 5160 5151 5027 5037 5161 5152 5027 5037 5161 5152 5028 5038 5162 5153 5030 5040 5163 5154 5031 5041 5164 5155 5031 5041 5164 5155 5032 5042 5165 5156 5032 5042 5165 5156 5033 5043 5166 5157 5033 5043 5166 5157 5034 5044 5167 5158 5034 5044 5167 5158 5035 5045 5168 5159 5035 5045 5168 5159 5036 5046 5169 5160 5036 5046 5169 5160 5037 5047 5170 5161 5037 5047 5170 5161 5038 5048 5171 5162 5040 5050 5172 5163 5041 5051 5173 5164 5041 5051 5173 5164 5042 5052 5174 5165 5042 5052 5174 5165 5043 5053 5175 5166 5043 5053 5175 5166 5044 5054 5176 5167 5044 5054 5176 5167 5045 5055 5177 5168 5045 5055 5177 5168 5046 5056 5178 5169 5046 5056 5178 5169 5047 5057 5179 5170 5047 5057 5179 5170 5048 5058 5180 5171 5050 5060 5181 5172 5051 5061 5182 5173 5051 5061 5182 5173 5052 5062 5183 5174 5052 5062 5183 5174 5053 5063 5184 5175 5053 5063 5184 5175 5054 5064 5185 5176 5054 5064 5185 5176 5055 5065 5186 5177 5055 5065 5186 5177 5056 5066 5187 5178 5056 5066 5187 5178 5057 5067 5188 5179 5057 5067 5188 5179 5058 5068 5189 5180 5060 5070 5190 5181 5061 5071 5191 5182 5061 5071 5191 5182 5062 5072 5192 5183 5062 5072 5192 5183 5063 5073 5193 5184 5063 5073 5193 5184 5064 5074 5194 5185 5064 5074 5194 5185 5065 5075 5195 5186 5065 5075 5195 5186 5066 5076 5196 5187 5066 5076 5196 5187 5067 5077 5197 5188 5067 5077 5197 5188 5068 5078 5198 5189 5070 5080 5199 5190 5071 5081 5200 5191 5071 5081 5200 5191 5072 5082 5201 5192 5072 5082 5201 5192 5073 5083 5202 5193 5073 5083 5202 5193 5074 5084 5203 5194 5074 5084 5203 5194 5075 5085 5204 5195 5075 5085 5204 5195 5076 5086 5205 5196 5076 5086 5205 5196 5077 5087 5206 5197 5077 5087 5206 5197 5078 5088 5207 5198 5080 5090 5208 5199 5081 5091 5209 5200 5081 5091 5209 5200 5082 5092 5210 5201 5082 5092 5210 5201 5083 5093 5211 5202 5083 5093 5211 5202 5084 5094 5212 5203 5084 5094 5212 5203 5085 5095 5213 5204 5085 5095 5213 5204 5086 5096 5214 5205 5086 5096 5214 5205 5087 5097 5215 5206 5087 5097 5215 5206 5088 5098 5216 5207 5090 5100 5217 5208 5091 5101 5218 5209 5091 5101 5218 5209 5092 5102 5219 5210 5092 5102 5219 5210 5093 5103 5220 5211 5093 5103 5220 5211 5094 5104 5221 5212 5094 5104 5221 5212 5095 5105 5222 5213 5095 5105 5222 5213 5096 5106 5223 5214 5096 5106 5223 5214 5097 5107 5224 5215 5097 5107 5224 5215 5098 5108 5225 5216 5109 5110 5227 5226 5111 5112 5229 5228 5111 5112 5229 5228 5113 5114 5231 5230 5113 5114 5231 5230 5115 5116 5233 5232 5115 5116 5233 5232 5117 5118 5235 5234 5117 5118 5235 5234 5119 5120 5237 5236 5119 5120 5237 5236 5121 5122 5239 5238 5121 5122 5239 5238 5123 5124 5241 5240 5123 5124 5241 5240 5125 5126 5243 5242 5125 5242 5244 5126 5243 5245 5110 5127 5246 5227 5112 5128 5247 5229 5112 5128 5247 5229 5114 5129 5248 5231 5114 5129 5248 5231 5116 5130 5249 5233 5116 5130 5249 5233 5118 5131 5250 5235 5118 5131 5250 5235 5120 5132 5251 5237 5120 5132 5251 5237 5122 5133 5252 5239 5122 5133 5252 5239 5124 5134 5253 5241 5124 5134 5253 5241 5126 5135 5254 5243 5126 5243 5245 5135 5254 5255 5127 5136 5256 5246 5128 5137 5257 5247 5128 5137 5257 5247 5129 5138 5258 5248 5129 5138 5258 5248 5130 5139 5259 5249 5130 5139 5259 5249 5131 5140 5260 5250 5131 5140 5260 5250 5132 5141 5261 5251 5132 5141 5261 5251 5133 5142 5262 5252 5133 5142 5262 5252 5134 5143 5263 5253 5134 5143 5263 5253 5135 5144 5264 5254 5135 5254 5255 5144 5264 5265 5136 5145 5266 5256 5137 5146 5267 5257 5137 5146 5267 5257 5138 5147 5268 5258 5138 5147 5268 5258 5139 5148 5269 5259 5139 5148 5269 5259 5140 5149 5270 5260 5140 5149 5270 5260 5141 5150 5271 5261 5141 5150 5271 5261 5142 5151 5272 5262 5142 5151 5272 5262 5143 5152 5273 5263 5143 5152 5273 5263 5144 5153 5274 5264 5144 5264 5265 5153 5274 5275 5145 5154 5276 5266 5146 5155 5277 5267 5146 5155 5277 5267 5147 5156 5278 5268 5147 5156 5278 5268 5148 5157 5279 5269 5148 5157 5279 5269 5149 5158 5280 5270 5149 5158 5280 5270 5150 5159 5281 5271 5150 5159 5281 5271 5151 5160 5282 5272 5151 5160 5282 5272 5152 5161 5283 5273 5152 5161 5283 5273 5153 5162 5284 5274 5153 5274 5275 5162 5284 5285 5154 5163 5286 5276 5155 5164 5287 5277 5155 5164 5287 5277 5156 5165 5288 5278 5156 5165 5288 5278 5157 5166 5289 5279 5157 5166 5289 5279 5158 5167 5290 5280 5158 5167 5290 5280 5159 5168 5291 5281 5159 5168 5291 5281 5160 5169 5292 5282 5160 5169 5292 5282 5161 5170 5293 5283 5161 5170 5293 5283 5162 5171 5294 5284 5162 5284 5285 5171 5294 5295 5163 5172 5296 5286 5164 5173 5297 5287 5164 5173 5297 5287 5165 5174 5298 5288 5165 5174 5298 5288 5166 5175 5299 5289 5166 5175 5299 5289 5167 5176 5300 5290 5167 5176 5300 5290 5168 5177 5301 5291 5168 5177 5301 5291 5169 5178 5302 5292 5169 5178 5302 5292 5170 5179 5303 5293 5170 5179 5303 5293 5171 5180 5304 5294 5171 5294 5295 5180 5304 5305 5172 5181 5306 5296 5173 5182 5307 5297 5173 5182 5307 5297 5174 5183 5308 5298 5174 5183 5308 5298 5175 5184 5309 5299 5175 5184 5309 5299 5176 5185 5310 5300 5176 5185 5310 5300 5177 5186 5311 5301 5177 5186 5311 5301 5178 5187 5312 5302 5178 5187 5312 5302 5179 5188 5313 5303 5179 5188 5313 5303 5180 5189 5314 5304 5180 5304 5305 5189 5314 5315 5181 5190 5316 5306 5182 5191 5317 5307 5182 5191 5317 5307 5183 5192 5318 5308 5183 5192 5318 5308 5184 5193 5319 5309 5184 5193 5319 5309 5185 5194 5320 5310 5185 5194 5320 5310 5186 5195 5321 5311 5186 5195 5321 5311 5187 5196 5322 5312 5187 5196 5322 5312 5188 5197 5323 5313 5188 5197 5323 5313 5189 5198 5324 5314 5189 5314 5315 5198 5324 5325 5190 5199 5326 5316 5191 5200 5327 5317 5191 5200 5327 5317 5192 5201 5328 5318 5192 5201 5328 5318 5193 5202 5329 5319 5193 5202 5329 5319 5194 5203 5330 5320 5194 5203 5330 5320 5195 5204 5331 5321 5195 5204 5331 5321 5196 5205 5332 5322 5196 5205 5332 5322 5197 5206 5333 5323 5197 5206 5333 5323 5198 5207 5334 5324 5198 5324 5325 5207 5334 5335 5199 5208 5336 5326 5200 5209 5337 5327 5200 5209 5337 5327 5201 5210 5338 5328 5201 5210 5338 5328 5202 5211 5339 5329 5202 5211 5339 5329 5203 5212 5340 5330 5203 5212 5340 5330 5204 5213 5341 5331 5204 5213 5341 5331 5205 5214 5342 5332 5205 5214 5342 5332 5206 5215 5343 5333 5206 5215 5343 5333 5207 5216 5344 5334 5207 5334 5335 5216 5344 5345 5208 5217 5346 5336 5209 5218 5347 5337 5209 5218 5347 5337 5210 5219 5348 5338 5210 5219 5348 5338 5211 5220 5349 5339 5211 5220 5349 5339 5212 5221 5350 5340 5212 5221 5350 5340 5213 5222 5351 5341 5213 5222 5351 5341 5214 5223 5352 5342 5214 5223 5352 5342 5215 5224 5353 5343 5215 5224 5353 5343 5216 5225 5354 5344 5216 5344 5345 5225 5354 5355 5226 5227 5357 5356 5228 5229 5359 5358 5228 5229 5359 5358 5230 5231 5361 5360 5230 5231 5361 5360 5232 5233 5363 5362 5232 5233 5363 5362 5234 5235 5365 5364 5234 5235 5365 5364 5236 5237 5367 5366 5236 5237 5367 5366 5238 5239 5369 5368 5238 5239 5369 5368 5240 5241 5371 5370 5240 5241 5371 5370 5242 5243 5373 5372 5242 5243 5373 5372 5244 5245 5375 5374 5227 5246 5376 5357 5229 5247 5377 5359 5229 5247 5377 5359 5231 5248 5378 5361 5231 5248 5378 5361 5233 5249 5379 5363 5233 5249 5379 5363 5235 5250 5380 5365 5235 5250 5380 5365 5237 5251 5381 5367 5237 5251 5381 5367 5239 5252 5382 5369 5239 5252 5382 5369 5241 5253 5383 5371 5241 5253 5383 5371 5243 5254 5384 5373 5243 5254 5384 5373 5245 5255 5385 5375 5246 5256 5386 5376 5247 5257 5387 5377 5247 5257 5387 5377 5248 5258 5388 5378 5248 5258 5388 5378 5249 5259 5389 5379 5249 5259 5389 5379 5250 5260 5390 5380 5250 5260 5390 5380 5251 5261 5391 5381 5251 5261 5391 5381 5252 5262 5392 5382 5252 5262 5392 5382 5253 5263 5393 5383 5253 5263 5393 5383 5254 5264 5394 5384 5254 5264 5394 5384 5255 5265 5395 5385 5256 5266 5396 5386 5257 5267 5397 5387 5257 5267 5397 5387 5258 5268 5398 5388 5258 5268 5398 5388 5259 5269 5399 5389 5259 5269 5399 5389 5260 5270 5400 5390 5260 5270 5400 5390 5261 5271 5401 5391 5261 5271 5401 5391 5262 5272 5402 5392 5262 5272 5402 5392 5263 5273 5403 5393 5263 5273 5403 5393 5264 5274 5404 5394 5264 5274 5404 5394 5265 5275 5405 5395 5266 5276 5406 5396 5267 5277 5407 5397 5267 5277 5407 5397 5268 5278 5408 5398 5268 5278 5408 5398 5269 5279 5409 5399 5269 5279 5409 5399 5270 5280 5410 5400 5270 5280 5410 5400 5271 5281 5411 5401 5271 5281 5411 5401 5272 5282 5412 5402 5272 5282 5412 5402 5273 5283 5413 5403 5273 5283 5413 5403 5274 5284 5414 5404 5274 5284 5414 5404 5275 5285 5415 5405 5276 5286 5416 5406 5277 5287 5417 5407 5277 5287 5417 5407 5278 5288 5418 5408 5278 5288 5418 5408 5279 5289 5419 5409 5279 5289 5419 5409 5280 5290 5420 5410 5280 5290 5420 5410 5281 5291 5421 5411 5281 5291 5421 5411 5282 5292 5422 5412 5282 5292 5422 5412 5283 5293 5423 5413 5283 5293 5423 5413 5284 5294 5424 5414 5284 5294 5424 5414 5285 5295 5425 5415 5286 5296 5426 5416 5287 5297 5427 5417 5287 5297 5427 5417 5288 5298 5428 5418 5288 5298 5428 5418 5289 5299 5429 5419 5289 5299 5429 5419 5290 5300 5430 5420 5290 5300 5430 5420 5291 5301 5431 5421 5291 5301 5431 5421 5292 5302 5432 5422 5292 5302 5432 5422 5293 5303 5433 5423 5293 5303 5433 5423 5294 5304 5434 5424 5294 5304 5434 5424 5295 5305 5435 5425 5296 5306 5436 5426 5297 5307 5437 5427 5297 5307 5437 5427 5298 5308 5438 5428 5298 5308 5438 5428 5299 5309 5439 5429 5299 5309 5439 5429 5300 5310 5440 5430 5300 5310 5440 5430 5301 5311 5441 5431 5301 5311 5441 5431 5302 5312 5442 5432 5302 5312 5442 5432 5303 5313 5443 5433 5303 5313 5443 5433 5304 5314 5444 5434 5304 5314 5444 5434 5305 5315 5445 5435 5306 5316 5446 5436 5307 5317 5447 5437 5307 5317 5447 5437 5308 5318 5448 5438 5308 5318 5448 5438 5309 5319 5449 5439 5309 5319 5449 5439 5310 5320 5450 5440 5310 5320 5450 5440 5311 5321 5451 5441 5311 5321 5451 5441 5312 5322 5452 5442 5312 5322 5452 5442 5313 5323 5453 5443 5313 5323 5453 5443 5314 5324 5454 5444 5314 5324 5454 5444 5315 5325 5455 5445 5316 5326 5456 5446 5317 5327 5457 5447 5317 5327 5457 5447 5318 5328 5458 5448 5318 5328 5458 5448 5319 5329 5459 5449 5319 5329 5459 5449 5320 5330 5460 5450 5320 5330 5460 5450 5321 5331 5461 5451 5321 5331 5461 5451 5322 5332 5462 5452 5322 5332 5462 5452 5323 5333 5463 5453 5323 5333 5463 5453 5324 5334 5464 5454 5324 5334 5464 5454 5325 5335 5465 5455 5326 5336 5466 5456 5327 5337 5467 5457 5327 5337 5467 5457 5328 5338 5468 5458 5328 5338 5468 5458 5329 5339 5469 5459 5329 5339 5469 5459 5330 5340 5470 5460 5330 5340 5470 5460 5331 5341 5471 5461 5331 5341 5471 5461 5332 5342 5472 5462 5332 5342 5472 5462 5333 5343 5473 5463 5333 5343 5473 5463 5334 5344 5474 5464 5334 5344 5474 5464 5335 5345 5475 5465 5336 5346 5476 5466 5337 5347 5477 5467 5337 5347 5477 5467 5338 5348 5478 5468 5338 5348 5478 5468 5339 5349 5479 5469 5339 5349 5479 5469 5340 5350 5480 5470 5340 5350 5480 5470 5341 5351 5481 5471 5341 5351 5481 5471 5342 5352 5482 5472 5342 5352 5482 5472 5343 5353 5483 5473 5343 5353 5483 5473 5344 5354 5484 5474 5344 5354 5484 5474 5345 5355 5485 5475 5358 5359 5487 5486 5360 5361 5489 5488 5360 5361 5489 5488 5362 5363 5491 5490 5362 5363 5491 5490 5364 5365 5493 5492 5364 5365 5493 5492 5366 5367 5495 5494 5366 5367 5495 5494 5368 5369 5497 5496 5368 5369 5497 5496 5370 5371 5499 5498 5370 5371 5499 5498 5372 5373 5501 5500 5372 5373 5501 5500 5374 5375 5503 5502 5359 5377 5504 5487 5361 5378 5505 5489 5361 5378 5505 5489 5363 5379 5506 5491 5363 5379 5506 5491 5365 5380 5507 5493 5365 5380 5507 5493 5367 5381 5508 5495 5367 5381 5508 5495 5369 5382 5509 5497 5369 5382 5509 5497 5371 5383 5510 5499 5371 5383 5510 5499 5373 5384 5511 5501 5373 5384 5511 5501 5375 5385 5512 5503 5377 5387 5513 5504 5378 5388 5514 5505 5378 5388 5514 5505 5379 5389 5515 5506 5379 5389 5515 5506 5380 5390 5516 5507 5380 5390 5516 5507 5381 5391 5517 5508 5381 5391 5517 5508 5382 5392 5518 5509 5382 5392 5518 5509 5383 5393 5519 5510 5383 5393 5519 5510 5384 5394 5520 5511 5384 5394 5520 5511 5385 5395 5521 5512 5387 5397 5522 5513 5388 5398 5523 5514 5388 5398 5523 5514 5389 5399 5524 5515 5389 5399 5524 5515 5390 5400 5525 5516 5390 5400 5525 5516 5391 5401 5526 5517 5391 5401 5526 5517 5392 5402 5527 5518 5392 5402 5527 5518 5393 5403 5528 5519 5393 5403 5528 5519 5394 5404 5529 5520 5394 5404 5529 5520 5395 5405 5530 5521 5397 5407 5531 5522 5398 5408 5532 5523 5398 5408 5532 5523 5399 5409 5533 5524 5399 5409 5533 5524 5400 5410 5534 5525 5400 5410 5534 5525 5401 5411 5535 5526 5401 5411 5535 5526 5402 5412 5536 5527 5402 5412 5536 5527 5403 5413 5537 5528 5403 5413 5537 5528 5404 5414 5538 5529 5404 5414 5538 5529 5405 5415 5539 5530 5407 5417 5540 5531 5408 5418 5541 5532 5408 5418 5541 5532 5409 5419 5542 5533 5409 5419 5542 5533 5410 5420 5543 5534 5410 5420 5543 5534 5411 5421 5544 5535 5411 5421 5544 5535 5412 5422 5545 5536 5412 5422 5545 5536 5413 5423 5546 5537 5413 5423 5546 5537 5414 5424 5547 5538 5414 5424 5547 5538 5415 5425 5548 5539 5417 5427 5549 5540 5418 5428 5550 5541 5418 5428 5550 5541 5419 5429 5551 5542 5419 5429 5551 5542 5420 5430 5552 5543 5420 5430 5552 5543 5421 5431 5553 5544 5421 5431 5553 5544 5422 5432 5554 5545 5422 5432 5554 5545 5423 5433 5555 5546 5423 5433 5555 5546 5424 5434 5556 5547 5424 5434 5556 5547 5425 5435 5557 5548 5427 5437 5558 5549 5428 5438 5559 5550 5428 5438 5559 5550 5429 5439 5560 5551 5429 5439 5560 5551 5430 5440 5561 5552 5430 5440 5561 5552 5431 5441 5562 5553 5431 5441 5562 5553 5432 5442 5563 5554 5432 5442 5563 5554 5433 5443 5564 5555 5433 5443 5564 5555 5434 5444 5565 5556 5434 5444 5565 5556 5435 5445 5566 5557 5437 5447 5567 5558 5438 5448 5568 5559 5438 5448 5568 5559 5439 5449 5569 5560 5439 5449 5569 5560 5440 5450 5570 5561 5440 5450 5570 5561 5441 5451 5571 5562 5441 5451 5571 5562 5442 5452 5572 5563 5442 5452 5572 5563 5443 5453 5573 5564 5443 5453 5573 5564 5444 5454 5574 5565 5444 5454 5574 5565 5445 5455 5575 5566 5447 5457 5576 5567 5448 5458 5577 5568 5448 5458 5577 5568 5449 5459 5578 5569 5449 5459 5578 5569 5450 5460 5579 5570 5450 5460 5579 5570 5451 5461 5580 5571 5451 5461 5580 5571 5452 5462 5581 5572 5452 5462 5581 5572 5453 5463 5582 5573 5453 5463 5582 5573 5454 5464 5583 5574 5454 5464 5583 5574 5455 5465 5584 5575 5457 5467 5585 5576 5458 5468 5586 5577 5458 5468 5586 5577 5459 5469 5587 5578 5459 5469 5587 5578 5460 5470 5588 5579 5460 5470 5588 5579 5461 5471 5589 5580 5461 5471 5589 5580 5462 5472 5590 5581 5462 5472 5590 5581 5463 5473 5591 5582 5463 5473 5591 5582 5464 5474 5592 5583 5464 5474 5592 5583 5465 5475 5593 5584 5467 5477 5594 5585 5468 5478 5595 5586 5468 5478 5595 5586 5469 5479 5596 5587 5469 5479 5596 5587 5470 5480 5597 5588 5470 5480 5597 5588 5471 5481 5598 5589 5471 5481 5598 5589 5472 5482 5599 5590 5472 5482 5599 5590 5473 5483 5600 5591 5473 5483 5600 5591 5474 5484 5601 5592 5474 5484 5601 5592 5475 5485 5602 5593 5486 5487 5604 5603 5488 5489 5606 5605 5488 5489 5606 5605 5490 5491 5608 5607 5490 5491 5608 5607 5492 5493 5610 5609 5492 5493 5610 5609 5494 5495 5612 5611 5494 5495 5612 5611 5496 5497 5614 5613 5496 5497 5614 5613 5498 5499 5616 5615 5498 5499 5616 5615 5500 5501 5618 5617 5500 5501 5618 5617 5502 5503 5620 5619 5502 5619 5621 5503 5620 5622 5487 5504 5623 5604 5489 5505 5624 5606 5489 5505 5624 5606 5491 5506 5625 5608 5491 5506 5625 5608 5493 5507 5626 5610 5493 5507 5626 5610 5495 5508 5627 5612 5495 5508 5627 5612 5497 5509 5628 5614 5497 5509 5628 5614 5499 5510 5629 5616 5499 5510 5629 5616 5501 5511 5630 5618 5501 5511 5630 5618 5503 5512 5631 5620 5503 5620 5622 5512 5631 5632 5504 5513 5633 5623 5505 5514 5634 5624 5505 5514 5634 5624 5506 5515 5635 5625 5506 5515 5635 5625 5507 5516 5636 5626 5507 5516 5636 5626 5508 5517 5637 5627 5508 5517 5637 5627 5509 5518 5638 5628 5509 5518 5638 5628 5510 5519 5639 5629 5510 5519 5639 5629 5511 5520 5640 5630 5511 5520 5640 5630 5512 5521 5641 5631 5512 5631 5632 5521 5641 5642 5513 5522 5643 5633 5514 5523 5644 5634 5514 5523 5644 5634 5515 5524 5645 5635 5515 5524 5645 5635 5516 5525 5646 5636 5516 5525 5646 5636 5517 5526 5647 5637 5517 5526 5647 5637 5518 5527 5648 5638 5518 5527 5648 5638 5519 5528 5649 5639 5519 5528 5649 5639 5520 5529 5650 5640 5520 5529 5650 5640 5521 5530 5651 5641 5521 5641 5642 5530 5651 5652 5522 5531 5653 5643 5523 5532 5654 5644 5523 5532 5654 5644 5524 5533 5655 5645 5524 5533 5655 5645 5525 5534 5656 5646 5525 5534 5656 5646 5526 5535 5657 5647 5526 5535 5657 5647 5527 5536 5658 5648 5527 5536 5658 5648 5528 5537 5659 5649 5528 5537 5659 5649 5529 5538 5660 5650 5529 5538 5660 5650 5530 5539 5661 5651 5530 5651 5652 5539 5661 5662 5531 5540 5663 5653 5532 5541 5664 5654 5532 5541 5664 5654 5533 5542 5665 5655 5533 5542 5665 5655 5534 5543 5666 5656 5534 5543 5666 5656 5535 5544 5667 5657 5535 5544 5667 5657 5536 5545 5668 5658 5536 5545 5668 5658 5537 5546 5669 5659 5537 5546 5669 5659 5538 5547 5670 5660 5538 5547 5670 5660 5539 5548 5671 5661 5539 5661 5662 5548 5671 5672 5540 5549 5673 5663 5541 5550 5674 5664 5541 5550 5674 5664 5542 5551 5675 5665 5542 5551 5675 5665 5543 5552 5676 5666 5543 5552 5676 5666 5544 5553 5677 5667 5544 5553 5677 5667 5545 5554 5678 5668 5545 5554 5678 5668 5546 5555 5679 5669 5546 5555 5679 5669 5547 5556 5680 5670 5547 5556 5680 5670 5548 5557 5681 5671 5548 5671 5672 5557 5681 5682 5549 5558 5683 5673 5550 5559 5684 5674 5550 5559 5684 5674 5551 5560 5685 5675 5551 5560 5685 5675 5552 5561 5686 5676 5552 5561 5686 5676 5553 5562 5687 5677 5553 5562 5687 5677 5554 5563 5688 5678 5554 5563 5688 5678 5555 5564 5689 5679 5555 5564 5689 5679 5556 5565 5690 5680 5556 5565 5690 5680 5557 5566 5691 5681 5557 5681 5682 5566 5691 5692 5558 5567 5693 5683 5559 5568 5694 5684 5559 5568 5694 5684 5560 5569 5695 5685 5560 5569 5695 5685 5561 5570 5696 5686 5561 5570 5696 5686 5562 5571 5697 5687 5562 5571 5697 5687 5563 5572 5698 5688 5563 5572 5698 5688 5564 5573 5699 5689 5564 5573 5699 5689 5565 5574 5700 5690 5565 5574 5700 5690 5566 5575 5701 5691 5566 5691 5692 5575 5701 5702 5567 5576 5703 5693 5568 5577 5704 5694 5568 5577 5704 5694 5569 5578 5705 5695 5569 5578 5705 5695 5570 5579 5706 5696 5570 5579 5706 5696 5571 5580 5707 5697 5571 5580 5707 5697 5572 5581 5708 5698 5572 5581 5708 5698 5573 5582 5709 5699 5573 5582 5709 5699 5574 5583 5710 5700 5574 5583 5710 5700 5575 5584 5711 5701 5575 5701 5702 5584 5711 5712 5576 5585 5713 5703 5577 5586 5714 5704 5577 5586 5714 5704 5578 5587 5715 5705 5578 5587 5715 5705 5579 5588 5716 5706 5579 5588 5716 5706 5580 5589 5717 5707 5580 5589 5717 5707 5581 5590 5718 5708 5581 5590 5718 5708 5582 5591 5719 5709 5582 5591 5719 5709 5583 5592 5720 5710 5583 5592 5720 5710 5584 5593 5721 5711 5584 5711 5712 5593 5721 5722 5585 5594 5723 5713 5586 5595 5724 5714 5586 5595 5724 5714 5587 5596 5725 5715 5587 5596 5725 5715 5588 5597 5726 5716 5588 5597 5726 5716 5589 5598 5727 5717 5589 5598 5727 5717 5590 5599 5728 5718 5590 5599 5728 5718 5591 5600 5729 5719 5591 5600 5729 5719 5592 5601 5730 5720 5592 5601 5730 5720 5593 5602 5731 5721 5593 5721 5722 5602 5731 5732 5603 5604 5734 5733 5605 5606 5736 5735 5605 5606 5736 5735 5607 5608 5738 5737 5607 5608 5738 5737 5609 5610 5740 5739 5609 5610 5740 5739 5611 5612 5742 5741 5611 5612 5742 5741 5613 5614 5744 5743 5613 5614 5744 5743 5615 5616 5746 5745 5615 5616 5746 5745 5617 5618 5748 5747 5617 5618 5748 5747 5619 5620 5750 5749 5619 5620 5750 5749 5621 5622 5752 5751 5604 5623 5753 5734 5606 5624 5754 5736 5606 5624 5754 5736 5608 5625 5755 5738 5608 5625 5755 5738 5610 5626 5756 5740 5610 5626 5756 5740 5612 5627 5757 5742 5612 5627 5757 5742 5614 5628 5758 5744 5614 5628 5758 5744 5616 5629 5759 5746 5616 5629 5759 5746 5618 5630 5760 5748 5618 5630 5760 5748 5620 5631 5761 5750 5620 5631 5761 5750 5622 5632 5762 5752 5623 5633 5763 5753 5624 5634 5764 5754 5624 5634 5764 5754 5625 5635 5765 5755 5625 5635 5765 5755 5626 5636 5766 5756 5626 5636 5766 5756 5627 5637 5767 5757 5627 5637 5767 5757 5628 5638 5768 5758 5628 5638 5768 5758 5629 5639 5769 5759 5629 5639 5769 5759 5630 5640 5770 5760 5630 5640 5770 5760 5631 5641 5771 5761 5631 5641 5771 5761 5632 5642 5772 5762 5633 5643 5773 5763 5634 5644 5774 5764 5634 5644 5774 5764 5635 5645 5775 5765 5635 5645 5775 5765 5636 5646 5776 5766 5636 5646 5776 5766 5637 5647 5777 5767 5637 5647 5777 5767 5638 5648 5778 5768 5638 5648 5778 5768 5639 5649 5779 5769 5639 5649 5779 5769 5640 5650 5780 5770 5640 5650 5780 5770 5641 5651 5781 5771 5641 5651 5781 5771 5642 5652 5782 5772 5643 5653 5783 5773 5644 5654 5784 5774 5644 5654 5784 5774 5645 5655 5785 5775 5645 5655 5785 5775 5646 5656 5786 5776 5646 5656 5786 5776 5647 5657 5787 5777 5647 5657 5787 5777 5648 5658 5788 5778 5648 5658 5788 5778 5649 5659 5789 5779 5649 5659 5789 5779 5650 5660 5790 5780 5650 5660 5790 5780 5651 5661 5791 5781 5651 5661 5791 5781 5652 5662 5792 5782 5653 5663 5793 5783 5654 5664 5794 5784 5654 5664 5794 5784 5655 5665 5795 5785 5655 5665 5795 5785 5656 5666 5796 5786 5656 5666 5796 5786 5657 5667 5797 5787 5657 5667 5797 5787 5658 5668 5798 5788 5658 5668 5798 5788 5659 5669 5799 5789 5659 5669 5799 5789 5660 5670 5800 5790 5660 5670 5800 5790 5661 5671 5801 5791 5661 5671 5801 5791 5662 5672 5802 5792 5663 5673 5803 5793 5664 5674 5804 5794 5664 5674 5804 5794 5665 5675 5805 5795 5665 5675 5805 5795 5666 5676 5806 5796 5666 5676 5806 5796 5667 5677 5807 5797 5667 5677 5807 5797 5668 5678 5808 5798 5668 5678 5808 5798 5669 5679 5809 5799 5669 5679 5809 5799 5670 5680 5810 5800 5670 5680 5810 5800 5671 5681 5811 5801 5671 5681 5811 5801 5672 5682 5812 5802 5673 5683 5813 5803 5674 5684 5814 5804 5674 5684 5814 5804 5675 5685 5815 5805 5675 5685 5815 5805 5676 5686 5816 5806 5676 5686 5816 5806 5677 5687 5817 5807 5677 5687 5817 5807 5678 5688 5818 5808 5678 5688 5818 5808 5679 5689 5819 5809 5679 5689 5819 5809 5680 5690 5820 5810 5680 5690 5820 5810 5681 5691 5821 5811 5681 5691 5821 5811 5682 5692 5822 5812 5683 5693 5823 5813 5684 5694 5824 5814 5684 5694 5824 5814 5685 5695 5825 5815 5685 5695 5825 5815 5686 5696 5826 5816 5686 5696 5826 5816 5687 5697 5827 5817 5687 5697 5827 5817 5688 5698 5828 5818 5688 5698 5828 5818 5689 5699 5829 5819 5689 5699 5829 5819 5690 5700 5830 5820 5690 5700 5830 5820 5691 5701 5831 5821 5691 5701 5831 5821 5692 5702 5832 5822 5693 5703 5833 5823 5694 5704 5834 5824 5694 5704 5834 5824 5695 5705 5835 5825 5695 5705 5835 5825 5696 5706 5836 5826 5696 5706 5836 5826 5697 5707 5837 5827 5697 5707 5837 5827 5698 5708 5838 5828 5698 5708 5838 5828 5699 5709 5839 5829 5699 5709 5839 5829 5700 5710 5840 5830 5700 5710 5840 5830 5701 5711 5841 5831 5701 5711 5841 5831 5702 5712 5842 5832 5703 5713 5843 5833 5704 5714 5844 5834 5704 5714 5844 5834 5705 5715 5845 5835 5705 5715 5845 5835 5706 5716 5846 5836 5706 5716 5846 5836 5707 5717 5847 5837 5707 5717 5847 5837 5708 5718 5848 5838 5708 5718 5848 5838 5709 5719 5849 5839 5709 5719 5849 5839 5710 5720 5850 5840 5710 5720 5850 5840 5711 5721 5851 5841 5711 5721 5851 5841 5712 5722 5852 5842 5713 5723 5853 5843 5714 5724 5854 5844 5714 5724 5854 5844 5715 5725 5855 5845 5715 5725 5855 5845 5716 5726 5856 5846 5716 5726 5856 5846 5717 5727 5857 5847 5717 5727 5857 5847 5718 5728 5858 5848 5718 5728 5858 5848 5719 5729 5859 5849 5719 5729 5859 5849 5720 5730 5860 5850 5720 5730 5860 5850 5721 5731 5861 5851 5721 5731 5861 5851 5722 5732 5862 5852 5735 5736 5864 5863 5737 5738 5866 5865 5737 5738 5866 5865 5739 5740 5868 5867 5739 5740 5868 5867 5741 5742 5870 5869 5741 5742 5870 5869 5743 5744 5872 5871 5743 5744 5872 5871 5745 5746 5874 5873 5745 5746 5874 5873 5747 5748 5876 5875 5747 5748 5876 5875 5749 5750 5878 5877 5749 5750 5878 5877 5751 5752 5880 5879 5736 5754 5881 5864 5738 5755 5882 5866 5738 5755 5882 5866 5740 5756 5883 5868 5740 5756 5883 5868 5742 5757 5884 5870 5742 5757 5884 5870 5744 5758 5885 5872 5744 5758 5885 5872 5746 5759 5886 5874 5746 5759 5886 5874 5748 5760 5887 5876 5748 5760 5887 5876 5750 5761 5888 5878 5750 5761 5888 5878 5752 5762 5889 5880 5754 5764 5890 5881 5755 5765 5891 5882 5755 5765 5891 5882 5756 5766 5892 5883 5756 5766 5892 5883 5757 5767 5893 5884 5757 5767 5893 5884 5758 5768 5894 5885 5758 5768 5894 5885 5759 5769 5895 5886 5759 5769 5895 5886 5760 5770 5896 5887 5760 5770 5896 5887 5761 5771 5897 5888 5761 5771 5897 5888 5762 5772 5898 5889 5764 5774 5899 5890 5765 5775 5900 5891 5765 5775 5900 5891 5766 5776 5901 5892 5766 5776 5901 5892 5767 5777 5902 5893 5767 5777 5902 5893 5768 5778 5903 5894 5768 5778 5903 5894 5769 5779 5904 5895 5769 5779 5904 5895 5770 5780 5905 5896 5770 5780 5905 5896 5771 5781 5906 5897 5771 5781 5906 5897 5772 5782 5907 5898 5774 5784 5908 5899 5775 5785 5909 5900 5775 5785 5909 5900 5776 5786 5910 5901 5776 5786 5910 5901 5777 5787 5911 5902 5777 5787 5911 5902 5778 5788 5912 5903 5778 5788 5912 5903 5779 5789 5913 5904 5779 5789 5913 5904 5780 5790 5914 5905 5780 5790 5914 5905 5781 5791 5915 5906 5781 5791 5915 5906 5782 5792 5916 5907 5784 5794 5917 5908 5785 5795 5918 5909 5785 5795 5918 5909 5786 5796 5919 5910 5786 5796 5919 5910 5787 5797 5920 5911 5787 5797 5920 5911 5788 5798 5921 5912 5788 5798 5921 5912 5789 5799 5922 5913 5789 5799 5922 5913 5790 5800 5923 5914 5790 5800 5923 5914 5791 5801 5924 5915 5791 5801 5924 5915 5792 5802 5925 5916 5794 5804 5926 5917 5795 5805 5927 5918 5795 5805 5927 5918 5796 5806 5928 5919 5796 5806 5928 5919 5797 5807 5929 5920 5797 5807 5929 5920 5798 5808 5930 5921 5798 5808 5930 5921 5799 5809 5931 5922 5799 5809 5931 5922 5800 5810 5932 5923 5800 5810 5932 5923 5801 5811 5933 5924 5801 5811 5933 5924 5802 5812 5934 5925 5804 5814 5935 5926 5805 5815 5936 5927 5805 5815 5936 5927 5806 5816 5937 5928 5806 5816 5937 5928 5807 5817 5938 5929 5807 5817 5938 5929 5808 5818 5939 5930 5808 5818 5939 5930 5809 5819 5940 5931 5809 5819 5940 5931 5810 5820 5941 5932 5810 5820 5941 5932 5811 5821 5942 5933 5811 5821 5942 5933 5812 5822 5943 5934 5814 5824 5944 5935 5815 5825 5945 5936 5815 5825 5945 5936 5816 5826 5946 5937 5816 5826 5946 5937 5817 5827 5947 5938 5817 5827 5947 5938 5818 5828 5948 5939 5818 5828 5948 5939 5819 5829 5949 5940 5819 5829 5949 5940 5820 5830 5950 5941 5820 5830 5950 5941 5821 5831 5951 5942 5821 5831 5951 5942 5822 5832 5952 5943 5824 5834 5953 5944 5825 5835 5954 5945 5825 5835 5954 5945 5826 5836 5955 5946 5826 5836 5955 5946 5827 5837 5956 5947 5827 5837 5956 5947 5828 5838 5957 5948 5828 5838 5957 5948 5829 5839 5958 5949 5829 5839 5958 5949 5830 5840 5959 5950 5830 5840 5959 5950 5831 5841 5960 5951 5831 5841 5960 5951 5832 5842 5961 5952 5834 5844 5962 5953 5835 5845 5963 5954 5835 5845 5963 5954 5836 5846 5964 5955 5836 5846 5964 5955 5837 5847 5965 5956 5837 5847 5965 5956 5838 5848 5966 5957 5838 5848 5966 5957 5839 5849 5967 5958 5839 5849 5967 5958 5840 5850 5968 5959 5840 5850 5968 5959 5841 5851 5969 5960 5841 5851 5969 5960 5842 5852 5970 5961 5844 5854 5971 5962 5845 5855 5972 5963 5845 5855 5972 5963 5846 5856 5973 5964 5846 5856 5973 5964 5847 5857 5974 5965 5847 5857 5974 5965 5848 5858 5975 5966 5848 5858 5975 5966 5849 5859 5976 5967 5849 5859 5976 5967 5850 5860 5977 5968 5850 5860 5977 5968 5851 5861 5978 5969 5851 5861 5978 5969 5852 5862 5979 5970 5863 5864 5981 5980 5865 5866 5983 5982 5865 5866 5983 5982 5867 5868 5985 5984 5867 5868 5985 5984 5869 5870 5987 5986 5869 5870 5987 5986 5871 5872 5989 5988 5871 5872 5989 5988 5873 5874 5991 5990 5873 5874 5991 5990 5875 5876 5993 5992 5875 5876 5993 5992 5877 5878 5995 5994 5877 5878 5995 5994 5879 5880 5997 5996 5879 5996 5998 5880 5997 5999 5864 5881 6000 5981 5866 5882 6001 5983 5866 5882 6001 5983 5868 5883 6002 5985 5868 5883 6002 5985 5870 5884 6003 5987 5870 5884 6003 5987 5872 5885 6004 5989 5872 5885 6004 5989 5874 5886 6005 5991 5874 5886 6005 5991 5876 5887 6006 5993 5876 5887 6006 5993 5878 5888 6007 5995 5878 5888 6007 5995 5880 5889 6008 5997 5880 5997 5999 5889 6008 6009 5881 5890 6010 6000 5882 5891 6011 6001 5882 5891 6011 6001 5883 5892 6012 6002 5883 5892 6012 6002 5884 5893 6013 6003 5884 5893 6013 6003 5885 5894 6014 6004 5885 5894 6014 6004 5886 5895 6015 6005 5886 5895 6015 6005 5887 5896 6016 6006 5887 5896 6016 6006 5888 5897 6017 6007 5888 5897 6017 6007 5889 5898 6018 6008 5889 6008 6009 5898 6018 6019 5890 5899 6020 6010 5891 5900 6021 6011 5891 5900 6021 6011 5892 5901 6022 6012 5892 5901 6022 6012 5893 5902 6023 6013 5893 5902 6023 6013 5894 5903 6024 6014 5894 5903 6024 6014 5895 5904 6025 6015 5895 5904 6025 6015 5896 5905 6026 6016 5896 5905 6026 6016 5897 5906 6027 6017 5897 5906 6027 6017 5898 5907 6028 6018 5898 6018 6019 5907 6028 6029 5899 5908 6030 6020 5900 5909 6031 6021 5900 5909 6031 6021 5901 5910 6032 6022 5901 5910 6032 6022 5902 5911 6033 6023 5902 5911 6033 6023 5903 5912 6034 6024 5903 5912 6034 6024 5904 5913 6035 6025 5904 5913 6035 6025 5905 5914 6036 6026 5905 5914 6036 6026 5906 5915 6037 6027 5906 5915 6037 6027 5907 5916 6038 6028 5907 6028 6029 5916 6038 6039 5908 5917 6040 6030 5909 5918 6041 6031 5909 5918 6041 6031 5910 5919 6042 6032 5910 5919 6042 6032 5911 5920 6043 6033 5911 5920 6043 6033 5912 5921 6044 6034 5912 5921 6044 6034 5913 5922 6045 6035 5913 5922 6045 6035 5914 5923 6046 6036 5914 5923 6046 6036 5915 5924 6047 6037 5915 5924 6047 6037 5916 5925 6048 6038 5916 6038 6039 5925 6048 6049 5917 5926 6050 6040 5918 5927 6051 6041 5918 5927 6051 6041 5919 5928 6052 6042 5919 5928 6052 6042 5920 5929 6053 6043 5920 5929 6053 6043 5921 5930 6054 6044 5921 5930 6054 6044 5922 5931 6055 6045 5922 5931 6055 6045 5923 5932 6056 6046 5923 5932 6056 6046 5924 5933 6057 6047 5924 5933 6057 6047 5925 5934 6058 6048 5925 6048 6049 5934 6058 6059 5926 5935 6060 6050 5927 5936 6061 6051 5927 5936 6061 6051 5928 5937 6062 6052 5928 5937 6062 6052 5929 5938 6063 6053 5929 5938 6063 6053 5930 5939 6064 6054 5930 5939 6064 6054 5931 5940 6065 6055 5931 5940 6065 6055 5932 5941 6066 6056 5932 5941 6066 6056 5933 5942 6067 6057 5933 5942 6067 6057 5934 5943 6068 6058 5934 6058 6059 5943 6068 6069 5935 5944 6070 6060 5936 5945 6071 6061 5936 5945 6071 6061 5937 5946 6072 6062 5937 5946 6072 6062 5938 5947 6073 6063 5938 5947 6073 6063 5939 5948 6074 6064 5939 5948 6074 6064 5940 5949 6075 6065 5940 5949 6075 6065 5941 5950 6076 6066 5941 5950 6076 6066 5942 5951 6077 6067 5942 5951 6077 6067 5943 5952 6078 6068 5943 6068 6069 5952 6078 6079 5944 5953 6080 6070 5945 5954 6081 6071 5945 5954 6081 6071 5946 5955 6082 6072 5946 5955 6082 6072 5947 5956 6083 6073 5947 5956 6083 6073 5948 5957 6084 6074 5948 5957 6084 6074 5949 5958 6085 6075 5949 5958 6085 6075 5950 5959 6086 6076 5950 5959 6086 6076 5951 5960 6087 6077 5951 5960 6087 6077 5952 5961 6088 6078 5952 6078 6079 5961 6088 6089 5953 5962 6090 6080 5954 5963 6091 6081 5954 5963 6091 6081 5955 5964 6092 6082 5955 5964 6092 6082 5956 5965 6093 6083 5956 5965 6093 6083 5957 5966 6094 6084 5957 5966 6094 6084 5958 5967 6095 6085 5958 5967 6095 6085 5959 5968 6096 6086 5959 5968 6096 6086 5960 5969 6097 6087 5960 5969 6097 6087 5961 5970 6098 6088 5961 6088 6089 5970 6098 6099 5962 5971 6100 6090 5963 5972 6101 6091 5963 5972 6101 6091 5964 5973 6102 6092 5964 5973 6102 6092 5965 5974 6103 6093 5965 5974 6103 6093 5966 5975 6104 6094 5966 5975 6104 6094 5967 5976 6105 6095 5967 5976 6105 6095 5968 5977 6106 6096 5968 5977 6106 6096 5969 5978 6107 6097 5969 5978 6107 6097 5970 5979 6108 6098 5970 6098 6099 5979 6108 6109 5980 5981 6111 6110 5982 5983 6113 6112 5982 5983 6113 6112 5984 5985 6115 6114 5984 5985 6115 6114 5986 5987 6117 6116 5986 5987 6117 6116 5988 5989 6119 6118 5988 5989 6119 6118 5990 5991 6121 6120 5990 5991 6121 6120 5992 5993 6123 6122 5992 5993 6123 6122 5994 5995 6125 6124 5994 5995 6125 6124 5996 5997 6127 6126 5996 5997 6127 6126 5998 5999 6129 6128 5981 6000 6130 6111 5983 6001 6131 6113 5983 6001 6131 6113 5985 6002 6132 6115 5985 6002 6132 6115 5987 6003 6133 6117 5987 6003 6133 6117 5989 6004 6134 6119 5989 6004 6134 6119 5991 6005 6135 6121 5991 6005 6135 6121 5993 6006 6136 6123 5993 6006 6136 6123 5995 6007 6137 6125 5995 6007 6137 6125 5997 6008 6138 6127 5997 6008 6138 6127 5999 6009 6139 6129 6000 6010 6140 6130 6001 6011 6141 6131 6001 6011 6141 6131 6002 6012 6142 6132 6002 6012 6142 6132 6003 6013 6143 6133 6003 6013 6143 6133 6004 6014 6144 6134 6004 6014 6144 6134 6005 6015 6145 6135 6005 6015 6145 6135 6006 6016 6146 6136 6006 6016 6146 6136 6007 6017 6147 6137 6007 6017 6147 6137 6008 6018 6148 6138 6008 6018 6148 6138 6009 6019 6149 6139 6010 6020 6150 6140 6011 6021 6151 6141 6011 6021 6151 6141 6012 6022 6152 6142 6012 6022 6152 6142 6013 6023 6153 6143 6013 6023 6153 6143 6014 6024 6154 6144 6014 6024 6154 6144 6015 6025 6155 6145 6015 6025 6155 6145 6016 6026 6156 6146 6016 6026 6156 6146 6017 6027 6157 6147 6017 6027 6157 6147 6018 6028 6158 6148 6018 6028 6158 6148 6019 6029 6159 6149 6020 6030 6160 6150 6021 6031 6161 6151 6021 6031 6161 6151 6022 6032 6162 6152 6022 6032 6162 6152 6023 6033 6163 6153 6023 6033 6163 6153 6024 6034 6164 6154 6024 6034 6164 6154 6025 6035 6165 6155 6025 6035 6165 6155 6026 6036 6166 6156 6026 6036 6166 6156 6027 6037 6167 6157 6027 6037 6167 6157 6028 6038 6168 6158 6028 6038 6168 6158 6029 6039 6169 6159 6030 6040 6170 6160 6031 6041 6171 6161 6031 6041 6171 6161 6032 6042 6172 6162 6032 6042 6172 6162 6033 6043 6173 6163 6033 6043 6173 6163 6034 6044 6174 6164 6034 6044 6174 6164 6035 6045 6175 6165 6035 6045 6175 6165 6036 6046 6176 6166 6036 6046 6176 6166 6037 6047 6177 6167 6037 6047 6177 6167 6038 6048 6178 6168 6038 6048 6178 6168 6039 6049 6179 6169 6040 6050 6180 6170 6041 6051 6181 6171 6041 6051 6181 6171 6042 6052 6182 6172 6042 6052 6182 6172 6043 6053 6183 6173 6043 6053 6183 6173 6044 6054 6184 6174 6044 6054 6184 6174 6045 6055 6185 6175 6045 6055 6185 6175 6046 6056 6186 6176 6046 6056 6186 6176 6047 6057 6187 6177 6047 6057 6187 6177 6048 6058 6188 6178 6048 6058 6188 6178 6049 6059 6189 6179 6050 6060 6190 6180 6051 6061 6191 6181 6051 6061 6191 6181 6052 6062 6192 6182 6052 6062 6192 6182 6053 6063 6193 6183 6053 6063 6193 6183 6054 6064 6194 6184 6054 6064 6194 6184 6055 6065 6195 6185 6055 6065 6195 6185 6056 6066 6196 6186 6056 6066 6196 6186 6057 6067 6197 6187 6057 6067 6197 6187 6058 6068 6198 6188 6058 6068 6198 6188 6059 6069 6199 6189 6060 6070 6200 6190 6061 6071 6201 6191 6061 6071 6201 6191 6062 6072 6202 6192 6062 6072 6202 6192 6063 6073 6203 6193 6063 6073 6203 6193 6064 6074 6204 6194 6064 6074 6204 6194 6065 6075 6205 6195 6065 6075 6205 6195 6066 6076 6206 6196 6066 6076 6206 6196 6067 6077 6207 6197 6067 6077 6207 6197 6068 6078 6208 6198 6068 6078 6208 6198 6069 6079 6209 6199 6070 6080 6210 6200 6071 6081 6211 6201 6071 6081 6211 6201 6072 6082 6212 6202 6072 6082 6212 6202 6073 6083 6213 6203 6073 6083 6213 6203 6074 6084 6214 6204 6074 6084 6214 6204 6075 6085 6215 6205 6075 6085 6215 6205 6076 6086 6216 6206 6076 6086 6216 6206 6077 6087 6217 6207 6077 6087 6217 6207 6078 6088 6218 6208 6078 6088 6218 6208 6079 6089 6219 6209 6080 6090 6220 6210 6081 6091 6221 6211 6081 6091 6221 6211 6082 6092 6222 6212 6082 6092 6222 6212 6083 6093 6223 6213 6083 6093 6223 6213 6084 6094 6224 6214 6084 6094 6224 6214 6085 6095 6225 6215 6085 6095 6225 6215 6086 6096 6226 6216 6086 6096 6226 6216 6087 6097 6227 6217 6087 6097 6227 6217 6088 6098 6228 6218 6088 6098 6228 6218 6089 6099 6229 6219 6090 6100 6230 6220 6091 6101 6231 6221 6091 6101 6231 6221 6092 6102 6232 6222 6092 6102 6232 6222 6093 6103 6233 6223 6093 6103 6233 6223 6094 6104 6234 6224 6094 6104 6234 6224 6095 6105 6235 6225 6095 6105 6235 6225 6096 6106 6236 6226 6096 6106 6236 6226 6097 6107 6237 6227 6097 6107 6237 6227 6098 6108 6238 6228 6098 6108 6238 6228 6099 6109 6239 6229 6112 6113 6241 6240 6114 6115 6243 6242 6114 6115 6243 6242 6116 6117 6245 6244 6116 6117 6245 6244 6118 6119 6247 6246 6118 6119 6247 6246 6120 6121 6249 6248 6120 6121 6249 6248 6122 6123 6251 6250 6122 6123 6251 6250 6124 6125 6253 6252 6124 6125 6253 6252 6126 6127 6255 6254 6126 6127 6255 6254 6128 6129 6257 6256 6113 6131 6258 6241 6115 6132 6259 6243 6115 6132 6259 6243 6117 6133 6260 6245 6117 6133 6260 6245 6119 6134 6261 6247 6119 6134 6261 6247 6121 6135 6262 6249 6121 6135 6262 6249 6123 6136 6263 6251 6123 6136 6263 6251 6125 6137 6264 6253 6125 6137 6264 6253 6127 6138 6265 6255 6127 6138 6265 6255 6129 6139 6266 6257 6131 6141 6267 6258 6132 6142 6268 6259 6132 6142 6268 6259 6133 6143 6269 6260 6133 6143 6269 6260 6134 6144 6270 6261 6134 6144 6270 6261 6135 6145 6271 6262 6135 6145 6271 6262 6136 6146 6272 6263 6136 6146 6272 6263 6137 6147 6273 6264 6137 6147 6273 6264 6138 6148 6274 6265 6138 6148 6274 6265 6139 6149 6275 6266 6141 6151 6276 6267 6142 6152 6277 6268 6142 6152 6277 6268 6143 6153 6278 6269 6143 6153 6278 6269 6144 6154 6279 6270 6144 6154 6279 6270 6145 6155 6280 6271 6145 6155 6280 6271 6146 6156 6281 6272 6146 6156 6281 6272 6147 6157 6282 6273 6147 6157 6282 6273 6148 6158 6283 6274 6148 6158 6283 6274 6149 6159 6284 6275 6151 6161 6285 6276 6152 6162 6286 6277 6152 6162 6286 6277 6153 6163 6287 6278 6153 6163 6287 6278 6154 6164 6288 6279 6154 6164 6288 6279 6155 6165 6289 6280 6155 6165 6289 6280 6156 6166 6290 6281 6156 6166 6290 6281 6157 6167 6291 6282 6157 6167 6291 6282 6158 6168 6292 6283 6158 6168 6292 6283 6159 6169 6293 6284 6161 6171 6294 6285 6162 6172 6295 6286 6162 6172 6295 6286 6163 6173 6296 6287 6163 6173 6296 6287 6164 6174 6297 6288 6164 6174 6297 6288 6165 6175 6298 6289 6165 6175 6298 6289 6166 6176 6299 6290 6166 6176 6299 6290 6167 6177 6300 6291 6167 6177 6300 6291 6168 6178 6301 6292 6168 6178 6301 6292 6169 6179 6302 6293 6171 6181 6303 6294 6172 6182 6304 6295 6172 6182 6304 6295 6173 6183 6305 6296 6173 6183 6305 6296 6174 6184 6306 6297 6174 6184 6306 6297 6175 6185 6307 6298 6175 6185 6307 6298 6176 6186 6308 6299 6176 6186 6308 6299 6177 6187 6309 6300 6177 6187 6309 6300 6178 6188 6310 6301 6178 6188 6310 6301 6179 6189 6311 6302 6181 6191 6312 6303 6182 6192 6313 6304 6182 6192 6313 6304 6183 6193 6314 6305 6183 6193 6314 6305 6184 6194 6315 6306 6184 6194 6315 6306 6185 6195 6316 6307 6185 6195 6316 6307 6186 6196 6317 6308 6186 6196 6317 6308 6187 6197 6318 6309 6187 6197 6318 6309 6188 6198 6319 6310 6188 6198 6319 6310 6189 6199 6320 6311 6191 6201 6321 6312 6192 6202 6322 6313 6192 6202 6322 6313 6193 6203 6323 6314 6193 6203 6323 6314 6194 6204 6324 6315 6194 6204 6324 6315 6195 6205 6325 6316 6195 6205 6325 6316 6196 6206 6326 6317 6196 6206 6326 6317 6197 6207 6327 6318 6197 6207 6327 6318 6198 6208 6328 6319 6198 6208 6328 6319 6199 6209 6329 6320 6201 6211 6330 6321 6202 6212 6331 6322 6202 6212 6331 6322 6203 6213 6332 6323 6203 6213 6332 6323 6204 6214 6333 6324 6204 6214 6333 6324 6205 6215 6334 6325 6205 6215 6334 6325 6206 6216 6335 6326 6206 6216 6335 6326 6207 6217 6336 6327 6207 6217 6336 6327 6208 6218 6337 6328 6208 6218 6337 6328 6209 6219 6338 6329 6211 6221 6339 6330 6212 6222 6340 6331 6212 6222 6340 6331 6213 6223 6341 6332 6213 6223 6341 6332 6214 6224 6342 6333 6214 6224 6342 6333 6215 6225 6343 6334 6215 6225 6343 6334 6216 6226 6344 6335 6216 6226 6344 6335 6217 6227 6345 6336 6217 6227 6345 6336 6218 6228 6346 6337 6218 6228 6346 6337 6219 6229 6347 6338 6221 6231 6348 6339 6222 6232 6349 6340 6222 6232 6349 6340 6223 6233 6350 6341 6223 6233 6350 6341 6224 6234 6351 6342 6224 6234 6351 6342 6225 6235 6352 6343 6225 6235 6352 6343 6226 6236 6353 6344 6226 6236 6353 6344 6227 6237 6354 6345 6227 6237 6354 6345 6228 6238 6355 6346 6228 6238 6355 6346 6229 6239 6356 6347 6240 6241 6358 6357 6242 6243 6360 6359 6242 6243 6360 6359 6244 6245 6362 6361 6244 6245 6362 6361 6246 6247 6364 6363 6246 6247 6364 6363 6248 6249 6366 6365 6248 6249 6366 6365 6250 6251 6368 6367 6250 6251 6368 6367 6252 6253 6370 6369 6252 6253 6370 6369 6254 6255 6372 6371 6254 6255 6372 6371 6256 6257 6374 6373 6256 6373 6375 6257 6374 6376 6241 6258 6377 6358 6243 6259 6378 6360 6243 6259 6378 6360 6245 6260 6379 6362 6245 6260 6379 6362 6247 6261 6380 6364 6247 6261 6380 6364 6249 6262 6381 6366 6249 6262 6381 6366 6251 6263 6382 6368 6251 6263 6382 6368 6253 6264 6383 6370 6253 6264 6383 6370 6255 6265 6384 6372 6255 6265 6384 6372 6257 6266 6385 6374 6257 6374 6376 6266 6385 6386 6258 6267 6387 6377 6259 6268 6388 6378 6259 6268 6388 6378 6260 6269 6389 6379 6260 6269 6389 6379 6261 6270 6390 6380 6261 6270 6390 6380 6262 6271 6391 6381 6262 6271 6391 6381 6263 6272 6392 6382 6263 6272 6392 6382 6264 6273 6393 6383 6264 6273 6393 6383 6265 6274 6394 6384 6265 6274 6394 6384 6266 6275 6395 6385 6266 6385 6386 6275 6395 6396 6267 6276 6397 6387 6268 6277 6398 6388 6268 6277 6398 6388 6269 6278 6399 6389 6269 6278 6399 6389 6270 6279 6400 6390 6270 6279 6400 6390 6271 6280 6401 6391 6271 6280 6401 6391 6272 6281 6402 6392 6272 6281 6402 6392 6273 6282 6403 6393 6273 6282 6403 6393 6274 6283 6404 6394 6274 6283 6404 6394 6275 6284 6405 6395 6275 6395 6396 6284 6405 6406 6276 6285 6407 6397 6277 6286 6408 6398 6277 6286 6408 6398 6278 6287 6409 6399 6278 6287 6409 6399 6279 6288 6410 6400 6279 6288 6410 6400 6280 6289 6411 6401 6280 6289 6411 6401 6281 6290 6412 6402 6281 6290 6412 6402 6282 6291 6413 6403 6282 6291 6413 6403 6283 6292 6414 6404 6283 6292 6414 6404 6284 6293 6415 6405 6284 6405 6406 6293 6415 6416 6285 6294 6417 6407 6286 6295 6418 6408 6286 6295 6418 6408 6287 6296 6419 6409 6287 6296 6419 6409 6288 6297 6420 6410 6288 6297 6420 6410 6289 6298 6421 6411 6289 6298 6421 6411 6290 6299 6422 6412 6290 6299 6422 6412 6291 6300 6423 6413 6291 6300 6423 6413 6292 6301 6424 6414 6292 6301 6424 6414 6293 6302 6425 6415 6293 6415 6416 6302 6425 6426 6294 6303 6427 6417 6295 6304 6428 6418 6295 6304 6428 6418 6296 6305 6429 6419 6296 6305 6429 6419 6297 6306 6430 6420 6297 6306 6430 6420 6298 6307 6431 6421 6298 6307 6431 6421 6299 6308 6432 6422 6299 6308 6432 6422 6300 6309 6433 6423 6300 6309 6433 6423 6301 6310 6434 6424 6301 6310 6434 6424 6302 6311 6435 6425 6302 6425 6426 6311 6435 6436 6303 6312 6437 6427 6304 6313 6438 6428 6304 6313 6438 6428 6305 6314 6439 6429 6305 6314 6439 6429 6306 6315 6440 6430 6306 6315 6440 6430 6307 6316 6441 6431 6307 6316 6441 6431 6308 6317 6442 6432 6308 6317 6442 6432 6309 6318 6443 6433 6309 6318 6443 6433 6310 6319 6444 6434 6310 6319 6444 6434 6311 6320 6445 6435 6311 6435 6436 6320 6445 6446 6312 6321 6447 6437 6313 6322 6448 6438 6313 6322 6448 6438 6314 6323 6449 6439 6314 6323 6449 6439 6315 6324 6450 6440 6315 6324 6450 6440 6316 6325 6451 6441 6316 6325 6451 6441 6317 6326 6452 6442 6317 6326 6452 6442 6318 6327 6453 6443 6318 6327 6453 6443 6319 6328 6454 6444 6319 6328 6454 6444 6320 6329 6455 6445 6320 6445 6446 6329 6455 6456 6321 6330 6457 6447 6322 6331 6458 6448 6322 6331 6458 6448 6323 6332 6459 6449 6323 6332 6459 6449 6324 6333 6460 6450 6324 6333 6460 6450 6325 6334 6461 6451 6325 6334 6461 6451 6326 6335 6462 6452 6326 6335 6462 6452 6327 6336 6463 6453 6327 6336 6463 6453 6328 6337 6464 6454 6328 6337 6464 6454 6329 6338 6465 6455 6329 6455 6456 6338 6465 6466 6330 6339 6467 6457 6331 6340 6468 6458 6331 6340 6468 6458 6332 6341 6469 6459 6332 6341 6469 6459 6333 6342 6470 6460 6333 6342 6470 6460 6334 6343 6471 6461 6334 6343 6471 6461 6335 6344 6472 6462 6335 6344 6472 6462 6336 6345 6473 6463 6336 6345 6473 6463 6337 6346 6474 6464 6337 6346 6474 6464 6338 6347 6475 6465 6338 6465 6466 6347 6475 6476 6339 6348 6477 6467 6340 6349 6478 6468 6340 6349 6478 6468 6341 6350 6479 6469 6341 6350 6479 6469 6342 6351 6480 6470 6342 6351 6480 6470 6343 6352 6481 6471 6343 6352 6481 6471 6344 6353 6482 6472 6344 6353 6482 6472 6345 6354 6483 6473 6345 6354 6483 6473 6346 6355 6484 6474 6346 6355 6484 6474 6347 6356 6485 6475 6347 6475 6476 6356 6485 6486 6357 6358 6488 6487 6359 6360 6490 6489 6359 6360 6490 6489 6361 6362 6492 6491 6361 6362 6492 6491 6363 6364 6494 6493 6363 6364 6494 6493 6365 6366 6496 6495 6365 6366 6496 6495 6367 6368 6498 6497 6367 6368 6498 6497 6369 6370 6500 6499 6369 6370 6500 6499 6371 6372 6502 6501 6371 6372 6502 6501 6373 6374 6504 6503 6373 6374 6504 6503 6375 6376 6506 6505 6358 6377 6507 6488 6360 6378 6508 6490 6360 6378 6508 6490 6362 6379 6509 6492 6362 6379 6509 6492 6364 6380 6510 6494 6364 6380 6510 6494 6366 6381 6511 6496 6366 6381 6511 6496 6368 6382 6512 6498 6368 6382 6512 6498 6370 6383 6513 6500 6370 6383 6513 6500 6372 6384 6514 6502 6372 6384 6514 6502 6374 6385 6515 6504 6374 6385 6515 6504 6376 6386 6516 6506 6377 6387 6517 6507 6378 6388 6518 6508 6378 6388 6518 6508 6379 6389 6519 6509 6379 6389 6519 6509 6380 6390 6520 6510 6380 6390 6520 6510 6381 6391 6521 6511 6381 6391 6521 6511 6382 6392 6522 6512 6382 6392 6522 6512 6383 6393 6523 6513 6383 6393 6523 6513 6384 6394 6524 6514 6384 6394 6524 6514 6385 6395 6525 6515 6385 6395 6525 6515 6386 6396 6526 6516 6387 6397 6527 6517 6388 6398 6528 6518 6388 6398 6528 6518 6389 6399 6529 6519 6389 6399 6529 6519 6390 6400 6530 6520 6390 6400 6530 6520 6391 6401 6531 6521 6391 6401 6531 6521 6392 6402 6532 6522 6392 6402 6532 6522 6393 6403 6533 6523 6393 6403 6533 6523 6394 6404 6534 6524 6394 6404 6534 6524 6395 6405 6535 6525 6395 6405 6535 6525 6396 6406 6536 6526 6397 6407 6537 6527 6398 6408 6538 6528 6398 6408 6538 6528 6399 6409 6539 6529 6399 6409 6539 6529 6400 6410 6540 6530 6400 6410 6540 6530 6401 6411 6541 6531 6401 6411 6541 6531 6402 6412 6542 6532 6402 6412 6542 6532 6403 6413 6543 6533 6403 6413 6543 6533 6404 6414 6544 6534 6404 6414 6544 6534 6405 6415 6545 6535 6405 6415 6545 6535 6406 6416 6546 6536 6407 6417 6547 6537 6408 6418 6548 6538 6408 6418 6548 6538 6409 6419 6549 6539 6409 6419 6549 6539 6410 6420 6550 6540 6410 6420 6550 6540 6411 6421 6551 6541 6411 6421 6551 6541 6412 6422 6552 6542 6412 6422 6552 6542 6413 6423 6553 6543 6413 6423 6553 6543 6414 6424 6554 6544 6414 6424 6554 6544 6415 6425 6555 6545 6415 6425 6555 6545 6416 6426 6556 6546 6417 6427 6557 6547 6418 6428 6558 6548 6418 6428 6558 6548 6419 6429 6559 6549 6419 6429 6559 6549 6420 6430 6560 6550 6420 6430 6560 6550 6421 6431 6561 6551 6421 6431 6561 6551 6422 6432 6562 6552 6422 6432 6562 6552 6423 6433 6563 6553 6423 6433 6563 6553 6424 6434 6564 6554 6424 6434 6564 6554 6425 6435 6565 6555 6425 6435 6565 6555 6426 6436 6566 6556 6427 6437 6567 6557 6428 6438 6568 6558 6428 6438 6568 6558 6429 6439 6569 6559 6429 6439 6569 6559 6430 6440 6570 6560 6430 6440 6570 6560 6431 6441 6571 6561 6431 6441 6571 6561 6432 6442 6572 6562 6432 6442 6572 6562 6433 6443 6573 6563 6433 6443 6573 6563 6434 6444 6574 6564 6434 6444 6574 6564 6435 6445 6575 6565 6435 6445 6575 6565 6436 6446 6576 6566 6437 6447 6577 6567 6438 6448 6578 6568 6438 6448 6578 6568 6439 6449 6579 6569 6439 6449 6579 6569 6440 6450 6580 6570 6440 6450 6580 6570 6441 6451 6581 6571 6441 6451 6581 6571 6442 6452 6582 6572 6442 6452 6582 6572 6443 6453 6583 6573 6443 6453 6583 6573 6444 6454 6584 6574 6444 6454 6584 6574 6445 6455 6585 6575 6445 6455 6585 6575 6446 6456 6586 6576 6447 6457 6587 6577 6448 6458 6588 6578 6448 6458 6588 6578 6449 6459 6589 6579 6449 6459 6589 6579 6450 6460 6590 6580 6450 6460 6590 6580 6451 6461 6591 6581 6451 6461 6591 6581 6452 6462 6592 6582 6452 6462 6592 6582 6453 6463 6593 6583 6453 6463 6593 6583 6454 6464 6594 6584 6454 6464 6594 6584 6455 6465 6595 6585 6455 6465 6595 6585 6456 6466 6596 6586 6457 6467 6597 6587 6458 6468 6598 6588 6458 6468 6598 6588 6459 6469 6599 6589 6459 6469 6599 6589 6460 6470 6600 6590 6460 6470 6600 6590 6461 6471 6601 6591 6461 6471 6601 6591 6462 6472 6602 6592 6462 6472 6602 6592 6463 6473 6603 6593 6463 6473 6603 6593 6464 6474 6604 6594 6464 6474 6604 6594 6465 6475 6605 6595 6465 6475 6605 6595 6466 6476 6606 6596 6467 6477 6607 6597 6468 6478 6608 6598 6468 6478 6608 6598 6469 6479 6609 6599 6469 6479 6609 6599 6470 6480 6610 6600 6470 6480 6610 6600 6471 6481 6611 6601 6471 6481 6611 6601 6472 6482 6612 6602 6472 6482 6612 6602 6473 6483 6613 6603 6473 6483 6613 6603 6474 6484 6614 6604 6474 6484 6614 6604 6475 6485 6615 6605 6475 6485 6615 6605 6476 6486 6616 6606 6487 6488 6618 6617 6489 6490 6620 6619 6489 6490 6620 6619 6491 6492 6622 6621 6491 6492 6622 6621 6493 6494 6624 6623 6493 6494 6624 6623 6495 6496 6626 6625 6495 6496 6626 6625 6497 6498 6628 6627 6497 6498 6628 6627 6499 6500 6630 6629 6499 6500 6630 6629 6501 6502 6632 6631 6501 6502 6632 6631 6503 6504 6634 6633 6503 6504 6634 6633 6505 6506 6636 6635 6488 6507 6637 6618 6490 6508 6638 6620 6490 6508 6638 6620 6492 6509 6639 6622 6492 6509 6639 6622 6494 6510 6640 6624 6494 6510 6640 6624 6496 6511 6641 6626 6496 6511 6641 6626 6498 6512 6642 6628 6498 6512 6642 6628 6500 6513 6643 6630 6500 6513 6643 6630 6502 6514 6644 6632 6502 6514 6644 6632 6504 6515 6645 6634 6504 6515 6645 6634 6506 6516 6646 6636 6507 6517 6647 6637 6508 6518 6648 6638 6508 6518 6648 6638 6509 6519 6649 6639 6509 6519 6649 6639 6510 6520 6650 6640 6510 6520 6650 6640 6511 6521 6651 6641 6511 6521 6651 6641 6512 6522 6652 6642 6512 6522 6652 6642 6513 6523 6653 6643 6513 6523 6653 6643 6514 6524 6654 6644 6514 6524 6654 6644 6515 6525 6655 6645 6515 6525 6655 6645 6516 6526 6656 6646 6517 6527 6657 6647 6518 6528 6658 6648 6518 6528 6658 6648 6519 6529 6659 6649 6519 6529 6659 6649 6520 6530 6660 6650 6520 6530 6660 6650 6521 6531 6661 6651 6521 6531 6661 6651 6522 6532 6662 6652 6522 6532 6662 6652 6523 6533 6663 6653 6523 6533 6663 6653 6524 6534 6664 6654 6524 6534 6664 6654 6525 6535 6665 6655 6525 6535 6665 6655 6526 6536 6666 6656 6527 6537 6667 6657 6528 6538 6668 6658 6528 6538 6668 6658 6529 6539 6669 6659 6529 6539 6669 6659 6530 6540 6670 6660 6530 6540 6670 6660 6531 6541 6671 6661 6531 6541 6671 6661 6532 6542 6672 6662 6532 6542 6672 6662 6533 6543 6673 6663 6533 6543 6673 6663 6534 6544 6674 6664 6534 6544 6674 6664 6535 6545 6675 6665 6535 6545 6675 6665 6536 6546 6676 6666 6537 6547 6677 6667 6538 6548 6678 6668 6538 6548 6678 6668 6539 6549 6679 6669 6539 6549 6679 6669 6540 6550 6680 6670 6540 6550 6680 6670 6541 6551 6681 6671 6541 6551 6681 6671 6542 6552 6682 6672 6542 6552 6682 6672 6543 6553 6683 6673 6543 6553 6683 6673 6544 6554 6684 6674 6544 6554 6684 6674 6545 6555 6685 6675 6545 6555 6685 6675 6546 6556 6686 6676 6547 6557 6687 6677 6548 6558 6688 6678 6548 6558 6688 6678 6549 6559 6689 6679 6549 6559 6689 6679 6550 6560 6690 6680 6550 6560 6690 6680 6551 6561 6691 6681 6551 6561 6691 6681 6552 6562 6692 6682 6552 6562 6692 6682 6553 6563 6693 6683 6553 6563 6693 6683 6554 6564 6694 6684 6554 6564 6694 6684 6555 6565 6695 6685 6555 6565 6695 6685 6556 6566 6696 6686 6557 6567 6697 6687 6558 6568 6698 6688 6558 6568 6698 6688 6559 6569 6699 6689 6559 6569 6699 6689 6560 6570 6700 6690 6560 6570 6700 6690 6561 6571 6701 6691 6561 6571 6701 6691 6562 6572 6702 6692 6562 6572 6702 6692 6563 6573 6703 6693 6563 6573 6703 6693 6564 6574 6704 6694 6564 6574 6704 6694 6565 6575 6705 6695 6565 6575 6705 6695 6566 6576 6706 6696 6567 6577 6707 6697 6568 6578 6708 6698 6568 6578 6708 6698 6569 6579 6709 6699 6569 6579 6709 6699 6570 6580 6710 6700 6570 6580 6710 6700 6571 6581 6711 6701 6571 6581 6711 6701 6572 6582 6712 6702 6572 6582 6712 6702 6573 6583 6713 6703 6573 6583 6713 6703 6574 6584 6714 6704 6574 6584 6714 6704 6575 6585 6715 6705 6575 6585 6715 6705 6576 6586 6716 6706 6577 6587 6717 6707 6578 6588 6718 6708 6578 6588 6718 6708 6579 6589 6719 6709 6579 6589 6719 6709 6580 6590 6720 6710 6580 6590 6720 6710 6581 6591 6721 6711 6581 6591 6721 6711 6582 6592 6722 6712 6582 6592 6722 6712 6583 6593 6723 6713 6583 6593 6723 6713 6584 6594 6724 6714 6584 6594 6724 6714 6585 6595 6725 6715 6585 6595 6725 6715 6586 6596 6726 6716 6587 6597 6727 6717 6588 6598 6728 6718 6588 6598 6728 6718 6589 6599 6729 6719 6589 6599 6729 6719 6590 6600 6730 6720 6590 6600 6730 6720 6591 6601 6731 6721 6591 6601 6731 6721 6592 6602 6732 6722 6592 6602 6732 6722 6593 6603 6733 6723 6593 6603 6733 6723 6594 6604 6734 6724 6594 6604 6734 6724 6595 6605 6735 6725 6595 6605 6735 6725 6596 6606 6736 6726 6597 6607 6737 6727 6598 6608 6738 6728 6598 6608 6738 6728 6599 6609 6739 6729 6599 6609 6739 6729 6600 6610 6740 6730 6600 6610 6740 6730 6601 6611 6741 6731 6601 6611 6741 6731 6602 6612 6742 6732 6602 6612 6742 6732 6603 6613 6743 6733 6603 6613 6743 6733 6604 6614 6744 6734 6604 6614 6744 6734 6605 6615 6745 6735 6605 6615 6745 6735 6606 6616 6746 6736 6619 6620 6748 6747 6621 6622 6750 6749 6621 6622 6750 6749 6623 6624 6752 6751 6623 6624 6752 6751 6625 6626 6754 6753 6625 6626 6754 6753 6627 6628 6756 6755 6627 6628 6756 6755 6629 6630 6758 6757 6629 6630 6758 6757 6631 6632 6760 6759 6631 6632 6760 6759 6633 6634 6762 6761 6633 6634 6762 6761 6635 6636 6764 6763 6620 6638 6765 6748 6622 6639 6766 6750 6622 6639 6766 6750 6624 6640 6767 6752 6624 6640 6767 6752 6626 6641 6768 6754 6626 6641 6768 6754 6628 6642 6769 6756 6628 6642 6769 6756 6630 6643 6770 6758 6630 6643 6770 6758 6632 6644 6771 6760 6632 6644 6771 6760 6634 6645 6772 6762 6634 6645 6772 6762 6636 6646 6773 6764 6638 6648 6774 6765 6639 6649 6775 6766 6639 6649 6775 6766 6640 6650 6776 6767 6640 6650 6776 6767 6641 6651 6777 6768 6641 6651 6777 6768 6642 6652 6778 6769 6642 6652 6778 6769 6643 6653 6779 6770 6643 6653 6779 6770 6644 6654 6780 6771 6644 6654 6780 6771 6645 6655 6781 6772 6645 6655 6781 6772 6646 6656 6782 6773 6648 6658 6783 6774 6649 6659 6784 6775 6649 6659 6784 6775 6650 6660 6785 6776 6650 6660 6785 6776 6651 6661 6786 6777 6651 6661 6786 6777 6652 6662 6787 6778 6652 6662 6787 6778 6653 6663 6788 6779 6653 6663 6788 6779 6654 6664 6789 6780 6654 6664 6789 6780 6655 6665 6790 6781 6655 6665 6790 6781 6656 6666 6791 6782 6658 6668 6792 6783 6659 6669 6793 6784 6659 6669 6793 6784 6660 6670 6794 6785 6660 6670 6794 6785 6661 6671 6795 6786 6661 6671 6795 6786 6662 6672 6796 6787 6662 6672 6796 6787 6663 6673 6797 6788 6663 6673 6797 6788 6664 6674 6798 6789 6664 6674 6798 6789 6665 6675 6799 6790 6665 6675 6799 6790 6666 6676 6800 6791 6668 6678 6801 6792 6669 6679 6802 6793 6669 6679 6802 6793 6670 6680 6803 6794 6670 6680 6803 6794 6671 6681 6804 6795 6671 6681 6804 6795 6672 6682 6805 6796 6672 6682 6805 6796 6673 6683 6806 6797 6673 6683 6806 6797 6674 6684 6807 6798 6674 6684 6807 6798 6675 6685 6808 6799 6675 6685 6808 6799 6676 6686 6809 6800 6678 6688 6810 6801 6679 6689 6811 6802 6679 6689 6811 6802 6680 6690 6812 6803 6680 6690 6812 6803 6681 6691 6813 6804 6681 6691 6813 6804 6682 6692 6814 6805 6682 6692 6814 6805 6683 6693 6815 6806 6683 6693 6815 6806 6684 6694 6816 6807 6684 6694 6816 6807 6685 6695 6817 6808 6685 6695 6817 6808 6686 6696 6818 6809 6688 6698 6819 6810 6689 6699 6820 6811 6689 6699 6820 6811 6690 6700 6821 6812 6690 6700 6821 6812 6691 6701 6822 6813 6691 6701 6822 6813 6692 6702 6823 6814 6692 6702 6823 6814 6693 6703 6824 6815 6693 6703 6824 6815 6694 6704 6825 6816 6694 6704 6825 6816 6695 6705 6826 6817 6695 6705 6826 6817 6696 6706 6827 6818 6698 6708 6828 6819 6699 6709 6829 6820 6699 6709 6829 6820 6700 6710 6830 6821 6700 6710 6830 6821 6701 6711 6831 6822 6701 6711 6831 6822 6702 6712 6832 6823 6702 6712 6832 6823 6703 6713 6833 6824 6703 6713 6833 6824 6704 6714 6834 6825 6704 6714 6834 6825 6705 6715 6835 6826 6705 6715 6835 6826 6706 6716 6836 6827 6708 6718 6837 6828 6709 6719 6838 6829 6709 6719 6838 6829 6710 6720 6839 6830 6710 6720 6839 6830 6711 6721 6840 6831 6711 6721 6840 6831 6712 6722 6841 6832 6712 6722 6841 6832 6713 6723 6842 6833 6713 6723 6842 6833 6714 6724 6843 6834 6714 6724 6843 6834 6715 6725 6844 6835 6715 6725 6844 6835 6716 6726 6845 6836 6718 6728 6846 6837 6719 6729 6847 6838 6719 6729 6847 6838 6720 6730 6848 6839 6720 6730 6848 6839 6721 6731 6849 6840 6721 6731 6849 6840 6722 6732 6850 6841 6722 6732 6850 6841 6723 6733 6851 6842 6723 6733 6851 6842 6724 6734 6852 6843 6724 6734 6852 6843 6725 6735 6853 6844 6725 6735 6853 6844 6726 6736 6854 6845 6728 6738 6855 6846 6729 6739 6856 6847 6729 6739 6856 6847 6730 6740 6857 6848 6730 6740 6857 6848 6731 6741 6858 6849 6731 6741 6858 6849 6732 6742 6859 6850 6732 6742 6859 6850 6733 6743 6860 6851 6733 6743 6860 6851 6734 6744 6861 6852 6734 6744 6861 6852 6735 6745 6862 6853 6735 6745 6862 6853 6736 6746 6863 6854 6747 6748 6865 6864 6749 6750 6867 6866 6749 6750 6867 6866 6751 6752 6869 6868 6751 6752 6869 6868 6753 6754 6871 6870 6753 6754 6871 6870 6755 6756 6873 6872 6755 6756 6873 6872 6757 6758 6875 6874 6757 6758 6875 6874 6759 6760 6877 6876 6759 6760 6877 6876 6761 6762 6879 6878 6761 6762 6879 6878 6763 6764 6881 6880 6763 6880 6882 6764 6881 6883 6748 6765 6884 6865 6750 6766 6885 6867 6750 6766 6885 6867 6752 6767 6886 6869 6752 6767 6886 6869 6754 6768 6887 6871 6754 6768 6887 6871 6756 6769 6888 6873 6756 6769 6888 6873 6758 6770 6889 6875 6758 6770 6889 6875 6760 6771 6890 6877 6760 6771 6890 6877 6762 6772 6891 6879 6762 6772 6891 6879 6764 6773 6892 6881 6764 6881 6883 6773 6892 6893 6765 6774 6894 6884 6766 6775 6895 6885 6766 6775 6895 6885 6767 6776 6896 6886 6767 6776 6896 6886 6768 6777 6897 6887 6768 6777 6897 6887 6769 6778 6898 6888 6769 6778 6898 6888 6770 6779 6899 6889 6770 6779 6899 6889 6771 6780 6900 6890 6771 6780 6900 6890 6772 6781 6901 6891 6772 6781 6901 6891 6773 6782 6902 6892 6773 6892 6893 6782 6902 6903 6774 6783 6904 6894 6775 6784 6905 6895 6775 6784 6905 6895 6776 6785 6906 6896 6776 6785 6906 6896 6777 6786 6907 6897 6777 6786 6907 6897 6778 6787 6908 6898 6778 6787 6908 6898 6779 6788 6909 6899 6779 6788 6909 6899 6780 6789 6910 6900 6780 6789 6910 6900 6781 6790 6911 6901 6781 6790 6911 6901 6782 6791 6912 6902 6782 6902 6903 6791 6912 6913 6783 6792 6914 6904 6784 6793 6915 6905 6784 6793 6915 6905 6785 6794 6916 6906 6785 6794 6916 6906 6786 6795 6917 6907 6786 6795 6917 6907 6787 6796 6918 6908 6787 6796 6918 6908 6788 6797 6919 6909 6788 6797 6919 6909 6789 6798 6920 6910 6789 6798 6920 6910 6790 6799 6921 6911 6790 6799 6921 6911 6791 6800 6922 6912 6791 6912 6913 6800 6922 6923 6792 6801 6924 6914 6793 6802 6925 6915 6793 6802 6925 6915 6794 6803 6926 6916 6794 6803 6926 6916 6795 6804 6927 6917 6795 6804 6927 6917 6796 6805 6928 6918 6796 6805 6928 6918 6797 6806 6929 6919 6797 6806 6929 6919 6798 6807 6930 6920 6798 6807 6930 6920 6799 6808 6931 6921 6799 6808 6931 6921 6800 6809 6932 6922 6800 6922 6923 6809 6932 6933 6801 6810 6934 6924 6802 6811 6935 6925 6802 6811 6935 6925 6803 6812 6936 6926 6803 6812 6936 6926 6804 6813 6937 6927 6804 6813 6937 6927 6805 6814 6938 6928 6805 6814 6938 6928 6806 6815 6939 6929 6806 6815 6939 6929 6807 6816 6940 6930 6807 6816 6940 6930 6808 6817 6941 6931 6808 6817 6941 6931 6809 6818 6942 6932 6809 6932 6933 6818 6942 6943 6810 6819 6944 6934 6811 6820 6945 6935 6811 6820 6945 6935 6812 6821 6946 6936 6812 6821 6946 6936 6813 6822 6947 6937 6813 6822 6947 6937 6814 6823 6948 6938 6814 6823 6948 6938 6815 6824 6949 6939 6815 6824 6949 6939 6816 6825 6950 6940 6816 6825 6950 6940 6817 6826 6951 6941 6817 6826 6951 6941 6818 6827 6952 6942 6818 6942 6943 6827 6952 6953 6819 6828 6954 6944 6820 6829 6955 6945 6820 6829 6955 6945 6821 6830 6956 6946 6821 6830 6956 6946 6822 6831 6957 6947 6822 6831 6957 6947 6823 6832 6958 6948 6823 6832 6958 6948 6824 6833 6959 6949 6824 6833 6959 6949 6825 6834 6960 6950 6825 6834 6960 6950 6826 6835 6961 6951 6826 6835 6961 6951 6827 6836 6962 6952 6827 6952 6953 6836 6962 6963 6828 6837 6964 6954 6829 6838 6965 6955 6829 6838 6965 6955 6830 6839 6966 6956 6830 6839 6966 6956 6831 6840 6967 6957 6831 6840 6967 6957 6832 6841 6968 6958 6832 6841 6968 6958 6833 6842 6969 6959 6833 6842 6969 6959 6834 6843 6970 6960 6834 6843 6970 6960 6835 6844 6971 6961 6835 6844 6971 6961 6836 6845 6972 6962 6836 6962 6963 6845 6972 6973 6837 6846 6974 6964 6838 6847 6975 6965 6838 6847 6975 6965 6839 6848 6976 6966 6839 6848 6976 6966 6840 6849 6977 6967 6840 6849 6977 6967 6841 6850 6978 6968 6841 6850 6978 6968 6842 6851 6979 6969 6842 6851 6979 6969 6843 6852 6980 6970 6843 6852 6980 6970 6844 6853 6981 6971 6844 6853 6981 6971 6845 6854 6982 6972 6845 6972 6973 6854 6982 6983 6846 6855 6984 6974 6847 6856 6985 6975 6847 6856 6985 6975 6848 6857 6986 6976 6848 6857 6986 6976 6849 6858 6987 6977 6849 6858 6987 6977 6850 6859 6988 6978 6850 6859 6988 6978 6851 6860 6989 6979 6851 6860 6989 6979 6852 6861 6990 6980 6852 6861 6990 6980 6853 6862 6991 6981 6853 6862 6991 6981 6854 6863 6992 6982 6854 6982 6983 6863 6992 6993 6864 6865 6995 6994 6866 6867 6997 6996 6866 6867 6997 6996 6868 6869 6999 6998 6868 6869 6999 6998 6870 6871 7001 7000 6870 6871 7001 7000 6872 6873 7003 7002 6872 6873 7003 7002 6874 6875 7005 7004 6874 6875 7005 7004 6876 6877 7007 7006 6876 6877 7007 7006 6878 6879 7009 7008 6878 6879 7009 7008 6880 6881 7011 7010 6880 6881 7011 7010 6882 6883 7013 7012 6865 6884 7014 6995 6867 6885 7015 6997 6867 6885 7015 6997 6869 6886 7016 6999 6869 6886 7016 6999 6871 6887 7017 7001 6871 6887 7017 7001 6873 6888 7018 7003 6873 6888 7018 7003 6875 6889 7019 7005 6875 6889 7019 7005 6877 6890 7020 7007 6877 6890 7020 7007 6879 6891 7021 7009 6879 6891 7021 7009 6881 6892 7022 7011 6881 6892 7022 7011 6883 6893 7023 7013 6884 6894 7024 7014 6885 6895 7025 7015 6885 6895 7025 7015 6886 6896 7026 7016 6886 6896 7026 7016 6887 6897 7027 7017 6887 6897 7027 7017 6888 6898 7028 7018 6888 6898 7028 7018 6889 6899 7029 7019 6889 6899 7029 7019 6890 6900 7030 7020 6890 6900 7030 7020 6891 6901 7031 7021 6891 6901 7031 7021 6892 6902 7032 7022 6892 6902 7032 7022 6893 6903 7033 7023 6894 6904 7034 7024 6895 6905 7035 7025 6895 6905 7035 7025 6896 6906 7036 7026 6896 6906 7036 7026 6897 6907 7037 7027 6897 6907 7037 7027 6898 6908 7038 7028 6898 6908 7038 7028 6899 6909 7039 7029 6899 6909 7039 7029 6900 6910 7040 7030 6900 6910 7040 7030 6901 6911 7041 7031 6901 6911 7041 7031 6902 6912 7042 7032 6902 6912 7042 7032 6903 6913 7043 7033 6904 6914 7044 7034 6905 6915 7045 7035 6905 6915 7045 7035 6906 6916 7046 7036 6906 6916 7046 7036 6907 6917 7047 7037 6907 6917 7047 7037 6908 6918 7048 7038 6908 6918 7048 7038 6909 6919 7049 7039 6909 6919 7049 7039 6910 6920 7050 7040 6910 6920 7050 7040 6911 6921 7051 7041 6911 6921 7051 7041 6912 6922 7052 7042 6912 6922 7052 7042 6913 6923 7053 7043 6914 6924 7054 7044 6915 6925 7055 7045 6915 6925 7055 7045 6916 6926 7056 7046 6916 6926 7056 7046 6917 6927 7057 7047 6917 6927 7057 7047 6918 6928 7058 7048 6918 6928 7058 7048 6919 6929 7059 7049 6919 6929 7059 7049 6920 6930 7060 7050 6920 6930 7060 7050 6921 6931 7061 7051 6921 6931 7061 7051 6922 6932 7062 7052 6922 6932 7062 7052 6923 6933 7063 7053 6924 6934 7064 7054 6925 6935 7065 7055 6925 6935 7065 7055 6926 6936 7066 7056 6926 6936 7066 7056 6927 6937 7067 7057 6927 6937 7067 7057 6928 6938 7068 7058 6928 6938 7068 7058 6929 6939 7069 7059 6929 6939 7069 7059 6930 6940 7070 7060 6930 6940 7070 7060 6931 6941 7071 7061 6931 6941 7071 7061 6932 6942 7072 7062 6932 6942 7072 7062 6933 6943 7073 7063 6934 6944 7074 7064 6935 6945 7075 7065 6935 6945 7075 7065 6936 6946 7076 7066 6936 6946 7076 7066 6937 6947 7077 7067 6937 6947 7077 7067 6938 6948 7078 7068 6938 6948 7078 7068 6939 6949 7079 7069 6939 6949 7079 7069 6940 6950 7080 7070 6940 6950 7080 7070 6941 6951 7081 7071 6941 6951 7081 7071 6942 6952 7082 7072 6942 6952 7082 7072 6943 6953 7083 7073 6944 6954 7084 7074 6945 6955 7085 7075 6945 6955 7085 7075 6946 6956 7086 7076 6946 6956 7086 7076 6947 6957 7087 7077 6947 6957 7087 7077 6948 6958 7088 7078 6948 6958 7088 7078 6949 6959 7089 7079 6949 6959 7089 7079 6950 6960 7090 7080 6950 6960 7090 7080 6951 6961 7091 7081 6951 6961 7091 7081 6952 6962 7092 7082 6952 6962 7092 7082 6953 6963 7093 7083 6954 6964 7094 7084 6955 6965 7095 7085 6955 6965 7095 7085 6956 6966 7096 7086 6956 6966 7096 7086 6957 6967 7097 7087 6957 6967 7097 7087 6958 6968 7098 7088 6958 6968 7098 7088 6959 6969 7099 7089 6959 6969 7099 7089 6960 6970 7100 7090 6960 6970 7100 7090 6961 6971 7101 7091 6961 6971 7101 7091 6962 6972 7102 7092 6962 6972 7102 7092 6963 6973 7103 7093 6964 6974 7104 7094 6965 6975 7105 7095 6965 6975 7105 7095 6966 6976 7106 7096 6966 6976 7106 7096 6967 6977 7107 7097 6967 6977 7107 7097 6968 6978 7108 7098 6968 6978 7108 7098 6969 6979 7109 7099 6969 6979 7109 7099 6970 6980 7110 7100 6970 6980 7110 7100 6971 6981 7111 7101 6971 6981 7111 7101 6972 6982 7112 7102 6972 6982 7112 7102 6973 6983 7113 7103 6974 6984 7114 7104 6975 6985 7115 7105 6975 6985 7115 7105 6976 6986 7116 7106 6976 6986 7116 7106 6977 6987 7117 7107 6977 6987 7117 7107 6978 6988 7118 7108 6978 6988 7118 7108 6979 6989 7119 7109 6979 6989 7119 7109 6980 6990 7120 7110 6980 6990 7120 7110 6981 6991 7121 7111 6981 6991 7121 7111 6982 6992 7122 7112 6982 6992 7122 7112 6983 6993 7123 7113 6996 6997 7125 7124 6998 6999 7127 7126 6998 6999 7127 7126 7000 7001 7129 7128 7000 7001 7129 7128 7002 7003 7131 7130 7002 7003 7131 7130 7004 7005 7133 7132 7004 7005 7133 7132 7006 7007 7135 7134 7006 7007 7135 7134 7008 7009 7137 7136 7008 7009 7137 7136 7010 7011 7139 7138 7010 7011 7139 7138 7012 7013 7141 7140 6997 7015 7142 7125 6999 7016 7143 7127 6999 7016 7143 7127 7001 7017 7144 7129 7001 7017 7144 7129 7003 7018 7145 7131 7003 7018 7145 7131 7005 7019 7146 7133 7005 7019 7146 7133 7007 7020 7147 7135 7007 7020 7147 7135 7009 7021 7148 7137 7009 7021 7148 7137 7011 7022 7149 7139 7011 7022 7149 7139 7013 7023 7150 7141 7015 7025 7151 7142 7016 7026 7152 7143 7016 7026 7152 7143 7017 7027 7153 7144 7017 7027 7153 7144 7018 7028 7154 7145 7018 7028 7154 7145 7019 7029 7155 7146 7019 7029 7155 7146 7020 7030 7156 7147 7020 7030 7156 7147 7021 7031 7157 7148 7021 7031 7157 7148 7022 7032 7158 7149 7022 7032 7158 7149 7023 7033 7159 7150 7025 7035 7160 7151 7026 7036 7161 7152 7026 7036 7161 7152 7027 7037 7162 7153 7027 7037 7162 7153 7028 7038 7163 7154 7028 7038 7163 7154 7029 7039 7164 7155 7029 7039 7164 7155 7030 7040 7165 7156 7030 7040 7165 7156 7031 7041 7166 7157 7031 7041 7166 7157 7032 7042 7167 7158 7032 7042 7167 7158 7033 7043 7168 7159 7035 7045 7169 7160 7036 7046 7170 7161 7036 7046 7170 7161 7037 7047 7171 7162 7037 7047 7171 7162 7038 7048 7172 7163 7038 7048 7172 7163 7039 7049 7173 7164 7039 7049 7173 7164 7040 7050 7174 7165 7040 7050 7174 7165 7041 7051 7175 7166 7041 7051 7175 7166 7042 7052 7176 7167 7042 7052 7176 7167 7043 7053 7177 7168 7045 7055 7178 7169 7046 7056 7179 7170 7046 7056 7179 7170 7047 7057 7180 7171 7047 7057 7180 7171 7048 7058 7181 7172 7048 7058 7181 7172 7049 7059 7182 7173 7049 7059 7182 7173 7050 7060 7183 7174 7050 7060 7183 7174 7051 7061 7184 7175 7051 7061 7184 7175 7052 7062 7185 7176 7052 7062 7185 7176 7053 7063 7186 7177 7055 7065 7187 7178 7056 7066 7188 7179 7056 7066 7188 7179 7057 7067 7189 7180 7057 7067 7189 7180 7058 7068 7190 7181 7058 7068 7190 7181 7059 7069 7191 7182 7059 7069 7191 7182 7060 7070 7192 7183 7060 7070 7192 7183 7061 7071 7193 7184 7061 7071 7193 7184 7062 7072 7194 7185 7062 7072 7194 7185 7063 7073 7195 7186 7065 7075 7196 7187 7066 7076 7197 7188 7066 7076 7197 7188 7067 7077 7198 7189 7067 7077 7198 7189 7068 7078 7199 7190 7068 7078 7199 7190 7069 7079 7200 7191 7069 7079 7200 7191 7070 7080 7201 7192 7070 7080 7201 7192 7071 7081 7202 7193 7071 7081 7202 7193 7072 7082 7203 7194 7072 7082 7203 7194 7073 7083 7204 7195 7075 7085 7205 7196 7076 7086 7206 7197 7076 7086 7206 7197 7077 7087 7207 7198 7077 7087 7207 7198 7078 7088 7208 7199 7078 7088 7208 7199 7079 7089 7209 7200 7079 7089 7209 7200 7080 7090 7210 7201 7080 7090 7210 7201 7081 7091 7211 7202 7081 7091 7211 7202 7082 7092 7212 7203 7082 7092 7212 7203 7083 7093 7213 7204 7085 7095 7214 7205 7086 7096 7215 7206 7086 7096 7215 7206 7087 7097 7216 7207 7087 7097 7216 7207 7088 7098 7217 7208 7088 7098 7217 7208 7089 7099 7218 7209 7089 7099 7218 7209 7090 7100 7219 7210 7090 7100 7219 7210 7091 7101 7220 7211 7091 7101 7220 7211 7092 7102 7221 7212 7092 7102 7221 7212 7093 7103 7222 7213 7095 7105 7223 7214 7096 7106 7224 7215 7096 7106 7224 7215 7097 7107 7225 7216 7097 7107 7225 7216 7098 7108 7226 7217 7098 7108 7226 7217 7099 7109 7227 7218 7099 7109 7227 7218 7100 7110 7228 7219 7100 7110 7228 7219 7101 7111 7229 7220 7101 7111 7229 7220 7102 7112 7230 7221 7102 7112 7230 7221 7103 7113 7231 7222 7105 7115 7232 7223 7106 7116 7233 7224 7106 7116 7233 7224 7107 7117 7234 7225 7107 7117 7234 7225 7108 7118 7235 7226 7108 7118 7235 7226 7109 7119 7236 7227 7109 7119 7236 7227 7110 7120 7237 7228 7110 7120 7237 7228 7111 7121 7238 7229 7111 7121 7238 7229 7112 7122 7239 7230 7112 7122 7239 7230 7113 7123 7240 7231 7124 7125 7242 7241 7126 7127 7244 7243 7126 7127 7244 7243 7128 7129 7246 7245 7128 7129 7246 7245 7130 7131 7248 7247 7130 7131 7248 7247 7132 7133 7250 7249 7132 7133 7250 7249 7134 7135 7252 7251 7134 7135 7252 7251 7136 7137 7254 7253 7136 7137 7254 7253 7138 7139 7256 7255 7138 7139 7256 7255 7140 7141 7258 7257 7125 7142 7259 7242 7127 7143 7260 7244 7127 7143 7260 7244 7129 7144 7261 7246 7129 7144 7261 7246 7131 7145 7262 7248 7131 7145 7262 7248 7133 7146 7263 7250 7133 7146 7263 7250 7135 7147 7264 7252 7135 7147 7264 7252 7137 7148 7265 7254 7137 7148 7265 7254 7139 7149 7266 7256 7139 7149 7266 7256 7141 7150 7267 7258 7142 7151 7268 7259 7143 7152 7269 7260 7143 7152 7269 7260 7144 7153 7270 7261 7144 7153 7270 7261 7145 7154 7271 7262 7145 7154 7271 7262 7146 7155 7272 7263 7146 7155 7272 7263 7147 7156 7273 7264 7147 7156 7273 7264 7148 7157 7274 7265 7148 7157 7274 7265 7149 7158 7275 7266 7149 7158 7275 7266 7150 7159 7276 7267 7151 7160 7277 7268 7152 7161 7278 7269 7152 7161 7278 7269 7153 7162 7279 7270 7153 7162 7279 7270 7154 7163 7280 7271 7154 7163 7280 7271 7155 7164 7281 7272 7155 7164 7281 7272 7156 7165 7282 7273 7156 7165 7282 7273 7157 7166 7283 7274 7157 7166 7283 7274 7158 7167 7284 7275 7158 7167 7284 7275 7159 7168 7285 7276 7160 7169 7286 7277 7161 7170 7287 7278 7161 7170 7287 7278 7162 7171 7288 7279 7162 7171 7288 7279 7163 7172 7289 7280 7163 7172 7289 7280 7164 7173 7290 7281 7164 7173 7290 7281 7165 7174 7291 7282 7165 7174 7291 7282 7166 7175 7292 7283 7166 7175 7292 7283 7167 7176 7293 7284 7167 7176 7293 7284 7168 7177 7294 7285 7169 7178 7295 7286 7170 7179 7296 7287 7170 7179 7296 7287 7171 7180 7297 7288 7171 7180 7297 7288 7172 7181 7298 7289 7172 7181 7298 7289 7173 7182 7299 7290 7173 7182 7299 7290 7174 7183 7300 7291 7174 7183 7300 7291 7175 7184 7301 7292 7175 7184 7301 7292 7176 7185 7302 7293 7176 7185 7302 7293 7177 7186 7303 7294 7178 7187 7304 7295 7179 7188 7305 7296 7179 7188 7305 7296 7180 7189 7306 7297 7180 7189 7306 7297 7181 7190 7307 7298 7181 7190 7307 7298 7182 7191 7308 7299 7182 7191 7308 7299 7183 7192 7309 7300 7183 7192 7309 7300 7184 7193 7310 7301 7184 7193 7310 7301 7185 7194 7311 7302 7185 7194 7311 7302 7186 7195 7312 7303 7187 7196 7313 7304 7188 7197 7314 7305 7188 7197 7314 7305 7189 7198 7315 7306 7189 7198 7315 7306 7190 7199 7316 7307 7190 7199 7316 7307 7191 7200 7317 7308 7191 7200 7317 7308 7192 7201 7318 7309 7192 7201 7318 7309 7193 7202 7319 7310 7193 7202 7319 7310 7194 7203 7320 7311 7194 7203 7320 7311 7195 7204 7321 7312 7196 7205 7322 7313 7197 7206 7323 7314 7197 7206 7323 7314 7198 7207 7324 7315 7198 7207 7324 7315 7199 7208 7325 7316 7199 7208 7325 7316 7200 7209 7326 7317 7200 7209 7326 7317 7201 7210 7327 7318 7201 7210 7327 7318 7202 7211 7328 7319 7202 7211 7328 7319 7203 7212 7329 7320 7203 7212 7329 7320 7204 7213 7330 7321 7205 7214 7331 7322 7206 7215 7332 7323 7206 7215 7332 7323 7207 7216 7333 7324 7207 7216 7333 7324 7208 7217 7334 7325 7208 7217 7334 7325 7209 7218 7335 7326 7209 7218 7335 7326 7210 7219 7336 7327 7210 7219 7336 7327 7211 7220 7337 7328 7211 7220 7337 7328 7212 7221 7338 7329 7212 7221 7338 7329 7213 7222 7339 7330 7214 7223 7340 7331 7215 7224 7341 7332 7215 7224 7341 7332 7216 7225 7342 7333 7216 7225 7342 7333 7217 7226 7343 7334 7217 7226 7343 7334 7218 7227 7344 7335 7218 7227 7344 7335 7219 7228 7345 7336 7219 7228 7345 7336 7220 7229 7346 7337 7220 7229 7346 7337 7221 7230 7347 7338 7221 7230 7347 7338 7222 7231 7348 7339 7223 7232 7349 7340 7224 7233 7350 7341 7224 7233 7350 7341 7225 7234 7351 7342 7225 7234 7351 7342 7226 7235 7352 7343 7226 7235 7352 7343 7227 7236 7353 7344 7227 7236 7353 7344 7228 7237 7354 7345 7228 7237 7354 7345 7229 7238 7355 7346 7229 7238 7355 7346 7230 7239 7356 7347 7230 7239 7356 7347 7231 7240 7357 7348 7259 7268 7360 7358 7260 7269 7361 7359 7268 7277 7363 7360 7269 7278 7364 7361 7269 7278 7364 7361 7270 7279 7365 7362 7277 7286 7367 7363 7278 7287 7368 7364 7278 7287 7368 7364 7279 7288 7369 7365 7279 7288 7369 7365 7280 7289 7370 7366 7286 7295 7372 7367 7287 7296 7373 7368 7287 7296 7373 7368 7288 7297 7374 7369 7288 7297 7374 7369 7289 7298 7375 7370 7289 7298 7375 7370 7290 7299 7376 7371 7295 7304 7378 7372 7296 7305 7379 7373 7296 7305 7379 7373 7297 7306 7380 7374 7297 7306 7380 7374 7298 7307 7381 7375 7298 7307 7381 7375 7299 7308 7382 7376 7299 7308 7382 7376 7300 7309 7383 7377 7304 7313 7385 7378 7305 7314 7386 7379 7305 7314 7386 7379 7306 7315 7387 7380 7306 7315 7387 7380 7307 7316 7388 7381 7307 7316 7388 7381 7308 7317 7389 7382 7308 7317 7389 7382 7309 7318 7390 7383 7309 7318 7390 7383 7310 7319 7391 7384 7313 7322 7392 7385 7314 7323 7393 7386 7314 7323 7393 7386 7315 7324 7394 7387 7315 7324 7394 7387 7316 7325 7395 7388 7316 7325 7395 7388 7317 7326 7396 7389 7317 7326 7396 7389 7318 7327 7397 7390 7318 7327 7397 7390 7319 7328 7398 7391 7322 7331 7399 7392 7323 7332 7400 7393 7323 7332 7400 7393 7324 7333 7401 7394 7324 7333 7401 7394 7325 7334 7402 7395 7325 7334 7402 7395 7326 7335 7403 7396 7326 7335 7403 7396 7327 7336 7404 7397 7327 7336 7404 7397 7328 7337 7405 7398 7331 7340 7406 7399 7332 7341 7407 7400 7332 7341 7407 7400 7333 7342 7408 7401 7333 7342 7408 7401 7334 7343 7409 7402 7334 7343 7409 7402 7335 7344 7410 7403 7335 7344 7410 7403 7336 7345 7411 7404 7336 7345 7411 7404 7337 7346 7412 7405 7340 7349 7413 7406 7341 7350 7414 7407 7341 7350 7414 7407 7342 7351 7415 7408 7342 7351 7415 7408 7343 7352 7416 7409 7343 7352 7416 7409 7344 7353 7417 7410 7344 7353 7417 7410 7345 7354 7418 7411 7345 7354 7418 7411 7346 7355 7419 7412 7420 0 1 7421 7422 4 5 7423 49 7425 7424 48 51 7427 7426 50 7421 1 52 7428 7423 5 54 7429 48 7424 7430 76 50 7426 7431 77 7428 52 78 7432 7429 54 80 7433 76 7430 7434 102 77 7431 7435 103 7436 104 105 7437 7433 80 108 7438 141 7440 7439 140 103 7435 7441 142 7437 105 143 7442 7438 108 145 7443 140 7439 7444 167 142 7441 7445 168 7442 143 169 7446 7443 145 171 7447 167 7444 7448 193 168 7445 7449 194 7450 195 196 7451 7447 171 199 7452 232 7454 7453 231 194 7449 7455 233 7451 196 234 7456 7452 199 236 7457 231 7453 7458 258 233 7455 7459 259 7456 234 260 7460 7457 236 262 7461 258 7458 7462 284 259 7459 7463 285 7460 260 286 7464 7461 262 288 7465 284 7462 7466 310 285 7463 7467 311 7468 312 313 7469 7465 288 316 7470 349 7472 7471 348 311 7467 7473 350 7469 313 351 7474 7470 316 353 7475 348 7471 7476 375 350 7473 7477 376 7474 351 377 7478 7475 353 379 7479 375 7476 7480 401 376 7477 7481 402 7482 403 404 7483 7479 379 407 7484 440 7486 7485 439 402 7481 7487 441 7483 404 442 7488 7484 407 444 7489 439 7485 7490 466 441 7487 7491 467 7488 442 468 7492 7489 444 470 7493 466 7490 7494 492 467 7491 7495 493 7496 494 495 7497 7493 470 498 7498 531 7500 7499 530 493 7495 7501 532 7497 495 533 7502 7498 498 535 7503 530 7499 7504 557 532 7501 7505 558 7502 533 559 7506 7503 535 561 7507 557 7504 7508 583 558 7505 7509 584 7506 559 585 7510 7507 561 587 7511 583 7508 7512 609 584 7509 7513 610 7514 611 612 7515 7511 587 615 7516 648 7518 7517 647 610 7513 7519 649 7515 612 650 7520 7516 615 652 7521 647 7517 7522 674 649 7519 7523 675 7520 650 676 7524 7521 652 678 7525 674 7522 7526 700 675 7523 7527 701 7528 702 703 7529 7525 678 706 7530 739 7532 7531 738 701 7527 7533 740 7529 703 741 7534 7530 706 743 7535 738 7531 7536 765 740 7533 7537 766 7534 741 767 7538 7535 743 769 7539 765 7536 7540 791 766 7537 7541 792 7542 793 794 7543 7539 769 797 7544 830 7546 7545 829 792 7541 7547 831 7543 794 832 7548 7544 797 834 7549 829 7545 7550 856 831 7547 7551 857 7548 832 858 7552 7549 834 860 7553 856 7550 7554 882 857 7551 7555 883 7552 858 884 7556 7553 860 886 7557 7553 7557 7558 860 886 888 882 7554 7559 920 883 7555 7560 921 883 921 922 7555 7560 7561 7557 886 923 7562 7558 888 925 7563 921 7560 7564 947 922 7561 7565 948 7562 923 949 7566 7563 925 951 7567 947 7564 7568 973 948 7565 7569 974 7566 949 975 7570 7567 951 977 7571 973 7568 7572 999 974 7569 7573 1000 7574 1001 1002 7575 7571 977 1005 7576 1038 7578 7577 1037 1000 7573 7579 1039 7575 1002 1040 7580 7576 1005 1042 7581 1037 7577 7582 1064 1039 7579 7583 1065 7580 1040 1066 7584 7581 1042 1068 7585 1064 7582 7586 1090 1065 7583 7587 1091 7588 1092 1093 7589 7585 1068 1096 7590 1129 7592 7591 1128 1091 7587 7593 1130 7589 1093 1131 7594 7590 1096 1133 7595 1128 7591 7596 1155 1130 7593 7597 1156 7594 1131 1157 7598 7595 1133 1159 7599 1155 7596 7600 1181 1156 7597 7601 1182 7598 1157 1183 7602 7599 1159 1185 7603 7599 7603 7604 1159 1185 1187 1181 7600 7605 1219 1182 7601 7606 1220 1182 1220 1221 7601 7606 7607 7603 1185 1222 7608 7604 1187 1224 7609 1220 7606 7610 1246 1221 7607 7611 1247 7608 1222 1248 7612 7609 1224 1250 7613 1246 7610 7614 1272 1247 7611 7615 1273 7612 1248 1274 7616 7613 1250 1276 7617 7613 7617 7618 1250 1276 1278 1272 7614 7619 1310 1273 7615 7620 1311 1273 1311 1312 7615 7620 7621 7617 1276 1313 7622 7618 1278 1315 7623 1311 7620 7624 1337 1312 7621 7625 1338 7622 1313 1339 7626 7623 1315 1341 7627 1337 7624 7628 1363 1338 7625 7629 1364 7626 1339 1365 7630 7627 1341 1367 7631 7627 7631 7632 1341 1367 1369 1363 7628 7633 1401 1364 7629 7634 1402 1364 1402 1403 7629 7634 7635 7631 1367 1404 7636 7632 1369 1406 7637 1402 7634 7638 1428 1403 7635 7639 1429 7636 1404 1430 7640 7637 1406 1432 7641 1428 7638 7642 1454 1429 7639 7643 1455 7640 1430 1456 7644 7641 1432 1458 7645 7641 7645 7646 1432 1458 1460 1454 7642 7647 1492 1455 7643 7648 1493 1455 1493 1494 7643 7648 7649 7644 1456 1495 7650 7645 1458 1497 7651 7645 1458 1497 7651 7646 1460 1499 7652 1492 7647 7653 1531 1493 7648 7654 1532 1493 7648 7654 1532 1494 7649 7655 1533 7651 1497 1534 7656 7652 1499 1536 7657 1532 7654 7658 1558 1533 7655 7659 1559 7656 1534 1560 7660 7657 1536 1562 7661 7657 7661 7662 1536 1562 1564 1558 7658 7663 1596 1559 7659 7664 1597 1559 1597 1598 7659 7664 7665 7660 1560 1599 7666 7661 1562 1601 7667 7661 1562 1601 7667 7662 1564 1603 7668 1596 7663 7669 1635 1597 7664 7670 1636 1597 7664 7670 1636 1598 7665 7671 1637 7667 1601 1638 7672 7668 1603 1640 7673 7668 7673 7674 1603 1640 1642 1636 7670 7675 1674 1637 7671 7676 1675 1637 1675 1676 7671 7676 7677 7672 1638 1677 7678 7673 1640 1679 7679 7673 1640 1679 7679 7674 1642 1681 7680 1674 7675 7681 1713 1675 7676 7682 1714 1675 7676 7682 1714 1676 7677 7683 1715 7678 1677 1716 7684 7679 1679 1718 7685 7679 1679 1718 7685 7680 1681 1720 7686 1713 7681 7687 1752 1714 7682 7688 1753 1714 7682 7688 1753 1715 7683 7689 1754 7685 1718 1755 7690 7686 1720 1757 7691 7686 7691 7692 1720 1757 1759 1753 7688 7693 1791 1754 7689 7694 1792 1754 1792 1793 7689 7694 7695 7690 1755 1794 7696 7691 1757 1796 7697 7691 1757 1796 7697 7692 1759 1798 7698 1791 7693 7699 1830 1792 7694 7700 1831 1792 7694 7700 1831 1793 7695 7701 1832 7696 1794 1833 7702 7697 1796 1835 7703 7697 1796 1835 7703 7698 1798 1837 7704 1830 7699 7705 1869 1831 7700 7706 1870 1831 7700 7706 1870 1832 7701 7707 1871 7703 1835 1872 7708 7704 1837 1874 7709 7704 7709 7710 1837 1874 1876 1870 7706 7711 1908 1871 7707 7712 1909 1871 1909 1910 7707 7712 7713 7708 1872 1911 7714 7709 1874 1913 7715 7709 1874 1913 7715 7710 1876 1915 7716 1908 7711 7717 1947 1909 7712 7718 1948 1909 7712 7718 1948 1910 7713 7719 1949 7714 1911 1950 7720 7715 1913 1952 7721 7715 1913 1952 7721 7716 1915 1954 7722 7716 7722 7723 1915 1954 1956 1947 7717 7724 1998 1948 7718 7725 1999 1948 7718 7725 1999 1949 7719 7726 2000 1949 2000 2001 7719 7726 7727 7720 1950 2002 7728 7721 1952 2004 7729 7721 1952 2004 7729 7722 1954 2006 7730 7722 1954 2006 7730 7723 1956 2008 7731 1998 7724 7732 2050 1999 7725 7733 2051 1999 7725 7733 2051 2000 7726 7734 2052 2000 7726 7734 2052 2001 7727 7735 2053 7729 2004 2054 7736 7730 2006 2056 7737 7730 2006 2056 7737 7731 2008 2058 7738 2051 7733 7739 2090 2052 7734 7740 2091 2052 7734 7740 2091 2053 7735 7741 2092 7736 2054 2093 7742 7737 2056 2095 7743 7737 2056 2095 7743 7738 2058 2097 7744 7738 7744 7745 2058 2097 2099 2090 7739 7746 2141 2091 7740 7747 2142 2091 7740 7747 2142 2092 7741 7748 2143 2092 2143 2144 7741 7748 7749 7742 2093 2145 7750 7743 2095 2147 7751 7743 2095 2147 7751 7744 2097 2149 7752 7744 2097 2149 7752 7745 2099 2151 7753 2141 7746 7754 2193 2142 7747 7755 2194 2142 7747 7755 2194 2143 7748 7756 2195 2143 7748 7756 2195 2144 7749 7757 2196 7751 2147 2197 7758 7752 2149 2199 7759 7752 2149 2199 7759 7753 2151 2201 7760 7753 7760 7761 2151 2201 2203 2194 7755 7762 2245 2195 7756 7763 2246 2195 7756 7763 2246 2196 7757 7764 2247 2196 2247 2248 7757 7764 7765 7758 2197 2249 7766 7759 2199 2251 7767 7759 2199 2251 7767 7760 2201 2253 7768 7760 2201 2253 7768 7761 2203 2255 7769 2245 7762 7770 2297 2246 7763 7771 2298 2246 7763 7771 2298 2247 7764 7772 2299 2247 7764 7772 2299 2248 7765 7773 2300 7766 2249 2301 7774 7767 2251 2303 7775 7767 2251 2303 7775 7768 2253 2305 7776 7768 2253 2305 7776 7769 2255 2307 7777 7769 7777 7778 2255 2307 2309 2297 7770 7779 2361 2298 7771 7780 2362 2298 7771 7780 2362 2299 7772 7781 2363 2299 7772 7781 2363 2300 7773 7782 2364 2300 2364 2365 7773 7782 7783 7775 2303 2366 7784 7776 2305 2368 7785 7776 2305 2368 7785 7777 2307 2370 7786 7777 2307 2370 7786 7778 2309 2372 7787 2362 7780 7788 2414 2363 7781 7789 2415 2363 7781 7789 2415 2364 7782 7790 2416 2364 7782 7790 2416 2365 7783 7791 2417 7784 2366 2418 7792 7785 2368 2420 7793 7785 2368 2420 7793 7786 2370 2422 7794 7786 2370 2422 7794 7787 2372 2424 7795 7787 7795 7796 2372 2424 2426 2414 7788 7797 2478 2415 7789 7798 2479 2415 7789 7798 2479 2416 7790 7799 2480 2416 7790 7799 2480 2417 7791 7800 2481 2417 2481 2482 7791 7800 7801 7792 2418 2483 7802 7793 2420 2485 7803 7793 2420 2485 7803 7794 2422 2487 7804 7794 2422 2487 7804 7795 2424 2489 7805 7795 2424 2489 7805 7796 2426 2491 7806 2478 7797 7807 2543 2479 7798 7808 2544 2479 7798 7808 2544 2480 7799 7809 2545 2480 7799 7809 2545 2481 7800 7810 2546 2481 7800 7810 2546 2482 7801 7811 2547 7802 2483 2548 7812 7803 2485 2550 7813 7803 2485 2550 7813 7804 2487 2552 7814 7804 2487 2552 7814 7805 2489 2554 7815 7805 2489 2554 7815 7806 2491 2556 7816 7806 7816 7817 2491 2556 2558 2543 7807 7818 2620 2544 7808 7819 2621 2544 7808 7819 2621 2545 7809 7820 2622 2545 7809 7820 2622 2546 7810 7821 2623 2546 7810 7821 2623 2547 7811 7822 2624 2547 2624 2625 7811 7822 7823 7813 2550 2626 7824 7814 2552 2628 7825 7814 2552 2628 7825 7815 2554 2630 7826 7815 2554 2630 7826 7816 2556 2632 7827 7816 2556 2632 7827 7817 2558 2634 7828 2621 7819 7829 2686 2622 7820 7830 2687 2622 7820 7830 2687 2623 7821 7831 2688 2623 7821 7831 2688 2624 7822 7832 2689 2624 7822 7832 2689 2625 7823 7833 2690 7824 2626 2691 7834 7825 2628 2693 7835 7825 2628 2693 7835 7826 2630 2695 7836 7826 2630 2695 7836 7827 2632 2697 7837 7827 2632 2697 7837 7828 2634 2699 7838 2686 7829 7839 2751 2687 7830 7840 2752 2687 7830 7840 2752 2688 7831 7841 2753 2688 7831 7841 2753 2689 7832 7842 2754 2689 7832 7842 2754 2690 7833 7843 2755 7834 2691 2756 7844 7835 2693 2758 7845 7835 2693 2758 7845 7836 2695 2760 7846 7836 2695 2760 7846 7837 2697 2762 7847 7837 2697 2762 7847 7838 2699 2764 7848 7838 7848 7849 2699 2764 2766 2751 7839 7850 2828 2752 7840 7851 2829 2752 7840 7851 2829 2753 7841 7852 2830 2753 7841 7852 2830 2754 7842 7853 2831 2754 7842 7853 2831 2755 7843 7854 2832 2755 2832 2833 7843 7854 7855 7845 2758 2834 7856 7846 2760 2836 7857 7846 2760 2836 7857 7847 2762 2838 7858 7847 2762 2838 7858 7848 2764 2840 7859 7848 2764 2840 7859 7849 2766 2842 7860 2829 7851 7861 2894 2830 7852 7862 2895 2830 7852 7862 2895 2831 7853 7863 2896 2831 7853 7863 2896 2832 7854 7864 2897 2832 7854 7864 2897 2833 7855 7865 2898 7856 2834 2899 7866 7857 2836 2901 7867 7857 2836 2901 7867 7858 2838 2903 7868 7858 2838 2903 7868 7859 2840 2905 7869 7859 2840 2905 7869 7860 2842 2907 7870 7860 7870 7871 2842 2907 2909 2894 7861 7872 2971 2895 7862 7873 2972 2895 7862 7873 2972 2896 7863 7874 2973 2896 7863 7874 2973 2897 7864 7875 2974 2897 7864 7875 2974 2898 7865 7876 2975 2898 2975 2976 7865 7876 7877 7866 2899 2977 7878 7867 2901 2979 7879 7867 2901 2979 7879 7868 2903 2981 7880 7868 2903 2981 7880 7869 2905 2983 7881 7869 2905 2983 7881 7870 2907 2985 7882 7870 2907 2985 7882 7871 2909 2987 7883 2971 7872 7884 3049 2972 7873 7885 3050 2972 7873 7885 3050 2973 7874 7886 3051 2973 7874 7886 3051 2974 7875 7887 3052 2974 7875 7887 3052 2975 7876 7888 3053 2975 7876 7888 3053 2976 7877 7889 3054 7879 2979 3055 7890 7880 2981 3057 7891 7880 2981 3057 7891 7881 2983 3059 7892 7881 2983 3059 7892 7882 2985 3061 7893 7882 2985 3061 7893 7883 2987 3063 7894 7883 7894 7895 2987 3063 3065 3050 7885 7896 3127 3051 7886 7897 3128 3051 7886 7897 3128 3052 7887 7898 3129 3052 7887 7898 3129 3053 7888 7899 3130 3053 7888 7899 3130 3054 7889 7900 3131 3054 3131 3132 7889 7900 7901 7890 3055 3133 7902 7891 3057 3135 7903 7891 3057 3135 7903 7892 3059 3137 7904 7892 3059 3137 7904 7893 3061 3139 7905 7893 3061 3139 7905 7894 3063 3141 7906 7894 3063 3141 7906 7895 3065 3143 7907 3127 7896 7908 3205 3128 7897 7909 3206 3128 7897 7909 3206 3129 7898 7910 3207 3129 7898 7910 3207 3130 7899 7911 3208 3130 7899 7911 3208 3131 7900 7912 3209 3131 7900 7912 3209 3132 7901 7913 3210 7902 3133 3211 7914 7903 3135 3213 7915 7903 3135 3213 7915 7904 3137 3215 7916 7904 3137 3215 7916 7905 3139 3217 7917 7905 3139 3217 7917 7906 3141 3219 7918 7906 3141 3219 7918 7907 3143 3221 7919 7907 7919 7920 3143 3221 3223 3205 7908 7921 3295 3206 7909 7922 3296 3206 7909 7922 3296 3207 7910 7923 3297 3207 7910 7923 3297 3208 7911 7924 3298 3208 7911 7924 3298 3209 7912 7925 3299 3209 7912 7925 3299 3210 7913 7926 3300 3210 3300 3301 7913 7926 7927 7915 3213 3302 7928 7916 3215 3304 7929 7916 3215 3304 7929 7917 3217 3306 7930 7917 3217 3306 7930 7918 3219 3308 7931 7918 3219 3308 7931 7919 3221 3310 7932 7919 3221 3310 7932 7920 3223 3312 7933 3296 7922 7934 3374 3297 7923 7935 3375 3297 7923 7935 3375 3298 7924 7936 3376 3298 7924 7936 3376 3299 7925 7937 3377 3299 7925 7937 3377 3300 7926 7938 3378 3300 7926 7938 3378 3301 7927 7939 3379 7928 3302 3380 7940 7929 3304 3382 7941 7929 3304 3382 7941 7930 3306 3384 7942 7930 3306 3384 7942 7931 3308 3386 7943 7931 3308 3386 7943 7932 3310 3388 7944 7932 3310 3388 7944 7933 3312 3390 7945 7933 7945 7946 3312 3390 3392 3374 7934 7947 3464 3375 7935 7948 3465 3375 7935 7948 3465 3376 7936 7949 3466 3376 7936 7949 3466 3377 7937 7950 3467 3377 7937 7950 3467 3378 7938 7951 3468 3378 7938 7951 3468 3379 7939 7952 3469 3379 3469 3470 7939 7952 7953 7940 3380 3471 7954 7941 3382 3473 7955 7941 3382 3473 7955 7942 3384 3475 7956 7942 3384 3475 7956 7943 3386 3477 7957 7943 3386 3477 7957 7944 3388 3479 7958 7944 3388 3479 7958 7945 3390 3481 7959 7945 3390 3481 7959 7946 3392 3483 7960 3464 7947 7961 3555 3465 7948 7962 3556 3465 7948 7962 3556 3466 7949 7963 3557 3466 7949 7963 3557 3467 7950 7964 3558 3467 7950 7964 3558 3468 7951 7965 3559 3468 7951 7965 3559 3469 7952 7966 3560 3469 7952 7966 3560 3470 7953 7967 3561 7954 3471 3562 7968 7955 3473 3564 7969 7955 3473 3564 7969 7956 3475 3566 7970 7956 3475 3566 7970 7957 3477 3568 7971 7957 3477 3568 7971 7958 3479 3570 7972 7958 3479 3570 7972 7959 3481 3572 7973 7959 3481 3572 7973 7960 3483 3574 7974 7960 7974 7975 3483 3574 3576 3555 7961 7976 3658 3556 7962 7977 3659 3556 7962 7977 3659 3557 7963 7978 3660 3557 7963 7978 3660 3558 7964 7979 3661 3558 7964 7979 3661 3559 7965 7980 3662 3559 7965 7980 3662 3560 7966 7981 3663 3560 7966 7981 3663 3561 7967 7982 3664 3561 3664 3665 7967 7982 7983 7969 3564 3666 7984 7970 3566 3668 7985 7970 3566 3668 7985 7971 3568 3670 7986 7971 3568 3670 7986 7972 3570 3672 7987 7972 3570 3672 7987 7973 3572 3674 7988 7973 3572 3674 7988 7974 3574 3676 7989 7974 3574 3676 7989 7975 3576 3678 7990 3659 7977 7991 3750 3660 7978 7992 3751 3660 7978 7992 3751 3661 7979 7993 3752 3661 7979 7993 3752 3662 7980 7994 3753 3662 7980 7994 3753 3663 7981 7995 3754 3663 7981 7995 3754 3664 7982 7996 3755 3664 7982 7996 3755 3665 7983 7997 3756 7984 3666 3757 7998 7985 3668 3759 7999 7985 3668 3759 7999 7986 3670 3761 8000 7986 3670 3761 8000 7987 3672 3763 8001 7987 3672 3763 8001 7988 3674 3765 8002 7988 3674 3765 8002 7989 3676 3767 8003 7989 3676 3767 8003 7990 3678 3769 8004 7990 8004 8005 3678 3769 3771 3750 7991 8006 3853 3751 7992 8007 3854 3751 7992 8007 3854 3752 7993 8008 3855 3752 7993 8008 3855 3753 7994 8009 3856 3753 7994 8009 3856 3754 7995 8010 3857 3754 7995 8010 3857 3755 7996 8011 3858 3755 7996 8011 3858 3756 7997 8012 3859 3756 3859 3860 7997 8012 8013 7998 3757 3861 8014 7999 3759 3863 8015 7999 3759 3863 8015 8000 3761 3865 8016 8000 3761 3865 8016 8001 3763 3867 8017 8001 3763 3867 8017 8002 3765 3869 8018 8002 3765 3869 8018 8003 3767 3871 8019 8003 3767 3871 8019 8004 3769 3873 8020 8004 3769 3873 8020 8005 3771 3875 8021 3853 8006 8022 3957 3854 8007 8023 3958 3854 8007 8023 3958 3855 8008 8024 3959 3855 8008 8024 3959 3856 8009 8025 3960 3856 8009 8025 3960 3857 8010 8026 3961 3857 8010 8026 3961 3858 8011 8027 3962 3858 8011 8027 3962 3859 8012 8028 3963 3859 8012 8028 3963 3860 8013 8029 3964 8015 3863 3965 8030 8016 3865 3967 8031 8016 3865 3967 8031 8017 3867 3969 8032 8017 3867 3969 8032 8018 3869 3971 8033 8018 3869 3971 8033 8019 3871 3973 8034 8019 3871 3973 8034 8020 3873 3975 8035 8020 3873 3975 8035 8021 3875 3977 8036 8021 8036 8037 3875 3977 3979 3958 8023 8038 4061 3959 8024 8039 4062 3959 8024 8039 4062 3960 8025 8040 4063 3960 8025 8040 4063 3961 8026 8041 4064 3961 8026 8041 4064 3962 8027 8042 4065 3962 8027 8042 4065 3963 8028 8043 4066 3963 8028 8043 4066 3964 8029 8044 4067 3964 4067 4068 8029 8044 8045 8030 3965 4069 8046 8031 3967 4071 8047 8031 3967 4071 8047 8032 3969 4073 8048 8032 3969 4073 8048 8033 3971 4075 8049 8033 3971 4075 8049 8034 3973 4077 8050 8034 3973 4077 8050 8035 3975 4079 8051 8035 3975 4079 8051 8036 3977 4081 8052 8036 3977 4081 8052 8037 3979 4083 8053 4061 8038 8054 4165 4062 8039 8055 4166 4062 8039 8055 4166 4063 8040 8056 4167 4063 8040 8056 4167 4064 8041 8057 4168 4064 8041 8057 4168 4065 8042 8058 4169 4065 8042 8058 4169 4066 8043 8059 4170 4066 8043 8059 4170 4067 8044 8060 4171 4067 8044 8060 4171 4068 8045 8061 4172 8046 4069 4173 8062 8047 4071 4175 8063 8047 4071 4175 8063 8048 4073 4177 8064 8048 4073 4177 8064 8049 4075 4179 8065 8049 4075 4179 8065 8050 4077 4181 8066 8050 4077 4181 8066 8051 4079 4183 8067 8051 4079 4183 8067 8052 4081 4185 8068 8052 4081 4185 8068 8053 4083 4187 8069 8053 8069 8070 4083 4187 4189 4165 8054 8071 4281 4166 8055 8072 4282 4166 8055 8072 4282 4167 8056 8073 4283 4167 8056 8073 4283 4168 8057 8074 4284 4168 8057 8074 4284 4169 8058 8075 4285 4169 8058 8075 4285 4170 8059 8076 4286 4170 8059 8076 4286 4171 8060 8077 4287 4171 8060 8077 4287 4172 8061 8078 4288 4172 4288 4289 8061 8078 8079 8063 4175 4290 8080 8064 4177 4292 8081 8064 4177 4292 8081 8065 4179 4294 8082 8065 4179 4294 8082 8066 4181 4296 8083 8066 4181 4296 8083 8067 4183 4298 8084 8067 4183 4298 8084 8068 4185 4300 8085 8068 4185 4300 8085 8069 4187 4302 8086 8069 4187 4302 8086 8070 4189 4304 8087 4282 8072 8088 4386 4283 8073 8089 4387 4283 8073 8089 4387 4284 8074 8090 4388 4284 8074 8090 4388 4285 8075 8091 4389 4285 8075 8091 4389 4286 8076 8092 4390 4286 8076 8092 4390 4287 8077 8093 4391 4287 8077 8093 4391 4288 8078 8094 4392 4288 8078 8094 4392 4289 8079 8095 4393 8080 4290 4394 8096 8081 4292 4396 8097 8081 4292 4396 8097 8082 4294 4398 8098 8082 4294 4398 8098 8083 4296 4400 8099 8083 4296 4400 8099 8084 4298 4402 8100 8084 4298 4402 8100 8085 4300 4404 8101 8085 4300 4404 8101 8086 4302 4406 8102 8086 4302 4406 8102 8087 4304 4408 8103 8087 8103 8104 4304 4408 4410 4386 8088 8105 4502 4387 8089 8106 4503 4387 8089 8106 4503 4388 8090 8107 4504 4388 8090 8107 4504 4389 8091 8108 4505 4389 8091 8108 4505 4390 8092 8109 4506 4390 8092 8109 4506 4391 8093 8110 4507 4391 8093 8110 4507 4392 8094 8111 4508 4392 8094 8111 4508 4393 8095 8112 4509 4393 4509 4510 8095 8112 8113 8096 4394 4511 8114 8097 4396 4513 8115 8097 4396 4513 8115 8098 4398 4515 8116 8098 4398 4515 8116 8099 4400 4517 8117 8099 4400 4517 8117 8100 4402 4519 8118 8100 4402 4519 8118 8101 4404 4521 8119 8101 4404 4521 8119 8102 4406 4523 8120 8102 4406 4523 8120 8103 4408 4525 8121 8103 4408 4525 8121 8104 4410 4527 8122 4502 8105 8123 4619 4503 8106 8124 4620 4503 8106 8124 4620 4504 8107 8125 4621 4504 8107 8125 4621 4505 8108 8126 4622 4505 8108 8126 4622 4506 8109 8127 4623 4506 8109 8127 4623 4507 8110 8128 4624 4507 8110 8128 4624 4508 8111 8129 4625 4508 8111 8129 4625 4509 8112 8130 4626 4509 8112 8130 4626 4510 8113 8131 4627 8115 4513 4628 8132 8116 4515 4630 8133 8116 4515 4630 8133 8117 4517 4632 8134 8117 4517 4632 8134 8118 4519 4634 8135 8118 4519 4634 8135 8119 4521 4636 8136 8119 4521 4636 8136 8120 4523 4638 8137 8120 4523 4638 8137 8121 4525 4640 8138 8121 4525 4640 8138 8122 4527 4642 8139 8122 8139 8140 4527 4642 4644 4620 8124 8141 4736 4621 8125 8142 4737 4621 8125 8142 4737 4622 8126 8143 4738 4622 8126 8143 4738 4623 8127 8144 4739 4623 8127 8144 4739 4624 8128 8145 4740 4624 8128 8145 4740 4625 8129 8146 4741 4625 8129 8146 4741 4626 8130 8147 4742 4626 8130 8147 4742 4627 8131 8148 4743 4627 4743 4744 8131 8148 8149 8132 4628 4745 8150 8133 4630 4747 8151 8133 4630 4747 8151 8134 4632 4749 8152 8134 4632 4749 8152 8135 4634 4751 8153 8135 4634 4751 8153 8136 4636 4753 8154 8136 4636 4753 8154 8137 4638 4755 8155 8137 4638 4755 8155 8138 4640 4757 8156 8138 4640 4757 8156 8139 4642 4759 8157 8139 4642 4759 8157 8140 4644 4761 8158 4736 8141 8159 4853 4737 8142 8160 4854 4737 8142 8160 4854 4738 8143 8161 4855 4738 8143 8161 4855 4739 8144 8162 4856 4739 8144 8162 4856 4740 8145 8163 4857 4740 8145 8163 4857 4741 8146 8164 4858 4741 8146 8164 4858 4742 8147 8165 4859 4742 8147 8165 4859 4743 8148 8166 4860 4743 8148 8166 4860 4744 8149 8167 4861 8150 4745 4862 8168 8151 4747 4864 8169 8151 4747 4864 8169 8152 4749 4866 8170 8152 4749 4866 8170 8153 4751 4868 8171 8153 4751 4868 8171 8154 4753 4870 8172 8154 4753 4870 8172 8155 4755 4872 8173 8155 4755 4872 8173 8156 4757 4874 8174 8156 4757 4874 8174 8157 4759 4876 8175 8157 4759 4876 8175 8158 4761 4878 8176 4853 8159 8177 4970 4854 8160 8178 4971 4854 8160 8178 4971 4855 8161 8179 4972 4855 8161 8179 4972 4856 8162 8180 4973 4856 8162 8180 4973 4857 8163 8181 4974 4857 8163 8181 4974 4858 8164 8182 4975 4858 8164 8182 4975 4859 8165 8183 4976 4859 8165 8183 4976 4860 8166 8184 4977 4860 8166 8184 4977 4861 8167 8185 4978 8168 4862 4979 8186 8169 4864 4981 8187 8169 4864 4981 8187 8170 4866 4983 8188 8170 4866 4983 8188 8171 4868 4985 8189 8171 4868 4985 8189 8172 4870 4987 8190 8172 4870 4987 8190 8173 4872 4989 8191 8173 4872 4989 8191 8174 4874 4991 8192 8174 4874 4991 8192 8175 4876 4993 8193 8175 4876 4993 8193 8176 4878 4995 8194 8176 8194 8195 4878 4995 4997 4970 8177 8196 5099 4971 8178 8197 5100 4971 8178 8197 5100 4972 8179 8198 5101 4972 8179 8198 5101 4973 8180 8199 5102 4973 8180 8199 5102 4974 8181 8200 5103 4974 8181 8200 5103 4975 8182 8201 5104 4975 8182 8201 5104 4976 8183 8202 5105 4976 8183 8202 5105 4977 8184 8203 5106 4977 8184 8203 5106 4978 8185 8204 5107 4978 5107 5108 8185 8204 8205 8187 4981 5109 8206 8188 4983 5111 8207 8188 4983 5111 8207 8189 4985 5113 8208 8189 4985 5113 8208 8190 4987 5115 8209 8190 4987 5115 8209 8191 4989 5117 8210 8191 4989 5117 8210 8192 4991 5119 8211 8192 4991 5119 8211 8193 4993 5121 8212 8193 4993 5121 8212 8194 4995 5123 8213 8194 4995 5123 8213 8195 4997 5125 8214 5100 8197 8215 5217 5101 8198 8216 5218 5101 8198 8216 5218 5102 8199 8217 5219 5102 8199 8217 5219 5103 8200 8218 5220 5103 8200 8218 5220 5104 8201 8219 5221 5104 8201 8219 5221 5105 8202 8220 5222 5105 8202 8220 5222 5106 8203 8221 5223 5106 8203 8221 5223 5107 8204 8222 5224 5107 8204 8222 5224 5108 8205 8223 5225 8206 5109 5226 8224 8207 5111 5228 8225 8207 5111 5228 8225 8208 5113 5230 8226 8208 5113 5230 8226 8209 5115 5232 8227 8209 5115 5232 8227 8210 5117 5234 8228 8210 5117 5234 8228 8211 5119 5236 8229 8211 5119 5236 8229 8212 5121 5238 8230 8212 5121 5238 8230 8213 5123 5240 8231 8213 5123 5240 8231 8214 5125 5242 8232 8214 8232 8233 5125 5242 5244 5217 8215 8234 5346 5218 8216 8235 5347 5218 8216 8235 5347 5219 8217 8236 5348 5219 8217 8236 5348 5220 8218 8237 5349 5220 8218 8237 5349 5221 8219 8238 5350 5221 8219 8238 5350 5222 8220 8239 5351 5222 8220 8239 5351 5223 8221 8240 5352 5223 8221 8240 5352 5224 8222 8241 5353 5224 8222 8241 5353 5225 8223 8242 5354 5225 5354 5355 8223 8242 8243 8224 5226 5356 8244 8225 5228 5358 8245 8225 5228 5358 8245 8226 5230 5360 8246 8226 5230 5360 8246 8227 5232 5362 8247 8227 5232 5362 8247 8228 5234 5364 8248 8228 5234 5364 8248 8229 5236 5366 8249 8229 5236 5366 8249 8230 5238 5368 8250 8230 5238 5368 8250 8231 5240 5370 8251 8231 5240 5370 8251 8232 5242 5372 8252 8232 5242 5372 8252 8233 5244 5374 8253 5346 8234 8254 5476 5347 8235 8255 5477 5347 8235 8255 5477 5348 8236 8256 5478 5348 8236 8256 5478 5349 8237 8257 5479 5349 8237 8257 5479 5350 8238 8258 5480 5350 8238 8258 5480 5351 8239 8259 5481 5351 8239 8259 5481 5352 8240 8260 5482 5352 8240 8260 5482 5353 8241 8261 5483 5353 8241 8261 5483 5354 8242 8262 5484 5354 8242 8262 5484 5355 8243 8263 5485 8245 5358 5486 8264 8246 5360 5488 8265 8246 5360 5488 8265 8247 5362 5490 8266 8247 5362 5490 8266 8248 5364 5492 8267 8248 5364 5492 8267 8249 5366 5494 8268 8249 5366 5494 8268 8250 5368 5496 8269 8250 5368 5496 8269 8251 5370 5498 8270 8251 5370 5498 8270 8252 5372 5500 8271 8252 5372 5500 8271 8253 5374 5502 8272 5477 8255 8273 5594 5478 8256 8274 5595 5478 8256 8274 5595 5479 8257 8275 5596 5479 8257 8275 5596 5480 8258 8276 5597 5480 8258 8276 5597 5481 8259 8277 5598 5481 8259 8277 5598 5482 8260 8278 5599 5482 8260 8278 5599 5483 8261 8279 5600 5483 8261 8279 5600 5484 8262 8280 5601 5484 8262 8280 5601 5485 8263 8281 5602 8264 5486 5603 8282 8265 5488 5605 8283 8265 5488 5605 8283 8266 5490 5607 8284 8266 5490 5607 8284 8267 5492 5609 8285 8267 5492 5609 8285 8268 5494 5611 8286 8268 5494 5611 8286 8269 5496 5613 8287 8269 5496 5613 8287 8270 5498 5615 8288 8270 5498 5615 8288 8271 5500 5617 8289 8271 5500 5617 8289 8272 5502 5619 8290 8272 8290 8291 5502 5619 5621 5594 8273 8292 5723 5595 8274 8293 5724 5595 8274 8293 5724 5596 8275 8294 5725 5596 8275 8294 5725 5597 8276 8295 5726 5597 8276 8295 5726 5598 8277 8296 5727 5598 8277 8296 5727 5599 8278 8297 5728 5599 8278 8297 5728 5600 8279 8298 5729 5600 8279 8298 5729 5601 8280 8299 5730 5601 8280 8299 5730 5602 8281 8300 5731 5602 5731 5732 8281 8300 8301 8282 5603 5733 8302 8283 5605 5735 8303 8283 5605 5735 8303 8284 5607 5737 8304 8284 5607 5737 8304 8285 5609 5739 8305 8285 5609 5739 8305 8286 5611 5741 8306 8286 5611 5741 8306 8287 5613 5743 8307 8287 5613 5743 8307 8288 5615 5745 8308 8288 5615 5745 8308 8289 5617 5747 8309 8289 5617 5747 8309 8290 5619 5749 8310 8290 5619 5749 8310 8291 5621 5751 8311 5723 8292 8312 5853 5724 8293 8313 5854 5724 8293 8313 5854 5725 8294 8314 5855 5725 8294 8314 5855 5726 8295 8315 5856 5726 8295 8315 5856 5727 8296 8316 5857 5727 8296 8316 5857 5728 8297 8317 5858 5728 8297 8317 5858 5729 8298 8318 5859 5729 8298 8318 5859 5730 8299 8319 5860 5730 8299 8319 5860 5731 8300 8320 5861 5731 8300 8320 5861 5732 8301 8321 5862 8303 5735 5863 8322 8304 5737 5865 8323 8304 5737 5865 8323 8305 5739 5867 8324 8305 5739 5867 8324 8306 5741 5869 8325 8306 5741 5869 8325 8307 5743 5871 8326 8307 5743 5871 8326 8308 5745 5873 8327 8308 5745 5873 8327 8309 5747 5875 8328 8309 5747 5875 8328 8310 5749 5877 8329 8310 5749 5877 8329 8311 5751 5879 8330 5854 8313 8331 5971 5855 8314 8332 5972 5855 8314 8332 5972 5856 8315 8333 5973 5856 8315 8333 5973 5857 8316 8334 5974 5857 8316 8334 5974 5858 8317 8335 5975 5858 8317 8335 5975 5859 8318 8336 5976 5859 8318 8336 5976 5860 8319 8337 5977 5860 8319 8337 5977 5861 8320 8338 5978 5861 8320 8338 5978 5862 8321 8339 5979 8322 5863 5980 8340 8323 5865 5982 8341 8323 5865 5982 8341 8324 5867 5984 8342 8324 5867 5984 8342 8325 5869 5986 8343 8325 5869 5986 8343 8326 5871 5988 8344 8326 5871 5988 8344 8327 5873 5990 8345 8327 5873 5990 8345 8328 5875 5992 8346 8328 5875 5992 8346 8329 5877 5994 8347 8329 5877 5994 8347 8330 5879 5996 8348 8330 8348 8349 5879 5996 5998 5971 8331 8350 6100 5972 8332 8351 6101 5972 8332 8351 6101 5973 8333 8352 6102 5973 8333 8352 6102 5974 8334 8353 6103 5974 8334 8353 6103 5975 8335 8354 6104 5975 8335 8354 6104 5976 8336 8355 6105 5976 8336 8355 6105 5977 8337 8356 6106 5977 8337 8356 6106 5978 8338 8357 6107 5978 8338 8357 6107 5979 8339 8358 6108 5979 6108 6109 8339 8358 8359 8340 5980 6110 8360 8341 5982 6112 8361 8341 5982 6112 8361 8342 5984 6114 8362 8342 5984 6114 8362 8343 5986 6116 8363 8343 5986 6116 8363 8344 5988 6118 8364 8344 5988 6118 8364 8345 5990 6120 8365 8345 5990 6120 8365 8346 5992 6122 8366 8346 5992 6122 8366 8347 5994 6124 8367 8347 5994 6124 8367 8348 5996 6126 8368 8348 5996 6126 8368 8349 5998 6128 8369 6100 8350 8370 6230 6101 8351 8371 6231 6101 8351 8371 6231 6102 8352 8372 6232 6102 8352 8372 6232 6103 8353 8373 6233 6103 8353 8373 6233 6104 8354 8374 6234 6104 8354 8374 6234 6105 8355 8375 6235 6105 8355 8375 6235 6106 8356 8376 6236 6106 8356 8376 6236 6107 8357 8377 6237 6107 8357 8377 6237 6108 8358 8378 6238 6108 8358 8378 6238 6109 8359 8379 6239 8361 6112 6240 8380 8362 6114 6242 8381 8362 6114 6242 8381 8363 6116 6244 8382 8363 6116 6244 8382 8364 6118 6246 8383 8364 6118 6246 8383 8365 6120 6248 8384 8365 6120 6248 8384 8366 6122 6250 8385 8366 6122 6250 8385 8367 6124 6252 8386 8367 6124 6252 8386 8368 6126 6254 8387 8368 6126 6254 8387 8369 6128 6256 8388 6231 8371 8389 6348 6232 8372 8390 6349 6232 8372 8390 6349 6233 8373 8391 6350 6233 8373 8391 6350 6234 8374 8392 6351 6234 8374 8392 6351 6235 8375 8393 6352 6235 8375 8393 6352 6236 8376 8394 6353 6236 8376 8394 6353 6237 8377 8395 6354 6237 8377 8395 6354 6238 8378 8396 6355 6238 8378 8396 6355 6239 8379 8397 6356 8380 6240 6357 8398 8381 6242 6359 8399 8381 6242 6359 8399 8382 6244 6361 8400 8382 6244 6361 8400 8383 6246 6363 8401 8383 6246 6363 8401 8384 6248 6365 8402 8384 6248 6365 8402 8385 6250 6367 8403 8385 6250 6367 8403 8386 6252 6369 8404 8386 6252 6369 8404 8387 6254 6371 8405 8387 6254 6371 8405 8388 6256 6373 8406 8388 8406 8407 6256 6373 6375 6348 8389 8408 6477 6349 8390 8409 6478 6349 8390 8409 6478 6350 8391 8410 6479 6350 8391 8410 6479 6351 8392 8411 6480 6351 8392 8411 6480 6352 8393 8412 6481 6352 8393 8412 6481 6353 8394 8413 6482 6353 8394 8413 6482 6354 8395 8414 6483 6354 8395 8414 6483 6355 8396 8415 6484 6355 8396 8415 6484 6356 8397 8416 6485 6356 6485 6486 8397 8416 8417 8398 6357 6487 8418 8399 6359 6489 8419 8399 6359 6489 8419 8400 6361 6491 8420 8400 6361 6491 8420 8401 6363 6493 8421 8401 6363 6493 8421 8402 6365 6495 8422 8402 6365 6495 8422 8403 6367 6497 8423 8403 6367 6497 8423 8404 6369 6499 8424 8404 6369 6499 8424 8405 6371 6501 8425 8405 6371 6501 8425 8406 6373 6503 8426 8406 6373 6503 8426 8407 6375 6505 8427 6477 8408 8428 6607 6478 8409 8429 6608 6478 8409 8429 6608 6479 8410 8430 6609 6479 8410 8430 6609 6480 8411 8431 6610 6480 8411 8431 6610 6481 8412 8432 6611 6481 8412 8432 6611 6482 8413 8433 6612 6482 8413 8433 6612 6483 8414 8434 6613 6483 8414 8434 6613 6484 8415 8435 6614 6484 8415 8435 6614 6485 8416 8436 6615 6485 8416 8436 6615 6486 8417 8437 6616 8418 6487 6617 8438 8419 6489 6619 8439 8419 6489 6619 8439 8420 6491 6621 8440 8420 6491 6621 8440 8421 6493 6623 8441 8421 6493 6623 8441 8422 6495 6625 8442 8422 6495 6625 8442 8423 6497 6627 8443 8423 6497 6627 8443 8424 6499 6629 8444 8424 6499 6629 8444 8425 6501 6631 8445 8425 6501 6631 8445 8426 6503 6633 8446 8426 6503 6633 8446 8427 6505 6635 8447 6607 8428 8448 6737 6608 8429 8449 6738 6608 8429 8449 6738 6609 8430 8450 6739 6609 8430 8450 6739 6610 8431 8451 6740 6610 8431 8451 6740 6611 8432 8452 6741 6611 8432 8452 6741 6612 8433 8453 6742 6612 8433 8453 6742 6613 8434 8454 6743 6613 8434 8454 6743 6614 8435 8455 6744 6614 8435 8455 6744 6615 8436 8456 6745 6615 8436 8456 6745 6616 8437 8457 6746 8439 6619 6747 8458 8440 6621 6749 8459 8440 6621 6749 8459 8441 6623 6751 8460 8441 6623 6751 8460 8442 6625 6753 8461 8442 6625 6753 8461 8443 6627 6755 8462 8443 6627 6755 8462 8444 6629 6757 8463 8444 6629 6757 8463 8445 6631 6759 8464 8445 6631 6759 8464 8446 6633 6761 8465 8446 6633 6761 8465 8447 6635 6763 8466 6738 8449 8467 6855 6739 8450 8468 6856 6739 8450 8468 6856 6740 8451 8469 6857 6740 8451 8469 6857 6741 8452 8470 6858 6741 8452 8470 6858 6742 8453 8471 6859 6742 8453 8471 6859 6743 8454 8472 6860 6743 8454 8472 6860 6744 8455 8473 6861 6744 8455 8473 6861 6745 8456 8474 6862 6745 8456 8474 6862 6746 8457 8475 6863 8458 6747 6864 8476 8459 6749 6866 8477 8459 6749 6866 8477 8460 6751 6868 8478 8460 6751 6868 8478 8461 6753 6870 8479 8461 6753 6870 8479 8462 6755 6872 8480 8462 6755 6872 8480 8463 6757 6874 8481 8463 6757 6874 8481 8464 6759 6876 8482 8464 6759 6876 8482 8465 6761 6878 8483 8465 6761 6878 8483 8466 6763 6880 8484 8466 8484 8485 6763 6880 6882 6855 8467 8486 6984 6856 8468 8487 6985 6856 8468 8487 6985 6857 8469 8488 6986 6857 8469 8488 6986 6858 8470 8489 6987 6858 8470 8489 6987 6859 8471 8490 6988 6859 8471 8490 6988 6860 8472 8491 6989 6860 8472 8491 6989 6861 8473 8492 6990 6861 8473 8492 6990 6862 8474 8493 6991 6862 8474 8493 6991 6863 8475 8494 6992 6863 6992 6993 8475 8494 8495 8476 6864 6994 8496 8477 6866 6996 8497 8477 6866 6996 8497 8478 6868 6998 8498 8478 6868 6998 8498 8479 6870 7000 8499 8479 6870 7000 8499 8480 6872 7002 8500 8480 6872 7002 8500 8481 6874 7004 8501 8481 6874 7004 8501 8482 6876 7006 8502 8482 6876 7006 8502 8483 6878 7008 8503 8483 6878 7008 8503 8484 6880 7010 8504 8484 6880 7010 8504 8485 6882 7012 8505 6984 8486 8506 7114 6985 8487 8507 7115 6985 8487 8507 7115 6986 8488 8508 7116 6986 8488 8508 7116 6987 8489 8509 7117 6987 8489 8509 7117 6988 8490 8510 7118 6988 8490 8510 7118 6989 8491 8511 7119 6989 8491 8511 7119 6990 8492 8512 7120 6990 8492 8512 7120 6991 8493 8513 7121 6991 8493 8513 7121 6992 8494 8514 7122 6992 8494 8514 7122 6993 8495 8515 7123 8497 6996 7124 8516 8498 6998 7126 8517 8498 6998 7126 8517 8499 7000 7128 8518 8499 7000 7128 8518 8500 7002 7130 8519 8500 7002 7130 8519 8501 7004 7132 8520 8501 7004 7132 8520 8502 7006 7134 8521 8502 7006 7134 8521 8503 7008 7136 8522 8503 7008 7136 8522 8504 7010 7138 8523 8504 7010 7138 8523 8505 7012 7140 8524 7115 8507 8525 7232 7116 8508 8526 7233 7116 8508 8526 7233 7117 8509 8527 7234 7117 8509 8527 7234 7118 8510 8528 7235 7118 8510 8528 7235 7119 8511 8529 7236 7119 8511 8529 7236 7120 8512 8530 7237 7120 8512 8530 7237 7121 8513 8531 7238 7121 8513 8531 7238 7122 8514 8532 7239 7122 8514 8532 7239 7123 8515 8533 7240 8516 7124 7241 8534 8517 7126 7243 8535 8517 7126 7243 8535 8518 7128 7245 8536 8518 7128 7245 8536 8519 7130 7247 8537 8519 7130 7247 8537 8520 7132 7249 8538 8520 7132 7249 8538 8521 7134 7251 8539 8521 7134 7251 8539 8522 7136 7253 8540 8522 7136 7253 8540 8523 7138 7255 8541 8523 7138 7255 8541 8524 7140 7257 8542 7232 8525 8543 7349 7233 8526 8544 7350 7233 8526 8544 7350 7234 8527 8545 7351 7234 8527 8545 7351 7235 8528 8546 7352 7235 8528 8546 7352 7236 8529 8547 7353 7236 8529 8547 7353 7237 8530 8548 7354 7237 8530 8548 7354 7238 8531 8549 7355 7238 8531 8549 7355 7239 8532 8550 7356 7239 8532 8550 7356 7240 8533 8551 7357 7349 8543 8552 7413 7350 8544 8553 7414 7350 8544 8553 7414 7351 8545 8554 7415 7351 8545 8554 7415 7352 8546 8555 7416 7352 8546 8555 7416 7353 8547 8556 7417 7353 8547 8556 7417 7354 8548 8557 7418 7354 8548 8557 7418 7355 8549 8558 7419</DataArray>
        <DataArray type="Int32" Name="offsets" format="ascii">8 16 24 32 40 48 56 64 72 80 88 96 104 112 120 128 136 144 152 160 168 176 184 192 200 208 216 224 232 240 248 256 264 272 280 288 296 304 312 320 328 336 344 352 360 368 376 384 392 400 408 416 424 432 440 448 456 464 472 480 488 496 504 512 520 528 536 544 552 560 568 576 584 592 600 608 616 624 632 640 648 656 664 672 680 688 696 704 712 720 728 736 744 752 760 768 776 784 792 800 808 816 824 832 840 848 856 864 872 880 888 896 904 912 920 928 936 944 952 960 968 976 984 992 1000 1008 1016 1024 1032 1040 1048 1056 1064 1072 1080 1088 1096 1104 1112 1120 1128 1136 1144 1152 1160 1168 1176 1184 1192 1200 1208 1216 1224 1232 1240 1248 1256 1264 1272 1280 1288 1296 1304 1312 1320 1328 1336 1344 1352 1360 1368 1376 1384 1392 1400 1408 1416 1424 1432 1440 1448 1456 1464 1472 1480 1488 1496 1504 1512 1520 1528 1536 1544 1552 1560 1568 1576 1584 1592 1600 1608 1616 1624 1632 1640 1648 1656 1664 1672 1680 1688 1696 1704 1712 1720 1728 1736 1744 1752 1760 1768 1776 1784 1792 1800 1808 1816 1824 1832 1840 1848 1856 1864 1872 1880 1888 1896 1904 1912 1920 1928 1936 1944 1952 1960 1968 1976 1984 1992 2000 2008 2016 2024 2032 2040 2048 2056 2064 2072 2080 2088 2096 2104 2112 2120 2128 2136 2144 2152 2160 2168 2176 2184 2192 2200 2208 2216 2224 2232 2240 2248 2256 2264 2272 2280 2288 2296 2304 2312 2320 2328 2336 2344 2352 2360 2368 2376 2384 2392 2400 2408 2416 2424 2432 2440 2448 2456 2464 2472 2480 2488 2496 2504 2512 2520 2528 2536 2544 2552 2560 2568 2576 2584 2592 2600 2608 2616 2624 2632 2640 2648 2656 2664 2672 2680 2688 2696 2704 2712 2720 2728 2736 2744 2752 2760 2768 2776 2784 2792 2798 2806 2812 2820 2826 2834 2840 2848 2854 2862 2868 2876 2882 2890 2896 2904 2910 2918 2924 2932 2938 2946 2952 2960 2968 2976 2984 2992 3000 3008 3016 3024 3032 3040 3048 3056 3064 3072 3080 3088 3096 3104 3112 3120 3128 3136 3144 3152 3160 3168 3176 3184 3192 3200 3208 3216 3224 3232 3240 3248 3256 3264 3272 3280 3288 3296 3304 3312 3320 3328 3336 3344 3352 3360 3368 3376 3384 3392 3400 3408 3416 3424 3432 3440 3448 3456 3464 3472 3480 3488 3496 3504 3512 3520 3528 3536 3544 3552 3560 3568 3576 3584 3592 3600 3608 3616 3624 3632 3640 3648 3656 3664 3672 3680 3688 3696 3704 3712 3720 3728 3736 3744 3752 3760 3768 3776 3784 3792 3800 3808 3816 3824 3830 3838 3844 3852 3858 3866 3872 3880 3886 3894 3900 3908 3914 3922 3928 3936 3942 3950 3956 3964 3970 3978 3984 3992 4000 4008 4016 4024 4032 4040 4048 4056 4064 4072 4080 4088 4096 4104 4112 4120 4128 4136 4144 4152 4160 4168 4176 4184 4190 4198 4204 4212 4218 4226 4232 4240 4246 4254 4260 4268 4274 4282 4288 4296 4302 4310 4316 4324 4330 4338 4344 4352 4360 4368 4376 4384 4392 4400 4408 4416 4424 4432 4440 4448 4456 4464 4472 4480 4488 4496 4504 4512 4520 4528 4536 4544 4550 4558 4564 4572 4578 4586 4592 4600 4606 4614 4620 4628 4634 4642 4648 4656 4662 4670 4676 4684 4690 4698 4704 4712 4720 4728 4736 4744 4752 4760 4768 4776 4784 4792 4800 4808 4816 4824 4832 4840 4848 4856 4864 4872 4880 4888 4896 4904 4910 4918 4924 4932 4938 4946 4952 4960 4966 4974 4980 4988 4994 5002 5008 5016 5022 5030 5036 5044 5050 5058 5064 5072 5080 5088 5096 5104 5112 5120 5128 5136 5144 5152 5160 5168 5176 5184 5192 5200 5208 5216 5224 5232 5240 5248 5256 5264 5272 5280 5288 5296 5304 5312 5320 5328 5336 5344 5352 5360 5366 5374 5380 5388 5394 5402 5408 5416 5422 5430 5436 5444 5450 5458 5464 5472 5478 5486 5492 5500 5506 5514 5520 5528 5536 5544 5552 5560 5568 5576 5584 5592 5600 5608 5616 5624 5632 5640 5648 5656 5664 5672 5680 5688 5696 5704 5712 5720 5726 5734 5740 5748 5754 5762 5768 5776 5782 5790 5796 5804 5810 5818 5824 5832 5838 5846 5852 5860 5866 5874 5880 5888 5896 5904 5912 5920 5928 5936 5944 5952 5960 5968 5976 5984 5992 6000 6008 6016 6024 6032 6040 6048 6056 6064 6072 6080 6088 6096 6104 6112 6120 6128 6136 6144 6152 6160 6168 6176 6184 6192 6200 6208 6216 6224 6232 6240 6248 6256 6264 6272 6278 6286 6292 6300 6306 6314 6320 6328 6334 6342 6348 6356 6362 6370 6376 6384 6390 6398 6404 6412 6418 6426 6432 6440 6448 6456 6464 6472 6480 6488 6496 6504 6512 6520 6528 6536 6544 6552 6560 6568 6576 6584 6592 6600 6608 6616 6624 6632 6640 6648 6656 6664 6672 6680 6688 6696 6704 6712 6720 6728 6736 6744 6752 6760 6768 6776 6784 6792 6800 6808 6816 6824 6830 6838 6844 6852 6858 6866 6872 6880 6886 6894 6900 6908 6914 6922 6928 6936 6942 6950 6956 6964 6970 6978 6984 6992 7000 7008 7016 7024 7032 7040 7048 7056 7064 7072 7080 7088 7096 7104 7112 7120 7128 7136 7144 7152 7160 7168 7176 7184 7192 7198 7206 7214 7220 7228 7236 7242 7250 7258 7264 7272 7280 7286 7294 7302 7308 7316 7324 7330 7338 7346 7352 7360 7368 7374 7382 7390 7396 7404 7412 7418 7426 7434 7440 7448 7456 7464 7472 7480 7488 7496 7504 7512 7520 7528 7536 7544 7552 7560 7568 7576 7584 7592 7600 7608 7616 7624 7632 7640 7648 7656 7664 7672 7680 7688 7696 7704 7712 7720 7728 7736 7744 7752 7760 7768 7776 7784 7792 7800 7808 7816 7824 7832 7840 7848 7856 7864 7872 7880 7888 7896 7904 7912 7920 7928 7936 7942 7950 7958 7964 7972 7980 7986 7994 8002 8008 8016 8024 8030 8038 8046 8052 8060 8068 8074 8082 8090 8096 8104 8112 8118 8126 8134 8140 8148 8156 8162 8170 8178 8184 8192 8200 8208 8216 8224 8232 8240 8248 8256 8264 8272 8280 8288 8296 8304 8312 8320 8328 8336 8344 8352 8360 8368 8376 8384 8392 8400 8408 8416 8424 8432 8440 8448 8456 8464 8472 8480 8488 8494 8502 8510 8516 8524 8532 8538 8546 8554 8560 8568 8576 8582 8590 8598 8604 8612 8620 8626 8634 8642 8648 8656 8664 8670 8678 8686 8692 8700 8708 8714 8722 8730 8736 8744 8752 8760 8768 8776 8784 8792 8800 8808 8816 8824 8832 8840 8848 8856 8864 8872 8880 8888 8896 8904 8912 8920 8928 8936 8944 8952 8960 8968 8976 8984 8992 9000 9008 9016 9024 9032 9040 9048 9054 9062 9070 9078 9084 9092 9100 9108 9114 9122 9130 9138 9144 9152 9160 9168 9174 9182 9190 9198 9204 9212 9220 9228 9234 9242 9250 9258 9264 9272 9280 9288 9294 9302 9310 9318 9324 9332 9340 9348 9354 9362 9370 9378 9384 9392 9400 9408 9416 9424 9432 9440 9448 9456 9464 9472 9480 9488 9496 9504 9512 9520 9528 9536 9544 9552 9560 9568 9576 9584 9592 9600 9608 9616 9624 9632 9640 9648 9656 9664 9672 9680 9688 9696 9702 9710 9718 9726 9732 9740 9748 9756 9762 9770 9778 9786 9792 9800 9808 9816 9822 9830 9838 9846 9852 9860 9868 9876 9882 9890 9898 9906 9912 9920 9928 9936 9942 9950 9958 9966 9972 9980 9988 9996 10002 10010 10018 10026 10032 10040 10048 10056 10064 10072 10080 10088 10096 10104 10112 10120 10128 10136 10144 10152 10160 10168 10176 10184 10192 10200 10208 10216 10224 10232 10240 10248 10256 10264 10272 10280 10288 10296 10304 10312 10320 10328 10336 10344 10352 10360 10368 10376 10384 10392 10400 10408 10416 10424 10432 10440 10448 10454 10462 10470 10478 10486 10492 10500 10508 10516 10524 10530 10538 10546 10554 10562 10568 10576 10584 10592 10600 10606 10614 10622 10630 10638 10644 10652 10660 10668 10676 10682 10690 10698 10706 10714 10720 10728 10736 10744 10752 10758 10766 10774 10782 10790 10796 10804 10812 10820 10828 10834 10842 10850 10858 10866 10872 10880 10888 10896 10904 10912 10920 10928 10936 10944 10952 10960 10968 10976 10984 10992 11000 11008 11016 11024 11032 11040 11048 11056 11064 11072 11080 11088 11096 11104 11112 11120 11128 11136 11144 11152 11160 11168 11176 11184 11192 11200 11208 11216 11224 11232 11240 11248 11256 11264 11272 11280 11288 11296 11304 11312 11320 11328 11336 11344 11352 11360 11368 11376 11384 11392 11400 11408 11416 11424 11432 11440 11448 11456 11464 11472 11480 11488 11496 11504 11512 11520 11528 11536 11544 11552 11560 11568 11576 11584 11592 11600 11608 11616 11624 11632 11640 11648 11656 11664 11672 11678 11686 11694 11702 11710 11716 11724 11732 11740 11748 11754 11762 11770 11778 11786 11792 11800 11808 11816 11824 11830 11838 11846 11854 11862 11868 11876 11884 11892 11900 11906 11914 11922 11930 11938 11944 11952 11960 11968 11976 11982 11990 11998 12006 12014 12020 12028 12036 12044 12052 12058 12066 12074 12082 12090 12096 12104 12112 12120 12128 12136 12144 12152 12160 12168 12176 12184 12192 12200 12208 12216 12224 12232 12240 12248 12256 12264 12272 12280 12288 12296 12304 12312 12320 12328 12336 12344 12352 12360 12368 12376 12384 12392 12400 12408 12416 12424 12432 12440 12448 12456 12464 12472 12480 12488 12496 12504 12512 12518 12526 12534 12542 12550 12556 12564 12572 12580 12588 12594 12602 12610 12618 12626 12632 12640 12648 12656 12664 12670 12678 12686 12694 12702 12708 12716 12724 12732 12740 12746 12754 12762 12770 12778 12784 12792 12800 12808 12816 12822 12830 12838 12846 12854 12860 12868 12876 12884 12892 12898 12906 12914 12922 12930 12936 12944 12952 12960 12968 12976 12984 12992 13000 13008 13016 13024 13032 13040 13048 13056 13064 13072 13080 13088 13096 13104 13112 13120 13128 13136 13144 13152 13160 13168 13176 13184 13192 13200 13208 13216 13224 13232 13240 13248 13256 13264 13272 13280 13288 13296 13304 13312 13320 13328 13336 13344 13352 13360 13368 13376 13384 13392 13400 13408 13416 13424 13432 13440 13448 13454 13462 13470 13478 13486 13492 13500 13508 13516 13524 13530 13538 13546 13554 13562 13568 13576 13584 13592 13600 13606 13614 13622 13630 13638 13644 13652 13660 13668 13676 13682 13690 13698 13706 13714 13720 13728 13736 13744 13752 13758 13766 13774 13782 13790 13796 13804 13812 13820 13828 13834 13842 13850 13858 13866 13872 13880 13888 13896 13904 13912 13920 13928 13936 13944 13952 13960 13968 13976 13984 13992 14000 14008 14016 14024 14032 14040 14048 14056 14064 14072 14080 14088 14096 14104 14112 14120 14128 14136 14144 14152 14160 14168 14176 14184 14192 14200 14208 14216 14224 14232 14240 14248 14256 14264 14272 14280 14288 14296 14304 14312 14320 14328 14336 14344 14352 14360 14368 14376 14384 14392 14398 14406 14414 14422 14430 14438 14444 14452 14460 14468 14476 14484 14490 14498 14506 14514 14522 14530 14536 14544 14552 14560 14568 14576 14582 14590 14598 14606 14614 14622 14628 14636 14644 14652 14660 14668 14674 14682 14690 14698 14706 14714 14720 14728 14736 14744 14752 14760 14766 14774 14782 14790 14798 14806 14812 14820 14828 14836 14844 14852 14858 14866 14874 14882 14890 14898 14904 14912 14920 14928 14936 14944 14952 14960 14968 14976 14984 14992 15000 15008 15016 15024 15032 15040 15048 15056 15064 15072 15080 15088 15096 15104 15112 15120 15128 15136 15144 15152 15160 15168 15176 15184 15192 15200 15208 15216 15224 15232 15240 15248 15256 15264 15272 15280 15288 15296 15304 15312 15320 15328 15336 15344 15352 15360 15368 15376 15384 15392 15400 15408 15416 15424 15430 15438 15446 15454 15462 15470 15476 15484 15492 15500 15508 15516 15522 15530 15538 15546 15554 15562 15568 15576 15584 15592 15600 15608 15614 15622 15630 15638 15646 15654 15660 15668 15676 15684 15692 15700 15706 15714 15722 15730 15738 15746 15752 15760 15768 15776 15784 15792 15798 15806 15814 15822 15830 15838 15844 15852 15860 15868 15876 15884 15890 15898 15906 15914 15922 15930 15936 15944 15952 15960 15968 15976 15984 15992 16000 16008 16016 16024 16032 16040 16048 16056 16064 16072 16080 16088 16096 16104 16112 16120 16128 16136 16144 16152 16160 16168 16176 16184 16192 16200 16208 16216 16224 16232 16240 16248 16256 16264 16272 16280 16288 16296 16304 16312 16320 16328 16336 16344 16352 16360 16368 16376 16384 16392 16400 16408 16416 16424 16432 16440 16448 16456 16464 16472 16480 16488 16496 16504 16512 16520 16528 16536 16544 16552 16560 16566 16574 16582 16590 16598 16606 16614 16620 16628 16636 16644 16652 16660 16668 16674 16682 16690 16698 16706 16714 16722 16728 16736 16744 16752 16760 16768 16776 16782 16790 16798 16806 16814 16822 16830 16836 16844 16852 16860 16868 16876 16884 16890 16898 16906 16914 16922 16930 16938 16944 16952 16960 16968 16976 16984 16992 16998 17006 17014 17022 17030 17038 17046 17052 17060 17068 17076 17084 17092 17100 17106 17114 17122 17130 17138 17146 17154 17160 17168 17176 17184 17192 17200 17208 17216 17224 17232 17240 17248 17256 17264 17272 17280 17288 17296 17304 17312 17320 17328 17336 17344 17352 17360 17368 17376 17384 17392 17400 17408 17416 17424 17432 17440 17448 17456 17464 17472 17480 17488 17496 17504 17512 17520 17528 17536 17544 17552 17560 17568 17576 17584 17592 17600 17608 17616 17624 17632 17640 17648 17656 17664 17672 17680 17688 17696 17704 17712 17720 17728 17736 17744 17752 17760 17768 17776 17784 17790 17798 17806 17814 17822 17830 17838 17844 17852 17860 17868 17876 17884 17892 17898 17906 17914 17922 17930 17938 17946 17952 17960 17968 17976 17984 17992 18000 18006 18014 18022 18030 18038 18046 18054 18060 18068 18076 18084 18092 18100 18108 18114 18122 18130 18138 18146 18154 18162 18168 18176 18184 18192 18200 18208 18216 18222 18230 18238 18246 18254 18262 18270 18276 18284 18292 18300 18308 18316 18324 18330 18338 18346 18354 18362 18370 18378 18384 18392 18400 18408 18416 18424 18432 18440 18448 18456 18464 18472 18480 18488 18496 18504 18512 18520 18528 18536 18544 18552 18560 18568 18576 18584 18592 18600 18608 18616 18624 18632 18640 18648 18656 18664 18672 18680 18688 18696 18704 18712 18720 18728 18736 18744 18752 18760 18768 18776 18784 18792 18800 18808 18816 18824 18832 18840 18848 18856 18864 18872 18880 18888 18896 18904 18912 18920 18928 18936 18944 18952 18960 18968 18976 18984 18992 19000 19008 19016 19024 19032 19040 19048 19056 19064 19072 19080 19088 19096 19104 19110 19118 19126 19134 19142 19150 19158 19164 19172 19180 19188 19196 19204 19212 19218 19226 19234 19242 19250 19258 19266 19272 19280 19288 19296 19304 19312 19320 19326 19334 19342 19350 19358 19366 19374 19380 19388 19396 19404 19412 19420 19428 19434 19442 19450 19458 19466 19474 19482 19488 19496 19504 19512 19520 19528 19536 19542 19550 19558 19566 19574 19582 19590 19596 19604 19612 19620 19628 19636 19644 19650 19658 19666 19674 19682 19690 19698 19704 19712 19720 19728 19736 19744 19752 19760 19768 19776 19784 19792 19800 19808 19816 19824 19832 19840 19848 19856 19864 19872 19880 19888 19896 19904 19912 19920 19928 19936 19944 19952 19960 19968 19976 19984 19992 20000 20008 20016 20024 20032 20040 20048 20056 20064 20072 20080 20088 20096 20104 20112 20120 20128 20136 20144 20152 20160 20168 20176 20184 20192 20200 20208 20216 20224 20232 20240 20248 20256 20264 20272 20280 20288 20296 20304 20312 20320 20328 20336 20344 20352 20360 20368 20376 20384 20392 20400 20408 20416 20424 20432 20438 20446 20454 20462 20470 20478 20486 20494 20500 20508 20516 20524 20532 20540 20548 20556 20562 20570 20578 20586 20594 20602 20610 20618 20624 20632 20640 20648 20656 20664 20672 20680 20686 20694 20702 20710 20718 20726 20734 20742 20748 20756 20764 20772 20780 20788 20796 20804 20810 20818 20826 20834 20842 20850 20858 20866 20872 20880 20888 20896 20904 20912 20920 20928 20934 20942 20950 20958 20966 20974 20982 20990 20996 21004 21012 21020 21028 21036 21044 21052 21058 21066 21074 21082 21090 21098 21106 21114 21120 21128 21136 21144 21152 21160 21168 21176 21184 21192 21200 21208 21216 21224 21232 21240 21248 21256 21264 21272 21280 21288 21296 21304 21312 21320 21328 21336 21344 21352 21360 21368 21376 21384 21392 21400 21408 21416 21424 21432 21440 21448 21456 21464 21472 21480 21488 21496 21504 21512 21520 21528 21536 21544 21552 21560 21568 21576 21584 21592 21600 21608 21616 21624 21632 21640 21648 21656 21664 21672 21680 21688 21696 21704 21712 21720 21728 21736 21744 21752 21760 21768 21776 21784 21792 21800 21808 21816 21824 21832 21840 21848 21854 21862 21870 21878 21886 21894 21902 21910 21916 21924 21932 21940 21948 21956 21964 21972 21978 21986 21994 22002 22010 22018 22026 22034 22040 22048 22056 22064 22072 22080 22088 22096 22102 22110 22118 22126 22134 22142 22150 22158 22164 22172 22180 22188 22196 22204 22212 22220 22226 22234 22242 22250 22258 22266 22274 22282 22288 22296 22304 22312 22320 22328 22336 22344 22350 22358 22366 22374 22382 22390 22398 22406 22412 22420 22428 22436 22444 22452 22460 22468 22474 22482 22490 22498 22506 22514 22522 22530 22536 22544 22552 22560 22568 22576 22584 22592 22600 22608 22616 22624 22632 22640 22648 22656 22664 22672 22680 22688 22696 22704 22712 22720 22728 22736 22744 22752 22760 22768 22776 22784 22792 22800 22808 22816 22824 22832 22840 22848 22856 22864 22872 22880 22888 22896 22904 22912 22920 22928 22936 22944 22952 22960 22968 22976 22984 22992 23000 23008 23016 23024 23032 23040 23048 23056 23064 23072 23080 23088 23096 23104 23112 23120 23128 23136 23144 23152 23160 23168 23176 23184 23192 23200 23208 23216 23224 23232 23240 23248 23256 23264 23272 23280 23288 23296 23304 23312 23320 23328 23336 23344 23352 23360 23366 23374 23382 23390 23398 23406 23414 23422 23428 23436 23444 23452 23460 23468 23476 23484 23490 23498 23506 23514 23522 23530 23538 23546 23552 23560 23568 23576 23584 23592 23600 23608 23614 23622 23630 23638 23646 23654 23662 23670 23676 23684 23692 23700 23708 23716 23724 23732 23738 23746 23754 23762 23770 23778 23786 23794 23800 23808 23816 23824 23832 23840 23848 23856 23862 23870 23878 23886 23894 23902 23910 23918 23924 23932 23940 23948 23956 23964 23972 23980 23986 23994 24002 24010 24018 24026 24034 24042 24048 24056 24064 24072 24080 24088 24096 24104 24112 24120 24128 24136 24144 24152 24160 24168 24176 24184 24192 24200 24208 24216 24224 24232 24240 24248 24256 24264 24272 24280 24288 24296 24304 24312 24320 24328 24336 24344 24352 24360 24368 24376 24384 24392 24400 24408 24416 24424 24432 24440 24448 24456 24464 24472 24480 24488 24496 24504 24512 24520 24528 24536 24544 24552 24560 24568 24576 24584 24592 24600 24608 24616 24624 24632 24640 24648 24656 24664 24672 24680 24688 24696 24704 24712 24720 24728 24736 24744 24752 24760 24768 24776 24784 24792 24800 24808 24816 24824 24832 24840 24848 24856 24864 24872 24880 24888 24896 24904 24912 24920 24928 24936 24944 24952 24960 24968 24976 24984 24992 25000 25008 25016 25024 25032 25040 25048 25056 25064 25072 25080 25088 25096 25104 25112 25120 25128 25136 25144 25152 25160 25168 25176 25184 25192 25200 25208 25216 25224 25232 25240 25248 25256 25264 25272 25280 25288 25296 25304 25312 25320 25328 25336 25344 25352 25360 25368 25376 25384 25392 25400 25408 25416 25424 25432 25440 25448 25456 25464 25472 25480 25488 25496 25504 25512 25520 25528 25536 25544 25552 25560 25568 25576 25584 25592 25600 25608 25616 25624 25632 25640 25648 25654 25662 25670 25678 25686 25694 25702 25710 25718 25724 25732 25740 25748 25756 25764 25772 25780 25788 25794 25802 25810 25818 25826 25834 25842 25850 25858 25864 25872 25880 25888 25896 25904 25912 25920 25928 25934 25942 25950 25958 25966 25974 25982 25990 25998 26004 26012 26020 26028 26036 26044 26052 26060 26068 26074 26082 26090 26098 26106 26114 26122 26130 26138 26144 26152 26160 26168 26176 26184 26192 26200 26208 26214 26222 26230 26238 26246 26254 26262 26270 26278 26284 26292 26300 26308 26316 26324 26332 26340 26348 26354 26362 26370 26378 26386 26394 26402 26410 26418 26424 26432 26440 26448 26456 26464 26472 26480 26488 26496 26504 26512 26520 26528 26536 26544 26552 26560 26568 26576 26584 26592 26600 26608 26616 26624 26632 26640 26648 26656 26664 26672 26680 26688 26696 26704 26712 26720 26728 26736 26744 26752 26760 26768 26776 26784 26792 26800 26808 26816 26824 26832 26840 26848 26856 26864 26872 26880 26888 26896 26904 26912 26920 26928 26936 26944 26952 26960 26968 26976 26984 26992 27000 27008 27016 27024 27032 27040 27048 27056 27064 27072 27080 27088 27096 27104 27112 27120 27128 27136 27144 27152 27160 27168 27176 27184 27192 27200 27208 27216 27224 27232 27240 27248 27256 27262 27270 27278 27286 27294 27302 27310 27318 27326 27332 27340 27348 27356 27364 27372 27380 27388 27396 27402 27410 27418 27426 27434 27442 27450 27458 27466 27472 27480 27488 27496 27504 27512 27520 27528 27536 27542 27550 27558 27566 27574 27582 27590 27598 27606 27612 27620 27628 27636 27644 27652 27660 27668 27676 27682 27690 27698 27706 27714 27722 27730 27738 27746 27752 27760 27768 27776 27784 27792 27800 27808 27816 27822 27830 27838 27846 27854 27862 27870 27878 27886 27892 27900 27908 27916 27924 27932 27940 27948 27956 27962 27970 27978 27986 27994 28002 28010 28018 28026 28032 28040 28048 28056 28064 28072 28080 28088 28096 28104 28112 28120 28128 28136 28144 28152 28160 28168 28176 28184 28192 28200 28208 28216 28224 28232 28240 28248 28256 28264 28272 28280 28288 28296 28304 28312 28320 28328 28336 28344 28352 28360 28368 28376 28384 28392 28400 28408 28416 28424 28432 28440 28448 28456 28464 28472 28480 28488 28496 28504 28512 28520 28528 28536 28544 28552 28560 28568 28576 28584 28592 28600 28608 28616 28624 28632 28640 28648 28656 28664 28672 28680 28688 28696 28704 28712 28720 28728 28736 28744 28752 28760 28768 28776 28784 28792 28800 28808 28816 28824 28832 28840 28848 28856 28864 28872 28880 28888 28896 28904 28912 28920 28928 28936 28944 28952 28960 28968 28976 28984 28992 29000 29008 29016 29024 29032 29040 29048 29056 29064 29072 29080 29088 29096 29104 29112 29120 29128 29136 29144 29152 29160 29168 29176 29184 29192 29200 29208 29216 29224 29232 29240 29248 29256 29264 29272 29280 29288 29296 29304 29312 29320 29328 29336 29344 29352 29360 29368 29376 29384 29392 29400 29408 29416 29424 29432 29440 29448 29456 29464 29472 29480 29488 29496 29504 29512 29520 29528 29536 29544 29552 29560 29568 29576 29584 29592 29600 29608 29616 29624 29632 29640 29648 29656 29664 29672 29680 29688 29696 29704 29712 29720 29728 29734 29742 29750 29758 29766 29774 29782 29790 29798 29804 29812 29820 29828 29836 29844 29852 29860 29868 29874 29882 29890 29898 29906 29914 29922 29930 29938 29944 29952 29960 29968 29976 29984 29992 30000 30008 30014 30022 30030 30038 30046 30054 30062 30070 30078 30084 30092 30100 30108 30116 30124 30132 30140 30148 30154 30162 30170 30178 30186 30194 30202 30210 30218 30224 30232 30240 30248 30256 30264 30272 30280 30288 30294 30302 30310 30318 30326 30334 30342 30350 30358 30364 30372 30380 30388 30396 30404 30412 30420 30428 30434 30442 30450 30458 30466 30474 30482 30490 30498 30504 30512 30520 30528 30536 30544 30552 30560 30568 30576 30584 30592 30600 30608 30616 30624 30632 30640 30648 30656 30664 30672 30680 30688 30696 30704 30712 30720 30728 30736 30744 30752 30760 30768 30776 30784 30792 30800 30808 30816 30824 30832 30840 30848 30856 30864 30872 30880 30888 30896 30904 30912 30920 30928 30936 30944 30952 30960 30968 30976 30984 30992 31000 31008 31016 31024 31032 31040 31048 31056 31064 31072 31080 31088 31096 31104 31112 31120 31128 31136 31144 31152 31160 31168 31176 31184 31192 31200 31208 31216 31224 31232 31240 31248 31256 31264 31272 31280 31288 31296 31304 31312 31320 31328 31336 31344 31352 31360 31368 31376 31384 31392 31400 31408 31416 31424 31432 31440 31448 31456 31464 31472 31480 31488 31496 31504 31512 31520 31528 31536 31544 31552 31560 31568 31576 31584 31592 31600 31608 31616 31624 31632 31640 31648 31656 31664 31672 31680 31688 31696 31704 31712 31720 31728 31736 31744 31752 31760 31768 31776 31784 31792 31800 31808 31816 31824 31832 31840 31848 31856 31864 31872 31880 31888 31896 31904 31912 31920 31928 31936 31944 31952 31960 31968 31976 31984 31992 32000 32008 32016 32024 32032 32040 32048 32056 32064 32072 32080 32088 32096 32104 32112 32120 32128 32136 32144 32152 32160 32168 32176 32184 32192 32200 32206 32214 32222 32230 32238 32246 32254 32262 32270 32276 32284 32292 32300 32308 32316 32324 32332 32340 32346 32354 32362 32370 32378 32386 32394 32402 32410 32416 32424 32432 32440 32448 32456 32464 32472 32480 32486 32494 32502 32510 32518 32526 32534 32542 32550 32556 32564 32572 32580 32588 32596 32604 32612 32620 32626 32634 32642 32650 32658 32666 32674 32682 32690 32696 32704 32712 32720 32728 32736 32744 32752 32760 32766 32774 32782 32790 32798 32806 32814 32822 32830 32836 32844 32852 32860 32868 32876 32884 32892 32900 32906 32914 32922 32930 32938 32946 32954 32962 32970 32976 32984 32992 33000 33008 33016 33024 33032 33040 33048 33056 33064 33072 33080 33088 33096 33104 33112 33120 33128 33136 33144 33152 33160 33168 33176 33184 33192 33200 33208 33216 33224 33232 33240 33248 33256 33264 33272 33280 33288 33296 33304 33312 33320 33328 33336 33344 33352 33360 33368 33376 33384 33392 33400 33408 33416 33424 33432 33440 33448 33456 33464 33472 33480 33488 33496 33504 33512 33520 33528 33536 33544 33552 33560 33568 33576 33584 33592 33600 33608 33616 33624 33632 33640 33648 33656 33664 33672 33680 33688 33696 33704 33712 33720 33728 33736 33744 33752 33760 33768 33776 33784 33792 33800 33808 33816 33824 33832 33840 33848 33856 33864 33872 33880 33888 33896 33904 33912 33920 33928 33936 33944 33952 33960 33968 33976 33984 33992 34000 34008 34016 34024 34032 34040 34048 34056 34064 34072 34080 34088 34096 34104 34112 34120 34128 34136 34144 34152 34160 34168 34176 34184 34192 34200 34208 34216 34224 34232 34240 34248 34256 34264 34272 34280 34288 34296 34304 34312 34320 34328 34336 34344 34352 34360 34368 34376 34384 34392 34400 34408 34416 34424 34432 34440 34448 34456 34464 34472 34480 34488 34496 34504 34512 34520 34528 34536 34544 34552 34560 34568 34576 34584 34592 34600 34608 34616 34624 34632 34640 34648 34656 34664 34672 34678 34686 34694 34702 34710 34718 34726 34734 34742 34748 34756 34764 34772 34780 34788 34796 34804 34812 34818 34826 34834 34842 34850 34858 34866 34874 34882 34888 34896 34904 34912 34920 34928 34936 34944 34952 34958 34966 34974 34982 34990 34998 35006 35014 35022 35028 35036 35044 35052 35060 35068 35076 35084 35092 35098 35106 35114 35122 35130 35138 35146 35154 35162 35168 35176 35184 35192 35200 35208 35216 35224 35232 35238 35246 35254 35262 35270 35278 35286 35294 35302 35308 35316 35324 35332 35340 35348 35356 35364 35372 35378 35386 35394 35402 35410 35418 35426 35434 35442 35448 35456 35464 35472 35480 35488 35496 35504 35512 35520 35528 35536 35544 35552 35560 35568 35576 35584 35592 35600 35608 35616 35624 35632 35640 35648 35656 35664 35672 35680 35688 35696 35704 35712 35720 35728 35736 35744 35752 35760 35768 35776 35784 35792 35800 35808 35816 35824 35832 35840 35848 35856 35864 35872 35880 35888 35896 35904 35912 35920 35928 35936 35944 35952 35960 35968 35976 35984 35992 36000 36008 36016 36024 36032 36040 36048 36056 36064 36072 36080 36088 36096 36104 36112 36120 36128 36136 36144 36152 36160 36168 36176 36184 36192 36200 36208 36216 36224 36232 36240 36248 36256 36264 36272 36280 36288 36296 36304 36312 36320 36328 36336 36344 36352 36360 36368 36376 36384 36392 36400 36408 36416 36424 36432 36440 36448 36456 36464 36472 36480 36488 36496 36504 36512 36520 36528 36536 36544 36552 36560 36568 36576 36584 36592 36600 36608 36616 36624 36632 36640 36648 36656 36664 36672 36680 36688 36696 36704 36712 36720 36728 36736 36744 36752 36760 36768 36776 36784 36792 36800 36808 36816 36824 36832 36840 36848 36856 36864 36872 36880 36888 36896 36904 36912 36920 36928 36936 36944 36952 36960 36968 36976 36984 36992 37000 37008 37016 37024 37032 37040 37048 37056 37064 37072 37080 37088 37096 37104 37112 37120 37128 37136 37144 37152 37160 37168 37176 37184 37192 37200 37208 37216 37224 37232 37240 37248 37256 37264 37272 37280 37288 37296 37304 37312 37320 37328 37336 37344 37352 37360 37368 37376 37384 37392 37400 37408 37416 37424 37432 37440 37448 37456 37464 37472 37480 37488 37496 37504 37512 37520 37528 37536 37544 37552 37560 37568 37576 37584 37592 37600 37608 37616 37624 37632 37640 37648 37656 37664 37672 37680 37688 37696 37704 37712 37720 37728 37736 37744 37752 37760 37768 37776 37784 37792 37800 37808 37816 37824 37832 37840 37848 37856 37864 37872 37880 37888 37896 37904 37912 37920 37928 37936 37944 37952 37960 37968 37976 37984 37992 38000 38008 38014 38022 38030 38038 38046 38054 38062 38070 38078 38084 38092 38100 38108 38116 38124 38132 38140 38148 38154 38162 38170 38178 38186 38194 38202 38210 38218 38224 38232 38240 38248 38256 38264 38272 38280 38288 38294 38302 38310 38318 38326 38334 38342 38350 38358 38364 38372 38380 38388 38396 38404 38412 38420 38428 38434 38442 38450 38458 38466 38474 38482 38490 38498 38504 38512 38520 38528 38536 38544 38552 38560 38568 38574 38582 38590 38598 38606 38614 38622 38630 38638 38644 38652 38660 38668 38676 38684 38692 38700 38708 38714 38722 38730 38738 38746 38754 38762 38770 38778 38784 38792 38800 38808 38816 38824 38832 38840 38848 38856 38864 38872 38880 38888 38896 38904 38912 38920 38928 38936 38944 38952 38960 38968 38976 38984 38992 39000 39008 39016 39024 39032 39040 39048 39056 39064 39072 39080 39088 39096 39104 39112 39120 39128 39136 39144 39152 39160 39168 39176 39184 39192 39200 39208 39216 39224 39232 39240 39248 39256 39264 39272 39280 39288 39296 39304 39312 39320 39328 39336 39344 39352 39360 39368 39376 39384 39392 39400 39408 39416 39424 39432 39440 39448 39456 39464 39472 39480 39488 39496 39504 39512 39520 39528 39536 39544 39552 39560 39568 39576 39584 39592 39600 39608 39616 39624 39632 39640 39648 39656 39664 39672 39680 39688 39696 39704 39712 39720 39728 39736 39744 39752 39760 39768 39776 39784 39792 39800 39808 39816 39824 39832 39840 39848 39856 39864 39872 39880 39888 39896 39904 39912 39920 39928 39936 39944 39952 39960 39968 39976 39984 39992 40000 40008 40016 40024 40032 40040 40048 40056 40064 40072 40080 40088 40096 40104 40112 40120 40128 40136 40144 40152 40160 40168 40176 40184 40192 40200 40208 40216 40224 40232 40240 40248 40256 40264 40272 40280 40288 40296 40304 40312 40320 40328 40336 40344 40352 40360 40368 40376 40384 40392 40400 40408 40416 40424 40432 40440 40448 40456 40464 40472 40480 40488 40496 40504 40512 40520 40528 40536 40544 40552 40560 40568 40576 40584 40592 40600 40608 40616 40624 40632 40640 40648 40656 40664 40672 40680 40688 40696 40704 40712 40720 40728 40736 40744 40752 40760 40768 40776 40784 40792 40800 40808 40816 40824 40832 40840 40848 40856 40864 40872 40880 40888 40896 40904 40912 40920 40928 40936 40944 40952 40960 40968 40976 40984 40992 41000 41008 41016 41024 41032 41040 41048 41056 41064 41072 41080 41088 41096 41104 41112 41120 41128 41136 41144 41152 41160 41168 41176 41184 41192 41200 41208 41216 41224 41232 41240 41248 41256 41264 41272 41280 41288 41296 41304 41312 41320 41328 41336 41344 41352 41360 41368 41376 41384 41392 41400 41408 41416 41424 41432 41440 41448 41456 41464 41472 41480 41488 41496 41504 41512 41520 41528 41536 41544 41552 41560 41568 41576 41584 41592 41600 41608 41616 41624 41632 41640 41648 41656 41664 41672 41680 41688 41696 41704 41712 41720 41728 41736 41744 41752 41760 41768 41776 41784 41792 41800 41808 41816 41824 41832 41840 41848 41856 41864 41872 41880 41888 41896 41904 41912 41920 41928 41936 41944 41952 41960 41968 41976 41984 41992 42000 42008 42016 42022 42030 42036 42044 42052 42060 42068 42076 42084 42092 42100 42108 42116 42124 42132 42140 42148 42156 42164 42172 42180 42188 42194 42202 42208 42216 42224 42232 42240 42248 42254 42262 42268 42276 42284 42292 42300 42308 42314 42322 42328 42336 42344 42352 42360 42368 42374 42382 42388 42396 42404 42412 42420 42428 42436 42444 42450 42458 42464 42472 42480 42488 42496 42504 42510 42518 42524 42532 42540 42548 42556 42564 42572 42580 42588 42596 42602 42610 42616 42624 42632 42640 42648 42656 42664 42672 42680 42688 42694 42702 42708 42716 42724 42732 42740 42748 42756 42762 42770 42778 42784 42792 42800 42808 42816 42824 42832 42840 42848 42856 42864 42872 42880 42886 42894 42902 42908 42916 42924 42932 42940 42948 42956 42964 42972 42978 42986 42994 43000 43008 43016 43024 43032 43040 43048 43056 43064 43072 43078 43086 43094 43102 43108 43116 43124 43132 43140 43148 43156 43164 43172 43180 43186 43194 43202 43210 43216 43224 43232 43240 43248 43256 43264 43272 43280 43288 43296 43304 43312 43318 43326 43334 43342 43350 43356 43364 43372 43380 43388 43396 43404 43412 43420 43428 43436 43444 43452 43460 43468 43476 43484 43492 43500 43508 43516 43522 43530 43538 43546 43554 43560 43568 43576 43584 43592 43600 43608 43616 43624 43632 43640 43648 43656 43662 43670 43678 43686 43694 43700 43708 43716 43724 43732 43740 43748 43756 43764 43772 43780 43788 43796 43804 43812 43818 43826 43834 43842 43850 43856 43864 43872 43880 43888 43896 43904 43912 43920 43928 43936 43944 43952 43960 43968 43976 43982 43990 43998 44006 44014 44022 44028 44036 44044 44052 44060 44068 44076 44084 44092 44100 44108 44116 44124 44132 44140 44148 44154 44162 44170 44178 44186 44194 44200 44208 44216 44224 44232 44240 44248 44256 44264 44272 44280 44288 44296 44304 44312 44320 44328 44336 44344 44350 44358 44366 44374 44382 44390 44398 44404 44412 44420 44428 44436 44444 44452 44460 44468 44476 44484 44492 44500 44508 44516 44524 44532 44540 44548 44554 44562 44570 44578 44586 44594 44602 44608 44616 44624 44632 44640 44648 44656 44664 44672 44680 44688 44696 44704 44712 44720 44728 44736 44744 44752 44760 44768 44774 44782 44790 44798 44806 44814 44822 44828 44836 44844 44852 44860 44868 44876 44884 44892 44900 44908 44916 44924 44932 44940 44948 44956 44964 44972 44980 44988 44996 45002 45010 45018 45026 45034 45042 45050 45058 45064 45072 45080 45088 45096 45104 45112 45120 45128 45136 45144 45152 45160 45168 45176 45184 45192 45200 45208 45216 45224 45232 45238 45246 45254 45262 45270 45278 45286 45294 45300 45308 45316 45324 45332 45340 45348 45356 45364 45372 45380 45388 45396 45404 45412 45420 45428 45436 45444 45452 45460 45468 45476 45484 45490 45498 45506 45514 45522 45530 45538 45546 45552 45560 45568 45576 45584 45592 45600 45608 45616 45624 45632 45640 45648 45656 45664 45672 45680 45688 45696 45704 45712 45720 45728 45736 45744 45752 45760 45768 45776 45784 45792 45800 45808 45816 45824 45832 45840 45848 45856 45864 45872 45878 45886 45894 45902 45910 45918 45926 45934 45942 45948 45956 45964 45972 45980 45988 45996 46004 46012 46020 46028 46036 46044 46052 46060 46068 46076 46084 46092 46100 46108 46116 46124 46132 46140 46146 46154 46162 46170 46178 46186 46194 46202 46210 46216 46224 46232 46240 46248 46256 46264 46272 46280 46288 46296 46304 46312 46320 46328 46336 46344 46352 46360 46368 46376 46384 46392 46400 46408 46416 46424 46432 46440 46448 46456 46464 46472 46480 46488 46496 46504 46512 46520 46528 46536 46544 46552 46558 46566 46574 46582 46590 46598 46606 46614 46622 46628 46636 46644 46652 46660 46668 46676 46684 46692 46700 46708 46716 46724 46732 46740 46748 46756 46764 46772 46780 46788 46796 46804 46812 46820 46828 46836 46844 46852 46860 46868 46876 46884 46892 46900 46908 46916 46924 46932 46940 46948 46956 46964 46970 46978 46986 46994 47002 47010 47018 47026 47034 47040 47048 47056 47064 47072 47080 47088 47096 47104 47112 47120 47128 47136 47144 47152 47160 47168 47176 47184 47192 47200 47208 47216 47224 47232 47240 47248 47256 47264 47272 47280 47288 47296 47304 47312 47320 47328 47336 47344 47352 47360 47368 47376 47382 47390 47398 47406 47414 47422 47430 47438 47446 47452 47460 47468 47476 47484 47492 47500 47508 47516 47524 47532 47540 47548 47556 47564 47572 47580 47588 47596 47604 47612 47620 47628 47636 47644 47652 47660 47668 47676 47684 47692 47700 47708 47716 47724 47732 47740 47748 47756 47764 47772 47780 47788 47796 47804 47812 47820 47828 47836 47844 47852 47860 47868 47876 47884 47892 47900 47908 47916 47924 47932 47938 47946 47954 47962 47970 47978 47986 47994 48002 48008 48016 48024 48032 48040 48048 48056 48064 48072 48080 48088 48096 48104 48112 48120 48128 48136 48144 48152 48160 48168 48176 48184 48192 48200 48208 48216 48224 48232 48240 48248 48256 48264 48272 48280 48288 48296 48304 48312 48320 48328 48336 48344 48352 48360 48368 48376 48384 48392 48400 48408 48416 48424 48432 48440 48448 48456</DataArray>
        <DataArray type="UInt8" Name="types" format="ascii">12 12 12 12 12 12 12 12 12 12 12 12 12 12 12 12 12 12 12 12 12 12 12 12 12 12 12 12 12 12 12 12 12 12 12 12 12 12 12 12 12 12 12 12 12 12 12 12 12 12 12 12 12 12 12 12 12 12 12 12 12 12 12 12 12 12 12 12 12 12 12 12 12 12 12 12 12 12 12 12 12 12 12 12 12 12 12 12 12 12 12 12 12 12 12 12 12 12 12 12 12 12 12 12 12 12 12 12 12 12 12 12 12 12 12 12 12 12 12 12 12 12 12 12 12 12 12 12 12 12 12 12 12 12 12 12 12 12 12 12 12 12 12 12 12 12 12 12 12 12 12 12 12 12 12 12 12 12 12 12 12 12 12 12 12 12 12 12 12 12 12 12 12 12 12 12 12 12 12 12 12 12 12 12 12 12 12 12 12 12 12 12 12 12 12 12 12 12 12 12 12 12 12 12 12 12 12 12 12 12 12 12 12 12 12 12 12 12 12 12 12 12 12 12 12 12 12 12 12 12 12 12 12 12 12 12 12 12 12 12 12 12 12 12 12 12 12 12 12 12 12 12 12 12 12 12 12 12 12 12 12 12 12 12 12 12 12 12 12 12 12 12 12 12 12 12 12 12 12 12 12 12 12 12 12 12 12 12 12 12 12 12 12 12 12 12 12 12 12 12 12 12 12 12 12 12 12 12 12 12 12 12 12 12 12 12 12 12 12 12 12 12 12 12 12 12 12 12 12 12 12 12 12 12 12 12 12 12 12 12 12 12 12 12 12 12 12 12 12 13 12 13 12 13 12 13 12 13 12 13 12 13 12 13 12 13 12 13 12 13 12 13 12 12 12 12 12 12 12 12 12 12 12 12 12 12 12 12 12 12 12 12 12 12 12 12 12 12 12 12 12 12 12 12 12 12 12 12 12 12 12 12 12 12 12 12 12 12 12 12 12 12 12 12 12 12 12 12 12 12 12 12 12 12 12 12 12 12 12 12 12 12 12 12 12 12 12 12 12 12 12 12 12 12 12 12 12 12 12 12 12 12 12 12 12 12 12 12 12 12 12 12 12 12 12 12 12 12 12 12 12 13 12 13 12 13 12 13 12 13 12 13 12 13 12 13 12 13 12 13 12 13 12 13 12 12 12 12 12 12 12 12 12 12 12 12 12 12 12 12 12 12 12 12 12 12 12 12 12 13 12 13 12 13 12 13 12 13 12 13 12 13 12 13 12 13 12 13 12 13 12 13 12 12 12 12 12 12 12 12 12 12 12 12 12 12 12 12 12 12 12 12 12 12 12 12 12 13 12 13 12 13 12 13 12 13 12 13 12 13 12 13 12 13 12 13 12 13 12 13 12 12 12 12 12 12 12 12 12 12 12 12 12 12 12 12 12 12 12 12 12 12 12 12 12 13 12 13 12 13 12 13 12 13 12 13 12 13 12 13 12 13 12 13 12 13 12 13 12 12 12 12 12 12 12 12 12 12 12 12 12 12 12 12 12 12 12 12 12 12 12 12 12 12 12 12 12 12 12 12 12 12 12 12 12 13 12 13 12 13 12 13 12 13 12 13 12 13 12 13 12 13 12 13 12 13 12 13 12 12 12 12 12 12 12 12 12 12 12 12 12 12 12 12 12 12 12 12 12 12 12 12 12 13 12 13 12 13 12 13 12 13 12 13 12 13 12 13 12 13 12 13 12 13 12 13 12 12 12 12 12 12 12 12 12 12 12 12 12 12 12 12 12 12 12 12 12 12 12 12 12 12 12 12 12 12 12 12 12 12 12 12 12 12 12 12 12 12 12 12 12 12 12 12 12 13 12 13 12 13 12 13 12 13 12 13 12 13 12 13 12 13 12 13 12 13 12 13 12 12 12 12 12 12 12 12 12 12 12 12 12 12 12 12 12 12 12 12 12 12 12 12 12 12 12 12 12 12 12 12 12 12 12 12 12 12 12 12 12 12 12 12 12 12 12 12 12 13 12 13 12 13 12 13 12 13 12 13 12 13 12 13 12 13 12 13 12 13 12 13 12 12 12 12 12 12 12 12 12 12 12 12 12 12 12 12 12 12 12 12 12 12 12 12 12 12 13 12 12 13 12 12 13 12 12 13 12 12 13 12 12 13 12 12 13 12 12 13 12 12 13 12 12 13 12 12 13 12 12 13 12 12 12 12 12 12 12 12 12 12 12 12 12 12 12 12 12 12 12 12 12 12 12 12 12 12 12 12 12 12 12 12 12 12 12 12 12 12 12 12 12 12 12 12 12 12 12 12 12 12 12 12 12 12 12 12 12 12 12 12 12 12 13 12 12 13 12 12 13 12 12 13 12 12 13 12 12 13 12 12 13 12 12 13 12 12 13 12 12 13 12 12 13 12 12 13 12 12 12 12 12 12 12 12 12 12 12 12 12 12 12 12 12 12 12 12 12 12 12 12 12 12 12 12 12 12 12 12 12 12 12 12 12 12 13 12 12 13 12 12 13 12 12 13 12 12 13 12 12 13 12 12 13 12 12 13 12 12 13 12 12 13 12 12 13 12 12 13 12 12 12 12 12 12 12 12 12 12 12 12 12 12 12 12 12 12 12 12 12 12 12 12 12 12 12 12 12 12 12 12 12 12 12 12 12 12 12 13 12 12 12 13 12 12 12 13 12 12 12 13 12 12 12 13 12 12 12 13 12 12 12 13 12 12 12 13 12 12 12 13 12 12 12 13 12 12 12 13 12 12 12 13 12 12 12 12 12 12 12 12 12 12 12 12 12 12 12 12 12 12 12 12 12 12 12 12 12 12 12 12 12 12 12 12 12 12 12 12 12 12 12 13 12 12 12 13 12 12 12 13 12 12 12 13 12 12 12 13 12 12 12 13 12 12 12 13 12 12 12 13 12 12 12 13 12 12 12 13 12 12 12 13 12 12 12 13 12 12 12 12 12 12 12 12 12 12 12 12 12 12 12 12 12 12 12 12 12 12 12 12 12 12 12 12 12 12 12 12 12 12 12 12 12 12 12 12 12 12 12 12 12 12 12 12 12 12 12 12 13 12 12 12 12 13 12 12 12 12 13 12 12 12 12 13 12 12 12 12 13 12 12 12 12 13 12 12 12 12 13 12 12 12 12 13 12 12 12 12 13 12 12 12 12 13 12 12 12 12 13 12 12 12 12 13 12 12 12 12 12 12 12 12 12 12 12 12 12 12 12 12 12 12 12 12 12 12 12 12 12 12 12 12 12 12 12 12 12 12 12 12 12 12 12 12 12 12 12 12 12 12 12 12 12 12 12 12 12 12 12 12 12 12 12 12 12 12 12 12 12 12 12 12 12 12 12 12 12 12 12 12 12 12 12 12 12 12 12 12 12 12 12 12 12 12 12 12 12 12 12 12 12 12 12 12 13 12 12 12 12 13 12 12 12 12 13 12 12 12 12 13 12 12 12 12 13 12 12 12 12 13 12 12 12 12 13 12 12 12 12 13 12 12 12 12 13 12 12 12 12 13 12 12 12 12 13 12 12 12 12 13 12 12 12 12 12 12 12 12 12 12 12 12 12 12 12 12 12 12 12 12 12 12 12 12 12 12 12 12 12 12 12 12 12 12 12 12 12 12 12 12 12 12 12 12 12 12 12 12 12 12 12 12 13 12 12 12 12 13 12 12 12 12 13 12 12 12 12 13 12 12 12 12 13 12 12 12 12 13 12 12 12 12 13 12 12 12 12 13 12 12 12 12 13 12 12 12 12 13 12 12 12 12 13 12 12 12 12 13 12 12 12 12 12 12 12 12 12 12 12 12 12 12 12 12 12 12 12 12 12 12 12 12 12 12 12 12 12 12 12 12 12 12 12 12 12 12 12 12 12 12 12 12 12 12 12 12 12 12 12 12 12 12 12 12 12 12 12 12 12 12 12 12 13 12 12 12 12 13 12 12 12 12 13 12 12 12 12 13 12 12 12 12 13 12 12 12 12 13 12 12 12 12 13 12 12 12 12 13 12 12 12 12 13 12 12 12 12 13 12 12 12 12 13 12 12 12 12 13 12 12 12 12 12 12 12 12 12 12 12 12 12 12 12 12 12 12 12 12 12 12 12 12 12 12 12 12 12 12 12 12 12 12 12 12 12 12 12 12 12 12 12 12 12 12 12 12 12 12 12 12 12 12 12 12 12 12 12 12 12 12 12 12 12 13 12 12 12 12 12 13 12 12 12 12 12 13 12 12 12 12 12 13 12 12 12 12 12 13 12 12 12 12 12 13 12 12 12 12 12 13 12 12 12 12 12 13 12 12 12 12 12 13 12 12 12 12 12 13 12 12 12 12 12 13 12 12 12 12 12 13 12 12 12 12 12 12 12 12 12 12 12 12 12 12 12 12 12 12 12 12 12 12 12 12 12 12 12 12 12 12 12 12 12 12 12 12 12 12 12 12 12 12 12 12 12 12 12 12 12 12 12 12 12 12 12 12 12 12 12 12 12 12 12 12 12 13 12 12 12 12 12 13 12 12 12 12 12 13 12 12 12 12 12 13 12 12 12 12 12 13 12 12 12 12 12 13 12 12 12 12 12 13 12 12 12 12 12 13 12 12 12 12 12 13 12 12 12 12 12 13 12 12 12 12 12 13 12 12 12 12 12 13 12 12 12 12 12 12 12 12 12 12 12 12 12 12 12 12 12 12 12 12 12 12 12 12 12 12 12 12 12 12 12 12 12 12 12 12 12 12 12 12 12 12 12 12 12 12 12 12 12 12 12 12 12 12 12 12 12 12 12 12 12 12 12 12 12 12 12 12 12 12 12 12 12 12 12 12 12 12 13 12 12 12 12 12 12 13 12 12 12 12 12 12 13 12 12 12 12 12 12 13 12 12 12 12 12 12 13 12 12 12 12 12 12 13 12 12 12 12 12 12 13 12 12 12 12 12 12 13 12 12 12 12 12 12 13 12 12 12 12 12 12 13 12 12 12 12 12 12 13 12 12 12 12 12 12 13 12 12 12 12 12 12 12 12 12 12 12 12 12 12 12 12 12 12 12 12 12 12 12 12 12 12 12 12 12 12 12 12 12 12 12 12 12 12 12 12 12 12 12 12 12 12 12 12 12 12 12 12 12 12 12 12 12 12 12 12 12 12 12 12 12 12 12 12 12 12 12 12 12 12 12 12 12 12 13 12 12 12 12 12 12 13 12 12 12 12 12 12 13 12 12 12 12 12 12 13 12 12 12 12 12 12 13 12 12 12 12 12 12 13 12 12 12 12 12 12 13 12 12 12 12 12 12 13 12 12 12 12 12 12 13 12 12 12 12 12 12 13 12 12 12 12 12 12 13 12 12 12 12 12 12 13 12 12 12 12 12 12 12 12 12 12 12 12 12 12 12 12 12 12 12 12 12 12 12 12 12 12 12 12 12 12 12 12 12 12 12 12 12 12 12 12 12 12 12 12 12 12 12 12 12 12 12 12 12 12 12 12 12 12 12 12 12 12 12 12 12 12 12 12 12 12 12 12 12 12 12 12 12 12 12 12 12 12 12 12 12 12 12 12 12 12 13 12 12 12 12 12 12 13 12 12 12 12 12 12 13 12 12 12 12 12 12 13 12 12 12 12 12 12 13 12 12 12 12 12 12 13 12 12 12 12 12 12 13 12 12 12 12 12 12 13 12 12 12 12 12 12 13 12 12 12 12 12 12 13 12 12 12 12 12 12 13 12 12 12 12 12 12 13 12 12 12 12 12 12 12 12 12 12 12 12 12 12 12 12 12 12 12 12 12 12 12 12 12 12 12 12 12 12 12 12 12 12 12 12 12 12 12 12 12 12 12 12 12 12 12 12 12 12 12 12 12 12 12 12 12 12 12 12 12 12 12 12 12 12 12 12 12 12 12 12 12 12 12 12 12 12 12 12 12 12 12 12 12 12 12 12 12 12 12 13 12 12 12 12 12 12 12 13 12 12 12 12 12 12 12 13 12 12 12 12 12 12 12 13 12 12 12 12 12 12 12 13 12 12 12 12 12 12 12 13 12 12 12 12 12 12 12 13 12 12 12 12 12 12 12 13 12 12 12 12 12 12 12 13 12 12 12 12 12 12 12 13 12 12 12 12 12 12 12 13 12 12 12 12 12 12 12 13 12 12 12 12 12 12 12 12 12 12 12 12 12 12 12 12 12 12 12 12 12 12 12 12 12 12 12 12 12 12 12 12 12 12 12 12 12 12 12 12 12 12 12 12 12 12 12 12 12 12 12 12 12 12 12 12 12 12 12 12 12 12 12 12 12 12 12 12 12 12 12 12 12 12 12 12 12 12 12 12 12 12 12 12 12 12 12 12 12 12 12 13 12 12 12 12 12 12 12 13 12 12 12 12 12 12 12 13 12 12 12 12 12 12 12 13 12 12 12 12 12 12 12 13 12 12 12 12 12 12 12 13 12 12 12 12 12 12 12 13 12 12 12 12 12 12 12 13 12 12 12 12 12 12 12 13 12 12 12 12 12 12 12 13 12 12 12 12 12 12 12 13 12 12 12 12 12 12 12 13 12 12 12 12 12 12 12 12 12 12 12 12 12 12 12 12 12 12 12 12 12 12 12 12 12 12 12 12 12 12 12 12 12 12 12 12 12 12 12 12 12 12 12 12 12 12 12 12 12 12 12 12 12 12 12 12 12 12 12 12 12 12 12 12 12 12 12 12 12 12 12 12 12 12 12 12 12 12 12 12 12 12 12 12 12 12 12 12 12 12 12 12 12 12 12 12 12 12 12 12 12 12 12 13 12 12 12 12 12 12 12 13 12 12 12 12 12 12 12 13 12 12 12 12 12 12 12 13 12 12 12 12 12 12 12 13 12 12 12 12 12 12 12 13 12 12 12 12 12 12 12 13 12 12 12 12 12 12 12 13 12 12 12 12 12 12 12 13 12 12 12 12 12 12 12 13 12 12 12 12 12 12 12 13 12 12 12 12 12 12 12 13 12 12 12 12 12 12 12 12 12 12 12 12 12 12 12 12 12 12 12 12 12 12 12 12 12 12 12 12 12 12 12 12 12 12 12 12 12 12 12 12 12 12 12 12 12 12 12 12 12 12 12 12 12 12 12 12 12 12 12 12 12 12 12 12 12 12 12 12 12 12 12 12 12 12 12 12 12 12 12 12 12 12 12 12 12 12 12 12 12 12 12 12 12 12 12 12 12 12 12 12 12 12 12 12 12 12 12 12 12 12 12 12 12 12 12 12 12 12 12 12 12 12 12 12 12 12 12 12 12 12 12 12 12 12 12 12 12 12 12 12 12 12 12 12 12 12 12 12 12 12 12 12 12 12 12 12 12 12 12 12 12 12 12 12 12 12 12 12 12 12 12 12 12 12 12 12 12 12 12 12 12 12 12 12 12 12 12 12 12 12 12 12 12 12 12 12 12 12 12 12 13 12 12 12 12 12 12 12 12 13 12 12 12 12 12 12 12 12 13 12 12 12 12 12 12 12 12 13 12 12 12 12 12 12 12 12 13 12 12 12 12 12 12 12 12 13 12 12 12 12 12 12 12 12 13 12 12 12 12 12 12 12 12 13 12 12 12 12 12 12 12 12 13 12 12 12 12 12 12 12 12 13 12 12 12 12 12 12 12 12 13 12 12 12 12 12 12 12 12 13 12 12 12 12 12 12 12 12 12 12 12 12 12 12 12 12 12 12 12 12 12 12 12 12 12 12 12 12 12 12 12 12 12 12 12 12 12 12 12 12 12 12 12 12 12 12 12 12 12 12 12 12 12 12 12 12 12 12 12 12 12 12 12 12 12 12 12 12 12 12 12 12 12 12 12 12 12 12 12 12 12 12 12 12 12 12 12 12 12 12 12 12 12 12 12 12 12 12 12 12 12 12 12 12 13 12 12 12 12 12 12 12 12 13 12 12 12 12 12 12 12 12 13 12 12 12 12 12 12 12 12 13 12 12 12 12 12 12 12 12 13 12 12 12 12 12 12 12 12 13 12 12 12 12 12 12 12 12 13 12 12 12 12 12 12 12 12 13 12 12 12 12 12 12 12 12 13 12 12 12 12 12 12 12 12 13 12 12 12 12 12 12 12 12 13 12 12 12 12 12 12 12 12 13 12 12 12 12 12 12 12 12 12 12 12 12 12 12 12 12 12 12 12 12 12 12 12 12 12 12 12 12 12 12 12 12 12 12 12 12 12 12 12 12 12 12 12 12 12 12 12 12 12 12 12 12 12 12 12 12 12 12 12 12 12 12 12 12 12 12 12 12 12 12 12 12 12 12 12 12 12 12 12 12 12 12 12 12 12 12 12 12 12 12 12 12 12 12 12 12 12 12 12 12 12 12 12 12 12 12 12 12 12 12 12 12 12 12 12 12 12 12 12 12 12 12 12 12 12 12 12 12 12 12 12 12 12 12 12 12 12 12 12 12 12 12 12 12 12 12 12 12 12 12 12 12 12 12 12 12 12 12 12 12 12 12 12 12 12 12 12 12 12 12 12 12 12 12 12 12 12 12 12 12 12 12 12 12 12 12 12 12 12 12 12 12 12 12 12 12 12 12 12 12 12 12 12 12 12 12 12 12 12 12 12 12 13 12 12 12 12 12 12 12 12 13 12 12 12 12 12 12 12 12 13 12 12 12 12 12 12 12 12 13 12 12 12 12 12 12 12 12 13 12 12 12 12 12 12 12 12 13 12 12 12 12 12 12 12 12 13 12 12 12 12 12 12 12 12 13 12 12 12 12 12 12 12 12 13 12 12 12 12 12 12 12 12 13 12 12 12 12 12 12 12 12 13 12 12 12 12 12 12 12 12 13 12 12 12 12 12 12 12 12 12 12 12 12 12 12 12 12 12 12 12 12 12 12 12 12 12 12 12 12 12 12 12 12 12 12 12 12 12 12 12 12 12 12 12 12 12 12 12 12 12 12 12 12 12 12 12 12 12 12 12 12 12 12 12 12 12 12 12 12 12 12 12 12 12 12 12 12 12 12 12 12 12 12 12 12 12 12 12 12 12 12 12 12 12 12 12 12 12 12 12 12 12 12 12 12 12 12 12 12 12 12 12 12 12 12 12 12 12 12 12 12 12 12 12 12 12 12 12 12 12 12 12 12 12 12 12 12 12 12 12 12 12 12 12 12 12 12 12 12 12 12 12 12 12 12 12 12 12 12 12 12 12 12 12 12 12 12 12 12 12 12 12 12 12 12 12 12 12 12 12 12 12 12 12 12 12 12 12 12 12 12 12 12 12 12 12 12 12 12 12 12 12 12 12 12 12 12 12 12 12 12 12 12 13 12 12 12 12 12 12 12 12 13 12 12 12 12 12 12 12 12 13 12 12 12 12 12 12 12 12 13 12 12 12 12 12 12 12 12 13 12 12 12 12 12 12 12 12 13 12 12 12 12 12 12 12 12 13 12 12 12 12 12 12 12 12 13 12 12 12 12 12 12 12 12 13 12 12 12 12 12 12 12 12 13 12 12 12 12 12 12 12 12 13 12 12 12 12 12 12 12 12 13 12 12 12 12 12 12 12 12 12 12 12 12 12 12 12 12 12 12 12 12 12 12 12 12 12 12 12 12 12 12 12 12 12 12 12 12 12 12 12 12 12 12 12 12 12 12 12 12 12 12 12 12 12 12 12 12 12 12 12 12 12 12 12 12 12 12 12 12 12 12 12 12 12 12 12 12 12 12 12 12 12 12 12 12 12 12 12 12 12 12 12 12 12 12 12 12 12 12 12 12 12 12 12 12 12 12 12 12 12 12 12 12 12 12 12 12 12 12 12 12 12 12 12 12 12 12 12 12 12 12 12 12 12 12 12 12 12 12 12 12 12 12 12 12 12 12 12 12 12 12 12 12 12 12 12 12 12 12 12 12 12 12 12 12 12 12 12 12 12 12 12 12 12 12 12 12 12 12 12 12 12 12 12 12 12 12 12 12 12 12 12 12 12 12 12 12 12 12 12 12 12 12 12 12 12 12 12 12 12 12 12 12 13 12 12 12 12 12 12 12 12 13 12 12 12 12 12 12 12 12 13 12 12 12 12 12 12 12 12 13 12 12 12 12 12 12 12 12 13 12 12 12 12 12 12 12 12 13 12 12 12 12 12 12 12 12 13 12 12 12 12 12 12 12 12 13 12 12 12 12 12 12 12 12 13 12 12 12 12 12 12 12 12 13 12 12 12 12 12 12 12 12 13 12 12 12 12 12 12 12 12 13 12 12 12 12 12 12 12 12 12 12 12 12 12 12 12 12 12 12 12 12 12 12 12 12 12 12 12 12 12 12 12 12 12 12 12 12 12 12 12 12 12 12 12 12 12 12 12 12 12 12 12 12 12 12 12 12 12 12 12 12 12 12 12 12 12 12 12 12 12 12 12 12 12 12 12 12 12 12 12 12 12 12 12 12 12 12 12 12 12 12 12 12 12 12 12 12 12 12 12 12 12 12 12 12 12 12 12 12 12 12 12 12 12 12 12 12 12 12 12 12 12 12 12 12 12 12 12 12 12 12 12 12 12 12 12 12 12 12 12 12 12 12 12 12 12 12 12 12 12 12 12 12 12 12 12 12 12 12 12 12 12 12 12 12 12 12 12 12 12 12 12 12 12 12 12 12 12 12 12 12 12 12 12 12 12 12 12 12 12 12 12 12 12 12 12 12 12 12 12 12 12 12 12 12 12 12 12 12 12 12 12 12 12 12 12 12 12 12 12 12 12 12 12 12 12 12 12 12 12 12 12 12 12 12 12 12 12 12 12 12 12 12 12 12 12 12 12 12 12 12 12 12 12 12 12 12 12 12 12 12 12 12 12 12 12 12 12 12 12 12 12 12 12 12 12 12 12 12 12 12 12 12 12 12 12 12 12 12 12 12 12 12 12 12 12 12 12 12 12 12 12 12 12 12 12 12 12 12 12 12 12 12 12 12 12 12 12 12 12 12 13 12 12 12 12 12 12 12 12 13 12 12 12 12 12 12 12 12 13 12 12 12 12 12 12 12 12 13 12 12 12 12 12 12 12 12 13 12 12 12 12 12 12 12 12 13 12 12 12 12 12 12 12 12 13 12 12 12 12 12 12 12 12 13 12 12 12 12 12 12 12 12 13 12 12 12 12 12 12 12 12 13 12 12 12 12 12 12 12 12 13 12 12 12 12 12 12 12 12 13 12 12 12 12 12 12 12 12 12 12 12 12 12 12 12 12 12 12 12 12 12 12 12 12 12 12 12 12 12 12 12 12 12 12 12 12 12 12 12 12 12 12 12 12 12 12 12 12 12 12 12 12 12 12 12 12 12 12 12 12 12 12 12 12 12 12 12 12 12 12 12 12 12 12 12 12 12 12 12 12 12 12 12 12 12 12 12 12 12 12 12 12 12 12 12 12 12 12 12 12 12 12 12 12 12 12 12 12 12 12 12 12 12 12 12 12 12 12 12 12 12 12 12 12 12 12 12 12 12 12 12 12 12 12 12 12 12 12 12 12 12 12 12 12 12 12 12 12 12 12 12 12 12 12 12 12 12 12 12 12 12 12 12 12 12 12 12 12 12 12 12 12 12 12 12 12 12 12 12 12 12 12 12 12 12 12 12 12 12 12 12 12 12 12 12 12 12 12 12 12 12 12 12 12 12 12 12 12 12 12 12 12 12 12 12 12 12 12 12 12 12 12 12 12 12 12 12 12 12 12 12 12 12 12 12 12 12 12 12 12 12 12 12 12 12 12 12 12 12 12 12 12 12 12 12 12 12 12 12 12 12 12 12 12 12 12 12 12 12 12 12 12 12 12 12 12 12 12 12 12 12 12 12 12 12 12 12 12 12 12 12 12 12 12 12 12 12 12 12 12 12 12 12 12 12 12 12 12 12 12 12 12 12 12 12 12 12 12 12 12 12 12 12 12 12 12 12 12 12 12 12 12 12 12 12 12 12 12 12 12 12 12 12 12 12 12 12 12 12 12 12 12 12 12 12 12 12 12 12 12 12 12 12 12 12 12 12 12 12 12 12 12 12 12 12 12 12 12 12 12 12 12 12 12 12 12 12 12 12 12 12 12 12 12 12 12 12 12 12 12 12 12 12 12 13 12 13 12 12 12 12 12 12 12 12 12 12 12 12 12 12 12 12 12 12 12 13 12 13 12 12 12 12 12 13 12 13 12 12 12 12 12 13 12 13 12 12 12 12 12 13 12 13 12 12 12 12 12 12 12 13 12 13 12 12 12 12 12 13 12 13 12 12 12 12 12 12 12 12 12 13 12 13 12 12 12 12 12 12 12 12 12 13 12 13 12 12 12 12 12 12 13 12 12 13 12 12 12 12 12 12 12 12 12 12 12 12 13 12 12 13 12 12 12 12 12 12 12 12 13 12 12 13 12 12 12 12 12 12 12 12 12 13 12 12 12 13 12 12 12 12 12 12 12 12 12 13 12 12 12 13 12 12 12 12 12 12 12 12 12 12 12 12 13 12 12 12 12 13 12 12 12 12 12 12 12 12 12 12 12 12 12 12 12 12 12 12 12 12 13 12 12 12 12 13 12 12 12 12 12 12 12 12 12 12 12 12 13 12 12 12 12 13 12 12 12 12 12 12 12 12 12 12 12 12 12 12 13 12 12 12 12 13 12 12 12 12 12 12 12 12 12 12 12 12 12 12 12 13 12 12 12 12 12 13 12 12 12 12 12 12 12 12 12 12 12 12 12 12 12 13 12 12 12 12 12 13 12 12 12 12 12 12 12 12 12 12 12 12 12 12 12 12 12 12 13 12 12 12 12 12 12 13 12 12 12 12 12 12 12 12 12 12 12 12 12 12 12 12 12 12 13 12 12 12 12 12 12 13 12 12 12 12 12 12 12 12 12 12 12 12 12 12 12 12 12 12 12 12 13 12 12 12 12 12 12 13 12 12 12 12 12 12 12 12 12 12 12 12 12 12 12 12 12 12 12 12 12 13 12 12 12 12 12 12 12 13 12 12 12 12 12 12 12 12 12 12 12 12 12 12 12 12 12 12 12 12 12 13 12 12 12 12 12 12 12 13 12 12 12 12 12 12 12 12 12 12 12 12 12 12 12 12 12 12 12 12 12 12 12 13 12 12 12 12 12 12 12 13 12 12 12 12 12 12 12 12 12 12 12 12 12 12 12 12 12 12 12 12 12 12 12 12 12 12 12 12 12 12 12 12 12 12 12 12 12 12 12 12 13 12 12 12 12 12 12 12 12 13 12 12 12 12 12 12 12 12 12 12 12 12 12 12 12 12 12 12 12 12 12 12 12 12 13 12 12 12 12 12 12 12 12 13 12 12 12 12 12 12 12 12 12 12 12 12 12 12 12 12 12 12 12 12 12 12 12 12 12 12 12 12 12 12 12 12 12 12 12 12 12 12 12 12 12 12 13 12 12 12 12 12 12 12 12 13 12 12 12 12 12 12 12 12 12 12 12 12 12 12 12 12 12 12 12 12 12 12 12 12 12 12 12 12 12 12 12 12 12 12 12 12 12 12 12 12 12 12 13 12 12 12 12 12 12 12 12 13 12 12 12 12 12 12 12 12 12 12 12 12 12 12 12 12 12 12 12 12 12 12 12 12 12 12 12 12 12 12 12 12 12 12 12 12 12 12 12 12 12 12 13 12 12 12 12 12 12 12 12 13 12 12 12 12 12 12 12 12 12 12 12 12 12 12 12 12 12 12 12 12 12 12 12 12 12 12 12 12 12 12 12 12 12 12 12 12 12 12 12 12 12 12 12 12 12 12 12 12 12 12 12 12 12 12 12 12 12 12 12 12 13 12 12 12 12 12 12 12 12 13 12 12 12 12 12 12 12 12 12 12 12 12 12 12 12 12 12 12 12 12 12 12 12 12 12 12 12 12 12 12 12 12 12 12 12 12 12 12 12 12 12 12 12 12 12 12 12 12 12 12 12 12 12 12 12 12</DataArray>
      </Cells>
    </Piece>
  </UnstructuredGrid>
</VTKFile>
