<?xml version="1.0"?>
<VTKFile type="UnstructuredGrid" version="0.1" byte_order="LittleEndian">
  <UnstructuredGrid>
    <Piece NumberOfPoints="6952" NumberOfCells="5257">
      <PointData/>
      <CellData Scalars="BodyId"><DataArray type="Int32" Name="BodyId" format="ascii">1 1 1 1 1 1 1 1 1 1 1 1 1 1 1 1 1 1 1 1 1 1 1 1 1 1 1 1 1 1 1 1 1 1 1 1 1 1 1 1 1 1 1 1 1 1 1 1 1 1 1 1 1 1 1 1 1 1 1 1 1 1 1 1 1 1 1 1 1 1 1 1 1 1 1 1 1 1 1 1 1 1 1 1 1 1 1 1 1 1 1 1 1 1 1 1 1 1 1 1 1 1 1 1 1 1 1 1 1 1 1 1 1 1 1 1 1 1 1 1 1 1 1 1 1 1 1 1 1 1 1 1 1 1 1 1 1 1 1 1 1 1 1 1 1 1 1 1 1 1 1 1 1 1 1 1 1 1 1 1 1 1 1 1 1 1 1 1 1 1 1 1 1 1 1 1 1 1 1 1 1 1 1 1 1 1 1 1 1 1 1 1 1 1 1 1 1 1 1 1 1 1 1 1 1 1 1 1 1 1 1 1 1 1 1 1 1 1 1 1 1 1 1 1 1 1 1 1 1 1 1 1 1 1 1 1 1 1 1 1 1 1 1 1 1 1 1 1 1 1 1 1 1 1 1 1 1 1 1 1 1 1 1 1 1 1 1 1 1 1 1 1 1 1 1 1 1 1 1 1 1 1 1 1 1 1 1 1 1 1 1 1 1 1 1 1 1 1 1 1 1 1 1 1 1 1 1 1 1 1 1 1 1 1 1 1 1 1 1 1 1 1 1 1 1 1 1 1 1 1 1 1 1 1 1 1 1 1 1 1 1 1 1 1 1 1 1 1 1 1 1 1 1 1 1 1 1 1 1 1 1 1 1 1 1 1 1 1 1 1 1 1 1 1 1 1 1 1 1 1 1 1 1 1 1 1 1 1 1 1 1 1 1 1 1 1 1 1 1 1 1 1 1 1 1 1 1 1 1 1 1 1 1 1 1 1 1 1 1 1 1 1 1 1 1 1 1 1 1 1 1 1 1 1 1 1 1 1 1 1 1 1 1 1 1 1 1 1 1 1 1 1 1 1 1 1 1 1 1 1 1 1 1 1 1 1 1 1 1 1 1 1 1 1 1 1 1 1 1 1 1 1 1 1 1 1 1 1 1 1 1 1 1 1 1 1 1 1 1 1 1 1 1 1 1 1 1 1 1 1 1 1 1 1 1 1 1 1 1 1 1 1 1 1 1 1 1 1 1 1 1 1 1 1 1 1 1 1 1 1 1 1 1 1 1 1 1 1 1 1 1 1 1 1 1 1 1 1 1 1 1 1 1 1 1 1 1 1 1 1 1 1 1 1 1 1 1 1 1 1 1 1 1 1 1 1 1 1 1 1 1 1 1 1 1 1 1 1 1 1 1 1 1 1 1 1 1 1 1 1 1 1 1 1 1 1 1 1 1 1 1 1 1 1 1 1 1 1 1 1 1 1 1 1 1 1 1 1 1 1 1 1 1 1 1 1 1 1 1 1 1 1 1 1 1 1 1 1 1 1 1 1 1 1 1 1 1 1 1 1 1 1 1 1 1 1 1 1 1 1 1 1 1 1 1 1 1 1 1 1 1 1 1 1 1 1 1 1 1 1 1 1 1 1 1 1 1 1 1 1 1 1 1 1 1 1 1 1 1 1 1 1 1 1 1 1 1 1 1 1 1 1 1 1 1 1 1 1 1 1 1 1 1 1 1 1 1 1 1 1 1 1 1 1 1 1 1 1 1 1 1 1 1 1 1 1 1 1 1 1 1 1 1 1 1 1 1 1 1 1 1 1 1 1 1 1 1 1 1 1 1 1 1 1 1 1 1 1 1 1 1 1 1 1 1 1 1 1 1 1 1 1 1 1 1 1 1 1 1 1 1 1 1 1 1 1 1 1 1 1 1 1 1 1 1 1 1 1 1 1 1 1 1 1 1 1 1 1 1 1 1 1 1 1 1 1 1 1 1 1 1 1 1 1 1 1 1 1 1 1 1 1 1 1 1 1 1 1 1 1 1 1 1 1 1 1 1 1 1 1 1 1 1 1 1 1 1 1 1 1 1 1 1 1 1 1 1 1 1 1 1 1 1 1 1 1 1 1 1 1 1 1 1 1 1 1 1 1 1 1 1 1 1 1 1 1 1 1 1 1 1 1 1 1 1 1 1 1 1 1 1 1 1 1 1 1 1 1 1 1 1 1 1 1 1 1 1 1 1 1 1 1 1 1 1 1 1 1 1 1 1 1 1 1 1 1 1 1 1 1 1 1 1 1 1 1 1 1 1 1 1 1 1 1 1 1 1 1 1 1 1 1 1 1 1 1 1 1 1 1 1 1 1 1 1 1 1 1 1 1 1 1 1 1 1 1 1 1 1 1 1 1 1 1 1 1 1 1 1 1 1 1 1 1 1 1 1 1 1 1 1 1 1 1 1 1 1 1 1 1 1 1 1 1 1 1 1 1 1 1 1 1 1 1 1 1 1 1 1 1 1 1 1 1 1 1 1 1 1 1 1 1 1 1 1 1 1 1 1 1 1 1 1 1 1 1 1 1 1 1 1 1 1 1 1 1 1 1 1 1 1 1 1 1 1 1 1 1 1 1 1 1 1 1 1 1 1 1 1 1 1 1 1 1 1 1 1 1 1 1 1 1 1 1 1 1 1 1 1 1 1 1 1 1 1 1 1 1 1 1 1 1 1 1 1 1 1 1 1 1 1 1 1 1 1 1 1 1 1 1 1 1 1 1 1 1 1 1 1 1 1 1 1 1 1 1 1 1 1 1 1 1 1 1 1 1 1 1 1 1 1 1 1 1 1 1 1 1 1 1 1 1 1 1 1 1 1 1 1 1 1 1 1 1 1 1 1 1 1 1 1 1 1 1 1 1 1 1 1 1 1 1 1 1 1 1 1 1 1 1 1 1 1 1 1 1 1 1 1 1 1 1 1 1 1 1 1 1 1 1 1 1 1 1 1 1 1 1 1 1 1 1 1 1 1 1 1 1 1 1 1 1 1 1 1 1 1 1 1 1 1 1 1 1 1 1 1 1 1 1 1 1 1 1 1 1 1 1 1 1 1 1 1 1 1 1 1 1 1 1 1 1 1 1 1 1 1 1 1 1 1 1 1 1 1 1 1 1 1 1 1 1 1 1 1 1 1 1 1 1 1 1 1 1 1 1 1 1 1 1 1 1 1 1 1 1 1 1 1 1 1 1 1 1 1 1 1 1 1 1 1 1 1 1 1 1 1 1 1 1 1 1 1 1 1 1 1 1 1 1 1 1 1 1 1 1 1 1 1 1 1 1 1 1 1 1 1 1 1 1 1 1 1 1 1 1 1 1 1 1 1 1 1 1 1 1 1 1 1 1 1 1 1 1 1 1 1 1 1 1 1 1 1 1 1 1 1 1 1 1 1 1 1 1 1 1 1 1 1 1 1 1 1 1 1 1 1 1 1 1 1 1 1 1 1 1 1 1 1 1 1 1 1 1 1 1 1 1 1 1 1 1 1 1 1 1 1 1 1 1 1 1 1 1 1 1 1 1 1 1 1 1 1 1 1 1 1 1 1 1 1 1 1 1 1 1 1 1 1 1 1 1 1 1 1 1 1 1 1 1 1 1 1 1 1 1 1 1 1 1 1 1 1 1 1 1 1 1 1 1 1 1 1 1 1 1 1 1 1 1 1 1 1 1 1 1 1 1 1 1 1 1 1 1 1 1 1 1 1 1 1 1 1 1 1 1 1 1 1 1 1 1 1 1 1 1 1 1 1 1 1 1 1 1 1 1 1 1 1 1 1 1 1 1 1 1 1 1 1 1 1 1 1 1 1 1 1 1 1 1 1 1 1 1 1 1 1 1 1 1 1 1 1 1 1 1 1 1 1 1 1 1 1 1 1 1 1 1 1 1 1 1 1 1 1 1 1 1 1 1 1 1 1 1 1 1 1 1 1 1 1 1 1 1 1 1 1 1 1 1 1 1 1 1 1 1 1 1 1 1 1 1 1 1 1 1 1 1 1 1 1 1 1 1 1 1 1 1 1 1 1 1 1 1 1 1 1 1 1 1 1 1 1 1 1 1 1 1 1 1 1 1 1 1 1 1 1 1 1 1 1 1 1 1 1 1 1 1 1 1 1 1 1 1 1 1 1 1 1 1 1 1 1 1 1 1 1 1 1 1 1 1 1 1 1 1 1 1 1 1 1 1 1 1 1 1 1 1 1 1 1 1 1 1 1 1 1 1 1 1 1 1 1 1 1 1 1 1 1 1 1 1 1 1 1 1 1 1 1 1 1 1 1 1 1 1 1 1 1 1 1 1 1 1 1 1 1 1 1 1 1 1 1 1 1 1 1 1 1 1 1 1 1 1 1 1 1 1 1 1 1 1 1 1 1 1 1 1 1 1 1 1 1 1 1 1 1 1 1 1 1 1 1 1 1 1 1 1 1 1 1 1 1 1 1 1 1 1 1 1 1 1 1 1 1 1 1 1 1 1 1 1 1 1 1 1 1 1 1 1 1 1 1 1 1 1 1 1 1 1 1 1 1 1 1 1 1 1 1 1 1 1 1 1 1 1 1 1 1 1 1 1 1 1 1 1 1 1 1 1 1 1 1 1 1 1 1 1 1 1 1 1 1 1 1 1 1 1 1 1 1 1 1 1 1 1 1 1 1 1 1 1 1 1 1 1 1 1 1 1 1 1 1 1 1 1 1 1 1 1 1 1 1 1 1 1 1 1 1 1 1 1 1 1 1 1 1 1 1 1 1 1 1 1 1 1 1 1 1 1 1 1 1 1 1 1 1 1 1 1 1 1 1 1 1 1 1 1 1 1 1 1 1 1 1 1 1 1 1 1 1 1 1 1 1 1 1 1 1 1 1 1 1 1 1 1 1 1 1 1 1 1 1 1 1 1 1 1 1 1 1 1 1 1 1 1 1 1 1 1 1 1 1 1 1 1 1 1 1 1 1 1 1 1 1 1 1 1 1 1 1 1 1 1 1 1 1 1 1 1 1 1 1 1 1 1 1 1 1 1 1 1 1 1 1 1 1 1 1 1 1 1 1 1 1 1 1 1 1 1 1 1 1 1 1 1 1 1 1 1 1 1 1 1 1 1 1 1 1 1 1 1 1 1 1 1 1 1 1 1 1 1 1 1 1 1 1 1 1 1 1 1 1 1 1 1 1 1 1 1 1 1 1 1 1 1 1 1 1 1 1 1 1 1 1 1 1 1 1 1 1 1 1 1 1 1 1 1 1 1 1 1 1 1 1 1 1 1 1 1 1 1 1 1 1 1 1 1 1 1 1 1 1 1 1 1 1 1 1 1 1 1 1 1 1 1 1 1 1 1 1 1 1 1 1 1 1 1 1 1 1 1 1 1 1 1 1 1 1 1 1 1 1 1 1 1 1 1 1 1 1 1 1 1 1 1 1 1 1 1 1 1 1 1 1 1 1 1 1 1 1 1 1 1 1 1 1 1 1 1 1 1 1 1 1 1 1 1 1 1 1 1 1 1 1 1 1 1 1 1 1 1 1 1 1 1 1 1 1 1 1 1 1 1 1 1 1 1 1 1 1 1 1 1 1 1 1 1 1 1 1 1 1 1 1 1 1 1 1 1 1 1 1 1 1 1 1 1 1 1 1 1 1 1 1 1 1 1 1 1 1 1 1 1 1 1 1 1 1 1 1 1 1 1 1 1 1 1 1 1 1 1 1 1 1 1 1 1 1 1 1 1 1 1 1 1 1 1 1 1 1 1 1 1 1 1 1 1 1 1 1 1 1 1 1 1 1 1 1 1 1 1 1 1 1 1 1 1 1 1 1 1 1 1 1 1 1 1 1 1 1 1 1 1 1 1 1 1 1 1 1 1 1 1 1 1 1 1 1 1 1 1 1 1 1 1 1 1 1 1 1 1 1 1 1 1 1 1 1 1 1 1 1 1 1 1 1 1 1 1 1 1 1 1 1 1 1 1 1 1 1 1 1 1 1 1 1 1 1 1 1 1 1 1 1 1 1 1 1 1 1 1 1 1 1 1 1 1 1 1 1 1 1 1 1 1 1 1 1 1 1 1 1 1 1 1 1 1 1 1 1 1 1 1 1 1 1 1 1 1 1 1 1 1 1 1 1 1 1 1 1 1 1 1 1 1 1 1 1 1 1 1 1 1 1 1 1 1 1 1 1 1 1 1 1 1 1 1 1 1 1 1 1 1 1 1 1 1 1 1 1 1 1 1 1 1 1 1 1 1 1 1 1 1 1 1 1 1 1 1 1 1 1 1 1 1 1 1 1 1 1 1 1 1 1 1 1 1 1 1 1 1 1 1 1 1 1 1 1 1 1 1 1 1 1 1 1 1 1 1 1 1 1 1 1 1 1 1 1 1 1 1 1 1 1 1 1 1 1 1 1 1 1 1 1 1 1 1 1 1 1 1 1 1 1 1 1 1 1 1 1 1 1 1 1 1 1 1 1 1 1 1 1 1 1 1 1 1 1 1 1 1 1 1 1 1 1 1 1 1 1 1 1 1 1 1 1 1 1 1 1 1 1 1 1 1 1 1 1 1 1 1 1 1 1 1 1 1 1 1 1 1 1 1 1 1 1 1 1 1 1 1 1 1 1 1 1 1 1 1 1 1 1 1 1 1 1 1 1 1 1 1 1 1 1 1 1 1 1 1 1 1 1 1 1 1 1 1 1 1 1 1 1 1 1 1 1 1 1 1 1 1 1 1 1 1 1 1 1 1 1 1 1 1 1 1 1 1 1 1 1 1 1 1 1 1 1 1 1 1 1 1 1 1 1 1 1 1 1 1 1 1 1 1 1 1 1 1 1 1 1 1 1 1 1 1 1 1 1 1 1 1 1 1 1 1 1 1 1 1 1 1 1 1 1 1 1 1 1 1 1 1 1 1 1 1 1 1 1 1 1 1 1 1 1 1 1 1 1 1 1 1 1 1 1 1 1 1 1 1 1 1 1 1 1 1 1 1 1 1 1 1 1 1 1 1 1 1 1 1 1 1 1 1 1 1 1 1 1 1 1 1 1 1 1 1 1 1 1 1 1 1 1 1 1 1 1 1 1 1 1 1 1 1 1 1 1 1 1 1 1 1 1 1 1 1 1 1 1 1 1 1 1 1 1 1 1 1 1 1 1 1 1 1 1 1 1 1 1 1 1 1 1 1 1 1 1 1 1 1 1 1 1 1 1 1 1 1 1 1 1 1 1 1 1 1 1 1 1 1 1 1 1 1 1 1 1 1 1 1 1 1 1 1 1 1 1 1 1 1 1 1 1 1 1 1 1 1 1 1 1 1 1 1 1 1 1 1 1 1 1 1 1 1 1 1 1 1 1 1 1 1 1 1 1 1 1 1 1 1 1 1 1 1 1 1 1 1 1 1 1 1 1 1 1 1 1 1 1 1 1 1 1 1 1 1 1 1 1 1 1 1 1 1 1 1 1 1 1 1 1 1 1 1 1 1 1 1 1 1 1 1 1 1 1 1 1 1 1 1 1 1 1 1 1 1 1 1 1 1 1 1 1 1 1 1 1 1 1 1 1 1 1 1 1 1 1 1 1 1 1 1 1 1 1 1 1 1 1 1 1 1 1 1 1 1 1 1 1 1 1 1 1 1 1 1 1 1 1 1 1 1 1 1 1 1 1 1 1 1 1 1 1 1 1 1 1 1 1 1 1 1 1 1 1 1 1 1 1 1 1 1 1 1 1 1 1 1 1 1 1 1 1 1 1 1 1 1 1 1 1 1 1 1 1 1 1 1 1 1 1 1 1 1 1 1 1 1 1 1 1 1 1 1 1 1 1 1 1 1 1 1 1 1 1 1 1 1 1 1 1 1 1 1 1 1 1 1 1 1 1 1 1 1 1 1 1 1 1 1 1 1 1 1 1 1 1 1 1 1 1 1 1 1 1 1 1 1 1 1 1 1 1 1 1 1 1 1 1 1 1 1 1 1 1 1 1 1 1 1 1 1 1 1 1 1 1 1 1 1 1 1 1 1 1 1 1 1 1 1 1 1 1 1 1 1 1 1 1 1 1 1 1 1 1 1 1 1 1 1 1 1 1 1 1 1 1 1 1 1 1 1 1 1 1 1 1 1 1 1 1 1 1 1 1 1 1 1 1 1 1 1 1 1 1 1 1 1 1 1 1 1 1 1 1 1 1 1 1 1 1 1 1 1 1 1 1 1 1 1 1 1 1 1 1 1 1 1 1 1 1 1 1 1 1 1 1 1 1 1 1 1 1 1 1 1 1 1 1 1 1 1 1 1 1 1 1 1 1 1 1 1 1 1 1 1 1 1 1 1 1 1 1 1 1 1 1 1 1 1 1 1 1 1 1 1 1 1 1 1 1 1 1 1 1 1 1 1 1 1 1 1 1 1 1 1 1 1 1 1 1 1 1 1 1 1 1 1 1 1 1 1 1 1 1 1 1 1 1 1 1 1 1 1 1 1 1 1 1 1 1 1 1 1 1 1 1 1 1 1 1 1 1 1 1 1 1 1 1 1 1 1 1 1 1 1 1 1 1 1 1 1 1 1 1 1 1 1 1 1 1 1 1 1 1 1 1 1 1 1 1 1 1 1 1 1 1 1 1 1 1 1 1 1 1 1 1 1 1 1 1 1 1 1 1 1 1 1 1 1 1 1 1 1 1 1 1 1 1 1 1 1 1 1 1 1 1 1 1 1 1 1 1 1 1 1 1 1 1 1 1 1 1 1 1 1 1 1 1 1 1 1 1 1 1 1 1 1 1 1 1 1 1 1 1 1 1 1 1 1 1 1 1 1 1 1 1 1 1 1 1 1 1 1 1 1 1 1 1 1 1 1 1 1 1 1 1 1 1 1 1 1 1 1 1 1 1 1 1 1 1 1 1 1 1 1 1 1 1 1 1 1 1 1 1 1 1 1 1 1 1 1 1 1 1 1 1 1 1 1 1 1 1 1 1 1 1 1 1 1 1 1 1 1 1 1 1 1 1 1 1 1 1 1 1 1 1 1 1 1 1 1 1 1 1 1 1 1 1 1 1 1 1 1 1 1 1 1 1 1 1 1 1 1 1 1 1 1 1 1 1 1 1 1 1 1 1 1 1 1 1 1 1 1 1 1 1 1 1 1 1 1 1 1 1 1 1 1 1 1 1 1 1 1 1 1 1 1 1 1 1 1 1 1 1 1 1 1 1 1 1 1 1 1 1 1 1 1 1 1 1 1 1 1 1 1 1 1 1 1 1 1 1 1 1 1 1 1 1 1 1 1 1 1 1 1 1 1 1 1 1 1 1 1 1 1 1 1 1 1 1 1 1 1 1 1 1 1 1 1 1 1 1 1 1 1 1 1 1 1 1 1 1 1 1 1 1 1 1 1 1 1 1 1 1 1 1 1 1 1 1 1 1 1 1 1 1 1 1 1 1 1 1 1 1 1 1 1 1 1 1 1 1 1 1 1 1 1 1 1 1 1 1 1 1 1 1 1 1 1 1 1 1 1 1 1 1 1 1 1 1 1 1 1 1 1 1 1 1 1 1 1 1 1 1 1 1 1 1 1 1 1 1 1 1 1 1 1 1 1 1 1 1 1 1 1 1 1 1 1 1 1 1 1 1 1 1 1 1 1 1 1 1 1 1 1 1 1 1 1 1 1 1 1 1 1 1 1 1 1 1 1 1 1 1 1 1 1 1 1 1 1 1 1 1 1 1 1 1 1 1 1 1 1 1 1 1 1 1 1 1 1 1 1 1 1 1 1 1 1 1 1 1 1 1 1 1 1 1 1 1 1 1 1 1 1 1 1 1 1 1 1 1 1 1 1 1 1 1 1 1 1 1 1 1 1 1 1 1 1 1 1 1 1 1 1 1 1 1 1 1 1 1 1 1 1 1 1 1 1 1 1 1 1 1 1 1 1 1 1 1 1 1 1 1 1 1 1 1 1 1 1 1 1 1 1 1 1 1 1 1 1 1 1 1 1 1 1 1 1 1 1 1 1 1 1 1 1 1 1 1 1 1 1 1 1 1 1 1 1 1 1 1 1 1 1 1 1 1 1 1 1 1 1 1 1 1 1 1 1 1 1 1 1 1 1 1 1 1 1 1 1 1 1 1 1 1 1 1 1 1 1 1 1 1 1 1 1 1 1 1 1 1 1 1 1 1 1 1 1 1 1 1 1 1 1 1 1 1 1 1 1 1 1 1 1 1 1 1 1 1 1 1 1 1 1 1 1 1 1 1 1 1 1 1 1 1 1 1 1 1 1 1 1 1 1 1 1 1 1 1 1 1 1 1 1 1 1 1 1 1 1 1 1 1 1 1 1 1 1 1 1 1 1 1 1 1 1 1 1 1 1 1 1 1 1 1 1 1 1 1 1 1 1 1 1 1 1 1 1 1 1 1 1 1 1 1 1 1 1 1 1 1 1 1 1 1 1 1 1 1 1 1 1 1 1 1 1 1 1 1 1 1 1 1 1 1 1 1 1 1 1 1 1 1 1 1 1 1 1 1 1 1 1 1 1 1 1 1 1 1 1 1 1 1 1 1 1 1 1 1 1 1 1 1 1 1 1 1 1 1 1 1 1 1 1 1 1 1 1 1 1 1 1 1 1 1 1 1 1 1 1 1 1 1 1 1 1 1 1 1 1 1 1 1 1 1 1 1 1 1 1 1 1 1 1 1 1 1 1 1 1 1 1 1 1 1 1 1 1 1 1 1 1 1 1 1 1 1 1 1 1 1 1 1 1 1 1 1 1 1 1 1 1 1 1 1 1 1 1 1 1 1 1 1 1 1 1 1 1 1 1 1 1 1 1 1 1 1 1 1 1 1 1 1 1 1 1 1 1 1 1 1 1 1 1 1 1 1 1 1 1 1 1 1 1 1 1 1 1 1 1 1 1 1 1 1 1 1 1 1 1 1 1 1 1 1 1 1 1 1 1 1 1 1 1 1 1 1 1 1 1 1 1 1 1 1 1 1 1 1 1 1 1 1 1 1 1 1 1 1 1 1 1 1 1 1 1 1 1 1 1 1 1 1 1 1 1 1 1 1 1 1 1 1 1 1 1 1 1 1 1 1 1 1 1 1 1 1 1 1 1 1 1 1 1 1 1 1 1 1 1 1 1 1 1 1 1 1 1 1 1 1 1 1 1 1 1 1 1 1 1 1 1 1 1 1 1 1 1 1 1 1 1 1 1 1 1 1 1 1 1 1 1 1 1 1 1 1 1 1 1 1 1 1 1 1 1 1 1 1 1 1 1 1 1 1 1 1 1 1 1 1 1 1 1 1 1 1 1 1 1 1 1 1 1 1 1 1 1 1 1 1 1 1 1 1 1 1 1 1 1 1 1 1 1 1 1 1 1 1 1 1 1 1 1 1 1 1 1 1 1 1 1 1 1 1 1 1 1 1 1 1 1 1 1 1 1 1 1 1 1 1 1 1 1 1 1 1 1 1 1 1 1 1 1 1 1 1 1 1 1 1 1 1 1 1 1 1 1 1 1 1 1 1 1 1 1 1 1 1 1 1 1 1 1 1 1 1 1 1 1 1 1 1 1 1 1 1 1 1 1 1 1 1 1 1 1 1 1 1 1 1 1 1 1 1 1 1 1 1 1 1 1 1 1 1 1 1 1 1 1 1 1 1 1 1 1 1 1 1 1 1 1 1 1 1 1 1 1 1 1 1 1 1 1 1 1 1 1 1 1 1 1 1 1 1 1 1 1 1 1 1 1 1 1 1 1 1 1 1 1 1 1 1 1 1 1 1 1 1 1 1 1 1 1 1 1 1 1 1 1 1 1 1 1 1 1 1 1 1 1 1 1 1 1 1 1 1 1 1 1 1 1 1 1 1 1 1 1 1 1 1 1 1 1 1</DataArray></CellData>
      <Points><DataArray type="Float64" NumberOfComponents="3" format="ascii">56.9039707991 50.3779525913 -22.1867731289 57.1535496184 50.5989085238 -22.1867731289 57.4031284377 50.8198644562 -22.1867731289 57.652707257 51.0408203886 -22.1867731289 57.9022860763 51.261776321 -22.1867731289 58.1518648956 51.4827322534 -22.1867731289 58.4014437149 51.7036881859 -22.1867731289 58.6510225342 51.9246441183 -22.1867731289 58.9006013535 52.1456000507 -22.1867731289 59.1501801727 52.3665559831 -22.1867731289 59.399758992 52.5875119155 -22.1867731289 59.6493378113 52.8084678479 -22.1867731289 59.8989166306 53.0294237804 -22.1867731289 57.2257350534 50.0121509995 -18 57.4767251195 50.2315025389 -18 57.2257350534 50.0121509995 -18.5 57.4767251195 50.2315025389 -18.5 57.2257350534 50.0121509995 -19 57.4767251195 50.2315025389 -19 57.2257350534 50.0121509995 -19.5 57.4767251195 50.2315025389 -19.5 57.2257350534 50.0121509995 -20 57.4767251195 50.2315025389 -20 57.2257350534 50.0121509995 -20.5 57.4767251195 50.2315025389 -20.5 57.2257350534 50.0121509995 -21 57.4767251195 50.2315025389 -21 57.2257350534 50.0121509995 -21.5 57.4767251195 50.2315025389 -21.5 57.2257350534 50.0121509995 -22 57.4767251195 50.2315025389 -22 57.2257350534 50.0121509995 -22.3303493293 57.4767251195 50.2315025389 -22.3303493293 57.7277151855 50.4508540784 -18 57.7277151855 50.4508540784 -18.5 57.7277151855 50.4508540784 -19 57.7277151855 50.4508540784 -19.5 57.7277151855 50.4508540784 -20 57.7277151855 50.4508540784 -20.5 57.7277151855 50.4508540784 -21 57.7277151855 50.4508540784 -21.5 57.7277151855 50.4508540784 -22 57.7277151855 50.4508540784 -22.3303493293 57.9787052515 50.6702056179 -18.5 57.9787052515 50.6702056179 -19 57.9787052515 50.6702056179 -19.5 57.9787052515 50.6702056179 -20 57.9787052515 50.6702056179 -20.5 57.9787052515 50.6702056179 -21 57.9787052515 50.6702056179 -21.5 57.9787052515 50.6702056179 -22 57.9787052515 50.6702056179 -22.3303493293 58.2296953175 50.8895571573 -19 58.2296953175 50.8895571573 -19.5 58.2296953175 50.8895571573 -20 58.2296953175 50.8895571573 -20.5 58.2296953175 50.8895571573 -21 58.2296953175 50.8895571573 -21.5 58.2296953175 50.8895571573 -22 58.2296953175 50.8895571573 -22.3303493293 58.4806853836 51.1089086968 -19.5 58.4806853836 51.1089086968 -20 58.4806853836 51.1089086968 -20.5 58.4806853836 51.1089086968 -21 58.4806853836 51.1089086968 -21.5 58.4806853836 51.1089086968 -22 58.4806853836 51.1089086968 -22.3303493293 58.7316754496 51.3282602363 -20 58.7316754496 51.3282602363 -20.5 58.7316754496 51.3282602363 -21 58.7316754496 51.3282602363 -21.5 58.7316754496 51.3282602363 -22 58.7316754496 51.3282602363 -22.3303493293 58.9826655156 51.5476117758 -20.5 58.9826655156 51.5476117758 -21 58.9826655156 51.5476117758 -21.5 58.9826655156 51.5476117758 -22 58.9826655156 51.5476117758 -22.3303493293 59.2336555816 51.7669633152 -21 59.2336555816 51.7669633152 -21.5 59.2336555816 51.7669633152 -22 59.2336555816 51.7669633152 -22.3303493293 59.4846456477 51.9863148547 -21 59.4846456477 51.9863148547 -21.5 59.4846456477 51.9863148547 -22 59.4846456477 51.9863148547 -22.3303493293 59.7356357137 52.2056663942 -21 59.7356357137 52.2056663942 -21.5 59.7356357137 52.2056663942 -22 59.7356357137 52.2056663942 -22.3303493293 59.9866257797 52.4250179336 -21 59.9866257797 52.4250179336 -21.5 59.9866257797 52.4250179336 -22 59.9866257797 52.4250179336 -22.3303493293 60.2376158457 52.6443694731 -21 60.2376158457 52.6443694731 -21.5 60.2376158457 52.6443694731 -22 60.2376158457 52.6443694731 -22.3303493293 57.545147831 49.644294346 -18 57.7975388303 49.8620324791 -18 57.545147831 49.644294346 -18.5 57.7975388303 49.8620324791 -18.5 57.545147831 49.644294346 -19 57.7975388303 49.8620324791 -19 57.545147831 49.644294346 -19.5 57.7975388303 49.8620324791 -19.5 57.545147831 49.644294346 -20 57.7975388303 49.8620324791 -20 57.545147831 49.644294346 -20.5 57.7975388303 49.8620324791 -20.5 57.545147831 49.644294346 -21 57.7975388303 49.8620324791 -21 57.545147831 49.644294346 -21.5 57.7975388303 49.8620324791 -21.5 57.545147831 49.644294346 -22 57.7975388303 49.8620324791 -22 57.545147831 49.644294346 -22.4728343802 57.7975388303 49.8620324791 -22.4728343802 58.0499298295 50.0797706122 -18 58.0499298295 50.0797706122 -18.5 58.0499298295 50.0797706122 -19 58.0499298295 50.0797706122 -19.5 58.0499298295 50.0797706122 -20 58.0499298295 50.0797706122 -20.5 58.0499298295 50.0797706122 -21 58.0499298295 50.0797706122 -21.5 58.0499298295 50.0797706122 -22 58.0499298295 50.0797706122 -22.4728343802 58.3023208288 50.2975087452 -18.5 58.3023208288 50.2975087452 -19 58.3023208288 50.2975087452 -19.5 58.3023208288 50.2975087452 -20 58.3023208288 50.2975087452 -20.5 58.3023208288 50.2975087452 -21 58.3023208288 50.2975087452 -21.5 58.3023208288 50.2975087452 -22 58.3023208288 50.2975087452 -22.4728343802 58.554711828 50.5152468783 -18.5 58.554711828 50.5152468783 -19 58.554711828 50.5152468783 -19.5 58.554711828 50.5152468783 -20 58.554711828 50.5152468783 -20.5 58.554711828 50.5152468783 -21 58.554711828 50.5152468783 -21.5 58.554711828 50.5152468783 -22 58.554711828 50.5152468783 -22.4728343802 58.8071028273 50.7329850114 -18.5 58.8071028273 50.7329850114 -19 58.8071028273 50.7329850114 -19.5 58.8071028273 50.7329850114 -20 58.8071028273 50.7329850114 -20.5 58.8071028273 50.7329850114 -21 58.8071028273 50.7329850114 -21.5 58.8071028273 50.7329850114 -22 58.8071028273 50.7329850114 -22.4728343802 59.0594938266 50.9507231445 -18.5 59.0594938266 50.9507231445 -19 59.0594938266 50.9507231445 -19.5 59.0594938266 50.9507231445 -20 59.0594938266 50.9507231445 -20.5 59.0594938266 50.9507231445 -21 59.0594938266 50.9507231445 -21.5 59.0594938266 50.9507231445 -22 59.0594938266 50.9507231445 -22.4728343802 59.3118848258 51.1684612776 -18.5 59.3118848258 51.1684612776 -19 59.3118848258 51.1684612776 -19.5 59.3118848258 51.1684612776 -20 59.3118848258 51.1684612776 -20.5 59.3118848258 51.1684612776 -21 59.3118848258 51.1684612776 -21.5 59.3118848258 51.1684612776 -22 59.3118848258 51.1684612776 -22.4728343802 59.5642758251 51.3861994107 -18.5 59.5642758251 51.3861994107 -19 59.5642758251 51.3861994107 -19.5 59.5642758251 51.3861994107 -20 59.5642758251 51.3861994107 -20.5 59.5642758251 51.3861994107 -21 59.5642758251 51.3861994107 -21.5 59.5642758251 51.3861994107 -22 59.5642758251 51.3861994107 -22.4728343802 59.8166668243 51.6039375438 -18.5 59.8166668243 51.6039375438 -19 59.8166668243 51.6039375438 -19.5 59.8166668243 51.6039375438 -20 59.8166668243 51.6039375438 -20.5 59.8166668243 51.6039375438 -21 59.8166668243 51.6039375438 -21.5 59.8166668243 51.6039375438 -22 59.8166668243 51.6039375438 -22.4728343802 60.0690578236 51.8216756769 -18.5 60.0690578236 51.8216756769 -19 60.0690578236 51.8216756769 -19.5 60.0690578236 51.8216756769 -20 60.0690578236 51.8216756769 -20.5 60.0690578236 51.8216756769 -21 60.0690578236 51.8216756769 -21.5 60.0690578236 51.8216756769 -22 60.0690578236 51.8216756769 -22.4728343802 60.3214488228 52.03941381 -18.5 60.3214488228 52.03941381 -19 60.3214488228 52.03941381 -19.5 60.3214488228 52.03941381 -20 60.3214488228 52.03941381 -20.5 60.3214488228 52.03941381 -21 60.3214488228 52.03941381 -21.5 60.3214488228 52.03941381 -22 60.3214488228 52.03941381 -22.4728343802 60.5738398221 52.2571519431 -18.5 60.5738398221 52.2571519431 -19 60.5738398221 52.2571519431 -19.5 60.5738398221 52.2571519431 -20 60.5738398221 52.2571519431 -20.5 60.5738398221 52.2571519431 -21 60.5738398221 52.2571519431 -21.5 60.5738398221 52.2571519431 -22 60.5738398221 52.2571519431 -22.4728343802 57.8621960067 49.2743977465 -18.5 58.1159775681 49.4905135261 -18.5 57.8621960067 49.2743977465 -19 58.1159775681 49.4905135261 -19 57.8621960067 49.2743977465 -19.5 58.1159775681 49.4905135261 -19.5 57.8621960067 49.2743977465 -20 58.1159775681 49.4905135261 -20 57.8621960067 49.2743977465 -20.5 58.1159775681 49.4905135261 -20.5 57.8621960067 49.2743977465 -21 58.1159775681 49.4905135261 -21 57.8621960067 49.2743977465 -21.5 58.1159775681 49.4905135261 -21.5 57.8621960067 49.2743977465 -22 58.1159775681 49.4905135261 -22 57.8621960067 49.2743977465 -22.6142189663 58.1159775681 49.4905135261 -22.6142189663 58.3697591296 49.7066293057 -18.5 58.3697591296 49.7066293057 -19 58.3697591296 49.7066293057 -19.5 58.3697591296 49.7066293057 -20 58.3697591296 49.7066293057 -20.5 58.3697591296 49.7066293057 -21 58.3697591296 49.7066293057 -21.5 58.3697591296 49.7066293057 -22 58.3697591296 49.7066293057 -22.6142189663 58.623540691 49.9227450853 -18.5 58.623540691 49.9227450853 -19 58.623540691 49.9227450853 -19.5 58.623540691 49.9227450853 -20 58.623540691 49.9227450853 -20.5 58.623540691 49.9227450853 -21 58.623540691 49.9227450853 -21.5 58.623540691 49.9227450853 -22 58.623540691 49.9227450853 -22.6142189663 58.8773222524 50.1388608649 -18.5 58.8773222524 50.1388608649 -19 58.8773222524 50.1388608649 -19.5 58.8773222524 50.1388608649 -20 58.8773222524 50.1388608649 -20.5 58.8773222524 50.1388608649 -21 58.8773222524 50.1388608649 -21.5 58.8773222524 50.1388608649 -22 58.8773222524 50.1388608649 -22.6142189663 59.1311038139 50.3549766445 -18.5 59.1311038139 50.3549766445 -19 59.1311038139 50.3549766445 -19.5 59.1311038139 50.3549766445 -20 59.1311038139 50.3549766445 -20.5 59.1311038139 50.3549766445 -21 59.1311038139 50.3549766445 -21.5 59.1311038139 50.3549766445 -22 59.1311038139 50.3549766445 -22.6142189663 59.3848853753 50.5710924241 -18.5 59.3848853753 50.5710924241 -19 59.3848853753 50.5710924241 -19.5 59.3848853753 50.5710924241 -20 59.3848853753 50.5710924241 -20.5 59.3848853753 50.5710924241 -21 59.3848853753 50.5710924241 -21.5 59.3848853753 50.5710924241 -22 59.3848853753 50.5710924241 -22.6142189663 59.6386669367 50.7872082036 -18.5 59.6386669367 50.7872082036 -19 59.6386669367 50.7872082036 -19.5 59.6386669367 50.7872082036 -20 59.6386669367 50.7872082036 -20.5 59.6386669367 50.7872082036 -21 59.6386669367 50.7872082036 -21.5 59.6386669367 50.7872082036 -22 59.6386669367 50.7872082036 -22.6142189663 59.8924484982 51.0033239832 -18.5 59.8924484982 51.0033239832 -19 59.8924484982 51.0033239832 -19.5 59.8924484982 51.0033239832 -20 59.8924484982 51.0033239832 -20.5 59.8924484982 51.0033239832 -21 59.8924484982 51.0033239832 -21.5 59.8924484982 51.0033239832 -22 59.8924484982 51.0033239832 -22.6142189663 60.1462300596 51.2194397628 -18.5 60.1462300596 51.2194397628 -19 60.1462300596 51.2194397628 -19.5 60.1462300596 51.2194397628 -20 60.1462300596 51.2194397628 -20.5 60.1462300596 51.2194397628 -21 60.1462300596 51.2194397628 -21.5 60.1462300596 51.2194397628 -22 60.1462300596 51.2194397628 -22.6142189663 60.400011621 51.4355555424 -18.5 60.400011621 51.4355555424 -19 60.400011621 51.4355555424 -19.5 60.400011621 51.4355555424 -20 60.400011621 51.4355555424 -20.5 60.400011621 51.4355555424 -21 60.400011621 51.4355555424 -21.5 60.400011621 51.4355555424 -22 60.400011621 51.4355555424 -22.6142189663 60.6537931825 51.651671322 -18.5 60.6537931825 51.651671322 -19 60.6537931825 51.651671322 -19.5 60.6537931825 51.651671322 -20 60.6537931825 51.651671322 -20.5 60.6537931825 51.651671322 -21 60.6537931825 51.651671322 -21.5 60.6537931825 51.651671322 -22 60.6537931825 51.651671322 -22.6142189663 60.9075747439 51.8677871016 -18.5 60.9075747439 51.8677871016 -19 60.9075747439 51.8677871016 -19.5 60.9075747439 51.8677871016 -20 60.9075747439 51.8677871016 -20.5 60.9075747439 51.8677871016 -21 60.9075747439 51.8677871016 -21.5 60.9075747439 51.8677871016 -22 60.9075747439 51.8677871016 -22.6142189663 58.1768665526 48.9024764006 -18.5 58.4320282481 49.1169609463 -18.5 58.1768665526 48.9024764006 -19 58.4320282481 49.1169609463 -19 58.1768665526 48.9024764006 -19.5 58.4320282481 49.1169609463 -19.5 58.1768665526 48.9024764006 -20 58.4320282481 49.1169609463 -20 58.1768665526 48.9024764006 -20.5 58.4320282481 49.1169609463 -20.5 58.1768665526 48.9024764006 -21 58.4320282481 49.1169609463 -21 58.1768665526 48.9024764006 -21.5 58.4320282481 49.1169609463 -21.5 58.1768665526 48.9024764006 -22 58.4320282481 49.1169609463 -22 58.1768665526 48.9024764006 -22.5 58.4320282481 49.1169609463 -22.5 58.1768665526 48.9024764006 -22.754493772 58.4320282481 49.1169609463 -22.754493772 58.6871899435 49.3314454919 -18.5 58.6871899435 49.3314454919 -19 58.6871899435 49.3314454919 -19.5 58.6871899435 49.3314454919 -20 58.6871899435 49.3314454919 -20.5 58.6871899435 49.3314454919 -21 58.6871899435 49.3314454919 -21.5 58.6871899435 49.3314454919 -22 58.6871899435 49.3314454919 -22.5 58.6871899435 49.3314454919 -22.754493772 58.9423516389 49.5459300375 -18.5 58.9423516389 49.5459300375 -19 58.9423516389 49.5459300375 -19.5 58.9423516389 49.5459300375 -20 58.9423516389 49.5459300375 -20.5 58.9423516389 49.5459300375 -21 58.9423516389 49.5459300375 -21.5 58.9423516389 49.5459300375 -22 58.9423516389 49.5459300375 -22.5 58.9423516389 49.5459300375 -22.754493772 59.1975133343 49.7604145831 -18.5 59.1975133343 49.7604145831 -19 59.1975133343 49.7604145831 -19.5 59.1975133343 49.7604145831 -20 59.1975133343 49.7604145831 -20.5 59.1975133343 49.7604145831 -21 59.1975133343 49.7604145831 -21.5 59.1975133343 49.7604145831 -22 59.1975133343 49.7604145831 -22.5 59.1975133343 49.7604145831 -22.754493772 59.4526750297 49.9748991287 -18.5 59.4526750297 49.9748991287 -19 59.4526750297 49.9748991287 -19.5 59.4526750297 49.9748991287 -20 59.4526750297 49.9748991287 -20.5 59.4526750297 49.9748991287 -21 59.4526750297 49.9748991287 -21.5 59.4526750297 49.9748991287 -22 59.4526750297 49.9748991287 -22.5 59.4526750297 49.9748991287 -22.754493772 59.7078367251 50.1893836743 -18.5 59.7078367251 50.1893836743 -19 59.7078367251 50.1893836743 -19.5 59.7078367251 50.1893836743 -20 59.7078367251 50.1893836743 -20.5 59.7078367251 50.1893836743 -21 59.7078367251 50.1893836743 -21.5 59.7078367251 50.1893836743 -22 59.7078367251 50.1893836743 -22.5 59.7078367251 50.1893836743 -22.754493772 59.9629984205 50.40386822 -18.5 59.9629984205 50.40386822 -19 59.9629984205 50.40386822 -19.5 59.9629984205 50.40386822 -20 59.9629984205 50.40386822 -20.5 59.9629984205 50.40386822 -21 59.9629984205 50.40386822 -21.5 59.9629984205 50.40386822 -22 59.9629984205 50.40386822 -22.5 59.9629984205 50.40386822 -22.754493772 60.2181601159 50.6183527656 -18.5 60.2181601159 50.6183527656 -19 60.2181601159 50.6183527656 -19.5 60.2181601159 50.6183527656 -20 60.2181601159 50.6183527656 -20.5 60.2181601159 50.6183527656 -21 60.2181601159 50.6183527656 -21.5 60.2181601159 50.6183527656 -22 60.2181601159 50.6183527656 -22.5 60.2181601159 50.6183527656 -22.754493772 60.4733218113 50.8328373112 -18.5 60.4733218113 50.8328373112 -19 60.4733218113 50.8328373112 -19.5 60.4733218113 50.8328373112 -20 60.4733218113 50.8328373112 -20.5 60.4733218113 50.8328373112 -21 60.4733218113 50.8328373112 -21.5 60.4733218113 50.8328373112 -22 60.4733218113 50.8328373112 -22.5 60.4733218113 50.8328373112 -22.754493772 60.7284835067 51.0473218568 -18.5 60.7284835067 51.0473218568 -19 60.7284835067 51.0473218568 -19.5 60.7284835067 51.0473218568 -20 60.7284835067 51.0473218568 -20.5 60.7284835067 51.0473218568 -21 60.7284835067 51.0473218568 -21.5 60.7284835067 51.0473218568 -22 60.7284835067 51.0473218568 -22.5 60.7284835067 51.0473218568 -22.754493772 60.9836452021 51.2618064024 -18.5 60.9836452021 51.2618064024 -19 60.9836452021 51.2618064024 -19.5 60.9836452021 51.2618064024 -20 60.9836452021 51.2618064024 -20.5 60.9836452021 51.2618064024 -21 60.9836452021 51.2618064024 -21.5 60.9836452021 51.2618064024 -22 60.9836452021 51.2618064024 -22.5 60.9836452021 51.2618064024 -22.754493772 61.2388068975 51.476290948 -18.5 61.2388068975 51.476290948 -19 61.2388068975 51.476290948 -19.5 61.2388068975 51.476290948 -20 61.2388068975 51.476290948 -20.5 61.2388068975 51.476290948 -21 61.2388068975 51.476290948 -21.5 61.2388068975 51.476290948 -22 61.2388068975 51.476290948 -22.5 61.2388068975 51.476290948 -22.754493772 58.4891465386 48.5285455911 -18.5 58.7456778831 48.7413900893 -18.5 58.4891465386 48.5285455911 -19 58.7456778831 48.7413900893 -19 58.4891465386 48.5285455911 -19.5 58.7456778831 48.7413900893 -19.5 58.4891465386 48.5285455911 -20 58.7456778831 48.7413900893 -20 58.4891465386 48.5285455911 -20.5 58.7456778831 48.7413900893 -20.5 58.4891465386 48.5285455911 -21 58.7456778831 48.7413900893 -21 58.4891465386 48.5285455911 -21.5 58.7456778831 48.7413900893 -21.5 58.4891465386 48.5285455911 -22 58.7456778831 48.7413900893 -22 58.4891465386 48.5285455911 -22.5 58.7456778831 48.7413900893 -22.5 58.4891465386 48.5285455911 -22.8936494819 58.7456778831 48.7413900893 -22.8936494819 59.0022092276 48.9542345875 -18.5 59.0022092276 48.9542345875 -19 59.0022092276 48.9542345875 -19.5 59.0022092276 48.9542345875 -20 59.0022092276 48.9542345875 -20.5 59.0022092276 48.9542345875 -21 59.0022092276 48.9542345875 -21.5 59.0022092276 48.9542345875 -22 59.0022092276 48.9542345875 -22.5 59.0022092276 48.9542345875 -22.8936494819 59.258740572 49.1670790857 -18.5 59.258740572 49.1670790857 -19 59.258740572 49.1670790857 -19.5 59.258740572 49.1670790857 -20 59.258740572 49.1670790857 -20.5 59.258740572 49.1670790857 -21 59.258740572 49.1670790857 -21.5 59.258740572 49.1670790857 -22 59.258740572 49.1670790857 -22.5 59.258740572 49.1670790857 -22.8936494819 59.5152719165 49.3799235839 -18.5 59.5152719165 49.3799235839 -19 59.5152719165 49.3799235839 -19.5 59.5152719165 49.3799235839 -20 59.5152719165 49.3799235839 -20.5 59.5152719165 49.3799235839 -21 59.5152719165 49.3799235839 -21.5 59.5152719165 49.3799235839 -22 59.5152719165 49.3799235839 -22.5 59.5152719165 49.3799235839 -22.8936494819 59.771803261 49.5927680821 -18.5 59.771803261 49.5927680821 -19 59.771803261 49.5927680821 -19.5 59.771803261 49.5927680821 -20 59.771803261 49.5927680821 -20.5 59.771803261 49.5927680821 -21 59.771803261 49.5927680821 -21.5 59.771803261 49.5927680821 -22 59.771803261 49.5927680821 -22.5 59.771803261 49.5927680821 -22.8936494819 60.0283346054 49.8056125803 -18.5 60.0283346054 49.8056125803 -19 60.0283346054 49.8056125803 -19.5 60.0283346054 49.8056125803 -20 60.0283346054 49.8056125803 -20.5 60.0283346054 49.8056125803 -21 60.0283346054 49.8056125803 -21.5 60.0283346054 49.8056125803 -22 60.0283346054 49.8056125803 -22.5 60.0283346054 49.8056125803 -22.8936494819 60.2848659499 50.0184570785 -18.5 60.2848659499 50.0184570785 -19 60.2848659499 50.0184570785 -19.5 60.2848659499 50.0184570785 -20 60.2848659499 50.0184570785 -20.5 60.2848659499 50.0184570785 -21 60.2848659499 50.0184570785 -21.5 60.2848659499 50.0184570785 -22 60.2848659499 50.0184570785 -22.5 60.2848659499 50.0184570785 -22.8936494819 60.5413972944 50.2313015767 -18.5 60.5413972944 50.2313015767 -19 60.5413972944 50.2313015767 -19.5 60.5413972944 50.2313015767 -20 60.5413972944 50.2313015767 -20.5 60.5413972944 50.2313015767 -21 60.5413972944 50.2313015767 -21.5 60.5413972944 50.2313015767 -22 60.5413972944 50.2313015767 -22.5 60.5413972944 50.2313015767 -22.8936494819 60.7979286388 50.4441460749 -18.5 60.7979286388 50.4441460749 -19 60.7979286388 50.4441460749 -19.5 60.7979286388 50.4441460749 -20 60.7979286388 50.4441460749 -20.5 60.7979286388 50.4441460749 -21 60.7979286388 50.4441460749 -21.5 60.7979286388 50.4441460749 -22 60.7979286388 50.4441460749 -22.5 60.7979286388 50.4441460749 -22.8936494819 61.0544599833 50.6569905731 -18.5 61.0544599833 50.6569905731 -19 61.0544599833 50.6569905731 -19.5 61.0544599833 50.6569905731 -20 61.0544599833 50.6569905731 -20.5 61.0544599833 50.6569905731 -21 61.0544599833 50.6569905731 -21.5 61.0544599833 50.6569905731 -22 61.0544599833 50.6569905731 -22.5 61.0544599833 50.6569905731 -22.8936494819 61.3109913278 50.8698350713 -18.5 61.3109913278 50.8698350713 -19 61.3109913278 50.8698350713 -19.5 61.3109913278 50.8698350713 -20 61.3109913278 50.8698350713 -20.5 61.3109913278 50.8698350713 -21 61.3109913278 50.8698350713 -21.5 61.3109913278 50.8698350713 -22 61.3109913278 50.8698350713 -22.5 61.3109913278 50.8698350713 -22.8936494819 61.5675226722 51.0826795695 -18.5 61.5675226722 51.0826795695 -19 61.5675226722 51.0826795695 -19.5 61.5675226722 51.0826795695 -20 61.5675226722 51.0826795695 -20.5 61.5675226722 51.0826795695 -21 61.5675226722 51.0826795695 -21.5 61.5675226722 51.0826795695 -22 61.5675226722 51.0826795695 -22.5 61.5675226722 51.0826795695 -22.8936494819 58.7990231327 48.152620683 -19 59.056913585 48.3638163878 -19 58.7990231327 48.152620683 -19.5 59.056913585 48.3638163878 -19.5 58.7990231327 48.152620683 -20 59.056913585 48.3638163878 -20 58.7990231327 48.152620683 -20.5 59.056913585 48.3638163878 -20.5 58.7990231327 48.152620683 -21 59.056913585 48.3638163878 -21 58.7990231327 48.152620683 -21.5 59.056913585 48.3638163878 -21.5 58.7990231327 48.152620683 -22 59.056913585 48.3638163878 -22 58.7990231327 48.152620683 -22.5 59.056913585 48.3638163878 -22.5 58.7990231327 48.152620683 -23.0316767806 59.056913585 48.3638163878 -23.0316767806 59.3148040373 48.5750120925 -19 59.3148040373 48.5750120925 -19.5 59.3148040373 48.5750120925 -20 59.3148040373 48.5750120925 -20.5 59.3148040373 48.5750120925 -21 59.3148040373 48.5750120925 -21.5 59.3148040373 48.5750120925 -22 59.3148040373 48.5750120925 -22.5 59.3148040373 48.5750120925 -23.0316767806 59.5726944897 48.7862077973 -19 59.5726944897 48.7862077973 -19.5 59.5726944897 48.7862077973 -20 59.5726944897 48.7862077973 -20.5 59.5726944897 48.7862077973 -21 59.5726944897 48.7862077973 -21.5 59.5726944897 48.7862077973 -22 59.5726944897 48.7862077973 -22.5 59.5726944897 48.7862077973 -23.0316767806 59.830584942 48.997403502 -19 59.830584942 48.997403502 -19.5 59.830584942 48.997403502 -20 59.830584942 48.997403502 -20.5 59.830584942 48.997403502 -21 59.830584942 48.997403502 -21.5 59.830584942 48.997403502 -22 59.830584942 48.997403502 -22.5 59.830584942 48.997403502 -23.0316767806 60.0884753943 49.2085992068 -19 60.0884753943 49.2085992068 -19.5 60.0884753943 49.2085992068 -20 60.0884753943 49.2085992068 -20.5 60.0884753943 49.2085992068 -21 60.0884753943 49.2085992068 -21.5 60.0884753943 49.2085992068 -22 60.0884753943 49.2085992068 -22.5 60.0884753943 49.2085992068 -23.0316767806 60.3463658467 49.4197949115 -19 60.3463658467 49.4197949115 -19.5 60.3463658467 49.4197949115 -20 60.3463658467 49.4197949115 -20.5 60.3463658467 49.4197949115 -21 60.3463658467 49.4197949115 -21.5 60.3463658467 49.4197949115 -22 60.3463658467 49.4197949115 -22.5 60.3463658467 49.4197949115 -23.0316767806 60.604256299 49.6309906163 -19 60.604256299 49.6309906163 -19.5 60.604256299 49.6309906163 -20 60.604256299 49.6309906163 -20.5 60.604256299 49.6309906163 -21 60.604256299 49.6309906163 -21.5 60.604256299 49.6309906163 -22 60.604256299 49.6309906163 -22.5 60.604256299 49.6309906163 -23.0316767806 60.8621467513 49.842186321 -19 60.8621467513 49.842186321 -19.5 60.8621467513 49.842186321 -20 60.8621467513 49.842186321 -20.5 60.8621467513 49.842186321 -21 60.8621467513 49.842186321 -21.5 60.8621467513 49.842186321 -22 60.8621467513 49.842186321 -22.5 60.8621467513 49.842186321 -23.0316767806 61.1200372037 50.0533820258 -19 61.1200372037 50.0533820258 -19.5 61.1200372037 50.0533820258 -20 61.1200372037 50.0533820258 -20.5 61.1200372037 50.0533820258 -21 61.1200372037 50.0533820258 -21.5 61.1200372037 50.0533820258 -22 61.1200372037 50.0533820258 -22.5 61.1200372037 50.0533820258 -23.0316767806 61.377927656 50.2645777305 -19 61.377927656 50.2645777305 -19.5 61.377927656 50.2645777305 -20 61.377927656 50.2645777305 -20.5 61.377927656 50.2645777305 -21 61.377927656 50.2645777305 -21.5 61.377927656 50.2645777305 -22 61.377927656 50.2645777305 -22.5 61.377927656 50.2645777305 -23.0316767806 61.6358181084 50.4757734353 -19 61.6358181084 50.4757734353 -19.5 61.6358181084 50.4757734353 -20 61.6358181084 50.4757734353 -20.5 61.6358181084 50.4757734353 -21 61.6358181084 50.4757734353 -21.5 61.6358181084 50.4757734353 -22 61.6358181084 50.4757734353 -22.5 61.6358181084 50.4757734353 -23.0316767806 61.8937085607 50.68696914 -19 61.8937085607 50.68696914 -19.5 61.8937085607 50.68696914 -20 61.8937085607 50.68696914 -20.5 61.8937085607 50.68696914 -21 61.8937085607 50.68696914 -21.5 61.8937085607 50.68696914 -22 61.8937085607 50.68696914 -22.5 61.8937085607 50.68696914 -23.0316767806 59.1064836015 47.7747171238 -19 59.3657225647 47.9842553568 -19 59.1064836015 47.7747171238 -19.5 59.3657225647 47.9842553568 -19.5 59.1064836015 47.7747171238 -20 59.3657225647 47.9842553568 -20 59.1064836015 47.7747171238 -20.5 59.3657225647 47.9842553568 -20.5 59.1064836015 47.7747171238 -21 59.3657225647 47.9842553568 -21 59.1064836015 47.7747171238 -21.5 59.3657225647 47.9842553568 -21.5 59.1064836015 47.7747171238 -22 59.3657225647 47.9842553568 -22 59.1064836015 47.7747171238 -22.5 59.3657225647 47.9842553568 -22.5 59.1064836015 47.7747171238 -23.1685663526 59.3657225647 47.9842553568 -23.1685663526 59.6249615279 48.1937935898 -19 59.6249615279 48.1937935898 -19.5 59.6249615279 48.1937935898 -20 59.6249615279 48.1937935898 -20.5 59.6249615279 48.1937935898 -21 59.6249615279 48.1937935898 -21.5 59.6249615279 48.1937935898 -22 59.6249615279 48.1937935898 -22.5 59.6249615279 48.1937935898 -23.1685663526 59.884200491 48.4033318228 -19 59.884200491 48.4033318228 -19.5 59.884200491 48.4033318228 -20 59.884200491 48.4033318228 -20.5 59.884200491 48.4033318228 -21 59.884200491 48.4033318228 -21.5 59.884200491 48.4033318228 -22 59.884200491 48.4033318228 -22.5 59.884200491 48.4033318228 -23.1685663526 60.1434394542 48.6128700558 -19 60.1434394542 48.6128700558 -19.5 60.1434394542 48.6128700558 -20 60.1434394542 48.6128700558 -20.5 60.1434394542 48.6128700558 -21 60.1434394542 48.6128700558 -21.5 60.1434394542 48.6128700558 -22 60.1434394542 48.6128700558 -22.5 60.1434394542 48.6128700558 -23.1685663526 60.4026784174 48.8224082888 -19 60.4026784174 48.8224082888 -19.5 60.4026784174 48.8224082888 -20 60.4026784174 48.8224082888 -20.5 60.4026784174 48.8224082888 -21 60.4026784174 48.8224082888 -21.5 60.4026784174 48.8224082888 -22 60.4026784174 48.8224082888 -22.5 60.4026784174 48.8224082888 -23.1685663526 60.6619173805 49.0319465218 -19 60.6619173805 49.0319465218 -19.5 60.6619173805 49.0319465218 -20 60.6619173805 49.0319465218 -20.5 60.6619173805 49.0319465218 -21 60.6619173805 49.0319465218 -21.5 60.6619173805 49.0319465218 -22 60.6619173805 49.0319465218 -22.5 60.6619173805 49.0319465218 -23.1685663526 60.9211563437 49.2414847548 -19 60.9211563437 49.2414847548 -19.5 60.9211563437 49.2414847548 -20 60.9211563437 49.2414847548 -20.5 60.9211563437 49.2414847548 -21 60.9211563437 49.2414847548 -21.5 60.9211563437 49.2414847548 -22 60.9211563437 49.2414847548 -22.5 60.9211563437 49.2414847548 -23.1685663526 61.1803953069 49.4510229878 -19 61.1803953069 49.4510229878 -19.5 61.1803953069 49.4510229878 -20 61.1803953069 49.4510229878 -20.5 61.1803953069 49.4510229878 -21 61.1803953069 49.4510229878 -21.5 61.1803953069 49.4510229878 -22 61.1803953069 49.4510229878 -22.5 61.1803953069 49.4510229878 -23.1685663526 61.43963427 49.6605612208 -19 61.43963427 49.6605612208 -19.5 61.43963427 49.6605612208 -20 61.43963427 49.6605612208 -20.5 61.43963427 49.6605612208 -21 61.43963427 49.6605612208 -21.5 61.43963427 49.6605612208 -22 61.43963427 49.6605612208 -22.5 61.43963427 49.6605612208 -23.1685663526 61.6988732332 49.8700994538 -19 61.6988732332 49.8700994538 -19.5 61.6988732332 49.8700994538 -20 61.6988732332 49.8700994538 -20.5 61.6988732332 49.8700994538 -21 61.6988732332 49.8700994538 -21.5 61.6988732332 49.8700994538 -22 61.6988732332 49.8700994538 -22.5 61.6988732332 49.8700994538 -23.1685663526 61.9581121963 50.0796376868 -19 61.9581121963 50.0796376868 -19.5 61.9581121963 50.0796376868 -20 61.9581121963 50.0796376868 -20.5 61.9581121963 50.0796376868 -21 61.9581121963 50.0796376868 -21.5 61.9581121963 50.0796376868 -22 61.9581121963 50.0796376868 -22.5 61.9581121963 50.0796376868 -23.1685663526 62.2173511595 50.2891759198 -19 62.2173511595 50.2891759198 -19.5 62.2173511595 50.2891759198 -20 62.2173511595 50.2891759198 -20.5 62.2173511595 50.2891759198 -21 62.2173511595 50.2891759198 -21.5 62.2173511595 50.2891759198 -22 62.2173511595 50.2891759198 -22.5 62.2173511595 50.2891759198 -23.1685663526 59.4115153113 47.3948504419 -19 59.6720921329 47.602722593 -19 59.4115153113 47.3948504419 -19.5 59.6720921329 47.602722593 -19.5 59.4115153113 47.3948504419 -20 59.6720921329 47.602722593 -20 59.4115153113 47.3948504419 -20.5 59.6720921329 47.602722593 -20.5 59.4115153113 47.3948504419 -21 59.6720921329 47.602722593 -21 59.4115153113 47.3948504419 -21.5 59.6720921329 47.602722593 -21.5 59.4115153113 47.3948504419 -22 59.6720921329 47.602722593 -22 59.4115153113 47.3948504419 -22.5 59.6720921329 47.602722593 -22.5 59.4115153113 47.3948504419 -23 59.6720921329 47.602722593 -23 59.4115153113 47.3948504419 -23.3043088825 59.6720921329 47.602722593 -23.3043088825 59.9326689544 47.810594744 -19 59.9326689544 47.810594744 -19.5 59.9326689544 47.810594744 -20 59.9326689544 47.810594744 -20.5 59.9326689544 47.810594744 -21 59.9326689544 47.810594744 -21.5 59.9326689544 47.810594744 -22 59.9326689544 47.810594744 -22.5 59.9326689544 47.810594744 -23 59.9326689544 47.810594744 -23.3043088825 60.193245776 48.0184668951 -19 60.193245776 48.0184668951 -19.5 60.193245776 48.0184668951 -20 60.193245776 48.0184668951 -20.5 60.193245776 48.0184668951 -21 60.193245776 48.0184668951 -21.5 60.193245776 48.0184668951 -22 60.193245776 48.0184668951 -22.5 60.193245776 48.0184668951 -23 60.193245776 48.0184668951 -23.3043088825 60.4538225975 48.2263390462 -19 60.4538225975 48.2263390462 -19.5 60.4538225975 48.2263390462 -20 60.4538225975 48.2263390462 -20.5 60.4538225975 48.2263390462 -21 60.4538225975 48.2263390462 -21.5 60.4538225975 48.2263390462 -22 60.4538225975 48.2263390462 -22.5 60.4538225975 48.2263390462 -23 60.4538225975 48.2263390462 -23.3043088825 60.714399419 48.4342111972 -19 60.714399419 48.4342111972 -19.5 60.714399419 48.4342111972 -20 60.714399419 48.4342111972 -20.5 60.714399419 48.4342111972 -21 60.714399419 48.4342111972 -21.5 60.714399419 48.4342111972 -22 60.714399419 48.4342111972 -22.5 60.714399419 48.4342111972 -23 60.714399419 48.4342111972 -23.3043088825 60.9749762406 48.6420833483 -19 60.9749762406 48.6420833483 -19.5 60.9749762406 48.6420833483 -20 60.9749762406 48.6420833483 -20.5 60.9749762406 48.6420833483 -21 60.9749762406 48.6420833483 -21.5 60.9749762406 48.6420833483 -22 60.9749762406 48.6420833483 -22.5 60.9749762406 48.6420833483 -23 60.9749762406 48.6420833483 -23.3043088825 61.2355530621 48.8499554993 -19 61.2355530621 48.8499554993 -19.5 61.2355530621 48.8499554993 -20 61.2355530621 48.8499554993 -20.5 61.2355530621 48.8499554993 -21 61.2355530621 48.8499554993 -21.5 61.2355530621 48.8499554993 -22 61.2355530621 48.8499554993 -22.5 61.2355530621 48.8499554993 -23 61.2355530621 48.8499554993 -23.3043088825 61.4961298837 49.0578276504 -19 61.4961298837 49.0578276504 -19.5 61.4961298837 49.0578276504 -20 61.4961298837 49.0578276504 -20.5 61.4961298837 49.0578276504 -21 61.4961298837 49.0578276504 -21.5 61.4961298837 49.0578276504 -22 61.4961298837 49.0578276504 -22.5 61.4961298837 49.0578276504 -23 61.4961298837 49.0578276504 -23.3043088825 61.7567067052 49.2656998015 -19 61.7567067052 49.2656998015 -19.5 61.7567067052 49.2656998015 -20 61.7567067052 49.2656998015 -20.5 61.7567067052 49.2656998015 -21 61.7567067052 49.2656998015 -21.5 61.7567067052 49.2656998015 -22 61.7567067052 49.2656998015 -22.5 61.7567067052 49.2656998015 -23 61.7567067052 49.2656998015 -23.3043088825 62.0172835267 49.4735719525 -19 62.0172835267 49.4735719525 -19.5 62.0172835267 49.4735719525 -20 62.0172835267 49.4735719525 -20.5 62.0172835267 49.4735719525 -21 62.0172835267 49.4735719525 -21.5 62.0172835267 49.4735719525 -22 62.0172835267 49.4735719525 -22.5 62.0172835267 49.4735719525 -23 62.0172835267 49.4735719525 -23.3043088825 62.2778603483 49.6814441036 -19 62.2778603483 49.6814441036 -19.5 62.2778603483 49.6814441036 -20 62.2778603483 49.6814441036 -20.5 62.2778603483 49.6814441036 -21 62.2778603483 49.6814441036 -21.5 62.2778603483 49.6814441036 -22 62.2778603483 49.6814441036 -22.5 62.2778603483 49.6814441036 -23 62.2778603483 49.6814441036 -23.3043088825 62.5384371698 49.8893162547 -19 62.5384371698 49.8893162547 -19.5 62.5384371698 49.8893162547 -20 62.5384371698 49.8893162547 -20.5 62.5384371698 49.8893162547 -21 62.5384371698 49.8893162547 -21.5 62.5384371698 49.8893162547 -22 62.5384371698 49.8893162547 -22.5 62.5384371698 49.8893162547 -23 62.5384371698 49.8893162547 -23.3043088825 59.7141057279 47.0130362465 -19.5 59.9760097004 47.2192337739 -19.5 59.7141057279 47.0130362465 -20 59.9760097004 47.2192337739 -20 59.7141057279 47.0130362465 -20.5 59.9760097004 47.2192337739 -20.5 59.7141057279 47.0130362465 -21 59.9760097004 47.2192337739 -21 59.7141057279 47.0130362465 -21.5 59.9760097004 47.2192337739 -21.5 59.7141057279 47.0130362465 -22 59.9760097004 47.2192337739 -22 59.7141057279 47.0130362465 -22.5 59.9760097004 47.2192337739 -22.5 59.7141057279 47.0130362465 -23 59.9760097004 47.2192337739 -23 59.7141057279 47.0130362465 -23.4388950548 59.9760097004 47.2192337739 -23.4388950548 60.2379136729 47.4254313013 -19.5 60.2379136729 47.4254313013 -20 60.2379136729 47.4254313013 -20.5 60.2379136729 47.4254313013 -21 60.2379136729 47.4254313013 -21.5 60.2379136729 47.4254313013 -22 60.2379136729 47.4254313013 -22.5 60.2379136729 47.4254313013 -23 60.2379136729 47.4254313013 -23.4388950548 60.4998176454 47.6316288287 -19.5 60.4998176454 47.6316288287 -20 60.4998176454 47.6316288287 -20.5 60.4998176454 47.6316288287 -21 60.4998176454 47.6316288287 -21.5 60.4998176454 47.6316288287 -22 60.4998176454 47.6316288287 -22.5 60.4998176454 47.6316288287 -23 60.4998176454 47.6316288287 -23.4388950548 60.7617216179 47.8378263561 -19.5 60.7617216179 47.8378263561 -20 60.7617216179 47.8378263561 -20.5 60.7617216179 47.8378263561 -21 60.7617216179 47.8378263561 -21.5 60.7617216179 47.8378263561 -22 60.7617216179 47.8378263561 -22.5 60.7617216179 47.8378263561 -23 60.7617216179 47.8378263561 -23.4388950548 61.0236255903 48.0440238835 -19.5 61.0236255903 48.0440238835 -20 61.0236255903 48.0440238835 -20.5 61.0236255903 48.0440238835 -21 61.0236255903 48.0440238835 -21.5 61.0236255903 48.0440238835 -22 61.0236255903 48.0440238835 -22.5 61.0236255903 48.0440238835 -23 61.0236255903 48.0440238835 -23.4388950548 61.2855295628 48.2502214109 -19.5 61.2855295628 48.2502214109 -20 61.2855295628 48.2502214109 -20.5 61.2855295628 48.2502214109 -21 61.2855295628 48.2502214109 -21.5 61.2855295628 48.2502214109 -22 61.2855295628 48.2502214109 -22.5 61.2855295628 48.2502214109 -23 61.2855295628 48.2502214109 -23.4388950548 61.5474335353 48.4564189383 -19.5 61.5474335353 48.4564189383 -20 61.5474335353 48.4564189383 -20.5 61.5474335353 48.4564189383 -21 61.5474335353 48.4564189383 -21.5 61.5474335353 48.4564189383 -22 61.5474335353 48.4564189383 -22.5 61.5474335353 48.4564189383 -23 61.5474335353 48.4564189383 -23.4388950548 61.8093375078 48.6626164657 -19.5 61.8093375078 48.6626164657 -20 61.8093375078 48.6626164657 -20.5 61.8093375078 48.6626164657 -21 61.8093375078 48.6626164657 -21.5 61.8093375078 48.6626164657 -22 61.8093375078 48.6626164657 -22.5 61.8093375078 48.6626164657 -23 61.8093375078 48.6626164657 -23.4388950548 62.0712414803 48.8688139931 -19.5 62.0712414803 48.8688139931 -20 62.0712414803 48.8688139931 -20.5 62.0712414803 48.8688139931 -21 62.0712414803 48.8688139931 -21.5 62.0712414803 48.8688139931 -22 62.0712414803 48.8688139931 -22.5 62.0712414803 48.8688139931 -23 62.0712414803 48.8688139931 -23.4388950548 62.3331454528 49.0750115205 -19.5 62.3331454528 49.0750115205 -20 62.3331454528 49.0750115205 -20.5 62.3331454528 49.0750115205 -21 62.3331454528 49.0750115205 -21.5 62.3331454528 49.0750115205 -22 62.3331454528 49.0750115205 -22.5 62.3331454528 49.0750115205 -23 62.3331454528 49.0750115205 -23.4388950548 62.5950494253 49.2812090479 -19.5 62.5950494253 49.2812090479 -20 62.5950494253 49.2812090479 -20.5 62.5950494253 49.2812090479 -21 62.5950494253 49.2812090479 -21.5 62.5950494253 49.2812090479 -22 62.5950494253 49.2812090479 -22.5 62.5950494253 49.2812090479 -23 62.5950494253 49.2812090479 -23.4388950548 62.8569533978 49.4874065753 -19.5 62.8569533978 49.4874065753 -20 62.8569533978 49.4874065753 -20.5 62.8569533978 49.4874065753 -21 62.8569533978 49.4874065753 -21.5 62.8569533978 49.4874065753 -22 62.8569533978 49.4874065753 -22.5 62.8569533978 49.4874065753 -23 62.8569533978 49.4874065753 -23.4388950548 60.0142424174 46.6292902269 -19.5 60.2774627789 46.8338046577 -19.5 60.0142424174 46.6292902269 -20 60.2774627789 46.8338046577 -20 60.0142424174 46.6292902269 -20.5 60.2774627789 46.8338046577 -20.5 60.0142424174 46.6292902269 -21 60.2774627789 46.8338046577 -21 60.0142424174 46.6292902269 -21.5 60.2774627789 46.8338046577 -21.5 60.0142424174 46.6292902269 -22 60.2774627789 46.8338046577 -22 60.0142424174 46.6292902269 -22.5 60.2774627789 46.8338046577 -22.5 60.0142424174 46.6292902269 -23 60.2774627789 46.8338046577 -23 60.0142424174 46.6292902269 -23.5723155541 60.2774627789 46.8338046577 -23.5723155541 60.5406831404 47.0383190885 -19.5 60.5406831404 47.0383190885 -20 60.5406831404 47.0383190885 -20.5 60.5406831404 47.0383190885 -21 60.5406831404 47.0383190885 -21.5 60.5406831404 47.0383190885 -22 60.5406831404 47.0383190885 -22.5 60.5406831404 47.0383190885 -23 60.5406831404 47.0383190885 -23.5723155541 60.8039035019 47.2428335193 -19.5 60.8039035019 47.2428335193 -20 60.8039035019 47.2428335193 -20.5 60.8039035019 47.2428335193 -21 60.8039035019 47.2428335193 -21.5 60.8039035019 47.2428335193 -22 60.8039035019 47.2428335193 -22.5 60.8039035019 47.2428335193 -23 60.8039035019 47.2428335193 -23.5723155541 61.0671238633 47.4473479502 -19.5 61.0671238633 47.4473479502 -20 61.0671238633 47.4473479502 -20.5 61.0671238633 47.4473479502 -21 61.0671238633 47.4473479502 -21.5 61.0671238633 47.4473479502 -22 61.0671238633 47.4473479502 -22.5 61.0671238633 47.4473479502 -23 61.0671238633 47.4473479502 -23.5723155541 61.3303442248 47.651862381 -19.5 61.3303442248 47.651862381 -20 61.3303442248 47.651862381 -20.5 61.3303442248 47.651862381 -21 61.3303442248 47.651862381 -21.5 61.3303442248 47.651862381 -22 61.3303442248 47.651862381 -22.5 61.3303442248 47.651862381 -23 61.3303442248 47.651862381 -23.5723155541 61.5935645863 47.8563768118 -19.5 61.5935645863 47.8563768118 -20 61.5935645863 47.8563768118 -20.5 61.5935645863 47.8563768118 -21 61.5935645863 47.8563768118 -21.5 61.5935645863 47.8563768118 -22 61.5935645863 47.8563768118 -22.5 61.5935645863 47.8563768118 -23 61.5935645863 47.8563768118 -23.5723155541 61.8567849478 48.0608912426 -19.5 61.8567849478 48.0608912426 -20 61.8567849478 48.0608912426 -20.5 61.8567849478 48.0608912426 -21 61.8567849478 48.0608912426 -21.5 61.8567849478 48.0608912426 -22 61.8567849478 48.0608912426 -22.5 61.8567849478 48.0608912426 -23 61.8567849478 48.0608912426 -23.5723155541 62.1200053093 48.2654056734 -19.5 62.1200053093 48.2654056734 -20 62.1200053093 48.2654056734 -20.5 62.1200053093 48.2654056734 -21 62.1200053093 48.2654056734 -21.5 62.1200053093 48.2654056734 -22 62.1200053093 48.2654056734 -22.5 62.1200053093 48.2654056734 -23 62.1200053093 48.2654056734 -23.5723155541 62.3832256707 48.4699201043 -19.5 62.3832256707 48.4699201043 -20 62.3832256707 48.4699201043 -20.5 62.3832256707 48.4699201043 -21 62.3832256707 48.4699201043 -21.5 62.3832256707 48.4699201043 -22 62.3832256707 48.4699201043 -22.5 62.3832256707 48.4699201043 -23 62.3832256707 48.4699201043 -23.5723155541 62.6464460322 48.6744345351 -19.5 62.6464460322 48.6744345351 -20 62.6464460322 48.6744345351 -20.5 62.6464460322 48.6744345351 -21 62.6464460322 48.6744345351 -21.5 62.6464460322 48.6744345351 -22 62.6464460322 48.6744345351 -22.5 62.6464460322 48.6744345351 -23 62.6464460322 48.6744345351 -23.5723155541 62.9096663937 48.8789489659 -19.5 62.9096663937 48.8789489659 -20 62.9096663937 48.8789489659 -20.5 62.9096663937 48.8789489659 -21 62.9096663937 48.8789489659 -21.5 62.9096663937 48.8789489659 -22 62.9096663937 48.8789489659 -22.5 62.9096663937 48.8789489659 -23 62.9096663937 48.8789489659 -23.5723155541 63.1728867552 49.0834633967 -19.5 63.1728867552 49.0834633967 -20 63.1728867552 49.0834633967 -20.5 63.1728867552 49.0834633967 -21 63.1728867552 49.0834633967 -21.5 63.1728867552 49.0834633967 -22 63.1728867552 49.0834633967 -22.5 63.1728867552 49.0834633967 -23 63.1728867552 49.0834633967 -23.5723155541 60.3119130469 46.2436281516 -19.5 60.5764389813 46.4464510821 -19.5 60.3119130469 46.2436281516 -20 60.5764389813 46.4464510821 -20 60.3119130469 46.2436281516 -20.5 60.5764389813 46.4464510821 -20.5 60.3119130469 46.2436281516 -21 60.5764389813 46.4464510821 -21 60.3119130469 46.2436281516 -21.5 60.5764389813 46.4464510821 -21.5 60.3119130469 46.2436281516 -22 60.5764389813 46.4464510821 -22 60.3119130469 46.2436281516 -22.5 60.5764389813 46.4464510821 -22.5 60.3119130469 46.2436281516 -23 60.5764389813 46.4464510821 -23 60.3119130469 46.2436281516 -23.704561065 60.5764389813 46.4464510821 -23.704561065 60.8409649158 46.6492740126 -19.5 60.8409649158 46.6492740126 -20 60.8409649158 46.6492740126 -20.5 60.8409649158 46.6492740126 -21 60.8409649158 46.6492740126 -21.5 60.8409649158 46.6492740126 -22 60.8409649158 46.6492740126 -22.5 60.8409649158 46.6492740126 -23 60.8409649158 46.6492740126 -23.704561065 61.1054908502 46.852096943 -19.5 61.1054908502 46.852096943 -20 61.1054908502 46.852096943 -20.5 61.1054908502 46.852096943 -21 61.1054908502 46.852096943 -21.5 61.1054908502 46.852096943 -22 61.1054908502 46.852096943 -22.5 61.1054908502 46.852096943 -23 61.1054908502 46.852096943 -23.704561065 61.3700167846 47.0549198735 -19.5 61.3700167846 47.0549198735 -20 61.3700167846 47.0549198735 -20.5 61.3700167846 47.0549198735 -21 61.3700167846 47.0549198735 -21.5 61.3700167846 47.0549198735 -22 61.3700167846 47.0549198735 -22.5 61.3700167846 47.0549198735 -23 61.3700167846 47.0549198735 -23.704561065 61.634542719 47.257742804 -19.5 61.634542719 47.257742804 -20 61.634542719 47.257742804 -20.5 61.634542719 47.257742804 -21 61.634542719 47.257742804 -21.5 61.634542719 47.257742804 -22 61.634542719 47.257742804 -22.5 61.634542719 47.257742804 -23 61.634542719 47.257742804 -23.704561065 61.8990686534 47.4605657345 -19.5 61.8990686534 47.4605657345 -20 61.8990686534 47.4605657345 -20.5 61.8990686534 47.4605657345 -21 61.8990686534 47.4605657345 -21.5 61.8990686534 47.4605657345 -22 61.8990686534 47.4605657345 -22.5 61.8990686534 47.4605657345 -23 61.8990686534 47.4605657345 -23.704561065 62.1635945878 47.663388665 -19.5 62.1635945878 47.663388665 -20 62.1635945878 47.663388665 -20.5 62.1635945878 47.663388665 -21 62.1635945878 47.663388665 -21.5 62.1635945878 47.663388665 -22 62.1635945878 47.663388665 -22.5 62.1635945878 47.663388665 -23 62.1635945878 47.663388665 -23.704561065 62.4281205223 47.8662115955 -19.5 62.4281205223 47.8662115955 -20 62.4281205223 47.8662115955 -20.5 62.4281205223 47.8662115955 -21 62.4281205223 47.8662115955 -21.5 62.4281205223 47.8662115955 -22 62.4281205223 47.8662115955 -22.5 62.4281205223 47.8662115955 -23 62.4281205223 47.8662115955 -23.704561065 62.6926464567 48.069034526 -19.5 62.6926464567 48.069034526 -20 62.6926464567 48.069034526 -20.5 62.6926464567 48.069034526 -21 62.6926464567 48.069034526 -21.5 62.6926464567 48.069034526 -22 62.6926464567 48.069034526 -22.5 62.6926464567 48.069034526 -23 62.6926464567 48.069034526 -23.704561065 62.9571723911 48.2718574565 -19.5 62.9571723911 48.2718574565 -20 62.9571723911 48.2718574565 -20.5 62.9571723911 48.2718574565 -21 62.9571723911 48.2718574565 -21.5 62.9571723911 48.2718574565 -22 62.9571723911 48.2718574565 -22.5 62.9571723911 48.2718574565 -23 62.9571723911 48.2718574565 -23.704561065 63.2216983255 48.474680387 -19.5 63.2216983255 48.474680387 -20 63.2216983255 48.474680387 -20.5 63.2216983255 48.474680387 -21 63.2216983255 48.474680387 -21.5 63.2216983255 48.474680387 -22 63.2216983255 48.474680387 -22.5 63.2216983255 48.474680387 -23 63.2216983255 48.474680387 -23.704561065 63.4862242599 48.6775033174 -19.5 63.4862242599 48.6775033174 -20 63.4862242599 48.6775033174 -20.5 63.4862242599 48.6775033174 -21 63.4862242599 48.6775033174 -21.5 63.4862242599 48.6775033174 -22 63.4862242599 48.6775033174 -22.5 63.4862242599 48.6775033174 -23 63.4862242599 48.6775033174 -23.704561065 60.6071053847 45.8560658679 -20 60.8729260224 46.0571889638 -20 60.6071053847 45.8560658679 -20.5 60.8729260224 46.0571889638 -20.5 60.6071053847 45.8560658679 -21 60.8729260224 46.0571889638 -21 60.6071053847 45.8560658679 -21.5 60.8729260224 46.0571889638 -21.5 60.6071053847 45.8560658679 -22 60.8729260224 46.0571889638 -22 60.6071053847 45.8560658679 -22.5 60.8729260224 46.0571889638 -22.5 60.6071053847 45.8560658679 -23 60.8729260224 46.0571889638 -23 60.6071053847 45.8560658679 -23.5 60.8729260224 46.0571889638 -23.5 60.6071053847 45.8560658679 -23.8356222719 60.8729260224 46.0571889638 -23.8356222719 61.13874666 46.2583120598 -20 61.13874666 46.2583120598 -20.5 61.13874666 46.2583120598 -21 61.13874666 46.2583120598 -21.5 61.13874666 46.2583120598 -22 61.13874666 46.2583120598 -22.5 61.13874666 46.2583120598 -23 61.13874666 46.2583120598 -23.5 61.13874666 46.2583120598 -23.8356222719 61.4045672977 46.4594351557 -20 61.4045672977 46.4594351557 -20.5 61.4045672977 46.4594351557 -21 61.4045672977 46.4594351557 -21.5 61.4045672977 46.4594351557 -22 61.4045672977 46.4594351557 -22.5 61.4045672977 46.4594351557 -23 61.4045672977 46.4594351557 -23.5 61.4045672977 46.4594351557 -23.8356222719 61.6703879353 46.6605582516 -20 61.6703879353 46.6605582516 -20.5 61.6703879353 46.6605582516 -21 61.6703879353 46.6605582516 -21.5 61.6703879353 46.6605582516 -22 61.6703879353 46.6605582516 -22.5 61.6703879353 46.6605582516 -23 61.6703879353 46.6605582516 -23.5 61.6703879353 46.6605582516 -23.8356222719 61.936208573 46.8616813475 -20 61.936208573 46.8616813475 -20.5 61.936208573 46.8616813475 -21 61.936208573 46.8616813475 -21.5 61.936208573 46.8616813475 -22 61.936208573 46.8616813475 -22.5 61.936208573 46.8616813475 -23 61.936208573 46.8616813475 -23.5 61.936208573 46.8616813475 -23.8356222719 62.2020292106 47.0628044434 -20 62.2020292106 47.0628044434 -20.5 62.2020292106 47.0628044434 -21 62.2020292106 47.0628044434 -21.5 62.2020292106 47.0628044434 -22 62.2020292106 47.0628044434 -22.5 62.2020292106 47.0628044434 -23 62.2020292106 47.0628044434 -23.5 62.2020292106 47.0628044434 -23.8356222719 62.4678498483 47.2639275393 -20 62.4678498483 47.2639275393 -20.5 62.4678498483 47.2639275393 -21 62.4678498483 47.2639275393 -21.5 62.4678498483 47.2639275393 -22 62.4678498483 47.2639275393 -22.5 62.4678498483 47.2639275393 -23 62.4678498483 47.2639275393 -23.5 62.4678498483 47.2639275393 -23.8356222719 62.7336704859 47.4650506352 -20 62.7336704859 47.4650506352 -20.5 62.7336704859 47.4650506352 -21 62.7336704859 47.4650506352 -21.5 62.7336704859 47.4650506352 -22 62.7336704859 47.4650506352 -22.5 62.7336704859 47.4650506352 -23 62.7336704859 47.4650506352 -23.5 62.7336704859 47.4650506352 -23.8356222719 62.9994911236 47.6661737311 -20 62.9994911236 47.6661737311 -20.5 62.9994911236 47.6661737311 -21 62.9994911236 47.6661737311 -21.5 62.9994911236 47.6661737311 -22 62.9994911236 47.6661737311 -22.5 62.9994911236 47.6661737311 -23 62.9994911236 47.6661737311 -23.5 62.9994911236 47.6661737311 -23.8356222719 63.2653117613 47.8672968271 -20 63.2653117613 47.8672968271 -20.5 63.2653117613 47.8672968271 -21 63.2653117613 47.8672968271 -21.5 63.2653117613 47.8672968271 -22 63.2653117613 47.8672968271 -22.5 63.2653117613 47.8672968271 -23 63.2653117613 47.8672968271 -23.5 63.2653117613 47.8672968271 -23.8356222719 63.5311323989 48.068419923 -20 63.5311323989 48.068419923 -20.5 63.5311323989 48.068419923 -21 63.5311323989 48.068419923 -21.5 63.5311323989 48.068419923 -22 63.5311323989 48.068419923 -22.5 63.5311323989 48.068419923 -23 63.5311323989 48.068419923 -23.5 63.5311323989 48.068419923 -23.8356222719 63.7969530366 48.2695430189 -20 63.7969530366 48.2695430189 -20.5 63.7969530366 48.2695430189 -21 63.7969530366 48.2695430189 -21.5 63.7969530366 48.2695430189 -22 63.7969530366 48.2695430189 -22.5 63.7969530366 48.2695430189 -23 63.7969530366 48.2695430189 -23.5 63.7969530366 48.2695430189 -23.8356222719 60.899807301 45.4666193014 -20 61.166911719 45.6660342983 -20 60.899807301 45.4666193014 -20.5 61.166911719 45.6660342983 -20.5 60.899807301 45.4666193014 -21 61.166911719 45.6660342983 -21 60.899807301 45.4666193014 -21.5 61.166911719 45.6660342983 -21.5 60.899807301 45.4666193014 -22 61.166911719 45.6660342983 -22 60.899807301 45.4666193014 -22.5 61.166911719 45.6660342983 -22.5 60.899807301 45.4666193014 -23 61.166911719 45.6660342983 -23 60.899807301 45.4666193014 -23.5 61.166911719 45.6660342983 -23.5 60.899807301 45.4666193014 -23.9654898595 61.166911719 45.6660342983 -23.9654898595 61.434016137 45.8654492953 -20 61.434016137 45.8654492953 -20.5 61.434016137 45.8654492953 -21 61.434016137 45.8654492953 -21.5 61.434016137 45.8654492953 -22 61.434016137 45.8654492953 -22.5 61.434016137 45.8654492953 -23 61.434016137 45.8654492953 -23.5 61.434016137 45.8654492953 -23.9654898595 61.701120555 46.0648642922 -20 61.701120555 46.0648642922 -20.5 61.701120555 46.0648642922 -21 61.701120555 46.0648642922 -21.5 61.701120555 46.0648642922 -22 61.701120555 46.0648642922 -22.5 61.701120555 46.0648642922 -23 61.701120555 46.0648642922 -23.5 61.701120555 46.0648642922 -23.9654898595 61.968224973 46.2642792891 -20 61.968224973 46.2642792891 -20.5 61.968224973 46.2642792891 -21 61.968224973 46.2642792891 -21.5 61.968224973 46.2642792891 -22 61.968224973 46.2642792891 -22.5 61.968224973 46.2642792891 -23 61.968224973 46.2642792891 -23.5 61.968224973 46.2642792891 -23.9654898595 62.235329391 46.4636942861 -20 62.235329391 46.4636942861 -20.5 62.235329391 46.4636942861 -21 62.235329391 46.4636942861 -21.5 62.235329391 46.4636942861 -22 62.235329391 46.4636942861 -22.5 62.235329391 46.4636942861 -23 62.235329391 46.4636942861 -23.5 62.235329391 46.4636942861 -23.9654898595 62.5024338089 46.663109283 -20 62.5024338089 46.663109283 -20.5 62.5024338089 46.663109283 -21 62.5024338089 46.663109283 -21.5 62.5024338089 46.663109283 -22 62.5024338089 46.663109283 -22.5 62.5024338089 46.663109283 -23 62.5024338089 46.663109283 -23.5 62.5024338089 46.663109283 -23.9654898595 62.7695382269 46.8625242799 -20 62.7695382269 46.8625242799 -20.5 62.7695382269 46.8625242799 -21 62.7695382269 46.8625242799 -21.5 62.7695382269 46.8625242799 -22 62.7695382269 46.8625242799 -22.5 62.7695382269 46.8625242799 -23 62.7695382269 46.8625242799 -23.5 62.7695382269 46.8625242799 -23.9654898595 63.0366426449 47.0619392769 -20 63.0366426449 47.0619392769 -20.5 63.0366426449 47.0619392769 -21 63.0366426449 47.0619392769 -21.5 63.0366426449 47.0619392769 -22 63.0366426449 47.0619392769 -22.5 63.0366426449 47.0619392769 -23 63.0366426449 47.0619392769 -23.5 63.0366426449 47.0619392769 -23.9654898595 63.3037470629 47.2613542738 -20 63.3037470629 47.2613542738 -20.5 63.3037470629 47.2613542738 -21 63.3037470629 47.2613542738 -21.5 63.3037470629 47.2613542738 -22 63.3037470629 47.2613542738 -22.5 63.3037470629 47.2613542738 -23 63.3037470629 47.2613542738 -23.5 63.3037470629 47.2613542738 -23.9654898595 63.5708514809 47.4607692708 -20 63.5708514809 47.4607692708 -20.5 63.5708514809 47.4607692708 -21 63.5708514809 47.4607692708 -21.5 63.5708514809 47.4607692708 -22 63.5708514809 47.4607692708 -22.5 63.5708514809 47.4607692708 -23 63.5708514809 47.4607692708 -23.5 63.5708514809 47.4607692708 -23.9654898595 63.8379558989 47.6601842677 -20 63.8379558989 47.6601842677 -20.5 63.8379558989 47.6601842677 -21 63.8379558989 47.6601842677 -21.5 63.8379558989 47.6601842677 -22 63.8379558989 47.6601842677 -22.5 63.8379558989 47.6601842677 -23 63.8379558989 47.6601842677 -23.5 63.8379558989 47.6601842677 -23.9654898595 64.1050603169 47.8595992646 -20 64.1050603169 47.8595992646 -20.5 64.1050603169 47.8595992646 -21 64.1050603169 47.8595992646 -21.5 64.1050603169 47.8595992646 -22 64.1050603169 47.8595992646 -22.5 64.1050603169 47.8595992646 -23 64.1050603169 47.8595992646 -23.5 64.1050603169 47.8595992646 -23.9654898595 61.1900067683 45.0753044548 -20 61.458383991 45.2730031585 -20 61.1900067683 45.0753044548 -20.5 61.458383991 45.2730031585 -20.5 61.1900067683 45.0753044548 -21 61.458383991 45.2730031585 -21 61.1900067683 45.0753044548 -21.5 61.458383991 45.2730031585 -21.5 61.1900067683 45.0753044548 -22 61.458383991 45.2730031585 -22 61.1900067683 45.0753044548 -22.5 61.458383991 45.2730031585 -22.5 61.1900067683 45.0753044548 -23 61.458383991 45.2730031585 -23 61.1900067683 45.0753044548 -23.5 61.458383991 45.2730031585 -23.5 61.1900067683 45.0753044548 -24.0941545122 61.458383991 45.2730031585 -24.0941545122 61.7267612137 45.4707018623 -20 61.7267612137 45.4707018623 -20.5 61.7267612137 45.4707018623 -21 61.7267612137 45.4707018623 -21.5 61.7267612137 45.4707018623 -22 61.7267612137 45.4707018623 -22.5 61.7267612137 45.4707018623 -23 61.7267612137 45.4707018623 -23.5 61.7267612137 45.4707018623 -24.0941545122 61.9951384363 45.668400566 -20 61.9951384363 45.668400566 -20.5 61.9951384363 45.668400566 -21 61.9951384363 45.668400566 -21.5 61.9951384363 45.668400566 -22 61.9951384363 45.668400566 -22.5 61.9951384363 45.668400566 -23 61.9951384363 45.668400566 -23.5 61.9951384363 45.668400566 -24.0941545122 62.263515659 45.8660992698 -20 62.263515659 45.8660992698 -20.5 62.263515659 45.8660992698 -21 62.263515659 45.8660992698 -21.5 62.263515659 45.8660992698 -22 62.263515659 45.8660992698 -22.5 62.263515659 45.8660992698 -23 62.263515659 45.8660992698 -23.5 62.263515659 45.8660992698 -24.0941545122 62.5318928817 46.0637979735 -20 62.5318928817 46.0637979735 -20.5 62.5318928817 46.0637979735 -21 62.5318928817 46.0637979735 -21.5 62.5318928817 46.0637979735 -22 62.5318928817 46.0637979735 -22.5 62.5318928817 46.0637979735 -23 62.5318928817 46.0637979735 -23.5 62.5318928817 46.0637979735 -24.0941545122 62.8002701043 46.2614966773 -20 62.8002701043 46.2614966773 -20.5 62.8002701043 46.2614966773 -21 62.8002701043 46.2614966773 -21.5 62.8002701043 46.2614966773 -22 62.8002701043 46.2614966773 -22.5 62.8002701043 46.2614966773 -23 62.8002701043 46.2614966773 -23.5 62.8002701043 46.2614966773 -24.0941545122 63.068647327 46.459195381 -20 63.068647327 46.459195381 -20.5 63.068647327 46.459195381 -21 63.068647327 46.459195381 -21.5 63.068647327 46.459195381 -22 63.068647327 46.459195381 -22.5 63.068647327 46.459195381 -23 63.068647327 46.459195381 -23.5 63.068647327 46.459195381 -24.0941545122 63.3370245497 46.6568940848 -20 63.3370245497 46.6568940848 -20.5 63.3370245497 46.6568940848 -21 63.3370245497 46.6568940848 -21.5 63.3370245497 46.6568940848 -22 63.3370245497 46.6568940848 -22.5 63.3370245497 46.6568940848 -23 63.3370245497 46.6568940848 -23.5 63.3370245497 46.6568940848 -24.0941545122 63.6054017723 46.8545927885 -20 63.6054017723 46.8545927885 -20.5 63.6054017723 46.8545927885 -21 63.6054017723 46.8545927885 -21.5 63.6054017723 46.8545927885 -22 63.6054017723 46.8545927885 -22.5 63.6054017723 46.8545927885 -23 63.6054017723 46.8545927885 -23.5 63.6054017723 46.8545927885 -24.0941545122 63.873778995 47.0522914923 -20 63.873778995 47.0522914923 -20.5 63.873778995 47.0522914923 -21 63.873778995 47.0522914923 -21.5 63.873778995 47.0522914923 -22 63.873778995 47.0522914923 -22.5 63.873778995 47.0522914923 -23 63.873778995 47.0522914923 -23.5 63.873778995 47.0522914923 -24.0941545122 64.1421562177 47.249990196 -20 64.1421562177 47.249990196 -20.5 64.1421562177 47.249990196 -21 64.1421562177 47.249990196 -21.5 64.1421562177 47.249990196 -22 64.1421562177 47.249990196 -22.5 64.1421562177 47.249990196 -23 64.1421562177 47.249990196 -23.5 64.1421562177 47.249990196 -24.0941545122 64.4105334403 47.4476888998 -20 64.4105334403 47.4476888998 -20.5 64.4105334403 47.4476888998 -21 64.4105334403 47.4476888998 -21.5 64.4105334403 47.4476888998 -22 64.4105334403 47.4476888998 -22.5 64.4105334403 47.4476888998 -23 64.4105334403 47.4476888998 -23.5 64.4105334403 47.4476888998 -24.0941545122 61.477691862 44.6821374077 -20 61.7473308614 44.8781116946 -20 61.477691862 44.6821374077 -20.5 61.7473308614 44.8781116946 -20.5 61.477691862 44.6821374077 -21 61.7473308614 44.8781116946 -21 61.477691862 44.6821374077 -21.5 61.7473308614 44.8781116946 -21.5 61.477691862 44.6821374077 -22 61.7473308614 44.8781116946 -22 61.477691862 44.6821374077 -22.5 61.7473308614 44.8781116946 -22.5 61.477691862 44.6821374077 -23 61.7473308614 44.8781116946 -23 61.477691862 44.6821374077 -23.5 61.7473308614 44.8781116946 -23.5 61.477691862 44.6821374077 -24.2216069147 61.7473308614 44.8781116946 -24.2216069147 62.0169698608 45.0740859815 -20 62.0169698608 45.0740859815 -20.5 62.0169698608 45.0740859815 -21 62.0169698608 45.0740859815 -21.5 62.0169698608 45.0740859815 -22 62.0169698608 45.0740859815 -22.5 62.0169698608 45.0740859815 -23 62.0169698608 45.0740859815 -23.5 62.0169698608 45.0740859815 -24.2216069147 62.2866088602 45.2700602684 -20 62.2866088602 45.2700602684 -20.5 62.2866088602 45.2700602684 -21 62.2866088602 45.2700602684 -21.5 62.2866088602 45.2700602684 -22 62.2866088602 45.2700602684 -22.5 62.2866088602 45.2700602684 -23 62.2866088602 45.2700602684 -23.5 62.2866088602 45.2700602684 -24.2216069147 62.5562478596 45.4660345552 -20 62.5562478596 45.4660345552 -20.5 62.5562478596 45.4660345552 -21 62.5562478596 45.4660345552 -21.5 62.5562478596 45.4660345552 -22 62.5562478596 45.4660345552 -22.5 62.5562478596 45.4660345552 -23 62.5562478596 45.4660345552 -23.5 62.5562478596 45.4660345552 -24.2216069147 62.825886859 45.6620088421 -20 62.825886859 45.6620088421 -20.5 62.825886859 45.6620088421 -21 62.825886859 45.6620088421 -21.5 62.825886859 45.6620088421 -22 62.825886859 45.6620088421 -22.5 62.825886859 45.6620088421 -23 62.825886859 45.6620088421 -23.5 62.825886859 45.6620088421 -24.2216069147 63.0955258583 45.857983129 -20 63.0955258583 45.857983129 -20.5 63.0955258583 45.857983129 -21 63.0955258583 45.857983129 -21.5 63.0955258583 45.857983129 -22 63.0955258583 45.857983129 -22.5 63.0955258583 45.857983129 -23 63.0955258583 45.857983129 -23.5 63.0955258583 45.857983129 -24.2216069147 63.3651648577 46.0539574159 -20 63.3651648577 46.0539574159 -20.5 63.3651648577 46.0539574159 -21 63.3651648577 46.0539574159 -21.5 63.3651648577 46.0539574159 -22 63.3651648577 46.0539574159 -22.5 63.3651648577 46.0539574159 -23 63.3651648577 46.0539574159 -23.5 63.3651648577 46.0539574159 -24.2216069147 63.6348038571 46.2499317027 -20 63.6348038571 46.2499317027 -20.5 63.6348038571 46.2499317027 -21 63.6348038571 46.2499317027 -21.5 63.6348038571 46.2499317027 -22 63.6348038571 46.2499317027 -22.5 63.6348038571 46.2499317027 -23 63.6348038571 46.2499317027 -23.5 63.6348038571 46.2499317027 -24.2216069147 63.9044428565 46.4459059896 -20 63.9044428565 46.4459059896 -20.5 63.9044428565 46.4459059896 -21 63.9044428565 46.4459059896 -21.5 63.9044428565 46.4459059896 -22 63.9044428565 46.4459059896 -22.5 63.9044428565 46.4459059896 -23 63.9044428565 46.4459059896 -23.5 63.9044428565 46.4459059896 -24.2216069147 64.1740818559 46.6418802765 -20 64.1740818559 46.6418802765 -20.5 64.1740818559 46.6418802765 -21 64.1740818559 46.6418802765 -21.5 64.1740818559 46.6418802765 -22 64.1740818559 46.6418802765 -22.5 64.1740818559 46.6418802765 -23 64.1740818559 46.6418802765 -23.5 64.1740818559 46.6418802765 -24.2216069147 64.4437208553 46.8378545634 -20 64.4437208553 46.8378545634 -20.5 64.4437208553 46.8378545634 -21 64.4437208553 46.8378545634 -21.5 64.4437208553 46.8378545634 -22 64.4437208553 46.8378545634 -22.5 64.4437208553 46.8378545634 -23 64.4437208553 46.8378545634 -23.5 64.4437208553 46.8378545634 -24.2216069147 64.7133598547 47.0338288502 -20 64.7133598547 47.0338288502 -20.5 64.7133598547 47.0338288502 -21 64.7133598547 47.0338288502 -21.5 64.7133598547 47.0338288502 -22 64.7133598547 47.0338288502 -22.5 64.7133598547 47.0338288502 -23 64.7133598547 47.0338288502 -23.5 64.7133598547 47.0338288502 -24.2216069147 61.7628507606 44.287134316 -20.5 62.033740457 44.4813761331 -20.5 61.7628507606 44.287134316 -21 62.033740457 44.4813761331 -21 61.7628507606 44.287134316 -21.5 62.033740457 44.4813761331 -21.5 61.7628507606 44.287134316 -22 62.033740457 44.4813761331 -22 61.7628507606 44.287134316 -22.5 62.033740457 44.4813761331 -22.5 61.7628507606 44.287134316 -23 62.033740457 44.4813761331 -23 61.7628507606 44.287134316 -23.5 62.033740457 44.4813761331 -23.5 61.7628507606 44.287134316 -24 62.033740457 44.4813761331 -24 61.7628507606 44.287134316 -24.3478377515 62.033740457 44.4813761331 -24.3478377515 62.3046301533 44.6756179503 -20.5 62.3046301533 44.6756179503 -21 62.3046301533 44.6756179503 -21.5 62.3046301533 44.6756179503 -22 62.3046301533 44.6756179503 -22.5 62.3046301533 44.6756179503 -23 62.3046301533 44.6756179503 -23.5 62.3046301533 44.6756179503 -24 62.3046301533 44.6756179503 -24.3478377515 62.5755198496 44.8698597675 -20.5 62.5755198496 44.8698597675 -21 62.5755198496 44.8698597675 -21.5 62.5755198496 44.8698597675 -22 62.5755198496 44.8698597675 -22.5 62.5755198496 44.8698597675 -23 62.5755198496 44.8698597675 -23.5 62.5755198496 44.8698597675 -24 62.5755198496 44.8698597675 -24.3478377515 62.8464095459 45.0641015847 -20.5 62.8464095459 45.0641015847 -21 62.8464095459 45.0641015847 -21.5 62.8464095459 45.0641015847 -22 62.8464095459 45.0641015847 -22.5 62.8464095459 45.0641015847 -23 62.8464095459 45.0641015847 -23.5 62.8464095459 45.0641015847 -24 62.8464095459 45.0641015847 -24.3478377515 63.1172992422 45.2583434018 -20.5 63.1172992422 45.2583434018 -21 63.1172992422 45.2583434018 -21.5 63.1172992422 45.2583434018 -22 63.1172992422 45.2583434018 -22.5 63.1172992422 45.2583434018 -23 63.1172992422 45.2583434018 -23.5 63.1172992422 45.2583434018 -24 63.1172992422 45.2583434018 -24.3478377515 63.3881889385 45.452585219 -20.5 63.3881889385 45.452585219 -21 63.3881889385 45.452585219 -21.5 63.3881889385 45.452585219 -22 63.3881889385 45.452585219 -22.5 63.3881889385 45.452585219 -23 63.3881889385 45.452585219 -23.5 63.3881889385 45.452585219 -24 63.3881889385 45.452585219 -24.3478377515 63.6590786349 45.6468270362 -20.5 63.6590786349 45.6468270362 -21 63.6590786349 45.6468270362 -21.5 63.6590786349 45.6468270362 -22 63.6590786349 45.6468270362 -22.5 63.6590786349 45.6468270362 -23 63.6590786349 45.6468270362 -23.5 63.6590786349 45.6468270362 -24 63.6590786349 45.6468270362 -24.3478377515 63.9299683312 45.8410688534 -20.5 63.9299683312 45.8410688534 -21 63.9299683312 45.8410688534 -21.5 63.9299683312 45.8410688534 -22 63.9299683312 45.8410688534 -22.5 63.9299683312 45.8410688534 -23 63.9299683312 45.8410688534 -23.5 63.9299683312 45.8410688534 -24 63.9299683312 45.8410688534 -24.3478377515 64.2008580275 46.0353106705 -20.5 64.2008580275 46.0353106705 -21 64.2008580275 46.0353106705 -21.5 64.2008580275 46.0353106705 -22 64.2008580275 46.0353106705 -22.5 64.2008580275 46.0353106705 -23 64.2008580275 46.0353106705 -23.5 64.2008580275 46.0353106705 -24 64.2008580275 46.0353106705 -24.3478377515 64.4717477238 46.2295524877 -20.5 64.4717477238 46.2295524877 -21 64.4717477238 46.2295524877 -21.5 64.4717477238 46.2295524877 -22 64.4717477238 46.2295524877 -22.5 64.4717477238 46.2295524877 -23 64.4717477238 46.2295524877 -23.5 64.4717477238 46.2295524877 -24 64.4717477238 46.2295524877 -24.3478377515 64.7426374201 46.4237943049 -20.5 64.7426374201 46.4237943049 -21 64.7426374201 46.4237943049 -21.5 64.7426374201 46.4237943049 -22 64.7426374201 46.4237943049 -22.5 64.7426374201 46.4237943049 -23 64.7426374201 46.4237943049 -23.5 64.7426374201 46.4237943049 -24 64.7426374201 46.4237943049 -24.3478377515 65.0135271165 46.6180361221 -20.5 65.0135271165 46.6180361221 -21 65.0135271165 46.6180361221 -21.5 65.0135271165 46.6180361221 -22 65.0135271165 46.6180361221 -22.5 65.0135271165 46.6180361221 -23 65.0135271165 46.6180361221 -23.5 65.0135271165 46.6180361221 -24 65.0135271165 46.6180361221 -24.3478377515 62.0454717468 43.8903114106 -20.5 62.3176010088 44.0828127765 -20.5 62.0454717468 43.8903114106 -21 62.3176010088 44.0828127765 -21 62.0454717468 43.8903114106 -21.5 62.3176010088 44.0828127765 -21.5 62.0454717468 43.8903114106 -22 62.3176010088 44.0828127765 -22 62.0454717468 43.8903114106 -22.5 62.3176010088 44.0828127765 -22.5 62.0454717468 43.8903114106 -23 62.3176010088 44.0828127765 -23 62.0454717468 43.8903114106 -23.5 62.3176010088 44.0828127765 -23.5 62.0454717468 43.8903114106 -24 62.3176010088 44.0828127765 -24 62.0454717468 43.8903114106 -24.4728377072 62.3176010088 44.0828127765 -24.4728377072 62.5897302709 44.2753141423 -20.5 62.5897302709 44.2753141423 -21 62.5897302709 44.2753141423 -21.5 62.5897302709 44.2753141423 -22 62.5897302709 44.2753141423 -22.5 62.5897302709 44.2753141423 -23 62.5897302709 44.2753141423 -23.5 62.5897302709 44.2753141423 -24 62.5897302709 44.2753141423 -24.4728377072 62.8618595329 44.4678155081 -20.5 62.8618595329 44.4678155081 -21 62.8618595329 44.4678155081 -21.5 62.8618595329 44.4678155081 -22 62.8618595329 44.4678155081 -22.5 62.8618595329 44.4678155081 -23 62.8618595329 44.4678155081 -23.5 62.8618595329 44.4678155081 -24 62.8618595329 44.4678155081 -24.4728377072 63.133988795 44.660316874 -20.5 63.133988795 44.660316874 -21 63.133988795 44.660316874 -21.5 63.133988795 44.660316874 -22 63.133988795 44.660316874 -22.5 63.133988795 44.660316874 -23 63.133988795 44.660316874 -23.5 63.133988795 44.660316874 -24 63.133988795 44.660316874 -24.4728377072 63.406118057 44.8528182398 -20.5 63.406118057 44.8528182398 -21 63.406118057 44.8528182398 -21.5 63.406118057 44.8528182398 -22 63.406118057 44.8528182398 -22.5 63.406118057 44.8528182398 -23 63.406118057 44.8528182398 -23.5 63.406118057 44.8528182398 -24 63.406118057 44.8528182398 -24.4728377072 63.678247319 45.0453196056 -20.5 63.678247319 45.0453196056 -21 63.678247319 45.0453196056 -21.5 63.678247319 45.0453196056 -22 63.678247319 45.0453196056 -22.5 63.678247319 45.0453196056 -23 63.678247319 45.0453196056 -23.5 63.678247319 45.0453196056 -24 63.678247319 45.0453196056 -24.4728377072 63.9503765811 45.2378209715 -20.5 63.9503765811 45.2378209715 -21 63.9503765811 45.2378209715 -21.5 63.9503765811 45.2378209715 -22 63.9503765811 45.2378209715 -22.5 63.9503765811 45.2378209715 -23 63.9503765811 45.2378209715 -23.5 63.9503765811 45.2378209715 -24 63.9503765811 45.2378209715 -24.4728377072 64.2225058431 45.4303223373 -20.5 64.2225058431 45.4303223373 -21 64.2225058431 45.4303223373 -21.5 64.2225058431 45.4303223373 -22 64.2225058431 45.4303223373 -22.5 64.2225058431 45.4303223373 -23 64.2225058431 45.4303223373 -23.5 64.2225058431 45.4303223373 -24 64.2225058431 45.4303223373 -24.4728377072 64.4946351052 45.6228237031 -20.5 64.4946351052 45.6228237031 -21 64.4946351052 45.6228237031 -21.5 64.4946351052 45.6228237031 -22 64.4946351052 45.6228237031 -22.5 64.4946351052 45.6228237031 -23 64.4946351052 45.6228237031 -23.5 64.4946351052 45.6228237031 -24 64.4946351052 45.6228237031 -24.4728377072 64.7667643672 45.815325069 -20.5 64.7667643672 45.815325069 -21 64.7667643672 45.815325069 -21.5 64.7667643672 45.815325069 -22 64.7667643672 45.815325069 -22.5 64.7667643672 45.815325069 -23 64.7667643672 45.815325069 -23.5 64.7667643672 45.815325069 -24 64.7667643672 45.815325069 -24.4728377072 65.0388936293 46.0078264348 -20.5 65.0388936293 46.0078264348 -21 65.0388936293 46.0078264348 -21.5 65.0388936293 46.0078264348 -22 65.0388936293 46.0078264348 -22.5 65.0388936293 46.0078264348 -23 65.0388936293 46.0078264348 -23.5 65.0388936293 46.0078264348 -24 65.0388936293 46.0078264348 -24.4728377072 65.3110228913 46.2003278007 -20.5 65.3110228913 46.2003278007 -21 65.3110228913 46.2003278007 -21.5 65.3110228913 46.2003278007 -22 65.3110228913 46.2003278007 -22.5 65.3110228913 46.2003278007 -23 65.3110228913 46.2003278007 -23.5 65.3110228913 46.2003278007 -24 65.3110228913 46.2003278007 -24.4728377072 62.3255432071 43.4916849977 -20.5 62.5989008528 43.6824380021 -20.5 62.3255432071 43.4916849977 -21 62.5989008528 43.6824380021 -21 62.3255432071 43.4916849977 -21.5 62.5989008528 43.6824380021 -21.5 62.3255432071 43.4916849977 -22 62.5989008528 43.6824380021 -22 62.3255432071 43.4916849977 -22.5 62.5989008528 43.6824380021 -22.5 62.3255432071 43.4916849977 -23 62.5989008528 43.6824380021 -23 62.3255432071 43.4916849977 -23.5 62.5989008528 43.6824380021 -23.5 62.3255432071 43.4916849977 -24 62.5989008528 43.6824380021 -24 62.3255432071 43.4916849977 -24.5965974662 62.5989008528 43.6824380021 -24.5965974662 62.8722584984 43.8731910064 -20.5 62.8722584984 43.8731910064 -21 62.8722584984 43.8731910064 -21.5 62.8722584984 43.8731910064 -22 62.8722584984 43.8731910064 -22.5 62.8722584984 43.8731910064 -23 62.8722584984 43.8731910064 -23.5 62.8722584984 43.8731910064 -24 62.8722584984 43.8731910064 -24.5965974662 63.1456161441 44.0639440108 -20.5 63.1456161441 44.0639440108 -21 63.1456161441 44.0639440108 -21.5 63.1456161441 44.0639440108 -22 63.1456161441 44.0639440108 -22.5 63.1456161441 44.0639440108 -23 63.1456161441 44.0639440108 -23.5 63.1456161441 44.0639440108 -24 63.1456161441 44.0639440108 -24.5965974662 63.4189737897 44.2546970152 -20.5 63.4189737897 44.2546970152 -21 63.4189737897 44.2546970152 -21.5 63.4189737897 44.2546970152 -22 63.4189737897 44.2546970152 -22.5 63.4189737897 44.2546970152 -23 63.4189737897 44.2546970152 -23.5 63.4189737897 44.2546970152 -24 63.4189737897 44.2546970152 -24.5965974662 63.6923314353 44.4454500196 -20.5 63.6923314353 44.4454500196 -21 63.6923314353 44.4454500196 -21.5 63.6923314353 44.4454500196 -22 63.6923314353 44.4454500196 -22.5 63.6923314353 44.4454500196 -23 63.6923314353 44.4454500196 -23.5 63.6923314353 44.4454500196 -24 63.6923314353 44.4454500196 -24.5965974662 63.965689081 44.6362030239 -20.5 63.965689081 44.6362030239 -21 63.965689081 44.6362030239 -21.5 63.965689081 44.6362030239 -22 63.965689081 44.6362030239 -22.5 63.965689081 44.6362030239 -23 63.965689081 44.6362030239 -23.5 63.965689081 44.6362030239 -24 63.965689081 44.6362030239 -24.5965974662 64.2390467266 44.8269560283 -20.5 64.2390467266 44.8269560283 -21 64.2390467266 44.8269560283 -21.5 64.2390467266 44.8269560283 -22 64.2390467266 44.8269560283 -22.5 64.2390467266 44.8269560283 -23 64.2390467266 44.8269560283 -23.5 64.2390467266 44.8269560283 -24 64.2390467266 44.8269560283 -24.5965974662 64.5124043723 45.0177090327 -20.5 64.5124043723 45.0177090327 -21 64.5124043723 45.0177090327 -21.5 64.5124043723 45.0177090327 -22 64.5124043723 45.0177090327 -22.5 64.5124043723 45.0177090327 -23 64.5124043723 45.0177090327 -23.5 64.5124043723 45.0177090327 -24 64.5124043723 45.0177090327 -24.5965974662 64.7857620179 45.2084620371 -20.5 64.7857620179 45.2084620371 -21 64.7857620179 45.2084620371 -21.5 64.7857620179 45.2084620371 -22 64.7857620179 45.2084620371 -22.5 64.7857620179 45.2084620371 -23 64.7857620179 45.2084620371 -23.5 64.7857620179 45.2084620371 -24 64.7857620179 45.2084620371 -24.5965974662 65.0591196636 45.3992150414 -20.5 65.0591196636 45.3992150414 -21 65.0591196636 45.3992150414 -21.5 65.0591196636 45.3992150414 -22 65.0591196636 45.3992150414 -22.5 65.0591196636 45.3992150414 -23 65.0591196636 45.3992150414 -23.5 65.0591196636 45.3992150414 -24 65.0591196636 45.3992150414 -24.5965974662 65.3324773092 45.5899680458 -20.5 65.3324773092 45.5899680458 -21 65.3324773092 45.5899680458 -21.5 65.3324773092 45.5899680458 -22 65.3324773092 45.5899680458 -22.5 65.3324773092 45.5899680458 -23 65.3324773092 45.5899680458 -23.5 65.3324773092 45.5899680458 -24 65.3324773092 45.5899680458 -24.5965974662 65.6058349549 45.7807210502 -20.5 65.6058349549 45.7807210502 -21 65.6058349549 45.7807210502 -21.5 65.6058349549 45.7807210502 -22 65.6058349549 45.7807210502 -22.5 65.6058349549 45.7807210502 -23 65.6058349549 45.7807210502 -23.5 65.6058349549 45.7807210502 -24 65.6058349549 45.7807210502 -24.5965974662 62.6030536332 43.0912714572 -21 62.8776284298 43.2802682618 -21 62.6030536332 43.0912714572 -21.5 62.8776284298 43.2802682618 -21.5 62.6030536332 43.0912714572 -22 62.8776284298 43.2802682618 -22 62.6030536332 43.0912714572 -22.5 62.8776284298 43.2802682618 -22.5 62.6030536332 43.0912714572 -23 62.8776284298 43.2802682618 -23 62.6030536332 43.0912714572 -23.5 62.8776284298 43.2802682618 -23.5 62.6030536332 43.0912714572 -24 62.8776284298 43.2802682618 -24 62.6030536332 43.0912714572 -24.7191077132 62.8776284298 43.2802682618 -24.7191077132 63.1522032265 43.4692650665 -21 63.1522032265 43.4692650665 -21.5 63.1522032265 43.4692650665 -22 63.1522032265 43.4692650665 -22.5 63.1522032265 43.4692650665 -23 63.1522032265 43.4692650665 -23.5 63.1522032265 43.4692650665 -24 63.1522032265 43.4692650665 -24.7191077132 63.4267780231 43.6582618711 -21 63.4267780231 43.6582618711 -21.5 63.4267780231 43.6582618711 -22 63.4267780231 43.6582618711 -22.5 63.4267780231 43.6582618711 -23 63.4267780231 43.6582618711 -23.5 63.4267780231 43.6582618711 -24 63.4267780231 43.6582618711 -24.7191077132 63.7013528198 43.8472586757 -21 63.7013528198 43.8472586757 -21.5 63.7013528198 43.8472586757 -22 63.7013528198 43.8472586757 -22.5 63.7013528198 43.8472586757 -23 63.7013528198 43.8472586757 -23.5 63.7013528198 43.8472586757 -24 63.7013528198 43.8472586757 -24.7191077132 63.9759276164 44.0362554804 -21 63.9759276164 44.0362554804 -21.5 63.9759276164 44.0362554804 -22 63.9759276164 44.0362554804 -22.5 63.9759276164 44.0362554804 -23 63.9759276164 44.0362554804 -23.5 63.9759276164 44.0362554804 -24 63.9759276164 44.0362554804 -24.7191077132 64.250502413 44.225252285 -21 64.250502413 44.225252285 -21.5 64.250502413 44.225252285 -22 64.250502413 44.225252285 -22.5 64.250502413 44.225252285 -23 64.250502413 44.225252285 -23.5 64.250502413 44.225252285 -24 64.250502413 44.225252285 -24.7191077132 64.5250772097 44.4142490897 -21 64.5250772097 44.4142490897 -21.5 64.5250772097 44.4142490897 -22 64.5250772097 44.4142490897 -22.5 64.5250772097 44.4142490897 -23 64.5250772097 44.4142490897 -23.5 64.5250772097 44.4142490897 -24 64.5250772097 44.4142490897 -24.7191077132 64.7996520063 44.6032458943 -21 64.7996520063 44.6032458943 -21.5 64.7996520063 44.6032458943 -22 64.7996520063 44.6032458943 -22.5 64.7996520063 44.6032458943 -23 64.7996520063 44.6032458943 -23.5 64.7996520063 44.6032458943 -24 64.7996520063 44.6032458943 -24.7191077132 65.0742268029 44.7922426989 -21 65.0742268029 44.7922426989 -21.5 65.0742268029 44.7922426989 -22 65.0742268029 44.7922426989 -22.5 65.0742268029 44.7922426989 -23 65.0742268029 44.7922426989 -23.5 65.0742268029 44.7922426989 -24 65.0742268029 44.7922426989 -24.7191077132 65.3488015996 44.9812395036 -21 65.3488015996 44.9812395036 -21.5 65.3488015996 44.9812395036 -22 65.3488015996 44.9812395036 -22.5 65.3488015996 44.9812395036 -23 65.3488015996 44.9812395036 -23.5 65.3488015996 44.9812395036 -24 65.3488015996 44.9812395036 -24.7191077132 65.6233763962 45.1702363082 -21 65.6233763962 45.1702363082 -21.5 65.6233763962 45.1702363082 -22 65.6233763962 45.1702363082 -22.5 65.6233763962 45.1702363082 -23 65.6233763962 45.1702363082 -23.5 65.6233763962 45.1702363082 -24 65.6233763962 45.1702363082 -24.7191077132 65.8979511929 45.3592331128 -21 65.8979511929 45.3592331128 -21.5 65.8979511929 45.3592331128 -22 65.8979511929 45.3592331128 -22.5 65.8979511929 45.3592331128 -23 65.8979511929 45.3592331128 -23.5 65.8979511929 45.3592331128 -24 65.8979511929 45.3592331128 -24.7191077132 62.8779916218 42.6890872426 -21 63.1537722868 42.8763200814 -21 62.8779916218 42.6890872426 -21.5 63.1537722868 42.8763200814 -21.5 62.8779916218 42.6890872426 -22 63.1537722868 42.8763200814 -22 62.8779916218 42.6890872426 -22.5 63.1537722868 42.8763200814 -22.5 62.8779916218 42.6890872426 -23 63.1537722868 42.8763200814 -23 62.8779916218 42.6890872426 -23.5 63.1537722868 42.8763200814 -23.5 62.8779916218 42.6890872426 -24 63.1537722868 42.8763200814 -24 62.8779916218 42.6890872426 -24.5 63.1537722868 42.8763200814 -24.5 62.8779916218 42.6890872426 -24.8403591327 63.1537722868 42.8763200814 -24.8403591327 63.4295529518 43.0635529202 -21 63.4295529518 43.0635529202 -21.5 63.4295529518 43.0635529202 -22 63.4295529518 43.0635529202 -22.5 63.4295529518 43.0635529202 -23 63.4295529518 43.0635529202 -23.5 63.4295529518 43.0635529202 -24 63.4295529518 43.0635529202 -24.5 63.4295529518 43.0635529202 -24.8403591327 63.7053336168 43.250785759 -21 63.7053336168 43.250785759 -21.5 63.7053336168 43.250785759 -22 63.7053336168 43.250785759 -22.5 63.7053336168 43.250785759 -23 63.7053336168 43.250785759 -23.5 63.7053336168 43.250785759 -24 63.7053336168 43.250785759 -24.5 63.7053336168 43.250785759 -24.8403591327 63.9811142818 43.4380185978 -21 63.9811142818 43.4380185978 -21.5 63.9811142818 43.4380185978 -22 63.9811142818 43.4380185978 -22.5 63.9811142818 43.4380185978 -23 63.9811142818 43.4380185978 -23.5 63.9811142818 43.4380185978 -24 63.9811142818 43.4380185978 -24.5 63.9811142818 43.4380185978 -24.8403591327 64.2568949468 43.6252514366 -21 64.2568949468 43.6252514366 -21.5 64.2568949468 43.6252514366 -22 64.2568949468 43.6252514366 -22.5 64.2568949468 43.6252514366 -23 64.2568949468 43.6252514366 -23.5 64.2568949468 43.6252514366 -24 64.2568949468 43.6252514366 -24.5 64.2568949468 43.6252514366 -24.8403591327 64.5326756118 43.8124842753 -21 64.5326756118 43.8124842753 -21.5 64.5326756118 43.8124842753 -22 64.5326756118 43.8124842753 -22.5 64.5326756118 43.8124842753 -23 64.5326756118 43.8124842753 -23.5 64.5326756118 43.8124842753 -24 64.5326756118 43.8124842753 -24.5 64.5326756118 43.8124842753 -24.8403591327 64.8084562768 43.9997171141 -21 64.8084562768 43.9997171141 -21.5 64.8084562768 43.9997171141 -22 64.8084562768 43.9997171141 -22.5 64.8084562768 43.9997171141 -23 64.8084562768 43.9997171141 -23.5 64.8084562768 43.9997171141 -24 64.8084562768 43.9997171141 -24.5 64.8084562768 43.9997171141 -24.8403591327 65.0842369419 44.1869499529 -21 65.0842369419 44.1869499529 -21.5 65.0842369419 44.1869499529 -22 65.0842369419 44.1869499529 -22.5 65.0842369419 44.1869499529 -23 65.0842369419 44.1869499529 -23.5 65.0842369419 44.1869499529 -24 65.0842369419 44.1869499529 -24.5 65.0842369419 44.1869499529 -24.8403591327 65.3600176069 44.3741827917 -21 65.3600176069 44.3741827917 -21.5 65.3600176069 44.3741827917 -22 65.3600176069 44.3741827917 -22.5 65.3600176069 44.3741827917 -23 65.3600176069 44.3741827917 -23.5 65.3600176069 44.3741827917 -24 65.3600176069 44.3741827917 -24.5 65.3600176069 44.3741827917 -24.8403591327 65.6357982719 44.5614156305 -21 65.6357982719 44.5614156305 -21.5 65.6357982719 44.5614156305 -22 65.6357982719 44.5614156305 -22.5 65.6357982719 44.5614156305 -23 65.6357982719 44.5614156305 -23.5 65.6357982719 44.5614156305 -24 65.6357982719 44.5614156305 -24.5 65.6357982719 44.5614156305 -24.8403591327 65.9115789369 44.7486484693 -21 65.9115789369 44.7486484693 -21.5 65.9115789369 44.7486484693 -22 65.9115789369 44.7486484693 -22.5 65.9115789369 44.7486484693 -23 65.9115789369 44.7486484693 -23.5 65.9115789369 44.7486484693 -24 65.9115789369 44.7486484693 -24.5 65.9115789369 44.7486484693 -24.8403591327 66.1873596019 44.935881308 -21 66.1873596019 44.935881308 -21.5 66.1873596019 44.935881308 -22 66.1873596019 44.935881308 -22.5 66.1873596019 44.935881308 -23 66.1873596019 44.935881308 -23.5 66.1873596019 44.935881308 -24 66.1873596019 44.935881308 -24.5 66.1873596019 44.935881308 -24.8403591327 63.1503458753 42.2851488803 -21 63.4273210765 42.4706100596 -21 63.1503458753 42.2851488803 -21.5 63.4273210765 42.4706100596 -21.5 63.1503458753 42.2851488803 -22 63.4273210765 42.4706100596 -22 63.1503458753 42.2851488803 -22.5 63.4273210765 42.4706100596 -22.5 63.1503458753 42.2851488803 -23 63.4273210765 42.4706100596 -23 63.1503458753 42.2851488803 -23.5 63.4273210765 42.4706100596 -23.5 63.1503458753 42.2851488803 -24 63.4273210765 42.4706100596 -24 63.1503458753 42.2851488803 -24.5 63.4273210765 42.4706100596 -24.5 63.1503458753 42.2851488803 -24.9603424092 63.4273210765 42.4706100596 -24.9603424092 63.7042962777 42.6560712389 -21 63.7042962777 42.6560712389 -21.5 63.7042962777 42.6560712389 -22 63.7042962777 42.6560712389 -22.5 63.7042962777 42.6560712389 -23 63.7042962777 42.6560712389 -23.5 63.7042962777 42.6560712389 -24 63.7042962777 42.6560712389 -24.5 63.7042962777 42.6560712389 -24.9603424092 63.9812714789 42.8415324182 -21 63.9812714789 42.8415324182 -21.5 63.9812714789 42.8415324182 -22 63.9812714789 42.8415324182 -22.5 63.9812714789 42.8415324182 -23 63.9812714789 42.8415324182 -23.5 63.9812714789 42.8415324182 -24 63.9812714789 42.8415324182 -24.5 63.9812714789 42.8415324182 -24.9603424092 64.2582466801 43.0269935975 -21 64.2582466801 43.0269935975 -21.5 64.2582466801 43.0269935975 -22 64.2582466801 43.0269935975 -22.5 64.2582466801 43.0269935975 -23 64.2582466801 43.0269935975 -23.5 64.2582466801 43.0269935975 -24 64.2582466801 43.0269935975 -24.5 64.2582466801 43.0269935975 -24.9603424092 64.5352218814 43.2124547768 -21 64.5352218814 43.2124547768 -21.5 64.5352218814 43.2124547768 -22 64.5352218814 43.2124547768 -22.5 64.5352218814 43.2124547768 -23 64.5352218814 43.2124547768 -23.5 64.5352218814 43.2124547768 -24 64.5352218814 43.2124547768 -24.5 64.5352218814 43.2124547768 -24.9603424092 64.8121970826 43.3979159561 -21 64.8121970826 43.3979159561 -21.5 64.8121970826 43.3979159561 -22 64.8121970826 43.3979159561 -22.5 64.8121970826 43.3979159561 -23 64.8121970826 43.3979159561 -23.5 64.8121970826 43.3979159561 -24 64.8121970826 43.3979159561 -24.5 64.8121970826 43.3979159561 -24.9603424092 65.0891722838 43.5833771354 -21 65.0891722838 43.5833771354 -21.5 65.0891722838 43.5833771354 -22 65.0891722838 43.5833771354 -22.5 65.0891722838 43.5833771354 -23 65.0891722838 43.5833771354 -23.5 65.0891722838 43.5833771354 -24 65.0891722838 43.5833771354 -24.5 65.0891722838 43.5833771354 -24.9603424092 65.366147485 43.7688383147 -21 65.366147485 43.7688383147 -21.5 65.366147485 43.7688383147 -22 65.366147485 43.7688383147 -22.5 65.366147485 43.7688383147 -23 65.366147485 43.7688383147 -23.5 65.366147485 43.7688383147 -24 65.366147485 43.7688383147 -24.5 65.366147485 43.7688383147 -24.9603424092 65.6431226862 43.954299494 -21 65.6431226862 43.954299494 -21.5 65.6431226862 43.954299494 -22 65.6431226862 43.954299494 -22.5 65.6431226862 43.954299494 -23 65.6431226862 43.954299494 -23.5 65.6431226862 43.954299494 -24 65.6431226862 43.954299494 -24.5 65.6431226862 43.954299494 -24.9603424092 65.9200978874 44.1397606733 -21 65.9200978874 44.1397606733 -21.5 65.9200978874 44.1397606733 -22 65.9200978874 44.1397606733 -22.5 65.9200978874 44.1397606733 -23 65.9200978874 44.1397606733 -23.5 65.9200978874 44.1397606733 -24 65.9200978874 44.1397606733 -24.5 65.9200978874 44.1397606733 -24.9603424092 66.1970730886 44.3252218526 -21 66.1970730886 44.3252218526 -21.5 66.1970730886 44.3252218526 -22 66.1970730886 44.3252218526 -22.5 66.1970730886 44.3252218526 -23 66.1970730886 44.3252218526 -23.5 66.1970730886 44.3252218526 -24 66.1970730886 44.3252218526 -24.5 66.1970730886 44.3252218526 -24.9603424092 66.4740482898 44.5106830319 -21 66.4740482898 44.5106830319 -21.5 66.4740482898 44.5106830319 -22 66.4740482898 44.5106830319 -22.5 66.4740482898 44.5106830319 -23 66.4740482898 44.5106830319 -23.5 66.4740482898 44.5106830319 -24 66.4740482898 44.5106830319 -24.5 66.4740482898 44.5106830319 -24.9603424092 63.4201052024 41.8794729685 -21.5 63.6982635586 42.0631548674 -21.5 63.4201052024 41.8794729685 -22 63.6982635586 42.0631548674 -22 63.4201052024 41.8794729685 -22.5 63.6982635586 42.0631548674 -22.5 63.4201052024 41.8794729685 -23 63.6982635586 42.0631548674 -23 63.4201052024 41.8794729685 -23.5 63.6982635586 42.0631548674 -23.5 63.4201052024 41.8794729685 -24 63.6982635586 42.0631548674 -24 63.4201052024 41.8794729685 -24.5 63.6982635586 42.0631548674 -24.5 63.4201052024 41.8794729685 -25.0790482274 63.6982635586 42.0631548674 -25.0790482274 63.9764219147 42.2468367664 -21.5 63.9764219147 42.2468367664 -22 63.9764219147 42.2468367664 -22.5 63.9764219147 42.2468367664 -23 63.9764219147 42.2468367664 -23.5 63.9764219147 42.2468367664 -24 63.9764219147 42.2468367664 -24.5 63.9764219147 42.2468367664 -25.0790482274 64.2545802709 42.4305186654 -21.5 64.2545802709 42.4305186654 -22 64.2545802709 42.4305186654 -22.5 64.2545802709 42.4305186654 -23 64.2545802709 42.4305186654 -23.5 64.2545802709 42.4305186654 -24 64.2545802709 42.4305186654 -24.5 64.2545802709 42.4305186654 -25.0790482274 64.532738627 42.6142005644 -21.5 64.532738627 42.6142005644 -22 64.532738627 42.6142005644 -22.5 64.532738627 42.6142005644 -23 64.532738627 42.6142005644 -23.5 64.532738627 42.6142005644 -24 64.532738627 42.6142005644 -24.5 64.532738627 42.6142005644 -25.0790482274 64.8108969832 42.7978824634 -21.5 64.8108969832 42.7978824634 -22 64.8108969832 42.7978824634 -22.5 64.8108969832 42.7978824634 -23 64.8108969832 42.7978824634 -23.5 64.8108969832 42.7978824634 -24 64.8108969832 42.7978824634 -24.5 64.8108969832 42.7978824634 -25.0790482274 65.0890553393 42.9815643624 -21.5 65.0890553393 42.9815643624 -22 65.0890553393 42.9815643624 -22.5 65.0890553393 42.9815643624 -23 65.0890553393 42.9815643624 -23.5 65.0890553393 42.9815643624 -24 65.0890553393 42.9815643624 -24.5 65.0890553393 42.9815643624 -25.0790482274 65.3672136955 43.1652462613 -21.5 65.3672136955 43.1652462613 -22 65.3672136955 43.1652462613 -22.5 65.3672136955 43.1652462613 -23 65.3672136955 43.1652462613 -23.5 65.3672136955 43.1652462613 -24 65.3672136955 43.1652462613 -24.5 65.3672136955 43.1652462613 -25.0790482274 65.6453720516 43.3489281603 -21.5 65.6453720516 43.3489281603 -22 65.6453720516 43.3489281603 -22.5 65.6453720516 43.3489281603 -23 65.6453720516 43.3489281603 -23.5 65.6453720516 43.3489281603 -24 65.6453720516 43.3489281603 -24.5 65.6453720516 43.3489281603 -25.0790482274 65.9235304078 43.5326100593 -21.5 65.9235304078 43.5326100593 -22 65.9235304078 43.5326100593 -22.5 65.9235304078 43.5326100593 -23 65.9235304078 43.5326100593 -23.5 65.9235304078 43.5326100593 -24 65.9235304078 43.5326100593 -24.5 65.9235304078 43.5326100593 -25.0790482274 66.2016887639 43.7162919583 -21.5 66.2016887639 43.7162919583 -22 66.2016887639 43.7162919583 -22.5 66.2016887639 43.7162919583 -23 66.2016887639 43.7162919583 -23.5 66.2016887639 43.7162919583 -24 66.2016887639 43.7162919583 -24.5 66.2016887639 43.7162919583 -25.0790482274 66.4798471201 43.8999738573 -21.5 66.4798471201 43.8999738573 -22 66.4798471201 43.8999738573 -22.5 66.4798471201 43.8999738573 -23 66.4798471201 43.8999738573 -23.5 66.4798471201 43.8999738573 -24 66.4798471201 43.8999738573 -24.5 66.4798471201 43.8999738573 -25.0790482274 66.7580054762 44.0836557563 -21.5 66.7580054762 44.0836557563 -22 66.7580054762 44.0836557563 -22.5 66.7580054762 44.0836557563 -23 66.7580054762 44.0836557563 -23.5 66.7580054762 44.0836557563 -24 66.7580054762 44.0836557563 -24.5 66.7580054762 44.0836557563 -25.0790482274 63.6872585183 41.4720761769 -21.5 63.9665885995 41.6539712478 -21.5 63.6872585183 41.4720761769 -22 63.9665885995 41.6539712478 -22 63.6872585183 41.4720761769 -22.5 63.9665885995 41.6539712478 -22.5 63.6872585183 41.4720761769 -23 63.9665885995 41.6539712478 -23 63.6872585183 41.4720761769 -23.5 63.9665885995 41.6539712478 -23.5 63.6872585183 41.4720761769 -24 63.9665885995 41.6539712478 -24 63.6872585183 41.4720761769 -24.5 63.9665885995 41.6539712478 -24.5 63.6872585183 41.4720761769 -25.1964672717 63.9665885995 41.6539712478 -25.1964672717 64.2459186808 41.8358663188 -21.5 64.2459186808 41.8358663188 -22 64.2459186808 41.8358663188 -22.5 64.2459186808 41.8358663188 -23 64.2459186808 41.8358663188 -23.5 64.2459186808 41.8358663188 -24 64.2459186808 41.8358663188 -24.5 64.2459186808 41.8358663188 -25.1964672717 64.525248762 42.0177613897 -21.5 64.525248762 42.0177613897 -22 64.525248762 42.0177613897 -22.5 64.525248762 42.0177613897 -23 64.525248762 42.0177613897 -23.5 64.525248762 42.0177613897 -24 64.525248762 42.0177613897 -24.5 64.525248762 42.0177613897 -25.1964672717 64.8045788432 42.1996564607 -21.5 64.8045788432 42.1996564607 -22 64.8045788432 42.1996564607 -22.5 64.8045788432 42.1996564607 -23 64.8045788432 42.1996564607 -23.5 64.8045788432 42.1996564607 -24 64.8045788432 42.1996564607 -24.5 64.8045788432 42.1996564607 -25.1964672717 65.0839089244 42.3815515316 -21.5 65.0839089244 42.3815515316 -22 65.0839089244 42.3815515316 -22.5 65.0839089244 42.3815515316 -23 65.0839089244 42.3815515316 -23.5 65.0839089244 42.3815515316 -24 65.0839089244 42.3815515316 -24.5 65.0839089244 42.3815515316 -25.1964672717 65.3632390056 42.5634466026 -21.5 65.3632390056 42.5634466026 -22 65.3632390056 42.5634466026 -22.5 65.3632390056 42.5634466026 -23 65.3632390056 42.5634466026 -23.5 65.3632390056 42.5634466026 -24 65.3632390056 42.5634466026 -24.5 65.3632390056 42.5634466026 -25.1964672717 65.6425690869 42.7453416735 -21.5 65.6425690869 42.7453416735 -22 65.6425690869 42.7453416735 -22.5 65.6425690869 42.7453416735 -23 65.6425690869 42.7453416735 -23.5 65.6425690869 42.7453416735 -24 65.6425690869 42.7453416735 -24.5 65.6425690869 42.7453416735 -25.1964672717 65.9218991681 42.9272367445 -21.5 65.9218991681 42.9272367445 -22 65.9218991681 42.9272367445 -22.5 65.9218991681 42.9272367445 -23 65.9218991681 42.9272367445 -23.5 65.9218991681 42.9272367445 -24 65.9218991681 42.9272367445 -24.5 65.9218991681 42.9272367445 -25.1964672717 66.2012292493 43.1091318154 -21.5 66.2012292493 43.1091318154 -22 66.2012292493 43.1091318154 -22.5 66.2012292493 43.1091318154 -23 66.2012292493 43.1091318154 -23.5 66.2012292493 43.1091318154 -24 66.2012292493 43.1091318154 -24.5 66.2012292493 43.1091318154 -25.1964672717 66.4805593305 43.2910268864 -21.5 66.4805593305 43.2910268864 -22 66.4805593305 43.2910268864 -22.5 66.4805593305 43.2910268864 -23 66.4805593305 43.2910268864 -23.5 66.4805593305 43.2910268864 -24 66.4805593305 43.2910268864 -24.5 66.4805593305 43.2910268864 -25.1964672717 66.7598894118 43.4729219573 -21.5 66.7598894118 43.4729219573 -22 66.7598894118 43.4729219573 -22.5 66.7598894118 43.4729219573 -23 66.7598894118 43.4729219573 -23.5 66.7598894118 43.4729219573 -24 66.7598894118 43.4729219573 -24.5 66.7598894118 43.4729219573 -25.1964672717 67.039219493 43.6548170283 -21.5 67.039219493 43.6548170283 -22 67.039219493 43.6548170283 -22.5 67.039219493 43.6548170283 -23 67.039219493 43.6548170283 -23.5 67.039219493 43.6548170283 -24 67.039219493 43.6548170283 -24.5 67.039219493 43.6548170283 -25.1964672717 63.9517948454 41.062975246 -21.5 64.2322851737 41.2430760146 -21.5 63.9517948454 41.062975246 -22 64.2322851737 41.2430760146 -22 63.9517948454 41.062975246 -22.5 64.2322851737 41.2430760146 -22.5 63.9517948454 41.062975246 -23 64.2322851737 41.2430760146 -23 63.9517948454 41.062975246 -23.5 64.2322851737 41.2430760146 -23.5 63.9517948454 41.062975246 -24 64.2322851737 41.2430760146 -24 63.9517948454 41.062975246 -24.5 64.2322851737 41.2430760146 -24.5 63.9517948454 41.062975246 -25 64.2322851737 41.2430760146 -25 63.9517948454 41.062975246 -25.3125902268 64.2322851737 41.2430760146 -25.3125902268 64.5127755019 41.4231767832 -21.5 64.5127755019 41.4231767832 -22 64.5127755019 41.4231767832 -22.5 64.5127755019 41.4231767832 -23 64.5127755019 41.4231767832 -23.5 64.5127755019 41.4231767832 -24 64.5127755019 41.4231767832 -24.5 64.5127755019 41.4231767832 -25 64.5127755019 41.4231767832 -25.3125902268 64.7932658302 41.6032775518 -21.5 64.7932658302 41.6032775518 -22 64.7932658302 41.6032775518 -22.5 64.7932658302 41.6032775518 -23 64.7932658302 41.6032775518 -23.5 64.7932658302 41.6032775518 -24 64.7932658302 41.6032775518 -24.5 64.7932658302 41.6032775518 -25 64.7932658302 41.6032775518 -25.3125902268 65.0737561585 41.7833783205 -21.5 65.0737561585 41.7833783205 -22 65.0737561585 41.7833783205 -22.5 65.0737561585 41.7833783205 -23 65.0737561585 41.7833783205 -23.5 65.0737561585 41.7833783205 -24 65.0737561585 41.7833783205 -24.5 65.0737561585 41.7833783205 -25 65.0737561585 41.7833783205 -25.3125902268 65.3542464867 41.9634790891 -21.5 65.3542464867 41.9634790891 -22 65.3542464867 41.9634790891 -22.5 65.3542464867 41.9634790891 -23 65.3542464867 41.9634790891 -23.5 65.3542464867 41.9634790891 -24 65.3542464867 41.9634790891 -24.5 65.3542464867 41.9634790891 -25 65.3542464867 41.9634790891 -25.3125902268 65.634736815 42.1435798577 -21.5 65.634736815 42.1435798577 -22 65.634736815 42.1435798577 -22.5 65.634736815 42.1435798577 -23 65.634736815 42.1435798577 -23.5 65.634736815 42.1435798577 -24 65.634736815 42.1435798577 -24.5 65.634736815 42.1435798577 -25 65.634736815 42.1435798577 -25.3125902268 65.9152271433 42.3236806263 -21.5 65.9152271433 42.3236806263 -22 65.9152271433 42.3236806263 -22.5 65.9152271433 42.3236806263 -23 65.9152271433 42.3236806263 -23.5 65.9152271433 42.3236806263 -24 65.9152271433 42.3236806263 -24.5 65.9152271433 42.3236806263 -25 65.9152271433 42.3236806263 -25.3125902268 66.1957174716 42.503781395 -21.5 66.1957174716 42.503781395 -22 66.1957174716 42.503781395 -22.5 66.1957174716 42.503781395 -23 66.1957174716 42.503781395 -23.5 66.1957174716 42.503781395 -24 66.1957174716 42.503781395 -24.5 66.1957174716 42.503781395 -25 66.1957174716 42.503781395 -25.3125902268 66.4762077998 42.6838821636 -21.5 66.4762077998 42.6838821636 -22 66.4762077998 42.6838821636 -22.5 66.4762077998 42.6838821636 -23 66.4762077998 42.6838821636 -23.5 66.4762077998 42.6838821636 -24 66.4762077998 42.6838821636 -24.5 66.4762077998 42.6838821636 -25 66.4762077998 42.6838821636 -25.3125902268 66.7566981281 42.8639829322 -21.5 66.7566981281 42.8639829322 -22 66.7566981281 42.8639829322 -22.5 66.7566981281 42.8639829322 -23 66.7566981281 42.8639829322 -23.5 66.7566981281 42.8639829322 -24 66.7566981281 42.8639829322 -24.5 66.7566981281 42.8639829322 -25 66.7566981281 42.8639829322 -25.3125902268 67.0371884564 43.0440837008 -21.5 67.0371884564 43.0440837008 -22 67.0371884564 43.0440837008 -22.5 67.0371884564 43.0440837008 -23 67.0371884564 43.0440837008 -23.5 67.0371884564 43.0440837008 -24 67.0371884564 43.0440837008 -24.5 67.0371884564 43.0440837008 -25 67.0371884564 43.0440837008 -25.3125902268 67.3176787846 43.2241844695 -21.5 67.3176787846 43.2241844695 -22 67.3176787846 43.2241844695 -22.5 67.3176787846 43.2241844695 -23 67.3176787846 43.2241844695 -23.5 67.3176787846 43.2241844695 -24 67.3176787846 43.2241844695 -24.5 67.3176787846 43.2241844695 -25 67.3176787846 43.2241844695 -25.3125902268 64.2137033135 40.6521869862 -22 64.4953423631 40.830486052 -22 64.2137033135 40.6521869862 -22.5 64.4953423631 40.830486052 -22.5 64.2137033135 40.6521869862 -23 64.4953423631 40.830486052 -23 64.2137033135 40.6521869862 -23.5 64.4953423631 40.830486052 -23.5 64.2137033135 40.6521869862 -24 64.4953423631 40.830486052 -24 64.2137033135 40.6521869862 -24.5 64.4953423631 40.830486052 -24.5 64.2137033135 40.6521869862 -25 64.4953423631 40.830486052 -25 64.2137033135 40.6521869862 -25.4274077771 64.4953423631 40.830486052 -25.4274077771 64.7769814127 41.0087851177 -22 64.7769814127 41.0087851177 -22.5 64.7769814127 41.0087851177 -23 64.7769814127 41.0087851177 -23.5 64.7769814127 41.0087851177 -24 64.7769814127 41.0087851177 -24.5 64.7769814127 41.0087851177 -25 64.7769814127 41.0087851177 -25.4274077771 65.0586204624 41.1870841834 -22 65.0586204624 41.1870841834 -22.5 65.0586204624 41.1870841834 -23 65.0586204624 41.1870841834 -23.5 65.0586204624 41.1870841834 -24 65.0586204624 41.1870841834 -24.5 65.0586204624 41.1870841834 -25 65.0586204624 41.1870841834 -25.4274077771 65.340259512 41.3653832492 -22 65.340259512 41.3653832492 -22.5 65.340259512 41.3653832492 -23 65.340259512 41.3653832492 -23.5 65.340259512 41.3653832492 -24 65.340259512 41.3653832492 -24.5 65.340259512 41.3653832492 -25 65.340259512 41.3653832492 -25.4274077771 65.6218985616 41.5436823149 -22 65.6218985616 41.5436823149 -22.5 65.6218985616 41.5436823149 -23 65.6218985616 41.5436823149 -23.5 65.6218985616 41.5436823149 -24 65.6218985616 41.5436823149 -24.5 65.6218985616 41.5436823149 -25 65.6218985616 41.5436823149 -25.4274077771 65.9035376112 41.7219813806 -22 65.9035376112 41.7219813806 -22.5 65.9035376112 41.7219813806 -23 65.9035376112 41.7219813806 -23.5 65.9035376112 41.7219813806 -24 65.9035376112 41.7219813806 -24.5 65.9035376112 41.7219813806 -25 65.9035376112 41.7219813806 -25.4274077771 66.1851766609 41.9002804464 -22 66.1851766609 41.9002804464 -22.5 66.1851766609 41.9002804464 -23 66.1851766609 41.9002804464 -23.5 66.1851766609 41.9002804464 -24 66.1851766609 41.9002804464 -24.5 66.1851766609 41.9002804464 -25 66.1851766609 41.9002804464 -25.4274077771 66.4668157105 42.0785795121 -22 66.4668157105 42.0785795121 -22.5 66.4668157105 42.0785795121 -23 66.4668157105 42.0785795121 -23.5 66.4668157105 42.0785795121 -24 66.4668157105 42.0785795121 -24.5 66.4668157105 42.0785795121 -25 66.4668157105 42.0785795121 -25.4274077771 66.7484547601 42.2568785778 -22 66.7484547601 42.2568785778 -22.5 66.7484547601 42.2568785778 -23 66.7484547601 42.2568785778 -23.5 66.7484547601 42.2568785778 -24 66.7484547601 42.2568785778 -24.5 66.7484547601 42.2568785778 -25 66.7484547601 42.2568785778 -25.4274077771 67.0300938097 42.4351776435 -22 67.0300938097 42.4351776435 -22.5 67.0300938097 42.4351776435 -23 67.0300938097 42.4351776435 -23.5 67.0300938097 42.4351776435 -24 67.0300938097 42.4351776435 -24.5 67.0300938097 42.4351776435 -25 67.0300938097 42.4351776435 -25.4274077771 67.3117328593 42.6134767093 -22 67.3117328593 42.6134767093 -22.5 67.3117328593 42.6134767093 -23 67.3117328593 42.6134767093 -23.5 67.3117328593 42.6134767093 -24 67.3117328593 42.6134767093 -24.5 67.3117328593 42.6134767093 -25 67.3117328593 42.6134767093 -25.4274077771 67.593371909 42.791775775 -22 67.593371909 42.791775775 -22.5 67.593371909 42.791775775 -23 67.593371909 42.791775775 -23.5 67.593371909 42.791775775 -24 67.593371909 42.791775775 -24.5 67.593371909 42.791775775 -25 67.593371909 42.791775775 -25.4274077771 64.4729731605 40.2397282775 -22 64.7557493586 40.4162183138 -22 64.4729731605 40.2397282775 -22.5 64.7557493586 40.4162183138 -22.5 64.4729731605 40.2397282775 -23 64.7557493586 40.4162183138 -23 64.4729731605 40.2397282775 -23.5 64.7557493586 40.4162183138 -23.5 64.4729731605 40.2397282775 -24 64.7557493586 40.4162183138 -24 64.4729731605 40.2397282775 -24.5 64.7557493586 40.4162183138 -24.5 64.4729731605 40.2397282775 -25 64.7557493586 40.4162183138 -25 64.4729731605 40.2397282775 -25.5409106072 64.7557493586 40.4162183138 -25.5409106072 65.0385255566 40.5927083501 -22 65.0385255566 40.5927083501 -22.5 65.0385255566 40.5927083501 -23 65.0385255566 40.5927083501 -23.5 65.0385255566 40.5927083501 -24 65.0385255566 40.5927083501 -24.5 65.0385255566 40.5927083501 -25 65.0385255566 40.5927083501 -25.5409106072 65.3213017547 40.7691983864 -22 65.3213017547 40.7691983864 -22.5 65.3213017547 40.7691983864 -23 65.3213017547 40.7691983864 -23.5 65.3213017547 40.7691983864 -24 65.3213017547 40.7691983864 -24.5 65.3213017547 40.7691983864 -25 65.3213017547 40.7691983864 -25.5409106072 65.6040779528 40.9456884227 -22 65.6040779528 40.9456884227 -22.5 65.6040779528 40.9456884227 -23 65.6040779528 40.9456884227 -23.5 65.6040779528 40.9456884227 -24 65.6040779528 40.9456884227 -24.5 65.6040779528 40.9456884227 -25 65.6040779528 40.9456884227 -25.5409106072 65.8868541509 41.122178459 -22 65.8868541509 41.122178459 -22.5 65.8868541509 41.122178459 -23 65.8868541509 41.122178459 -23.5 65.8868541509 41.122178459 -24 65.8868541509 41.122178459 -24.5 65.8868541509 41.122178459 -25 65.8868541509 41.122178459 -25.5409106072 66.1696303489 41.2986684953 -22 66.1696303489 41.2986684953 -22.5 66.1696303489 41.2986684953 -23 66.1696303489 41.2986684953 -23.5 66.1696303489 41.2986684953 -24 66.1696303489 41.2986684953 -24.5 66.1696303489 41.2986684953 -25 66.1696303489 41.2986684953 -25.5409106072 66.452406547 41.4751585316 -22 66.452406547 41.4751585316 -22.5 66.452406547 41.4751585316 -23 66.452406547 41.4751585316 -23.5 66.452406547 41.4751585316 -24 66.452406547 41.4751585316 -24.5 66.452406547 41.4751585316 -25 66.452406547 41.4751585316 -25.5409106072 66.7351827451 41.6516485679 -22 66.7351827451 41.6516485679 -22.5 66.7351827451 41.6516485679 -23 66.7351827451 41.6516485679 -23.5 66.7351827451 41.6516485679 -24 66.7351827451 41.6516485679 -24.5 66.7351827451 41.6516485679 -25 66.7351827451 41.6516485679 -25.5409106072 67.0179589432 41.8281386042 -22 67.0179589432 41.8281386042 -22.5 67.0179589432 41.8281386042 -23 67.0179589432 41.8281386042 -23.5 67.0179589432 41.8281386042 -24 67.0179589432 41.8281386042 -24.5 67.0179589432 41.8281386042 -25 67.0179589432 41.8281386042 -25.5409106072 67.3007351412 42.0046286405 -22 67.3007351412 42.0046286405 -22.5 67.3007351412 42.0046286405 -23 67.3007351412 42.0046286405 -23.5 67.3007351412 42.0046286405 -24 67.3007351412 42.0046286405 -24.5 67.3007351412 42.0046286405 -25 67.3007351412 42.0046286405 -25.5409106072 67.5835113393 42.1811186768 -22 67.5835113393 42.1811186768 -22.5 67.5835113393 42.1811186768 -23 67.5835113393 42.1811186768 -23.5 67.5835113393 42.1811186768 -24 67.5835113393 42.1811186768 -24.5 67.5835113393 42.1811186768 -25 67.5835113393 42.1811186768 -25.5409106072 67.8662875374 42.3576087131 -22 67.8662875374 42.3576087131 -22.5 67.8662875374 42.3576087131 -23 67.8662875374 42.3576087131 -23.5 67.8662875374 42.3576087131 -24 67.8662875374 42.3576087131 -24.5 67.8662875374 42.3576087131 -25 67.8662875374 42.3576087131 -25.5409106072 64.7295937327 39.8256160681 -22 65.0134954596 40.0002898228 -22 64.7295937327 39.8256160681 -22.5 65.0134954596 40.0002898228 -22.5 64.7295937327 39.8256160681 -23 65.0134954596 40.0002898228 -23 64.7295937327 39.8256160681 -23.5 65.0134954596 40.0002898228 -23.5 64.7295937327 39.8256160681 -24 65.0134954596 40.0002898228 -24 64.7295937327 39.8256160681 -24.5 65.0134954596 40.0002898228 -24.5 64.7295937327 39.8256160681 -25 65.0134954596 40.0002898228 -25 64.7295937327 39.8256160681 -25.6530894017 65.0134954596 40.0002898228 -25.6530894017 65.2973971865 40.1749635775 -22 65.2973971865 40.1749635775 -22.5 65.2973971865 40.1749635775 -23 65.2973971865 40.1749635775 -23.5 65.2973971865 40.1749635775 -24 65.2973971865 40.1749635775 -24.5 65.2973971865 40.1749635775 -25 65.2973971865 40.1749635775 -25.6530894017 65.5812989133 40.3496373322 -22 65.5812989133 40.3496373322 -22.5 65.5812989133 40.3496373322 -23 65.5812989133 40.3496373322 -23.5 65.5812989133 40.3496373322 -24 65.5812989133 40.3496373322 -24.5 65.5812989133 40.3496373322 -25 65.5812989133 40.3496373322 -25.6530894017 65.8652006402 40.5243110869 -22 65.8652006402 40.5243110869 -22.5 65.8652006402 40.5243110869 -23 65.8652006402 40.5243110869 -23.5 65.8652006402 40.5243110869 -24 65.8652006402 40.5243110869 -24.5 65.8652006402 40.5243110869 -25 65.8652006402 40.5243110869 -25.6530894017 66.1491023671 40.6989848415 -22 66.1491023671 40.6989848415 -22.5 66.1491023671 40.6989848415 -23 66.1491023671 40.6989848415 -23.5 66.1491023671 40.6989848415 -24 66.1491023671 40.6989848415 -24.5 66.1491023671 40.6989848415 -25 66.1491023671 40.6989848415 -25.6530894017 66.433004094 40.8736585962 -22 66.433004094 40.8736585962 -22.5 66.433004094 40.8736585962 -23 66.433004094 40.8736585962 -23.5 66.433004094 40.8736585962 -24 66.433004094 40.8736585962 -24.5 66.433004094 40.8736585962 -25 66.433004094 40.8736585962 -25.6530894017 66.7169058209 41.0483323509 -22 66.7169058209 41.0483323509 -22.5 66.7169058209 41.0483323509 -23 66.7169058209 41.0483323509 -23.5 66.7169058209 41.0483323509 -24 66.7169058209 41.0483323509 -24.5 66.7169058209 41.0483323509 -25 66.7169058209 41.0483323509 -25.6530894017 67.0008075478 41.2230061056 -22 67.0008075478 41.2230061056 -22.5 67.0008075478 41.2230061056 -23 67.0008075478 41.2230061056 -23.5 67.0008075478 41.2230061056 -24 67.0008075478 41.2230061056 -24.5 67.0008075478 41.2230061056 -25 67.0008075478 41.2230061056 -25.6530894017 67.2847092747 41.3976798603 -22 67.2847092747 41.3976798603 -22.5 67.2847092747 41.3976798603 -23 67.2847092747 41.3976798603 -23.5 67.2847092747 41.3976798603 -24 67.2847092747 41.3976798603 -24.5 67.2847092747 41.3976798603 -25 67.2847092747 41.3976798603 -25.6530894017 67.5686110016 41.572353615 -22 67.5686110016 41.572353615 -22.5 67.5686110016 41.572353615 -23 67.5686110016 41.572353615 -23.5 67.5686110016 41.572353615 -24 67.5686110016 41.572353615 -24.5 67.5686110016 41.572353615 -25 67.5686110016 41.572353615 -25.6530894017 67.8525127285 41.7470273697 -22 67.8525127285 41.7470273697 -22.5 67.8525127285 41.7470273697 -23 67.8525127285 41.7470273697 -23.5 67.8525127285 41.7470273697 -24 67.8525127285 41.7470273697 -24.5 67.8525127285 41.7470273697 -25 67.8525127285 41.7470273697 -25.6530894017 68.1364144554 41.9217011243 -22 68.1364144554 41.9217011243 -22.5 68.1364144554 41.9217011243 -23 68.1364144554 41.9217011243 -23.5 68.1364144554 41.9217011243 -24 68.1364144554 41.9217011243 -24.5 68.1364144554 41.9217011243 -25 68.1364144554 41.9217011243 -25.6530894017 64.9835544851 39.4098673745 -22.5 65.268570075 39.5827176701 -22.5 64.9835544851 39.4098673745 -23 65.268570075 39.5827176701 -23 64.9835544851 39.4098673745 -23.5 65.268570075 39.5827176701 -23.5 64.9835544851 39.4098673745 -24 65.268570075 39.5827176701 -24 64.9835544851 39.4098673745 -24.5 65.268570075 39.5827176701 -24.5 64.9835544851 39.4098673745 -25 65.268570075 39.5827176701 -25 64.9835544851 39.4098673745 -25.5 65.268570075 39.5827176701 -25.5 64.9835544851 39.4098673745 -25.7639348451 65.268570075 39.5827176701 -25.7639348451 65.5535856648 39.7555679656 -22.5 65.5535856648 39.7555679656 -23 65.5535856648 39.7555679656 -23.5 65.5535856648 39.7555679656 -24 65.5535856648 39.7555679656 -24.5 65.5535856648 39.7555679656 -25 65.5535856648 39.7555679656 -25.5 65.5535856648 39.7555679656 -25.7639348451 65.8386012547 39.9284182611 -22.5 65.8386012547 39.9284182611 -23 65.8386012547 39.9284182611 -23.5 65.8386012547 39.9284182611 -24 65.8386012547 39.9284182611 -24.5 65.8386012547 39.9284182611 -25 65.8386012547 39.9284182611 -25.5 65.8386012547 39.9284182611 -25.7639348451 66.1236168445 40.1012685566 -22.5 66.1236168445 40.1012685566 -23 66.1236168445 40.1012685566 -23.5 66.1236168445 40.1012685566 -24 66.1236168445 40.1012685566 -24.5 66.1236168445 40.1012685566 -25 66.1236168445 40.1012685566 -25.5 66.1236168445 40.1012685566 -25.7639348451 66.4086324344 40.2741188521 -22.5 66.4086324344 40.2741188521 -23 66.4086324344 40.2741188521 -23.5 66.4086324344 40.2741188521 -24 66.4086324344 40.2741188521 -24.5 66.4086324344 40.2741188521 -25 66.4086324344 40.2741188521 -25.5 66.4086324344 40.2741188521 -25.7639348451 66.6936480242 40.4469691476 -22.5 66.6936480242 40.4469691476 -23 66.6936480242 40.4469691476 -23.5 66.6936480242 40.4469691476 -24 66.6936480242 40.4469691476 -24.5 66.6936480242 40.4469691476 -25 66.6936480242 40.4469691476 -25.5 66.6936480242 40.4469691476 -25.7639348451 66.978663614 40.6198194431 -22.5 66.978663614 40.6198194431 -23 66.978663614 40.6198194431 -23.5 66.978663614 40.6198194431 -24 66.978663614 40.6198194431 -24.5 66.978663614 40.6198194431 -25 66.978663614 40.6198194431 -25.5 66.978663614 40.6198194431 -25.7639348451 67.2636792039 40.7926697386 -22.5 67.2636792039 40.7926697386 -23 67.2636792039 40.7926697386 -23.5 67.2636792039 40.7926697386 -24 67.2636792039 40.7926697386 -24.5 67.2636792039 40.7926697386 -25 67.2636792039 40.7926697386 -25.5 67.2636792039 40.7926697386 -25.7639348451 67.5486947937 40.9655200341 -22.5 67.5486947937 40.9655200341 -23 67.5486947937 40.9655200341 -23.5 67.5486947937 40.9655200341 -24 67.5486947937 40.9655200341 -24.5 67.5486947937 40.9655200341 -25 67.5486947937 40.9655200341 -25.5 67.5486947937 40.9655200341 -25.7639348451 67.8337103836 41.1383703296 -22.5 67.8337103836 41.1383703296 -23 67.8337103836 41.1383703296 -23.5 67.8337103836 41.1383703296 -24 67.8337103836 41.1383703296 -24.5 67.8337103836 41.1383703296 -25 67.8337103836 41.1383703296 -25.5 67.8337103836 41.1383703296 -25.7639348451 68.1187259734 41.3112206251 -22.5 68.1187259734 41.3112206251 -23 68.1187259734 41.3112206251 -23.5 68.1187259734 41.3112206251 -24 68.1187259734 41.3112206251 -24.5 68.1187259734 41.3112206251 -25 68.1187259734 41.3112206251 -25.5 68.1187259734 41.3112206251 -25.7639348451 68.4037415633 41.4840709206 -22.5 68.4037415633 41.4840709206 -23 68.4037415633 41.4840709206 -23.5 68.4037415633 41.4840709206 -24 68.4037415633 41.4840709206 -24.5 68.4037415633 41.4840709206 -25 68.4037415633 41.4840709206 -25.5 68.4037415633 41.4840709206 -25.7639348451 65.2348449823 38.9924992804 -22.5 65.5209627235 39.1635190141 -22.5 65.2348449823 38.9924992804 -23 65.5209627235 39.1635190141 -23 65.2348449823 38.9924992804 -23.5 65.5209627235 39.1635190141 -23.5 65.2348449823 38.9924992804 -24 65.5209627235 39.1635190141 -24 65.2348449823 38.9924992804 -24.5 65.5209627235 39.1635190141 -24.5 65.2348449823 38.9924992804 -25 65.5209627235 39.1635190141 -25 65.2348449823 38.9924992804 -25.5 65.5209627235 39.1635190141 -25.5 65.2348449823 38.9924992804 -25.873437622 65.5209627235 39.1635190141 -25.873437622 65.8070804646 39.3345387478 -22.5 65.8070804646 39.3345387478 -23 65.8070804646 39.3345387478 -23.5 65.8070804646 39.3345387478 -24 65.8070804646 39.3345387478 -24.5 65.8070804646 39.3345387478 -25 65.8070804646 39.3345387478 -25.5 65.8070804646 39.3345387478 -25.873437622 66.0931982058 39.5055584815 -22.5 66.0931982058 39.5055584815 -23 66.0931982058 39.5055584815 -23.5 66.0931982058 39.5055584815 -24 66.0931982058 39.5055584815 -24.5 66.0931982058 39.5055584815 -25 66.0931982058 39.5055584815 -25.5 66.0931982058 39.5055584815 -25.873437622 66.3793159469 39.6765782151 -22.5 66.3793159469 39.6765782151 -23 66.3793159469 39.6765782151 -23.5 66.3793159469 39.6765782151 -24 66.3793159469 39.6765782151 -24.5 66.3793159469 39.6765782151 -25 66.3793159469 39.6765782151 -25.5 66.3793159469 39.6765782151 -25.873437622 66.6654336881 39.8475979488 -22.5 66.6654336881 39.8475979488 -23 66.6654336881 39.8475979488 -23.5 66.6654336881 39.8475979488 -24 66.6654336881 39.8475979488 -24.5 66.6654336881 39.8475979488 -25 66.6654336881 39.8475979488 -25.5 66.6654336881 39.8475979488 -25.873437622 66.9515514292 40.0186176825 -22.5 66.9515514292 40.0186176825 -23 66.9515514292 40.0186176825 -23.5 66.9515514292 40.0186176825 -24 66.9515514292 40.0186176825 -24.5 66.9515514292 40.0186176825 -25 66.9515514292 40.0186176825 -25.5 66.9515514292 40.0186176825 -25.873437622 67.2376691704 40.1896374162 -22.5 67.2376691704 40.1896374162 -23 67.2376691704 40.1896374162 -23.5 67.2376691704 40.1896374162 -24 67.2376691704 40.1896374162 -24.5 67.2376691704 40.1896374162 -25 67.2376691704 40.1896374162 -25.5 67.2376691704 40.1896374162 -25.873437622 67.5237869115 40.3606571499 -22.5 67.5237869115 40.3606571499 -23 67.5237869115 40.3606571499 -23.5 67.5237869115 40.3606571499 -24 67.5237869115 40.3606571499 -24.5 67.5237869115 40.3606571499 -25 67.5237869115 40.3606571499 -25.5 67.5237869115 40.3606571499 -25.873437622 67.8099046527 40.5316768836 -22.5 67.8099046527 40.5316768836 -23 67.8099046527 40.5316768836 -23.5 67.8099046527 40.5316768836 -24 67.8099046527 40.5316768836 -24.5 67.8099046527 40.5316768836 -25 67.8099046527 40.5316768836 -25.5 67.8099046527 40.5316768836 -25.873437622 68.0960223938 40.7026966173 -22.5 68.0960223938 40.7026966173 -23 68.0960223938 40.7026966173 -23.5 68.0960223938 40.7026966173 -24 68.0960223938 40.7026966173 -24.5 68.0960223938 40.7026966173 -25 68.0960223938 40.7026966173 -25.5 68.0960223938 40.7026966173 -25.873437622 68.382140135 40.8737163509 -22.5 68.382140135 40.8737163509 -23 68.382140135 40.8737163509 -23.5 68.382140135 40.8737163509 -24 68.382140135 40.8737163509 -24.5 68.382140135 40.8737163509 -25 68.382140135 40.8737163509 -25.5 68.382140135 40.8737163509 -25.873437622 68.6682578761 41.0447360846 -22.5 68.6682578761 41.0447360846 -23 68.6682578761 41.0447360846 -23.5 68.6682578761 41.0447360846 -24 68.6682578761 41.0447360846 -24.5 68.6682578761 41.0447360846 -25 68.6682578761 41.0447360846 -25.5 68.6682578761 41.0447360846 -25.873437622 65.4834548984 38.5735289359 -22.5 65.770663034 38.7427110803 -22.5 65.4834548984 38.5735289359 -23 65.770663034 38.7427110803 -23 65.4834548984 38.5735289359 -23.5 65.770663034 38.7427110803 -23.5 65.4834548984 38.5735289359 -24 65.770663034 38.7427110803 -24 65.4834548984 38.5735289359 -24.5 65.770663034 38.7427110803 -24.5 65.4834548984 38.5735289359 -25 65.770663034 38.7427110803 -25 65.4834548984 38.5735289359 -25.5 65.770663034 38.7427110803 -25.5 65.4834548984 38.5735289359 -25.9815884169 65.770663034 38.7427110803 -25.9815884169 66.0578711695 38.9118932248 -22.5 66.0578711695 38.9118932248 -23 66.0578711695 38.9118932248 -23.5 66.0578711695 38.9118932248 -24 66.0578711695 38.9118932248 -24.5 66.0578711695 38.9118932248 -25 66.0578711695 38.9118932248 -25.5 66.0578711695 38.9118932248 -25.9815884169 66.345079305 39.0810753692 -22.5 66.345079305 39.0810753692 -23 66.345079305 39.0810753692 -23.5 66.345079305 39.0810753692 -24 66.345079305 39.0810753692 -24.5 66.345079305 39.0810753692 -25 66.345079305 39.0810753692 -25.5 66.345079305 39.0810753692 -25.9815884169 66.6322874405 39.2502575137 -22.5 66.6322874405 39.2502575137 -23 66.6322874405 39.2502575137 -23.5 66.6322874405 39.2502575137 -24 66.6322874405 39.2502575137 -24.5 66.6322874405 39.2502575137 -25 66.6322874405 39.2502575137 -25.5 66.6322874405 39.2502575137 -25.9815884169 66.919495576 39.4194396581 -22.5 66.919495576 39.4194396581 -23 66.919495576 39.4194396581 -23.5 66.919495576 39.4194396581 -24 66.919495576 39.4194396581 -24.5 66.919495576 39.4194396581 -25 66.919495576 39.4194396581 -25.5 66.919495576 39.4194396581 -25.9815884169 67.2067037115 39.5886218026 -22.5 67.2067037115 39.5886218026 -23 67.2067037115 39.5886218026 -23.5 67.2067037115 39.5886218026 -24 67.2067037115 39.5886218026 -24.5 67.2067037115 39.5886218026 -25 67.2067037115 39.5886218026 -25.5 67.2067037115 39.5886218026 -25.9815884169 67.4939118471 39.757803947 -22.5 67.4939118471 39.757803947 -23 67.4939118471 39.757803947 -23.5 67.4939118471 39.757803947 -24 67.4939118471 39.757803947 -24.5 67.4939118471 39.757803947 -25 67.4939118471 39.757803947 -25.5 67.4939118471 39.757803947 -25.9815884169 67.7811199826 39.9269860915 -22.5 67.7811199826 39.9269860915 -23 67.7811199826 39.9269860915 -23.5 67.7811199826 39.9269860915 -24 67.7811199826 39.9269860915 -24.5 67.7811199826 39.9269860915 -25 67.7811199826 39.9269860915 -25.5 67.7811199826 39.9269860915 -25.9815884169 68.0683281181 40.096168236 -22.5 68.0683281181 40.096168236 -23 68.0683281181 40.096168236 -23.5 68.0683281181 40.096168236 -24 68.0683281181 40.096168236 -24.5 68.0683281181 40.096168236 -25 68.0683281181 40.096168236 -25.5 68.0683281181 40.096168236 -25.9815884169 68.3555362536 40.2653503804 -22.5 68.3555362536 40.2653503804 -23 68.3555362536 40.2653503804 -23.5 68.3555362536 40.2653503804 -24 68.3555362536 40.2653503804 -24.5 68.3555362536 40.2653503804 -25 68.3555362536 40.2653503804 -25.5 68.3555362536 40.2653503804 -25.9815884169 68.6427443891 40.4345325249 -22.5 68.6427443891 40.4345325249 -23 68.6427443891 40.4345325249 -23.5 68.6427443891 40.4345325249 -24 68.6427443891 40.4345325249 -24.5 68.6427443891 40.4345325249 -25 68.6427443891 40.4345325249 -25.5 68.6427443891 40.4345325249 -25.9815884169 68.9299525247 40.6037146693 -22.5 68.9299525247 40.6037146693 -23 68.9299525247 40.6037146693 -23.5 68.9299525247 40.6037146693 -24 68.9299525247 40.6037146693 -24.5 68.9299525247 40.6037146693 -25 68.9299525247 40.6037146693 -25.5 68.9299525247 40.6037146693 -25.9815884169 65.7293740177 38.1529735569 -22.5 66.0176607459 38.3203111602 -22.5 65.7293740177 38.1529735569 -23 66.0176607459 38.3203111602 -23 65.7293740177 38.1529735569 -23.5 66.0176607459 38.3203111602 -23.5 65.7293740177 38.1529735569 -24 66.0176607459 38.3203111602 -24 65.7293740177 38.1529735569 -24.5 66.0176607459 38.3203111602 -24.5 65.7293740177 38.1529735569 -25 66.0176607459 38.3203111602 -25 65.7293740177 38.1529735569 -25.5 66.0176607459 38.3203111602 -25.5 65.7293740177 38.1529735569 -26.0883779144 66.0176607459 38.3203111602 -26.0883779144 66.305947474 38.4876487636 -22.5 66.305947474 38.4876487636 -23 66.305947474 38.4876487636 -23.5 66.305947474 38.4876487636 -24 66.305947474 38.4876487636 -24.5 66.305947474 38.4876487636 -25 66.305947474 38.4876487636 -25.5 66.305947474 38.4876487636 -26.0883779144 66.5942342022 38.6549863669 -22.5 66.5942342022 38.6549863669 -23 66.5942342022 38.6549863669 -23.5 66.5942342022 38.6549863669 -24 66.5942342022 38.6549863669 -24.5 66.5942342022 38.6549863669 -25 66.5942342022 38.6549863669 -25.5 66.5942342022 38.6549863669 -26.0883779144 66.8825209303 38.8223239702 -22.5 66.8825209303 38.8223239702 -23 66.8825209303 38.8223239702 -23.5 66.8825209303 38.8223239702 -24 66.8825209303 38.8223239702 -24.5 66.8825209303 38.8223239702 -25 66.8825209303 38.8223239702 -25.5 66.8825209303 38.8223239702 -26.0883779144 67.1708076585 38.9896615735 -22.5 67.1708076585 38.9896615735 -23 67.1708076585 38.9896615735 -23.5 67.1708076585 38.9896615735 -24 67.1708076585 38.9896615735 -24.5 67.1708076585 38.9896615735 -25 67.1708076585 38.9896615735 -25.5 67.1708076585 38.9896615735 -26.0883779144 67.4590943866 39.1569991768 -22.5 67.4590943866 39.1569991768 -23 67.4590943866 39.1569991768 -23.5 67.4590943866 39.1569991768 -24 67.4590943866 39.1569991768 -24.5 67.4590943866 39.1569991768 -25 67.4590943866 39.1569991768 -25.5 67.4590943866 39.1569991768 -26.0883779144 67.7473811148 39.3243367802 -22.5 67.7473811148 39.3243367802 -23 67.7473811148 39.3243367802 -23.5 67.7473811148 39.3243367802 -24 67.7473811148 39.3243367802 -24.5 67.7473811148 39.3243367802 -25 67.7473811148 39.3243367802 -25.5 67.7473811148 39.3243367802 -26.0883779144 68.0356678429 39.4916743835 -22.5 68.0356678429 39.4916743835 -23 68.0356678429 39.4916743835 -23.5 68.0356678429 39.4916743835 -24 68.0356678429 39.4916743835 -24.5 68.0356678429 39.4916743835 -25 68.0356678429 39.4916743835 -25.5 68.0356678429 39.4916743835 -26.0883779144 68.3239545711 39.6590119868 -22.5 68.3239545711 39.6590119868 -23 68.3239545711 39.6590119868 -23.5 68.3239545711 39.6590119868 -24 68.3239545711 39.6590119868 -24.5 68.3239545711 39.6590119868 -25 68.3239545711 39.6590119868 -25.5 68.3239545711 39.6590119868 -26.0883779144 68.6122412992 39.8263495901 -22.5 68.6122412992 39.8263495901 -23 68.6122412992 39.8263495901 -23.5 68.6122412992 39.8263495901 -24 68.6122412992 39.8263495901 -24.5 68.6122412992 39.8263495901 -25 68.6122412992 39.8263495901 -25.5 68.6122412992 39.8263495901 -26.0883779144 68.9005280274 39.9936871934 -22.5 68.9005280274 39.9936871934 -23 68.9005280274 39.9936871934 -23.5 68.9005280274 39.9936871934 -24 68.9005280274 39.9936871934 -24.5 68.9005280274 39.9936871934 -25 68.9005280274 39.9936871934 -25.5 68.9005280274 39.9936871934 -26.0883779144 69.1888147555 40.1610247968 -22.5 69.1888147555 40.1610247968 -23 69.1888147555 40.1610247968 -23.5 69.1888147555 40.1610247968 -24 69.1888147555 40.1610247968 -24.5 69.1888147555 40.1610247968 -25 69.1888147555 40.1610247968 -25.5 69.1888147555 40.1610247968 -26.0883779144 65.9725922352 37.7308504247 -23 66.2619457099 37.8963366108 -23 65.9725922352 37.7308504247 -23.5 66.2619457099 37.8963366108 -23.5 65.9725922352 37.7308504247 -24 66.2619457099 37.8963366108 -24 65.9725922352 37.7308504247 -24.5 66.2619457099 37.8963366108 -24.5 65.9725922352 37.7308504247 -25 66.2619457099 37.8963366108 -25 65.9725922352 37.7308504247 -25.5 66.2619457099 37.8963366108 -25.5 65.9725922352 37.7308504247 -26.193796799 66.2619457099 37.8963366108 -26.193796799 66.5512991846 38.0618227969 -23 66.5512991846 38.0618227969 -23.5 66.5512991846 38.0618227969 -24 66.5512991846 38.0618227969 -24.5 66.5512991846 38.0618227969 -25 66.5512991846 38.0618227969 -25.5 66.5512991846 38.0618227969 -26.193796799 66.8406526593 38.227308983 -23 66.8406526593 38.227308983 -23.5 66.8406526593 38.227308983 -24 66.8406526593 38.227308983 -24.5 66.8406526593 38.227308983 -25 66.8406526593 38.227308983 -25.5 66.8406526593 38.227308983 -26.193796799 67.130006134 38.392795169 -23 67.130006134 38.392795169 -23.5 67.130006134 38.392795169 -24 67.130006134 38.392795169 -24.5 67.130006134 38.392795169 -25 67.130006134 38.392795169 -25.5 67.130006134 38.392795169 -26.193796799 67.4193596087 38.5582813551 -23 67.4193596087 38.5582813551 -23.5 67.4193596087 38.5582813551 -24 67.4193596087 38.5582813551 -24.5 67.4193596087 38.5582813551 -25 67.4193596087 38.5582813551 -25.5 67.4193596087 38.5582813551 -26.193796799 67.7087130834 38.7237675412 -23 67.7087130834 38.7237675412 -23.5 67.7087130834 38.7237675412 -24 67.7087130834 38.7237675412 -24.5 67.7087130834 38.7237675412 -25 67.7087130834 38.7237675412 -25.5 67.7087130834 38.7237675412 -26.193796799 67.9980665582 38.8892537273 -23 67.9980665582 38.8892537273 -23.5 67.9980665582 38.8892537273 -24 67.9980665582 38.8892537273 -24.5 67.9980665582 38.8892537273 -25 67.9980665582 38.8892537273 -25.5 67.9980665582 38.8892537273 -26.193796799 68.2874200329 39.0547399133 -23 68.2874200329 39.0547399133 -23.5 68.2874200329 39.0547399133 -24 68.2874200329 39.0547399133 -24.5 68.2874200329 39.0547399133 -25 68.2874200329 39.0547399133 -25.5 68.2874200329 39.0547399133 -26.193796799 68.5767735076 39.2202260994 -23 68.5767735076 39.2202260994 -23.5 68.5767735076 39.2202260994 -24 68.5767735076 39.2202260994 -24.5 68.5767735076 39.2202260994 -25 68.5767735076 39.2202260994 -25.5 68.5767735076 39.2202260994 -26.193796799 68.8661269823 39.3857122855 -23 68.8661269823 39.3857122855 -23.5 68.8661269823 39.3857122855 -24 68.8661269823 39.3857122855 -24.5 68.8661269823 39.3857122855 -25 68.8661269823 39.3857122855 -25.5 68.8661269823 39.3857122855 -26.193796799 69.155480457 39.5511984715 -23 69.155480457 39.5511984715 -23.5 69.155480457 39.5511984715 -24 69.155480457 39.5511984715 -24.5 69.155480457 39.5511984715 -25 69.155480457 39.5511984715 -25.5 69.155480457 39.5511984715 -26.193796799 69.4448339317 39.7166846576 -23 69.4448339317 39.7166846576 -23.5 69.4448339317 39.7166846576 -24 69.4448339317 39.7166846576 -24.5 69.4448339317 39.7166846576 -25 69.4448339317 39.7166846576 -25.5 69.4448339317 39.7166846576 -26.193796799 66.2130995565 37.3071768849 -23 66.5035078879 37.4708048537 -23 66.2130995565 37.3071768849 -23.5 66.5035078879 37.4708048537 -23.5 66.2130995565 37.3071768849 -24 66.5035078879 37.4708048537 -24 66.2130995565 37.3071768849 -24.5 66.5035078879 37.4708048537 -24.5 66.2130995565 37.3071768849 -25 66.5035078879 37.4708048537 -25 66.2130995565 37.3071768849 -25.5 66.5035078879 37.4708048537 -25.5 66.2130995565 37.3071768849 -26 66.5035078879 37.4708048537 -26 66.2130995565 37.3071768849 -26.2978357553 66.5035078879 37.4708048537 -26.2978357553 66.7939162193 37.6344328225 -23 66.7939162193 37.6344328225 -23.5 66.7939162193 37.6344328225 -24 66.7939162193 37.6344328225 -24.5 66.7939162193 37.6344328225 -25 66.7939162193 37.6344328225 -25.5 66.7939162193 37.6344328225 -26 66.7939162193 37.6344328225 -26.2978357553 67.0843245507 37.7980607913 -23 67.0843245507 37.7980607913 -23.5 67.0843245507 37.7980607913 -24 67.0843245507 37.7980607913 -24.5 67.0843245507 37.7980607913 -25 67.0843245507 37.7980607913 -25.5 67.0843245507 37.7980607913 -26 67.0843245507 37.7980607913 -26.2978357553 67.3747328821 37.9616887601 -23 67.3747328821 37.9616887601 -23.5 67.3747328821 37.9616887601 -24 67.3747328821 37.9616887601 -24.5 67.3747328821 37.9616887601 -25 67.3747328821 37.9616887601 -25.5 67.3747328821 37.9616887601 -26 67.3747328821 37.9616887601 -26.2978357553 67.6651412134 38.1253167289 -23 67.6651412134 38.1253167289 -23.5 67.6651412134 38.1253167289 -24 67.6651412134 38.1253167289 -24.5 67.6651412134 38.1253167289 -25 67.6651412134 38.1253167289 -25.5 67.6651412134 38.1253167289 -26 67.6651412134 38.1253167289 -26.2978357553 67.9555495448 38.2889446976 -23 67.9555495448 38.2889446976 -23.5 67.9555495448 38.2889446976 -24 67.9555495448 38.2889446976 -24.5 67.9555495448 38.2889446976 -25 67.9555495448 38.2889446976 -25.5 67.9555495448 38.2889446976 -26 67.9555495448 38.2889446976 -26.2978357553 68.2459578762 38.4525726664 -23 68.2459578762 38.4525726664 -23.5 68.2459578762 38.4525726664 -24 68.2459578762 38.4525726664 -24.5 68.2459578762 38.4525726664 -25 68.2459578762 38.4525726664 -25.5 68.2459578762 38.4525726664 -26 68.2459578762 38.4525726664 -26.2978357553 68.5363662076 38.6162006352 -23 68.5363662076 38.6162006352 -23.5 68.5363662076 38.6162006352 -24 68.5363662076 38.6162006352 -24.5 68.5363662076 38.6162006352 -25 68.5363662076 38.6162006352 -25.5 68.5363662076 38.6162006352 -26 68.5363662076 38.6162006352 -26.2978357553 68.826774539 38.779828604 -23 68.826774539 38.779828604 -23.5 68.826774539 38.779828604 -24 68.826774539 38.779828604 -24.5 68.826774539 38.779828604 -25 68.826774539 38.779828604 -25.5 68.826774539 38.779828604 -26 68.826774539 38.779828604 -26.2978357553 69.1171828704 38.9434565728 -23 69.1171828704 38.9434565728 -23.5 69.1171828704 38.9434565728 -24 69.1171828704 38.9434565728 -24.5 69.1171828704 38.9434565728 -25 69.1171828704 38.9434565728 -25.5 69.1171828704 38.9434565728 -26 69.1171828704 38.9434565728 -26.2978357553 69.4075912018 39.1070845416 -23 69.4075912018 39.1070845416 -23.5 69.4075912018 39.1070845416 -24 69.4075912018 39.1070845416 -24.5 69.4075912018 39.1070845416 -25 69.4075912018 39.1070845416 -25.5 69.4075912018 39.1070845416 -26 69.4075912018 39.1070845416 -26.2978357553 69.6979995332 39.2707125104 -23 69.6979995332 39.2707125104 -23.5 69.6979995332 39.2707125104 -24 69.6979995332 39.2707125104 -24.5 69.6979995332 39.2707125104 -25 69.6979995332 39.2707125104 -25.5 69.6979995332 39.2707125104 -26 69.6979995332 39.2707125104 -26.2978357553 66.4508860991 36.8819703466 -23 66.7423373539 37.0437333745 -23 66.4508860991 36.8819703466 -23.5 66.7423373539 37.0437333745 -23.5 66.4508860991 36.8819703466 -24 66.7423373539 37.0437333745 -24 66.4508860991 36.8819703466 -24.5 66.7423373539 37.0437333745 -24.5 66.4508860991 36.8819703466 -25 66.7423373539 37.0437333745 -25 66.4508860991 36.8819703466 -25.5 66.7423373539 37.0437333745 -25.5 66.4508860991 36.8819703466 -26 66.7423373539 37.0437333745 -26 66.4508860991 36.8819703466 -26.4004854679 66.7423373539 37.0437333745 -26.4004854679 67.0337886087 37.2054964023 -23 67.0337886087 37.2054964023 -23.5 67.0337886087 37.2054964023 -24 67.0337886087 37.2054964023 -24.5 67.0337886087 37.2054964023 -25 67.0337886087 37.2054964023 -25.5 67.0337886087 37.2054964023 -26 67.0337886087 37.2054964023 -26.4004854679 67.3252398635 37.3672594301 -23 67.3252398635 37.3672594301 -23.5 67.3252398635 37.3672594301 -24 67.3252398635 37.3672594301 -24.5 67.3252398635 37.3672594301 -25 67.3252398635 37.3672594301 -25.5 67.3252398635 37.3672594301 -26 67.3252398635 37.3672594301 -26.4004854679 67.6166911183 37.529022458 -23 67.6166911183 37.529022458 -23.5 67.6166911183 37.529022458 -24 67.6166911183 37.529022458 -24.5 67.6166911183 37.529022458 -25 67.6166911183 37.529022458 -25.5 67.6166911183 37.529022458 -26 67.6166911183 37.529022458 -26.4004854679 67.9081423732 37.6907854858 -23 67.9081423732 37.6907854858 -23.5 67.9081423732 37.6907854858 -24 67.9081423732 37.6907854858 -24.5 67.9081423732 37.6907854858 -25 67.9081423732 37.6907854858 -25.5 67.9081423732 37.6907854858 -26 67.9081423732 37.6907854858 -26.4004854679 68.199593628 37.8525485136 -23 68.199593628 37.8525485136 -23.5 68.199593628 37.8525485136 -24 68.199593628 37.8525485136 -24.5 68.199593628 37.8525485136 -25 68.199593628 37.8525485136 -25.5 68.199593628 37.8525485136 -26 68.199593628 37.8525485136 -26.4004854679 68.4910448828 38.0143115415 -23 68.4910448828 38.0143115415 -23.5 68.4910448828 38.0143115415 -24 68.4910448828 38.0143115415 -24.5 68.4910448828 38.0143115415 -25 68.4910448828 38.0143115415 -25.5 68.4910448828 38.0143115415 -26 68.4910448828 38.0143115415 -26.4004854679 68.7824961376 38.1760745693 -23 68.7824961376 38.1760745693 -23.5 68.7824961376 38.1760745693 -24 68.7824961376 38.1760745693 -24.5 68.7824961376 38.1760745693 -25 68.7824961376 38.1760745693 -25.5 68.7824961376 38.1760745693 -26 68.7824961376 38.1760745693 -26.4004854679 69.0739473924 38.3378375972 -23 69.0739473924 38.3378375972 -23.5 69.0739473924 38.3378375972 -24 69.0739473924 38.3378375972 -24.5 69.0739473924 38.3378375972 -25 69.0739473924 38.3378375972 -25.5 69.0739473924 38.3378375972 -26 69.0739473924 38.3378375972 -26.4004854679 69.3653986473 38.499600625 -23 69.3653986473 38.499600625 -23.5 69.3653986473 38.499600625 -24 69.3653986473 38.499600625 -24.5 69.3653986473 38.499600625 -25 69.3653986473 38.499600625 -25.5 69.3653986473 38.499600625 -26 69.3653986473 38.499600625 -26.4004854679 69.6568499021 38.6613636528 -23 69.6568499021 38.6613636528 -23.5 69.6568499021 38.6613636528 -24 69.6568499021 38.6613636528 -24.5 69.6568499021 38.6613636528 -25 69.6568499021 38.6613636528 -25.5 69.6568499021 38.6613636528 -26 69.6568499021 38.6613636528 -26.4004854679 69.9483011569 38.8231266807 -23 69.9483011569 38.8231266807 -23.5 69.9483011569 38.8231266807 -24 69.9483011569 38.8231266807 -24.5 69.9483011569 38.8231266807 -25 69.9483011569 38.8231266807 -25.5 69.9483011569 38.8231266807 -26 69.9483011569 38.8231266807 -26.4004854679 66.6859420919 36.4552482822 -23.5 66.978424294 36.6151397221 -23.5 66.6859420919 36.4552482822 -24 66.978424294 36.6151397221 -24 66.6859420919 36.4552482822 -24.5 66.978424294 36.6151397221 -24.5 66.6859420919 36.4552482822 -25 66.978424294 36.6151397221 -25 66.6859420919 36.4552482822 -25.5 66.978424294 36.6151397221 -25.5 66.6859420919 36.4552482822 -26 66.978424294 36.6151397221 -26 66.6859420919 36.4552482822 -26.5017366212 66.978424294 36.6151397221 -26.5017366212 67.2709064962 36.7750311619 -23.5 67.2709064962 36.7750311619 -24 67.2709064962 36.7750311619 -24.5 67.2709064962 36.7750311619 -25 67.2709064962 36.7750311619 -25.5 67.2709064962 36.7750311619 -26 67.2709064962 36.7750311619 -26.5017366212 67.5633886983 36.9349226017 -23.5 67.5633886983 36.9349226017 -24 67.5633886983 36.9349226017 -24.5 67.5633886983 36.9349226017 -25 67.5633886983 36.9349226017 -25.5 67.5633886983 36.9349226017 -26 67.5633886983 36.9349226017 -26.5017366212 67.8558709005 37.0948140416 -23.5 67.8558709005 37.0948140416 -24 67.8558709005 37.0948140416 -24.5 67.8558709005 37.0948140416 -25 67.8558709005 37.0948140416 -25.5 67.8558709005 37.0948140416 -26 67.8558709005 37.0948140416 -26.5017366212 68.1483531027 37.2547054814 -23.5 68.1483531027 37.2547054814 -24 68.1483531027 37.2547054814 -24.5 68.1483531027 37.2547054814 -25 68.1483531027 37.2547054814 -25.5 68.1483531027 37.2547054814 -26 68.1483531027 37.2547054814 -26.5017366212 68.4408353048 37.4145969212 -23.5 68.4408353048 37.4145969212 -24 68.4408353048 37.4145969212 -24.5 68.4408353048 37.4145969212 -25 68.4408353048 37.4145969212 -25.5 68.4408353048 37.4145969212 -26 68.4408353048 37.4145969212 -26.5017366212 68.733317507 37.5744883611 -23.5 68.733317507 37.5744883611 -24 68.733317507 37.5744883611 -24.5 68.733317507 37.5744883611 -25 68.733317507 37.5744883611 -25.5 68.733317507 37.5744883611 -26 68.733317507 37.5744883611 -26.5017366212 69.0257997091 37.7343798009 -23.5 69.0257997091 37.7343798009 -24 69.0257997091 37.7343798009 -24.5 69.0257997091 37.7343798009 -25 69.0257997091 37.7343798009 -25.5 69.0257997091 37.7343798009 -26 69.0257997091 37.7343798009 -26.5017366212 69.3182819113 37.8942712407 -23.5 69.3182819113 37.8942712407 -24 69.3182819113 37.8942712407 -24.5 69.3182819113 37.8942712407 -25 69.3182819113 37.8942712407 -25.5 69.3182819113 37.8942712407 -26 69.3182819113 37.8942712407 -26.5017366212 69.6107641134 38.0541626806 -23.5 69.6107641134 38.0541626806 -24 69.6107641134 38.0541626806 -24.5 69.6107641134 38.0541626806 -25 69.6107641134 38.0541626806 -25.5 69.6107641134 38.0541626806 -26 69.6107641134 38.0541626806 -26.5017366212 69.9032463156 38.2140541204 -23.5 69.9032463156 38.2140541204 -24 69.9032463156 38.2140541204 -24.5 69.9032463156 38.2140541204 -25 69.9032463156 38.2140541204 -25.5 69.9032463156 38.2140541204 -26 69.9032463156 38.2140541204 -26.5017366212 70.1957285178 38.3739455602 -23.5 70.1957285178 38.3739455602 -24 70.1957285178 38.3739455602 -24.5 70.1957285178 38.3739455602 -25 70.1957285178 38.3739455602 -25.5 70.1957285178 38.3739455602 -26 70.1957285178 38.3739455602 -26.5017366212 66.9182578762 36.0270282262 -23.5 67.2117590072 36.1850415079 -23.5 66.9182578762 36.0270282262 -24 67.2117590072 36.1850415079 -24 66.9182578762 36.0270282262 -24.5 67.2117590072 36.1850415079 -24.5 66.9182578762 36.0270282262 -25 67.2117590072 36.1850415079 -25 66.9182578762 36.0270282262 -25.5 67.2117590072 36.1850415079 -25.5 66.9182578762 36.0270282262 -26 67.2117590072 36.1850415079 -26 66.9182578762 36.0270282262 -26.6015798999 67.2117590072 36.1850415079 -26.6015798999 67.5052601383 36.3430547896 -23.5 67.5052601383 36.3430547896 -24 67.5052601383 36.3430547896 -24.5 67.5052601383 36.3430547896 -25 67.5052601383 36.3430547896 -25.5 67.5052601383 36.3430547896 -26 67.5052601383 36.3430547896 -26.6015798999 67.7987612693 36.5010680713 -23.5 67.7987612693 36.5010680713 -24 67.7987612693 36.5010680713 -24.5 67.7987612693 36.5010680713 -25 67.7987612693 36.5010680713 -25.5 67.7987612693 36.5010680713 -26 67.7987612693 36.5010680713 -26.6015798999 68.0922624003 36.659081353 -23.5 68.0922624003 36.659081353 -24 68.0922624003 36.659081353 -24.5 68.0922624003 36.659081353 -25 68.0922624003 36.659081353 -25.5 68.0922624003 36.659081353 -26 68.0922624003 36.659081353 -26.6015798999 68.3857635314 36.8170946347 -23.5 68.3857635314 36.8170946347 -24 68.3857635314 36.8170946347 -24.5 68.3857635314 36.8170946347 -25 68.3857635314 36.8170946347 -25.5 68.3857635314 36.8170946347 -26 68.3857635314 36.8170946347 -26.6015798999 68.6792646624 36.9751079164 -23.5 68.6792646624 36.9751079164 -24 68.6792646624 36.9751079164 -24.5 68.6792646624 36.9751079164 -25 68.6792646624 36.9751079164 -25.5 68.6792646624 36.9751079164 -26 68.6792646624 36.9751079164 -26.6015798999 68.9727657934 37.1331211981 -23.5 68.9727657934 37.1331211981 -24 68.9727657934 37.1331211981 -24.5 68.9727657934 37.1331211981 -25 68.9727657934 37.1331211981 -25.5 68.9727657934 37.1331211981 -26 68.9727657934 37.1331211981 -26.6015798999 69.2662669245 37.2911344798 -23.5 69.2662669245 37.2911344798 -24 69.2662669245 37.2911344798 -24.5 69.2662669245 37.2911344798 -25 69.2662669245 37.2911344798 -25.5 69.2662669245 37.2911344798 -26 69.2662669245 37.2911344798 -26.6015798999 69.5597680555 37.4491477615 -23.5 69.5597680555 37.4491477615 -24 69.5597680555 37.4491477615 -24.5 69.5597680555 37.4491477615 -25 69.5597680555 37.4491477615 -25.5 69.5597680555 37.4491477615 -26 69.5597680555 37.4491477615 -26.6015798999 69.8532691866 37.6071610432 -23.5 69.8532691866 37.6071610432 -24 69.8532691866 37.6071610432 -24.5 69.8532691866 37.6071610432 -25 69.8532691866 37.6071610432 -25.5 69.8532691866 37.6071610432 -26 69.8532691866 37.6071610432 -26.6015798999 70.1467703176 37.7651743249 -23.5 70.1467703176 37.7651743249 -24 70.1467703176 37.7651743249 -24.5 70.1467703176 37.7651743249 -25 70.1467703176 37.7651743249 -25.5 70.1467703176 37.7651743249 -26 70.1467703176 37.7651743249 -26.6015798999 70.4402714486 37.9231876066 -23.5 70.4402714486 37.9231876066 -24 70.4402714486 37.9231876066 -24.5 70.4402714486 37.9231876066 -25 70.4402714486 37.9231876066 -25.5 70.4402714486 37.9231876066 -26 70.4402714486 37.9231876066 -26.6015798999 67.1478239059 35.5973277748 -23.5 67.4423319055 35.7534564054 -23.5 67.1478239059 35.5973277748 -24 67.4423319055 35.7534564054 -24 67.1478239059 35.5973277748 -24.5 67.4423319055 35.7534564054 -24.5 67.1478239059 35.5973277748 -25 67.4423319055 35.7534564054 -25 67.1478239059 35.5973277748 -25.5 67.4423319055 35.7534564054 -25.5 67.1478239059 35.5973277748 -26 67.4423319055 35.7534564054 -26 67.1478239059 35.5973277748 -26.7000059885 67.4423319055 35.7534564054 -26.7000059885 67.7368399051 35.9095850359 -23.5 67.7368399051 35.9095850359 -24 67.7368399051 35.9095850359 -24.5 67.7368399051 35.9095850359 -25 67.7368399051 35.9095850359 -25.5 67.7368399051 35.9095850359 -26 67.7368399051 35.9095850359 -26.7000059885 68.0313479047 36.0657136665 -23.5 68.0313479047 36.0657136665 -24 68.0313479047 36.0657136665 -24.5 68.0313479047 36.0657136665 -25 68.0313479047 36.0657136665 -25.5 68.0313479047 36.0657136665 -26 68.0313479047 36.0657136665 -26.7000059885 68.3258559042 36.2218422971 -23.5 68.3258559042 36.2218422971 -24 68.3258559042 36.2218422971 -24.5 68.3258559042 36.2218422971 -25 68.3258559042 36.2218422971 -25.5 68.3258559042 36.2218422971 -26 68.3258559042 36.2218422971 -26.7000059885 68.6203639038 36.3779709277 -23.5 68.6203639038 36.3779709277 -24 68.6203639038 36.3779709277 -24.5 68.6203639038 36.3779709277 -25 68.6203639038 36.3779709277 -25.5 68.6203639038 36.3779709277 -26 68.6203639038 36.3779709277 -26.7000059885 68.9148719034 36.5340995583 -23.5 68.9148719034 36.5340995583 -24 68.9148719034 36.5340995583 -24.5 68.9148719034 36.5340995583 -25 68.9148719034 36.5340995583 -25.5 68.9148719034 36.5340995583 -26 68.9148719034 36.5340995583 -26.7000059885 69.209379903 36.6902281889 -23.5 69.209379903 36.6902281889 -24 69.209379903 36.6902281889 -24.5 69.209379903 36.6902281889 -25 69.209379903 36.6902281889 -25.5 69.209379903 36.6902281889 -26 69.209379903 36.6902281889 -26.7000059885 69.5038879026 36.8463568195 -23.5 69.5038879026 36.8463568195 -24 69.5038879026 36.8463568195 -24.5 69.5038879026 36.8463568195 -25 69.5038879026 36.8463568195 -25.5 69.5038879026 36.8463568195 -26 69.5038879026 36.8463568195 -26.7000059885 69.7983959022 37.0024854501 -23.5 69.7983959022 37.0024854501 -24 69.7983959022 37.0024854501 -24.5 69.7983959022 37.0024854501 -25 69.7983959022 37.0024854501 -25.5 69.7983959022 37.0024854501 -26 69.7983959022 37.0024854501 -26.7000059885 70.0929039018 37.1586140807 -23.5 70.0929039018 37.1586140807 -24 70.0929039018 37.1586140807 -24.5 70.0929039018 37.1586140807 -25 70.0929039018 37.1586140807 -25.5 70.0929039018 37.1586140807 -26 70.0929039018 37.1586140807 -26.7000059885 70.3874119013 37.3147427113 -23.5 70.3874119013 37.3147427113 -24 70.3874119013 37.3147427113 -24.5 70.3874119013 37.3147427113 -25 70.3874119013 37.3147427113 -25.5 70.3874119013 37.3147427113 -26 70.3874119013 37.3147427113 -26.7000059885 70.6819199009 37.4708713419 -23.5 70.6819199009 37.4708713419 -24 70.6819199009 37.4708713419 -24.5 70.6819199009 37.4708713419 -25 70.6819199009 37.4708713419 -25.5 70.6819199009 37.4708713419 -26 70.6819199009 37.4708713419 -26.7000059885 67.3746307478 35.1661645847 -24 67.6701335142 35.3204021487 -24 67.3746307478 35.1661645847 -24.5 67.6701335142 35.3204021487 -24.5 67.3746307478 35.1661645847 -25 67.6701335142 35.3204021487 -25 67.3746307478 35.1661645847 -25.5 67.6701335142 35.3204021487 -25.5 67.3746307478 35.1661645847 -26 67.6701335142 35.3204021487 -26 67.3746307478 35.1661645847 -26.5 67.6701335142 35.3204021487 -26.5 67.3746307478 35.1661645847 -26.7970055715 67.6701335142 35.3204021487 -26.7970055715 67.9656362807 35.4746397126 -24 67.9656362807 35.4746397126 -24.5 67.9656362807 35.4746397126 -25 67.9656362807 35.4746397126 -25.5 67.9656362807 35.4746397126 -26 67.9656362807 35.4746397126 -26.5 67.9656362807 35.4746397126 -26.7970055715 68.2611390471 35.6288772766 -24 68.2611390471 35.6288772766 -24.5 68.2611390471 35.6288772766 -25 68.2611390471 35.6288772766 -25.5 68.2611390471 35.6288772766 -26 68.2611390471 35.6288772766 -26.5 68.2611390471 35.6288772766 -26.7970055715 68.5566418135 35.7831148406 -24 68.5566418135 35.7831148406 -24.5 68.5566418135 35.7831148406 -25 68.5566418135 35.7831148406 -25.5 68.5566418135 35.7831148406 -26 68.5566418135 35.7831148406 -26.5 68.5566418135 35.7831148406 -26.7970055715 68.85214458 35.9373524045 -24 68.85214458 35.9373524045 -24.5 68.85214458 35.9373524045 -25 68.85214458 35.9373524045 -25.5 68.85214458 35.9373524045 -26 68.85214458 35.9373524045 -26.5 68.85214458 35.9373524045 -26.7970055715 69.1476473464 36.0915899685 -24 69.1476473464 36.0915899685 -24.5 69.1476473464 36.0915899685 -25 69.1476473464 36.0915899685 -25.5 69.1476473464 36.0915899685 -26 69.1476473464 36.0915899685 -26.5 69.1476473464 36.0915899685 -26.7970055715 69.4431501129 36.2458275325 -24 69.4431501129 36.2458275325 -24.5 69.4431501129 36.2458275325 -25 69.4431501129 36.2458275325 -25.5 69.4431501129 36.2458275325 -26 69.4431501129 36.2458275325 -26.5 69.4431501129 36.2458275325 -26.7970055715 69.7386528793 36.4000650964 -24 69.7386528793 36.4000650964 -24.5 69.7386528793 36.4000650964 -25 69.7386528793 36.4000650964 -25.5 69.7386528793 36.4000650964 -26 69.7386528793 36.4000650964 -26.5 69.7386528793 36.4000650964 -26.7970055715 70.0341556457 36.5543026604 -24 70.0341556457 36.5543026604 -24.5 70.0341556457 36.5543026604 -25 70.0341556457 36.5543026604 -25.5 70.0341556457 36.5543026604 -26 70.0341556457 36.5543026604 -26.5 70.0341556457 36.5543026604 -26.7970055715 70.3296584122 36.7085402244 -24 70.3296584122 36.7085402244 -24.5 70.3296584122 36.7085402244 -25 70.3296584122 36.7085402244 -25.5 70.3296584122 36.7085402244 -26 70.3296584122 36.7085402244 -26.5 70.3296584122 36.7085402244 -26.7970055715 70.6251611786 36.8627777883 -24 70.6251611786 36.8627777883 -24.5 70.6251611786 36.8627777883 -25 70.6251611786 36.8627777883 -25.5 70.6251611786 36.8627777883 -26 70.6251611786 36.8627777883 -26.5 70.6251611786 36.8627777883 -26.7970055715 70.920663945 37.0170153523 -24 70.920663945 37.0170153523 -24.5 70.920663945 37.0170153523 -25 70.920663945 37.0170153523 -25.5 70.920663945 37.0170153523 -26 70.920663945 37.0170153523 -26.5 70.920663945 37.0170153523 -26.7970055715 67.5986690821 34.7335563731 -24 67.8951544728 34.8858965326 -24 67.5986690821 34.7335563731 -24.5 67.8951544728 34.8858965326 -24.5 67.5986690821 34.7335563731 -25 67.8951544728 34.8858965326 -25 67.5986690821 34.7335563731 -25.5 67.8951544728 34.8858965326 -25.5 67.5986690821 34.7335563731 -26 67.8951544728 34.8858965326 -26 67.5986690821 34.7335563731 -26.5 67.8951544728 34.8858965326 -26.5 67.5986690821 34.7335563731 -26.8925693335 67.8951544728 34.8858965326 -26.8925693335 68.1916398636 35.0382366922 -24 68.1916398636 35.0382366922 -24.5 68.1916398636 35.0382366922 -25 68.1916398636 35.0382366922 -25.5 68.1916398636 35.0382366922 -26 68.1916398636 35.0382366922 -26.5 68.1916398636 35.0382366922 -26.8925693335 68.4881252543 35.1905768517 -24 68.4881252543 35.1905768517 -24.5 68.4881252543 35.1905768517 -25 68.4881252543 35.1905768517 -25.5 68.4881252543 35.1905768517 -26 68.4881252543 35.1905768517 -26.5 68.4881252543 35.1905768517 -26.8925693335 68.784610645 35.3429170112 -24 68.784610645 35.3429170112 -24.5 68.784610645 35.3429170112 -25 68.784610645 35.3429170112 -25.5 68.784610645 35.3429170112 -26 68.784610645 35.3429170112 -26.5 68.784610645 35.3429170112 -26.8925693335 69.0810960357 35.4952571708 -24 69.0810960357 35.4952571708 -24.5 69.0810960357 35.4952571708 -25 69.0810960357 35.4952571708 -25.5 69.0810960357 35.4952571708 -26 69.0810960357 35.4952571708 -26.5 69.0810960357 35.4952571708 -26.8925693335 69.3775814264 35.6475973303 -24 69.3775814264 35.6475973303 -24.5 69.3775814264 35.6475973303 -25 69.3775814264 35.6475973303 -25.5 69.3775814264 35.6475973303 -26 69.3775814264 35.6475973303 -26.5 69.3775814264 35.6475973303 -26.8925693335 69.6740668171 35.7999374898 -24 69.6740668171 35.7999374898 -24.5 69.6740668171 35.7999374898 -25 69.6740668171 35.7999374898 -25.5 69.6740668171 35.7999374898 -26 69.6740668171 35.7999374898 -26.5 69.6740668171 35.7999374898 -26.8925693335 69.9705522078 35.9522776494 -24 69.9705522078 35.9522776494 -24.5 69.9705522078 35.9522776494 -25 69.9705522078 35.9522776494 -25.5 69.9705522078 35.9522776494 -26 69.9705522078 35.9522776494 -26.5 69.9705522078 35.9522776494 -26.8925693335 70.2670375985 36.1046178089 -24 70.2670375985 36.1046178089 -24.5 70.2670375985 36.1046178089 -25 70.2670375985 36.1046178089 -25.5 70.2670375985 36.1046178089 -26 70.2670375985 36.1046178089 -26.5 70.2670375985 36.1046178089 -26.8925693335 70.5635229893 36.2569579684 -24 70.5635229893 36.2569579684 -24.5 70.5635229893 36.2569579684 -25 70.5635229893 36.2569579684 -25.5 70.5635229893 36.2569579684 -26 70.5635229893 36.2569579684 -26.5 70.5635229893 36.2569579684 -26.8925693335 70.86000838 36.4092981279 -24 70.86000838 36.4092981279 -24.5 70.86000838 36.4092981279 -25 70.86000838 36.4092981279 -25.5 70.86000838 36.4092981279 -26 70.86000838 36.4092981279 -26.5 70.86000838 36.4092981279 -26.8925693335 71.1564937707 36.5616382875 -24 71.1564937707 36.5616382875 -24.5 71.1564937707 36.5616382875 -25 71.1564937707 36.5616382875 -25.5 71.1564937707 36.5616382875 -26 71.1564937707 36.5616382875 -26.5 71.1564937707 36.5616382875 -26.8925693335 67.8199297029 34.2995209164 -24 68.1173855349 34.4499574116 -24 67.8199297029 34.2995209164 -24.5 68.1173855349 34.4499574116 -24.5 67.8199297029 34.2995209164 -25 68.1173855349 34.4499574116 -25 67.8199297029 34.2995209164 -25.5 68.1173855349 34.4499574116 -25.5 67.8199297029 34.2995209164 -26 68.1173855349 34.4499574116 -26 67.8199297029 34.2995209164 -26.5 68.1173855349 34.4499574116 -26.5 67.8199297029 34.2995209164 -26.9866879591 68.1173855349 34.4499574116 -26.9866879591 68.414841367 34.6003939069 -24 68.414841367 34.6003939069 -24.5 68.414841367 34.6003939069 -25 68.414841367 34.6003939069 -25.5 68.414841367 34.6003939069 -26 68.414841367 34.6003939069 -26.5 68.414841367 34.6003939069 -26.9866879591 68.712297199 34.7508304021 -24 68.712297199 34.7508304021 -24.5 68.712297199 34.7508304021 -25 68.712297199 34.7508304021 -25.5 68.712297199 34.7508304021 -26 68.712297199 34.7508304021 -26.5 68.712297199 34.7508304021 -26.9866879591 69.009753031 34.9012668974 -24 69.009753031 34.9012668974 -24.5 69.009753031 34.9012668974 -25 69.009753031 34.9012668974 -25.5 69.009753031 34.9012668974 -26 69.009753031 34.9012668974 -26.5 69.009753031 34.9012668974 -26.9866879591 69.3072088631 35.0517033926 -24 69.3072088631 35.0517033926 -24.5 69.3072088631 35.0517033926 -25 69.3072088631 35.0517033926 -25.5 69.3072088631 35.0517033926 -26 69.3072088631 35.0517033926 -26.5 69.3072088631 35.0517033926 -26.9866879591 69.6046646951 35.2021398879 -24 69.6046646951 35.2021398879 -24.5 69.6046646951 35.2021398879 -25 69.6046646951 35.2021398879 -25.5 69.6046646951 35.2021398879 -26 69.6046646951 35.2021398879 -26.5 69.6046646951 35.2021398879 -26.9866879591 69.9021205271 35.3525763831 -24 69.9021205271 35.3525763831 -24.5 69.9021205271 35.3525763831 -25 69.9021205271 35.3525763831 -25.5 69.9021205271 35.3525763831 -26 69.9021205271 35.3525763831 -26.5 69.9021205271 35.3525763831 -26.9866879591 70.1995763591 35.5030128784 -24 70.1995763591 35.5030128784 -24.5 70.1995763591 35.5030128784 -25 70.1995763591 35.5030128784 -25.5 70.1995763591 35.5030128784 -26 70.1995763591 35.5030128784 -26.5 70.1995763591 35.5030128784 -26.9866879591 70.4970321912 35.6534493736 -24 70.4970321912 35.6534493736 -24.5 70.4970321912 35.6534493736 -25 70.4970321912 35.6534493736 -25.5 70.4970321912 35.6534493736 -26 70.4970321912 35.6534493736 -26.5 70.4970321912 35.6534493736 -26.9866879591 70.7944880232 35.8038858688 -24 70.7944880232 35.8038858688 -24.5 70.7944880232 35.8038858688 -25 70.7944880232 35.8038858688 -25.5 70.7944880232 35.8038858688 -26 70.7944880232 35.8038858688 -26.5 70.7944880232 35.8038858688 -26.9866879591 71.0919438552 35.9543223641 -24 71.0919438552 35.9543223641 -24.5 71.0919438552 35.9543223641 -25 71.0919438552 35.9543223641 -25.5 71.0919438552 35.9543223641 -26 71.0919438552 35.9543223641 -26.5 71.0919438552 35.9543223641 -26.9866879591 71.3893996873 36.1047588593 -24 71.3893996873 36.1047588593 -24.5 71.3893996873 36.1047588593 -25 71.3893996873 36.1047588593 -25.5 71.3893996873 36.1047588593 -26 71.3893996873 36.1047588593 -26.5 71.3893996873 36.1047588593 -26.9866879591 68.0384035182 33.8640760496 -24.5 68.3368175687 34.0126026989 -24.5 68.0384035182 33.8640760496 -25 68.3368175687 34.0126026989 -25 68.0384035182 33.8640760496 -25.5 68.3368175687 34.0126026989 -25.5 68.0384035182 33.8640760496 -26 68.3368175687 34.0126026989 -26 68.0384035182 33.8640760496 -26.5 68.3368175687 34.0126026989 -26.5 68.0384035182 33.8640760496 -27.0793521328 68.3368175687 34.0126026989 -27.0793521328 68.6352316193 34.1611293483 -24.5 68.6352316193 34.1611293483 -25 68.6352316193 34.1611293483 -25.5 68.6352316193 34.1611293483 -26 68.6352316193 34.1611293483 -26.5 68.6352316193 34.1611293483 -27.0793521328 68.9336456698 34.3096559976 -24.5 68.9336456698 34.3096559976 -25 68.9336456698 34.3096559976 -25.5 68.9336456698 34.3096559976 -26 68.9336456698 34.3096559976 -26.5 68.9336456698 34.3096559976 -27.0793521328 69.2320597203 34.4581826469 -24.5 69.2320597203 34.4581826469 -25 69.2320597203 34.4581826469 -25.5 69.2320597203 34.4581826469 -26 69.2320597203 34.4581826469 -26.5 69.2320597203 34.4581826469 -27.0793521328 69.5304737708 34.6067092963 -24.5 69.5304737708 34.6067092963 -25 69.5304737708 34.6067092963 -25.5 69.5304737708 34.6067092963 -26 69.5304737708 34.6067092963 -26.5 69.5304737708 34.6067092963 -27.0793521328 69.8288878213 34.7552359456 -24.5 69.8288878213 34.7552359456 -25 69.8288878213 34.7552359456 -25.5 69.8288878213 34.7552359456 -26 69.8288878213 34.7552359456 -26.5 69.8288878213 34.7552359456 -27.0793521328 70.1273018719 34.903762595 -24.5 70.1273018719 34.903762595 -25 70.1273018719 34.903762595 -25.5 70.1273018719 34.903762595 -26 70.1273018719 34.903762595 -26.5 70.1273018719 34.903762595 -27.0793521328 70.4257159224 35.0522892443 -24.5 70.4257159224 35.0522892443 -25 70.4257159224 35.0522892443 -25.5 70.4257159224 35.0522892443 -26 70.4257159224 35.0522892443 -26.5 70.4257159224 35.0522892443 -27.0793521328 70.7241299729 35.2008158936 -24.5 70.7241299729 35.2008158936 -25 70.7241299729 35.2008158936 -25.5 70.7241299729 35.2008158936 -26 70.7241299729 35.2008158936 -26.5 70.7241299729 35.2008158936 -27.0793521328 71.0225440234 35.349342543 -24.5 71.0225440234 35.349342543 -25 71.0225440234 35.349342543 -25.5 71.0225440234 35.349342543 -26 71.0225440234 35.349342543 -26.5 71.0225440234 35.349342543 -27.0793521328 71.3209580739 35.4978691923 -24.5 71.3209580739 35.4978691923 -25 71.3209580739 35.4978691923 -25.5 71.3209580739 35.4978691923 -26 71.3209580739 35.4978691923 -26.5 71.3209580739 35.4978691923 -27.0793521328 71.6193721244 35.6463958417 -24.5 71.6193721244 35.6463958417 -25 71.6193721244 35.6463958417 -25.5 71.6193721244 35.6463958417 -26 71.6193721244 35.6463958417 -26.5 71.6193721244 35.6463958417 -27.0793521328 68.2540815507 33.4272396657 -24.5 68.5534415575 33.573850366 -24.5 68.2540815507 33.4272396657 -25 68.5534415575 33.573850366 -25 68.2540815507 33.4272396657 -25.5 68.5534415575 33.573850366 -25.5 68.2540815507 33.4272396657 -26 68.5534415575 33.573850366 -26 68.2540815507 33.4272396657 -26.5 68.5534415575 33.573850366 -26.5 68.2540815507 33.4272396657 -27.1705525391 68.5534415575 33.573850366 -27.1705525391 68.8528015643 33.7204610663 -24.5 68.8528015643 33.7204610663 -25 68.8528015643 33.7204610663 -25.5 68.8528015643 33.7204610663 -26 68.8528015643 33.7204610663 -26.5 68.8528015643 33.7204610663 -27.1705525391 69.1521615711 33.8670717666 -24.5 69.1521615711 33.8670717666 -25 69.1521615711 33.8670717666 -25.5 69.1521615711 33.8670717666 -26 69.1521615711 33.8670717666 -26.5 69.1521615711 33.8670717666 -27.1705525391 69.4515215779 34.0136824668 -24.5 69.4515215779 34.0136824668 -25 69.4515215779 34.0136824668 -25.5 69.4515215779 34.0136824668 -26 69.4515215779 34.0136824668 -26.5 69.4515215779 34.0136824668 -27.1705525391 69.7508815847 34.1602931671 -24.5 69.7508815847 34.1602931671 -25 69.7508815847 34.1602931671 -25.5 69.7508815847 34.1602931671 -26 69.7508815847 34.1602931671 -26.5 69.7508815847 34.1602931671 -27.1705525391 70.0502415915 34.3069038674 -24.5 70.0502415915 34.3069038674 -25 70.0502415915 34.3069038674 -25.5 70.0502415915 34.3069038674 -26 70.0502415915 34.3069038674 -26.5 70.0502415915 34.3069038674 -27.1705525391 70.3496015983 34.4535145677 -24.5 70.3496015983 34.4535145677 -25 70.3496015983 34.4535145677 -25.5 70.3496015983 34.4535145677 -26 70.3496015983 34.4535145677 -26.5 70.3496015983 34.4535145677 -27.1705525391 70.6489616051 34.600125268 -24.5 70.6489616051 34.600125268 -25 70.6489616051 34.600125268 -25.5 70.6489616051 34.600125268 -26 70.6489616051 34.600125268 -26.5 70.6489616051 34.600125268 -27.1705525391 70.9483216119 34.7467359683 -24.5 70.9483216119 34.7467359683 -25 70.9483216119 34.7467359683 -25.5 70.9483216119 34.7467359683 -26 70.9483216119 34.7467359683 -26.5 70.9483216119 34.7467359683 -27.1705525391 71.2476816187 34.8933466686 -24.5 71.2476816187 34.8933466686 -25 71.2476816187 34.8933466686 -25.5 71.2476816187 34.8933466686 -26 71.2476816187 34.8933466686 -26.5 71.2476816187 34.8933466686 -27.1705525391 71.5470416255 35.0399573689 -24.5 71.5470416255 35.0399573689 -25 71.5470416255 35.0399573689 -25.5 71.5470416255 35.0399573689 -26 71.5470416255 35.0399573689 -26.5 71.5470416255 35.0399573689 -27.1705525391 71.8464016323 35.1865680691 -24.5 71.8464016323 35.1865680691 -25 71.8464016323 35.1865680691 -25.5 71.8464016323 35.1865680691 -26 71.8464016323 35.1865680691 -26.5 71.8464016323 35.1865680691 -27.1705525391 68.4669549379 32.9890297148 -24.5 68.7672485999 33.1337184417 -24.5 68.4669549379 32.9890297148 -25 68.7672485999 33.1337184417 -25 68.4669549379 32.9890297148 -25.5 68.7672485999 33.1337184417 -25.5 68.4669549379 32.9890297148 -26 68.7672485999 33.1337184417 -26 68.4669549379 32.9890297148 -26.5 68.7672485999 33.1337184417 -26.5 68.4669549379 32.9890297148 -27 68.7672485999 33.1337184417 -27 68.4669549379 32.9890297148 -27.2602798627 68.7672485999 33.1337184417 -27.2602798627 69.0675422619 33.2784071685 -24.5 69.0675422619 33.2784071685 -25 69.0675422619 33.2784071685 -25.5 69.0675422619 33.2784071685 -26 69.0675422619 33.2784071685 -26.5 69.0675422619 33.2784071685 -27 69.0675422619 33.2784071685 -27.2602798627 69.367835924 33.4230958953 -24.5 69.367835924 33.4230958953 -25 69.367835924 33.4230958953 -25.5 69.367835924 33.4230958953 -26 69.367835924 33.4230958953 -26.5 69.367835924 33.4230958953 -27 69.367835924 33.4230958953 -27.2602798627 69.668129586 33.5677846221 -24.5 69.668129586 33.5677846221 -25 69.668129586 33.5677846221 -25.5 69.668129586 33.5677846221 -26 69.668129586 33.5677846221 -26.5 69.668129586 33.5677846221 -27 69.668129586 33.5677846221 -27.2602798627 69.968423248 33.7124733489 -24.5 69.968423248 33.7124733489 -25 69.968423248 33.7124733489 -25.5 69.968423248 33.7124733489 -26 69.968423248 33.7124733489 -26.5 69.968423248 33.7124733489 -27 69.968423248 33.7124733489 -27.2602798627 70.26871691 33.8571620758 -24.5 70.26871691 33.8571620758 -25 70.26871691 33.8571620758 -25.5 70.26871691 33.8571620758 -26 70.26871691 33.8571620758 -26.5 70.26871691 33.8571620758 -27 70.26871691 33.8571620758 -27.2602798627 70.569010572 34.0018508026 -24.5 70.569010572 34.0018508026 -25 70.569010572 34.0018508026 -25.5 70.569010572 34.0018508026 -26 70.569010572 34.0018508026 -26.5 70.569010572 34.0018508026 -27 70.569010572 34.0018508026 -27.2602798627 70.869304234 34.1465395294 -24.5 70.869304234 34.1465395294 -25 70.869304234 34.1465395294 -25.5 70.869304234 34.1465395294 -26 70.869304234 34.1465395294 -26.5 70.869304234 34.1465395294 -27 70.869304234 34.1465395294 -27.2602798627 71.169597896 34.2912282562 -24.5 71.169597896 34.2912282562 -25 71.169597896 34.2912282562 -25.5 71.169597896 34.2912282562 -26 71.169597896 34.2912282562 -26.5 71.169597896 34.2912282562 -27 71.169597896 34.2912282562 -27.2602798627 71.469891558 34.435916983 -24.5 71.469891558 34.435916983 -25 71.469891558 34.435916983 -25.5 71.469891558 34.435916983 -26 71.469891558 34.435916983 -26.5 71.469891558 34.435916983 -27 71.469891558 34.435916983 -27.2602798627 71.77018522 34.5806057099 -24.5 71.77018522 34.5806057099 -25 71.77018522 34.5806057099 -25.5 71.77018522 34.5806057099 -26 71.77018522 34.5806057099 -26.5 71.77018522 34.5806057099 -27 71.77018522 34.5806057099 -27.2602798627 72.070478882 34.7252944367 -24.5 72.070478882 34.7252944367 -25 72.070478882 34.7252944367 -25.5 72.070478882 34.7252944367 -26 72.070478882 34.7252944367 -26.5 72.070478882 34.7252944367 -27 72.070478882 34.7252944367 -27.2602798627 68.6770149326 32.5494642037 -24.5 68.9782299104 32.6922250116 -24.5 68.6770149326 32.5494642037 -25 68.9782299104 32.6922250116 -25 68.6770149326 32.5494642037 -25.5 68.9782299104 32.6922250116 -25.5 68.6770149326 32.5494642037 -26 68.9782299104 32.6922250116 -26 68.6770149326 32.5494642037 -26.5 68.9782299104 32.6922250116 -26.5 68.6770149326 32.5494642037 -27 68.9782299104 32.6922250116 -27 68.6770149326 32.5494642037 -27.348524788 68.9782299104 32.6922250116 -27.348524788 69.2794448882 32.8349858195 -24.5 69.2794448882 32.8349858195 -25 69.2794448882 32.8349858195 -25.5 69.2794448882 32.8349858195 -26 69.2794448882 32.8349858195 -26.5 69.2794448882 32.8349858195 -27 69.2794448882 32.8349858195 -27.348524788 69.5806598659 32.9777466274 -24.5 69.5806598659 32.9777466274 -25 69.5806598659 32.9777466274 -25.5 69.5806598659 32.9777466274 -26 69.5806598659 32.9777466274 -26.5 69.5806598659 32.9777466274 -27 69.5806598659 32.9777466274 -27.348524788 69.8818748437 33.1205074353 -24.5 69.8818748437 33.1205074353 -25 69.8818748437 33.1205074353 -25.5 69.8818748437 33.1205074353 -26 69.8818748437 33.1205074353 -26.5 69.8818748437 33.1205074353 -27 69.8818748437 33.1205074353 -27.348524788 70.1830898215 33.2632682432 -24.5 70.1830898215 33.2632682432 -25 70.1830898215 33.2632682432 -25.5 70.1830898215 33.2632682432 -26 70.1830898215 33.2632682432 -26.5 70.1830898215 33.2632682432 -27 70.1830898215 33.2632682432 -27.348524788 70.4843047993 33.4060290511 -24.5 70.4843047993 33.4060290511 -25 70.4843047993 33.4060290511 -25.5 70.4843047993 33.4060290511 -26 70.4843047993 33.4060290511 -26.5 70.4843047993 33.4060290511 -27 70.4843047993 33.4060290511 -27.348524788 70.785519777 33.548789859 -24.5 70.785519777 33.548789859 -25 70.785519777 33.548789859 -25.5 70.785519777 33.548789859 -26 70.785519777 33.548789859 -26.5 70.785519777 33.548789859 -27 70.785519777 33.548789859 -27.348524788 71.0867347548 33.6915506669 -24.5 71.0867347548 33.6915506669 -25 71.0867347548 33.6915506669 -25.5 71.0867347548 33.6915506669 -26 71.0867347548 33.6915506669 -26.5 71.0867347548 33.6915506669 -27 71.0867347548 33.6915506669 -27.348524788 71.3879497326 33.8343114749 -24.5 71.3879497326 33.8343114749 -25 71.3879497326 33.8343114749 -25.5 71.3879497326 33.8343114749 -26 71.3879497326 33.8343114749 -26.5 71.3879497326 33.8343114749 -27 71.3879497326 33.8343114749 -27.348524788 71.6891647104 33.9770722828 -24.5 71.6891647104 33.9770722828 -25 71.6891647104 33.9770722828 -25.5 71.6891647104 33.9770722828 -26 71.6891647104 33.9770722828 -26.5 71.6891647104 33.9770722828 -27 71.6891647104 33.9770722828 -27.348524788 71.9903796881 34.1198330907 -24.5 71.9903796881 34.1198330907 -25 71.9903796881 34.1198330907 -25.5 71.9903796881 34.1198330907 -26 71.9903796881 34.1198330907 -26.5 71.9903796881 34.1198330907 -27 71.9903796881 34.1198330907 -27.348524788 72.2915946659 34.2625938986 -24.5 72.2915946659 34.2625938986 -25 72.2915946659 34.2625938986 -25.5 72.2915946659 34.2625938986 -26 72.2915946659 34.2625938986 -26.5 72.2915946659 34.2625938986 -27 72.2915946659 34.2625938986 -27.348524788 68.4511036993 32.4423935977 -25 68.657659966 32.0029409273 -25 68.978666627 32.152569639 -25 68.7711446132 32.5940769561 -25 68.4511036993 32.4423935977 -25.5 68.657659966 32.0029409273 -25.5 68.978666627 32.152569639 -25.5 68.7711446132 32.5940769561 -25.5 68.4511036993 32.4423935977 -26 68.657659966 32.0029409273 -26 68.978666627 32.152569639 -26 68.7711446132 32.5940769561 -26 68.4511036993 32.4423935977 -26.5 68.657659966 32.0029409273 -26.5 68.978666627 32.152569639 -26.5 68.7711446132 32.5940769561 -26.5 68.4511036993 32.4423935977 -27 68.657659966 32.0029409273 -27 68.978666627 32.152569639 -27 68.7711446132 32.5940769561 -27 68.4511036993 32.4423935977 -27.348524788 68.657659966 32.0029409273 -27.4352779996 68.978666627 32.152569639 -27.4352779996 68.7711446132 32.5940769561 -27.348524788 69.299673288 32.3021983507 -25 69.0911855271 32.7457603145 -25 69.299673288 32.3021983507 -25.5 69.0911855271 32.7457603145 -25.5 69.299673288 32.3021983507 -26 69.0911855271 32.7457603145 -26 69.299673288 32.3021983507 -26.5 69.0911855271 32.7457603145 -26.5 69.299673288 32.3021983507 -27 69.0911855271 32.7457603145 -27 69.299673288 32.3021983507 -27.4352779996 69.0911855271 32.7457603145 -27.348524788 69.620679949 32.4518270624 -25 69.4112264409 32.8974436729 -25 69.620679949 32.4518270624 -25.5 69.4112264409 32.8974436729 -25.5 69.620679949 32.4518270624 -26 69.4112264409 32.8974436729 -26 69.620679949 32.4518270624 -26.5 69.4112264409 32.8974436729 -26.5 69.620679949 32.4518270624 -27 69.4112264409 32.8974436729 -27 69.620679949 32.4518270624 -27.4352779996 69.4112264409 32.8974436729 -27.348524788 69.94168661 32.6014557741 -25 69.7312673548 33.0491270313 -25 69.94168661 32.6014557741 -25.5 69.7312673548 33.0491270313 -25.5 69.94168661 32.6014557741 -26 69.7312673548 33.0491270313 -26 69.94168661 32.6014557741 -26.5 69.7312673548 33.0491270313 -26.5 69.94168661 32.6014557741 -27 69.7312673548 33.0491270313 -27 69.94168661 32.6014557741 -27.4352779996 69.7312673548 33.0491270313 -27.348524788 70.262693271 32.7510844858 -25 70.0513082687 33.2008103897 -25 70.262693271 32.7510844858 -25.5 70.0513082687 33.2008103897 -25.5 70.262693271 32.7510844858 -26 70.0513082687 33.2008103897 -26 70.262693271 32.7510844858 -26.5 70.0513082687 33.2008103897 -26.5 70.262693271 32.7510844858 -27 70.0513082687 33.2008103897 -27 70.262693271 32.7510844858 -27.4352779996 70.0513082687 33.2008103897 -27.348524788 70.583699932 32.9007131976 -25 70.3713491826 33.3524937482 -25 70.583699932 32.9007131976 -25.5 70.3713491826 33.3524937482 -25.5 70.583699932 32.9007131976 -26 70.3713491826 33.3524937482 -26 70.583699932 32.9007131976 -26.5 70.3713491826 33.3524937482 -26.5 70.583699932 32.9007131976 -27 70.3713491826 33.3524937482 -27 70.583699932 32.9007131976 -27.4352779996 70.3713491826 33.3524937482 -27.348524788 70.904706593 33.0503419093 -25 70.6913900965 33.5041771066 -25 70.904706593 33.0503419093 -25.5 70.6913900965 33.5041771066 -25.5 70.904706593 33.0503419093 -26 70.6913900965 33.5041771066 -26 70.904706593 33.0503419093 -26.5 70.6913900965 33.5041771066 -26.5 70.904706593 33.0503419093 -27 70.6913900965 33.5041771066 -27 70.904706593 33.0503419093 -27.4352779996 70.6913900965 33.5041771066 -27.348524788 71.225713254 33.199970621 -25 71.0114310104 33.655860465 -25 71.225713254 33.199970621 -25.5 71.0114310104 33.655860465 -25.5 71.225713254 33.199970621 -26 71.0114310104 33.655860465 -26 71.225713254 33.199970621 -26.5 71.0114310104 33.655860465 -26.5 71.225713254 33.199970621 -27 71.0114310104 33.655860465 -27 71.225713254 33.199970621 -27.4352779996 71.0114310104 33.655860465 -27.348524788 71.546719915 33.3495993327 -25 71.3314719243 33.8075438234 -25 71.546719915 33.3495993327 -25.5 71.3314719243 33.8075438234 -25.5 71.546719915 33.3495993327 -26 71.3314719243 33.8075438234 -26 71.546719915 33.3495993327 -26.5 71.3314719243 33.8075438234 -26.5 71.546719915 33.3495993327 -27 71.3314719243 33.8075438234 -27 71.546719915 33.3495993327 -27.4352779996 71.3314719243 33.8075438234 -27.348524788 71.867726576 33.4992280444 -25 71.6515128381 33.9592271818 -25 71.867726576 33.4992280444 -25.5 71.6515128381 33.9592271818 -25.5 71.867726576 33.4992280444 -26 71.6515128381 33.9592271818 -26 71.867726576 33.4992280444 -26.5 71.6515128381 33.9592271818 -26.5 71.867726576 33.4992280444 -27 71.6515128381 33.9592271818 -27 71.867726576 33.4992280444 -27.4352779996 71.6515128381 33.9592271818 -27.348524788 72.188733237 33.6488567561 -25 71.971553752 34.1109105402 -25 72.188733237 33.6488567561 -25.5 71.971553752 34.1109105402 -25.5 72.188733237 33.6488567561 -26 71.971553752 34.1109105402 -26 72.188733237 33.6488567561 -26.5 71.971553752 34.1109105402 -26.5 72.188733237 33.6488567561 -27 71.971553752 34.1109105402 -27 72.188733237 33.6488567561 -27.4352779996 71.971553752 34.1109105402 -27.348524788 72.5097398981 33.7984854678 -25 72.5097398981 33.7984854678 -25.5 72.5097398981 33.7984854678 -26 72.5097398981 33.7984854678 -26.5 72.5097398981 33.7984854678 -27 72.5097398981 33.7984854678 -27.4352779996 68.8613950038 31.5621732162 -25 69.1833542214 31.7097411328 -25 68.8613950038 31.5621732162 -25.5 69.1833542214 31.7097411328 -25.5 68.8613950038 31.5621732162 -26 69.1833542214 31.7097411328 -26 68.8613950038 31.5621732162 -26.5 69.1833542214 31.7097411328 -26.5 68.8613950038 31.5621732162 -27 69.1833542214 31.7097411328 -27 68.8613950038 31.5621732162 -27.5205301821 69.1833542214 31.7097411328 -27.5205301821 69.5053134389 31.8573090493 -25 69.5053134389 31.8573090493 -25.5 69.5053134389 31.8573090493 -26 69.5053134389 31.8573090493 -26.5 69.5053134389 31.8573090493 -27 69.5053134389 31.8573090493 -27.5205301821 69.8272726565 32.0048769659 -25 69.8272726565 32.0048769659 -25.5 69.8272726565 32.0048769659 -26 69.8272726565 32.0048769659 -26.5 69.8272726565 32.0048769659 -27 69.8272726565 32.0048769659 -27.5205301821 70.1492318741 32.1524448825 -25 70.1492318741 32.1524448825 -25.5 70.1492318741 32.1524448825 -26 70.1492318741 32.1524448825 -26.5 70.1492318741 32.1524448825 -27 70.1492318741 32.1524448825 -27.5205301821 70.4711910916 32.3000127991 -25 70.4711910916 32.3000127991 -25.5 70.4711910916 32.3000127991 -26 70.4711910916 32.3000127991 -26.5 70.4711910916 32.3000127991 -27 70.4711910916 32.3000127991 -27.5205301821 70.7931503092 32.4475807156 -25 70.7931503092 32.4475807156 -25.5 70.7931503092 32.4475807156 -26 70.7931503092 32.4475807156 -26.5 70.7931503092 32.4475807156 -27 70.7931503092 32.4475807156 -27.5205301821 71.1151095268 32.5951486322 -25 71.1151095268 32.5951486322 -25.5 71.1151095268 32.5951486322 -26 71.1151095268 32.5951486322 -26.5 71.1151095268 32.5951486322 -27 71.1151095268 32.5951486322 -27.5205301821 71.4370687443 32.7427165488 -25 71.4370687443 32.7427165488 -25.5 71.4370687443 32.7427165488 -26 71.4370687443 32.7427165488 -26.5 71.4370687443 32.7427165488 -27 71.4370687443 32.7427165488 -27.5205301821 71.7590279619 32.8902844654 -25 71.7590279619 32.8902844654 -25.5 71.7590279619 32.8902844654 -26 71.7590279619 32.8902844654 -26.5 71.7590279619 32.8902844654 -27 71.7590279619 32.8902844654 -27.5205301821 72.0809871795 33.0378523819 -25 72.0809871795 33.0378523819 -25.5 72.0809871795 33.0378523819 -26 72.0809871795 33.0378523819 -26.5 72.0809871795 33.0378523819 -27 72.0809871795 33.0378523819 -27.5205301821 72.402946397 33.1854202985 -25 72.402946397 33.1854202985 -25.5 72.402946397 33.1854202985 -26 72.402946397 33.1854202985 -26.5 72.402946397 33.1854202985 -27 72.402946397 33.1854202985 -27.5205301821 72.7249056146 33.3329882151 -25 72.7249056146 33.3329882151 -25.5 72.7249056146 33.3329882151 -26 72.7249056146 33.3329882151 -26.5 72.7249056146 33.3329882151 -27 72.7249056146 33.3329882151 -27.5205301821 69.0623004411 31.120108576 -25 69.3851989855 31.2656096337 -25 69.0623004411 31.120108576 -25.5 69.3851989855 31.2656096337 -25.5 69.0623004411 31.120108576 -26 69.3851989855 31.2656096337 -26 69.0623004411 31.120108576 -26.5 69.3851989855 31.2656096337 -26.5 69.0623004411 31.120108576 -27 69.3851989855 31.2656096337 -27 69.0623004411 31.120108576 -27.6042720199 69.3851989855 31.2656096337 -27.6042720199 69.7080975299 31.4111106914 -25 69.7080975299 31.4111106914 -25.5 69.7080975299 31.4111106914 -26 69.7080975299 31.4111106914 -26.5 69.7080975299 31.4111106914 -27 69.7080975299 31.4111106914 -27.6042720199 70.0309960744 31.5566117491 -25 70.0309960744 31.5566117491 -25.5 70.0309960744 31.5566117491 -26 70.0309960744 31.5566117491 -26.5 70.0309960744 31.5566117491 -27 70.0309960744 31.5566117491 -27.6042720199 70.3538946188 31.7021128068 -25 70.3538946188 31.7021128068 -25.5 70.3538946188 31.7021128068 -26 70.3538946188 31.7021128068 -26.5 70.3538946188 31.7021128068 -27 70.3538946188 31.7021128068 -27.6042720199 70.6767931632 31.8476138645 -25 70.6767931632 31.8476138645 -25.5 70.6767931632 31.8476138645 -26 70.6767931632 31.8476138645 -26.5 70.6767931632 31.8476138645 -27 70.6767931632 31.8476138645 -27.6042720199 70.9996917076 31.9931149222 -25 70.9996917076 31.9931149222 -25.5 70.9996917076 31.9931149222 -26 70.9996917076 31.9931149222 -26.5 70.9996917076 31.9931149222 -27 70.9996917076 31.9931149222 -27.6042720199 71.322590252 32.1386159799 -25 71.322590252 32.1386159799 -25.5 71.322590252 32.1386159799 -26 71.322590252 32.1386159799 -26.5 71.322590252 32.1386159799 -27 71.322590252 32.1386159799 -27.6042720199 71.6454887964 32.2841170376 -25 71.6454887964 32.2841170376 -25.5 71.6454887964 32.2841170376 -26 71.6454887964 32.2841170376 -26.5 71.6454887964 32.2841170376 -27 71.6454887964 32.2841170376 -27.6042720199 71.9683873409 32.4296180953 -25 71.9683873409 32.4296180953 -25.5 71.9683873409 32.4296180953 -26 71.9683873409 32.4296180953 -26.5 71.9683873409 32.4296180953 -27 71.9683873409 32.4296180953 -27.6042720199 72.2912858853 32.575119153 -25 72.2912858853 32.575119153 -25.5 72.2912858853 32.575119153 -26 72.2912858853 32.575119153 -26.5 72.2912858853 32.575119153 -27 72.2912858853 32.575119153 -27.6042720199 72.6141844297 32.7206202107 -25 72.6141844297 32.7206202107 -25.5 72.6141844297 32.7206202107 -26 72.6141844297 32.7206202107 -26.5 72.6141844297 32.7206202107 -27 72.6141844297 32.7206202107 -27.6042720199 72.9370829741 32.8661212684 -25 72.9370829741 32.8661212684 -25.5 72.9370829741 32.8661212684 -26 72.9370829741 32.8661212684 -26.5 72.9370829741 32.8661212684 -27 72.9370829741 32.8661212684 -27.6042720199 68.8343720568 31.017401947 -25.5 69.0317859497 30.5755217223 -25.5 69.3746590587 30.7273868965 -25.5 69.1762646333 31.1714618905 -25.5 68.8343720568 31.017401947 -26 69.0317859497 30.5755217223 -26 69.3746590587 30.7273868965 -26 69.1762646333 31.1714618905 -26 68.8343720568 31.017401947 -26.5 69.0317859497 30.5755217223 -26.5 69.3746590587 30.7273868965 -26.5 69.1762646333 31.1714618905 -26.5 68.8343720568 31.017401947 -27 69.0317859497 30.5755217223 -27 69.3746590587 30.7273868965 -27 69.1762646333 31.1714618905 -27 68.8343720568 31.017401947 -27.6042720199 69.0317859497 30.5755217223 -27.6864941978 69.3746590587 30.7273868965 -27.6864941978 69.1762646333 31.1714618905 -27.6042720199 69.7175321678 30.8792520706 -25.5 69.5181572097 31.3255218339 -25.5 69.7175321678 30.8792520706 -26 69.5181572097 31.3255218339 -26 69.7175321678 30.8792520706 -26.5 69.5181572097 31.3255218339 -26.5 69.7175321678 30.8792520706 -27 69.5181572097 31.3255218339 -27 69.7175321678 30.8792520706 -27.6864941978 69.5181572097 31.3255218339 -27.6042720199 70.0604052768 31.0311172447 -25.5 69.8600497861 31.4795817774 -25.5 70.0604052768 31.0311172447 -26 69.8600497861 31.4795817774 -26 70.0604052768 31.0311172447 -26.5 69.8600497861 31.4795817774 -26.5 70.0604052768 31.0311172447 -27 69.8600497861 31.4795817774 -27 70.0604052768 31.0311172447 -27.6864941978 69.8600497861 31.4795817774 -27.6042720199 70.4032783858 31.1829824188 -25.5 70.2019423626 31.6336417208 -25.5 70.4032783858 31.1829824188 -26 70.2019423626 31.6336417208 -26 70.4032783858 31.1829824188 -26.5 70.2019423626 31.6336417208 -26.5 70.4032783858 31.1829824188 -27 70.2019423626 31.6336417208 -27 70.4032783858 31.1829824188 -27.6864941978 70.2019423626 31.6336417208 -27.6042720199 70.7461514948 31.3348475929 -25.5 70.543834939 31.7877016643 -25.5 70.7461514948 31.3348475929 -26 70.543834939 31.7877016643 -26 70.7461514948 31.3348475929 -26.5 70.543834939 31.7877016643 -26.5 70.7461514948 31.3348475929 -27 70.543834939 31.7877016643 -27 70.7461514948 31.3348475929 -27.6864941978 70.543834939 31.7877016643 -27.6042720199 71.0890246038 31.4867127671 -25.5 70.8857275155 31.9417616077 -25.5 71.0890246038 31.4867127671 -26 70.8857275155 31.9417616077 -26 71.0890246038 31.4867127671 -26.5 70.8857275155 31.9417616077 -26.5 71.0890246038 31.4867127671 -27 70.8857275155 31.9417616077 -27 71.0890246038 31.4867127671 -27.6864941978 70.8857275155 31.9417616077 -27.6042720199 71.4318977129 31.6385779412 -25.5 71.2276200919 32.0958215512 -25.5 71.4318977129 31.6385779412 -26 71.2276200919 32.0958215512 -26 71.4318977129 31.6385779412 -26.5 71.2276200919 32.0958215512 -26.5 71.4318977129 31.6385779412 -27 71.2276200919 32.0958215512 -27 71.4318977129 31.6385779412 -27.6864941978 71.2276200919 32.0958215512 -27.6042720199 71.7747708219 31.7904431153 -25.5 71.5695126683 32.2498814946 -25.5 71.7747708219 31.7904431153 -26 71.5695126683 32.2498814946 -26 71.7747708219 31.7904431153 -26.5 71.5695126683 32.2498814946 -26.5 71.7747708219 31.7904431153 -27 71.5695126683 32.2498814946 -27 71.7747708219 31.7904431153 -27.6864941978 71.5695126683 32.2498814946 -27.6042720199 72.1176439309 31.9423082894 -25.5 71.9114052448 32.403941438 -25.5 72.1176439309 31.9423082894 -26 71.9114052448 32.403941438 -26 72.1176439309 31.9423082894 -26.5 71.9114052448 32.403941438 -26.5 72.1176439309 31.9423082894 -27 71.9114052448 32.403941438 -27 72.1176439309 31.9423082894 -27.6864941978 71.9114052448 32.403941438 -27.6042720199 72.4605170399 32.0941734635 -25.5 72.2532978212 32.5580013815 -25.5 72.4605170399 32.0941734635 -26 72.2532978212 32.5580013815 -26 72.4605170399 32.0941734635 -26.5 72.2532978212 32.5580013815 -26.5 72.4605170399 32.0941734635 -27 72.2532978212 32.5580013815 -27 72.4605170399 32.0941734635 -27.6864941978 72.2532978212 32.5580013815 -27.6042720199 72.8033901489 32.2460386376 -25.5 72.5951903977 32.7120613249 -25.5 72.8033901489 32.2460386376 -26 72.5951903977 32.7120613249 -26 72.8033901489 32.2460386376 -26.5 72.5951903977 32.7120613249 -26.5 72.8033901489 32.2460386376 -27 72.5951903977 32.7120613249 -27 72.8033901489 32.2460386376 -27.6864941978 72.5951903977 32.7120613249 -27.6042720199 73.146263258 32.3979038118 -25.5 73.146263258 32.3979038118 -26 73.146263258 32.3979038118 -26.5 73.146263258 32.3979038118 -27 73.146263258 32.3979038118 -27.6864941978 69.2263632405 30.1323851114 -25.5 69.570202793 30.2820492758 -25.5 69.2263632405 30.1323851114 -26 69.570202793 30.2820492758 -26 69.2263632405 30.1323851114 -26.5 69.570202793 30.2820492758 -26.5 69.2263632405 30.1323851114 -27 69.570202793 30.2820492758 -27 69.2263632405 30.1323851114 -27.5 69.570202793 30.2820492758 -27.5 69.2263632405 30.1323851114 -27.7671874002 69.570202793 30.2820492758 -27.7671874002 69.9140423455 30.4317134403 -25.5 69.9140423455 30.4317134403 -26 69.9140423455 30.4317134403 -26.5 69.9140423455 30.4317134403 -27 69.9140423455 30.4317134403 -27.5 69.9140423455 30.4317134403 -27.7671874002 70.257881898 30.5813776047 -25.5 70.257881898 30.5813776047 -26 70.257881898 30.5813776047 -26.5 70.257881898 30.5813776047 -27 70.257881898 30.5813776047 -27.5 70.257881898 30.5813776047 -27.7671874002 70.6017214505 30.7310417692 -25.5 70.6017214505 30.7310417692 -26 70.6017214505 30.7310417692 -26.5 70.6017214505 30.7310417692 -27 70.6017214505 30.7310417692 -27.5 70.6017214505 30.7310417692 -27.7671874002 70.9455610031 30.8807059337 -25.5 70.9455610031 30.8807059337 -26 70.9455610031 30.8807059337 -26.5 70.9455610031 30.8807059337 -27 70.9455610031 30.8807059337 -27.5 70.9455610031 30.8807059337 -27.7671874002 71.2894005556 31.0303700981 -25.5 71.2894005556 31.0303700981 -26 71.2894005556 31.0303700981 -26.5 71.2894005556 31.0303700981 -27 71.2894005556 31.0303700981 -27.5 71.2894005556 31.0303700981 -27.7671874002 71.6332401081 31.1800342626 -25.5 71.6332401081 31.1800342626 -26 71.6332401081 31.1800342626 -26.5 71.6332401081 31.1800342626 -27 71.6332401081 31.1800342626 -27.5 71.6332401081 31.1800342626 -27.7671874002 71.9770796606 31.329698427 -25.5 71.9770796606 31.329698427 -26 71.9770796606 31.329698427 -26.5 71.9770796606 31.329698427 -27 71.9770796606 31.329698427 -27.5 71.9770796606 31.329698427 -27.7671874002 72.3209192131 31.4793625915 -25.5 72.3209192131 31.4793625915 -26 72.3209192131 31.4793625915 -26.5 72.3209192131 31.4793625915 -27 72.3209192131 31.4793625915 -27.5 72.3209192131 31.4793625915 -27.7671874002 72.6647587657 31.629026756 -25.5 72.6647587657 31.629026756 -26 72.6647587657 31.629026756 -26.5 72.6647587657 31.629026756 -27 72.6647587657 31.629026756 -27.5 72.6647587657 31.629026756 -27.7671874002 73.0085983182 31.7786909204 -25.5 73.0085983182 31.7786909204 -26 73.0085983182 31.7786909204 -26.5 73.0085983182 31.7786909204 -27 73.0085983182 31.7786909204 -27.5 73.0085983182 31.7786909204 -27.7671874002 73.3524378707 31.9283550849 -25.5 73.3524378707 31.9283550849 -26 73.3524378707 31.9283550849 -26.5 73.3524378707 31.9283550849 -27 73.3524378707 31.9283550849 -27.5 73.3524378707 31.9283550849 -27.7671874002 69.4180959337 29.6880103231 -25.5 69.7628878009 29.835467328 -25.5 69.4180959337 29.6880103231 -26 69.7628878009 29.835467328 -26 69.4180959337 29.6880103231 -26.5 69.7628878009 29.835467328 -26.5 69.4180959337 29.6880103231 -27 69.7628878009 29.835467328 -27 69.4180959337 29.6880103231 -27.5 69.7628878009 29.835467328 -27.5 69.4180959337 29.6880103231 -27.8463423117 69.7628878009 29.835467328 -27.8463423117 70.1076796681 29.9829243329 -25.5 70.1076796681 29.9829243329 -26 70.1076796681 29.9829243329 -26.5 70.1076796681 29.9829243329 -27 70.1076796681 29.9829243329 -27.5 70.1076796681 29.9829243329 -27.8463423117 70.4524715353 30.1303813379 -25.5 70.4524715353 30.1303813379 -26 70.4524715353 30.1303813379 -26.5 70.4524715353 30.1303813379 -27 70.4524715353 30.1303813379 -27.5 70.4524715353 30.1303813379 -27.8463423117 70.7972634025 30.2778383428 -25.5 70.7972634025 30.2778383428 -26 70.7972634025 30.2778383428 -26.5 70.7972634025 30.2778383428 -27 70.7972634025 30.2778383428 -27.5 70.7972634025 30.2778383428 -27.8463423117 71.1420552698 30.4252953477 -25.5 71.1420552698 30.4252953477 -26 71.1420552698 30.4252953477 -26.5 71.1420552698 30.4252953477 -27 71.1420552698 30.4252953477 -27.5 71.1420552698 30.4252953477 -27.8463423117 71.486847137 30.5727523526 -25.5 71.486847137 30.5727523526 -26 71.486847137 30.5727523526 -26.5 71.486847137 30.5727523526 -27 71.486847137 30.5727523526 -27.5 71.486847137 30.5727523526 -27.8463423117 71.8316390042 30.7202093575 -25.5 71.8316390042 30.7202093575 -26 71.8316390042 30.7202093575 -26.5 71.8316390042 30.7202093575 -27 71.8316390042 30.7202093575 -27.5 71.8316390042 30.7202093575 -27.8463423117 72.1764308714 30.8676663624 -25.5 72.1764308714 30.8676663624 -26 72.1764308714 30.8676663624 -26.5 72.1764308714 30.8676663624 -27 72.1764308714 30.8676663624 -27.5 72.1764308714 30.8676663624 -27.8463423117 72.5212227386 31.0151233674 -25.5 72.5212227386 31.0151233674 -26 72.5212227386 31.0151233674 -26.5 72.5212227386 31.0151233674 -27 72.5212227386 31.0151233674 -27.5 72.5212227386 31.0151233674 -27.8463423117 72.8660146059 31.1625803723 -25.5 72.8660146059 31.1625803723 -26 72.8660146059 31.1625803723 -26.5 72.8660146059 31.1625803723 -27 72.8660146059 31.1625803723 -27.5 72.8660146059 31.1625803723 -27.8463423117 73.2108064731 31.3100373772 -25.5 73.2108064731 31.3100373772 -26 73.2108064731 31.3100373772 -26.5 73.2108064731 31.3100373772 -27 73.2108064731 31.3100373772 -27.5 73.2108064731 31.3100373772 -27.8463423117 73.5555983403 31.4574943821 -25.5 73.5555983403 31.4574943821 -26 73.5555983403 31.4574943821 -26.5 73.5555983403 31.4574943821 -27 73.5555983403 31.4574943821 -27.5 73.5555983403 31.4574943821 -27.8463423117 69.6069761508 29.2424156175 -25.5 69.9527061648 29.3876594037 -25.5 69.6069761508 29.2424156175 -26 69.9527061648 29.3876594037 -26 69.6069761508 29.2424156175 -26.5 69.9527061648 29.3876594037 -26.5 69.6069761508 29.2424156175 -27 69.9527061648 29.3876594037 -27 69.6069761508 29.2424156175 -27.5 69.9527061648 29.3876594037 -27.5 69.6069761508 29.2424156175 -27.9239496167 69.9527061648 29.3876594037 -27.9239496167 70.2984361787 29.5329031899 -25.5 70.2984361787 29.5329031899 -26 70.2984361787 29.5329031899 -26.5 70.2984361787 29.5329031899 -27 70.2984361787 29.5329031899 -27.5 70.2984361787 29.5329031899 -27.9239496167 70.6441661927 29.6781469761 -25.5 70.6441661927 29.6781469761 -26 70.6441661927 29.6781469761 -26.5 70.6441661927 29.6781469761 -27 70.6441661927 29.6781469761 -27.5 70.6441661927 29.6781469761 -27.9239496167 70.9898962067 29.8233907622 -25.5 70.9898962067 29.8233907622 -26 70.9898962067 29.8233907622 -26.5 70.9898962067 29.8233907622 -27 70.9898962067 29.8233907622 -27.5 70.9898962067 29.8233907622 -27.9239496167 71.3356262207 29.9686345484 -25.5 71.3356262207 29.9686345484 -26 71.3356262207 29.9686345484 -26.5 71.3356262207 29.9686345484 -27 71.3356262207 29.9686345484 -27.5 71.3356262207 29.9686345484 -27.9239496167 71.6813562347 30.1138783346 -25.5 71.6813562347 30.1138783346 -26 71.6813562347 30.1138783346 -26.5 71.6813562347 30.1138783346 -27 71.6813562347 30.1138783346 -27.5 71.6813562347 30.1138783346 -27.9239496167 72.0270862487 30.2591221208 -25.5 72.0270862487 30.2591221208 -26 72.0270862487 30.2591221208 -26.5 72.0270862487 30.2591221208 -27 72.0270862487 30.2591221208 -27.5 72.0270862487 30.2591221208 -27.9239496167 72.3728162627 30.404365907 -25.5 72.3728162627 30.404365907 -26 72.3728162627 30.404365907 -26.5 72.3728162627 30.404365907 -27 72.3728162627 30.404365907 -27.5 72.3728162627 30.404365907 -27.9239496167 72.7185462767 30.5496096931 -25.5 72.7185462767 30.5496096931 -26 72.7185462767 30.5496096931 -26.5 72.7185462767 30.5496096931 -27 72.7185462767 30.5496096931 -27.5 72.7185462767 30.5496096931 -27.9239496167 73.0642762907 30.6948534793 -25.5 73.0642762907 30.6948534793 -26 73.0642762907 30.6948534793 -26.5 73.0642762907 30.6948534793 -27 73.0642762907 30.6948534793 -27.5 73.0642762907 30.6948534793 -27.9239496167 73.4100063047 30.8400972655 -25.5 73.4100063047 30.8400972655 -26 73.4100063047 30.8400972655 -26.5 73.4100063047 30.8400972655 -27 73.4100063047 30.8400972655 -27.5 73.4100063047 30.8400972655 -27.9239496167 73.7557363187 30.9853410517 -25.5 73.7557363187 30.9853410517 -26 73.7557363187 30.9853410517 -26.5 73.7557363187 30.9853410517 -27 73.7557363187 30.9853410517 -27.5 73.7557363187 30.9853410517 -27.9239496167 69.3764894748 29.1455864267 -26 69.5618934943 28.7002695718 -26 69.9278060016 28.8512399821 -26 69.7414267118 29.2988993121 -26 69.3764894748 29.1455864267 -26.5 69.5618934943 28.7002695718 -26.5 69.9278060016 28.8512399821 -26.5 69.7414267118 29.2988993121 -26.5 69.3764894748 29.1455864267 -27 69.5618934943 28.7002695718 -27 69.9278060016 28.8512399821 -27 69.7414267118 29.2988993121 -27 69.3764894748 29.1455864267 -27.5 69.5618934943 28.7002695718 -27.5 69.9278060016 28.8512399821 -27.5 69.7414267118 29.2988993121 -27.5 69.3764894748 29.1455864267 -27.9239496167 69.5618934943 28.7002695718 -28 69.9278060016 28.8512399821 -28 69.7414267118 29.2988993121 -27.9239496167 70.2937185089 29.0022103923 -26 70.1063639488 29.4522121976 -26 70.2937185089 29.0022103923 -26.5 70.1063639488 29.4522121976 -26.5 70.2937185089 29.0022103923 -27 70.1063639488 29.4522121976 -27 70.2937185089 29.0022103923 -27.5 70.1063639488 29.4522121976 -27.5 70.2937185089 29.0022103923 -28 70.1063639488 29.4522121976 -27.9239496167 70.6596310162 29.1531808026 -26 70.4713011857 29.605525083 -26 70.6596310162 29.1531808026 -26.5 70.4713011857 29.605525083 -26.5 70.6596310162 29.1531808026 -27 70.4713011857 29.605525083 -27 70.6596310162 29.1531808026 -27.5 70.4713011857 29.605525083 -27.5 70.6596310162 29.1531808026 -28 70.4713011857 29.605525083 -27.9239496167 71.0255435235 29.3041512129 -26 70.8362384227 29.7588379684 -26 71.0255435235 29.3041512129 -26.5 70.8362384227 29.7588379684 -26.5 71.0255435235 29.3041512129 -27 70.8362384227 29.7588379684 -27 71.0255435235 29.3041512129 -27.5 70.8362384227 29.7588379684 -27.5 71.0255435235 29.3041512129 -28 70.8362384227 29.7588379684 -27.9239496167 71.3914560308 29.4551216231 -26 71.2011756597 29.9121508538 -26 71.3914560308 29.4551216231 -26.5 71.2011756597 29.9121508538 -26.5 71.3914560308 29.4551216231 -27 71.2011756597 29.9121508538 -27 71.3914560308 29.4551216231 -27.5 71.2011756597 29.9121508538 -27.5 71.3914560308 29.4551216231 -28 71.2011756597 29.9121508538 -27.9239496167 71.7573685381 29.6060920334 -26 71.5661128967 30.0654637392 -26 71.7573685381 29.6060920334 -26.5 71.5661128967 30.0654637392 -26.5 71.7573685381 29.6060920334 -27 71.5661128967 30.0654637392 -27 71.7573685381 29.6060920334 -27.5 71.5661128967 30.0654637392 -27.5 71.7573685381 29.6060920334 -28 71.5661128967 30.0654637392 -27.9239496167 72.1232810454 29.7570624436 -26 71.9310501337 30.2187766246 -26 72.1232810454 29.7570624436 -26.5 71.9310501337 30.2187766246 -26.5 72.1232810454 29.7570624436 -27 71.9310501337 30.2187766246 -27 72.1232810454 29.7570624436 -27.5 71.9310501337 30.2187766246 -27.5 72.1232810454 29.7570624436 -28 71.9310501337 30.2187766246 -27.9239496167 72.4891935527 29.9080328539 -26 72.2959873707 30.37208951 -26 72.4891935527 29.9080328539 -26.5 72.2959873707 30.37208951 -26.5 72.4891935527 29.9080328539 -27 72.2959873707 30.37208951 -27 72.4891935527 29.9080328539 -27.5 72.2959873707 30.37208951 -27.5 72.4891935527 29.9080328539 -28 72.2959873707 30.37208951 -27.9239496167 72.85510606 30.0590032642 -26 72.6609246077 30.5254023954 -26 72.85510606 30.0590032642 -26.5 72.6609246077 30.5254023954 -26.5 72.85510606 30.0590032642 -27 72.6609246077 30.5254023954 -27 72.85510606 30.0590032642 -27.5 72.6609246077 30.5254023954 -27.5 72.85510606 30.0590032642 -28 72.6609246077 30.5254023954 -27.9239496167 73.2210185673 30.2099736744 -26 73.0258618447 30.6787152808 -26 73.2210185673 30.2099736744 -26.5 73.0258618447 30.6787152808 -26.5 73.2210185673 30.2099736744 -27 73.0258618447 30.6787152808 -27 73.2210185673 30.2099736744 -27.5 73.0258618447 30.6787152808 -27.5 73.2210185673 30.2099736744 -28 73.0258618447 30.6787152808 -27.9239496167 73.5869310746 30.3609440847 -26 73.3907990817 30.8320281663 -26 73.5869310746 30.3609440847 -26.5 73.3907990817 30.8320281663 -26.5 73.5869310746 30.3609440847 -27 73.3907990817 30.8320281663 -27 73.5869310746 30.3609440847 -27.5 73.3907990817 30.8320281663 -27.5 73.5869310746 30.3609440847 -28 73.3907990817 30.8320281663 -27.9239496167 73.9528435819 30.5119144949 -26 73.9528435819 30.5119144949 -26.5 73.9528435819 30.5119144949 -27 73.9528435819 30.5119144949 -27.5 73.9528435819 30.5119144949 -28 69.7444391288 28.253773387 -26 70.1113118706 28.4023951186 -26 69.7444391288 28.253773387 -26.5 70.1113118706 28.4023951186 -26.5 69.7444391288 28.253773387 -27 70.1113118706 28.4023951186 -27 69.7444391288 28.253773387 -27.5 70.1113118706 28.4023951186 -27.5 69.7444391288 28.253773387 -28.0760542502 70.1113118706 28.4023951186 -28.0760542502 70.4781846125 28.5510168501 -26 70.4781846125 28.5510168501 -26.5 70.4781846125 28.5510168501 -27 70.4781846125 28.5510168501 -27.5 70.4781846125 28.5510168501 -28.0760542502 70.8450573543 28.6996385817 -26 70.8450573543 28.6996385817 -26.5 70.8450573543 28.6996385817 -27 70.8450573543 28.6996385817 -27.5 70.8450573543 28.6996385817 -28.0760542502 71.2119300961 28.8482603132 -26 71.2119300961 28.8482603132 -26.5 71.2119300961 28.8482603132 -27 71.2119300961 28.8482603132 -27.5 71.2119300961 28.8482603132 -28.0760542502 71.5788028379 28.9968820448 -26 71.5788028379 28.9968820448 -26.5 71.5788028379 28.9968820448 -27 71.5788028379 28.9968820448 -27.5 71.5788028379 28.9968820448 -28.0760542502 71.9456755797 29.1455037763 -26 71.9456755797 29.1455037763 -26.5 71.9456755797 29.1455037763 -27 71.9456755797 29.1455037763 -27.5 71.9456755797 29.1455037763 -28.0760542502 72.3125483216 29.2941255079 -26 72.3125483216 29.2941255079 -26.5 72.3125483216 29.2941255079 -27 72.3125483216 29.2941255079 -27.5 72.3125483216 29.2941255079 -28.0760542502 72.6794210634 29.4427472394 -26 72.6794210634 29.4427472394 -26.5 72.6794210634 29.4427472394 -27 72.6794210634 29.4427472394 -27.5 72.6794210634 29.4427472394 -28.0760542502 73.0462938052 29.591368971 -26 73.0462938052 29.591368971 -26.5 73.0462938052 29.591368971 -27 73.0462938052 29.591368971 -27.5 73.0462938052 29.591368971 -28.0760542502 73.413166547 29.7399907025 -26 73.413166547 29.7399907025 -26.5 73.413166547 29.7399907025 -27 73.413166547 29.7399907025 -27.5 73.413166547 29.7399907025 -28.0760542502 73.7800392888 29.8886124341 -26 73.7800392888 29.8886124341 -26.5 73.7800392888 29.8886124341 -27 73.7800392888 29.8886124341 -27.5 73.7800392888 29.8886124341 -28.0760542502 74.1469120306 30.0372341656 -26 74.1469120306 30.0372341656 -26.5 74.1469120306 30.0372341656 -27 74.1469120306 30.0372341656 -27.5 74.1469120306 30.0372341656 -28.0760542502 69.9241188775 27.8061162195 -26 70.2919367785 27.9523831653 -26 69.9241188775 27.8061162195 -26.5 70.2919367785 27.9523831653 -26.5 69.9241188775 27.8061162195 -27 70.2919367785 27.9523831653 -27 69.9241188775 27.8061162195 -27.5 70.2919367785 27.9523831653 -27.5 69.9241188775 27.8061162195 -28.1532368689 70.2919367785 27.9523831653 -28.1532368689 70.6597546796 28.0986501111 -26 70.6597546796 28.0986501111 -26.5 70.6597546796 28.0986501111 -27 70.6597546796 28.0986501111 -27.5 70.6597546796 28.0986501111 -28.1532368689 71.0275725807 28.2449170568 -26 71.0275725807 28.2449170568 -26.5 71.0275725807 28.2449170568 -27 71.0275725807 28.2449170568 -27.5 71.0275725807 28.2449170568 -28.1532368689 71.3953904817 28.3911840026 -26 71.3953904817 28.3911840026 -26.5 71.3953904817 28.3911840026 -27 71.3953904817 28.3911840026 -27.5 71.3953904817 28.3911840026 -28.1532368689 71.7632083828 28.5374509484 -26 71.7632083828 28.5374509484 -26.5 71.7632083828 28.5374509484 -27 71.7632083828 28.5374509484 -27.5 71.7632083828 28.5374509484 -28.1532368689 72.1310262839 28.6837178942 -26 72.1310262839 28.6837178942 -26.5 72.1310262839 28.6837178942 -27 72.1310262839 28.6837178942 -27.5 72.1310262839 28.6837178942 -28.1532368689 72.498844185 28.82998484 -26 72.498844185 28.82998484 -26.5 72.498844185 28.82998484 -27 72.498844185 28.82998484 -27.5 72.498844185 28.82998484 -28.1532368689 72.866662086 28.9762517858 -26 72.866662086 28.9762517858 -26.5 72.866662086 28.9762517858 -27 72.866662086 28.9762517858 -27.5 72.866662086 28.9762517858 -28.1532368689 73.2344799871 29.1225187315 -26 73.2344799871 29.1225187315 -26.5 73.2344799871 29.1225187315 -27 73.2344799871 29.1225187315 -27.5 73.2344799871 29.1225187315 -28.1532368689 73.6022978882 29.2687856773 -26 73.6022978882 29.2687856773 -26.5 73.6022978882 29.2687856773 -27 73.6022978882 29.2687856773 -27.5 73.6022978882 29.2687856773 -28.1532368689 73.9701157892 29.4150526231 -26 73.9701157892 29.4150526231 -26.5 73.9701157892 29.4150526231 -27 73.9701157892 29.4150526231 -27.5 73.9701157892 29.4150526231 -28.1532368689 74.3379336903 29.5613195689 -26 74.3379336903 29.5613195689 -26.5 74.3379336903 29.5613195689 -27 74.3379336903 29.5613195689 -27.5 74.3379336903 29.5613195689 -28.1532368689 69.6918128347 27.7137370958 -26.5 69.8680319171 27.2664283694 -26.5 70.25618765 27.417908527 -26.5 70.0789895726 27.8677023019 -26.5 69.6918128347 27.7137370958 -27 69.8680319171 27.2664283694 -27 70.25618765 27.417908527 -27 70.0789895726 27.8677023019 -27 69.6918128347 27.7137370958 -27.5 69.8680319171 27.2664283694 -27.5 70.25618765 27.417908527 -27.5 70.0789895726 27.8677023019 -27.5 69.6918128347 27.7137370958 -28.1532368689 69.8680319171 27.2664283694 -28.2308841099 70.25618765 27.417908527 -28.2308841099 70.0789895726 27.8677023019 -28.1532368689 70.6443433829 27.5693886846 -26.5 70.4661663106 28.021667508 -26.5 70.6443433829 27.5693886846 -27 70.4661663106 28.021667508 -27 70.6443433829 27.5693886846 -27.5 70.4661663106 28.021667508 -27.5 70.6443433829 27.5693886846 -28.2308841099 70.4661663106 28.021667508 -28.1532368689 71.0324991158 27.7208688422 -26.5 70.8533430486 28.1756327141 -26.5 71.0324991158 27.7208688422 -27 70.8533430486 28.1756327141 -27 71.0324991158 27.7208688422 -27.5 70.8533430486 28.1756327141 -27.5 71.0324991158 27.7208688422 -28.2308841099 70.8533430486 28.1756327141 -28.1532368689 71.4206548486 27.8723489998 -26.5 71.2405197866 28.3295979202 -26.5 71.4206548486 27.8723489998 -27 71.2405197866 28.3295979202 -27 71.4206548486 27.8723489998 -27.5 71.2405197866 28.3295979202 -27.5 71.4206548486 27.8723489998 -28.2308841099 71.2405197866 28.3295979202 -28.1532368689 71.8088105815 28.0238291574 -26.5 71.6276965245 28.4835631263 -26.5 71.8088105815 28.0238291574 -27 71.6276965245 28.4835631263 -27 71.8088105815 28.0238291574 -27.5 71.6276965245 28.4835631263 -27.5 71.8088105815 28.0238291574 -28.2308841099 71.6276965245 28.4835631263 -28.1532368689 72.1969663144 28.1753093151 -26.5 72.0148732625 28.6375283324 -26.5 72.1969663144 28.1753093151 -27 72.0148732625 28.6375283324 -27 72.1969663144 28.1753093151 -27.5 72.0148732625 28.6375283324 -27.5 72.1969663144 28.1753093151 -28.2308841099 72.0148732625 28.6375283324 -28.1532368689 72.5851220473 28.3267894727 -26.5 72.4020500005 28.7914935385 -26.5 72.5851220473 28.3267894727 -27 72.4020500005 28.7914935385 -27 72.5851220473 28.3267894727 -27.5 72.4020500005 28.7914935385 -27.5 72.5851220473 28.3267894727 -28.2308841099 72.4020500005 28.7914935385 -28.1532368689 72.9732777801 28.4782696303 -26.5 72.7892267384 28.9454587445 -26.5 72.9732777801 28.4782696303 -27 72.7892267384 28.9454587445 -27 72.9732777801 28.4782696303 -27.5 72.7892267384 28.9454587445 -27.5 72.9732777801 28.4782696303 -28.2308841099 72.7892267384 28.9454587445 -28.1532368689 73.361433513 28.6297497879 -26.5 73.1764034764 29.0994239506 -26.5 73.361433513 28.6297497879 -27 73.1764034764 29.0994239506 -27 73.361433513 28.6297497879 -27.5 73.1764034764 29.0994239506 -27.5 73.361433513 28.6297497879 -28.2308841099 73.1764034764 29.0994239506 -28.1532368689 73.7495892459 28.7812299455 -26.5 73.5635802144 29.2533891567 -26.5 73.7495892459 28.7812299455 -27 73.5635802144 29.2533891567 -27 73.7495892459 28.7812299455 -27.5 73.5635802144 29.2533891567 -27.5 73.7495892459 28.7812299455 -28.2308841099 73.5635802144 29.2533891567 -28.1532368689 74.1377449788 28.9327101031 -26.5 73.9507569523 29.4073543628 -26.5 74.1377449788 28.9327101031 -27 73.9507569523 29.4073543628 -27 74.1377449788 28.9327101031 -27.5 73.9507569523 29.4073543628 -27.5 74.1377449788 28.9327101031 -28.2308841099 73.9507569523 29.4073543628 -28.1532368689 74.5259007116 29.0841902607 -26.5 74.5259007116 29.0841902607 -27 74.5259007116 29.0841902607 -27.5 74.5259007116 29.0841902607 -28.2308841099 70.0413800351 26.8179992315 -26.5 70.4304988131 26.9669881161 -26.5 70.0413800351 26.8179992315 -27 70.4304988131 26.9669881161 -27 70.0413800351 26.8179992315 -27.5 70.4304988131 26.9669881161 -27.5 70.0413800351 26.8179992315 -28 70.4304988131 26.9669881161 -28 70.0413800351 26.8179992315 -28.3083322271 70.4304988131 26.9669881161 -28.3083322271 70.8196175911 27.1159770007 -26.5 70.8196175911 27.1159770007 -27 70.8196175911 27.1159770007 -27.5 70.8196175911 27.1159770007 -28 70.8196175911 27.1159770007 -28.3083322271 71.208736369 27.2649658853 -26.5 71.208736369 27.2649658853 -27 71.208736369 27.2649658853 -27.5 71.208736369 27.2649658853 -28 71.208736369 27.2649658853 -28.3083322271 71.597855147 27.4139547699 -26.5 71.597855147 27.4139547699 -27 71.597855147 27.4139547699 -27.5 71.597855147 27.4139547699 -28 71.597855147 27.4139547699 -28.3083322271 71.986973925 27.5629436545 -26.5 71.986973925 27.5629436545 -27 71.986973925 27.5629436545 -27.5 71.986973925 27.5629436545 -28 71.986973925 27.5629436545 -28.3083322271 72.3760927029 27.7119325392 -26.5 72.3760927029 27.7119325392 -27 72.3760927029 27.7119325392 -27.5 72.3760927029 27.7119325392 -28 72.3760927029 27.7119325392 -28.3083322271 72.7652114809 27.8609214238 -26.5 72.7652114809 27.8609214238 -27 72.7652114809 27.8609214238 -27.5 72.7652114809 27.8609214238 -28 72.7652114809 27.8609214238 -28.3083322271 73.1543302589 28.0099103084 -26.5 73.1543302589 28.0099103084 -27 73.1543302589 28.0099103084 -27.5 73.1543302589 28.0099103084 -28 73.1543302589 28.0099103084 -28.3083322271 73.5434490369 28.158899193 -26.5 73.5434490369 28.158899193 -27 73.5434490369 28.158899193 -27.5 73.5434490369 28.158899193 -28 73.5434490369 28.158899193 -28.3083322271 73.9325678148 28.3078880776 -26.5 73.9325678148 28.3078880776 -27 73.9325678148 28.3078880776 -27.5 73.9325678148 28.3078880776 -28 73.9325678148 28.3078880776 -28.3083322271 74.3216865928 28.4568769623 -26.5 74.3216865928 28.4568769623 -27 74.3216865928 28.4568769623 -27.5 74.3216865928 28.4568769623 -28 74.3216865928 28.4568769623 -28.3083322271 74.7108053708 28.6058658469 -26.5 74.7108053708 28.6058658469 -27 74.7108053708 28.6058658469 -27.5 74.7108053708 28.6058658469 -28 74.7108053708 28.6058658469 -28.3083322271 70.2118500654 26.3684681085 -26.5 70.6019158991 26.514959598 -26.5 70.2118500654 26.3684681085 -27 70.6019158991 26.514959598 -27 70.2118500654 26.3684681085 -27.5 70.6019158991 26.514959598 -27.5 70.2118500654 26.3684681085 -28 70.6019158991 26.514959598 -28 70.2118500654 26.3684681085 -28.3849174742 70.6019158991 26.514959598 -28.3849174742 70.9919817328 26.6614510875 -26.5 70.9919817328 26.6614510875 -27 70.9919817328 26.6614510875 -27.5 70.9919817328 26.6614510875 -28 70.9919817328 26.6614510875 -28.3849174742 71.3820475665 26.8079425769 -26.5 71.3820475665 26.8079425769 -27 71.3820475665 26.8079425769 -27.5 71.3820475665 26.8079425769 -28 71.3820475665 26.8079425769 -28.3849174742 71.7721134002 26.9544340664 -26.5 71.7721134002 26.9544340664 -27 71.7721134002 26.9544340664 -27.5 71.7721134002 26.9544340664 -28 71.7721134002 26.9544340664 -28.3849174742 72.1621792339 27.1009255559 -26.5 72.1621792339 27.1009255559 -27 72.1621792339 27.1009255559 -27.5 72.1621792339 27.1009255559 -28 72.1621792339 27.1009255559 -28.3849174742 72.5522450676 27.2474170454 -26.5 72.5522450676 27.2474170454 -27 72.5522450676 27.2474170454 -27.5 72.5522450676 27.2474170454 -28 72.5522450676 27.2474170454 -28.3849174742 72.9423109013 27.3939085349 -26.5 72.9423109013 27.3939085349 -27 72.9423109013 27.3939085349 -27.5 72.9423109013 27.3939085349 -28 72.9423109013 27.3939085349 -28.3849174742 73.332376735 27.5404000244 -26.5 73.332376735 27.5404000244 -27 73.332376735 27.5404000244 -27.5 73.332376735 27.5404000244 -28 73.332376735 27.5404000244 -28.3849174742 73.7224425687 27.6868915139 -26.5 73.7224425687 27.6868915139 -27 73.7224425687 27.6868915139 -27.5 73.7224425687 27.6868915139 -28 73.7224425687 27.6868915139 -28.3849174742 74.1125084024 27.8333830034 -26.5 74.1125084024 27.8333830034 -27 74.1125084024 27.8333830034 -27.5 74.1125084024 27.8333830034 -28 74.1125084024 27.8333830034 -28.3849174742 74.5025742361 27.9798744929 -26.5 74.5025742361 27.9798744929 -27 74.5025742361 27.9798744929 -27.5 74.5025742361 27.9798744929 -28 74.5025742361 27.9798744929 -28.3849174742 74.8926400698 28.1263659824 -26.5 74.8926400698 28.1263659824 -27 74.8926400698 28.1263659824 -27.5 74.8926400698 28.1263659824 -28 74.8926400698 28.1263659824 -28.3849174742 69.9778105652 26.2805732148 -27 70.1448368867 25.8314606274 -27 70.5553835909 25.982648106 -27 70.3873796906 26.4343892787 -27 69.9778105652 26.2805732148 -27.5 70.1448368867 25.8314606274 -27.5 70.5553835909 25.982648106 -27.5 70.3873796906 26.4343892787 -27.5 69.9778105652 26.2805732148 -28 70.1448368867 25.8314606274 -28 70.5553835909 25.982648106 -28 70.3873796906 26.4343892787 -28 69.9778105652 26.2805732148 -28.3849174742 70.1448368867 25.8314606274 -28.4599761051 70.5553835909 25.982648106 -28.4599761051 70.3873796906 26.4343892787 -28.3849174742 70.965930295 26.1338355845 -27 70.796948816 26.5882053427 -27 70.965930295 26.1338355845 -27.5 70.796948816 26.5882053427 -27.5 70.965930295 26.1338355845 -28 70.796948816 26.5882053427 -28 70.965930295 26.1338355845 -28.4599761051 70.796948816 26.5882053427 -28.3849174742 71.3764769992 26.2850230631 -27 71.2065179414 26.7420214067 -27 71.3764769992 26.2850230631 -27.5 71.2065179414 26.7420214067 -27.5 71.3764769992 26.2850230631 -28 71.2065179414 26.7420214067 -28 71.3764769992 26.2850230631 -28.4599761051 71.2065179414 26.7420214067 -28.3849174742 71.7870237034 26.4362105417 -27 71.6160870668 26.8958374706 -27 71.7870237034 26.4362105417 -27.5 71.6160870668 26.8958374706 -27.5 71.7870237034 26.4362105417 -28 71.6160870668 26.8958374706 -28 71.7870237034 26.4362105417 -28.4599761051 71.6160870668 26.8958374706 -28.3849174742 72.1975704076 26.5873980203 -27 72.0256561921 27.0496535346 -27 72.1975704076 26.5873980203 -27.5 72.0256561921 27.0496535346 -27.5 72.1975704076 26.5873980203 -28 72.0256561921 27.0496535346 -28 72.1975704076 26.5873980203 -28.4599761051 72.0256561921 27.0496535346 -28.3849174742 72.6081171118 26.7385854989 -27 72.4352253175 27.2034695986 -27 72.6081171118 26.7385854989 -27.5 72.4352253175 27.2034695986 -27.5 72.6081171118 26.7385854989 -28 72.4352253175 27.2034695986 -28 72.6081171118 26.7385854989 -28.4599761051 72.4352253175 27.2034695986 -28.3849174742 73.018663816 26.8897729775 -27 72.8447944429 27.3572856625 -27 73.018663816 26.8897729775 -27.5 72.8447944429 27.3572856625 -27.5 73.018663816 26.8897729775 -28 72.8447944429 27.3572856625 -28 73.018663816 26.8897729775 -28.4599761051 72.8447944429 27.3572856625 -28.3849174742 73.4292105202 27.0409604561 -27 73.2543635683 27.5111017265 -27 73.4292105202 27.0409604561 -27.5 73.2543635683 27.5111017265 -27.5 73.4292105202 27.0409604561 -28 73.2543635683 27.5111017265 -28 73.4292105202 27.0409604561 -28.4599761051 73.2543635683 27.5111017265 -28.3849174742 73.8397572243 27.1921479347 -27 73.6639326937 27.6649177905 -27 73.8397572243 27.1921479347 -27.5 73.6639326937 27.6649177905 -27.5 73.8397572243 27.1921479347 -28 73.6639326937 27.6649177905 -28 73.8397572243 27.1921479347 -28.4599761051 73.6639326937 27.6649177905 -28.3849174742 74.2503039285 27.3433354132 -27 74.073501819 27.8187338544 -27 74.2503039285 27.3433354132 -27.5 74.073501819 27.8187338544 -27.5 74.2503039285 27.3433354132 -28 74.073501819 27.8187338544 -28 74.2503039285 27.3433354132 -28.4599761051 74.073501819 27.8187338544 -28.3849174742 74.6608506327 27.4945228918 -27 74.4830709444 27.9725499184 -27 74.6608506327 27.4945228918 -27.5 74.4830709444 27.9725499184 -27.5 74.6608506327 27.4945228918 -28 74.4830709444 27.9725499184 -28 74.6608506327 27.4945228918 -28.4599761051 74.4830709444 27.9725499184 -28.3849174742 75.0713973369 27.6457103704 -27 75.0713973369 27.6457103704 -27.5 75.0713973369 27.6457103704 -28 75.0713973369 27.6457103704 -28.4599761051 70.3089808693 25.381286593 -27 70.7204882824 25.5298392738 -27 70.3089808693 25.381286593 -27.5 70.7204882824 25.5298392738 -27.5 70.3089808693 25.381286593 -28 70.7204882824 25.5298392738 -28 70.3089808693 25.381286593 -28.5328443736 70.7204882824 25.5298392738 -28.5328443736 71.1319956955 25.6783919545 -27 71.1319956955 25.6783919545 -27.5 71.1319956955 25.6783919545 -28 71.1319956955 25.6783919545 -28.5328443736 71.5435031087 25.8269446352 -27 71.5435031087 25.8269446352 -27.5 71.5435031087 25.8269446352 -28 71.5435031087 25.8269446352 -28.5328443736 71.9550105218 25.9754973159 -27 71.9550105218 25.9754973159 -27.5 71.9550105218 25.9754973159 -28 71.9550105218 25.9754973159 -28.5328443736 72.3665179349 26.1240499967 -27 72.3665179349 26.1240499967 -27.5 72.3665179349 26.1240499967 -28 72.3665179349 26.1240499967 -28.5328443736 72.778025348 26.2726026774 -27 72.778025348 26.2726026774 -27.5 72.778025348 26.2726026774 -28 72.778025348 26.2726026774 -28.5328443736 73.1895327611 26.4211553581 -27 73.1895327611 26.4211553581 -27.5 73.1895327611 26.4211553581 -28 73.1895327611 26.4211553581 -28.5328443736 73.6010401742 26.5697080389 -27 73.6010401742 26.5697080389 -27.5 73.6010401742 26.5697080389 -28 73.6010401742 26.5697080389 -28.5328443736 74.0125475874 26.7182607196 -27 74.0125475874 26.7182607196 -27.5 74.0125475874 26.7182607196 -28 74.0125475874 26.7182607196 -28.5328443736 74.4240550005 26.8668134003 -27 74.4240550005 26.8668134003 -27.5 74.4240550005 26.8668134003 -28 74.4240550005 26.8668134003 -28.5328443736 74.8355624136 27.015366081 -27 74.8355624136 27.015366081 -27.5 74.8355624136 27.015366081 -28 74.8355624136 27.015366081 -28.5328443736 75.2470698267 27.1639187618 -27 75.2470698267 27.1639187618 -27.5 75.2470698267 27.1639187618 -28 75.2470698267 27.1639187618 -28.5328443736 70.4702357683 24.93006961 -27 70.882686981 25.0759813886 -27 70.4702357683 24.93006961 -27.5 70.882686981 25.0759813886 -27.5 70.4702357683 24.93006961 -28 70.882686981 25.0759813886 -28 70.4702357683 24.93006961 -28.6028585336 70.882686981 25.0759813886 -28.6028585336 71.2951381937 25.2218931673 -27 71.2951381937 25.2218931673 -27.5 71.2951381937 25.2218931673 -28 71.2951381937 25.2218931673 -28.6028585336 71.7075894064 25.367804946 -27 71.7075894064 25.367804946 -27.5 71.7075894064 25.367804946 -28 71.7075894064 25.367804946 -28.6028585336 72.1200406191 25.5137167246 -27 72.1200406191 25.5137167246 -27.5 72.1200406191 25.5137167246 -28 72.1200406191 25.5137167246 -28.6028585336 72.5324918318 25.6596285033 -27 72.5324918318 25.6596285033 -27.5 72.5324918318 25.6596285033 -28 72.5324918318 25.6596285033 -28.6028585336 72.9449430445 25.8055402819 -27 72.9449430445 25.8055402819 -27.5 72.9449430445 25.8055402819 -28 72.9449430445 25.8055402819 -28.6028585336 73.3573942571 25.9514520606 -27 73.3573942571 25.9514520606 -27.5 73.3573942571 25.9514520606 -28 73.3573942571 25.9514520606 -28.6028585336 73.7698454698 26.0973638392 -27 73.7698454698 26.0973638392 -27.5 73.7698454698 26.0973638392 -28 73.7698454698 26.0973638392 -28.6028585336 74.1822966825 26.2432756179 -27 74.1822966825 26.2432756179 -27.5 74.1822966825 26.2432756179 -28 74.1822966825 26.2432756179 -28.6028585336 74.5947478952 26.3891873965 -27 74.5947478952 26.3891873965 -27.5 74.5947478952 26.3891873965 -28 74.5947478952 26.3891873965 -28.6028585336 75.0071991079 26.5350991752 -27 75.0071991079 26.5350991752 -27.5 75.0071991079 26.5350991752 -28 75.0071991079 26.5350991752 -28.6028585336 75.4196503206 26.6810109538 -27 75.4196503206 26.6810109538 -27.5 75.4196503206 26.6810109538 -28 75.4196503206 26.6810109538 -28.6028585336 75.5891317271 26.1970067899 -27.5 75.5891317271 26.1970067899 -28 75.5891317271 26.1970067899 -28.6693548387 55.4064978833 49.0522169968 -22.1867731289 60.6476530885 53.6922915776 -22.1867731289 55.7197946573 48.6960417626 -18 55.7197946573 48.6960417626 -18.5 55.7197946573 48.6960417626 -19 55.7197946573 48.6960417626 -19.5 55.7197946573 48.6960417626 -20 55.7197946573 48.6960417626 -20.5 55.7197946573 48.6960417626 -21 55.7197946573 48.6960417626 -21.5 55.7197946573 48.6960417626 -22 55.7197946573 48.6960417626 -22.3303493293 60.9905860438 53.3024240915 -21 60.9905860438 53.3024240915 -21.5 60.9905860438 53.3024240915 -22 60.9905860438 53.3024240915 -22.3303493293 56.0308018354 48.3378655474 -18 56.0308018354 48.3378655474 -18.5 56.0308018354 48.3378655474 -19 56.0308018354 48.3378655474 -19.5 56.0308018354 48.3378655474 -20 56.0308018354 48.3378655474 -20.5 56.0308018354 48.3378655474 -21 56.0308018354 48.3378655474 -21.5 56.0308018354 48.3378655474 -22 56.0308018354 48.3378655474 -22.4728343802 61.3310128199 52.9103663424 -18.5 61.3310128199 52.9103663424 -19 61.3310128199 52.9103663424 -19.5 61.3310128199 52.9103663424 -20 61.3310128199 52.9103663424 -20.5 61.3310128199 52.9103663424 -21 61.3310128199 52.9103663424 -21.5 61.3310128199 52.9103663424 -22 61.3310128199 52.9103663424 -22.4728343802 56.3395066381 47.977703069 -18.5 56.3395066381 47.977703069 -19 56.3395066381 47.977703069 -19.5 56.3395066381 47.977703069 -20 56.3395066381 47.977703069 -20.5 56.3395066381 47.977703069 -21 56.3395066381 47.977703069 -21.5 56.3395066381 47.977703069 -22 56.3395066381 47.977703069 -22.6142189663 61.6689194282 52.5161344404 -18.5 61.6689194282 52.5161344404 -19 61.6689194282 52.5161344404 -19.5 61.6689194282 52.5161344404 -20 61.6689194282 52.5161344404 -20.5 61.6689194282 52.5161344404 -21 61.6689194282 52.5161344404 -21.5 61.6689194282 52.5161344404 -22 61.6689194282 52.5161344404 -22.6142189663 56.6458963802 47.6155691269 -18.5 56.6458963802 47.6155691269 -19 56.6458963802 47.6155691269 -19.5 56.6458963802 47.6155691269 -20 56.6458963802 47.6155691269 -20.5 56.6458963802 47.6155691269 -21 56.6458963802 47.6155691269 -21.5 56.6458963802 47.6155691269 -22 56.6458963802 47.6155691269 -22.5 56.6458963802 47.6155691269 -22.754493772 62.0042919837 52.1197445849 -18.5 62.0042919837 52.1197445849 -19 62.0042919837 52.1197445849 -19.5 62.0042919837 52.1197445849 -20 62.0042919837 52.1197445849 -20.5 62.0042919837 52.1197445849 -21 62.0042919837 52.1197445849 -21.5 62.0042919837 52.1197445849 -22 62.0042919837 52.1197445849 -22.5 62.0042919837 52.1197445849 -22.754493772 56.9499584718 47.2514786018 -18.5 56.9499584718 47.2514786018 -19 56.9499584718 47.2514786018 -19.5 56.9499584718 47.2514786018 -20 56.9499584718 47.2514786018 -20.5 56.9499584718 47.2514786018 -21 56.9499584718 47.2514786018 -21.5 56.9499584718 47.2514786018 -22 56.9499584718 47.2514786018 -22.5 56.9499584718 47.2514786018 -22.8936494819 62.3371167056 51.7212130642 -18.5 62.3371167056 51.7212130642 -19 62.3371167056 51.7212130642 -19.5 62.3371167056 51.7212130642 -20 62.3371167056 51.7212130642 -20.5 62.3371167056 51.7212130642 -21 62.3371167056 51.7212130642 -21.5 62.3371167056 51.7212130642 -22 62.3371167056 51.7212130642 -22.5 62.3371167056 51.7212130642 -22.8936494819 57.2516804186 46.8854464545 -19 57.2516804186 46.8854464545 -19.5 57.2516804186 46.8854464545 -20 57.2516804186 46.8854464545 -20.5 57.2516804186 46.8854464545 -21 57.2516804186 46.8854464545 -21.5 57.2516804186 46.8854464545 -22 57.2516804186 46.8854464545 -22.5 57.2516804186 46.8854464545 -23.0316767806 62.6673799177 51.3205562543 -19 62.6673799177 51.3205562543 -19.5 62.6673799177 51.3205562543 -20 62.6673799177 51.3205562543 -20.5 62.6673799177 51.3205562543 -21 62.6673799177 51.3205562543 -21.5 62.6673799177 51.3205562543 -22 62.6673799177 51.3205562543 -22.5 62.6673799177 51.3205562543 -23.0316767806 57.5510498226 46.5174877258 -19 57.5510498226 46.5174877258 -19.5 57.5510498226 46.5174877258 -20 57.5510498226 46.5174877258 -20.5 57.5510498226 46.5174877258 -21 57.5510498226 46.5174877258 -21.5 57.5510498226 46.5174877258 -22 57.5510498226 46.5174877258 -22.5 57.5510498226 46.5174877258 -23.1685663526 62.995068049 50.9177906188 -19 62.995068049 50.9177906188 -19.5 62.995068049 50.9177906188 -20 62.995068049 50.9177906188 -20.5 62.995068049 50.9177906188 -21 62.995068049 50.9177906188 -21.5 62.995068049 50.9177906188 -22 62.995068049 50.9177906188 -22.5 62.995068049 50.9177906188 -23.1685663526 57.8480543821 46.1476175356 -19 57.8480543821 46.1476175356 -19.5 57.8480543821 46.1476175356 -20 57.8480543821 46.1476175356 -20.5 57.8480543821 46.1476175356 -21 57.8480543821 46.1476175356 -21.5 57.8480543821 46.1476175356 -22 57.8480543821 46.1476175356 -22.5 57.8480543821 46.1476175356 -23 57.8480543821 46.1476175356 -23.3043088825 63.3201676344 50.5129327078 -19 63.3201676344 50.5129327078 -19.5 63.3201676344 50.5129327078 -20 63.3201676344 50.5129327078 -20.5 63.3201676344 50.5129327078 -21 63.3201676344 50.5129327078 -21.5 63.3201676344 50.5129327078 -22 63.3201676344 50.5129327078 -22.5 63.3201676344 50.5129327078 -23 63.3201676344 50.5129327078 -23.3043088825 58.142681893 45.7758510821 -19.5 58.142681893 45.7758510821 -20 58.142681893 45.7758510821 -20.5 58.142681893 45.7758510821 -21 58.142681893 45.7758510821 -21.5 58.142681893 45.7758510821 -22 58.142681893 45.7758510821 -22.5 58.142681893 45.7758510821 -23 58.142681893 45.7758510821 -23.4388950548 63.6426653153 50.1059991575 -19.5 63.6426653153 50.1059991575 -20 63.6426653153 50.1059991575 -20.5 63.6426653153 50.1059991575 -21 63.6426653153 50.1059991575 -21.5 63.6426653153 50.1059991575 -22 63.6426653153 50.1059991575 -22.5 63.6426653153 50.1059991575 -23 63.6426653153 50.1059991575 -23.4388950548 58.4349202485 45.402203642 -19.5 58.4349202485 45.402203642 -20 58.4349202485 45.402203642 -20.5 58.4349202485 45.402203642 -21 58.4349202485 45.402203642 -21.5 58.4349202485 45.402203642 -22 58.4349202485 45.402203642 -22.5 58.4349202485 45.402203642 -23 58.4349202485 45.402203642 -23.5723155541 63.9625478396 49.6970066892 -19.5 63.9625478396 49.6970066892 -20 63.9625478396 49.6970066892 -20.5 63.9625478396 49.6970066892 -21 63.9625478396 49.6970066892 -21.5 63.9625478396 49.6970066892 -22 63.9625478396 49.6970066892 -22.5 63.9625478396 49.6970066892 -23 63.9625478396 49.6970066892 -23.5723155541 58.7247574404 45.0266905686 -19.5 58.7247574404 45.0266905686 -20 58.7247574404 45.0266905686 -20.5 58.7247574404 45.0266905686 -21 58.7247574404 45.0266905686 -21.5 58.7247574404 45.0266905686 -22 58.7247574404 45.0266905686 -22.5 58.7247574404 45.0266905686 -23 58.7247574404 45.0266905686 -23.704561065 64.2798020632 49.2859721089 -19.5 64.2798020632 49.2859721089 -20 64.2798020632 49.2859721089 -20.5 64.2798020632 49.2859721089 -21 64.2798020632 49.2859721089 -21.5 64.2798020632 49.2859721089 -22 64.2798020632 49.2859721089 -22.5 64.2798020632 49.2859721089 -23 64.2798020632 49.2859721089 -23.704561065 59.0121815588 44.6493272925 -20 59.0121815588 44.6493272925 -20.5 59.0121815588 44.6493272925 -21 59.0121815588 44.6493272925 -21.5 59.0121815588 44.6493272925 -22 59.0121815588 44.6493272925 -22.5 59.0121815588 44.6493272925 -23 59.0121815588 44.6493272925 -23.5 59.0121815588 44.6493272925 -23.8356222719 64.5944149495 48.8729123066 -20 64.5944149495 48.8729123066 -20.5 64.5944149495 48.8729123066 -21 64.5944149495 48.8729123066 -21.5 64.5944149495 48.8729123066 -22 64.5944149495 48.8729123066 -22.5 64.5944149495 48.8729123066 -23 64.5944149495 48.8729123066 -23.5 64.5944149495 48.8729123066 -23.8356222719 59.2971807931 44.2701293198 -20 59.2971807931 44.2701293198 -20.5 59.2971807931 44.2701293198 -21 59.2971807931 44.2701293198 -21.5 59.2971807931 44.2701293198 -22 59.2971807931 44.2701293198 -22.5 59.2971807931 44.2701293198 -23 59.2971807931 44.2701293198 -23.5 59.2971807931 44.2701293198 -23.9654898595 64.9063735708 48.4578442554 -20 64.9063735708 48.4578442554 -20.5 64.9063735708 48.4578442554 -21 64.9063735708 48.4578442554 -21.5 64.9063735708 48.4578442554 -22 64.9063735708 48.4578442554 -22.5 64.9063735708 48.4578442554 -23 64.9063735708 48.4578442554 -23.5 64.9063735708 48.4578442554 -23.9654898595 59.5797434323 43.8891122323 -20 59.5797434323 43.8891122323 -20.5 59.5797434323 43.8891122323 -21 59.5797434323 43.8891122323 -21.5 59.5797434323 43.8891122323 -22 59.5797434323 43.8891122323 -22.5 59.5797434323 43.8891122323 -23 59.5797434323 43.8891122323 -23.5 59.5797434323 43.8891122323 -24.0941545122 65.2156651084 48.040785011 -20 65.2156651084 48.040785011 -20.5 65.2156651084 48.040785011 -21 65.2156651084 48.040785011 -21.5 65.2156651084 48.040785011 -22 65.2156651084 48.040785011 -22.5 65.2156651084 48.040785011 -23 65.2156651084 48.040785011 -23.5 65.2156651084 48.040785011 -24.0941545122 59.8598578656 43.5062916865 -20 59.8598578656 43.5062916865 -20.5 59.8598578656 43.5062916865 -21 59.8598578656 43.5062916865 -21.5 59.8598578656 43.5062916865 -22 59.8598578656 43.5062916865 -22.5 59.8598578656 43.5062916865 -23 59.8598578656 43.5062916865 -23.5 59.8598578656 43.5062916865 -24.2216069147 65.5222768529 47.6217517109 -20 65.5222768529 47.6217517109 -20.5 65.5222768529 47.6217517109 -21 65.5222768529 47.6217517109 -21.5 65.5222768529 47.6217517109 -22 65.5222768529 47.6217517109 -22.5 65.5222768529 47.6217517109 -23 65.5222768529 47.6217517109 -23.5 65.5222768529 47.6217517109 -24.2216069147 60.1375125827 43.1216834129 -20.5 60.1375125827 43.1216834129 -21 60.1375125827 43.1216834129 -21.5 60.1375125827 43.1216834129 -22 60.1375125827 43.1216834129 -22.5 60.1375125827 43.1216834129 -23 60.1375125827 43.1216834129 -23.5 60.1375125827 43.1216834129 -24 60.1375125827 43.1216834129 -24.3478377515 65.8261962054 47.2007615736 -20.5 65.8261962054 47.2007615736 -21 65.8261962054 47.2007615736 -21.5 65.8261962054 47.2007615736 -22 65.8261962054 47.2007615736 -22.5 65.8261962054 47.2007615736 -23 65.8261962054 47.2007615736 -23.5 65.8261962054 47.2007615736 -24 65.8261962054 47.2007615736 -24.3478377515 60.4126961745 42.7353032156 -20.5 60.4126961745 42.7353032156 -21 60.4126961745 42.7353032156 -21.5 60.4126961745 42.7353032156 -22 60.4126961745 42.7353032156 -22.5 60.4126961745 42.7353032156 -23 60.4126961745 42.7353032156 -23.5 60.4126961745 42.7353032156 -24 60.4126961745 42.7353032156 -24.4728377072 66.1274106775 46.7778318982 -20.5 66.1274106775 46.7778318982 -21 66.1274106775 46.7778318982 -21.5 66.1274106775 46.7778318982 -22 66.1274106775 46.7778318982 -22.5 66.1274106775 46.7778318982 -23 66.1274106775 46.7778318982 -23.5 66.1274106775 46.7778318982 -24 66.1274106775 46.7778318982 -24.4728377072 60.6853973332 42.3471669714 -20.5 60.6853973332 42.3471669714 -21 60.6853973332 42.3471669714 -21.5 60.6853973332 42.3471669714 -22 60.6853973332 42.3471669714 -22.5 60.6853973332 42.3471669714 -23 60.6853973332 42.3471669714 -23.5 60.6853973332 42.3471669714 -24 60.6853973332 42.3471669714 -24.5965974662 66.4259078918 46.3529800633 -20.5 66.4259078918 46.3529800633 -21 66.4259078918 46.3529800633 -21.5 66.4259078918 46.3529800633 -22 66.4259078918 46.3529800633 -22.5 66.4259078918 46.3529800633 -23 66.4259078918 46.3529800633 -23.5 66.4259078918 46.3529800633 -24 66.4259078918 46.3529800633 -24.5965974662 60.9556048534 41.9572906294 -21 60.9556048534 41.9572906294 -21.5 60.9556048534 41.9572906294 -22 60.9556048534 41.9572906294 -22.5 60.9556048534 41.9572906294 -23 60.9556048534 41.9572906294 -23.5 60.9556048534 41.9572906294 -24 60.9556048534 41.9572906294 -24.7191077132 66.7216755828 45.9262235267 -21 66.7216755828 45.9262235267 -21.5 66.7216755828 45.9262235267 -22 66.7216755828 45.9262235267 -22.5 66.7216755828 45.9262235267 -23 66.7216755828 45.9262235267 -23.5 66.7216755828 45.9262235267 -24 66.7216755828 45.9262235267 -24.7191077132 61.2233076317 41.5656902099 -21 61.2233076317 41.5656902099 -21.5 61.2233076317 41.5656902099 -22 61.2233076317 41.5656902099 -22.5 61.2233076317 41.5656902099 -23 61.2233076317 41.5656902099 -23.5 61.2233076317 41.5656902099 -24 61.2233076317 41.5656902099 -24.5 61.2233076317 41.5656902099 -24.8403591327 67.0147015969 45.4975798244 -21 67.0147015969 45.4975798244 -21.5 67.0147015969 45.4975798244 -22 67.0147015969 45.4975798244 -22.5 67.0147015969 45.4975798244 -23 67.0147015969 45.4975798244 -23.5 67.0147015969 45.4975798244 -24 67.0147015969 45.4975798244 -24.5 67.0147015969 45.4975798244 -24.8403591327 61.4884946681 41.1723818045 -21 61.4884946681 41.1723818045 -21.5 61.4884946681 41.1723818045 -22 61.4884946681 41.1723818045 -22.5 61.4884946681 41.1723818045 -23 61.4884946681 41.1723818045 -23.5 61.4884946681 41.1723818045 -24 61.4884946681 41.1723818045 -24.5 61.4884946681 41.1723818045 -24.9603424092 67.3049738934 45.0670665698 -21 67.3049738934 45.0670665698 -21.5 67.3049738934 45.0670665698 -22 67.3049738934 45.0670665698 -22.5 67.3049738934 45.0670665698 -23 67.3049738934 45.0670665698 -23.5 67.3049738934 45.0670665698 -24 67.3049738934 45.0670665698 -24.5 67.3049738934 45.0670665698 -24.9603424092 61.7511550655 40.7773815745 -21.5 61.7511550655 40.7773815745 -22 61.7511550655 40.7773815745 -22.5 61.7511550655 40.7773815745 -23 61.7511550655 40.7773815745 -23.5 61.7511550655 40.7773815745 -24 61.7511550655 40.7773815745 -24.5 61.7511550655 40.7773815745 -25.0790482274 67.5924805447 44.6347014532 -21.5 67.5924805447 44.6347014532 -22 67.5924805447 44.6347014532 -22.5 67.5924805447 44.6347014532 -23 67.5924805447 44.6347014532 -23.5 67.5924805447 44.6347014532 -24 67.5924805447 44.6347014532 -24.5 67.5924805447 44.6347014532 -25.0790482274 62.011278031 40.3807057512 -21.5 62.011278031 40.3807057512 -22 62.011278031 40.3807057512 -22.5 62.011278031 40.3807057512 -23 62.011278031 40.3807057512 -23.5 62.011278031 40.3807057512 -24 62.011278031 40.3807057512 -24.5 62.011278031 40.3807057512 -25.1964672717 67.8772097366 44.2005022411 -21.5 67.8772097366 44.2005022411 -22 67.8772097366 44.2005022411 -22.5 67.8772097366 44.2005022411 -23 67.8772097366 44.2005022411 -23.5 67.8772097366 44.2005022411 -24 67.8772097366 44.2005022411 -24.5 67.8772097366 44.2005022411 -25.1964672717 62.2688528758 39.9823706342 -21.5 62.2688528758 39.9823706342 -22 62.2688528758 39.9823706342 -22.5 62.2688528758 39.9823706342 -23 62.2688528758 39.9823706342 -23.5 62.2688528758 39.9823706342 -24 62.2688528758 39.9823706342 -24.5 62.2688528758 39.9823706342 -25 62.2688528758 39.9823706342 -25.3125902268 68.1591497694 43.7644867753 -21.5 68.1591497694 43.7644867753 -22 68.1591497694 43.7644867753 -22.5 68.1591497694 43.7644867753 -23 68.1591497694 43.7644867753 -23.5 68.1591497694 43.7644867753 -24 68.1591497694 43.7644867753 -24.5 68.1591497694 43.7644867753 -25 68.1591497694 43.7644867753 -25.3125902268 62.5238690158 39.5823925919 -22 62.5238690158 39.5823925919 -22.5 62.5238690158 39.5823925919 -23 62.5238690158 39.5823925919 -23.5 62.5238690158 39.5823925919 -24 62.5238690158 39.5823925919 -24.5 62.5238690158 39.5823925919 -25 62.5238690158 39.5823925919 -25.4274077771 68.4382890578 43.3266729722 -22 68.4382890578 43.3266729722 -22.5 68.4382890578 43.3266729722 -23 68.4382890578 43.3266729722 -23.5 68.4382890578 43.3266729722 -24 68.4382890578 43.3266729722 -24.5 68.4382890578 43.3266729722 -25 68.4382890578 43.3266729722 -25.4274077771 62.7763159721 39.1807880597 -22 62.7763159721 39.1807880597 -22.5 62.7763159721 39.1807880597 -23 62.7763159721 39.1807880597 -23.5 62.7763159721 39.1807880597 -24 62.7763159721 39.1807880597 -24.5 62.7763159721 39.1807880597 -25 62.7763159721 39.1807880597 -25.5409106072 68.7146161316 42.8870788221 -22 68.7146161316 42.8870788221 -22.5 68.7146161316 42.8870788221 -23 68.7146161316 42.8870788221 -23.5 68.7146161316 42.8870788221 -24 68.7146161316 42.8870788221 -24.5 68.7146161316 42.8870788221 -25 68.7146161316 42.8870788221 -25.5409106072 63.0261833713 38.77757354 -22 63.0261833713 38.77757354 -22.5 63.0261833713 38.77757354 -23 63.0261833713 38.77757354 -23.5 63.0261833713 38.77757354 -24 63.0261833713 38.77757354 -24.5 63.0261833713 38.77757354 -25 63.0261833713 38.77757354 -25.6530894017 68.9881196361 42.4457223884 -22 68.9881196361 42.4457223884 -22.5 68.9881196361 42.4457223884 -23 68.9881196361 42.4457223884 -23.5 68.9881196361 42.4457223884 -24 68.9881196361 42.4457223884 -24.5 68.9881196361 42.4457223884 -25 68.9881196361 42.4457223884 -25.6530894017 63.273460946 38.3727656015 -22.5 63.273460946 38.3727656015 -23 63.273460946 38.3727656015 -23.5 63.273460946 38.3727656015 -24 63.273460946 38.3727656015 -24.5 63.273460946 38.3727656015 -25 63.273460946 38.3727656015 -25.5 63.273460946 38.3727656015 -25.7639348451 69.2587883328 42.0026218071 -22.5 69.2587883328 42.0026218071 -23 69.2587883328 42.0026218071 -23.5 69.2587883328 42.0026218071 -24 69.2587883328 42.0026218071 -24.5 69.2587883328 42.0026218071 -25 69.2587883328 42.0026218071 -25.5 69.2587883328 42.0026218071 -25.7639348451 63.5181385354 37.9663808783 -22.5 63.5181385354 37.9663808783 -23 63.5181385354 37.9663808783 -23.5 63.5181385354 37.9663808783 -24 63.5181385354 37.9663808783 -24.5 63.5181385354 37.9663808783 -25 63.5181385354 37.9663808783 -25.5 63.5181385354 37.9663808783 -25.873437622 69.5266110996 41.5577952857 -22.5 69.5266110996 41.5577952857 -23 69.5266110996 41.5577952857 -23.5 69.5266110996 41.5577952857 -24 69.5266110996 41.5577952857 -24.5 69.5266110996 41.5577952857 -25 69.5266110996 41.5577952857 -25.5 69.5266110996 41.5577952857 -25.873437622 63.7602060853 37.5584360691 -22.5 63.7602060853 37.5584360691 -23 63.7602060853 37.5584360691 -23.5 63.7602060853 37.5584360691 -24 63.7602060853 37.5584360691 -24.5 63.7602060853 37.5584360691 -25 63.7602060853 37.5584360691 -25.5 63.7602060853 37.5584360691 -25.9815884169 69.7915769312 41.1112611027 -22.5 69.7915769312 41.1112611027 -23 69.7915769312 41.1112611027 -23.5 69.7915769312 41.1112611027 -24 69.7915769312 41.1112611027 -24.5 69.7915769312 41.1112611027 -25 69.7915769312 41.1112611027 -25.5 69.7915769312 41.1112611027 -25.9815884169 63.9996536489 37.148947937 -22.5 63.9996536489 37.148947937 -23 63.9996536489 37.148947937 -23.5 63.9996536489 37.148947937 -24 63.9996536489 37.148947937 -24.5 63.9996536489 37.148947937 -25 63.9996536489 37.148947937 -25.5 63.9996536489 37.148947937 -26.0883779144 70.05367494 40.6630376067 -22.5 70.05367494 40.6630376067 -23 70.05367494 40.6630376067 -23.5 70.05367494 40.6630376067 -24 70.05367494 40.6630376067 -24.5 70.05367494 40.6630376067 -25 70.05367494 40.6630376067 -25.5 70.05367494 40.6630376067 -26.0883779144 64.2364713869 36.7379333083 -23 64.2364713869 36.7379333083 -23.5 64.2364713869 36.7379333083 -24 64.2364713869 36.7379333083 -24.5 64.2364713869 36.7379333083 -25 64.2364713869 36.7379333083 -25.5 64.2364713869 36.7379333083 -26.193796799 70.3128943559 40.2131432158 -23 70.3128943559 40.2131432158 -23.5 70.3128943559 40.2131432158 -24 70.3128943559 40.2131432158 -24.5 70.3128943559 40.2131432158 -25 70.3128943559 40.2131432158 -25.5 70.3128943559 40.2131432158 -26.193796799 64.4706495682 36.3254090721 -23 64.4706495682 36.3254090721 -23.5 64.4706495682 36.3254090721 -24 64.4706495682 36.3254090721 -24.5 64.4706495682 36.3254090721 -25 64.4706495682 36.3254090721 -25.5 64.4706495682 36.3254090721 -26 64.4706495682 36.3254090721 -26.2978357553 70.5692245273 39.7615964168 -23 70.5692245273 39.7615964168 -23.5 70.5692245273 39.7615964168 -24 70.5692245273 39.7615964168 -24.5 70.5692245273 39.7615964168 -25 70.5692245273 39.7615964168 -25.5 70.5692245273 39.7615964168 -26 70.5692245273 39.7615964168 -26.2978357553 64.7021785701 35.9113921796 -23 64.7021785701 35.9113921796 -23.5 64.7021785701 35.9113921796 -24 64.7021785701 35.9113921796 -24.5 64.7021785701 35.9113921796 -25 64.7021785701 35.9113921796 -25.5 64.7021785701 35.9113921796 -26 64.7021785701 35.9113921796 -26.4004854679 70.8226549214 39.3084157642 -23 70.8226549214 39.3084157642 -23.5 70.8226549214 39.3084157642 -24 70.8226549214 39.3084157642 -24.5 70.8226549214 39.3084157642 -25 70.8226549214 39.3084157642 -25.5 70.8226549214 39.3084157642 -26 70.8226549214 39.3084157642 -26.4004854679 64.9310488789 35.4958996432 -23.5 64.9310488789 35.4958996432 -24 64.9310488789 35.4958996432 -24.5 64.9310488789 35.4958996432 -25 64.9310488789 35.4958996432 -25.5 64.9310488789 35.4958996432 -26 64.9310488789 35.4958996432 -26.5017366212 71.0731751242 38.8536198798 -23.5 71.0731751242 38.8536198798 -24 71.0731751242 38.8536198798 -24.5 71.0731751242 38.8536198798 -25 71.0731751242 38.8536198798 -25.5 71.0731751242 38.8536198798 -26 71.0731751242 38.8536198798 -26.5017366212 65.15725109 35.0789485361 -23.5 65.15725109 35.0789485361 -24 65.15725109 35.0789485361 -24.5 65.15725109 35.0789485361 -25 65.15725109 35.0789485361 -25.5 65.15725109 35.0789485361 -26 65.15725109 35.0789485361 -26.6015798999 71.3207748417 38.3972274517 -23.5 71.3207748417 38.3972274517 -24 71.3207748417 38.3972274517 -24.5 71.3207748417 38.3972274517 -25 71.3207748417 38.3972274517 -25.5 71.3207748417 38.3972274517 -26 71.3207748417 38.3972274517 -26.6015798999 65.3807759084 34.6605559912 -23.5 65.3807759084 34.6605559912 -24 65.3807759084 34.6605559912 -24.5 65.3807759084 34.6605559912 -25 65.3807759084 34.6605559912 -25.5 65.3807759084 34.6605559912 -26 65.3807759084 34.6605559912 -26.7000059885 71.5654438997 37.9392572336 -23.5 71.5654438997 37.9392572336 -24 71.5654438997 37.9392572336 -24.5 71.5654438997 37.9392572336 -25 71.5654438997 37.9392572336 -25.5 71.5654438997 37.9392572336 -26 71.5654438997 37.9392572336 -26.7000059885 65.6016141492 34.2407392009 -24 65.6016141492 34.2407392009 -24.5 65.6016141492 34.2407392009 -25 65.6016141492 34.2407392009 -25.5 65.6016141492 34.2407392009 -26 65.6016141492 34.2407392009 -26.5 65.6016141492 34.2407392009 -26.7970055715 71.8071722444 37.4797280442 -24 71.8071722444 37.4797280442 -24.5 71.8071722444 37.4797280442 -25 71.8071722444 37.4797280442 -25.5 71.8071722444 37.4797280442 -26 71.8071722444 37.4797280442 -26.5 71.8071722444 37.4797280442 -26.7970055715 65.8197567379 33.8195154159 -24 65.8197567379 33.8195154159 -24.5 65.8197567379 33.8195154159 -25 65.8197567379 33.8195154159 -25.5 65.8197567379 33.8195154159 -26 65.8197567379 33.8195154159 -26.5 65.8197567379 33.8195154159 -26.8925693335 72.0459499428 37.0186587661 -24 72.0459499428 37.0186587661 -24.5 72.0459499428 37.0186587661 -25 72.0459499428 37.0186587661 -25.5 72.0459499428 37.0186587661 -26 72.0459499428 37.0186587661 -26.5 72.0459499428 37.0186587661 -26.8925693335 66.0351947107 33.3969019449 -24 66.0351947107 33.3969019449 -24.5 66.0351947107 33.3969019449 -25 66.0351947107 33.3969019449 -25.5 66.0351947107 33.3969019449 -26 66.0351947107 33.3969019449 -26.5 66.0351947107 33.3969019449 -26.9866879591 72.2817671834 36.5560683451 -24 72.2817671834 36.5560683451 -24.5 72.2817671834 36.5560683451 -25 72.2817671834 36.5560683451 -25.5 72.2817671834 36.5560683451 -26 72.2817671834 36.5560683451 -26.5 72.2817671834 36.5560683451 -26.9866879591 66.2479192151 32.9729161535 -24.5 66.2479192151 32.9729161535 -25 66.2479192151 32.9729161535 -25.5 66.2479192151 32.9729161535 -26 66.2479192151 32.9729161535 -26.5 66.2479192151 32.9729161535 -27.0793521328 72.514614276 36.0919757897 -24.5 72.514614276 36.0919757897 -25 72.514614276 36.0919757897 -25.5 72.514614276 36.0919757897 -26 72.514614276 36.0919757897 -26.5 72.514614276 36.0919757897 -27.0793521328 66.4579215099 32.547575464 -24.5 66.4579215099 32.547575464 -25 66.4579215099 32.547575464 -25.5 66.4579215099 32.547575464 -26 66.4579215099 32.547575464 -26.5 66.4579215099 32.547575464 -27.1705525391 72.7444816527 35.62640017 -24.5 72.7444816527 35.62640017 -25 72.7444816527 35.62640017 -25.5 72.7444816527 35.62640017 -26 72.7444816527 35.62640017 -26.5 72.7444816527 35.62640017 -27.1705525391 66.6651929659 32.1208973539 -24.5 66.6651929659 32.1208973539 -25 66.6651929659 32.1208973539 -25.5 66.6651929659 32.1208973539 -26 66.6651929659 32.1208973539 -26.5 66.6651929659 32.1208973539 -27 66.6651929659 32.1208973539 -27.2602798627 72.9713598681 35.1593606171 -24.5 72.9713598681 35.1593606171 -25 72.9713598681 35.1593606171 -25.5 72.9713598681 35.1593606171 -26 72.9713598681 35.1593606171 -26.5 72.9713598681 35.1593606171 -27 72.9713598681 35.1593606171 -27.2602798627 66.869725066 31.6928993562 -24.5 66.869725066 31.6928993562 -25 66.869725066 31.6928993562 -25.5 66.869725066 31.6928993562 -26 66.869725066 31.6928993562 -26.5 66.869725066 31.6928993562 -27 66.869725066 31.6928993562 -27.348524788 73.1952395992 34.6908763223 -24.5 73.1952395992 34.6908763223 -25 73.1952395992 34.6908763223 -25.5 73.1952395992 34.6908763223 -26 73.1952395992 34.6908763223 -26.5 73.1952395992 34.6908763223 -27 73.1952395992 34.6908763223 -27.348524788 67.0715094057 31.2635990577 -25 67.0715094057 31.2635990577 -25.5 67.0715094057 31.2635990577 -26 67.0715094057 31.2635990577 -26.5 67.0715094057 31.2635990577 -27 67.0715094057 31.2635990577 -27.4352779996 73.4161116468 34.2209665361 -25 73.4161116468 34.2209665361 -25.5 73.4161116468 34.2209665361 -26 73.4161116468 34.2209665361 -26.5 73.4161116468 34.2209665361 -27 73.4161116468 34.2209665361 -27.4352779996 67.2705376935 30.833014099 -25 67.2705376935 30.833014099 -25.5 67.2705376935 30.833014099 -26 67.2705376935 30.833014099 -26.5 67.2705376935 30.833014099 -27 67.2705376935 30.833014099 -27.5205301821 73.6339669348 33.7496505678 -25 73.6339669348 33.7496505678 -25.5 73.6339669348 33.7496505678 -26 73.6339669348 33.7496505678 -26.5 73.6339669348 33.7496505678 -27 73.6339669348 33.7496505678 -27.5205301821 67.4668017511 30.4011621732 -25 67.4668017511 30.4011621732 -25.5 67.4668017511 30.4011621732 -26 67.4668017511 30.4011621732 -26.5 67.4668017511 30.4011621732 -27 67.4668017511 30.4011621732 -27.6042720199 73.8487965113 33.2769477842 -25 73.8487965113 33.2769477842 -25.5 73.8487965113 33.2769477842 -26 73.8487965113 33.2769477842 -26.5 73.8487965113 33.2769477842 -27 73.8487965113 33.2769477842 -27.6042720199 67.6602935136 29.9680610259 -25.5 67.6602935136 29.9680610259 -26 67.6602935136 29.9680610259 -26.5 67.6602935136 29.9680610259 -27 67.6602935136 29.9680610259 -27.6864941978 74.0605915487 32.8028776094 -25.5 74.0605915487 32.8028776094 -26 74.0605915487 32.8028776094 -26.5 74.0605915487 32.8028776094 -27 74.0605915487 32.8028776094 -27.6864941978 67.8510050304 29.5337284535 -25.5 67.8510050304 29.5337284535 -26 67.8510050304 29.5337284535 -26.5 67.8510050304 29.5337284535 -27 67.8510050304 29.5337284535 -27.5 67.8510050304 29.5337284535 -27.7671874002 74.2693433441 32.3274595235 -25.5 74.2693433441 32.3274595235 -26 74.2693433441 32.3274595235 -26.5 74.2693433441 32.3274595235 -27 74.2693433441 32.3274595235 -27.5 74.2693433441 32.3274595235 -27.7671874002 68.0389284648 29.0981823035 -25.5 68.0389284648 29.0981823035 -26 68.0389284648 29.0981823035 -26.5 68.0389284648 29.0981823035 -27 68.0389284648 29.0981823035 -27.5 68.0389284648 29.0981823035 -27.8463423117 74.4750433196 31.8507130619 -25.5 74.4750433196 31.8507130619 -26 74.4750433196 31.8507130619 -26.5 74.4750433196 31.8507130619 -27 74.4750433196 31.8507130619 -27.5 74.4750433196 31.8507130619 -27.8463423117 68.2240560948 28.6614404728 -25.5 68.2240560948 28.6614404728 -26 68.2240560948 28.6614404728 -26.5 68.2240560948 28.6614404728 -27 68.2240560948 28.6614404728 -27.5 68.2240560948 28.6614404728 -27.9239496167 74.6776830227 31.3726578148 -25.5 74.6776830227 31.3726578148 -26 74.6776830227 31.3726578148 -26.5 74.6776830227 31.3726578148 -27 74.6776830227 31.3726578148 -27.5 74.6776830227 31.3726578148 -27.9239496167 68.4063803133 28.2235209078 -26 68.4063803133 28.2235209078 -26.5 68.4063803133 28.2235209078 -27 68.4063803133 28.2235209078 -27.5 68.4063803133 28.2235209078 -28 74.8772541267 30.8933134261 -26 74.8772541267 30.8933134261 -26.5 74.8772541267 30.8933134261 -27 74.8772541267 30.8933134261 -27.5 74.8772541267 30.8933134261 -28 68.5858936283 27.7844416032 -26 68.5858936283 27.7844416032 -26.5 68.5858936283 27.7844416032 -27 68.5858936283 27.7844416032 -27.5 68.5858936283 27.7844416032 -28.0760542502 75.073748431 30.4126995927 -26 75.073748431 30.4126995927 -26.5 75.073748431 30.4126995927 -27 75.073748431 30.4126995927 -27.5 75.073748431 30.4126995927 -28.0760542502 68.7625886635 27.3442206012 -26 68.7625886635 27.3442206012 -26.5 68.7625886635 27.3442206012 -27 68.7625886635 27.3442206012 -27.5 68.7625886635 27.3442206012 -28.1532368689 75.2671578614 29.9308360635 -26 75.2671578614 29.9308360635 -26.5 75.2671578614 29.9308360635 -27 75.2671578614 29.9308360635 -27.5 75.2671578614 29.9308360635 -28.1532368689 68.9364581583 26.9028759912 -26.5 68.9364581583 26.9028759912 -27 68.9364581583 26.9028759912 -27.5 68.9364581583 26.9028759912 -28.2308841099 75.4574744705 29.447742639 -26.5 75.4574744705 29.447742639 -27 75.4574744705 29.447742639 -27.5 75.4574744705 29.447742639 -28.2308841099 69.107494968 26.4604259084 -26.5 69.107494968 26.4604259084 -27 69.107494968 26.4604259084 -27.5 69.107494968 26.4604259084 -28 69.107494968 26.4604259084 -28.3083322271 75.6446904379 28.96343917 -26.5 75.6446904379 28.96343917 -27 75.6446904379 28.96343917 -27.5 75.6446904379 28.96343917 -28 75.6446904379 28.96343917 -28.3083322271 69.2756920646 26.0168885337 -26.5 69.2756920646 26.0168885337 -27 69.2756920646 26.0168885337 -27.5 69.2756920646 26.0168885337 -28 69.2756920646 26.0168885337 -28.3849174742 75.8287980707 28.4779455571 -26.5 75.8287980707 28.4779455571 -27 75.8287980707 28.4779455571 -27.5 75.8287980707 28.4779455571 -28 75.8287980707 28.4779455571 -28.3849174742 69.4410425366 25.5722820926 -27 69.4410425366 25.5722820926 -27.5 69.4410425366 25.5722820926 -28 69.4410425366 25.5722820926 -28.4599761051 76.0097898036 27.9912817501 -27 76.0097898036 27.9912817501 -27.5 76.0097898036 27.9912817501 -28 76.0097898036 27.9912817501 -28.4599761051 69.6035395897 25.1266248546 -27 69.6035395897 25.1266248546 -27.5 69.6035395897 25.1266248546 -28 69.6035395897 25.1266248546 -28.5328443736 76.1876581995 27.5034677463 -27 76.1876581995 27.5034677463 -27.5 76.1876581995 27.5034677463 -28 76.1876581995 27.5034677463 -28.5328443736 69.7631765466 24.6799351323 -27 69.7631765466 24.6799351323 -27.5 69.7631765466 24.6799351323 -28 69.7631765466 24.6799351323 -28.6028585336 76.3623959496 27.0145235908 -27 76.3623959496 27.0145235908 -27.5 76.3623959496 27.0145235908 -28 76.3623959496 27.0145235908 -28.6028585336 76.5339958736 26.5244693748 -27.5 76.5339958736 26.5244693748 -28 76.5339958736 26.5244693748 -28.6693548387</DataArray></Points>
      <Cells>
        <DataArray type="Int32" Name="connectivity" format="ascii">0 29 31 1 30 32 1 30 32 2 41 42 2 41 42 3 50 51 3 50 51 4 58 59 4 58 59 5 65 66 5 65 66 6 71 72 6 71 72 7 76 77 7 76 77 8 80 81 8 80 81 9 84 85 9 84 85 10 88 89 10 88 89 11 92 93 11 92 93 12 96 97 13 14 99 98 15 16 101 100 15 16 101 100 17 18 103 102 17 18 103 102 19 20 105 104 19 20 105 104 21 22 107 106 21 22 107 106 23 24 109 108 23 24 109 108 25 26 111 110 25 26 111 110 27 28 113 112 27 28 113 112 29 30 115 114 29 30 115 114 31 32 117 116 14 33 118 99 16 34 119 101 16 34 119 101 18 35 120 103 18 35 120 103 20 36 121 105 20 36 121 105 22 37 122 107 22 37 122 107 24 38 123 109 24 38 123 109 26 39 124 111 26 39 124 111 28 40 125 113 28 40 125 113 30 41 126 115 30 41 126 115 32 42 127 117 34 43 128 119 35 44 129 120 35 44 129 120 36 45 130 121 36 45 130 121 37 46 131 122 37 46 131 122 38 47 132 123 38 47 132 123 39 48 133 124 39 48 133 124 40 49 134 125 40 49 134 125 41 50 135 126 41 50 135 126 42 51 136 127 44 52 138 129 45 53 139 130 45 53 139 130 46 54 140 131 46 54 140 131 47 55 141 132 47 55 141 132 48 56 142 133 48 56 142 133 49 57 143 134 49 57 143 134 50 58 144 135 50 58 144 135 51 59 145 136 53 60 148 139 54 61 149 140 54 61 149 140 55 62 150 141 55 62 150 141 56 63 151 142 56 63 151 142 57 64 152 143 57 64 152 143 58 65 153 144 58 65 153 144 59 66 154 145 61 67 158 149 62 68 159 150 62 68 159 150 63 69 160 151 63 69 160 151 64 70 161 152 64 70 161 152 65 71 162 153 65 71 162 153 66 72 163 154 68 73 168 159 69 74 169 160 69 74 169 160 70 75 170 161 70 75 170 161 71 76 171 162 71 76 171 162 72 77 172 163 74 78 178 169 75 79 179 170 75 79 179 170 76 80 180 171 76 80 180 171 77 81 181 172 78 82 187 178 79 83 188 179 79 83 188 179 80 84 189 180 80 84 189 180 81 85 190 181 82 86 196 187 83 87 197 188 83 87 197 188 84 88 198 189 84 88 198 189 85 89 199 190 86 90 205 196 87 91 206 197 87 91 206 197 88 92 207 198 88 92 207 198 89 93 208 199 90 94 214 205 91 95 215 206 91 95 215 206 92 96 216 207 92 96 216 207 93 97 217 208 100 101 219 218 102 103 221 220 102 103 221 220 104 105 223 222 104 105 223 222 106 107 225 224 106 107 225 224 108 109 227 226 108 109 227 226 110 111 229 228 110 111 229 228 112 113 231 230 112 113 231 230 114 115 233 232 114 115 233 232 116 117 235 234 101 119 236 219 103 120 237 221 103 120 237 221 105 121 238 223 105 121 238 223 107 122 239 225 107 122 239 225 109 123 240 227 109 123 240 227 111 124 241 229 111 124 241 229 113 125 242 231 113 125 242 231 115 126 243 233 115 126 243 233 117 127 244 235 119 128 245 236 120 129 246 237 120 129 246 237 121 130 247 238 121 130 247 238 122 131 248 239 122 131 248 239 123 132 249 240 123 132 249 240 124 133 250 241 124 133 250 241 125 134 251 242 125 134 251 242 126 135 252 243 126 135 252 243 127 136 253 244 128 137 254 245 129 138 255 246 129 138 255 246 130 139 256 247 130 139 256 247 131 140 257 248 131 140 257 248 132 141 258 249 132 141 258 249 133 142 259 250 133 142 259 250 134 143 260 251 134 143 260 251 135 144 261 252 135 144 261 252 136 145 262 253 137 146 263 254 138 147 264 255 138 147 264 255 139 148 265 256 139 148 265 256 140 149 266 257 140 149 266 257 141 150 267 258 141 150 267 258 142 151 268 259 142 151 268 259 143 152 269 260 143 152 269 260 144 153 270 261 144 153 270 261 145 154 271 262 146 155 272 263 147 156 273 264 147 156 273 264 148 157 274 265 148 157 274 265 149 158 275 266 149 158 275 266 150 159 276 267 150 159 276 267 151 160 277 268 151 160 277 268 152 161 278 269 152 161 278 269 153 162 279 270 153 162 279 270 154 163 280 271 155 164 281 272 156 165 282 273 156 165 282 273 157 166 283 274 157 166 283 274 158 167 284 275 158 167 284 275 159 168 285 276 159 168 285 276 160 169 286 277 160 169 286 277 161 170 287 278 161 170 287 278 162 171 288 279 162 171 288 279 163 172 289 280 164 173 290 281 165 174 291 282 165 174 291 282 166 175 292 283 166 175 292 283 167 176 293 284 167 176 293 284 168 177 294 285 168 177 294 285 169 178 295 286 169 178 295 286 170 179 296 287 170 179 296 287 171 180 297 288 171 180 297 288 172 181 298 289 173 182 299 290 174 183 300 291 174 183 300 291 175 184 301 292 175 184 301 292 176 185 302 293 176 185 302 293 177 186 303 294 177 186 303 294 178 187 304 295 178 187 304 295 179 188 305 296 179 188 305 296 180 189 306 297 180 189 306 297 181 190 307 298 182 191 308 299 183 192 309 300 183 192 309 300 184 193 310 301 184 193 310 301 185 194 311 302 185 194 311 302 186 195 312 303 186 195 312 303 187 196 313 304 187 196 313 304 188 197 314 305 188 197 314 305 189 198 315 306 189 198 315 306 190 199 316 307 191 200 317 308 192 201 318 309 192 201 318 309 193 202 319 310 193 202 319 310 194 203 320 311 194 203 320 311 195 204 321 312 195 204 321 312 196 205 322 313 196 205 322 313 197 206 323 314 197 206 323 314 198 207 324 315 198 207 324 315 199 208 325 316 200 209 326 317 201 210 327 318 201 210 327 318 202 211 328 319 202 211 328 319 203 212 329 320 203 212 329 320 204 213 330 321 204 213 330 321 205 214 331 322 205 214 331 322 206 215 332 323 206 215 332 323 207 216 333 324 207 216 333 324 208 217 334 325 218 219 336 335 220 221 338 337 220 221 338 337 222 223 340 339 222 223 340 339 224 225 342 341 224 225 342 341 226 227 344 343 226 227 344 343 228 229 346 345 228 229 346 345 230 231 348 347 230 231 348 347 232 233 350 349 232 233 350 349 234 235 352 351 234 351 353 235 352 354 219 236 355 336 221 237 356 338 221 237 356 338 223 238 357 340 223 238 357 340 225 239 358 342 225 239 358 342 227 240 359 344 227 240 359 344 229 241 360 346 229 241 360 346 231 242 361 348 231 242 361 348 233 243 362 350 233 243 362 350 235 244 363 352 235 352 354 244 363 364 236 245 365 355 237 246 366 356 237 246 366 356 238 247 367 357 238 247 367 357 239 248 368 358 239 248 368 358 240 249 369 359 240 249 369 359 241 250 370 360 241 250 370 360 242 251 371 361 242 251 371 361 243 252 372 362 243 252 372 362 244 253 373 363 244 363 364 253 373 374 245 254 375 365 246 255 376 366 246 255 376 366 247 256 377 367 247 256 377 367 248 257 378 368 248 257 378 368 249 258 379 369 249 258 379 369 250 259 380 370 250 259 380 370 251 260 381 371 251 260 381 371 252 261 382 372 252 261 382 372 253 262 383 373 253 373 374 262 383 384 254 263 385 375 255 264 386 376 255 264 386 376 256 265 387 377 256 265 387 377 257 266 388 378 257 266 388 378 258 267 389 379 258 267 389 379 259 268 390 380 259 268 390 380 260 269 391 381 260 269 391 381 261 270 392 382 261 270 392 382 262 271 393 383 262 383 384 271 393 394 263 272 395 385 264 273 396 386 264 273 396 386 265 274 397 387 265 274 397 387 266 275 398 388 266 275 398 388 267 276 399 389 267 276 399 389 268 277 400 390 268 277 400 390 269 278 401 391 269 278 401 391 270 279 402 392 270 279 402 392 271 280 403 393 271 393 394 280 403 404 272 281 405 395 273 282 406 396 273 282 406 396 274 283 407 397 274 283 407 397 275 284 408 398 275 284 408 398 276 285 409 399 276 285 409 399 277 286 410 400 277 286 410 400 278 287 411 401 278 287 411 401 279 288 412 402 279 288 412 402 280 289 413 403 280 403 404 289 413 414 281 290 415 405 282 291 416 406 282 291 416 406 283 292 417 407 283 292 417 407 284 293 418 408 284 293 418 408 285 294 419 409 285 294 419 409 286 295 420 410 286 295 420 410 287 296 421 411 287 296 421 411 288 297 422 412 288 297 422 412 289 298 423 413 289 413 414 298 423 424 290 299 425 415 291 300 426 416 291 300 426 416 292 301 427 417 292 301 427 417 293 302 428 418 293 302 428 418 294 303 429 419 294 303 429 419 295 304 430 420 295 304 430 420 296 305 431 421 296 305 431 421 297 306 432 422 297 306 432 422 298 307 433 423 298 423 424 307 433 434 299 308 435 425 300 309 436 426 300 309 436 426 301 310 437 427 301 310 437 427 302 311 438 428 302 311 438 428 303 312 439 429 303 312 439 429 304 313 440 430 304 313 440 430 305 314 441 431 305 314 441 431 306 315 442 432 306 315 442 432 307 316 443 433 307 433 434 316 443 444 308 317 445 435 309 318 446 436 309 318 446 436 310 319 447 437 310 319 447 437 311 320 448 438 311 320 448 438 312 321 449 439 312 321 449 439 313 322 450 440 313 322 450 440 314 323 451 441 314 323 451 441 315 324 452 442 315 324 452 442 316 325 453 443 316 443 444 325 453 454 317 326 455 445 318 327 456 446 318 327 456 446 319 328 457 447 319 328 457 447 320 329 458 448 320 329 458 448 321 330 459 449 321 330 459 449 322 331 460 450 322 331 460 450 323 332 461 451 323 332 461 451 324 333 462 452 324 333 462 452 325 334 463 453 325 453 454 334 463 464 335 336 466 465 337 338 468 467 337 338 468 467 339 340 470 469 339 340 470 469 341 342 472 471 341 342 472 471 343 344 474 473 343 344 474 473 345 346 476 475 345 346 476 475 347 348 478 477 347 348 478 477 349 350 480 479 349 350 480 479 351 352 482 481 351 352 482 481 353 354 484 483 336 355 485 466 338 356 486 468 338 356 486 468 340 357 487 470 340 357 487 470 342 358 488 472 342 358 488 472 344 359 489 474 344 359 489 474 346 360 490 476 346 360 490 476 348 361 491 478 348 361 491 478 350 362 492 480 350 362 492 480 352 363 493 482 352 363 493 482 354 364 494 484 355 365 495 485 356 366 496 486 356 366 496 486 357 367 497 487 357 367 497 487 358 368 498 488 358 368 498 488 359 369 499 489 359 369 499 489 360 370 500 490 360 370 500 490 361 371 501 491 361 371 501 491 362 372 502 492 362 372 502 492 363 373 503 493 363 373 503 493 364 374 504 494 365 375 505 495 366 376 506 496 366 376 506 496 367 377 507 497 367 377 507 497 368 378 508 498 368 378 508 498 369 379 509 499 369 379 509 499 370 380 510 500 370 380 510 500 371 381 511 501 371 381 511 501 372 382 512 502 372 382 512 502 373 383 513 503 373 383 513 503 374 384 514 504 375 385 515 505 376 386 516 506 376 386 516 506 377 387 517 507 377 387 517 507 378 388 518 508 378 388 518 508 379 389 519 509 379 389 519 509 380 390 520 510 380 390 520 510 381 391 521 511 381 391 521 511 382 392 522 512 382 392 522 512 383 393 523 513 383 393 523 513 384 394 524 514 385 395 525 515 386 396 526 516 386 396 526 516 387 397 527 517 387 397 527 517 388 398 528 518 388 398 528 518 389 399 529 519 389 399 529 519 390 400 530 520 390 400 530 520 391 401 531 521 391 401 531 521 392 402 532 522 392 402 532 522 393 403 533 523 393 403 533 523 394 404 534 524 395 405 535 525 396 406 536 526 396 406 536 526 397 407 537 527 397 407 537 527 398 408 538 528 398 408 538 528 399 409 539 529 399 409 539 529 400 410 540 530 400 410 540 530 401 411 541 531 401 411 541 531 402 412 542 532 402 412 542 532 403 413 543 533 403 413 543 533 404 414 544 534 405 415 545 535 406 416 546 536 406 416 546 536 407 417 547 537 407 417 547 537 408 418 548 538 408 418 548 538 409 419 549 539 409 419 549 539 410 420 550 540 410 420 550 540 411 421 551 541 411 421 551 541 412 422 552 542 412 422 552 542 413 423 553 543 413 423 553 543 414 424 554 544 415 425 555 545 416 426 556 546 416 426 556 546 417 427 557 547 417 427 557 547 418 428 558 548 418 428 558 548 419 429 559 549 419 429 559 549 420 430 560 550 420 430 560 550 421 431 561 551 421 431 561 551 422 432 562 552 422 432 562 552 423 433 563 553 423 433 563 553 424 434 564 554 425 435 565 555 426 436 566 556 426 436 566 556 427 437 567 557 427 437 567 557 428 438 568 558 428 438 568 558 429 439 569 559 429 439 569 559 430 440 570 560 430 440 570 560 431 441 571 561 431 441 571 561 432 442 572 562 432 442 572 562 433 443 573 563 433 443 573 563 434 444 574 564 435 445 575 565 436 446 576 566 436 446 576 566 437 447 577 567 437 447 577 567 438 448 578 568 438 448 578 568 439 449 579 569 439 449 579 569 440 450 580 570 440 450 580 570 441 451 581 571 441 451 581 571 442 452 582 572 442 452 582 572 443 453 583 573 443 453 583 573 444 454 584 574 445 455 585 575 446 456 586 576 446 456 586 576 447 457 587 577 447 457 587 577 448 458 588 578 448 458 588 578 449 459 589 579 449 459 589 579 450 460 590 580 450 460 590 580 451 461 591 581 451 461 591 581 452 462 592 582 452 462 592 582 453 463 593 583 453 463 593 583 454 464 594 584 467 468 596 595 469 470 598 597 469 470 598 597 471 472 600 599 471 472 600 599 473 474 602 601 473 474 602 601 475 476 604 603 475 476 604 603 477 478 606 605 477 478 606 605 479 480 608 607 479 480 608 607 481 482 610 609 481 482 610 609 483 484 612 611 468 486 613 596 470 487 614 598 470 487 614 598 472 488 615 600 472 488 615 600 474 489 616 602 474 489 616 602 476 490 617 604 476 490 617 604 478 491 618 606 478 491 618 606 480 492 619 608 480 492 619 608 482 493 620 610 482 493 620 610 484 494 621 612 486 496 622 613 487 497 623 614 487 497 623 614 488 498 624 615 488 498 624 615 489 499 625 616 489 499 625 616 490 500 626 617 490 500 626 617 491 501 627 618 491 501 627 618 492 502 628 619 492 502 628 619 493 503 629 620 493 503 629 620 494 504 630 621 496 506 631 622 497 507 632 623 497 507 632 623 498 508 633 624 498 508 633 624 499 509 634 625 499 509 634 625 500 510 635 626 500 510 635 626 501 511 636 627 501 511 636 627 502 512 637 628 502 512 637 628 503 513 638 629 503 513 638 629 504 514 639 630 506 516 640 631 507 517 641 632 507 517 641 632 508 518 642 633 508 518 642 633 509 519 643 634 509 519 643 634 510 520 644 635 510 520 644 635 511 521 645 636 511 521 645 636 512 522 646 637 512 522 646 637 513 523 647 638 513 523 647 638 514 524 648 639 516 526 649 640 517 527 650 641 517 527 650 641 518 528 651 642 518 528 651 642 519 529 652 643 519 529 652 643 520 530 653 644 520 530 653 644 521 531 654 645 521 531 654 645 522 532 655 646 522 532 655 646 523 533 656 647 523 533 656 647 524 534 657 648 526 536 658 649 527 537 659 650 527 537 659 650 528 538 660 651 528 538 660 651 529 539 661 652 529 539 661 652 530 540 662 653 530 540 662 653 531 541 663 654 531 541 663 654 532 542 664 655 532 542 664 655 533 543 665 656 533 543 665 656 534 544 666 657 536 546 667 658 537 547 668 659 537 547 668 659 538 548 669 660 538 548 669 660 539 549 670 661 539 549 670 661 540 550 671 662 540 550 671 662 541 551 672 663 541 551 672 663 542 552 673 664 542 552 673 664 543 553 674 665 543 553 674 665 544 554 675 666 546 556 676 667 547 557 677 668 547 557 677 668 548 558 678 669 548 558 678 669 549 559 679 670 549 559 679 670 550 560 680 671 550 560 680 671 551 561 681 672 551 561 681 672 552 562 682 673 552 562 682 673 553 563 683 674 553 563 683 674 554 564 684 675 556 566 685 676 557 567 686 677 557 567 686 677 558 568 687 678 558 568 687 678 559 569 688 679 559 569 688 679 560 570 689 680 560 570 689 680 561 571 690 681 561 571 690 681 562 572 691 682 562 572 691 682 563 573 692 683 563 573 692 683 564 574 693 684 566 576 694 685 567 577 695 686 567 577 695 686 568 578 696 687 568 578 696 687 569 579 697 688 569 579 697 688 570 580 698 689 570 580 698 689 571 581 699 690 571 581 699 690 572 582 700 691 572 582 700 691 573 583 701 692 573 583 701 692 574 584 702 693 576 586 703 694 577 587 704 695 577 587 704 695 578 588 705 696 578 588 705 696 579 589 706 697 579 589 706 697 580 590 707 698 580 590 707 698 581 591 708 699 581 591 708 699 582 592 709 700 582 592 709 700 583 593 710 701 583 593 710 701 584 594 711 702 595 596 713 712 597 598 715 714 597 598 715 714 599 600 717 716 599 600 717 716 601 602 719 718 601 602 719 718 603 604 721 720 603 604 721 720 605 606 723 722 605 606 723 722 607 608 725 724 607 608 725 724 609 610 727 726 609 610 727 726 611 612 729 728 596 613 730 713 598 614 731 715 598 614 731 715 600 615 732 717 600 615 732 717 602 616 733 719 602 616 733 719 604 617 734 721 604 617 734 721 606 618 735 723 606 618 735 723 608 619 736 725 608 619 736 725 610 620 737 727 610 620 737 727 612 621 738 729 613 622 739 730 614 623 740 731 614 623 740 731 615 624 741 732 615 624 741 732 616 625 742 733 616 625 742 733 617 626 743 734 617 626 743 734 618 627 744 735 618 627 744 735 619 628 745 736 619 628 745 736 620 629 746 737 620 629 746 737 621 630 747 738 622 631 748 739 623 632 749 740 623 632 749 740 624 633 750 741 624 633 750 741 625 634 751 742 625 634 751 742 626 635 752 743 626 635 752 743 627 636 753 744 627 636 753 744 628 637 754 745 628 637 754 745 629 638 755 746 629 638 755 746 630 639 756 747 631 640 757 748 632 641 758 749 632 641 758 749 633 642 759 750 633 642 759 750 634 643 760 751 634 643 760 751 635 644 761 752 635 644 761 752 636 645 762 753 636 645 762 753 637 646 763 754 637 646 763 754 638 647 764 755 638 647 764 755 639 648 765 756 640 649 766 757 641 650 767 758 641 650 767 758 642 651 768 759 642 651 768 759 643 652 769 760 643 652 769 760 644 653 770 761 644 653 770 761 645 654 771 762 645 654 771 762 646 655 772 763 646 655 772 763 647 656 773 764 647 656 773 764 648 657 774 765 649 658 775 766 650 659 776 767 650 659 776 767 651 660 777 768 651 660 777 768 652 661 778 769 652 661 778 769 653 662 779 770 653 662 779 770 654 663 780 771 654 663 780 771 655 664 781 772 655 664 781 772 656 665 782 773 656 665 782 773 657 666 783 774 658 667 784 775 659 668 785 776 659 668 785 776 660 669 786 777 660 669 786 777 661 670 787 778 661 670 787 778 662 671 788 779 662 671 788 779 663 672 789 780 663 672 789 780 664 673 790 781 664 673 790 781 665 674 791 782 665 674 791 782 666 675 792 783 667 676 793 784 668 677 794 785 668 677 794 785 669 678 795 786 669 678 795 786 670 679 796 787 670 679 796 787 671 680 797 788 671 680 797 788 672 681 798 789 672 681 798 789 673 682 799 790 673 682 799 790 674 683 800 791 674 683 800 791 675 684 801 792 676 685 802 793 677 686 803 794 677 686 803 794 678 687 804 795 678 687 804 795 679 688 805 796 679 688 805 796 680 689 806 797 680 689 806 797 681 690 807 798 681 690 807 798 682 691 808 799 682 691 808 799 683 692 809 800 683 692 809 800 684 693 810 801 685 694 811 802 686 695 812 803 686 695 812 803 687 696 813 804 687 696 813 804 688 697 814 805 688 697 814 805 689 698 815 806 689 698 815 806 690 699 816 807 690 699 816 807 691 700 817 808 691 700 817 808 692 701 818 809 692 701 818 809 693 702 819 810 694 703 820 811 695 704 821 812 695 704 821 812 696 705 822 813 696 705 822 813 697 706 823 814 697 706 823 814 698 707 824 815 698 707 824 815 699 708 825 816 699 708 825 816 700 709 826 817 700 709 826 817 701 710 827 818 701 710 827 818 702 711 828 819 712 713 830 829 714 715 832 831 714 715 832 831 716 717 834 833 716 717 834 833 718 719 836 835 718 719 836 835 720 721 838 837 720 721 838 837 722 723 840 839 722 723 840 839 724 725 842 841 724 725 842 841 726 727 844 843 726 727 844 843 728 729 846 845 728 845 847 729 846 848 713 730 849 830 715 731 850 832 715 731 850 832 717 732 851 834 717 732 851 834 719 733 852 836 719 733 852 836 721 734 853 838 721 734 853 838 723 735 854 840 723 735 854 840 725 736 855 842 725 736 855 842 727 737 856 844 727 737 856 844 729 738 857 846 729 846 848 738 857 858 730 739 859 849 731 740 860 850 731 740 860 850 732 741 861 851 732 741 861 851 733 742 862 852 733 742 862 852 734 743 863 853 734 743 863 853 735 744 864 854 735 744 864 854 736 745 865 855 736 745 865 855 737 746 866 856 737 746 866 856 738 747 867 857 738 857 858 747 867 868 739 748 869 859 740 749 870 860 740 749 870 860 741 750 871 861 741 750 871 861 742 751 872 862 742 751 872 862 743 752 873 863 743 752 873 863 744 753 874 864 744 753 874 864 745 754 875 865 745 754 875 865 746 755 876 866 746 755 876 866 747 756 877 867 747 867 868 756 877 878 748 757 879 869 749 758 880 870 749 758 880 870 750 759 881 871 750 759 881 871 751 760 882 872 751 760 882 872 752 761 883 873 752 761 883 873 753 762 884 874 753 762 884 874 754 763 885 875 754 763 885 875 755 764 886 876 755 764 886 876 756 765 887 877 756 877 878 765 887 888 757 766 889 879 758 767 890 880 758 767 890 880 759 768 891 881 759 768 891 881 760 769 892 882 760 769 892 882 761 770 893 883 761 770 893 883 762 771 894 884 762 771 894 884 763 772 895 885 763 772 895 885 764 773 896 886 764 773 896 886 765 774 897 887 765 887 888 774 897 898 766 775 899 889 767 776 900 890 767 776 900 890 768 777 901 891 768 777 901 891 769 778 902 892 769 778 902 892 770 779 903 893 770 779 903 893 771 780 904 894 771 780 904 894 772 781 905 895 772 781 905 895 773 782 906 896 773 782 906 896 774 783 907 897 774 897 898 783 907 908 775 784 909 899 776 785 910 900 776 785 910 900 777 786 911 901 777 786 911 901 778 787 912 902 778 787 912 902 779 788 913 903 779 788 913 903 780 789 914 904 780 789 914 904 781 790 915 905 781 790 915 905 782 791 916 906 782 791 916 906 783 792 917 907 783 907 908 792 917 918 784 793 919 909 785 794 920 910 785 794 920 910 786 795 921 911 786 795 921 911 787 796 922 912 787 796 922 912 788 797 923 913 788 797 923 913 789 798 924 914 789 798 924 914 790 799 925 915 790 799 925 915 791 800 926 916 791 800 926 916 792 801 927 917 792 917 918 801 927 928 793 802 929 919 794 803 930 920 794 803 930 920 795 804 931 921 795 804 931 921 796 805 932 922 796 805 932 922 797 806 933 923 797 806 933 923 798 807 934 924 798 807 934 924 799 808 935 925 799 808 935 925 800 809 936 926 800 809 936 926 801 810 937 927 801 927 928 810 937 938 802 811 939 929 803 812 940 930 803 812 940 930 804 813 941 931 804 813 941 931 805 814 942 932 805 814 942 932 806 815 943 933 806 815 943 933 807 816 944 934 807 816 944 934 808 817 945 935 808 817 945 935 809 818 946 936 809 818 946 936 810 819 947 937 810 937 938 819 947 948 811 820 949 939 812 821 950 940 812 821 950 940 813 822 951 941 813 822 951 941 814 823 952 942 814 823 952 942 815 824 953 943 815 824 953 943 816 825 954 944 816 825 954 944 817 826 955 945 817 826 955 945 818 827 956 946 818 827 956 946 819 828 957 947 819 947 948 828 957 958 831 832 960 959 833 834 962 961 833 834 962 961 835 836 964 963 835 836 964 963 837 838 966 965 837 838 966 965 839 840 968 967 839 840 968 967 841 842 970 969 841 842 970 969 843 844 972 971 843 844 972 971 845 846 974 973 845 846 974 973 847 848 976 975 832 850 977 960 834 851 978 962 834 851 978 962 836 852 979 964 836 852 979 964 838 853 980 966 838 853 980 966 840 854 981 968 840 854 981 968 842 855 982 970 842 855 982 970 844 856 983 972 844 856 983 972 846 857 984 974 846 857 984 974 848 858 985 976 850 860 986 977 851 861 987 978 851 861 987 978 852 862 988 979 852 862 988 979 853 863 989 980 853 863 989 980 854 864 990 981 854 864 990 981 855 865 991 982 855 865 991 982 856 866 992 983 856 866 992 983 857 867 993 984 857 867 993 984 858 868 994 985 860 870 995 986 861 871 996 987 861 871 996 987 862 872 997 988 862 872 997 988 863 873 998 989 863 873 998 989 864 874 999 990 864 874 999 990 865 875 1000 991 865 875 1000 991 866 876 1001 992 866 876 1001 992 867 877 1002 993 867 877 1002 993 868 878 1003 994 870 880 1004 995 871 881 1005 996 871 881 1005 996 872 882 1006 997 872 882 1006 997 873 883 1007 998 873 883 1007 998 874 884 1008 999 874 884 1008 999 875 885 1009 1000 875 885 1009 1000 876 886 1010 1001 876 886 1010 1001 877 887 1011 1002 877 887 1011 1002 878 888 1012 1003 880 890 1013 1004 881 891 1014 1005 881 891 1014 1005 882 892 1015 1006 882 892 1015 1006 883 893 1016 1007 883 893 1016 1007 884 894 1017 1008 884 894 1017 1008 885 895 1018 1009 885 895 1018 1009 886 896 1019 1010 886 896 1019 1010 887 897 1020 1011 887 897 1020 1011 888 898 1021 1012 890 900 1022 1013 891 901 1023 1014 891 901 1023 1014 892 902 1024 1015 892 902 1024 1015 893 903 1025 1016 893 903 1025 1016 894 904 1026 1017 894 904 1026 1017 895 905 1027 1018 895 905 1027 1018 896 906 1028 1019 896 906 1028 1019 897 907 1029 1020 897 907 1029 1020 898 908 1030 1021 900 910 1031 1022 901 911 1032 1023 901 911 1032 1023 902 912 1033 1024 902 912 1033 1024 903 913 1034 1025 903 913 1034 1025 904 914 1035 1026 904 914 1035 1026 905 915 1036 1027 905 915 1036 1027 906 916 1037 1028 906 916 1037 1028 907 917 1038 1029 907 917 1038 1029 908 918 1039 1030 910 920 1040 1031 911 921 1041 1032 911 921 1041 1032 912 922 1042 1033 912 922 1042 1033 913 923 1043 1034 913 923 1043 1034 914 924 1044 1035 914 924 1044 1035 915 925 1045 1036 915 925 1045 1036 916 926 1046 1037 916 926 1046 1037 917 927 1047 1038 917 927 1047 1038 918 928 1048 1039 920 930 1049 1040 921 931 1050 1041 921 931 1050 1041 922 932 1051 1042 922 932 1051 1042 923 933 1052 1043 923 933 1052 1043 924 934 1053 1044 924 934 1053 1044 925 935 1054 1045 925 935 1054 1045 926 936 1055 1046 926 936 1055 1046 927 937 1056 1047 927 937 1056 1047 928 938 1057 1048 930 940 1058 1049 931 941 1059 1050 931 941 1059 1050 932 942 1060 1051 932 942 1060 1051 933 943 1061 1052 933 943 1061 1052 934 944 1062 1053 934 944 1062 1053 935 945 1063 1054 935 945 1063 1054 936 946 1064 1055 936 946 1064 1055 937 947 1065 1056 937 947 1065 1056 938 948 1066 1057 940 950 1067 1058 941 951 1068 1059 941 951 1068 1059 942 952 1069 1060 942 952 1069 1060 943 953 1070 1061 943 953 1070 1061 944 954 1071 1062 944 954 1071 1062 945 955 1072 1063 945 955 1072 1063 946 956 1073 1064 946 956 1073 1064 947 957 1074 1065 947 957 1074 1065 948 958 1075 1066 959 960 1077 1076 961 962 1079 1078 961 962 1079 1078 963 964 1081 1080 963 964 1081 1080 965 966 1083 1082 965 966 1083 1082 967 968 1085 1084 967 968 1085 1084 969 970 1087 1086 969 970 1087 1086 971 972 1089 1088 971 972 1089 1088 973 974 1091 1090 973 974 1091 1090 975 976 1093 1092 960 977 1094 1077 962 978 1095 1079 962 978 1095 1079 964 979 1096 1081 964 979 1096 1081 966 980 1097 1083 966 980 1097 1083 968 981 1098 1085 968 981 1098 1085 970 982 1099 1087 970 982 1099 1087 972 983 1100 1089 972 983 1100 1089 974 984 1101 1091 974 984 1101 1091 976 985 1102 1093 977 986 1103 1094 978 987 1104 1095 978 987 1104 1095 979 988 1105 1096 979 988 1105 1096 980 989 1106 1097 980 989 1106 1097 981 990 1107 1098 981 990 1107 1098 982 991 1108 1099 982 991 1108 1099 983 992 1109 1100 983 992 1109 1100 984 993 1110 1101 984 993 1110 1101 985 994 1111 1102 986 995 1112 1103 987 996 1113 1104 987 996 1113 1104 988 997 1114 1105 988 997 1114 1105 989 998 1115 1106 989 998 1115 1106 990 999 1116 1107 990 999 1116 1107 991 1000 1117 1108 991 1000 1117 1108 992 1001 1118 1109 992 1001 1118 1109 993 1002 1119 1110 993 1002 1119 1110 994 1003 1120 1111 995 1004 1121 1112 996 1005 1122 1113 996 1005 1122 1113 997 1006 1123 1114 997 1006 1123 1114 998 1007 1124 1115 998 1007 1124 1115 999 1008 1125 1116 999 1008 1125 1116 1000 1009 1126 1117 1000 1009 1126 1117 1001 1010 1127 1118 1001 1010 1127 1118 1002 1011 1128 1119 1002 1011 1128 1119 1003 1012 1129 1120 1004 1013 1130 1121 1005 1014 1131 1122 1005 1014 1131 1122 1006 1015 1132 1123 1006 1015 1132 1123 1007 1016 1133 1124 1007 1016 1133 1124 1008 1017 1134 1125 1008 1017 1134 1125 1009 1018 1135 1126 1009 1018 1135 1126 1010 1019 1136 1127 1010 1019 1136 1127 1011 1020 1137 1128 1011 1020 1137 1128 1012 1021 1138 1129 1013 1022 1139 1130 1014 1023 1140 1131 1014 1023 1140 1131 1015 1024 1141 1132 1015 1024 1141 1132 1016 1025 1142 1133 1016 1025 1142 1133 1017 1026 1143 1134 1017 1026 1143 1134 1018 1027 1144 1135 1018 1027 1144 1135 1019 1028 1145 1136 1019 1028 1145 1136 1020 1029 1146 1137 1020 1029 1146 1137 1021 1030 1147 1138 1022 1031 1148 1139 1023 1032 1149 1140 1023 1032 1149 1140 1024 1033 1150 1141 1024 1033 1150 1141 1025 1034 1151 1142 1025 1034 1151 1142 1026 1035 1152 1143 1026 1035 1152 1143 1027 1036 1153 1144 1027 1036 1153 1144 1028 1037 1154 1145 1028 1037 1154 1145 1029 1038 1155 1146 1029 1038 1155 1146 1030 1039 1156 1147 1031 1040 1157 1148 1032 1041 1158 1149 1032 1041 1158 1149 1033 1042 1159 1150 1033 1042 1159 1150 1034 1043 1160 1151 1034 1043 1160 1151 1035 1044 1161 1152 1035 1044 1161 1152 1036 1045 1162 1153 1036 1045 1162 1153 1037 1046 1163 1154 1037 1046 1163 1154 1038 1047 1164 1155 1038 1047 1164 1155 1039 1048 1165 1156 1040 1049 1166 1157 1041 1050 1167 1158 1041 1050 1167 1158 1042 1051 1168 1159 1042 1051 1168 1159 1043 1052 1169 1160 1043 1052 1169 1160 1044 1053 1170 1161 1044 1053 1170 1161 1045 1054 1171 1162 1045 1054 1171 1162 1046 1055 1172 1163 1046 1055 1172 1163 1047 1056 1173 1164 1047 1056 1173 1164 1048 1057 1174 1165 1049 1058 1175 1166 1050 1059 1176 1167 1050 1059 1176 1167 1051 1060 1177 1168 1051 1060 1177 1168 1052 1061 1178 1169 1052 1061 1178 1169 1053 1062 1179 1170 1053 1062 1179 1170 1054 1063 1180 1171 1054 1063 1180 1171 1055 1064 1181 1172 1055 1064 1181 1172 1056 1065 1182 1173 1056 1065 1182 1173 1057 1066 1183 1174 1058 1067 1184 1175 1059 1068 1185 1176 1059 1068 1185 1176 1060 1069 1186 1177 1060 1069 1186 1177 1061 1070 1187 1178 1061 1070 1187 1178 1062 1071 1188 1179 1062 1071 1188 1179 1063 1072 1189 1180 1063 1072 1189 1180 1064 1073 1190 1181 1064 1073 1190 1181 1065 1074 1191 1182 1065 1074 1191 1182 1066 1075 1192 1183 1076 1077 1194 1193 1078 1079 1196 1195 1078 1079 1196 1195 1080 1081 1198 1197 1080 1081 1198 1197 1082 1083 1200 1199 1082 1083 1200 1199 1084 1085 1202 1201 1084 1085 1202 1201 1086 1087 1204 1203 1086 1087 1204 1203 1088 1089 1206 1205 1088 1089 1206 1205 1090 1091 1208 1207 1090 1091 1208 1207 1092 1093 1210 1209 1077 1094 1211 1194 1079 1095 1212 1196 1079 1095 1212 1196 1081 1096 1213 1198 1081 1096 1213 1198 1083 1097 1214 1200 1083 1097 1214 1200 1085 1098 1215 1202 1085 1098 1215 1202 1087 1099 1216 1204 1087 1099 1216 1204 1089 1100 1217 1206 1089 1100 1217 1206 1091 1101 1218 1208 1091 1101 1218 1208 1093 1102 1219 1210 1094 1103 1220 1211 1095 1104 1221 1212 1095 1104 1221 1212 1096 1105 1222 1213 1096 1105 1222 1213 1097 1106 1223 1214 1097 1106 1223 1214 1098 1107 1224 1215 1098 1107 1224 1215 1099 1108 1225 1216 1099 1108 1225 1216 1100 1109 1226 1217 1100 1109 1226 1217 1101 1110 1227 1218 1101 1110 1227 1218 1102 1111 1228 1219 1103 1112 1229 1220 1104 1113 1230 1221 1104 1113 1230 1221 1105 1114 1231 1222 1105 1114 1231 1222 1106 1115 1232 1223 1106 1115 1232 1223 1107 1116 1233 1224 1107 1116 1233 1224 1108 1117 1234 1225 1108 1117 1234 1225 1109 1118 1235 1226 1109 1118 1235 1226 1110 1119 1236 1227 1110 1119 1236 1227 1111 1120 1237 1228 1112 1121 1238 1229 1113 1122 1239 1230 1113 1122 1239 1230 1114 1123 1240 1231 1114 1123 1240 1231 1115 1124 1241 1232 1115 1124 1241 1232 1116 1125 1242 1233 1116 1125 1242 1233 1117 1126 1243 1234 1117 1126 1243 1234 1118 1127 1244 1235 1118 1127 1244 1235 1119 1128 1245 1236 1119 1128 1245 1236 1120 1129 1246 1237 1121 1130 1247 1238 1122 1131 1248 1239 1122 1131 1248 1239 1123 1132 1249 1240 1123 1132 1249 1240 1124 1133 1250 1241 1124 1133 1250 1241 1125 1134 1251 1242 1125 1134 1251 1242 1126 1135 1252 1243 1126 1135 1252 1243 1127 1136 1253 1244 1127 1136 1253 1244 1128 1137 1254 1245 1128 1137 1254 1245 1129 1138 1255 1246 1130 1139 1256 1247 1131 1140 1257 1248 1131 1140 1257 1248 1132 1141 1258 1249 1132 1141 1258 1249 1133 1142 1259 1250 1133 1142 1259 1250 1134 1143 1260 1251 1134 1143 1260 1251 1135 1144 1261 1252 1135 1144 1261 1252 1136 1145 1262 1253 1136 1145 1262 1253 1137 1146 1263 1254 1137 1146 1263 1254 1138 1147 1264 1255 1139 1148 1265 1256 1140 1149 1266 1257 1140 1149 1266 1257 1141 1150 1267 1258 1141 1150 1267 1258 1142 1151 1268 1259 1142 1151 1268 1259 1143 1152 1269 1260 1143 1152 1269 1260 1144 1153 1270 1261 1144 1153 1270 1261 1145 1154 1271 1262 1145 1154 1271 1262 1146 1155 1272 1263 1146 1155 1272 1263 1147 1156 1273 1264 1148 1157 1274 1265 1149 1158 1275 1266 1149 1158 1275 1266 1150 1159 1276 1267 1150 1159 1276 1267 1151 1160 1277 1268 1151 1160 1277 1268 1152 1161 1278 1269 1152 1161 1278 1269 1153 1162 1279 1270 1153 1162 1279 1270 1154 1163 1280 1271 1154 1163 1280 1271 1155 1164 1281 1272 1155 1164 1281 1272 1156 1165 1282 1273 1157 1166 1283 1274 1158 1167 1284 1275 1158 1167 1284 1275 1159 1168 1285 1276 1159 1168 1285 1276 1160 1169 1286 1277 1160 1169 1286 1277 1161 1170 1287 1278 1161 1170 1287 1278 1162 1171 1288 1279 1162 1171 1288 1279 1163 1172 1289 1280 1163 1172 1289 1280 1164 1173 1290 1281 1164 1173 1290 1281 1165 1174 1291 1282 1166 1175 1292 1283 1167 1176 1293 1284 1167 1176 1293 1284 1168 1177 1294 1285 1168 1177 1294 1285 1169 1178 1295 1286 1169 1178 1295 1286 1170 1179 1296 1287 1170 1179 1296 1287 1171 1180 1297 1288 1171 1180 1297 1288 1172 1181 1298 1289 1172 1181 1298 1289 1173 1182 1299 1290 1173 1182 1299 1290 1174 1183 1300 1291 1175 1184 1301 1292 1176 1185 1302 1293 1176 1185 1302 1293 1177 1186 1303 1294 1177 1186 1303 1294 1178 1187 1304 1295 1178 1187 1304 1295 1179 1188 1305 1296 1179 1188 1305 1296 1180 1189 1306 1297 1180 1189 1306 1297 1181 1190 1307 1298 1181 1190 1307 1298 1182 1191 1308 1299 1182 1191 1308 1299 1183 1192 1309 1300 1195 1196 1311 1310 1197 1198 1313 1312 1197 1198 1313 1312 1199 1200 1315 1314 1199 1200 1315 1314 1201 1202 1317 1316 1201 1202 1317 1316 1203 1204 1319 1318 1203 1204 1319 1318 1205 1206 1321 1320 1205 1206 1321 1320 1207 1208 1323 1322 1207 1208 1323 1322 1209 1210 1325 1324 1209 1324 1326 1210 1325 1327 1196 1212 1328 1311 1198 1213 1329 1313 1198 1213 1329 1313 1200 1214 1330 1315 1200 1214 1330 1315 1202 1215 1331 1317 1202 1215 1331 1317 1204 1216 1332 1319 1204 1216 1332 1319 1206 1217 1333 1321 1206 1217 1333 1321 1208 1218 1334 1323 1208 1218 1334 1323 1210 1219 1335 1325 1210 1325 1327 1219 1335 1336 1212 1221 1337 1328 1213 1222 1338 1329 1213 1222 1338 1329 1214 1223 1339 1330 1214 1223 1339 1330 1215 1224 1340 1331 1215 1224 1340 1331 1216 1225 1341 1332 1216 1225 1341 1332 1217 1226 1342 1333 1217 1226 1342 1333 1218 1227 1343 1334 1218 1227 1343 1334 1219 1228 1344 1335 1219 1335 1336 1228 1344 1345 1221 1230 1346 1337 1222 1231 1347 1338 1222 1231 1347 1338 1223 1232 1348 1339 1223 1232 1348 1339 1224 1233 1349 1340 1224 1233 1349 1340 1225 1234 1350 1341 1225 1234 1350 1341 1226 1235 1351 1342 1226 1235 1351 1342 1227 1236 1352 1343 1227 1236 1352 1343 1228 1237 1353 1344 1228 1344 1345 1237 1353 1354 1230 1239 1355 1346 1231 1240 1356 1347 1231 1240 1356 1347 1232 1241 1357 1348 1232 1241 1357 1348 1233 1242 1358 1349 1233 1242 1358 1349 1234 1243 1359 1350 1234 1243 1359 1350 1235 1244 1360 1351 1235 1244 1360 1351 1236 1245 1361 1352 1236 1245 1361 1352 1237 1246 1362 1353 1237 1353 1354 1246 1362 1363 1239 1248 1364 1355 1240 1249 1365 1356 1240 1249 1365 1356 1241 1250 1366 1357 1241 1250 1366 1357 1242 1251 1367 1358 1242 1251 1367 1358 1243 1252 1368 1359 1243 1252 1368 1359 1244 1253 1369 1360 1244 1253 1369 1360 1245 1254 1370 1361 1245 1254 1370 1361 1246 1255 1371 1362 1246 1362 1363 1255 1371 1372 1248 1257 1373 1364 1249 1258 1374 1365 1249 1258 1374 1365 1250 1259 1375 1366 1250 1259 1375 1366 1251 1260 1376 1367 1251 1260 1376 1367 1252 1261 1377 1368 1252 1261 1377 1368 1253 1262 1378 1369 1253 1262 1378 1369 1254 1263 1379 1370 1254 1263 1379 1370 1255 1264 1380 1371 1255 1371 1372 1264 1380 1381 1257 1266 1382 1373 1258 1267 1383 1374 1258 1267 1383 1374 1259 1268 1384 1375 1259 1268 1384 1375 1260 1269 1385 1376 1260 1269 1385 1376 1261 1270 1386 1377 1261 1270 1386 1377 1262 1271 1387 1378 1262 1271 1387 1378 1263 1272 1388 1379 1263 1272 1388 1379 1264 1273 1389 1380 1264 1380 1381 1273 1389 1390 1266 1275 1391 1382 1267 1276 1392 1383 1267 1276 1392 1383 1268 1277 1393 1384 1268 1277 1393 1384 1269 1278 1394 1385 1269 1278 1394 1385 1270 1279 1395 1386 1270 1279 1395 1386 1271 1280 1396 1387 1271 1280 1396 1387 1272 1281 1397 1388 1272 1281 1397 1388 1273 1282 1398 1389 1273 1389 1390 1282 1398 1399 1275 1284 1400 1391 1276 1285 1401 1392 1276 1285 1401 1392 1277 1286 1402 1393 1277 1286 1402 1393 1278 1287 1403 1394 1278 1287 1403 1394 1279 1288 1404 1395 1279 1288 1404 1395 1280 1289 1405 1396 1280 1289 1405 1396 1281 1290 1406 1397 1281 1290 1406 1397 1282 1291 1407 1398 1282 1398 1399 1291 1407 1408 1284 1293 1409 1400 1285 1294 1410 1401 1285 1294 1410 1401 1286 1295 1411 1402 1286 1295 1411 1402 1287 1296 1412 1403 1287 1296 1412 1403 1288 1297 1413 1404 1288 1297 1413 1404 1289 1298 1414 1405 1289 1298 1414 1405 1290 1299 1415 1406 1290 1299 1415 1406 1291 1300 1416 1407 1291 1407 1408 1300 1416 1417 1293 1302 1418 1409 1294 1303 1419 1410 1294 1303 1419 1410 1295 1304 1420 1411 1295 1304 1420 1411 1296 1305 1421 1412 1296 1305 1421 1412 1297 1306 1422 1413 1297 1306 1422 1413 1298 1307 1423 1414 1298 1307 1423 1414 1299 1308 1424 1415 1299 1308 1424 1415 1300 1309 1425 1416 1300 1416 1417 1309 1425 1426 1310 1311 1428 1427 1312 1313 1430 1429 1312 1313 1430 1429 1314 1315 1432 1431 1314 1315 1432 1431 1316 1317 1434 1433 1316 1317 1434 1433 1318 1319 1436 1435 1318 1319 1436 1435 1320 1321 1438 1437 1320 1321 1438 1437 1322 1323 1440 1439 1322 1323 1440 1439 1324 1325 1442 1441 1324 1325 1442 1441 1326 1327 1444 1443 1311 1328 1445 1428 1313 1329 1446 1430 1313 1329 1446 1430 1315 1330 1447 1432 1315 1330 1447 1432 1317 1331 1448 1434 1317 1331 1448 1434 1319 1332 1449 1436 1319 1332 1449 1436 1321 1333 1450 1438 1321 1333 1450 1438 1323 1334 1451 1440 1323 1334 1451 1440 1325 1335 1452 1442 1325 1335 1452 1442 1327 1336 1453 1444 1328 1337 1454 1445 1329 1338 1455 1446 1329 1338 1455 1446 1330 1339 1456 1447 1330 1339 1456 1447 1331 1340 1457 1448 1331 1340 1457 1448 1332 1341 1458 1449 1332 1341 1458 1449 1333 1342 1459 1450 1333 1342 1459 1450 1334 1343 1460 1451 1334 1343 1460 1451 1335 1344 1461 1452 1335 1344 1461 1452 1336 1345 1462 1453 1337 1346 1463 1454 1338 1347 1464 1455 1338 1347 1464 1455 1339 1348 1465 1456 1339 1348 1465 1456 1340 1349 1466 1457 1340 1349 1466 1457 1341 1350 1467 1458 1341 1350 1467 1458 1342 1351 1468 1459 1342 1351 1468 1459 1343 1352 1469 1460 1343 1352 1469 1460 1344 1353 1470 1461 1344 1353 1470 1461 1345 1354 1471 1462 1346 1355 1472 1463 1347 1356 1473 1464 1347 1356 1473 1464 1348 1357 1474 1465 1348 1357 1474 1465 1349 1358 1475 1466 1349 1358 1475 1466 1350 1359 1476 1467 1350 1359 1476 1467 1351 1360 1477 1468 1351 1360 1477 1468 1352 1361 1478 1469 1352 1361 1478 1469 1353 1362 1479 1470 1353 1362 1479 1470 1354 1363 1480 1471 1355 1364 1481 1472 1356 1365 1482 1473 1356 1365 1482 1473 1357 1366 1483 1474 1357 1366 1483 1474 1358 1367 1484 1475 1358 1367 1484 1475 1359 1368 1485 1476 1359 1368 1485 1476 1360 1369 1486 1477 1360 1369 1486 1477 1361 1370 1487 1478 1361 1370 1487 1478 1362 1371 1488 1479 1362 1371 1488 1479 1363 1372 1489 1480 1364 1373 1490 1481 1365 1374 1491 1482 1365 1374 1491 1482 1366 1375 1492 1483 1366 1375 1492 1483 1367 1376 1493 1484 1367 1376 1493 1484 1368 1377 1494 1485 1368 1377 1494 1485 1369 1378 1495 1486 1369 1378 1495 1486 1370 1379 1496 1487 1370 1379 1496 1487 1371 1380 1497 1488 1371 1380 1497 1488 1372 1381 1498 1489 1373 1382 1499 1490 1374 1383 1500 1491 1374 1383 1500 1491 1375 1384 1501 1492 1375 1384 1501 1492 1376 1385 1502 1493 1376 1385 1502 1493 1377 1386 1503 1494 1377 1386 1503 1494 1378 1387 1504 1495 1378 1387 1504 1495 1379 1388 1505 1496 1379 1388 1505 1496 1380 1389 1506 1497 1380 1389 1506 1497 1381 1390 1507 1498 1382 1391 1508 1499 1383 1392 1509 1500 1383 1392 1509 1500 1384 1393 1510 1501 1384 1393 1510 1501 1385 1394 1511 1502 1385 1394 1511 1502 1386 1395 1512 1503 1386 1395 1512 1503 1387 1396 1513 1504 1387 1396 1513 1504 1388 1397 1514 1505 1388 1397 1514 1505 1389 1398 1515 1506 1389 1398 1515 1506 1390 1399 1516 1507 1391 1400 1517 1508 1392 1401 1518 1509 1392 1401 1518 1509 1393 1402 1519 1510 1393 1402 1519 1510 1394 1403 1520 1511 1394 1403 1520 1511 1395 1404 1521 1512 1395 1404 1521 1512 1396 1405 1522 1513 1396 1405 1522 1513 1397 1406 1523 1514 1397 1406 1523 1514 1398 1407 1524 1515 1398 1407 1524 1515 1399 1408 1525 1516 1400 1409 1526 1517 1401 1410 1527 1518 1401 1410 1527 1518 1402 1411 1528 1519 1402 1411 1528 1519 1403 1412 1529 1520 1403 1412 1529 1520 1404 1413 1530 1521 1404 1413 1530 1521 1405 1414 1531 1522 1405 1414 1531 1522 1406 1415 1532 1523 1406 1415 1532 1523 1407 1416 1533 1524 1407 1416 1533 1524 1408 1417 1534 1525 1409 1418 1535 1526 1410 1419 1536 1527 1410 1419 1536 1527 1411 1420 1537 1528 1411 1420 1537 1528 1412 1421 1538 1529 1412 1421 1538 1529 1413 1422 1539 1530 1413 1422 1539 1530 1414 1423 1540 1531 1414 1423 1540 1531 1415 1424 1541 1532 1415 1424 1541 1532 1416 1425 1542 1533 1416 1425 1542 1533 1417 1426 1543 1534 1427 1428 1545 1544 1429 1430 1547 1546 1429 1430 1547 1546 1431 1432 1549 1548 1431 1432 1549 1548 1433 1434 1551 1550 1433 1434 1551 1550 1435 1436 1553 1552 1435 1436 1553 1552 1437 1438 1555 1554 1437 1438 1555 1554 1439 1440 1557 1556 1439 1440 1557 1556 1441 1442 1559 1558 1441 1442 1559 1558 1443 1444 1561 1560 1428 1445 1562 1545 1430 1446 1563 1547 1430 1446 1563 1547 1432 1447 1564 1549 1432 1447 1564 1549 1434 1448 1565 1551 1434 1448 1565 1551 1436 1449 1566 1553 1436 1449 1566 1553 1438 1450 1567 1555 1438 1450 1567 1555 1440 1451 1568 1557 1440 1451 1568 1557 1442 1452 1569 1559 1442 1452 1569 1559 1444 1453 1570 1561 1445 1454 1571 1562 1446 1455 1572 1563 1446 1455 1572 1563 1447 1456 1573 1564 1447 1456 1573 1564 1448 1457 1574 1565 1448 1457 1574 1565 1449 1458 1575 1566 1449 1458 1575 1566 1450 1459 1576 1567 1450 1459 1576 1567 1451 1460 1577 1568 1451 1460 1577 1568 1452 1461 1578 1569 1452 1461 1578 1569 1453 1462 1579 1570 1454 1463 1580 1571 1455 1464 1581 1572 1455 1464 1581 1572 1456 1465 1582 1573 1456 1465 1582 1573 1457 1466 1583 1574 1457 1466 1583 1574 1458 1467 1584 1575 1458 1467 1584 1575 1459 1468 1585 1576 1459 1468 1585 1576 1460 1469 1586 1577 1460 1469 1586 1577 1461 1470 1587 1578 1461 1470 1587 1578 1462 1471 1588 1579 1463 1472 1589 1580 1464 1473 1590 1581 1464 1473 1590 1581 1465 1474 1591 1582 1465 1474 1591 1582 1466 1475 1592 1583 1466 1475 1592 1583 1467 1476 1593 1584 1467 1476 1593 1584 1468 1477 1594 1585 1468 1477 1594 1585 1469 1478 1595 1586 1469 1478 1595 1586 1470 1479 1596 1587 1470 1479 1596 1587 1471 1480 1597 1588 1472 1481 1598 1589 1473 1482 1599 1590 1473 1482 1599 1590 1474 1483 1600 1591 1474 1483 1600 1591 1475 1484 1601 1592 1475 1484 1601 1592 1476 1485 1602 1593 1476 1485 1602 1593 1477 1486 1603 1594 1477 1486 1603 1594 1478 1487 1604 1595 1478 1487 1604 1595 1479 1488 1605 1596 1479 1488 1605 1596 1480 1489 1606 1597 1481 1490 1607 1598 1482 1491 1608 1599 1482 1491 1608 1599 1483 1492 1609 1600 1483 1492 1609 1600 1484 1493 1610 1601 1484 1493 1610 1601 1485 1494 1611 1602 1485 1494 1611 1602 1486 1495 1612 1603 1486 1495 1612 1603 1487 1496 1613 1604 1487 1496 1613 1604 1488 1497 1614 1605 1488 1497 1614 1605 1489 1498 1615 1606 1490 1499 1616 1607 1491 1500 1617 1608 1491 1500 1617 1608 1492 1501 1618 1609 1492 1501 1618 1609 1493 1502 1619 1610 1493 1502 1619 1610 1494 1503 1620 1611 1494 1503 1620 1611 1495 1504 1621 1612 1495 1504 1621 1612 1496 1505 1622 1613 1496 1505 1622 1613 1497 1506 1623 1614 1497 1506 1623 1614 1498 1507 1624 1615 1499 1508 1625 1616 1500 1509 1626 1617 1500 1509 1626 1617 1501 1510 1627 1618 1501 1510 1627 1618 1502 1511 1628 1619 1502 1511 1628 1619 1503 1512 1629 1620 1503 1512 1629 1620 1504 1513 1630 1621 1504 1513 1630 1621 1505 1514 1631 1622 1505 1514 1631 1622 1506 1515 1632 1623 1506 1515 1632 1623 1507 1516 1633 1624 1508 1517 1634 1625 1509 1518 1635 1626 1509 1518 1635 1626 1510 1519 1636 1627 1510 1519 1636 1627 1511 1520 1637 1628 1511 1520 1637 1628 1512 1521 1638 1629 1512 1521 1638 1629 1513 1522 1639 1630 1513 1522 1639 1630 1514 1523 1640 1631 1514 1523 1640 1631 1515 1524 1641 1632 1515 1524 1641 1632 1516 1525 1642 1633 1517 1526 1643 1634 1518 1527 1644 1635 1518 1527 1644 1635 1519 1528 1645 1636 1519 1528 1645 1636 1520 1529 1646 1637 1520 1529 1646 1637 1521 1530 1647 1638 1521 1530 1647 1638 1522 1531 1648 1639 1522 1531 1648 1639 1523 1532 1649 1640 1523 1532 1649 1640 1524 1533 1650 1641 1524 1533 1650 1641 1525 1534 1651 1642 1526 1535 1652 1643 1527 1536 1653 1644 1527 1536 1653 1644 1528 1537 1654 1645 1528 1537 1654 1645 1529 1538 1655 1646 1529 1538 1655 1646 1530 1539 1656 1647 1530 1539 1656 1647 1531 1540 1657 1648 1531 1540 1657 1648 1532 1541 1658 1649 1532 1541 1658 1649 1533 1542 1659 1650 1533 1542 1659 1650 1534 1543 1660 1651 1544 1545 1662 1661 1546 1547 1664 1663 1546 1547 1664 1663 1548 1549 1666 1665 1548 1549 1666 1665 1550 1551 1668 1667 1550 1551 1668 1667 1552 1553 1670 1669 1552 1553 1670 1669 1554 1555 1672 1671 1554 1555 1672 1671 1556 1557 1674 1673 1556 1557 1674 1673 1558 1559 1676 1675 1558 1559 1676 1675 1560 1561 1678 1677 1545 1562 1679 1662 1547 1563 1680 1664 1547 1563 1680 1664 1549 1564 1681 1666 1549 1564 1681 1666 1551 1565 1682 1668 1551 1565 1682 1668 1553 1566 1683 1670 1553 1566 1683 1670 1555 1567 1684 1672 1555 1567 1684 1672 1557 1568 1685 1674 1557 1568 1685 1674 1559 1569 1686 1676 1559 1569 1686 1676 1561 1570 1687 1678 1562 1571 1688 1679 1563 1572 1689 1680 1563 1572 1689 1680 1564 1573 1690 1681 1564 1573 1690 1681 1565 1574 1691 1682 1565 1574 1691 1682 1566 1575 1692 1683 1566 1575 1692 1683 1567 1576 1693 1684 1567 1576 1693 1684 1568 1577 1694 1685 1568 1577 1694 1685 1569 1578 1695 1686 1569 1578 1695 1686 1570 1579 1696 1687 1571 1580 1697 1688 1572 1581 1698 1689 1572 1581 1698 1689 1573 1582 1699 1690 1573 1582 1699 1690 1574 1583 1700 1691 1574 1583 1700 1691 1575 1584 1701 1692 1575 1584 1701 1692 1576 1585 1702 1693 1576 1585 1702 1693 1577 1586 1703 1694 1577 1586 1703 1694 1578 1587 1704 1695 1578 1587 1704 1695 1579 1588 1705 1696 1580 1589 1706 1697 1581 1590 1707 1698 1581 1590 1707 1698 1582 1591 1708 1699 1582 1591 1708 1699 1583 1592 1709 1700 1583 1592 1709 1700 1584 1593 1710 1701 1584 1593 1710 1701 1585 1594 1711 1702 1585 1594 1711 1702 1586 1595 1712 1703 1586 1595 1712 1703 1587 1596 1713 1704 1587 1596 1713 1704 1588 1597 1714 1705 1589 1598 1715 1706 1590 1599 1716 1707 1590 1599 1716 1707 1591 1600 1717 1708 1591 1600 1717 1708 1592 1601 1718 1709 1592 1601 1718 1709 1593 1602 1719 1710 1593 1602 1719 1710 1594 1603 1720 1711 1594 1603 1720 1711 1595 1604 1721 1712 1595 1604 1721 1712 1596 1605 1722 1713 1596 1605 1722 1713 1597 1606 1723 1714 1598 1607 1724 1715 1599 1608 1725 1716 1599 1608 1725 1716 1600 1609 1726 1717 1600 1609 1726 1717 1601 1610 1727 1718 1601 1610 1727 1718 1602 1611 1728 1719 1602 1611 1728 1719 1603 1612 1729 1720 1603 1612 1729 1720 1604 1613 1730 1721 1604 1613 1730 1721 1605 1614 1731 1722 1605 1614 1731 1722 1606 1615 1732 1723 1607 1616 1733 1724 1608 1617 1734 1725 1608 1617 1734 1725 1609 1618 1735 1726 1609 1618 1735 1726 1610 1619 1736 1727 1610 1619 1736 1727 1611 1620 1737 1728 1611 1620 1737 1728 1612 1621 1738 1729 1612 1621 1738 1729 1613 1622 1739 1730 1613 1622 1739 1730 1614 1623 1740 1731 1614 1623 1740 1731 1615 1624 1741 1732 1616 1625 1742 1733 1617 1626 1743 1734 1617 1626 1743 1734 1618 1627 1744 1735 1618 1627 1744 1735 1619 1628 1745 1736 1619 1628 1745 1736 1620 1629 1746 1737 1620 1629 1746 1737 1621 1630 1747 1738 1621 1630 1747 1738 1622 1631 1748 1739 1622 1631 1748 1739 1623 1632 1749 1740 1623 1632 1749 1740 1624 1633 1750 1741 1625 1634 1751 1742 1626 1635 1752 1743 1626 1635 1752 1743 1627 1636 1753 1744 1627 1636 1753 1744 1628 1637 1754 1745 1628 1637 1754 1745 1629 1638 1755 1746 1629 1638 1755 1746 1630 1639 1756 1747 1630 1639 1756 1747 1631 1640 1757 1748 1631 1640 1757 1748 1632 1641 1758 1749 1632 1641 1758 1749 1633 1642 1759 1750 1634 1643 1760 1751 1635 1644 1761 1752 1635 1644 1761 1752 1636 1645 1762 1753 1636 1645 1762 1753 1637 1646 1763 1754 1637 1646 1763 1754 1638 1647 1764 1755 1638 1647 1764 1755 1639 1648 1765 1756 1639 1648 1765 1756 1640 1649 1766 1757 1640 1649 1766 1757 1641 1650 1767 1758 1641 1650 1767 1758 1642 1651 1768 1759 1643 1652 1769 1760 1644 1653 1770 1761 1644 1653 1770 1761 1645 1654 1771 1762 1645 1654 1771 1762 1646 1655 1772 1763 1646 1655 1772 1763 1647 1656 1773 1764 1647 1656 1773 1764 1648 1657 1774 1765 1648 1657 1774 1765 1649 1658 1775 1766 1649 1658 1775 1766 1650 1659 1776 1767 1650 1659 1776 1767 1651 1660 1777 1768 1663 1664 1779 1778 1665 1666 1781 1780 1665 1666 1781 1780 1667 1668 1783 1782 1667 1668 1783 1782 1669 1670 1785 1784 1669 1670 1785 1784 1671 1672 1787 1786 1671 1672 1787 1786 1673 1674 1789 1788 1673 1674 1789 1788 1675 1676 1791 1790 1675 1676 1791 1790 1677 1678 1793 1792 1677 1792 1794 1678 1793 1795 1664 1680 1796 1779 1666 1681 1797 1781 1666 1681 1797 1781 1668 1682 1798 1783 1668 1682 1798 1783 1670 1683 1799 1785 1670 1683 1799 1785 1672 1684 1800 1787 1672 1684 1800 1787 1674 1685 1801 1789 1674 1685 1801 1789 1676 1686 1802 1791 1676 1686 1802 1791 1678 1687 1803 1793 1678 1793 1795 1687 1803 1804 1680 1689 1805 1796 1681 1690 1806 1797 1681 1690 1806 1797 1682 1691 1807 1798 1682 1691 1807 1798 1683 1692 1808 1799 1683 1692 1808 1799 1684 1693 1809 1800 1684 1693 1809 1800 1685 1694 1810 1801 1685 1694 1810 1801 1686 1695 1811 1802 1686 1695 1811 1802 1687 1696 1812 1803 1687 1803 1804 1696 1812 1813 1689 1698 1814 1805 1690 1699 1815 1806 1690 1699 1815 1806 1691 1700 1816 1807 1691 1700 1816 1807 1692 1701 1817 1808 1692 1701 1817 1808 1693 1702 1818 1809 1693 1702 1818 1809 1694 1703 1819 1810 1694 1703 1819 1810 1695 1704 1820 1811 1695 1704 1820 1811 1696 1705 1821 1812 1696 1812 1813 1705 1821 1822 1698 1707 1823 1814 1699 1708 1824 1815 1699 1708 1824 1815 1700 1709 1825 1816 1700 1709 1825 1816 1701 1710 1826 1817 1701 1710 1826 1817 1702 1711 1827 1818 1702 1711 1827 1818 1703 1712 1828 1819 1703 1712 1828 1819 1704 1713 1829 1820 1704 1713 1829 1820 1705 1714 1830 1821 1705 1821 1822 1714 1830 1831 1707 1716 1832 1823 1708 1717 1833 1824 1708 1717 1833 1824 1709 1718 1834 1825 1709 1718 1834 1825 1710 1719 1835 1826 1710 1719 1835 1826 1711 1720 1836 1827 1711 1720 1836 1827 1712 1721 1837 1828 1712 1721 1837 1828 1713 1722 1838 1829 1713 1722 1838 1829 1714 1723 1839 1830 1714 1830 1831 1723 1839 1840 1716 1725 1841 1832 1717 1726 1842 1833 1717 1726 1842 1833 1718 1727 1843 1834 1718 1727 1843 1834 1719 1728 1844 1835 1719 1728 1844 1835 1720 1729 1845 1836 1720 1729 1845 1836 1721 1730 1846 1837 1721 1730 1846 1837 1722 1731 1847 1838 1722 1731 1847 1838 1723 1732 1848 1839 1723 1839 1840 1732 1848 1849 1725 1734 1850 1841 1726 1735 1851 1842 1726 1735 1851 1842 1727 1736 1852 1843 1727 1736 1852 1843 1728 1737 1853 1844 1728 1737 1853 1844 1729 1738 1854 1845 1729 1738 1854 1845 1730 1739 1855 1846 1730 1739 1855 1846 1731 1740 1856 1847 1731 1740 1856 1847 1732 1741 1857 1848 1732 1848 1849 1741 1857 1858 1734 1743 1859 1850 1735 1744 1860 1851 1735 1744 1860 1851 1736 1745 1861 1852 1736 1745 1861 1852 1737 1746 1862 1853 1737 1746 1862 1853 1738 1747 1863 1854 1738 1747 1863 1854 1739 1748 1864 1855 1739 1748 1864 1855 1740 1749 1865 1856 1740 1749 1865 1856 1741 1750 1866 1857 1741 1857 1858 1750 1866 1867 1743 1752 1868 1859 1744 1753 1869 1860 1744 1753 1869 1860 1745 1754 1870 1861 1745 1754 1870 1861 1746 1755 1871 1862 1746 1755 1871 1862 1747 1756 1872 1863 1747 1756 1872 1863 1748 1757 1873 1864 1748 1757 1873 1864 1749 1758 1874 1865 1749 1758 1874 1865 1750 1759 1875 1866 1750 1866 1867 1759 1875 1876 1752 1761 1877 1868 1753 1762 1878 1869 1753 1762 1878 1869 1754 1763 1879 1870 1754 1763 1879 1870 1755 1764 1880 1871 1755 1764 1880 1871 1756 1765 1881 1872 1756 1765 1881 1872 1757 1766 1882 1873 1757 1766 1882 1873 1758 1767 1883 1874 1758 1767 1883 1874 1759 1768 1884 1875 1759 1875 1876 1768 1884 1885 1761 1770 1886 1877 1762 1771 1887 1878 1762 1771 1887 1878 1763 1772 1888 1879 1763 1772 1888 1879 1764 1773 1889 1880 1764 1773 1889 1880 1765 1774 1890 1881 1765 1774 1890 1881 1766 1775 1891 1882 1766 1775 1891 1882 1767 1776 1892 1883 1767 1776 1892 1883 1768 1777 1893 1884 1768 1884 1885 1777 1893 1894 1778 1779 1896 1895 1780 1781 1898 1897 1780 1781 1898 1897 1782 1783 1900 1899 1782 1783 1900 1899 1784 1785 1902 1901 1784 1785 1902 1901 1786 1787 1904 1903 1786 1787 1904 1903 1788 1789 1906 1905 1788 1789 1906 1905 1790 1791 1908 1907 1790 1791 1908 1907 1792 1793 1910 1909 1792 1793 1910 1909 1794 1795 1912 1911 1779 1796 1913 1896 1781 1797 1914 1898 1781 1797 1914 1898 1783 1798 1915 1900 1783 1798 1915 1900 1785 1799 1916 1902 1785 1799 1916 1902 1787 1800 1917 1904 1787 1800 1917 1904 1789 1801 1918 1906 1789 1801 1918 1906 1791 1802 1919 1908 1791 1802 1919 1908 1793 1803 1920 1910 1793 1803 1920 1910 1795 1804 1921 1912 1796 1805 1922 1913 1797 1806 1923 1914 1797 1806 1923 1914 1798 1807 1924 1915 1798 1807 1924 1915 1799 1808 1925 1916 1799 1808 1925 1916 1800 1809 1926 1917 1800 1809 1926 1917 1801 1810 1927 1918 1801 1810 1927 1918 1802 1811 1928 1919 1802 1811 1928 1919 1803 1812 1929 1920 1803 1812 1929 1920 1804 1813 1930 1921 1805 1814 1931 1922 1806 1815 1932 1923 1806 1815 1932 1923 1807 1816 1933 1924 1807 1816 1933 1924 1808 1817 1934 1925 1808 1817 1934 1925 1809 1818 1935 1926 1809 1818 1935 1926 1810 1819 1936 1927 1810 1819 1936 1927 1811 1820 1937 1928 1811 1820 1937 1928 1812 1821 1938 1929 1812 1821 1938 1929 1813 1822 1939 1930 1814 1823 1940 1931 1815 1824 1941 1932 1815 1824 1941 1932 1816 1825 1942 1933 1816 1825 1942 1933 1817 1826 1943 1934 1817 1826 1943 1934 1818 1827 1944 1935 1818 1827 1944 1935 1819 1828 1945 1936 1819 1828 1945 1936 1820 1829 1946 1937 1820 1829 1946 1937 1821 1830 1947 1938 1821 1830 1947 1938 1822 1831 1948 1939 1823 1832 1949 1940 1824 1833 1950 1941 1824 1833 1950 1941 1825 1834 1951 1942 1825 1834 1951 1942 1826 1835 1952 1943 1826 1835 1952 1943 1827 1836 1953 1944 1827 1836 1953 1944 1828 1837 1954 1945 1828 1837 1954 1945 1829 1838 1955 1946 1829 1838 1955 1946 1830 1839 1956 1947 1830 1839 1956 1947 1831 1840 1957 1948 1832 1841 1958 1949 1833 1842 1959 1950 1833 1842 1959 1950 1834 1843 1960 1951 1834 1843 1960 1951 1835 1844 1961 1952 1835 1844 1961 1952 1836 1845 1962 1953 1836 1845 1962 1953 1837 1846 1963 1954 1837 1846 1963 1954 1838 1847 1964 1955 1838 1847 1964 1955 1839 1848 1965 1956 1839 1848 1965 1956 1840 1849 1966 1957 1841 1850 1967 1958 1842 1851 1968 1959 1842 1851 1968 1959 1843 1852 1969 1960 1843 1852 1969 1960 1844 1853 1970 1961 1844 1853 1970 1961 1845 1854 1971 1962 1845 1854 1971 1962 1846 1855 1972 1963 1846 1855 1972 1963 1847 1856 1973 1964 1847 1856 1973 1964 1848 1857 1974 1965 1848 1857 1974 1965 1849 1858 1975 1966 1850 1859 1976 1967 1851 1860 1977 1968 1851 1860 1977 1968 1852 1861 1978 1969 1852 1861 1978 1969 1853 1862 1979 1970 1853 1862 1979 1970 1854 1863 1980 1971 1854 1863 1980 1971 1855 1864 1981 1972 1855 1864 1981 1972 1856 1865 1982 1973 1856 1865 1982 1973 1857 1866 1983 1974 1857 1866 1983 1974 1858 1867 1984 1975 1859 1868 1985 1976 1860 1869 1986 1977 1860 1869 1986 1977 1861 1870 1987 1978 1861 1870 1987 1978 1862 1871 1988 1979 1862 1871 1988 1979 1863 1872 1989 1980 1863 1872 1989 1980 1864 1873 1990 1981 1864 1873 1990 1981 1865 1874 1991 1982 1865 1874 1991 1982 1866 1875 1992 1983 1866 1875 1992 1983 1867 1876 1993 1984 1868 1877 1994 1985 1869 1878 1995 1986 1869 1878 1995 1986 1870 1879 1996 1987 1870 1879 1996 1987 1871 1880 1997 1988 1871 1880 1997 1988 1872 1881 1998 1989 1872 1881 1998 1989 1873 1882 1999 1990 1873 1882 1999 1990 1874 1883 2000 1991 1874 1883 2000 1991 1875 1884 2001 1992 1875 1884 2001 1992 1876 1885 2002 1993 1877 1886 2003 1994 1878 1887 2004 1995 1878 1887 2004 1995 1879 1888 2005 1996 1879 1888 2005 1996 1880 1889 2006 1997 1880 1889 2006 1997 1881 1890 2007 1998 1881 1890 2007 1998 1882 1891 2008 1999 1882 1891 2008 1999 1883 1892 2009 2000 1883 1892 2009 2000 1884 1893 2010 2001 1884 1893 2010 2001 1885 1894 2011 2002 1895 1896 2013 2012 1897 1898 2015 2014 1897 1898 2015 2014 1899 1900 2017 2016 1899 1900 2017 2016 1901 1902 2019 2018 1901 1902 2019 2018 1903 1904 2021 2020 1903 1904 2021 2020 1905 1906 2023 2022 1905 1906 2023 2022 1907 1908 2025 2024 1907 1908 2025 2024 1909 1910 2027 2026 1909 1910 2027 2026 1911 1912 2029 2028 1896 1913 2030 2013 1898 1914 2031 2015 1898 1914 2031 2015 1900 1915 2032 2017 1900 1915 2032 2017 1902 1916 2033 2019 1902 1916 2033 2019 1904 1917 2034 2021 1904 1917 2034 2021 1906 1918 2035 2023 1906 1918 2035 2023 1908 1919 2036 2025 1908 1919 2036 2025 1910 1920 2037 2027 1910 1920 2037 2027 1912 1921 2038 2029 1913 1922 2039 2030 1914 1923 2040 2031 1914 1923 2040 2031 1915 1924 2041 2032 1915 1924 2041 2032 1916 1925 2042 2033 1916 1925 2042 2033 1917 1926 2043 2034 1917 1926 2043 2034 1918 1927 2044 2035 1918 1927 2044 2035 1919 1928 2045 2036 1919 1928 2045 2036 1920 1929 2046 2037 1920 1929 2046 2037 1921 1930 2047 2038 1922 1931 2048 2039 1923 1932 2049 2040 1923 1932 2049 2040 1924 1933 2050 2041 1924 1933 2050 2041 1925 1934 2051 2042 1925 1934 2051 2042 1926 1935 2052 2043 1926 1935 2052 2043 1927 1936 2053 2044 1927 1936 2053 2044 1928 1937 2054 2045 1928 1937 2054 2045 1929 1938 2055 2046 1929 1938 2055 2046 1930 1939 2056 2047 1931 1940 2057 2048 1932 1941 2058 2049 1932 1941 2058 2049 1933 1942 2059 2050 1933 1942 2059 2050 1934 1943 2060 2051 1934 1943 2060 2051 1935 1944 2061 2052 1935 1944 2061 2052 1936 1945 2062 2053 1936 1945 2062 2053 1937 1946 2063 2054 1937 1946 2063 2054 1938 1947 2064 2055 1938 1947 2064 2055 1939 1948 2065 2056 1940 1949 2066 2057 1941 1950 2067 2058 1941 1950 2067 2058 1942 1951 2068 2059 1942 1951 2068 2059 1943 1952 2069 2060 1943 1952 2069 2060 1944 1953 2070 2061 1944 1953 2070 2061 1945 1954 2071 2062 1945 1954 2071 2062 1946 1955 2072 2063 1946 1955 2072 2063 1947 1956 2073 2064 1947 1956 2073 2064 1948 1957 2074 2065 1949 1958 2075 2066 1950 1959 2076 2067 1950 1959 2076 2067 1951 1960 2077 2068 1951 1960 2077 2068 1952 1961 2078 2069 1952 1961 2078 2069 1953 1962 2079 2070 1953 1962 2079 2070 1954 1963 2080 2071 1954 1963 2080 2071 1955 1964 2081 2072 1955 1964 2081 2072 1956 1965 2082 2073 1956 1965 2082 2073 1957 1966 2083 2074 1958 1967 2084 2075 1959 1968 2085 2076 1959 1968 2085 2076 1960 1969 2086 2077 1960 1969 2086 2077 1961 1970 2087 2078 1961 1970 2087 2078 1962 1971 2088 2079 1962 1971 2088 2079 1963 1972 2089 2080 1963 1972 2089 2080 1964 1973 2090 2081 1964 1973 2090 2081 1965 1974 2091 2082 1965 1974 2091 2082 1966 1975 2092 2083 1967 1976 2093 2084 1968 1977 2094 2085 1968 1977 2094 2085 1969 1978 2095 2086 1969 1978 2095 2086 1970 1979 2096 2087 1970 1979 2096 2087 1971 1980 2097 2088 1971 1980 2097 2088 1972 1981 2098 2089 1972 1981 2098 2089 1973 1982 2099 2090 1973 1982 2099 2090 1974 1983 2100 2091 1974 1983 2100 2091 1975 1984 2101 2092 1976 1985 2102 2093 1977 1986 2103 2094 1977 1986 2103 2094 1978 1987 2104 2095 1978 1987 2104 2095 1979 1988 2105 2096 1979 1988 2105 2096 1980 1989 2106 2097 1980 1989 2106 2097 1981 1990 2107 2098 1981 1990 2107 2098 1982 1991 2108 2099 1982 1991 2108 2099 1983 1992 2109 2100 1983 1992 2109 2100 1984 1993 2110 2101 1985 1994 2111 2102 1986 1995 2112 2103 1986 1995 2112 2103 1987 1996 2113 2104 1987 1996 2113 2104 1988 1997 2114 2105 1988 1997 2114 2105 1989 1998 2115 2106 1989 1998 2115 2106 1990 1999 2116 2107 1990 1999 2116 2107 1991 2000 2117 2108 1991 2000 2117 2108 1992 2001 2118 2109 1992 2001 2118 2109 1993 2002 2119 2110 1994 2003 2120 2111 1995 2004 2121 2112 1995 2004 2121 2112 1996 2005 2122 2113 1996 2005 2122 2113 1997 2006 2123 2114 1997 2006 2123 2114 1998 2007 2124 2115 1998 2007 2124 2115 1999 2008 2125 2116 1999 2008 2125 2116 2000 2009 2126 2117 2000 2009 2126 2117 2001 2010 2127 2118 2001 2010 2127 2118 2002 2011 2128 2119 2014 2015 2130 2129 2016 2017 2132 2131 2016 2017 2132 2131 2018 2019 2134 2133 2018 2019 2134 2133 2020 2021 2136 2135 2020 2021 2136 2135 2022 2023 2138 2137 2022 2023 2138 2137 2024 2025 2140 2139 2024 2025 2140 2139 2026 2027 2142 2141 2026 2027 2142 2141 2028 2029 2144 2143 2015 2031 2145 2130 2017 2032 2146 2132 2017 2032 2146 2132 2019 2033 2147 2134 2019 2033 2147 2134 2021 2034 2148 2136 2021 2034 2148 2136 2023 2035 2149 2138 2023 2035 2149 2138 2025 2036 2150 2140 2025 2036 2150 2140 2027 2037 2151 2142 2027 2037 2151 2142 2029 2038 2152 2144 2031 2040 2153 2145 2032 2041 2154 2146 2032 2041 2154 2146 2033 2042 2155 2147 2033 2042 2155 2147 2034 2043 2156 2148 2034 2043 2156 2148 2035 2044 2157 2149 2035 2044 2157 2149 2036 2045 2158 2150 2036 2045 2158 2150 2037 2046 2159 2151 2037 2046 2159 2151 2038 2047 2160 2152 2040 2049 2161 2153 2041 2050 2162 2154 2041 2050 2162 2154 2042 2051 2163 2155 2042 2051 2163 2155 2043 2052 2164 2156 2043 2052 2164 2156 2044 2053 2165 2157 2044 2053 2165 2157 2045 2054 2166 2158 2045 2054 2166 2158 2046 2055 2167 2159 2046 2055 2167 2159 2047 2056 2168 2160 2049 2058 2169 2161 2050 2059 2170 2162 2050 2059 2170 2162 2051 2060 2171 2163 2051 2060 2171 2163 2052 2061 2172 2164 2052 2061 2172 2164 2053 2062 2173 2165 2053 2062 2173 2165 2054 2063 2174 2166 2054 2063 2174 2166 2055 2064 2175 2167 2055 2064 2175 2167 2056 2065 2176 2168 2058 2067 2177 2169 2059 2068 2178 2170 2059 2068 2178 2170 2060 2069 2179 2171 2060 2069 2179 2171 2061 2070 2180 2172 2061 2070 2180 2172 2062 2071 2181 2173 2062 2071 2181 2173 2063 2072 2182 2174 2063 2072 2182 2174 2064 2073 2183 2175 2064 2073 2183 2175 2065 2074 2184 2176 2067 2076 2185 2177 2068 2077 2186 2178 2068 2077 2186 2178 2069 2078 2187 2179 2069 2078 2187 2179 2070 2079 2188 2180 2070 2079 2188 2180 2071 2080 2189 2181 2071 2080 2189 2181 2072 2081 2190 2182 2072 2081 2190 2182 2073 2082 2191 2183 2073 2082 2191 2183 2074 2083 2192 2184 2076 2085 2193 2185 2077 2086 2194 2186 2077 2086 2194 2186 2078 2087 2195 2187 2078 2087 2195 2187 2079 2088 2196 2188 2079 2088 2196 2188 2080 2089 2197 2189 2080 2089 2197 2189 2081 2090 2198 2190 2081 2090 2198 2190 2082 2091 2199 2191 2082 2091 2199 2191 2083 2092 2200 2192 2085 2094 2201 2193 2086 2095 2202 2194 2086 2095 2202 2194 2087 2096 2203 2195 2087 2096 2203 2195 2088 2097 2204 2196 2088 2097 2204 2196 2089 2098 2205 2197 2089 2098 2205 2197 2090 2099 2206 2198 2090 2099 2206 2198 2091 2100 2207 2199 2091 2100 2207 2199 2092 2101 2208 2200 2094 2103 2209 2201 2095 2104 2210 2202 2095 2104 2210 2202 2096 2105 2211 2203 2096 2105 2211 2203 2097 2106 2212 2204 2097 2106 2212 2204 2098 2107 2213 2205 2098 2107 2213 2205 2099 2108 2214 2206 2099 2108 2214 2206 2100 2109 2215 2207 2100 2109 2215 2207 2101 2110 2216 2208 2103 2112 2217 2209 2104 2113 2218 2210 2104 2113 2218 2210 2105 2114 2219 2211 2105 2114 2219 2211 2106 2115 2220 2212 2106 2115 2220 2212 2107 2116 2221 2213 2107 2116 2221 2213 2108 2117 2222 2214 2108 2117 2222 2214 2109 2118 2223 2215 2109 2118 2223 2215 2110 2119 2224 2216 2112 2121 2225 2217 2113 2122 2226 2218 2113 2122 2226 2218 2114 2123 2227 2219 2114 2123 2227 2219 2115 2124 2228 2220 2115 2124 2228 2220 2116 2125 2229 2221 2116 2125 2229 2221 2117 2126 2230 2222 2117 2126 2230 2222 2118 2127 2231 2223 2118 2127 2231 2223 2119 2128 2232 2224 2129 2130 2234 2233 2131 2132 2236 2235 2131 2132 2236 2235 2133 2134 2238 2237 2133 2134 2238 2237 2135 2136 2240 2239 2135 2136 2240 2239 2137 2138 2242 2241 2137 2138 2242 2241 2139 2140 2244 2243 2139 2140 2244 2243 2141 2142 2246 2245 2141 2142 2246 2245 2143 2144 2248 2247 2143 2247 2249 2144 2248 2250 2130 2145 2251 2234 2132 2146 2252 2236 2132 2146 2252 2236 2134 2147 2253 2238 2134 2147 2253 2238 2136 2148 2254 2240 2136 2148 2254 2240 2138 2149 2255 2242 2138 2149 2255 2242 2140 2150 2256 2244 2140 2150 2256 2244 2142 2151 2257 2246 2142 2151 2257 2246 2144 2152 2258 2248 2144 2248 2250 2152 2258 2259 2145 2153 2260 2251 2146 2154 2261 2252 2146 2154 2261 2252 2147 2155 2262 2253 2147 2155 2262 2253 2148 2156 2263 2254 2148 2156 2263 2254 2149 2157 2264 2255 2149 2157 2264 2255 2150 2158 2265 2256 2150 2158 2265 2256 2151 2159 2266 2257 2151 2159 2266 2257 2152 2160 2267 2258 2152 2258 2259 2160 2267 2268 2153 2161 2269 2260 2154 2162 2270 2261 2154 2162 2270 2261 2155 2163 2271 2262 2155 2163 2271 2262 2156 2164 2272 2263 2156 2164 2272 2263 2157 2165 2273 2264 2157 2165 2273 2264 2158 2166 2274 2265 2158 2166 2274 2265 2159 2167 2275 2266 2159 2167 2275 2266 2160 2168 2276 2267 2160 2267 2268 2168 2276 2277 2161 2169 2278 2269 2162 2170 2279 2270 2162 2170 2279 2270 2163 2171 2280 2271 2163 2171 2280 2271 2164 2172 2281 2272 2164 2172 2281 2272 2165 2173 2282 2273 2165 2173 2282 2273 2166 2174 2283 2274 2166 2174 2283 2274 2167 2175 2284 2275 2167 2175 2284 2275 2168 2176 2285 2276 2168 2276 2277 2176 2285 2286 2169 2177 2287 2278 2170 2178 2288 2279 2170 2178 2288 2279 2171 2179 2289 2280 2171 2179 2289 2280 2172 2180 2290 2281 2172 2180 2290 2281 2173 2181 2291 2282 2173 2181 2291 2282 2174 2182 2292 2283 2174 2182 2292 2283 2175 2183 2293 2284 2175 2183 2293 2284 2176 2184 2294 2285 2176 2285 2286 2184 2294 2295 2177 2185 2296 2287 2178 2186 2297 2288 2178 2186 2297 2288 2179 2187 2298 2289 2179 2187 2298 2289 2180 2188 2299 2290 2180 2188 2299 2290 2181 2189 2300 2291 2181 2189 2300 2291 2182 2190 2301 2292 2182 2190 2301 2292 2183 2191 2302 2293 2183 2191 2302 2293 2184 2192 2303 2294 2184 2294 2295 2192 2303 2304 2185 2193 2305 2296 2186 2194 2306 2297 2186 2194 2306 2297 2187 2195 2307 2298 2187 2195 2307 2298 2188 2196 2308 2299 2188 2196 2308 2299 2189 2197 2309 2300 2189 2197 2309 2300 2190 2198 2310 2301 2190 2198 2310 2301 2191 2199 2311 2302 2191 2199 2311 2302 2192 2200 2312 2303 2192 2303 2304 2200 2312 2313 2193 2201 2314 2305 2194 2202 2315 2306 2194 2202 2315 2306 2195 2203 2316 2307 2195 2203 2316 2307 2196 2204 2317 2308 2196 2204 2317 2308 2197 2205 2318 2309 2197 2205 2318 2309 2198 2206 2319 2310 2198 2206 2319 2310 2199 2207 2320 2311 2199 2207 2320 2311 2200 2208 2321 2312 2200 2312 2313 2208 2321 2322 2201 2209 2323 2314 2202 2210 2324 2315 2202 2210 2324 2315 2203 2211 2325 2316 2203 2211 2325 2316 2204 2212 2326 2317 2204 2212 2326 2317 2205 2213 2327 2318 2205 2213 2327 2318 2206 2214 2328 2319 2206 2214 2328 2319 2207 2215 2329 2320 2207 2215 2329 2320 2208 2216 2330 2321 2208 2321 2322 2216 2330 2331 2209 2217 2332 2323 2210 2218 2333 2324 2210 2218 2333 2324 2211 2219 2334 2325 2211 2219 2334 2325 2212 2220 2335 2326 2212 2220 2335 2326 2213 2221 2336 2327 2213 2221 2336 2327 2214 2222 2337 2328 2214 2222 2337 2328 2215 2223 2338 2329 2215 2223 2338 2329 2216 2224 2339 2330 2216 2330 2331 2224 2339 2340 2217 2225 2341 2332 2218 2226 2342 2333 2218 2226 2342 2333 2219 2227 2343 2334 2219 2227 2343 2334 2220 2228 2344 2335 2220 2228 2344 2335 2221 2229 2345 2336 2221 2229 2345 2336 2222 2230 2346 2337 2222 2230 2346 2337 2223 2231 2347 2338 2223 2231 2347 2338 2224 2232 2348 2339 2224 2339 2340 2232 2348 2349 2233 2234 2351 2350 2235 2236 2353 2352 2235 2236 2353 2352 2237 2238 2355 2354 2237 2238 2355 2354 2239 2240 2357 2356 2239 2240 2357 2356 2241 2242 2359 2358 2241 2242 2359 2358 2243 2244 2361 2360 2243 2244 2361 2360 2245 2246 2363 2362 2245 2246 2363 2362 2247 2248 2365 2364 2247 2248 2365 2364 2249 2250 2367 2366 2234 2251 2368 2351 2236 2252 2369 2353 2236 2252 2369 2353 2238 2253 2370 2355 2238 2253 2370 2355 2240 2254 2371 2357 2240 2254 2371 2357 2242 2255 2372 2359 2242 2255 2372 2359 2244 2256 2373 2361 2244 2256 2373 2361 2246 2257 2374 2363 2246 2257 2374 2363 2248 2258 2375 2365 2248 2258 2375 2365 2250 2259 2376 2367 2251 2260 2377 2368 2252 2261 2378 2369 2252 2261 2378 2369 2253 2262 2379 2370 2253 2262 2379 2370 2254 2263 2380 2371 2254 2263 2380 2371 2255 2264 2381 2372 2255 2264 2381 2372 2256 2265 2382 2373 2256 2265 2382 2373 2257 2266 2383 2374 2257 2266 2383 2374 2258 2267 2384 2375 2258 2267 2384 2375 2259 2268 2385 2376 2260 2269 2386 2377 2261 2270 2387 2378 2261 2270 2387 2378 2262 2271 2388 2379 2262 2271 2388 2379 2263 2272 2389 2380 2263 2272 2389 2380 2264 2273 2390 2381 2264 2273 2390 2381 2265 2274 2391 2382 2265 2274 2391 2382 2266 2275 2392 2383 2266 2275 2392 2383 2267 2276 2393 2384 2267 2276 2393 2384 2268 2277 2394 2385 2269 2278 2395 2386 2270 2279 2396 2387 2270 2279 2396 2387 2271 2280 2397 2388 2271 2280 2397 2388 2272 2281 2398 2389 2272 2281 2398 2389 2273 2282 2399 2390 2273 2282 2399 2390 2274 2283 2400 2391 2274 2283 2400 2391 2275 2284 2401 2392 2275 2284 2401 2392 2276 2285 2402 2393 2276 2285 2402 2393 2277 2286 2403 2394 2278 2287 2404 2395 2279 2288 2405 2396 2279 2288 2405 2396 2280 2289 2406 2397 2280 2289 2406 2397 2281 2290 2407 2398 2281 2290 2407 2398 2282 2291 2408 2399 2282 2291 2408 2399 2283 2292 2409 2400 2283 2292 2409 2400 2284 2293 2410 2401 2284 2293 2410 2401 2285 2294 2411 2402 2285 2294 2411 2402 2286 2295 2412 2403 2287 2296 2413 2404 2288 2297 2414 2405 2288 2297 2414 2405 2289 2298 2415 2406 2289 2298 2415 2406 2290 2299 2416 2407 2290 2299 2416 2407 2291 2300 2417 2408 2291 2300 2417 2408 2292 2301 2418 2409 2292 2301 2418 2409 2293 2302 2419 2410 2293 2302 2419 2410 2294 2303 2420 2411 2294 2303 2420 2411 2295 2304 2421 2412 2296 2305 2422 2413 2297 2306 2423 2414 2297 2306 2423 2414 2298 2307 2424 2415 2298 2307 2424 2415 2299 2308 2425 2416 2299 2308 2425 2416 2300 2309 2426 2417 2300 2309 2426 2417 2301 2310 2427 2418 2301 2310 2427 2418 2302 2311 2428 2419 2302 2311 2428 2419 2303 2312 2429 2420 2303 2312 2429 2420 2304 2313 2430 2421 2305 2314 2431 2422 2306 2315 2432 2423 2306 2315 2432 2423 2307 2316 2433 2424 2307 2316 2433 2424 2308 2317 2434 2425 2308 2317 2434 2425 2309 2318 2435 2426 2309 2318 2435 2426 2310 2319 2436 2427 2310 2319 2436 2427 2311 2320 2437 2428 2311 2320 2437 2428 2312 2321 2438 2429 2312 2321 2438 2429 2313 2322 2439 2430 2314 2323 2440 2431 2315 2324 2441 2432 2315 2324 2441 2432 2316 2325 2442 2433 2316 2325 2442 2433 2317 2326 2443 2434 2317 2326 2443 2434 2318 2327 2444 2435 2318 2327 2444 2435 2319 2328 2445 2436 2319 2328 2445 2436 2320 2329 2446 2437 2320 2329 2446 2437 2321 2330 2447 2438 2321 2330 2447 2438 2322 2331 2448 2439 2323 2332 2449 2440 2324 2333 2450 2441 2324 2333 2450 2441 2325 2334 2451 2442 2325 2334 2451 2442 2326 2335 2452 2443 2326 2335 2452 2443 2327 2336 2453 2444 2327 2336 2453 2444 2328 2337 2454 2445 2328 2337 2454 2445 2329 2338 2455 2446 2329 2338 2455 2446 2330 2339 2456 2447 2330 2339 2456 2447 2331 2340 2457 2448 2332 2341 2458 2449 2333 2342 2459 2450 2333 2342 2459 2450 2334 2343 2460 2451 2334 2343 2460 2451 2335 2344 2461 2452 2335 2344 2461 2452 2336 2345 2462 2453 2336 2345 2462 2453 2337 2346 2463 2454 2337 2346 2463 2454 2338 2347 2464 2455 2338 2347 2464 2455 2339 2348 2465 2456 2339 2348 2465 2456 2340 2349 2466 2457 2352 2353 2468 2467 2354 2355 2470 2469 2354 2355 2470 2469 2356 2357 2472 2471 2356 2357 2472 2471 2358 2359 2474 2473 2358 2359 2474 2473 2360 2361 2476 2475 2360 2361 2476 2475 2362 2363 2478 2477 2362 2363 2478 2477 2364 2365 2480 2479 2364 2365 2480 2479 2366 2367 2482 2481 2353 2369 2483 2468 2355 2370 2484 2470 2355 2370 2484 2470 2357 2371 2485 2472 2357 2371 2485 2472 2359 2372 2486 2474 2359 2372 2486 2474 2361 2373 2487 2476 2361 2373 2487 2476 2363 2374 2488 2478 2363 2374 2488 2478 2365 2375 2489 2480 2365 2375 2489 2480 2367 2376 2490 2482 2369 2378 2491 2483 2370 2379 2492 2484 2370 2379 2492 2484 2371 2380 2493 2485 2371 2380 2493 2485 2372 2381 2494 2486 2372 2381 2494 2486 2373 2382 2495 2487 2373 2382 2495 2487 2374 2383 2496 2488 2374 2383 2496 2488 2375 2384 2497 2489 2375 2384 2497 2489 2376 2385 2498 2490 2378 2387 2499 2491 2379 2388 2500 2492 2379 2388 2500 2492 2380 2389 2501 2493 2380 2389 2501 2493 2381 2390 2502 2494 2381 2390 2502 2494 2382 2391 2503 2495 2382 2391 2503 2495 2383 2392 2504 2496 2383 2392 2504 2496 2384 2393 2505 2497 2384 2393 2505 2497 2385 2394 2506 2498 2387 2396 2507 2499 2388 2397 2508 2500 2388 2397 2508 2500 2389 2398 2509 2501 2389 2398 2509 2501 2390 2399 2510 2502 2390 2399 2510 2502 2391 2400 2511 2503 2391 2400 2511 2503 2392 2401 2512 2504 2392 2401 2512 2504 2393 2402 2513 2505 2393 2402 2513 2505 2394 2403 2514 2506 2396 2405 2515 2507 2397 2406 2516 2508 2397 2406 2516 2508 2398 2407 2517 2509 2398 2407 2517 2509 2399 2408 2518 2510 2399 2408 2518 2510 2400 2409 2519 2511 2400 2409 2519 2511 2401 2410 2520 2512 2401 2410 2520 2512 2402 2411 2521 2513 2402 2411 2521 2513 2403 2412 2522 2514 2405 2414 2523 2515 2406 2415 2524 2516 2406 2415 2524 2516 2407 2416 2525 2517 2407 2416 2525 2517 2408 2417 2526 2518 2408 2417 2526 2518 2409 2418 2527 2519 2409 2418 2527 2519 2410 2419 2528 2520 2410 2419 2528 2520 2411 2420 2529 2521 2411 2420 2529 2521 2412 2421 2530 2522 2414 2423 2531 2523 2415 2424 2532 2524 2415 2424 2532 2524 2416 2425 2533 2525 2416 2425 2533 2525 2417 2426 2534 2526 2417 2426 2534 2526 2418 2427 2535 2527 2418 2427 2535 2527 2419 2428 2536 2528 2419 2428 2536 2528 2420 2429 2537 2529 2420 2429 2537 2529 2421 2430 2538 2530 2423 2432 2539 2531 2424 2433 2540 2532 2424 2433 2540 2532 2425 2434 2541 2533 2425 2434 2541 2533 2426 2435 2542 2534 2426 2435 2542 2534 2427 2436 2543 2535 2427 2436 2543 2535 2428 2437 2544 2536 2428 2437 2544 2536 2429 2438 2545 2537 2429 2438 2545 2537 2430 2439 2546 2538 2432 2441 2547 2539 2433 2442 2548 2540 2433 2442 2548 2540 2434 2443 2549 2541 2434 2443 2549 2541 2435 2444 2550 2542 2435 2444 2550 2542 2436 2445 2551 2543 2436 2445 2551 2543 2437 2446 2552 2544 2437 2446 2552 2544 2438 2447 2553 2545 2438 2447 2553 2545 2439 2448 2554 2546 2441 2450 2555 2547 2442 2451 2556 2548 2442 2451 2556 2548 2443 2452 2557 2549 2443 2452 2557 2549 2444 2453 2558 2550 2444 2453 2558 2550 2445 2454 2559 2551 2445 2454 2559 2551 2446 2455 2560 2552 2446 2455 2560 2552 2447 2456 2561 2553 2447 2456 2561 2553 2448 2457 2562 2554 2450 2459 2563 2555 2451 2460 2564 2556 2451 2460 2564 2556 2452 2461 2565 2557 2452 2461 2565 2557 2453 2462 2566 2558 2453 2462 2566 2558 2454 2463 2567 2559 2454 2463 2567 2559 2455 2464 2568 2560 2455 2464 2568 2560 2456 2465 2569 2561 2456 2465 2569 2561 2457 2466 2570 2562 2467 2468 2572 2571 2469 2470 2574 2573 2469 2470 2574 2573 2471 2472 2576 2575 2471 2472 2576 2575 2473 2474 2578 2577 2473 2474 2578 2577 2475 2476 2580 2579 2475 2476 2580 2579 2477 2478 2582 2581 2477 2478 2582 2581 2479 2480 2584 2583 2479 2480 2584 2583 2481 2482 2586 2585 2468 2483 2587 2572 2470 2484 2588 2574 2470 2484 2588 2574 2472 2485 2589 2576 2472 2485 2589 2576 2474 2486 2590 2578 2474 2486 2590 2578 2476 2487 2591 2580 2476 2487 2591 2580 2478 2488 2592 2582 2478 2488 2592 2582 2480 2489 2593 2584 2480 2489 2593 2584 2482 2490 2594 2586 2483 2491 2595 2587 2484 2492 2596 2588 2484 2492 2596 2588 2485 2493 2597 2589 2485 2493 2597 2589 2486 2494 2598 2590 2486 2494 2598 2590 2487 2495 2599 2591 2487 2495 2599 2591 2488 2496 2600 2592 2488 2496 2600 2592 2489 2497 2601 2593 2489 2497 2601 2593 2490 2498 2602 2594 2491 2499 2603 2595 2492 2500 2604 2596 2492 2500 2604 2596 2493 2501 2605 2597 2493 2501 2605 2597 2494 2502 2606 2598 2494 2502 2606 2598 2495 2503 2607 2599 2495 2503 2607 2599 2496 2504 2608 2600 2496 2504 2608 2600 2497 2505 2609 2601 2497 2505 2609 2601 2498 2506 2610 2602 2499 2507 2611 2603 2500 2508 2612 2604 2500 2508 2612 2604 2501 2509 2613 2605 2501 2509 2613 2605 2502 2510 2614 2606 2502 2510 2614 2606 2503 2511 2615 2607 2503 2511 2615 2607 2504 2512 2616 2608 2504 2512 2616 2608 2505 2513 2617 2609 2505 2513 2617 2609 2506 2514 2618 2610 2507 2515 2619 2611 2508 2516 2620 2612 2508 2516 2620 2612 2509 2517 2621 2613 2509 2517 2621 2613 2510 2518 2622 2614 2510 2518 2622 2614 2511 2519 2623 2615 2511 2519 2623 2615 2512 2520 2624 2616 2512 2520 2624 2616 2513 2521 2625 2617 2513 2521 2625 2617 2514 2522 2626 2618 2515 2523 2627 2619 2516 2524 2628 2620 2516 2524 2628 2620 2517 2525 2629 2621 2517 2525 2629 2621 2518 2526 2630 2622 2518 2526 2630 2622 2519 2527 2631 2623 2519 2527 2631 2623 2520 2528 2632 2624 2520 2528 2632 2624 2521 2529 2633 2625 2521 2529 2633 2625 2522 2530 2634 2626 2523 2531 2635 2627 2524 2532 2636 2628 2524 2532 2636 2628 2525 2533 2637 2629 2525 2533 2637 2629 2526 2534 2638 2630 2526 2534 2638 2630 2527 2535 2639 2631 2527 2535 2639 2631 2528 2536 2640 2632 2528 2536 2640 2632 2529 2537 2641 2633 2529 2537 2641 2633 2530 2538 2642 2634 2531 2539 2643 2635 2532 2540 2644 2636 2532 2540 2644 2636 2533 2541 2645 2637 2533 2541 2645 2637 2534 2542 2646 2638 2534 2542 2646 2638 2535 2543 2647 2639 2535 2543 2647 2639 2536 2544 2648 2640 2536 2544 2648 2640 2537 2545 2649 2641 2537 2545 2649 2641 2538 2546 2650 2642 2539 2547 2651 2643 2540 2548 2652 2644 2540 2548 2652 2644 2541 2549 2653 2645 2541 2549 2653 2645 2542 2550 2654 2646 2542 2550 2654 2646 2543 2551 2655 2647 2543 2551 2655 2647 2544 2552 2656 2648 2544 2552 2656 2648 2545 2553 2657 2649 2545 2553 2657 2649 2546 2554 2658 2650 2547 2555 2659 2651 2548 2556 2660 2652 2548 2556 2660 2652 2549 2557 2661 2653 2549 2557 2661 2653 2550 2558 2662 2654 2550 2558 2662 2654 2551 2559 2663 2655 2551 2559 2663 2655 2552 2560 2664 2656 2552 2560 2664 2656 2553 2561 2665 2657 2553 2561 2665 2657 2554 2562 2666 2658 2555 2563 2667 2659 2556 2564 2668 2660 2556 2564 2668 2660 2557 2565 2669 2661 2557 2565 2669 2661 2558 2566 2670 2662 2558 2566 2670 2662 2559 2567 2671 2663 2559 2567 2671 2663 2560 2568 2672 2664 2560 2568 2672 2664 2561 2569 2673 2665 2561 2569 2673 2665 2562 2570 2674 2666 2571 2572 2676 2675 2573 2574 2678 2677 2573 2574 2678 2677 2575 2576 2680 2679 2575 2576 2680 2679 2577 2578 2682 2681 2577 2578 2682 2681 2579 2580 2684 2683 2579 2580 2684 2683 2581 2582 2686 2685 2581 2582 2686 2685 2583 2584 2688 2687 2583 2584 2688 2687 2585 2586 2690 2689 2585 2689 2691 2586 2690 2692 2572 2587 2693 2676 2574 2588 2694 2678 2574 2588 2694 2678 2576 2589 2695 2680 2576 2589 2695 2680 2578 2590 2696 2682 2578 2590 2696 2682 2580 2591 2697 2684 2580 2591 2697 2684 2582 2592 2698 2686 2582 2592 2698 2686 2584 2593 2699 2688 2584 2593 2699 2688 2586 2594 2700 2690 2586 2690 2692 2594 2700 2701 2587 2595 2702 2693 2588 2596 2703 2694 2588 2596 2703 2694 2589 2597 2704 2695 2589 2597 2704 2695 2590 2598 2705 2696 2590 2598 2705 2696 2591 2599 2706 2697 2591 2599 2706 2697 2592 2600 2707 2698 2592 2600 2707 2698 2593 2601 2708 2699 2593 2601 2708 2699 2594 2602 2709 2700 2594 2700 2701 2602 2709 2710 2595 2603 2711 2702 2596 2604 2712 2703 2596 2604 2712 2703 2597 2605 2713 2704 2597 2605 2713 2704 2598 2606 2714 2705 2598 2606 2714 2705 2599 2607 2715 2706 2599 2607 2715 2706 2600 2608 2716 2707 2600 2608 2716 2707 2601 2609 2717 2708 2601 2609 2717 2708 2602 2610 2718 2709 2602 2709 2710 2610 2718 2719 2603 2611 2720 2711 2604 2612 2721 2712 2604 2612 2721 2712 2605 2613 2722 2713 2605 2613 2722 2713 2606 2614 2723 2714 2606 2614 2723 2714 2607 2615 2724 2715 2607 2615 2724 2715 2608 2616 2725 2716 2608 2616 2725 2716 2609 2617 2726 2717 2609 2617 2726 2717 2610 2618 2727 2718 2610 2718 2719 2618 2727 2728 2611 2619 2729 2720 2612 2620 2730 2721 2612 2620 2730 2721 2613 2621 2731 2722 2613 2621 2731 2722 2614 2622 2732 2723 2614 2622 2732 2723 2615 2623 2733 2724 2615 2623 2733 2724 2616 2624 2734 2725 2616 2624 2734 2725 2617 2625 2735 2726 2617 2625 2735 2726 2618 2626 2736 2727 2618 2727 2728 2626 2736 2737 2619 2627 2738 2729 2620 2628 2739 2730 2620 2628 2739 2730 2621 2629 2740 2731 2621 2629 2740 2731 2622 2630 2741 2732 2622 2630 2741 2732 2623 2631 2742 2733 2623 2631 2742 2733 2624 2632 2743 2734 2624 2632 2743 2734 2625 2633 2744 2735 2625 2633 2744 2735 2626 2634 2745 2736 2626 2736 2737 2634 2745 2746 2627 2635 2747 2738 2628 2636 2748 2739 2628 2636 2748 2739 2629 2637 2749 2740 2629 2637 2749 2740 2630 2638 2750 2741 2630 2638 2750 2741 2631 2639 2751 2742 2631 2639 2751 2742 2632 2640 2752 2743 2632 2640 2752 2743 2633 2641 2753 2744 2633 2641 2753 2744 2634 2642 2754 2745 2634 2745 2746 2642 2754 2755 2635 2643 2756 2747 2636 2644 2757 2748 2636 2644 2757 2748 2637 2645 2758 2749 2637 2645 2758 2749 2638 2646 2759 2750 2638 2646 2759 2750 2639 2647 2760 2751 2639 2647 2760 2751 2640 2648 2761 2752 2640 2648 2761 2752 2641 2649 2762 2753 2641 2649 2762 2753 2642 2650 2763 2754 2642 2754 2755 2650 2763 2764 2643 2651 2765 2756 2644 2652 2766 2757 2644 2652 2766 2757 2645 2653 2767 2758 2645 2653 2767 2758 2646 2654 2768 2759 2646 2654 2768 2759 2647 2655 2769 2760 2647 2655 2769 2760 2648 2656 2770 2761 2648 2656 2770 2761 2649 2657 2771 2762 2649 2657 2771 2762 2650 2658 2772 2763 2650 2763 2764 2658 2772 2773 2651 2659 2774 2765 2652 2660 2775 2766 2652 2660 2775 2766 2653 2661 2776 2767 2653 2661 2776 2767 2654 2662 2777 2768 2654 2662 2777 2768 2655 2663 2778 2769 2655 2663 2778 2769 2656 2664 2779 2770 2656 2664 2779 2770 2657 2665 2780 2771 2657 2665 2780 2771 2658 2666 2781 2772 2658 2772 2773 2666 2781 2782 2659 2667 2783 2774 2660 2668 2784 2775 2660 2668 2784 2775 2661 2669 2785 2776 2661 2669 2785 2776 2662 2670 2786 2777 2662 2670 2786 2777 2663 2671 2787 2778 2663 2671 2787 2778 2664 2672 2788 2779 2664 2672 2788 2779 2665 2673 2789 2780 2665 2673 2789 2780 2666 2674 2790 2781 2666 2781 2782 2674 2790 2791 2677 2678 2793 2792 2679 2680 2795 2794 2679 2680 2795 2794 2681 2682 2797 2796 2681 2682 2797 2796 2683 2684 2799 2798 2683 2684 2799 2798 2685 2686 2801 2800 2685 2686 2801 2800 2687 2688 2803 2802 2687 2688 2803 2802 2689 2690 2805 2804 2689 2690 2805 2804 2691 2692 2807 2806 2678 2694 2808 2793 2680 2695 2809 2795 2680 2695 2809 2795 2682 2696 2810 2797 2682 2696 2810 2797 2684 2697 2811 2799 2684 2697 2811 2799 2686 2698 2812 2801 2686 2698 2812 2801 2688 2699 2813 2803 2688 2699 2813 2803 2690 2700 2814 2805 2690 2700 2814 2805 2692 2701 2815 2807 2694 2703 2816 2808 2695 2704 2817 2809 2695 2704 2817 2809 2696 2705 2818 2810 2696 2705 2818 2810 2697 2706 2819 2811 2697 2706 2819 2811 2698 2707 2820 2812 2698 2707 2820 2812 2699 2708 2821 2813 2699 2708 2821 2813 2700 2709 2822 2814 2700 2709 2822 2814 2701 2710 2823 2815 2703 2712 2824 2816 2704 2713 2825 2817 2704 2713 2825 2817 2705 2714 2826 2818 2705 2714 2826 2818 2706 2715 2827 2819 2706 2715 2827 2819 2707 2716 2828 2820 2707 2716 2828 2820 2708 2717 2829 2821 2708 2717 2829 2821 2709 2718 2830 2822 2709 2718 2830 2822 2710 2719 2831 2823 2712 2721 2832 2824 2713 2722 2833 2825 2713 2722 2833 2825 2714 2723 2834 2826 2714 2723 2834 2826 2715 2724 2835 2827 2715 2724 2835 2827 2716 2725 2836 2828 2716 2725 2836 2828 2717 2726 2837 2829 2717 2726 2837 2829 2718 2727 2838 2830 2718 2727 2838 2830 2719 2728 2839 2831 2721 2730 2840 2832 2722 2731 2841 2833 2722 2731 2841 2833 2723 2732 2842 2834 2723 2732 2842 2834 2724 2733 2843 2835 2724 2733 2843 2835 2725 2734 2844 2836 2725 2734 2844 2836 2726 2735 2845 2837 2726 2735 2845 2837 2727 2736 2846 2838 2727 2736 2846 2838 2728 2737 2847 2839 2730 2739 2848 2840 2731 2740 2849 2841 2731 2740 2849 2841 2732 2741 2850 2842 2732 2741 2850 2842 2733 2742 2851 2843 2733 2742 2851 2843 2734 2743 2852 2844 2734 2743 2852 2844 2735 2744 2853 2845 2735 2744 2853 2845 2736 2745 2854 2846 2736 2745 2854 2846 2737 2746 2855 2847 2739 2748 2856 2848 2740 2749 2857 2849 2740 2749 2857 2849 2741 2750 2858 2850 2741 2750 2858 2850 2742 2751 2859 2851 2742 2751 2859 2851 2743 2752 2860 2852 2743 2752 2860 2852 2744 2753 2861 2853 2744 2753 2861 2853 2745 2754 2862 2854 2745 2754 2862 2854 2746 2755 2863 2855 2748 2757 2864 2856 2749 2758 2865 2857 2749 2758 2865 2857 2750 2759 2866 2858 2750 2759 2866 2858 2751 2760 2867 2859 2751 2760 2867 2859 2752 2761 2868 2860 2752 2761 2868 2860 2753 2762 2869 2861 2753 2762 2869 2861 2754 2763 2870 2862 2754 2763 2870 2862 2755 2764 2871 2863 2757 2766 2872 2864 2758 2767 2873 2865 2758 2767 2873 2865 2759 2768 2874 2866 2759 2768 2874 2866 2760 2769 2875 2867 2760 2769 2875 2867 2761 2770 2876 2868 2761 2770 2876 2868 2762 2771 2877 2869 2762 2771 2877 2869 2763 2772 2878 2870 2763 2772 2878 2870 2764 2773 2879 2871 2766 2775 2880 2872 2767 2776 2881 2873 2767 2776 2881 2873 2768 2777 2882 2874 2768 2777 2882 2874 2769 2778 2883 2875 2769 2778 2883 2875 2770 2779 2884 2876 2770 2779 2884 2876 2771 2780 2885 2877 2771 2780 2885 2877 2772 2781 2886 2878 2772 2781 2886 2878 2773 2782 2887 2879 2775 2784 2888 2880 2776 2785 2889 2881 2776 2785 2889 2881 2777 2786 2890 2882 2777 2786 2890 2882 2778 2787 2891 2883 2778 2787 2891 2883 2779 2788 2892 2884 2779 2788 2892 2884 2780 2789 2893 2885 2780 2789 2893 2885 2781 2790 2894 2886 2781 2790 2894 2886 2782 2791 2895 2887 2792 2793 2897 2896 2794 2795 2899 2898 2794 2795 2899 2898 2796 2797 2901 2900 2796 2797 2901 2900 2798 2799 2903 2902 2798 2799 2903 2902 2800 2801 2905 2904 2800 2801 2905 2904 2802 2803 2907 2906 2802 2803 2907 2906 2804 2805 2909 2908 2804 2805 2909 2908 2806 2807 2911 2910 2793 2808 2912 2897 2795 2809 2913 2899 2795 2809 2913 2899 2797 2810 2914 2901 2797 2810 2914 2901 2799 2811 2915 2903 2799 2811 2915 2903 2801 2812 2916 2905 2801 2812 2916 2905 2803 2813 2917 2907 2803 2813 2917 2907 2805 2814 2918 2909 2805 2814 2918 2909 2807 2815 2919 2911 2808 2816 2920 2912 2809 2817 2921 2913 2809 2817 2921 2913 2810 2818 2922 2914 2810 2818 2922 2914 2811 2819 2923 2915 2811 2819 2923 2915 2812 2820 2924 2916 2812 2820 2924 2916 2813 2821 2925 2917 2813 2821 2925 2917 2814 2822 2926 2918 2814 2822 2926 2918 2815 2823 2927 2919 2816 2824 2928 2920 2817 2825 2929 2921 2817 2825 2929 2921 2818 2826 2930 2922 2818 2826 2930 2922 2819 2827 2931 2923 2819 2827 2931 2923 2820 2828 2932 2924 2820 2828 2932 2924 2821 2829 2933 2925 2821 2829 2933 2925 2822 2830 2934 2926 2822 2830 2934 2926 2823 2831 2935 2927 2824 2832 2936 2928 2825 2833 2937 2929 2825 2833 2937 2929 2826 2834 2938 2930 2826 2834 2938 2930 2827 2835 2939 2931 2827 2835 2939 2931 2828 2836 2940 2932 2828 2836 2940 2932 2829 2837 2941 2933 2829 2837 2941 2933 2830 2838 2942 2934 2830 2838 2942 2934 2831 2839 2943 2935 2832 2840 2944 2936 2833 2841 2945 2937 2833 2841 2945 2937 2834 2842 2946 2938 2834 2842 2946 2938 2835 2843 2947 2939 2835 2843 2947 2939 2836 2844 2948 2940 2836 2844 2948 2940 2837 2845 2949 2941 2837 2845 2949 2941 2838 2846 2950 2942 2838 2846 2950 2942 2839 2847 2951 2943 2840 2848 2952 2944 2841 2849 2953 2945 2841 2849 2953 2945 2842 2850 2954 2946 2842 2850 2954 2946 2843 2851 2955 2947 2843 2851 2955 2947 2844 2852 2956 2948 2844 2852 2956 2948 2845 2853 2957 2949 2845 2853 2957 2949 2846 2854 2958 2950 2846 2854 2958 2950 2847 2855 2959 2951 2848 2856 2960 2952 2849 2857 2961 2953 2849 2857 2961 2953 2850 2858 2962 2954 2850 2858 2962 2954 2851 2859 2963 2955 2851 2859 2963 2955 2852 2860 2964 2956 2852 2860 2964 2956 2853 2861 2965 2957 2853 2861 2965 2957 2854 2862 2966 2958 2854 2862 2966 2958 2855 2863 2967 2959 2856 2864 2968 2960 2857 2865 2969 2961 2857 2865 2969 2961 2858 2866 2970 2962 2858 2866 2970 2962 2859 2867 2971 2963 2859 2867 2971 2963 2860 2868 2972 2964 2860 2868 2972 2964 2861 2869 2973 2965 2861 2869 2973 2965 2862 2870 2974 2966 2862 2870 2974 2966 2863 2871 2975 2967 2864 2872 2976 2968 2865 2873 2977 2969 2865 2873 2977 2969 2866 2874 2978 2970 2866 2874 2978 2970 2867 2875 2979 2971 2867 2875 2979 2971 2868 2876 2980 2972 2868 2876 2980 2972 2869 2877 2981 2973 2869 2877 2981 2973 2870 2878 2982 2974 2870 2878 2982 2974 2871 2879 2983 2975 2872 2880 2984 2976 2873 2881 2985 2977 2873 2881 2985 2977 2874 2882 2986 2978 2874 2882 2986 2978 2875 2883 2987 2979 2875 2883 2987 2979 2876 2884 2988 2980 2876 2884 2988 2980 2877 2885 2989 2981 2877 2885 2989 2981 2878 2886 2990 2982 2878 2886 2990 2982 2879 2887 2991 2983 2880 2888 2992 2984 2881 2889 2993 2985 2881 2889 2993 2985 2882 2890 2994 2986 2882 2890 2994 2986 2883 2891 2995 2987 2883 2891 2995 2987 2884 2892 2996 2988 2884 2892 2996 2988 2885 2893 2997 2989 2885 2893 2997 2989 2886 2894 2998 2990 2886 2894 2998 2990 2887 2895 2999 2991 2896 2897 3001 3000 2898 2899 3003 3002 2898 2899 3003 3002 2900 2901 3005 3004 2900 2901 3005 3004 2902 2903 3007 3006 2902 2903 3007 3006 2904 2905 3009 3008 2904 2905 3009 3008 2906 2907 3011 3010 2906 2907 3011 3010 2908 2909 3013 3012 2908 2909 3013 3012 2910 2911 3015 3014 2897 2912 3016 3001 2899 2913 3017 3003 2899 2913 3017 3003 2901 2914 3018 3005 2901 2914 3018 3005 2903 2915 3019 3007 2903 2915 3019 3007 2905 2916 3020 3009 2905 2916 3020 3009 2907 2917 3021 3011 2907 2917 3021 3011 2909 2918 3022 3013 2909 2918 3022 3013 2911 2919 3023 3015 2912 2920 3024 3016 2913 2921 3025 3017 2913 2921 3025 3017 2914 2922 3026 3018 2914 2922 3026 3018 2915 2923 3027 3019 2915 2923 3027 3019 2916 2924 3028 3020 2916 2924 3028 3020 2917 2925 3029 3021 2917 2925 3029 3021 2918 2926 3030 3022 2918 2926 3030 3022 2919 2927 3031 3023 2920 2928 3032 3024 2921 2929 3033 3025 2921 2929 3033 3025 2922 2930 3034 3026 2922 2930 3034 3026 2923 2931 3035 3027 2923 2931 3035 3027 2924 2932 3036 3028 2924 2932 3036 3028 2925 2933 3037 3029 2925 2933 3037 3029 2926 2934 3038 3030 2926 2934 3038 3030 2927 2935 3039 3031 2928 2936 3040 3032 2929 2937 3041 3033 2929 2937 3041 3033 2930 2938 3042 3034 2930 2938 3042 3034 2931 2939 3043 3035 2931 2939 3043 3035 2932 2940 3044 3036 2932 2940 3044 3036 2933 2941 3045 3037 2933 2941 3045 3037 2934 2942 3046 3038 2934 2942 3046 3038 2935 2943 3047 3039 2936 2944 3048 3040 2937 2945 3049 3041 2937 2945 3049 3041 2938 2946 3050 3042 2938 2946 3050 3042 2939 2947 3051 3043 2939 2947 3051 3043 2940 2948 3052 3044 2940 2948 3052 3044 2941 2949 3053 3045 2941 2949 3053 3045 2942 2950 3054 3046 2942 2950 3054 3046 2943 2951 3055 3047 2944 2952 3056 3048 2945 2953 3057 3049 2945 2953 3057 3049 2946 2954 3058 3050 2946 2954 3058 3050 2947 2955 3059 3051 2947 2955 3059 3051 2948 2956 3060 3052 2948 2956 3060 3052 2949 2957 3061 3053 2949 2957 3061 3053 2950 2958 3062 3054 2950 2958 3062 3054 2951 2959 3063 3055 2952 2960 3064 3056 2953 2961 3065 3057 2953 2961 3065 3057 2954 2962 3066 3058 2954 2962 3066 3058 2955 2963 3067 3059 2955 2963 3067 3059 2956 2964 3068 3060 2956 2964 3068 3060 2957 2965 3069 3061 2957 2965 3069 3061 2958 2966 3070 3062 2958 2966 3070 3062 2959 2967 3071 3063 2960 2968 3072 3064 2961 2969 3073 3065 2961 2969 3073 3065 2962 2970 3074 3066 2962 2970 3074 3066 2963 2971 3075 3067 2963 2971 3075 3067 2964 2972 3076 3068 2964 2972 3076 3068 2965 2973 3077 3069 2965 2973 3077 3069 2966 2974 3078 3070 2966 2974 3078 3070 2967 2975 3079 3071 2968 2976 3080 3072 2969 2977 3081 3073 2969 2977 3081 3073 2970 2978 3082 3074 2970 2978 3082 3074 2971 2979 3083 3075 2971 2979 3083 3075 2972 2980 3084 3076 2972 2980 3084 3076 2973 2981 3085 3077 2973 2981 3085 3077 2974 2982 3086 3078 2974 2982 3086 3078 2975 2983 3087 3079 2976 2984 3088 3080 2977 2985 3089 3081 2977 2985 3089 3081 2978 2986 3090 3082 2978 2986 3090 3082 2979 2987 3091 3083 2979 2987 3091 3083 2980 2988 3092 3084 2980 2988 3092 3084 2981 2989 3093 3085 2981 2989 3093 3085 2982 2990 3094 3086 2982 2990 3094 3086 2983 2991 3095 3087 2984 2992 3096 3088 2985 2993 3097 3089 2985 2993 3097 3089 2986 2994 3098 3090 2986 2994 3098 3090 2987 2995 3099 3091 2987 2995 3099 3091 2988 2996 3100 3092 2988 2996 3100 3092 2989 2997 3101 3093 2989 2997 3101 3093 2990 2998 3102 3094 2990 2998 3102 3094 2991 2999 3103 3095 3002 3003 3105 3104 3004 3005 3107 3106 3004 3005 3107 3106 3006 3007 3109 3108 3006 3007 3109 3108 3008 3009 3111 3110 3008 3009 3111 3110 3010 3011 3113 3112 3010 3011 3113 3112 3012 3013 3115 3114 3012 3013 3115 3114 3014 3015 3117 3116 3014 3116 3118 3015 3117 3119 3003 3017 3120 3105 3005 3018 3121 3107 3005 3018 3121 3107 3007 3019 3122 3109 3007 3019 3122 3109 3009 3020 3123 3111 3009 3020 3123 3111 3011 3021 3124 3113 3011 3021 3124 3113 3013 3022 3125 3115 3013 3022 3125 3115 3015 3023 3126 3117 3015 3117 3119 3023 3126 3127 3017 3025 3128 3120 3018 3026 3129 3121 3018 3026 3129 3121 3019 3027 3130 3122 3019 3027 3130 3122 3020 3028 3131 3123 3020 3028 3131 3123 3021 3029 3132 3124 3021 3029 3132 3124 3022 3030 3133 3125 3022 3030 3133 3125 3023 3031 3134 3126 3023 3126 3127 3031 3134 3135 3025 3033 3136 3128 3026 3034 3137 3129 3026 3034 3137 3129 3027 3035 3138 3130 3027 3035 3138 3130 3028 3036 3139 3131 3028 3036 3139 3131 3029 3037 3140 3132 3029 3037 3140 3132 3030 3038 3141 3133 3030 3038 3141 3133 3031 3039 3142 3134 3031 3134 3135 3039 3142 3143 3033 3041 3144 3136 3034 3042 3145 3137 3034 3042 3145 3137 3035 3043 3146 3138 3035 3043 3146 3138 3036 3044 3147 3139 3036 3044 3147 3139 3037 3045 3148 3140 3037 3045 3148 3140 3038 3046 3149 3141 3038 3046 3149 3141 3039 3047 3150 3142 3039 3142 3143 3047 3150 3151 3041 3049 3152 3144 3042 3050 3153 3145 3042 3050 3153 3145 3043 3051 3154 3146 3043 3051 3154 3146 3044 3052 3155 3147 3044 3052 3155 3147 3045 3053 3156 3148 3045 3053 3156 3148 3046 3054 3157 3149 3046 3054 3157 3149 3047 3055 3158 3150 3047 3150 3151 3055 3158 3159 3049 3057 3160 3152 3050 3058 3161 3153 3050 3058 3161 3153 3051 3059 3162 3154 3051 3059 3162 3154 3052 3060 3163 3155 3052 3060 3163 3155 3053 3061 3164 3156 3053 3061 3164 3156 3054 3062 3165 3157 3054 3062 3165 3157 3055 3063 3166 3158 3055 3158 3159 3063 3166 3167 3057 3065 3168 3160 3058 3066 3169 3161 3058 3066 3169 3161 3059 3067 3170 3162 3059 3067 3170 3162 3060 3068 3171 3163 3060 3068 3171 3163 3061 3069 3172 3164 3061 3069 3172 3164 3062 3070 3173 3165 3062 3070 3173 3165 3063 3071 3174 3166 3063 3166 3167 3071 3174 3175 3065 3073 3176 3168 3066 3074 3177 3169 3066 3074 3177 3169 3067 3075 3178 3170 3067 3075 3178 3170 3068 3076 3179 3171 3068 3076 3179 3171 3069 3077 3180 3172 3069 3077 3180 3172 3070 3078 3181 3173 3070 3078 3181 3173 3071 3079 3182 3174 3071 3174 3175 3079 3182 3183 3073 3081 3184 3176 3074 3082 3185 3177 3074 3082 3185 3177 3075 3083 3186 3178 3075 3083 3186 3178 3076 3084 3187 3179 3076 3084 3187 3179 3077 3085 3188 3180 3077 3085 3188 3180 3078 3086 3189 3181 3078 3086 3189 3181 3079 3087 3190 3182 3079 3182 3183 3087 3190 3191 3081 3089 3192 3184 3082 3090 3193 3185 3082 3090 3193 3185 3083 3091 3194 3186 3083 3091 3194 3186 3084 3092 3195 3187 3084 3092 3195 3187 3085 3093 3196 3188 3085 3093 3196 3188 3086 3094 3197 3189 3086 3094 3197 3189 3087 3095 3198 3190 3087 3190 3191 3095 3198 3199 3089 3097 3200 3192 3090 3098 3201 3193 3090 3098 3201 3193 3091 3099 3202 3194 3091 3099 3202 3194 3092 3100 3203 3195 3092 3100 3203 3195 3093 3101 3204 3196 3093 3101 3204 3196 3094 3102 3205 3197 3094 3102 3205 3197 3095 3103 3206 3198 3095 3198 3199 3103 3206 3207 3104 3105 3209 3208 3106 3107 3211 3210 3106 3107 3211 3210 3108 3109 3213 3212 3108 3109 3213 3212 3110 3111 3215 3214 3110 3111 3215 3214 3112 3113 3217 3216 3112 3113 3217 3216 3114 3115 3219 3218 3114 3115 3219 3218 3116 3117 3221 3220 3116 3117 3221 3220 3118 3119 3223 3222 3105 3120 3224 3209 3107 3121 3225 3211 3107 3121 3225 3211 3109 3122 3226 3213 3109 3122 3226 3213 3111 3123 3227 3215 3111 3123 3227 3215 3113 3124 3228 3217 3113 3124 3228 3217 3115 3125 3229 3219 3115 3125 3229 3219 3117 3126 3230 3221 3117 3126 3230 3221 3119 3127 3231 3223 3120 3128 3232 3224 3121 3129 3233 3225 3121 3129 3233 3225 3122 3130 3234 3226 3122 3130 3234 3226 3123 3131 3235 3227 3123 3131 3235 3227 3124 3132 3236 3228 3124 3132 3236 3228 3125 3133 3237 3229 3125 3133 3237 3229 3126 3134 3238 3230 3126 3134 3238 3230 3127 3135 3239 3231 3128 3136 3240 3232 3129 3137 3241 3233 3129 3137 3241 3233 3130 3138 3242 3234 3130 3138 3242 3234 3131 3139 3243 3235 3131 3139 3243 3235 3132 3140 3244 3236 3132 3140 3244 3236 3133 3141 3245 3237 3133 3141 3245 3237 3134 3142 3246 3238 3134 3142 3246 3238 3135 3143 3247 3239 3136 3144 3248 3240 3137 3145 3249 3241 3137 3145 3249 3241 3138 3146 3250 3242 3138 3146 3250 3242 3139 3147 3251 3243 3139 3147 3251 3243 3140 3148 3252 3244 3140 3148 3252 3244 3141 3149 3253 3245 3141 3149 3253 3245 3142 3150 3254 3246 3142 3150 3254 3246 3143 3151 3255 3247 3144 3152 3256 3248 3145 3153 3257 3249 3145 3153 3257 3249 3146 3154 3258 3250 3146 3154 3258 3250 3147 3155 3259 3251 3147 3155 3259 3251 3148 3156 3260 3252 3148 3156 3260 3252 3149 3157 3261 3253 3149 3157 3261 3253 3150 3158 3262 3254 3150 3158 3262 3254 3151 3159 3263 3255 3152 3160 3264 3256 3153 3161 3265 3257 3153 3161 3265 3257 3154 3162 3266 3258 3154 3162 3266 3258 3155 3163 3267 3259 3155 3163 3267 3259 3156 3164 3268 3260 3156 3164 3268 3260 3157 3165 3269 3261 3157 3165 3269 3261 3158 3166 3270 3262 3158 3166 3270 3262 3159 3167 3271 3263 3160 3168 3272 3264 3161 3169 3273 3265 3161 3169 3273 3265 3162 3170 3274 3266 3162 3170 3274 3266 3163 3171 3275 3267 3163 3171 3275 3267 3164 3172 3276 3268 3164 3172 3276 3268 3165 3173 3277 3269 3165 3173 3277 3269 3166 3174 3278 3270 3166 3174 3278 3270 3167 3175 3279 3271 3168 3176 3280 3272 3169 3177 3281 3273 3169 3177 3281 3273 3170 3178 3282 3274 3170 3178 3282 3274 3171 3179 3283 3275 3171 3179 3283 3275 3172 3180 3284 3276 3172 3180 3284 3276 3173 3181 3285 3277 3173 3181 3285 3277 3174 3182 3286 3278 3174 3182 3286 3278 3175 3183 3287 3279 3176 3184 3288 3280 3177 3185 3289 3281 3177 3185 3289 3281 3178 3186 3290 3282 3178 3186 3290 3282 3179 3187 3291 3283 3179 3187 3291 3283 3180 3188 3292 3284 3180 3188 3292 3284 3181 3189 3293 3285 3181 3189 3293 3285 3182 3190 3294 3286 3182 3190 3294 3286 3183 3191 3295 3287 3184 3192 3296 3288 3185 3193 3297 3289 3185 3193 3297 3289 3186 3194 3298 3290 3186 3194 3298 3290 3187 3195 3299 3291 3187 3195 3299 3291 3188 3196 3300 3292 3188 3196 3300 3292 3189 3197 3301 3293 3189 3197 3301 3293 3190 3198 3302 3294 3190 3198 3302 3294 3191 3199 3303 3295 3192 3200 3304 3296 3193 3201 3305 3297 3193 3201 3305 3297 3194 3202 3306 3298 3194 3202 3306 3298 3195 3203 3307 3299 3195 3203 3307 3299 3196 3204 3308 3300 3196 3204 3308 3300 3197 3205 3309 3301 3197 3205 3309 3301 3198 3206 3310 3302 3198 3206 3310 3302 3199 3207 3311 3303 3208 3209 3313 3312 3210 3211 3315 3314 3210 3211 3315 3314 3212 3213 3317 3316 3212 3213 3317 3316 3214 3215 3319 3318 3214 3215 3319 3318 3216 3217 3321 3320 3216 3217 3321 3320 3218 3219 3323 3322 3218 3219 3323 3322 3220 3221 3325 3324 3220 3221 3325 3324 3222 3223 3327 3326 3209 3224 3328 3313 3211 3225 3329 3315 3211 3225 3329 3315 3213 3226 3330 3317 3213 3226 3330 3317 3215 3227 3331 3319 3215 3227 3331 3319 3217 3228 3332 3321 3217 3228 3332 3321 3219 3229 3333 3323 3219 3229 3333 3323 3221 3230 3334 3325 3221 3230 3334 3325 3223 3231 3335 3327 3224 3232 3336 3328 3225 3233 3337 3329 3225 3233 3337 3329 3226 3234 3338 3330 3226 3234 3338 3330 3227 3235 3339 3331 3227 3235 3339 3331 3228 3236 3340 3332 3228 3236 3340 3332 3229 3237 3341 3333 3229 3237 3341 3333 3230 3238 3342 3334 3230 3238 3342 3334 3231 3239 3343 3335 3232 3240 3344 3336 3233 3241 3345 3337 3233 3241 3345 3337 3234 3242 3346 3338 3234 3242 3346 3338 3235 3243 3347 3339 3235 3243 3347 3339 3236 3244 3348 3340 3236 3244 3348 3340 3237 3245 3349 3341 3237 3245 3349 3341 3238 3246 3350 3342 3238 3246 3350 3342 3239 3247 3351 3343 3240 3248 3352 3344 3241 3249 3353 3345 3241 3249 3353 3345 3242 3250 3354 3346 3242 3250 3354 3346 3243 3251 3355 3347 3243 3251 3355 3347 3244 3252 3356 3348 3244 3252 3356 3348 3245 3253 3357 3349 3245 3253 3357 3349 3246 3254 3358 3350 3246 3254 3358 3350 3247 3255 3359 3351 3248 3256 3360 3352 3249 3257 3361 3353 3249 3257 3361 3353 3250 3258 3362 3354 3250 3258 3362 3354 3251 3259 3363 3355 3251 3259 3363 3355 3252 3260 3364 3356 3252 3260 3364 3356 3253 3261 3365 3357 3253 3261 3365 3357 3254 3262 3366 3358 3254 3262 3366 3358 3255 3263 3367 3359 3256 3264 3368 3360 3257 3265 3369 3361 3257 3265 3369 3361 3258 3266 3370 3362 3258 3266 3370 3362 3259 3267 3371 3363 3259 3267 3371 3363 3260 3268 3372 3364 3260 3268 3372 3364 3261 3269 3373 3365 3261 3269 3373 3365 3262 3270 3374 3366 3262 3270 3374 3366 3263 3271 3375 3367 3264 3272 3376 3368 3265 3273 3377 3369 3265 3273 3377 3369 3266 3274 3378 3370 3266 3274 3378 3370 3267 3275 3379 3371 3267 3275 3379 3371 3268 3276 3380 3372 3268 3276 3380 3372 3269 3277 3381 3373 3269 3277 3381 3373 3270 3278 3382 3374 3270 3278 3382 3374 3271 3279 3383 3375 3272 3280 3384 3376 3273 3281 3385 3377 3273 3281 3385 3377 3274 3282 3386 3378 3274 3282 3386 3378 3275 3283 3387 3379 3275 3283 3387 3379 3276 3284 3388 3380 3276 3284 3388 3380 3277 3285 3389 3381 3277 3285 3389 3381 3278 3286 3390 3382 3278 3286 3390 3382 3279 3287 3391 3383 3280 3288 3392 3384 3281 3289 3393 3385 3281 3289 3393 3385 3282 3290 3394 3386 3282 3290 3394 3386 3283 3291 3395 3387 3283 3291 3395 3387 3284 3292 3396 3388 3284 3292 3396 3388 3285 3293 3397 3389 3285 3293 3397 3389 3286 3294 3398 3390 3286 3294 3398 3390 3287 3295 3399 3391 3288 3296 3400 3392 3289 3297 3401 3393 3289 3297 3401 3393 3290 3298 3402 3394 3290 3298 3402 3394 3291 3299 3403 3395 3291 3299 3403 3395 3292 3300 3404 3396 3292 3300 3404 3396 3293 3301 3405 3397 3293 3301 3405 3397 3294 3302 3406 3398 3294 3302 3406 3398 3295 3303 3407 3399 3296 3304 3408 3400 3297 3305 3409 3401 3297 3305 3409 3401 3298 3306 3410 3402 3298 3306 3410 3402 3299 3307 3411 3403 3299 3307 3411 3403 3300 3308 3412 3404 3300 3308 3412 3404 3301 3309 3413 3405 3301 3309 3413 3405 3302 3310 3414 3406 3302 3310 3414 3406 3303 3311 3415 3407 3312 3313 3417 3416 3314 3315 3419 3418 3314 3315 3419 3418 3316 3317 3421 3420 3316 3317 3421 3420 3318 3319 3423 3422 3318 3319 3423 3422 3320 3321 3425 3424 3320 3321 3425 3424 3322 3323 3427 3426 3322 3323 3427 3426 3324 3325 3429 3428 3324 3325 3429 3428 3326 3327 3431 3430 3313 3328 3432 3417 3315 3329 3433 3419 3315 3329 3433 3419 3317 3330 3434 3421 3317 3330 3434 3421 3319 3331 3435 3423 3319 3331 3435 3423 3321 3332 3436 3425 3321 3332 3436 3425 3323 3333 3437 3427 3323 3333 3437 3427 3325 3334 3438 3429 3325 3334 3438 3429 3327 3335 3439 3431 3328 3336 3440 3432 3329 3337 3441 3433 3329 3337 3441 3433 3330 3338 3442 3434 3330 3338 3442 3434 3331 3339 3443 3435 3331 3339 3443 3435 3332 3340 3444 3436 3332 3340 3444 3436 3333 3341 3445 3437 3333 3341 3445 3437 3334 3342 3446 3438 3334 3342 3446 3438 3335 3343 3447 3439 3336 3344 3448 3440 3337 3345 3449 3441 3337 3345 3449 3441 3338 3346 3450 3442 3338 3346 3450 3442 3339 3347 3451 3443 3339 3347 3451 3443 3340 3348 3452 3444 3340 3348 3452 3444 3341 3349 3453 3445 3341 3349 3453 3445 3342 3350 3454 3446 3342 3350 3454 3446 3343 3351 3455 3447 3344 3352 3456 3448 3345 3353 3457 3449 3345 3353 3457 3449 3346 3354 3458 3450 3346 3354 3458 3450 3347 3355 3459 3451 3347 3355 3459 3451 3348 3356 3460 3452 3348 3356 3460 3452 3349 3357 3461 3453 3349 3357 3461 3453 3350 3358 3462 3454 3350 3358 3462 3454 3351 3359 3463 3455 3352 3360 3464 3456 3353 3361 3465 3457 3353 3361 3465 3457 3354 3362 3466 3458 3354 3362 3466 3458 3355 3363 3467 3459 3355 3363 3467 3459 3356 3364 3468 3460 3356 3364 3468 3460 3357 3365 3469 3461 3357 3365 3469 3461 3358 3366 3470 3462 3358 3366 3470 3462 3359 3367 3471 3463 3360 3368 3472 3464 3361 3369 3473 3465 3361 3369 3473 3465 3362 3370 3474 3466 3362 3370 3474 3466 3363 3371 3475 3467 3363 3371 3475 3467 3364 3372 3476 3468 3364 3372 3476 3468 3365 3373 3477 3469 3365 3373 3477 3469 3366 3374 3478 3470 3366 3374 3478 3470 3367 3375 3479 3471 3368 3376 3480 3472 3369 3377 3481 3473 3369 3377 3481 3473 3370 3378 3482 3474 3370 3378 3482 3474 3371 3379 3483 3475 3371 3379 3483 3475 3372 3380 3484 3476 3372 3380 3484 3476 3373 3381 3485 3477 3373 3381 3485 3477 3374 3382 3486 3478 3374 3382 3486 3478 3375 3383 3487 3479 3376 3384 3488 3480 3377 3385 3489 3481 3377 3385 3489 3481 3378 3386 3490 3482 3378 3386 3490 3482 3379 3387 3491 3483 3379 3387 3491 3483 3380 3388 3492 3484 3380 3388 3492 3484 3381 3389 3493 3485 3381 3389 3493 3485 3382 3390 3494 3486 3382 3390 3494 3486 3383 3391 3495 3487 3384 3392 3496 3488 3385 3393 3497 3489 3385 3393 3497 3489 3386 3394 3498 3490 3386 3394 3498 3490 3387 3395 3499 3491 3387 3395 3499 3491 3388 3396 3500 3492 3388 3396 3500 3492 3389 3397 3501 3493 3389 3397 3501 3493 3390 3398 3502 3494 3390 3398 3502 3494 3391 3399 3503 3495 3392 3400 3504 3496 3393 3401 3505 3497 3393 3401 3505 3497 3394 3402 3506 3498 3394 3402 3506 3498 3395 3403 3507 3499 3395 3403 3507 3499 3396 3404 3508 3500 3396 3404 3508 3500 3397 3405 3509 3501 3397 3405 3509 3501 3398 3406 3510 3502 3398 3406 3510 3502 3399 3407 3511 3503 3400 3408 3512 3504 3401 3409 3513 3505 3401 3409 3513 3505 3402 3410 3514 3506 3402 3410 3514 3506 3403 3411 3515 3507 3403 3411 3515 3507 3404 3412 3516 3508 3404 3412 3516 3508 3405 3413 3517 3509 3405 3413 3517 3509 3406 3414 3518 3510 3406 3414 3518 3510 3407 3415 3519 3511 3418 3419 3521 3520 3420 3421 3523 3522 3420 3421 3523 3522 3422 3423 3525 3524 3422 3423 3525 3524 3424 3425 3527 3526 3424 3425 3527 3526 3426 3427 3529 3528 3426 3427 3529 3528 3428 3429 3531 3530 3428 3429 3531 3530 3430 3431 3533 3532 3419 3433 3534 3521 3421 3434 3535 3523 3421 3434 3535 3523 3423 3435 3536 3525 3423 3435 3536 3525 3425 3436 3537 3527 3425 3436 3537 3527 3427 3437 3538 3529 3427 3437 3538 3529 3429 3438 3539 3531 3429 3438 3539 3531 3431 3439 3540 3533 3433 3441 3541 3534 3434 3442 3542 3535 3434 3442 3542 3535 3435 3443 3543 3536 3435 3443 3543 3536 3436 3444 3544 3537 3436 3444 3544 3537 3437 3445 3545 3538 3437 3445 3545 3538 3438 3446 3546 3539 3438 3446 3546 3539 3439 3447 3547 3540 3441 3449 3548 3541 3442 3450 3549 3542 3442 3450 3549 3542 3443 3451 3550 3543 3443 3451 3550 3543 3444 3452 3551 3544 3444 3452 3551 3544 3445 3453 3552 3545 3445 3453 3552 3545 3446 3454 3553 3546 3446 3454 3553 3546 3447 3455 3554 3547 3449 3457 3555 3548 3450 3458 3556 3549 3450 3458 3556 3549 3451 3459 3557 3550 3451 3459 3557 3550 3452 3460 3558 3551 3452 3460 3558 3551 3453 3461 3559 3552 3453 3461 3559 3552 3454 3462 3560 3553 3454 3462 3560 3553 3455 3463 3561 3554 3457 3465 3562 3555 3458 3466 3563 3556 3458 3466 3563 3556 3459 3467 3564 3557 3459 3467 3564 3557 3460 3468 3565 3558 3460 3468 3565 3558 3461 3469 3566 3559 3461 3469 3566 3559 3462 3470 3567 3560 3462 3470 3567 3560 3463 3471 3568 3561 3465 3473 3569 3562 3466 3474 3570 3563 3466 3474 3570 3563 3467 3475 3571 3564 3467 3475 3571 3564 3468 3476 3572 3565 3468 3476 3572 3565 3469 3477 3573 3566 3469 3477 3573 3566 3470 3478 3574 3567 3470 3478 3574 3567 3471 3479 3575 3568 3473 3481 3576 3569 3474 3482 3577 3570 3474 3482 3577 3570 3475 3483 3578 3571 3475 3483 3578 3571 3476 3484 3579 3572 3476 3484 3579 3572 3477 3485 3580 3573 3477 3485 3580 3573 3478 3486 3581 3574 3478 3486 3581 3574 3479 3487 3582 3575 3481 3489 3583 3576 3482 3490 3584 3577 3482 3490 3584 3577 3483 3491 3585 3578 3483 3491 3585 3578 3484 3492 3586 3579 3484 3492 3586 3579 3485 3493 3587 3580 3485 3493 3587 3580 3486 3494 3588 3581 3486 3494 3588 3581 3487 3495 3589 3582 3489 3497 3590 3583 3490 3498 3591 3584 3490 3498 3591 3584 3491 3499 3592 3585 3491 3499 3592 3585 3492 3500 3593 3586 3492 3500 3593 3586 3493 3501 3594 3587 3493 3501 3594 3587 3494 3502 3595 3588 3494 3502 3595 3588 3495 3503 3596 3589 3497 3505 3597 3590 3498 3506 3598 3591 3498 3506 3598 3591 3499 3507 3599 3592 3499 3507 3599 3592 3500 3508 3600 3593 3500 3508 3600 3593 3501 3509 3601 3594 3501 3509 3601 3594 3502 3510 3602 3595 3502 3510 3602 3595 3503 3511 3603 3596 3505 3513 3604 3597 3506 3514 3605 3598 3506 3514 3605 3598 3507 3515 3606 3599 3507 3515 3606 3599 3508 3516 3607 3600 3508 3516 3607 3600 3509 3517 3608 3601 3509 3517 3608 3601 3510 3518 3609 3602 3510 3518 3609 3602 3511 3519 3610 3603 3520 3521 3612 3611 3522 3523 3614 3613 3522 3523 3614 3613 3524 3525 3616 3615 3524 3525 3616 3615 3526 3527 3618 3617 3526 3527 3618 3617 3528 3529 3620 3619 3528 3529 3620 3619 3530 3531 3622 3621 3530 3531 3622 3621 3532 3533 3624 3623 3532 3623 3625 3533 3624 3626 3521 3534 3627 3612 3523 3535 3628 3614 3523 3535 3628 3614 3525 3536 3629 3616 3525 3536 3629 3616 3527 3537 3630 3618 3527 3537 3630 3618 3529 3538 3631 3620 3529 3538 3631 3620 3531 3539 3632 3622 3531 3539 3632 3622 3533 3540 3633 3624 3533 3624 3626 3540 3633 3634 3534 3541 3635 3627 3535 3542 3636 3628 3535 3542 3636 3628 3536 3543 3637 3629 3536 3543 3637 3629 3537 3544 3638 3630 3537 3544 3638 3630 3538 3545 3639 3631 3538 3545 3639 3631 3539 3546 3640 3632 3539 3546 3640 3632 3540 3547 3641 3633 3540 3633 3634 3547 3641 3642 3541 3548 3643 3635 3542 3549 3644 3636 3542 3549 3644 3636 3543 3550 3645 3637 3543 3550 3645 3637 3544 3551 3646 3638 3544 3551 3646 3638 3545 3552 3647 3639 3545 3552 3647 3639 3546 3553 3648 3640 3546 3553 3648 3640 3547 3554 3649 3641 3547 3641 3642 3554 3649 3650 3548 3555 3651 3643 3549 3556 3652 3644 3549 3556 3652 3644 3550 3557 3653 3645 3550 3557 3653 3645 3551 3558 3654 3646 3551 3558 3654 3646 3552 3559 3655 3647 3552 3559 3655 3647 3553 3560 3656 3648 3553 3560 3656 3648 3554 3561 3657 3649 3554 3649 3650 3561 3657 3658 3555 3562 3659 3651 3556 3563 3660 3652 3556 3563 3660 3652 3557 3564 3661 3653 3557 3564 3661 3653 3558 3565 3662 3654 3558 3565 3662 3654 3559 3566 3663 3655 3559 3566 3663 3655 3560 3567 3664 3656 3560 3567 3664 3656 3561 3568 3665 3657 3561 3657 3658 3568 3665 3666 3562 3569 3667 3659 3563 3570 3668 3660 3563 3570 3668 3660 3564 3571 3669 3661 3564 3571 3669 3661 3565 3572 3670 3662 3565 3572 3670 3662 3566 3573 3671 3663 3566 3573 3671 3663 3567 3574 3672 3664 3567 3574 3672 3664 3568 3575 3673 3665 3568 3665 3666 3575 3673 3674 3569 3576 3675 3667 3570 3577 3676 3668 3570 3577 3676 3668 3571 3578 3677 3669 3571 3578 3677 3669 3572 3579 3678 3670 3572 3579 3678 3670 3573 3580 3679 3671 3573 3580 3679 3671 3574 3581 3680 3672 3574 3581 3680 3672 3575 3582 3681 3673 3575 3673 3674 3582 3681 3682 3576 3583 3683 3675 3577 3584 3684 3676 3577 3584 3684 3676 3578 3585 3685 3677 3578 3585 3685 3677 3579 3586 3686 3678 3579 3586 3686 3678 3580 3587 3687 3679 3580 3587 3687 3679 3581 3588 3688 3680 3581 3588 3688 3680 3582 3589 3689 3681 3582 3681 3682 3589 3689 3690 3583 3590 3691 3683 3584 3591 3692 3684 3584 3591 3692 3684 3585 3592 3693 3685 3585 3592 3693 3685 3586 3593 3694 3686 3586 3593 3694 3686 3587 3594 3695 3687 3587 3594 3695 3687 3588 3595 3696 3688 3588 3595 3696 3688 3589 3596 3697 3689 3589 3689 3690 3596 3697 3698 3590 3597 3699 3691 3591 3598 3700 3692 3591 3598 3700 3692 3592 3599 3701 3693 3592 3599 3701 3693 3593 3600 3702 3694 3593 3600 3702 3694 3594 3601 3703 3695 3594 3601 3703 3695 3595 3602 3704 3696 3595 3602 3704 3696 3596 3603 3705 3697 3596 3697 3698 3603 3705 3706 3597 3604 3707 3699 3598 3605 3708 3700 3598 3605 3708 3700 3599 3606 3709 3701 3599 3606 3709 3701 3600 3607 3710 3702 3600 3607 3710 3702 3601 3608 3711 3703 3601 3608 3711 3703 3602 3609 3712 3704 3602 3609 3712 3704 3603 3610 3713 3705 3603 3705 3706 3610 3713 3714 3611 3612 3716 3715 3613 3614 3718 3717 3613 3614 3718 3717 3615 3616 3720 3719 3615 3616 3720 3719 3617 3618 3722 3721 3617 3618 3722 3721 3619 3620 3724 3723 3619 3620 3724 3723 3621 3622 3726 3725 3621 3622 3726 3725 3623 3624 3728 3727 3623 3624 3728 3727 3625 3626 3730 3729 3612 3627 3731 3716 3614 3628 3732 3718 3614 3628 3732 3718 3616 3629 3733 3720 3616 3629 3733 3720 3618 3630 3734 3722 3618 3630 3734 3722 3620 3631 3735 3724 3620 3631 3735 3724 3622 3632 3736 3726 3622 3632 3736 3726 3624 3633 3737 3728 3624 3633 3737 3728 3626 3634 3738 3730 3627 3635 3739 3731 3628 3636 3740 3732 3628 3636 3740 3732 3629 3637 3741 3733 3629 3637 3741 3733 3630 3638 3742 3734 3630 3638 3742 3734 3631 3639 3743 3735 3631 3639 3743 3735 3632 3640 3744 3736 3632 3640 3744 3736 3633 3641 3745 3737 3633 3641 3745 3737 3634 3642 3746 3738 3635 3643 3747 3739 3636 3644 3748 3740 3636 3644 3748 3740 3637 3645 3749 3741 3637 3645 3749 3741 3638 3646 3750 3742 3638 3646 3750 3742 3639 3647 3751 3743 3639 3647 3751 3743 3640 3648 3752 3744 3640 3648 3752 3744 3641 3649 3753 3745 3641 3649 3753 3745 3642 3650 3754 3746 3643 3651 3755 3747 3644 3652 3756 3748 3644 3652 3756 3748 3645 3653 3757 3749 3645 3653 3757 3749 3646 3654 3758 3750 3646 3654 3758 3750 3647 3655 3759 3751 3647 3655 3759 3751 3648 3656 3760 3752 3648 3656 3760 3752 3649 3657 3761 3753 3649 3657 3761 3753 3650 3658 3762 3754 3651 3659 3763 3755 3652 3660 3764 3756 3652 3660 3764 3756 3653 3661 3765 3757 3653 3661 3765 3757 3654 3662 3766 3758 3654 3662 3766 3758 3655 3663 3767 3759 3655 3663 3767 3759 3656 3664 3768 3760 3656 3664 3768 3760 3657 3665 3769 3761 3657 3665 3769 3761 3658 3666 3770 3762 3659 3667 3771 3763 3660 3668 3772 3764 3660 3668 3772 3764 3661 3669 3773 3765 3661 3669 3773 3765 3662 3670 3774 3766 3662 3670 3774 3766 3663 3671 3775 3767 3663 3671 3775 3767 3664 3672 3776 3768 3664 3672 3776 3768 3665 3673 3777 3769 3665 3673 3777 3769 3666 3674 3778 3770 3667 3675 3779 3771 3668 3676 3780 3772 3668 3676 3780 3772 3669 3677 3781 3773 3669 3677 3781 3773 3670 3678 3782 3774 3670 3678 3782 3774 3671 3679 3783 3775 3671 3679 3783 3775 3672 3680 3784 3776 3672 3680 3784 3776 3673 3681 3785 3777 3673 3681 3785 3777 3674 3682 3786 3778 3675 3683 3787 3779 3676 3684 3788 3780 3676 3684 3788 3780 3677 3685 3789 3781 3677 3685 3789 3781 3678 3686 3790 3782 3678 3686 3790 3782 3679 3687 3791 3783 3679 3687 3791 3783 3680 3688 3792 3784 3680 3688 3792 3784 3681 3689 3793 3785 3681 3689 3793 3785 3682 3690 3794 3786 3683 3691 3795 3787 3684 3692 3796 3788 3684 3692 3796 3788 3685 3693 3797 3789 3685 3693 3797 3789 3686 3694 3798 3790 3686 3694 3798 3790 3687 3695 3799 3791 3687 3695 3799 3791 3688 3696 3800 3792 3688 3696 3800 3792 3689 3697 3801 3793 3689 3697 3801 3793 3690 3698 3802 3794 3691 3699 3803 3795 3692 3700 3804 3796 3692 3700 3804 3796 3693 3701 3805 3797 3693 3701 3805 3797 3694 3702 3806 3798 3694 3702 3806 3798 3695 3703 3807 3799 3695 3703 3807 3799 3696 3704 3808 3800 3696 3704 3808 3800 3697 3705 3809 3801 3697 3705 3809 3801 3698 3706 3810 3802 3699 3707 3811 3803 3700 3708 3812 3804 3700 3708 3812 3804 3701 3709 3813 3805 3701 3709 3813 3805 3702 3710 3814 3806 3702 3710 3814 3806 3703 3711 3815 3807 3703 3711 3815 3807 3704 3712 3816 3808 3704 3712 3816 3808 3705 3713 3817 3809 3705 3713 3817 3809 3706 3714 3818 3810 3717 3718 3820 3819 3719 3720 3822 3821 3719 3720 3822 3821 3721 3722 3824 3823 3721 3722 3824 3823 3723 3724 3826 3825 3723 3724 3826 3825 3725 3726 3828 3827 3725 3726 3828 3827 3727 3728 3830 3829 3727 3728 3830 3829 3729 3730 3832 3831 3718 3732 3833 3820 3720 3733 3834 3822 3720 3733 3834 3822 3722 3734 3835 3824 3722 3734 3835 3824 3724 3735 3836 3826 3724 3735 3836 3826 3726 3736 3837 3828 3726 3736 3837 3828 3728 3737 3838 3830 3728 3737 3838 3830 3730 3738 3839 3832 3732 3740 3840 3833 3733 3741 3841 3834 3733 3741 3841 3834 3734 3742 3842 3835 3734 3742 3842 3835 3735 3743 3843 3836 3735 3743 3843 3836 3736 3744 3844 3837 3736 3744 3844 3837 3737 3745 3845 3838 3737 3745 3845 3838 3738 3746 3846 3839 3740 3748 3847 3840 3741 3749 3848 3841 3741 3749 3848 3841 3742 3750 3849 3842 3742 3750 3849 3842 3743 3751 3850 3843 3743 3751 3850 3843 3744 3752 3851 3844 3744 3752 3851 3844 3745 3753 3852 3845 3745 3753 3852 3845 3746 3754 3853 3846 3748 3756 3854 3847 3749 3757 3855 3848 3749 3757 3855 3848 3750 3758 3856 3849 3750 3758 3856 3849 3751 3759 3857 3850 3751 3759 3857 3850 3752 3760 3858 3851 3752 3760 3858 3851 3753 3761 3859 3852 3753 3761 3859 3852 3754 3762 3860 3853 3756 3764 3861 3854 3757 3765 3862 3855 3757 3765 3862 3855 3758 3766 3863 3856 3758 3766 3863 3856 3759 3767 3864 3857 3759 3767 3864 3857 3760 3768 3865 3858 3760 3768 3865 3858 3761 3769 3866 3859 3761 3769 3866 3859 3762 3770 3867 3860 3764 3772 3868 3861 3765 3773 3869 3862 3765 3773 3869 3862 3766 3774 3870 3863 3766 3774 3870 3863 3767 3775 3871 3864 3767 3775 3871 3864 3768 3776 3872 3865 3768 3776 3872 3865 3769 3777 3873 3866 3769 3777 3873 3866 3770 3778 3874 3867 3772 3780 3875 3868 3773 3781 3876 3869 3773 3781 3876 3869 3774 3782 3877 3870 3774 3782 3877 3870 3775 3783 3878 3871 3775 3783 3878 3871 3776 3784 3879 3872 3776 3784 3879 3872 3777 3785 3880 3873 3777 3785 3880 3873 3778 3786 3881 3874 3780 3788 3882 3875 3781 3789 3883 3876 3781 3789 3883 3876 3782 3790 3884 3877 3782 3790 3884 3877 3783 3791 3885 3878 3783 3791 3885 3878 3784 3792 3886 3879 3784 3792 3886 3879 3785 3793 3887 3880 3785 3793 3887 3880 3786 3794 3888 3881 3788 3796 3889 3882 3789 3797 3890 3883 3789 3797 3890 3883 3790 3798 3891 3884 3790 3798 3891 3884 3791 3799 3892 3885 3791 3799 3892 3885 3792 3800 3893 3886 3792 3800 3893 3886 3793 3801 3894 3887 3793 3801 3894 3887 3794 3802 3895 3888 3796 3804 3896 3889 3797 3805 3897 3890 3797 3805 3897 3890 3798 3806 3898 3891 3798 3806 3898 3891 3799 3807 3899 3892 3799 3807 3899 3892 3800 3808 3900 3893 3800 3808 3900 3893 3801 3809 3901 3894 3801 3809 3901 3894 3802 3810 3902 3895 3804 3812 3903 3896 3805 3813 3904 3897 3805 3813 3904 3897 3806 3814 3905 3898 3806 3814 3905 3898 3807 3815 3906 3899 3807 3815 3906 3899 3808 3816 3907 3900 3808 3816 3907 3900 3809 3817 3908 3901 3809 3817 3908 3901 3810 3818 3909 3902 3819 3820 3911 3910 3821 3822 3913 3912 3821 3822 3913 3912 3823 3824 3915 3914 3823 3824 3915 3914 3825 3826 3917 3916 3825 3826 3917 3916 3827 3828 3919 3918 3827 3828 3919 3918 3829 3830 3921 3920 3829 3830 3921 3920 3831 3832 3923 3922 3820 3833 3924 3911 3822 3834 3925 3913 3822 3834 3925 3913 3824 3835 3926 3915 3824 3835 3926 3915 3826 3836 3927 3917 3826 3836 3927 3917 3828 3837 3928 3919 3828 3837 3928 3919 3830 3838 3929 3921 3830 3838 3929 3921 3832 3839 3930 3923 3833 3840 3931 3924 3834 3841 3932 3925 3834 3841 3932 3925 3835 3842 3933 3926 3835 3842 3933 3926 3836 3843 3934 3927 3836 3843 3934 3927 3837 3844 3935 3928 3837 3844 3935 3928 3838 3845 3936 3929 3838 3845 3936 3929 3839 3846 3937 3930 3840 3847 3938 3931 3841 3848 3939 3932 3841 3848 3939 3932 3842 3849 3940 3933 3842 3849 3940 3933 3843 3850 3941 3934 3843 3850 3941 3934 3844 3851 3942 3935 3844 3851 3942 3935 3845 3852 3943 3936 3845 3852 3943 3936 3846 3853 3944 3937 3847 3854 3945 3938 3848 3855 3946 3939 3848 3855 3946 3939 3849 3856 3947 3940 3849 3856 3947 3940 3850 3857 3948 3941 3850 3857 3948 3941 3851 3858 3949 3942 3851 3858 3949 3942 3852 3859 3950 3943 3852 3859 3950 3943 3853 3860 3951 3944 3854 3861 3952 3945 3855 3862 3953 3946 3855 3862 3953 3946 3856 3863 3954 3947 3856 3863 3954 3947 3857 3864 3955 3948 3857 3864 3955 3948 3858 3865 3956 3949 3858 3865 3956 3949 3859 3866 3957 3950 3859 3866 3957 3950 3860 3867 3958 3951 3861 3868 3959 3952 3862 3869 3960 3953 3862 3869 3960 3953 3863 3870 3961 3954 3863 3870 3961 3954 3864 3871 3962 3955 3864 3871 3962 3955 3865 3872 3963 3956 3865 3872 3963 3956 3866 3873 3964 3957 3866 3873 3964 3957 3867 3874 3965 3958 3868 3875 3966 3959 3869 3876 3967 3960 3869 3876 3967 3960 3870 3877 3968 3961 3870 3877 3968 3961 3871 3878 3969 3962 3871 3878 3969 3962 3872 3879 3970 3963 3872 3879 3970 3963 3873 3880 3971 3964 3873 3880 3971 3964 3874 3881 3972 3965 3875 3882 3973 3966 3876 3883 3974 3967 3876 3883 3974 3967 3877 3884 3975 3968 3877 3884 3975 3968 3878 3885 3976 3969 3878 3885 3976 3969 3879 3886 3977 3970 3879 3886 3977 3970 3880 3887 3978 3971 3880 3887 3978 3971 3881 3888 3979 3972 3882 3889 3980 3973 3883 3890 3981 3974 3883 3890 3981 3974 3884 3891 3982 3975 3884 3891 3982 3975 3885 3892 3983 3976 3885 3892 3983 3976 3886 3893 3984 3977 3886 3893 3984 3977 3887 3894 3985 3978 3887 3894 3985 3978 3888 3895 3986 3979 3889 3896 3987 3980 3890 3897 3988 3981 3890 3897 3988 3981 3891 3898 3989 3982 3891 3898 3989 3982 3892 3899 3990 3983 3892 3899 3990 3983 3893 3900 3991 3984 3893 3900 3991 3984 3894 3901 3992 3985 3894 3901 3992 3985 3895 3902 3993 3986 3896 3903 3994 3987 3897 3904 3995 3988 3897 3904 3995 3988 3898 3905 3996 3989 3898 3905 3996 3989 3899 3906 3997 3990 3899 3906 3997 3990 3900 3907 3998 3991 3900 3907 3998 3991 3901 3908 3999 3992 3901 3908 3999 3992 3902 3909 4000 3993 3910 3911 4002 4001 3912 3913 4004 4003 3912 3913 4004 4003 3914 3915 4006 4005 3914 3915 4006 4005 3916 3917 4008 4007 3916 3917 4008 4007 3918 3919 4010 4009 3918 3919 4010 4009 3920 3921 4012 4011 3920 3921 4012 4011 3922 3923 4014 4013 3911 3924 4015 4002 3913 3925 4016 4004 3913 3925 4016 4004 3915 3926 4017 4006 3915 3926 4017 4006 3917 3927 4018 4008 3917 3927 4018 4008 3919 3928 4019 4010 3919 3928 4019 4010 3921 3929 4020 4012 3921 3929 4020 4012 3923 3930 4021 4014 3924 3931 4022 4015 3925 3932 4023 4016 3925 3932 4023 4016 3926 3933 4024 4017 3926 3933 4024 4017 3927 3934 4025 4018 3927 3934 4025 4018 3928 3935 4026 4019 3928 3935 4026 4019 3929 3936 4027 4020 3929 3936 4027 4020 3930 3937 4028 4021 3931 3938 4029 4022 3932 3939 4030 4023 3932 3939 4030 4023 3933 3940 4031 4024 3933 3940 4031 4024 3934 3941 4032 4025 3934 3941 4032 4025 3935 3942 4033 4026 3935 3942 4033 4026 3936 3943 4034 4027 3936 3943 4034 4027 3937 3944 4035 4028 3938 3945 4036 4029 3939 3946 4037 4030 3939 3946 4037 4030 3940 3947 4038 4031 3940 3947 4038 4031 3941 3948 4039 4032 3941 3948 4039 4032 3942 3949 4040 4033 3942 3949 4040 4033 3943 3950 4041 4034 3943 3950 4041 4034 3944 3951 4042 4035 3945 3952 4043 4036 3946 3953 4044 4037 3946 3953 4044 4037 3947 3954 4045 4038 3947 3954 4045 4038 3948 3955 4046 4039 3948 3955 4046 4039 3949 3956 4047 4040 3949 3956 4047 4040 3950 3957 4048 4041 3950 3957 4048 4041 3951 3958 4049 4042 3952 3959 4050 4043 3953 3960 4051 4044 3953 3960 4051 4044 3954 3961 4052 4045 3954 3961 4052 4045 3955 3962 4053 4046 3955 3962 4053 4046 3956 3963 4054 4047 3956 3963 4054 4047 3957 3964 4055 4048 3957 3964 4055 4048 3958 3965 4056 4049 3959 3966 4057 4050 3960 3967 4058 4051 3960 3967 4058 4051 3961 3968 4059 4052 3961 3968 4059 4052 3962 3969 4060 4053 3962 3969 4060 4053 3963 3970 4061 4054 3963 3970 4061 4054 3964 3971 4062 4055 3964 3971 4062 4055 3965 3972 4063 4056 3966 3973 4064 4057 3967 3974 4065 4058 3967 3974 4065 4058 3968 3975 4066 4059 3968 3975 4066 4059 3969 3976 4067 4060 3969 3976 4067 4060 3970 3977 4068 4061 3970 3977 4068 4061 3971 3978 4069 4062 3971 3978 4069 4062 3972 3979 4070 4063 3973 3980 4071 4064 3974 3981 4072 4065 3974 3981 4072 4065 3975 3982 4073 4066 3975 3982 4073 4066 3976 3983 4074 4067 3976 3983 4074 4067 3977 3984 4075 4068 3977 3984 4075 4068 3978 3985 4076 4069 3978 3985 4076 4069 3979 3986 4077 4070 3980 3987 4078 4071 3981 3988 4079 4072 3981 3988 4079 4072 3982 3989 4080 4073 3982 3989 4080 4073 3983 3990 4081 4074 3983 3990 4081 4074 3984 3991 4082 4075 3984 3991 4082 4075 3985 3992 4083 4076 3985 3992 4083 4076 3986 3993 4084 4077 3987 3994 4085 4078 3988 3995 4086 4079 3988 3995 4086 4079 3989 3996 4087 4080 3989 3996 4087 4080 3990 3997 4088 4081 3990 3997 4088 4081 3991 3998 4089 4082 3991 3998 4089 4082 3992 3999 4090 4083 3992 3999 4090 4083 3993 4000 4091 4084 4003 4004 4093 4092 4005 4006 4095 4094 4005 4006 4095 4094 4007 4008 4097 4096 4007 4008 4097 4096 4009 4010 4099 4098 4009 4010 4099 4098 4011 4012 4101 4100 4011 4012 4101 4100 4013 4014 4103 4102 4013 4102 4104 4014 4103 4105 4004 4016 4106 4093 4006 4017 4107 4095 4006 4017 4107 4095 4008 4018 4108 4097 4008 4018 4108 4097 4010 4019 4109 4099 4010 4019 4109 4099 4012 4020 4110 4101 4012 4020 4110 4101 4014 4021 4111 4103 4014 4103 4105 4021 4111 4112 4016 4023 4113 4106 4017 4024 4114 4107 4017 4024 4114 4107 4018 4025 4115 4108 4018 4025 4115 4108 4019 4026 4116 4109 4019 4026 4116 4109 4020 4027 4117 4110 4020 4027 4117 4110 4021 4028 4118 4111 4021 4111 4112 4028 4118 4119 4023 4030 4120 4113 4024 4031 4121 4114 4024 4031 4121 4114 4025 4032 4122 4115 4025 4032 4122 4115 4026 4033 4123 4116 4026 4033 4123 4116 4027 4034 4124 4117 4027 4034 4124 4117 4028 4035 4125 4118 4028 4118 4119 4035 4125 4126 4030 4037 4127 4120 4031 4038 4128 4121 4031 4038 4128 4121 4032 4039 4129 4122 4032 4039 4129 4122 4033 4040 4130 4123 4033 4040 4130 4123 4034 4041 4131 4124 4034 4041 4131 4124 4035 4042 4132 4125 4035 4125 4126 4042 4132 4133 4037 4044 4134 4127 4038 4045 4135 4128 4038 4045 4135 4128 4039 4046 4136 4129 4039 4046 4136 4129 4040 4047 4137 4130 4040 4047 4137 4130 4041 4048 4138 4131 4041 4048 4138 4131 4042 4049 4139 4132 4042 4132 4133 4049 4139 4140 4044 4051 4141 4134 4045 4052 4142 4135 4045 4052 4142 4135 4046 4053 4143 4136 4046 4053 4143 4136 4047 4054 4144 4137 4047 4054 4144 4137 4048 4055 4145 4138 4048 4055 4145 4138 4049 4056 4146 4139 4049 4139 4140 4056 4146 4147 4051 4058 4148 4141 4052 4059 4149 4142 4052 4059 4149 4142 4053 4060 4150 4143 4053 4060 4150 4143 4054 4061 4151 4144 4054 4061 4151 4144 4055 4062 4152 4145 4055 4062 4152 4145 4056 4063 4153 4146 4056 4146 4147 4063 4153 4154 4058 4065 4155 4148 4059 4066 4156 4149 4059 4066 4156 4149 4060 4067 4157 4150 4060 4067 4157 4150 4061 4068 4158 4151 4061 4068 4158 4151 4062 4069 4159 4152 4062 4069 4159 4152 4063 4070 4160 4153 4063 4153 4154 4070 4160 4161 4065 4072 4162 4155 4066 4073 4163 4156 4066 4073 4163 4156 4067 4074 4164 4157 4067 4074 4164 4157 4068 4075 4165 4158 4068 4075 4165 4158 4069 4076 4166 4159 4069 4076 4166 4159 4070 4077 4167 4160 4070 4160 4161 4077 4167 4168 4072 4079 4169 4162 4073 4080 4170 4163 4073 4080 4170 4163 4074 4081 4171 4164 4074 4081 4171 4164 4075 4082 4172 4165 4075 4082 4172 4165 4076 4083 4173 4166 4076 4083 4173 4166 4077 4084 4174 4167 4077 4167 4168 4084 4174 4175 4079 4086 4176 4169 4080 4087 4177 4170 4080 4087 4177 4170 4081 4088 4178 4171 4081 4088 4178 4171 4082 4089 4179 4172 4082 4089 4179 4172 4083 4090 4180 4173 4083 4090 4180 4173 4084 4091 4181 4174 4084 4174 4175 4091 4181 4182 4092 4093 4184 4183 4094 4095 4186 4185 4094 4095 4186 4185 4096 4097 4188 4187 4096 4097 4188 4187 4098 4099 4190 4189 4098 4099 4190 4189 4100 4101 4192 4191 4100 4101 4192 4191 4102 4103 4194 4193 4102 4103 4194 4193 4104 4105 4196 4195 4093 4106 4197 4184 4095 4107 4198 4186 4095 4107 4198 4186 4097 4108 4199 4188 4097 4108 4199 4188 4099 4109 4200 4190 4099 4109 4200 4190 4101 4110 4201 4192 4101 4110 4201 4192 4103 4111 4202 4194 4103 4111 4202 4194 4105 4112 4203 4196 4106 4113 4204 4197 4107 4114 4205 4198 4107 4114 4205 4198 4108 4115 4206 4199 4108 4115 4206 4199 4109 4116 4207 4200 4109 4116 4207 4200 4110 4117 4208 4201 4110 4117 4208 4201 4111 4118 4209 4202 4111 4118 4209 4202 4112 4119 4210 4203 4113 4120 4211 4204 4114 4121 4212 4205 4114 4121 4212 4205 4115 4122 4213 4206 4115 4122 4213 4206 4116 4123 4214 4207 4116 4123 4214 4207 4117 4124 4215 4208 4117 4124 4215 4208 4118 4125 4216 4209 4118 4125 4216 4209 4119 4126 4217 4210 4120 4127 4218 4211 4121 4128 4219 4212 4121 4128 4219 4212 4122 4129 4220 4213 4122 4129 4220 4213 4123 4130 4221 4214 4123 4130 4221 4214 4124 4131 4222 4215 4124 4131 4222 4215 4125 4132 4223 4216 4125 4132 4223 4216 4126 4133 4224 4217 4127 4134 4225 4218 4128 4135 4226 4219 4128 4135 4226 4219 4129 4136 4227 4220 4129 4136 4227 4220 4130 4137 4228 4221 4130 4137 4228 4221 4131 4138 4229 4222 4131 4138 4229 4222 4132 4139 4230 4223 4132 4139 4230 4223 4133 4140 4231 4224 4134 4141 4232 4225 4135 4142 4233 4226 4135 4142 4233 4226 4136 4143 4234 4227 4136 4143 4234 4227 4137 4144 4235 4228 4137 4144 4235 4228 4138 4145 4236 4229 4138 4145 4236 4229 4139 4146 4237 4230 4139 4146 4237 4230 4140 4147 4238 4231 4141 4148 4239 4232 4142 4149 4240 4233 4142 4149 4240 4233 4143 4150 4241 4234 4143 4150 4241 4234 4144 4151 4242 4235 4144 4151 4242 4235 4145 4152 4243 4236 4145 4152 4243 4236 4146 4153 4244 4237 4146 4153 4244 4237 4147 4154 4245 4238 4148 4155 4246 4239 4149 4156 4247 4240 4149 4156 4247 4240 4150 4157 4248 4241 4150 4157 4248 4241 4151 4158 4249 4242 4151 4158 4249 4242 4152 4159 4250 4243 4152 4159 4250 4243 4153 4160 4251 4244 4153 4160 4251 4244 4154 4161 4252 4245 4155 4162 4253 4246 4156 4163 4254 4247 4156 4163 4254 4247 4157 4164 4255 4248 4157 4164 4255 4248 4158 4165 4256 4249 4158 4165 4256 4249 4159 4166 4257 4250 4159 4166 4257 4250 4160 4167 4258 4251 4160 4167 4258 4251 4161 4168 4259 4252 4162 4169 4260 4253 4163 4170 4261 4254 4163 4170 4261 4254 4164 4171 4262 4255 4164 4171 4262 4255 4165 4172 4263 4256 4165 4172 4263 4256 4166 4173 4264 4257 4166 4173 4264 4257 4167 4174 4265 4258 4167 4174 4265 4258 4168 4175 4266 4259 4169 4176 4267 4260 4170 4177 4268 4261 4170 4177 4268 4261 4171 4178 4269 4262 4171 4178 4269 4262 4172 4179 4270 4263 4172 4179 4270 4263 4173 4180 4271 4264 4173 4180 4271 4264 4174 4181 4272 4265 4174 4181 4272 4265 4175 4182 4273 4266 4183 4184 4275 4274 4185 4186 4277 4276 4185 4186 4277 4276 4187 4188 4279 4278 4187 4188 4279 4278 4189 4190 4281 4280 4189 4190 4281 4280 4191 4192 4283 4282 4191 4192 4283 4282 4193 4194 4285 4284 4193 4194 4285 4284 4195 4196 4287 4286 4184 4197 4288 4275 4186 4198 4289 4277 4186 4198 4289 4277 4188 4199 4290 4279 4188 4199 4290 4279 4190 4200 4291 4281 4190 4200 4291 4281 4192 4201 4292 4283 4192 4201 4292 4283 4194 4202 4293 4285 4194 4202 4293 4285 4196 4203 4294 4287 4197 4204 4295 4288 4198 4205 4296 4289 4198 4205 4296 4289 4199 4206 4297 4290 4199 4206 4297 4290 4200 4207 4298 4291 4200 4207 4298 4291 4201 4208 4299 4292 4201 4208 4299 4292 4202 4209 4300 4293 4202 4209 4300 4293 4203 4210 4301 4294 4204 4211 4302 4295 4205 4212 4303 4296 4205 4212 4303 4296 4206 4213 4304 4297 4206 4213 4304 4297 4207 4214 4305 4298 4207 4214 4305 4298 4208 4215 4306 4299 4208 4215 4306 4299 4209 4216 4307 4300 4209 4216 4307 4300 4210 4217 4308 4301 4211 4218 4309 4302 4212 4219 4310 4303 4212 4219 4310 4303 4213 4220 4311 4304 4213 4220 4311 4304 4214 4221 4312 4305 4214 4221 4312 4305 4215 4222 4313 4306 4215 4222 4313 4306 4216 4223 4314 4307 4216 4223 4314 4307 4217 4224 4315 4308 4218 4225 4316 4309 4219 4226 4317 4310 4219 4226 4317 4310 4220 4227 4318 4311 4220 4227 4318 4311 4221 4228 4319 4312 4221 4228 4319 4312 4222 4229 4320 4313 4222 4229 4320 4313 4223 4230 4321 4314 4223 4230 4321 4314 4224 4231 4322 4315 4225 4232 4323 4316 4226 4233 4324 4317 4226 4233 4324 4317 4227 4234 4325 4318 4227 4234 4325 4318 4228 4235 4326 4319 4228 4235 4326 4319 4229 4236 4327 4320 4229 4236 4327 4320 4230 4237 4328 4321 4230 4237 4328 4321 4231 4238 4329 4322 4232 4239 4330 4323 4233 4240 4331 4324 4233 4240 4331 4324 4234 4241 4332 4325 4234 4241 4332 4325 4235 4242 4333 4326 4235 4242 4333 4326 4236 4243 4334 4327 4236 4243 4334 4327 4237 4244 4335 4328 4237 4244 4335 4328 4238 4245 4336 4329 4239 4246 4337 4330 4240 4247 4338 4331 4240 4247 4338 4331 4241 4248 4339 4332 4241 4248 4339 4332 4242 4249 4340 4333 4242 4249 4340 4333 4243 4250 4341 4334 4243 4250 4341 4334 4244 4251 4342 4335 4244 4251 4342 4335 4245 4252 4343 4336 4246 4253 4344 4337 4247 4254 4345 4338 4247 4254 4345 4338 4248 4255 4346 4339 4248 4255 4346 4339 4249 4256 4347 4340 4249 4256 4347 4340 4250 4257 4348 4341 4250 4257 4348 4341 4251 4258 4349 4342 4251 4258 4349 4342 4252 4259 4350 4343 4253 4260 4351 4344 4254 4261 4352 4345 4254 4261 4352 4345 4255 4262 4353 4346 4255 4262 4353 4346 4256 4263 4354 4347 4256 4263 4354 4347 4257 4264 4355 4348 4257 4264 4355 4348 4258 4265 4356 4349 4258 4265 4356 4349 4259 4266 4357 4350 4260 4267 4358 4351 4261 4268 4359 4352 4261 4268 4359 4352 4262 4269 4360 4353 4262 4269 4360 4353 4263 4270 4361 4354 4263 4270 4361 4354 4264 4271 4362 4355 4264 4271 4362 4355 4265 4272 4363 4356 4265 4272 4363 4356 4266 4273 4364 4357 4276 4277 4366 4365 4278 4279 4368 4367 4278 4279 4368 4367 4280 4281 4370 4369 4280 4281 4370 4369 4282 4283 4372 4371 4282 4283 4372 4371 4284 4285 4374 4373 4284 4285 4374 4373 4286 4287 4376 4375 4277 4289 4377 4366 4279 4290 4378 4368 4279 4290 4378 4368 4281 4291 4379 4370 4281 4291 4379 4370 4283 4292 4380 4372 4283 4292 4380 4372 4285 4293 4381 4374 4285 4293 4381 4374 4287 4294 4382 4376 4289 4296 4383 4377 4290 4297 4384 4378 4290 4297 4384 4378 4291 4298 4385 4379 4291 4298 4385 4379 4292 4299 4386 4380 4292 4299 4386 4380 4293 4300 4387 4381 4293 4300 4387 4381 4294 4301 4388 4382 4296 4303 4389 4383 4297 4304 4390 4384 4297 4304 4390 4384 4298 4305 4391 4385 4298 4305 4391 4385 4299 4306 4392 4386 4299 4306 4392 4386 4300 4307 4393 4387 4300 4307 4393 4387 4301 4308 4394 4388 4303 4310 4395 4389 4304 4311 4396 4390 4304 4311 4396 4390 4305 4312 4397 4391 4305 4312 4397 4391 4306 4313 4398 4392 4306 4313 4398 4392 4307 4314 4399 4393 4307 4314 4399 4393 4308 4315 4400 4394 4310 4317 4401 4395 4311 4318 4402 4396 4311 4318 4402 4396 4312 4319 4403 4397 4312 4319 4403 4397 4313 4320 4404 4398 4313 4320 4404 4398 4314 4321 4405 4399 4314 4321 4405 4399 4315 4322 4406 4400 4317 4324 4407 4401 4318 4325 4408 4402 4318 4325 4408 4402 4319 4326 4409 4403 4319 4326 4409 4403 4320 4327 4410 4404 4320 4327 4410 4404 4321 4328 4411 4405 4321 4328 4411 4405 4322 4329 4412 4406 4324 4331 4413 4407 4325 4332 4414 4408 4325 4332 4414 4408 4326 4333 4415 4409 4326 4333 4415 4409 4327 4334 4416 4410 4327 4334 4416 4410 4328 4335 4417 4411 4328 4335 4417 4411 4329 4336 4418 4412 4331 4338 4419 4413 4332 4339 4420 4414 4332 4339 4420 4414 4333 4340 4421 4415 4333 4340 4421 4415 4334 4341 4422 4416 4334 4341 4422 4416 4335 4342 4423 4417 4335 4342 4423 4417 4336 4343 4424 4418 4338 4345 4425 4419 4339 4346 4426 4420 4339 4346 4426 4420 4340 4347 4427 4421 4340 4347 4427 4421 4341 4348 4428 4422 4341 4348 4428 4422 4342 4349 4429 4423 4342 4349 4429 4423 4343 4350 4430 4424 4345 4352 4431 4425 4346 4353 4432 4426 4346 4353 4432 4426 4347 4354 4433 4427 4347 4354 4433 4427 4348 4355 4434 4428 4348 4355 4434 4428 4349 4356 4435 4429 4349 4356 4435 4429 4350 4357 4436 4430 4352 4359 4437 4431 4353 4360 4438 4432 4353 4360 4438 4432 4354 4361 4439 4433 4354 4361 4439 4433 4355 4362 4440 4434 4355 4362 4440 4434 4356 4363 4441 4435 4356 4363 4441 4435 4357 4364 4442 4436 4365 4366 4444 4443 4367 4368 4446 4445 4367 4368 4446 4445 4369 4370 4448 4447 4369 4370 4448 4447 4371 4372 4450 4449 4371 4372 4450 4449 4373 4374 4452 4451 4373 4374 4452 4451 4375 4376 4454 4453 4366 4377 4455 4444 4368 4378 4456 4446 4368 4378 4456 4446 4370 4379 4457 4448 4370 4379 4457 4448 4372 4380 4458 4450 4372 4380 4458 4450 4374 4381 4459 4452 4374 4381 4459 4452 4376 4382 4460 4454 4377 4383 4461 4455 4378 4384 4462 4456 4378 4384 4462 4456 4379 4385 4463 4457 4379 4385 4463 4457 4380 4386 4464 4458 4380 4386 4464 4458 4381 4387 4465 4459 4381 4387 4465 4459 4382 4388 4466 4460 4383 4389 4467 4461 4384 4390 4468 4462 4384 4390 4468 4462 4385 4391 4469 4463 4385 4391 4469 4463 4386 4392 4470 4464 4386 4392 4470 4464 4387 4393 4471 4465 4387 4393 4471 4465 4388 4394 4472 4466 4389 4395 4473 4467 4390 4396 4474 4468 4390 4396 4474 4468 4391 4397 4475 4469 4391 4397 4475 4469 4392 4398 4476 4470 4392 4398 4476 4470 4393 4399 4477 4471 4393 4399 4477 4471 4394 4400 4478 4472 4395 4401 4479 4473 4396 4402 4480 4474 4396 4402 4480 4474 4397 4403 4481 4475 4397 4403 4481 4475 4398 4404 4482 4476 4398 4404 4482 4476 4399 4405 4483 4477 4399 4405 4483 4477 4400 4406 4484 4478 4401 4407 4485 4479 4402 4408 4486 4480 4402 4408 4486 4480 4403 4409 4487 4481 4403 4409 4487 4481 4404 4410 4488 4482 4404 4410 4488 4482 4405 4411 4489 4483 4405 4411 4489 4483 4406 4412 4490 4484 4407 4413 4491 4485 4408 4414 4492 4486 4408 4414 4492 4486 4409 4415 4493 4487 4409 4415 4493 4487 4410 4416 4494 4488 4410 4416 4494 4488 4411 4417 4495 4489 4411 4417 4495 4489 4412 4418 4496 4490 4413 4419 4497 4491 4414 4420 4498 4492 4414 4420 4498 4492 4415 4421 4499 4493 4415 4421 4499 4493 4416 4422 4500 4494 4416 4422 4500 4494 4417 4423 4501 4495 4417 4423 4501 4495 4418 4424 4502 4496 4419 4425 4503 4497 4420 4426 4504 4498 4420 4426 4504 4498 4421 4427 4505 4499 4421 4427 4505 4499 4422 4428 4506 4500 4422 4428 4506 4500 4423 4429 4507 4501 4423 4429 4507 4501 4424 4430 4508 4502 4425 4431 4509 4503 4426 4432 4510 4504 4426 4432 4510 4504 4427 4433 4511 4505 4427 4433 4511 4505 4428 4434 4512 4506 4428 4434 4512 4506 4429 4435 4513 4507 4429 4435 4513 4507 4430 4436 4514 4508 4431 4437 4515 4509 4432 4438 4516 4510 4432 4438 4516 4510 4433 4439 4517 4511 4433 4439 4517 4511 4434 4440 4518 4512 4434 4440 4518 4512 4435 4441 4519 4513 4435 4441 4519 4513 4436 4442 4520 4514 4443 4444 4522 4521 4445 4446 4524 4523 4445 4446 4524 4523 4447 4448 4526 4525 4447 4448 4526 4525 4449 4450 4528 4527 4449 4450 4528 4527 4451 4452 4530 4529 4451 4452 4530 4529 4453 4454 4532 4531 4453 4531 4533 4454 4532 4534 4444 4455 4535 4522 4446 4456 4536 4524 4446 4456 4536 4524 4448 4457 4537 4526 4448 4457 4537 4526 4450 4458 4538 4528 4450 4458 4538 4528 4452 4459 4539 4530 4452 4459 4539 4530 4454 4460 4540 4532 4454 4532 4534 4460 4540 4541 4455 4461 4542 4535 4456 4462 4543 4536 4456 4462 4543 4536 4457 4463 4544 4537 4457 4463 4544 4537 4458 4464 4545 4538 4458 4464 4545 4538 4459 4465 4546 4539 4459 4465 4546 4539 4460 4466 4547 4540 4460 4540 4541 4466 4547 4548 4461 4467 4549 4542 4462 4468 4550 4543 4462 4468 4550 4543 4463 4469 4551 4544 4463 4469 4551 4544 4464 4470 4552 4545 4464 4470 4552 4545 4465 4471 4553 4546 4465 4471 4553 4546 4466 4472 4554 4547 4466 4547 4548 4472 4554 4555 4467 4473 4556 4549 4468 4474 4557 4550 4468 4474 4557 4550 4469 4475 4558 4551 4469 4475 4558 4551 4470 4476 4559 4552 4470 4476 4559 4552 4471 4477 4560 4553 4471 4477 4560 4553 4472 4478 4561 4554 4472 4554 4555 4478 4561 4562 4473 4479 4563 4556 4474 4480 4564 4557 4474 4480 4564 4557 4475 4481 4565 4558 4475 4481 4565 4558 4476 4482 4566 4559 4476 4482 4566 4559 4477 4483 4567 4560 4477 4483 4567 4560 4478 4484 4568 4561 4478 4561 4562 4484 4568 4569 4479 4485 4570 4563 4480 4486 4571 4564 4480 4486 4571 4564 4481 4487 4572 4565 4481 4487 4572 4565 4482 4488 4573 4566 4482 4488 4573 4566 4483 4489 4574 4567 4483 4489 4574 4567 4484 4490 4575 4568 4484 4568 4569 4490 4575 4576 4485 4491 4577 4570 4486 4492 4578 4571 4486 4492 4578 4571 4487 4493 4579 4572 4487 4493 4579 4572 4488 4494 4580 4573 4488 4494 4580 4573 4489 4495 4581 4574 4489 4495 4581 4574 4490 4496 4582 4575 4490 4575 4576 4496 4582 4583 4491 4497 4584 4577 4492 4498 4585 4578 4492 4498 4585 4578 4493 4499 4586 4579 4493 4499 4586 4579 4494 4500 4587 4580 4494 4500 4587 4580 4495 4501 4588 4581 4495 4501 4588 4581 4496 4502 4589 4582 4496 4582 4583 4502 4589 4590 4497 4503 4591 4584 4498 4504 4592 4585 4498 4504 4592 4585 4499 4505 4593 4586 4499 4505 4593 4586 4500 4506 4594 4587 4500 4506 4594 4587 4501 4507 4595 4588 4501 4507 4595 4588 4502 4508 4596 4589 4502 4589 4590 4508 4596 4597 4503 4509 4598 4591 4504 4510 4599 4592 4504 4510 4599 4592 4505 4511 4600 4593 4505 4511 4600 4593 4506 4512 4601 4594 4506 4512 4601 4594 4507 4513 4602 4595 4507 4513 4602 4595 4508 4514 4603 4596 4508 4596 4597 4514 4603 4604 4509 4515 4605 4598 4510 4516 4606 4599 4510 4516 4606 4599 4511 4517 4607 4600 4511 4517 4607 4600 4512 4518 4608 4601 4512 4518 4608 4601 4513 4519 4609 4602 4513 4519 4609 4602 4514 4520 4610 4603 4514 4603 4604 4520 4610 4611 4521 4522 4613 4612 4523 4524 4615 4614 4523 4524 4615 4614 4525 4526 4617 4616 4525 4526 4617 4616 4527 4528 4619 4618 4527 4528 4619 4618 4529 4530 4621 4620 4529 4530 4621 4620 4531 4532 4623 4622 4531 4532 4623 4622 4533 4534 4625 4624 4522 4535 4626 4613 4524 4536 4627 4615 4524 4536 4627 4615 4526 4537 4628 4617 4526 4537 4628 4617 4528 4538 4629 4619 4528 4538 4629 4619 4530 4539 4630 4621 4530 4539 4630 4621 4532 4540 4631 4623 4532 4540 4631 4623 4534 4541 4632 4625 4535 4542 4633 4626 4536 4543 4634 4627 4536 4543 4634 4627 4537 4544 4635 4628 4537 4544 4635 4628 4538 4545 4636 4629 4538 4545 4636 4629 4539 4546 4637 4630 4539 4546 4637 4630 4540 4547 4638 4631 4540 4547 4638 4631 4541 4548 4639 4632 4542 4549 4640 4633 4543 4550 4641 4634 4543 4550 4641 4634 4544 4551 4642 4635 4544 4551 4642 4635 4545 4552 4643 4636 4545 4552 4643 4636 4546 4553 4644 4637 4546 4553 4644 4637 4547 4554 4645 4638 4547 4554 4645 4638 4548 4555 4646 4639 4549 4556 4647 4640 4550 4557 4648 4641 4550 4557 4648 4641 4551 4558 4649 4642 4551 4558 4649 4642 4552 4559 4650 4643 4552 4559 4650 4643 4553 4560 4651 4644 4553 4560 4651 4644 4554 4561 4652 4645 4554 4561 4652 4645 4555 4562 4653 4646 4556 4563 4654 4647 4557 4564 4655 4648 4557 4564 4655 4648 4558 4565 4656 4649 4558 4565 4656 4649 4559 4566 4657 4650 4559 4566 4657 4650 4560 4567 4658 4651 4560 4567 4658 4651 4561 4568 4659 4652 4561 4568 4659 4652 4562 4569 4660 4653 4563 4570 4661 4654 4564 4571 4662 4655 4564 4571 4662 4655 4565 4572 4663 4656 4565 4572 4663 4656 4566 4573 4664 4657 4566 4573 4664 4657 4567 4574 4665 4658 4567 4574 4665 4658 4568 4575 4666 4659 4568 4575 4666 4659 4569 4576 4667 4660 4570 4577 4668 4661 4571 4578 4669 4662 4571 4578 4669 4662 4572 4579 4670 4663 4572 4579 4670 4663 4573 4580 4671 4664 4573 4580 4671 4664 4574 4581 4672 4665 4574 4581 4672 4665 4575 4582 4673 4666 4575 4582 4673 4666 4576 4583 4674 4667 4577 4584 4675 4668 4578 4585 4676 4669 4578 4585 4676 4669 4579 4586 4677 4670 4579 4586 4677 4670 4580 4587 4678 4671 4580 4587 4678 4671 4581 4588 4679 4672 4581 4588 4679 4672 4582 4589 4680 4673 4582 4589 4680 4673 4583 4590 4681 4674 4584 4591 4682 4675 4585 4592 4683 4676 4585 4592 4683 4676 4586 4593 4684 4677 4586 4593 4684 4677 4587 4594 4685 4678 4587 4594 4685 4678 4588 4595 4686 4679 4588 4595 4686 4679 4589 4596 4687 4680 4589 4596 4687 4680 4590 4597 4688 4681 4591 4598 4689 4682 4592 4599 4690 4683 4592 4599 4690 4683 4593 4600 4691 4684 4593 4600 4691 4684 4594 4601 4692 4685 4594 4601 4692 4685 4595 4602 4693 4686 4595 4602 4693 4686 4596 4603 4694 4687 4596 4603 4694 4687 4597 4604 4695 4688 4598 4605 4696 4689 4599 4606 4697 4690 4599 4606 4697 4690 4600 4607 4698 4691 4600 4607 4698 4691 4601 4608 4699 4692 4601 4608 4699 4692 4602 4609 4700 4693 4602 4609 4700 4693 4603 4610 4701 4694 4603 4610 4701 4694 4604 4611 4702 4695 4703 4706 4705 4704 4707 4710 4709 4708 4707 4710 4709 4708 4711 4714 4713 4712 4711 4714 4713 4712 4715 4718 4717 4716 4715 4718 4717 4716 4719 4722 4721 4720 4719 4722 4721 4720 4723 4726 4725 4724 4706 4728 4727 4705 4710 4730 4729 4709 4710 4730 4729 4709 4714 4732 4731 4713 4714 4732 4731 4713 4718 4734 4733 4717 4718 4734 4733 4717 4722 4736 4735 4721 4722 4736 4735 4721 4726 4738 4737 4725 4728 4740 4739 4727 4730 4742 4741 4729 4730 4742 4741 4729 4732 4744 4743 4731 4732 4744 4743 4731 4734 4746 4745 4733 4734 4746 4745 4733 4736 4748 4747 4735 4736 4748 4747 4735 4738 4750 4749 4737 4740 4752 4751 4739 4742 4754 4753 4741 4742 4754 4753 4741 4744 4756 4755 4743 4744 4756 4755 4743 4746 4758 4757 4745 4746 4758 4757 4745 4748 4760 4759 4747 4748 4760 4759 4747 4750 4762 4761 4749 4752 4764 4763 4751 4754 4766 4765 4753 4754 4766 4765 4753 4756 4768 4767 4755 4756 4768 4767 4755 4758 4770 4769 4757 4758 4770 4769 4757 4760 4772 4771 4759 4760 4772 4771 4759 4762 4774 4773 4761 4764 4776 4775 4763 4766 4778 4777 4765 4766 4778 4777 4765 4768 4780 4779 4767 4768 4780 4779 4767 4770 4782 4781 4769 4770 4782 4781 4769 4772 4784 4783 4771 4772 4784 4783 4771 4774 4786 4785 4773 4776 4788 4787 4775 4778 4790 4789 4777 4778 4790 4789 4777 4780 4792 4791 4779 4780 4792 4791 4779 4782 4794 4793 4781 4782 4794 4793 4781 4784 4796 4795 4783 4784 4796 4795 4783 4786 4798 4797 4785 4788 4800 4799 4787 4790 4802 4801 4789 4790 4802 4801 4789 4792 4804 4803 4791 4792 4804 4803 4791 4794 4806 4805 4793 4794 4806 4805 4793 4796 4808 4807 4795 4796 4808 4807 4795 4798 4810 4809 4797 4800 4812 4811 4799 4802 4814 4813 4801 4802 4814 4813 4801 4804 4816 4815 4803 4804 4816 4815 4803 4806 4818 4817 4805 4806 4818 4817 4805 4808 4820 4819 4807 4808 4820 4819 4807 4810 4822 4821 4809 4812 4824 4823 4811 4814 4826 4825 4813 4814 4826 4825 4813 4816 4828 4827 4815 4816 4828 4827 4815 4818 4830 4829 4817 4818 4830 4829 4817 4820 4832 4831 4819 4820 4832 4831 4819 4822 4834 4833 4821 4824 4836 4835 4823 4826 4838 4837 4825 4826 4838 4837 4825 4828 4840 4839 4827 4828 4840 4839 4827 4830 4842 4841 4829 4830 4842 4841 4829 4832 4844 4843 4831 4832 4844 4843 4831 4834 4846 4845 4833 4836 4697 4847 4835 4838 4698 4848 4837 4838 4698 4848 4837 4840 4699 4849 4839 4840 4699 4849 4839 4842 4700 4850 4841 4842 4700 4850 4841 4844 4701 4851 4843 4844 4701 4851 4843 4846 4702 4852 4845 4704 4705 4854 4853 4708 4709 4856 4855 4708 4709 4856 4855 4712 4713 4858 4857 4712 4713 4858 4857 4716 4717 4860 4859 4716 4717 4860 4859 4720 4721 4862 4861 4720 4721 4862 4861 4724 4725 4864 4863 4705 4727 4865 4854 4709 4729 4866 4856 4709 4729 4866 4856 4713 4731 4867 4858 4713 4731 4867 4858 4717 4733 4868 4860 4717 4733 4868 4860 4721 4735 4869 4862 4721 4735 4869 4862 4725 4737 4870 4864 4727 4739 4871 4865 4729 4741 4872 4866 4729 4741 4872 4866 4731 4743 4873 4867 4731 4743 4873 4867 4733 4745 4874 4868 4733 4745 4874 4868 4735 4747 4875 4869 4735 4747 4875 4869 4737 4749 4876 4870 4739 4751 4877 4871 4741 4753 4878 4872 4741 4753 4878 4872 4743 4755 4879 4873 4743 4755 4879 4873 4745 4757 4880 4874 4745 4757 4880 4874 4747 4759 4881 4875 4747 4759 4881 4875 4749 4761 4882 4876 4751 4763 4883 4877 4753 4765 4884 4878 4753 4765 4884 4878 4755 4767 4885 4879 4755 4767 4885 4879 4757 4769 4886 4880 4757 4769 4886 4880 4759 4771 4887 4881 4759 4771 4887 4881 4761 4773 4888 4882 4763 4775 4889 4883 4765 4777 4890 4884 4765 4777 4890 4884 4767 4779 4891 4885 4767 4779 4891 4885 4769 4781 4892 4886 4769 4781 4892 4886 4771 4783 4893 4887 4771 4783 4893 4887 4773 4785 4894 4888 4775 4787 4895 4889 4777 4789 4896 4890 4777 4789 4896 4890 4779 4791 4897 4891 4779 4791 4897 4891 4781 4793 4898 4892 4781 4793 4898 4892 4783 4795 4899 4893 4783 4795 4899 4893 4785 4797 4900 4894 4787 4799 4901 4895 4789 4801 4902 4896 4789 4801 4902 4896 4791 4803 4903 4897 4791 4803 4903 4897 4793 4805 4904 4898 4793 4805 4904 4898 4795 4807 4905 4899 4795 4807 4905 4899 4797 4809 4906 4900 4799 4811 4907 4901 4801 4813 4908 4902 4801 4813 4908 4902 4803 4815 4909 4903 4803 4815 4909 4903 4805 4817 4910 4904 4805 4817 4910 4904 4807 4819 4911 4905 4807 4819 4911 4905 4809 4821 4912 4906 4811 4823 4913 4907 4813 4825 4914 4908 4813 4825 4914 4908 4815 4827 4915 4909 4815 4827 4915 4909 4817 4829 4916 4910 4817 4829 4916 4910 4819 4831 4917 4911 4819 4831 4917 4911 4821 4833 4918 4912 4823 4835 4919 4913 4825 4837 4920 4914 4825 4837 4920 4914 4827 4839 4921 4915 4827 4839 4921 4915 4829 4841 4922 4916 4829 4841 4922 4916 4831 4843 4923 4917 4831 4843 4923 4917 4833 4845 4924 4918 4835 4847 4925 4919 4837 4848 4926 4920 4837 4848 4926 4920 4839 4849 4927 4921 4839 4849 4927 4921 4841 4850 4928 4922 4841 4850 4928 4922 4843 4851 4929 4923 4843 4851 4929 4923 4845 4852 4930 4924 4853 4854 4932 4931 4855 4856 4934 4933 4855 4856 4934 4933 4857 4858 4936 4935 4857 4858 4936 4935 4859 4860 4938 4937 4859 4860 4938 4937 4861 4862 4940 4939 4861 4862 4940 4939 4863 4864 4942 4941 4854 4865 4943 4932 4856 4866 4944 4934 4856 4866 4944 4934 4858 4867 4945 4936 4858 4867 4945 4936 4860 4868 4946 4938 4860 4868 4946 4938 4862 4869 4947 4940 4862 4869 4947 4940 4864 4870 4948 4942 4865 4871 4949 4943 4866 4872 4950 4944 4866 4872 4950 4944 4867 4873 4951 4945 4867 4873 4951 4945 4868 4874 4952 4946 4868 4874 4952 4946 4869 4875 4953 4947 4869 4875 4953 4947 4870 4876 4954 4948 4871 4877 4955 4949 4872 4878 4956 4950 4872 4878 4956 4950 4873 4879 4957 4951 4873 4879 4957 4951 4874 4880 4958 4952 4874 4880 4958 4952 4875 4881 4959 4953 4875 4881 4959 4953 4876 4882 4960 4954 4877 4883 4961 4955 4878 4884 4962 4956 4878 4884 4962 4956 4879 4885 4963 4957 4879 4885 4963 4957 4880 4886 4964 4958 4880 4886 4964 4958 4881 4887 4965 4959 4881 4887 4965 4959 4882 4888 4966 4960 4883 4889 4967 4961 4884 4890 4968 4962 4884 4890 4968 4962 4885 4891 4969 4963 4885 4891 4969 4963 4886 4892 4970 4964 4886 4892 4970 4964 4887 4893 4971 4965 4887 4893 4971 4965 4888 4894 4972 4966 4889 4895 4973 4967 4890 4896 4974 4968 4890 4896 4974 4968 4891 4897 4975 4969 4891 4897 4975 4969 4892 4898 4976 4970 4892 4898 4976 4970 4893 4899 4977 4971 4893 4899 4977 4971 4894 4900 4978 4972 4895 4901 4979 4973 4896 4902 4980 4974 4896 4902 4980 4974 4897 4903 4981 4975 4897 4903 4981 4975 4898 4904 4982 4976 4898 4904 4982 4976 4899 4905 4983 4977 4899 4905 4983 4977 4900 4906 4984 4978 4901 4907 4985 4979 4902 4908 4986 4980 4902 4908 4986 4980 4903 4909 4987 4981 4903 4909 4987 4981 4904 4910 4988 4982 4904 4910 4988 4982 4905 4911 4989 4983 4905 4911 4989 4983 4906 4912 4990 4984 4907 4913 4991 4985 4908 4914 4992 4986 4908 4914 4992 4986 4909 4915 4993 4987 4909 4915 4993 4987 4910 4916 4994 4988 4910 4916 4994 4988 4911 4917 4995 4989 4911 4917 4995 4989 4912 4918 4996 4990 4913 4919 4997 4991 4914 4920 4998 4992 4914 4920 4998 4992 4915 4921 4999 4993 4915 4921 4999 4993 4916 4922 5000 4994 4916 4922 5000 4994 4917 4923 5001 4995 4917 4923 5001 4995 4918 4924 5002 4996 4919 4925 5003 4997 4920 4926 5004 4998 4920 4926 5004 4998 4921 4927 5005 4999 4921 4927 5005 4999 4922 4928 5006 5000 4922 4928 5006 5000 4923 4929 5007 5001 4923 4929 5007 5001 4924 4930 5008 5002 5009 5012 5011 5010 5013 5016 5015 5014 5013 5016 5015 5014 5017 5020 5019 5018 5017 5020 5019 5018 5021 5024 5023 5022 5021 5024 5023 5022 5025 5028 5027 5026 5012 5030 5029 5011 5016 5032 5031 5015 5016 5032 5031 5015 5020 5034 5033 5019 5020 5034 5033 5019 5024 5036 5035 5023 5024 5036 5035 5023 5028 5038 5037 5027 5030 5040 5039 5029 5032 5042 5041 5031 5032 5042 5041 5031 5034 5044 5043 5033 5034 5044 5043 5033 5036 5046 5045 5035 5036 5046 5045 5035 5038 5048 5047 5037 5040 5050 5049 5039 5042 5052 5051 5041 5042 5052 5051 5041 5044 5054 5053 5043 5044 5054 5053 5043 5046 5056 5055 5045 5046 5056 5055 5045 5048 5058 5057 5047 5050 5060 5059 5049 5052 5062 5061 5051 5052 5062 5061 5051 5054 5064 5063 5053 5054 5064 5063 5053 5056 5066 5065 5055 5056 5066 5065 5055 5058 5068 5067 5057 5060 5070 5069 5059 5062 5072 5071 5061 5062 5072 5071 5061 5064 5074 5073 5063 5064 5074 5073 5063 5066 5076 5075 5065 5066 5076 5075 5065 5068 5078 5077 5067 5070 5080 5079 5069 5072 5082 5081 5071 5072 5082 5081 5071 5074 5084 5083 5073 5074 5084 5083 5073 5076 5086 5085 5075 5076 5086 5085 5075 5078 5088 5087 5077 5080 5090 5089 5079 5082 5092 5091 5081 5082 5092 5091 5081 5084 5094 5093 5083 5084 5094 5093 5083 5086 5096 5095 5085 5086 5096 5095 5085 5088 5098 5097 5087 5090 5100 5099 5089 5092 5102 5101 5091 5092 5102 5101 5091 5094 5104 5103 5093 5094 5104 5103 5093 5096 5106 5105 5095 5096 5106 5105 5095 5098 5108 5107 5097 5100 5110 5109 5099 5102 5112 5111 5101 5102 5112 5111 5101 5104 5114 5113 5103 5104 5114 5113 5103 5106 5116 5115 5105 5106 5116 5115 5105 5108 5118 5117 5107 5110 5120 5119 5109 5112 5122 5121 5111 5112 5122 5121 5111 5114 5124 5123 5113 5114 5124 5123 5113 5116 5126 5125 5115 5116 5126 5125 5115 5118 5128 5127 5117 5120 5004 5129 5119 5122 5005 5130 5121 5122 5005 5130 5121 5124 5006 5131 5123 5124 5006 5131 5123 5126 5007 5132 5125 5126 5007 5132 5125 5128 5008 5133 5127 5010 5011 5135 5134 5014 5015 5137 5136 5014 5015 5137 5136 5018 5019 5139 5138 5018 5019 5139 5138 5022 5023 5141 5140 5022 5023 5141 5140 5026 5027 5143 5142 5026 5142 5144 5027 5143 5145 5011 5029 5146 5135 5015 5031 5147 5137 5015 5031 5147 5137 5019 5033 5148 5139 5019 5033 5148 5139 5023 5035 5149 5141 5023 5035 5149 5141 5027 5037 5150 5143 5027 5143 5145 5037 5150 5151 5029 5039 5152 5146 5031 5041 5153 5147 5031 5041 5153 5147 5033 5043 5154 5148 5033 5043 5154 5148 5035 5045 5155 5149 5035 5045 5155 5149 5037 5047 5156 5150 5037 5150 5151 5047 5156 5157 5039 5049 5158 5152 5041 5051 5159 5153 5041 5051 5159 5153 5043 5053 5160 5154 5043 5053 5160 5154 5045 5055 5161 5155 5045 5055 5161 5155 5047 5057 5162 5156 5047 5156 5157 5057 5162 5163 5049 5059 5164 5158 5051 5061 5165 5159 5051 5061 5165 5159 5053 5063 5166 5160 5053 5063 5166 5160 5055 5065 5167 5161 5055 5065 5167 5161 5057 5067 5168 5162 5057 5162 5163 5067 5168 5169 5059 5069 5170 5164 5061 5071 5171 5165 5061 5071 5171 5165 5063 5073 5172 5166 5063 5073 5172 5166 5065 5075 5173 5167 5065 5075 5173 5167 5067 5077 5174 5168 5067 5168 5169 5077 5174 5175 5069 5079 5176 5170 5071 5081 5177 5171 5071 5081 5177 5171 5073 5083 5178 5172 5073 5083 5178 5172 5075 5085 5179 5173 5075 5085 5179 5173 5077 5087 5180 5174 5077 5174 5175 5087 5180 5181 5079 5089 5182 5176 5081 5091 5183 5177 5081 5091 5183 5177 5083 5093 5184 5178 5083 5093 5184 5178 5085 5095 5185 5179 5085 5095 5185 5179 5087 5097 5186 5180 5087 5180 5181 5097 5186 5187 5089 5099 5188 5182 5091 5101 5189 5183 5091 5101 5189 5183 5093 5103 5190 5184 5093 5103 5190 5184 5095 5105 5191 5185 5095 5105 5191 5185 5097 5107 5192 5186 5097 5186 5187 5107 5192 5193 5099 5109 5194 5188 5101 5111 5195 5189 5101 5111 5195 5189 5103 5113 5196 5190 5103 5113 5196 5190 5105 5115 5197 5191 5105 5115 5197 5191 5107 5117 5198 5192 5107 5192 5193 5117 5198 5199 5109 5119 5200 5194 5111 5121 5201 5195 5111 5121 5201 5195 5113 5123 5202 5196 5113 5123 5202 5196 5115 5125 5203 5197 5115 5125 5203 5197 5117 5127 5204 5198 5117 5198 5199 5127 5204 5205 5119 5129 5206 5200 5121 5130 5207 5201 5121 5130 5207 5201 5123 5131 5208 5202 5123 5131 5208 5202 5125 5132 5209 5203 5125 5132 5209 5203 5127 5133 5210 5204 5127 5204 5205 5133 5210 5211 5134 5135 5213 5212 5136 5137 5215 5214 5136 5137 5215 5214 5138 5139 5217 5216 5138 5139 5217 5216 5140 5141 5219 5218 5140 5141 5219 5218 5142 5143 5221 5220 5142 5143 5221 5220 5144 5145 5223 5222 5135 5146 5224 5213 5137 5147 5225 5215 5137 5147 5225 5215 5139 5148 5226 5217 5139 5148 5226 5217 5141 5149 5227 5219 5141 5149 5227 5219 5143 5150 5228 5221 5143 5150 5228 5221 5145 5151 5229 5223 5146 5152 5230 5224 5147 5153 5231 5225 5147 5153 5231 5225 5148 5154 5232 5226 5148 5154 5232 5226 5149 5155 5233 5227 5149 5155 5233 5227 5150 5156 5234 5228 5150 5156 5234 5228 5151 5157 5235 5229 5152 5158 5236 5230 5153 5159 5237 5231 5153 5159 5237 5231 5154 5160 5238 5232 5154 5160 5238 5232 5155 5161 5239 5233 5155 5161 5239 5233 5156 5162 5240 5234 5156 5162 5240 5234 5157 5163 5241 5235 5158 5164 5242 5236 5159 5165 5243 5237 5159 5165 5243 5237 5160 5166 5244 5238 5160 5166 5244 5238 5161 5167 5245 5239 5161 5167 5245 5239 5162 5168 5246 5240 5162 5168 5246 5240 5163 5169 5247 5241 5164 5170 5248 5242 5165 5171 5249 5243 5165 5171 5249 5243 5166 5172 5250 5244 5166 5172 5250 5244 5167 5173 5251 5245 5167 5173 5251 5245 5168 5174 5252 5246 5168 5174 5252 5246 5169 5175 5253 5247 5170 5176 5254 5248 5171 5177 5255 5249 5171 5177 5255 5249 5172 5178 5256 5250 5172 5178 5256 5250 5173 5179 5257 5251 5173 5179 5257 5251 5174 5180 5258 5252 5174 5180 5258 5252 5175 5181 5259 5253 5176 5182 5260 5254 5177 5183 5261 5255 5177 5183 5261 5255 5178 5184 5262 5256 5178 5184 5262 5256 5179 5185 5263 5257 5179 5185 5263 5257 5180 5186 5264 5258 5180 5186 5264 5258 5181 5187 5265 5259 5182 5188 5266 5260 5183 5189 5267 5261 5183 5189 5267 5261 5184 5190 5268 5262 5184 5190 5268 5262 5185 5191 5269 5263 5185 5191 5269 5263 5186 5192 5270 5264 5186 5192 5270 5264 5187 5193 5271 5265 5188 5194 5272 5266 5189 5195 5273 5267 5189 5195 5273 5267 5190 5196 5274 5268 5190 5196 5274 5268 5191 5197 5275 5269 5191 5197 5275 5269 5192 5198 5276 5270 5192 5198 5276 5270 5193 5199 5277 5271 5194 5200 5278 5272 5195 5201 5279 5273 5195 5201 5279 5273 5196 5202 5280 5274 5196 5202 5280 5274 5197 5203 5281 5275 5197 5203 5281 5275 5198 5204 5282 5276 5198 5204 5282 5276 5199 5205 5283 5277 5200 5206 5284 5278 5201 5207 5285 5279 5201 5207 5285 5279 5202 5208 5286 5280 5202 5208 5286 5280 5203 5209 5287 5281 5203 5209 5287 5281 5204 5210 5288 5282 5204 5210 5288 5282 5205 5211 5289 5283 5212 5213 5291 5290 5214 5215 5293 5292 5214 5215 5293 5292 5216 5217 5295 5294 5216 5217 5295 5294 5218 5219 5297 5296 5218 5219 5297 5296 5220 5221 5299 5298 5220 5221 5299 5298 5222 5223 5301 5300 5213 5224 5302 5291 5215 5225 5303 5293 5215 5225 5303 5293 5217 5226 5304 5295 5217 5226 5304 5295 5219 5227 5305 5297 5219 5227 5305 5297 5221 5228 5306 5299 5221 5228 5306 5299 5223 5229 5307 5301 5224 5230 5308 5302 5225 5231 5309 5303 5225 5231 5309 5303 5226 5232 5310 5304 5226 5232 5310 5304 5227 5233 5311 5305 5227 5233 5311 5305 5228 5234 5312 5306 5228 5234 5312 5306 5229 5235 5313 5307 5230 5236 5314 5308 5231 5237 5315 5309 5231 5237 5315 5309 5232 5238 5316 5310 5232 5238 5316 5310 5233 5239 5317 5311 5233 5239 5317 5311 5234 5240 5318 5312 5234 5240 5318 5312 5235 5241 5319 5313 5236 5242 5320 5314 5237 5243 5321 5315 5237 5243 5321 5315 5238 5244 5322 5316 5238 5244 5322 5316 5239 5245 5323 5317 5239 5245 5323 5317 5240 5246 5324 5318 5240 5246 5324 5318 5241 5247 5325 5319 5242 5248 5326 5320 5243 5249 5327 5321 5243 5249 5327 5321 5244 5250 5328 5322 5244 5250 5328 5322 5245 5251 5329 5323 5245 5251 5329 5323 5246 5252 5330 5324 5246 5252 5330 5324 5247 5253 5331 5325 5248 5254 5332 5326 5249 5255 5333 5327 5249 5255 5333 5327 5250 5256 5334 5328 5250 5256 5334 5328 5251 5257 5335 5329 5251 5257 5335 5329 5252 5258 5336 5330 5252 5258 5336 5330 5253 5259 5337 5331 5254 5260 5338 5332 5255 5261 5339 5333 5255 5261 5339 5333 5256 5262 5340 5334 5256 5262 5340 5334 5257 5263 5341 5335 5257 5263 5341 5335 5258 5264 5342 5336 5258 5264 5342 5336 5259 5265 5343 5337 5260 5266 5344 5338 5261 5267 5345 5339 5261 5267 5345 5339 5262 5268 5346 5340 5262 5268 5346 5340 5263 5269 5347 5341 5263 5269 5347 5341 5264 5270 5348 5342 5264 5270 5348 5342 5265 5271 5349 5343 5266 5272 5350 5344 5267 5273 5351 5345 5267 5273 5351 5345 5268 5274 5352 5346 5268 5274 5352 5346 5269 5275 5353 5347 5269 5275 5353 5347 5270 5276 5354 5348 5270 5276 5354 5348 5271 5277 5355 5349 5272 5278 5356 5350 5273 5279 5357 5351 5273 5279 5357 5351 5274 5280 5358 5352 5274 5280 5358 5352 5275 5281 5359 5353 5275 5281 5359 5353 5276 5282 5360 5354 5276 5282 5360 5354 5277 5283 5361 5355 5278 5284 5362 5356 5279 5285 5363 5357 5279 5285 5363 5357 5280 5286 5364 5358 5280 5286 5364 5358 5281 5287 5365 5359 5281 5287 5365 5359 5282 5288 5366 5360 5282 5288 5366 5360 5283 5289 5367 5361 5368 5371 5370 5369 5372 5375 5374 5373 5372 5375 5374 5373 5376 5379 5378 5377 5376 5379 5378 5377 5380 5383 5382 5381 5380 5383 5382 5381 5384 5387 5386 5385 5371 5389 5388 5370 5375 5391 5390 5374 5375 5391 5390 5374 5379 5393 5392 5378 5379 5393 5392 5378 5383 5395 5394 5382 5383 5395 5394 5382 5387 5397 5396 5386 5389 5399 5398 5388 5391 5401 5400 5390 5391 5401 5400 5390 5393 5403 5402 5392 5393 5403 5402 5392 5395 5405 5404 5394 5395 5405 5404 5394 5397 5407 5406 5396 5399 5409 5408 5398 5401 5411 5410 5400 5401 5411 5410 5400 5403 5413 5412 5402 5403 5413 5412 5402 5405 5415 5414 5404 5405 5415 5414 5404 5407 5417 5416 5406 5409 5419 5418 5408 5411 5421 5420 5410 5411 5421 5420 5410 5413 5423 5422 5412 5413 5423 5422 5412 5415 5425 5424 5414 5415 5425 5424 5414 5417 5427 5426 5416 5419 5429 5428 5418 5421 5431 5430 5420 5421 5431 5430 5420 5423 5433 5432 5422 5423 5433 5432 5422 5425 5435 5434 5424 5425 5435 5434 5424 5427 5437 5436 5426 5429 5439 5438 5428 5431 5441 5440 5430 5431 5441 5440 5430 5433 5443 5442 5432 5433 5443 5442 5432 5435 5445 5444 5434 5435 5445 5444 5434 5437 5447 5446 5436 5439 5449 5448 5438 5441 5451 5450 5440 5441 5451 5450 5440 5443 5453 5452 5442 5443 5453 5452 5442 5445 5455 5454 5444 5445 5455 5454 5444 5447 5457 5456 5446 5449 5459 5458 5448 5451 5461 5460 5450 5451 5461 5460 5450 5453 5463 5462 5452 5453 5463 5462 5452 5455 5465 5464 5454 5455 5465 5464 5454 5457 5467 5466 5456 5459 5469 5468 5458 5461 5471 5470 5460 5461 5471 5470 5460 5463 5473 5472 5462 5463 5473 5472 5462 5465 5475 5474 5464 5465 5475 5474 5464 5467 5477 5476 5466 5469 5479 5478 5468 5471 5481 5480 5470 5471 5481 5480 5470 5473 5483 5482 5472 5473 5483 5482 5472 5475 5485 5484 5474 5475 5485 5484 5474 5477 5487 5486 5476 5479 5363 5488 5478 5481 5364 5489 5480 5481 5364 5489 5480 5483 5365 5490 5482 5483 5365 5490 5482 5485 5366 5491 5484 5485 5366 5491 5484 5487 5367 5492 5486 5369 5370 5494 5493 5373 5374 5496 5495 5373 5374 5496 5495 5377 5378 5498 5497 5377 5378 5498 5497 5381 5382 5500 5499 5381 5382 5500 5499 5385 5386 5502 5501 5370 5388 5503 5494 5374 5390 5504 5496 5374 5390 5504 5496 5378 5392 5505 5498 5378 5392 5505 5498 5382 5394 5506 5500 5382 5394 5506 5500 5386 5396 5507 5502 5388 5398 5508 5503 5390 5400 5509 5504 5390 5400 5509 5504 5392 5402 5510 5505 5392 5402 5510 5505 5394 5404 5511 5506 5394 5404 5511 5506 5396 5406 5512 5507 5398 5408 5513 5508 5400 5410 5514 5509 5400 5410 5514 5509 5402 5412 5515 5510 5402 5412 5515 5510 5404 5414 5516 5511 5404 5414 5516 5511 5406 5416 5517 5512 5408 5418 5518 5513 5410 5420 5519 5514 5410 5420 5519 5514 5412 5422 5520 5515 5412 5422 5520 5515 5414 5424 5521 5516 5414 5424 5521 5516 5416 5426 5522 5517 5418 5428 5523 5518 5420 5430 5524 5519 5420 5430 5524 5519 5422 5432 5525 5520 5422 5432 5525 5520 5424 5434 5526 5521 5424 5434 5526 5521 5426 5436 5527 5522 5428 5438 5528 5523 5430 5440 5529 5524 5430 5440 5529 5524 5432 5442 5530 5525 5432 5442 5530 5525 5434 5444 5531 5526 5434 5444 5531 5526 5436 5446 5532 5527 5438 5448 5533 5528 5440 5450 5534 5529 5440 5450 5534 5529 5442 5452 5535 5530 5442 5452 5535 5530 5444 5454 5536 5531 5444 5454 5536 5531 5446 5456 5537 5532 5448 5458 5538 5533 5450 5460 5539 5534 5450 5460 5539 5534 5452 5462 5540 5535 5452 5462 5540 5535 5454 5464 5541 5536 5454 5464 5541 5536 5456 5466 5542 5537 5458 5468 5543 5538 5460 5470 5544 5539 5460 5470 5544 5539 5462 5472 5545 5540 5462 5472 5545 5540 5464 5474 5546 5541 5464 5474 5546 5541 5466 5476 5547 5542 5468 5478 5548 5543 5470 5480 5549 5544 5470 5480 5549 5544 5472 5482 5550 5545 5472 5482 5550 5545 5474 5484 5551 5546 5474 5484 5551 5546 5476 5486 5552 5547 5478 5488 5553 5548 5480 5489 5554 5549 5480 5489 5554 5549 5482 5490 5555 5550 5482 5490 5555 5550 5484 5491 5556 5551 5484 5491 5556 5551 5486 5492 5557 5552 5493 5494 5559 5558 5495 5496 5561 5560 5495 5496 5561 5560 5497 5498 5563 5562 5497 5498 5563 5562 5499 5500 5565 5564 5499 5500 5565 5564 5501 5502 5567 5566 5494 5503 5568 5559 5496 5504 5569 5561 5496 5504 5569 5561 5498 5505 5570 5563 5498 5505 5570 5563 5500 5506 5571 5565 5500 5506 5571 5565 5502 5507 5572 5567 5503 5508 5573 5568 5504 5509 5574 5569 5504 5509 5574 5569 5505 5510 5575 5570 5505 5510 5575 5570 5506 5511 5576 5571 5506 5511 5576 5571 5507 5512 5577 5572 5508 5513 5578 5573 5509 5514 5579 5574 5509 5514 5579 5574 5510 5515 5580 5575 5510 5515 5580 5575 5511 5516 5581 5576 5511 5516 5581 5576 5512 5517 5582 5577 5513 5518 5583 5578 5514 5519 5584 5579 5514 5519 5584 5579 5515 5520 5585 5580 5515 5520 5585 5580 5516 5521 5586 5581 5516 5521 5586 5581 5517 5522 5587 5582 5518 5523 5588 5583 5519 5524 5589 5584 5519 5524 5589 5584 5520 5525 5590 5585 5520 5525 5590 5585 5521 5526 5591 5586 5521 5526 5591 5586 5522 5527 5592 5587 5523 5528 5593 5588 5524 5529 5594 5589 5524 5529 5594 5589 5525 5530 5595 5590 5525 5530 5595 5590 5526 5531 5596 5591 5526 5531 5596 5591 5527 5532 5597 5592 5528 5533 5598 5593 5529 5534 5599 5594 5529 5534 5599 5594 5530 5535 5600 5595 5530 5535 5600 5595 5531 5536 5601 5596 5531 5536 5601 5596 5532 5537 5602 5597 5533 5538 5603 5598 5534 5539 5604 5599 5534 5539 5604 5599 5535 5540 5605 5600 5535 5540 5605 5600 5536 5541 5606 5601 5536 5541 5606 5601 5537 5542 5607 5602 5538 5543 5608 5603 5539 5544 5609 5604 5539 5544 5609 5604 5540 5545 5610 5605 5540 5545 5610 5605 5541 5546 5611 5606 5541 5546 5611 5606 5542 5547 5612 5607 5543 5548 5613 5608 5544 5549 5614 5609 5544 5549 5614 5609 5545 5550 5615 5610 5545 5550 5615 5610 5546 5551 5616 5611 5546 5551 5616 5611 5547 5552 5617 5612 5548 5553 5618 5613 5549 5554 5619 5614 5549 5554 5619 5614 5550 5555 5620 5615 5550 5555 5620 5615 5551 5556 5621 5616 5551 5556 5621 5616 5552 5557 5622 5617 5623 5626 5625 5624 5627 5630 5629 5628 5627 5630 5629 5628 5631 5634 5633 5632 5631 5634 5633 5632 5635 5638 5637 5636 5626 5640 5639 5625 5630 5642 5641 5629 5630 5642 5641 5629 5634 5644 5643 5633 5634 5644 5643 5633 5638 5646 5645 5637 5640 5648 5647 5639 5642 5650 5649 5641 5642 5650 5649 5641 5644 5652 5651 5643 5644 5652 5651 5643 5646 5654 5653 5645 5648 5656 5655 5647 5650 5658 5657 5649 5650 5658 5657 5649 5652 5660 5659 5651 5652 5660 5659 5651 5654 5662 5661 5653 5656 5664 5663 5655 5658 5666 5665 5657 5658 5666 5665 5657 5660 5668 5667 5659 5660 5668 5667 5659 5662 5670 5669 5661 5664 5672 5671 5663 5666 5674 5673 5665 5666 5674 5673 5665 5668 5676 5675 5667 5668 5676 5675 5667 5670 5678 5677 5669 5672 5680 5679 5671 5674 5682 5681 5673 5674 5682 5681 5673 5676 5684 5683 5675 5676 5684 5683 5675 5678 5686 5685 5677 5680 5688 5687 5679 5682 5690 5689 5681 5682 5690 5689 5681 5684 5692 5691 5683 5684 5692 5691 5683 5686 5694 5693 5685 5688 5696 5695 5687 5690 5698 5697 5689 5690 5698 5697 5689 5692 5700 5699 5691 5692 5700 5699 5691 5694 5702 5701 5693 5696 5704 5703 5695 5698 5706 5705 5697 5698 5706 5705 5697 5700 5708 5707 5699 5700 5708 5707 5699 5702 5710 5709 5701 5704 5712 5711 5703 5706 5714 5713 5705 5706 5714 5713 5705 5708 5716 5715 5707 5708 5716 5715 5707 5710 5718 5717 5709 5712 5619 5719 5711 5714 5620 5720 5713 5714 5620 5720 5713 5716 5621 5721 5715 5716 5621 5721 5715 5718 5622 5722 5717 5624 5625 5724 5723 5628 5629 5726 5725 5628 5629 5726 5725 5632 5633 5728 5727 5632 5633 5728 5727 5636 5637 5730 5729 5636 5729 5731 5637 5730 5732 5625 5639 5733 5724 5629 5641 5734 5726 5629 5641 5734 5726 5633 5643 5735 5728 5633 5643 5735 5728 5637 5645 5736 5730 5637 5730 5732 5645 5736 5737 5639 5647 5738 5733 5641 5649 5739 5734 5641 5649 5739 5734 5643 5651 5740 5735 5643 5651 5740 5735 5645 5653 5741 5736 5645 5736 5737 5653 5741 5742 5647 5655 5743 5738 5649 5657 5744 5739 5649 5657 5744 5739 5651 5659 5745 5740 5651 5659 5745 5740 5653 5661 5746 5741 5653 5741 5742 5661 5746 5747 5655 5663 5748 5743 5657 5665 5749 5744 5657 5665 5749 5744 5659 5667 5750 5745 5659 5667 5750 5745 5661 5669 5751 5746 5661 5746 5747 5669 5751 5752 5663 5671 5753 5748 5665 5673 5754 5749 5665 5673 5754 5749 5667 5675 5755 5750 5667 5675 5755 5750 5669 5677 5756 5751 5669 5751 5752 5677 5756 5757 5671 5679 5758 5753 5673 5681 5759 5754 5673 5681 5759 5754 5675 5683 5760 5755 5675 5683 5760 5755 5677 5685 5761 5756 5677 5756 5757 5685 5761 5762 5679 5687 5763 5758 5681 5689 5764 5759 5681 5689 5764 5759 5683 5691 5765 5760 5683 5691 5765 5760 5685 5693 5766 5761 5685 5761 5762 5693 5766 5767 5687 5695 5768 5763 5689 5697 5769 5764 5689 5697 5769 5764 5691 5699 5770 5765 5691 5699 5770 5765 5693 5701 5771 5766 5693 5766 5767 5701 5771 5772 5695 5703 5773 5768 5697 5705 5774 5769 5697 5705 5774 5769 5699 5707 5775 5770 5699 5707 5775 5770 5701 5709 5776 5771 5701 5771 5772 5709 5776 5777 5703 5711 5778 5773 5705 5713 5779 5774 5705 5713 5779 5774 5707 5715 5780 5775 5707 5715 5780 5775 5709 5717 5781 5776 5709 5776 5777 5717 5781 5782 5711 5719 5783 5778 5713 5720 5784 5779 5713 5720 5784 5779 5715 5721 5785 5780 5715 5721 5785 5780 5717 5722 5786 5781 5717 5781 5782 5722 5786 5787 5723 5724 5789 5788 5725 5726 5791 5790 5725 5726 5791 5790 5727 5728 5793 5792 5727 5728 5793 5792 5729 5730 5795 5794 5729 5730 5795 5794 5731 5732 5797 5796 5724 5733 5798 5789 5726 5734 5799 5791 5726 5734 5799 5791 5728 5735 5800 5793 5728 5735 5800 5793 5730 5736 5801 5795 5730 5736 5801 5795 5732 5737 5802 5797 5733 5738 5803 5798 5734 5739 5804 5799 5734 5739 5804 5799 5735 5740 5805 5800 5735 5740 5805 5800 5736 5741 5806 5801 5736 5741 5806 5801 5737 5742 5807 5802 5738 5743 5808 5803 5739 5744 5809 5804 5739 5744 5809 5804 5740 5745 5810 5805 5740 5745 5810 5805 5741 5746 5811 5806 5741 5746 5811 5806 5742 5747 5812 5807 5743 5748 5813 5808 5744 5749 5814 5809 5744 5749 5814 5809 5745 5750 5815 5810 5745 5750 5815 5810 5746 5751 5816 5811 5746 5751 5816 5811 5747 5752 5817 5812 5748 5753 5818 5813 5749 5754 5819 5814 5749 5754 5819 5814 5750 5755 5820 5815 5750 5755 5820 5815 5751 5756 5821 5816 5751 5756 5821 5816 5752 5757 5822 5817 5753 5758 5823 5818 5754 5759 5824 5819 5754 5759 5824 5819 5755 5760 5825 5820 5755 5760 5825 5820 5756 5761 5826 5821 5756 5761 5826 5821 5757 5762 5827 5822 5758 5763 5828 5823 5759 5764 5829 5824 5759 5764 5829 5824 5760 5765 5830 5825 5760 5765 5830 5825 5761 5766 5831 5826 5761 5766 5831 5826 5762 5767 5832 5827 5763 5768 5833 5828 5764 5769 5834 5829 5764 5769 5834 5829 5765 5770 5835 5830 5765 5770 5835 5830 5766 5771 5836 5831 5766 5771 5836 5831 5767 5772 5837 5832 5768 5773 5838 5833 5769 5774 5839 5834 5769 5774 5839 5834 5770 5775 5840 5835 5770 5775 5840 5835 5771 5776 5841 5836 5771 5776 5841 5836 5772 5777 5842 5837 5773 5778 5843 5838 5774 5779 5844 5839 5774 5779 5844 5839 5775 5780 5845 5840 5775 5780 5845 5840 5776 5781 5846 5841 5776 5781 5846 5841 5777 5782 5847 5842 5778 5783 5848 5843 5779 5784 5849 5844 5779 5784 5849 5844 5780 5785 5850 5845 5780 5785 5850 5845 5781 5786 5851 5846 5781 5786 5851 5846 5782 5787 5852 5847 5853 5856 5855 5854 5857 5860 5859 5858 5857 5860 5859 5858 5861 5864 5863 5862 5861 5864 5863 5862 5865 5868 5867 5866 5856 5870 5869 5855 5860 5872 5871 5859 5860 5872 5871 5859 5864 5874 5873 5863 5864 5874 5873 5863 5868 5876 5875 5867 5870 5878 5877 5869 5872 5880 5879 5871 5872 5880 5879 5871 5874 5882 5881 5873 5874 5882 5881 5873 5876 5884 5883 5875 5878 5886 5885 5877 5880 5888 5887 5879 5880 5888 5887 5879 5882 5890 5889 5881 5882 5890 5889 5881 5884 5892 5891 5883 5886 5894 5893 5885 5888 5896 5895 5887 5888 5896 5895 5887 5890 5898 5897 5889 5890 5898 5897 5889 5892 5900 5899 5891 5894 5902 5901 5893 5896 5904 5903 5895 5896 5904 5903 5895 5898 5906 5905 5897 5898 5906 5905 5897 5900 5908 5907 5899 5902 5910 5909 5901 5904 5912 5911 5903 5904 5912 5911 5903 5906 5914 5913 5905 5906 5914 5913 5905 5908 5916 5915 5907 5910 5918 5917 5909 5912 5920 5919 5911 5912 5920 5919 5911 5914 5922 5921 5913 5914 5922 5921 5913 5916 5924 5923 5915 5918 5926 5925 5917 5920 5928 5927 5919 5920 5928 5927 5919 5922 5930 5929 5921 5922 5930 5929 5921 5924 5932 5931 5923 5926 5934 5933 5925 5928 5936 5935 5927 5928 5936 5935 5927 5930 5938 5937 5929 5930 5938 5937 5929 5932 5940 5939 5931 5934 5942 5941 5933 5936 5944 5943 5935 5936 5944 5943 5935 5938 5946 5945 5937 5938 5946 5945 5937 5940 5948 5947 5939 5942 5849 5949 5941 5944 5850 5950 5943 5944 5850 5950 5943 5946 5851 5951 5945 5946 5851 5951 5945 5948 5852 5952 5947 5854 5855 5954 5953 5858 5859 5956 5955 5858 5859 5956 5955 5862 5863 5958 5957 5862 5863 5958 5957 5866 5867 5960 5959 5855 5869 5961 5954 5859 5871 5962 5956 5859 5871 5962 5956 5863 5873 5963 5958 5863 5873 5963 5958 5867 5875 5964 5960 5869 5877 5965 5961 5871 5879 5966 5962 5871 5879 5966 5962 5873 5881 5967 5963 5873 5881 5967 5963 5875 5883 5968 5964 5877 5885 5969 5965 5879 5887 5970 5966 5879 5887 5970 5966 5881 5889 5971 5967 5881 5889 5971 5967 5883 5891 5972 5968 5885 5893 5973 5969 5887 5895 5974 5970 5887 5895 5974 5970 5889 5897 5975 5971 5889 5897 5975 5971 5891 5899 5976 5972 5893 5901 5977 5973 5895 5903 5978 5974 5895 5903 5978 5974 5897 5905 5979 5975 5897 5905 5979 5975 5899 5907 5980 5976 5901 5909 5981 5977 5903 5911 5982 5978 5903 5911 5982 5978 5905 5913 5983 5979 5905 5913 5983 5979 5907 5915 5984 5980 5909 5917 5985 5981 5911 5919 5986 5982 5911 5919 5986 5982 5913 5921 5987 5983 5913 5921 5987 5983 5915 5923 5988 5984 5917 5925 5989 5985 5919 5927 5990 5986 5919 5927 5990 5986 5921 5929 5991 5987 5921 5929 5991 5987 5923 5931 5992 5988 5925 5933 5993 5989 5927 5935 5994 5990 5927 5935 5994 5990 5929 5937 5995 5991 5929 5937 5995 5991 5931 5939 5996 5992 5933 5941 5997 5993 5935 5943 5998 5994 5935 5943 5998 5994 5937 5945 5999 5995 5937 5945 5999 5995 5939 5947 6000 5996 5941 5949 6001 5997 5943 5950 6002 5998 5943 5950 6002 5998 5945 5951 6003 5999 5945 5951 6003 5999 5947 5952 6004 6000 5953 5954 6006 6005 5955 5956 6008 6007 5955 5956 6008 6007 5957 5958 6010 6009 5957 5958 6010 6009 5959 5960 6012 6011 5954 5961 6013 6006 5956 5962 6014 6008 5956 5962 6014 6008 5958 5963 6015 6010 5958 5963 6015 6010 5960 5964 6016 6012 5961 5965 6017 6013 5962 5966 6018 6014 5962 5966 6018 6014 5963 5967 6019 6015 5963 5967 6019 6015 5964 5968 6020 6016 5965 5969 6021 6017 5966 5970 6022 6018 5966 5970 6022 6018 5967 5971 6023 6019 5967 5971 6023 6019 5968 5972 6024 6020 5969 5973 6025 6021 5970 5974 6026 6022 5970 5974 6026 6022 5971 5975 6027 6023 5971 5975 6027 6023 5972 5976 6028 6024 5973 5977 6029 6025 5974 5978 6030 6026 5974 5978 6030 6026 5975 5979 6031 6027 5975 5979 6031 6027 5976 5980 6032 6028 5977 5981 6033 6029 5978 5982 6034 6030 5978 5982 6034 6030 5979 5983 6035 6031 5979 5983 6035 6031 5980 5984 6036 6032 5981 5985 6037 6033 5982 5986 6038 6034 5982 5986 6038 6034 5983 5987 6039 6035 5983 5987 6039 6035 5984 5988 6040 6036 5985 5989 6041 6037 5986 5990 6042 6038 5986 5990 6042 6038 5987 5991 6043 6039 5987 5991 6043 6039 5988 5992 6044 6040 5989 5993 6045 6041 5990 5994 6046 6042 5990 5994 6046 6042 5991 5995 6047 6043 5991 5995 6047 6043 5992 5996 6048 6044 5993 5997 6049 6045 5994 5998 6050 6046 5994 5998 6050 6046 5995 5999 6051 6047 5995 5999 6051 6047 5996 6000 6052 6048 5997 6001 6053 6049 5998 6002 6054 6050 5998 6002 6054 6050 5999 6003 6055 6051 5999 6003 6055 6051 6000 6004 6056 6052 6060 6070 6071 0 29 31 12 96 97 6061 6074 6075 6062 13 98 6076 6063 15 100 6077 6063 15 100 6077 6064 17 102 6078 6064 17 102 6078 6065 19 104 6079 6065 19 104 6079 6066 21 106 6080 6066 21 106 6080 6067 23 108 6081 6067 23 108 6081 6068 25 110 6082 6068 25 110 6082 6069 27 112 6083 6069 27 112 6083 6070 29 114 6084 6070 29 114 6084 6071 31 116 6085 94 6072 6091 214 95 6073 6092 215 95 6073 6092 215 96 6074 6093 216 96 6074 6093 216 97 6075 6094 217 6077 100 218 6095 6078 102 220 6096 6078 102 220 6096 6079 104 222 6097 6079 104 222 6097 6080 106 224 6098 6080 106 224 6098 6081 108 226 6099 6081 108 226 6099 6082 110 228 6100 6082 110 228 6100 6083 112 230 6101 6083 112 230 6101 6084 114 232 6102 6084 114 232 6102 6085 116 234 6103 209 6086 6104 326 210 6087 6105 327 210 6087 6105 327 211 6088 6106 328 211 6088 6106 328 212 6089 6107 329 212 6089 6107 329 213 6090 6108 330 213 6090 6108 330 214 6091 6109 331 214 6091 6109 331 215 6092 6110 332 215 6092 6110 332 216 6093 6111 333 216 6093 6111 333 217 6094 6112 334 6095 218 335 6113 6096 220 337 6114 6096 220 337 6114 6097 222 339 6115 6097 222 339 6115 6098 224 341 6116 6098 224 341 6116 6099 226 343 6117 6099 226 343 6117 6100 228 345 6118 6100 228 345 6118 6101 230 347 6119 6101 230 347 6119 6102 232 349 6120 6102 232 349 6120 6103 234 351 6121 6103 6121 6122 234 351 353 326 6104 6123 455 327 6105 6124 456 327 6105 6124 456 328 6106 6125 457 328 6106 6125 457 329 6107 6126 458 329 6107 6126 458 330 6108 6127 459 330 6108 6127 459 331 6109 6128 460 331 6109 6128 460 332 6110 6129 461 332 6110 6129 461 333 6111 6130 462 333 6111 6130 462 334 6112 6131 463 334 463 464 6112 6131 6132 6113 335 465 6133 6114 337 467 6134 6114 337 467 6134 6115 339 469 6135 6115 339 469 6135 6116 341 471 6136 6116 341 471 6136 6117 343 473 6137 6117 343 473 6137 6118 345 475 6138 6118 345 475 6138 6119 347 477 6139 6119 347 477 6139 6120 349 479 6140 6120 349 479 6140 6121 351 481 6141 6121 351 481 6141 6122 353 483 6142 455 6123 6143 585 456 6124 6144 586 456 6124 6144 586 457 6125 6145 587 457 6125 6145 587 458 6126 6146 588 458 6126 6146 588 459 6127 6147 589 459 6127 6147 589 460 6128 6148 590 460 6128 6148 590 461 6129 6149 591 461 6129 6149 591 462 6130 6150 592 462 6130 6150 592 463 6131 6151 593 463 6131 6151 593 464 6132 6152 594 6134 467 595 6153 6135 469 597 6154 6135 469 597 6154 6136 471 599 6155 6136 471 599 6155 6137 473 601 6156 6137 473 601 6156 6138 475 603 6157 6138 475 603 6157 6139 477 605 6158 6139 477 605 6158 6140 479 607 6159 6140 479 607 6159 6141 481 609 6160 6141 481 609 6160 6142 483 611 6161 586 6144 6162 703 587 6145 6163 704 587 6145 6163 704 588 6146 6164 705 588 6146 6164 705 589 6147 6165 706 589 6147 6165 706 590 6148 6166 707 590 6148 6166 707 591 6149 6167 708 591 6149 6167 708 592 6150 6168 709 592 6150 6168 709 593 6151 6169 710 593 6151 6169 710 594 6152 6170 711 6153 595 712 6171 6154 597 714 6172 6154 597 714 6172 6155 599 716 6173 6155 599 716 6173 6156 601 718 6174 6156 601 718 6174 6157 603 720 6175 6157 603 720 6175 6158 605 722 6176 6158 605 722 6176 6159 607 724 6177 6159 607 724 6177 6160 609 726 6178 6160 609 726 6178 6161 611 728 6179 703 6162 6180 820 704 6163 6181 821 704 6163 6181 821 705 6164 6182 822 705 6164 6182 822 706 6165 6183 823 706 6165 6183 823 707 6166 6184 824 707 6166 6184 824 708 6167 6185 825 708 6167 6185 825 709 6168 6186 826 709 6168 6186 826 710 6169 6187 827 710 6169 6187 827 711 6170 6188 828 6171 712 829 6189 6172 714 831 6190 6172 714 831 6190 6173 716 833 6191 6173 716 833 6191 6174 718 835 6192 6174 718 835 6192 6175 720 837 6193 6175 720 837 6193 6176 722 839 6194 6176 722 839 6194 6177 724 841 6195 6177 724 841 6195 6178 726 843 6196 6178 726 843 6196 6179 728 845 6197 6179 6197 6198 728 845 847 820 6180 6199 949 821 6181 6200 950 821 6181 6200 950 822 6182 6201 951 822 6182 6201 951 823 6183 6202 952 823 6183 6202 952 824 6184 6203 953 824 6184 6203 953 825 6185 6204 954 825 6185 6204 954 826 6186 6205 955 826 6186 6205 955 827 6187 6206 956 827 6187 6206 956 828 6188 6207 957 828 957 958 6188 6207 6208 6190 831 959 6209 6191 833 961 6210 6191 833 961 6210 6192 835 963 6211 6192 835 963 6211 6193 837 965 6212 6193 837 965 6212 6194 839 967 6213 6194 839 967 6213 6195 841 969 6214 6195 841 969 6214 6196 843 971 6215 6196 843 971 6215 6197 845 973 6216 6197 845 973 6216 6198 847 975 6217 950 6200 6218 1067 951 6201 6219 1068 951 6201 6219 1068 952 6202 6220 1069 952 6202 6220 1069 953 6203 6221 1070 953 6203 6221 1070 954 6204 6222 1071 954 6204 6222 1071 955 6205 6223 1072 955 6205 6223 1072 956 6206 6224 1073 956 6206 6224 1073 957 6207 6225 1074 957 6207 6225 1074 958 6208 6226 1075 6209 959 1076 6227 6210 961 1078 6228 6210 961 1078 6228 6211 963 1080 6229 6211 963 1080 6229 6212 965 1082 6230 6212 965 1082 6230 6213 967 1084 6231 6213 967 1084 6231 6214 969 1086 6232 6214 969 1086 6232 6215 971 1088 6233 6215 971 1088 6233 6216 973 1090 6234 6216 973 1090 6234 6217 975 1092 6235 1067 6218 6236 1184 1068 6219 6237 1185 1068 6219 6237 1185 1069 6220 6238 1186 1069 6220 6238 1186 1070 6221 6239 1187 1070 6221 6239 1187 1071 6222 6240 1188 1071 6222 6240 1188 1072 6223 6241 1189 1072 6223 6241 1189 1073 6224 6242 1190 1073 6224 6242 1190 1074 6225 6243 1191 1074 6225 6243 1191 1075 6226 6244 1192 6227 1076 1193 6245 6228 1078 1195 6246 6228 1078 1195 6246 6229 1080 1197 6247 6229 1080 1197 6247 6230 1082 1199 6248 6230 1082 1199 6248 6231 1084 1201 6249 6231 1084 1201 6249 6232 1086 1203 6250 6232 1086 1203 6250 6233 1088 1205 6251 6233 1088 1205 6251 6234 1090 1207 6252 6234 1090 1207 6252 6235 1092 1209 6253 1184 6236 6254 1301 1185 6237 6255 1302 1185 6237 6255 1302 1186 6238 6256 1303 1186 6238 6256 1303 1187 6239 6257 1304 1187 6239 6257 1304 1188 6240 6258 1305 1188 6240 6258 1305 1189 6241 6259 1306 1189 6241 6259 1306 1190 6242 6260 1307 1190 6242 6260 1307 1191 6243 6261 1308 1191 6243 6261 1308 1192 6244 6262 1309 6246 1195 1310 6263 6247 1197 1312 6264 6247 1197 1312 6264 6248 1199 1314 6265 6248 1199 1314 6265 6249 1201 1316 6266 6249 1201 1316 6266 6250 1203 1318 6267 6250 1203 1318 6267 6251 1205 1320 6268 6251 1205 1320 6268 6252 1207 1322 6269 6252 1207 1322 6269 6253 1209 1324 6270 6253 6270 6271 1209 1324 1326 1302 6255 6272 1418 1303 6256 6273 1419 1303 6256 6273 1419 1304 6257 6274 1420 1304 6257 6274 1420 1305 6258 6275 1421 1305 6258 6275 1421 1306 6259 6276 1422 1306 6259 6276 1422 1307 6260 6277 1423 1307 6260 6277 1423 1308 6261 6278 1424 1308 6261 6278 1424 1309 6262 6279 1425 1309 1425 1426 6262 6279 6280 6263 1310 1427 6281 6264 1312 1429 6282 6264 1312 1429 6282 6265 1314 1431 6283 6265 1314 1431 6283 6266 1316 1433 6284 6266 1316 1433 6284 6267 1318 1435 6285 6267 1318 1435 6285 6268 1320 1437 6286 6268 1320 1437 6286 6269 1322 1439 6287 6269 1322 1439 6287 6270 1324 1441 6288 6270 1324 1441 6288 6271 1326 1443 6289 1418 6272 6290 1535 1419 6273 6291 1536 1419 6273 6291 1536 1420 6274 6292 1537 1420 6274 6292 1537 1421 6275 6293 1538 1421 6275 6293 1538 1422 6276 6294 1539 1422 6276 6294 1539 1423 6277 6295 1540 1423 6277 6295 1540 1424 6278 6296 1541 1424 6278 6296 1541 1425 6279 6297 1542 1425 6279 6297 1542 1426 6280 6298 1543 6281 1427 1544 6299 6282 1429 1546 6300 6282 1429 1546 6300 6283 1431 1548 6301 6283 1431 1548 6301 6284 1433 1550 6302 6284 1433 1550 6302 6285 1435 1552 6303 6285 1435 1552 6303 6286 1437 1554 6304 6286 1437 1554 6304 6287 1439 1556 6305 6287 1439 1556 6305 6288 1441 1558 6306 6288 1441 1558 6306 6289 1443 1560 6307 1535 6290 6308 1652 1536 6291 6309 1653 1536 6291 6309 1653 1537 6292 6310 1654 1537 6292 6310 1654 1538 6293 6311 1655 1538 6293 6311 1655 1539 6294 6312 1656 1539 6294 6312 1656 1540 6295 6313 1657 1540 6295 6313 1657 1541 6296 6314 1658 1541 6296 6314 1658 1542 6297 6315 1659 1542 6297 6315 1659 1543 6298 6316 1660 6299 1544 1661 6317 6300 1546 1663 6318 6300 1546 1663 6318 6301 1548 1665 6319 6301 1548 1665 6319 6302 1550 1667 6320 6302 1550 1667 6320 6303 1552 1669 6321 6303 1552 1669 6321 6304 1554 1671 6322 6304 1554 1671 6322 6305 1556 1673 6323 6305 1556 1673 6323 6306 1558 1675 6324 6306 1558 1675 6324 6307 1560 1677 6325 1652 6308 6326 1769 1653 6309 6327 1770 1653 6309 6327 1770 1654 6310 6328 1771 1654 6310 6328 1771 1655 6311 6329 1772 1655 6311 6329 1772 1656 6312 6330 1773 1656 6312 6330 1773 1657 6313 6331 1774 1657 6313 6331 1774 1658 6314 6332 1775 1658 6314 6332 1775 1659 6315 6333 1776 1659 6315 6333 1776 1660 6316 6334 1777 6318 1663 1778 6335 6319 1665 1780 6336 6319 1665 1780 6336 6320 1667 1782 6337 6320 1667 1782 6337 6321 1669 1784 6338 6321 1669 1784 6338 6322 1671 1786 6339 6322 1671 1786 6339 6323 1673 1788 6340 6323 1673 1788 6340 6324 1675 1790 6341 6324 1675 1790 6341 6325 1677 1792 6342 6325 6342 6343 1677 1792 1794 1770 6327 6344 1886 1771 6328 6345 1887 1771 6328 6345 1887 1772 6329 6346 1888 1772 6329 6346 1888 1773 6330 6347 1889 1773 6330 6347 1889 1774 6331 6348 1890 1774 6331 6348 1890 1775 6332 6349 1891 1775 6332 6349 1891 1776 6333 6350 1892 1776 6333 6350 1892 1777 6334 6351 1893 1777 1893 1894 6334 6351 6352 6335 1778 1895 6353 6336 1780 1897 6354 6336 1780 1897 6354 6337 1782 1899 6355 6337 1782 1899 6355 6338 1784 1901 6356 6338 1784 1901 6356 6339 1786 1903 6357 6339 1786 1903 6357 6340 1788 1905 6358 6340 1788 1905 6358 6341 1790 1907 6359 6341 1790 1907 6359 6342 1792 1909 6360 6342 1792 1909 6360 6343 1794 1911 6361 1886 6344 6362 2003 1887 6345 6363 2004 1887 6345 6363 2004 1888 6346 6364 2005 1888 6346 6364 2005 1889 6347 6365 2006 1889 6347 6365 2006 1890 6348 6366 2007 1890 6348 6366 2007 1891 6349 6367 2008 1891 6349 6367 2008 1892 6350 6368 2009 1892 6350 6368 2009 1893 6351 6369 2010 1893 6351 6369 2010 1894 6352 6370 2011 6353 1895 2012 6371 6354 1897 2014 6372 6354 1897 2014 6372 6355 1899 2016 6373 6355 1899 2016 6373 6356 1901 2018 6374 6356 1901 2018 6374 6357 1903 2020 6375 6357 1903 2020 6375 6358 1905 2022 6376 6358 1905 2022 6376 6359 1907 2024 6377 6359 1907 2024 6377 6360 1909 2026 6378 6360 1909 2026 6378 6361 1911 2028 6379 2003 6362 6380 2120 2004 6363 6381 2121 2004 6363 6381 2121 2005 6364 6382 2122 2005 6364 6382 2122 2006 6365 6383 2123 2006 6365 6383 2123 2007 6366 6384 2124 2007 6366 6384 2124 2008 6367 6385 2125 2008 6367 6385 2125 2009 6368 6386 2126 2009 6368 6386 2126 2010 6369 6387 2127 2010 6369 6387 2127 2011 6370 6388 2128 6372 2014 2129 6389 6373 2016 2131 6390 6373 2016 2131 6390 6374 2018 2133 6391 6374 2018 2133 6391 6375 2020 2135 6392 6375 2020 2135 6392 6376 2022 2137 6393 6376 2022 2137 6393 6377 2024 2139 6394 6377 2024 2139 6394 6378 2026 2141 6395 6378 2026 2141 6395 6379 2028 2143 6396 2121 6381 6397 2225 2122 6382 6398 2226 2122 6382 6398 2226 2123 6383 6399 2227 2123 6383 6399 2227 2124 6384 6400 2228 2124 6384 6400 2228 2125 6385 6401 2229 2125 6385 6401 2229 2126 6386 6402 2230 2126 6386 6402 2230 2127 6387 6403 2231 2127 6387 6403 2231 2128 6388 6404 2232 6389 2129 2233 6405 6390 2131 2235 6406 6390 2131 2235 6406 6391 2133 2237 6407 6391 2133 2237 6407 6392 2135 2239 6408 6392 2135 2239 6408 6393 2137 2241 6409 6393 2137 2241 6409 6394 2139 2243 6410 6394 2139 2243 6410 6395 2141 2245 6411 6395 2141 2245 6411 6396 2143 2247 6412 6396 6412 6413 2143 2247 2249 2225 6397 6414 2341 2226 6398 6415 2342 2226 6398 6415 2342 2227 6399 6416 2343 2227 6399 6416 2343 2228 6400 6417 2344 2228 6400 6417 2344 2229 6401 6418 2345 2229 6401 6418 2345 2230 6402 6419 2346 2230 6402 6419 2346 2231 6403 6420 2347 2231 6403 6420 2347 2232 6404 6421 2348 2232 2348 2349 6404 6421 6422 6405 2233 2350 6423 6406 2235 2352 6424 6406 2235 2352 6424 6407 2237 2354 6425 6407 2237 2354 6425 6408 2239 2356 6426 6408 2239 2356 6426 6409 2241 2358 6427 6409 2241 2358 6427 6410 2243 2360 6428 6410 2243 2360 6428 6411 2245 2362 6429 6411 2245 2362 6429 6412 2247 2364 6430 6412 2247 2364 6430 6413 2249 2366 6431 2341 6414 6432 2458 2342 6415 6433 2459 2342 6415 6433 2459 2343 6416 6434 2460 2343 6416 6434 2460 2344 6417 6435 2461 2344 6417 6435 2461 2345 6418 6436 2462 2345 6418 6436 2462 2346 6419 6437 2463 2346 6419 6437 2463 2347 6420 6438 2464 2347 6420 6438 2464 2348 6421 6439 2465 2348 6421 6439 2465 2349 6422 6440 2466 6424 2352 2467 6441 6425 2354 2469 6442 6425 2354 2469 6442 6426 2356 2471 6443 6426 2356 2471 6443 6427 2358 2473 6444 6427 2358 2473 6444 6428 2360 2475 6445 6428 2360 2475 6445 6429 2362 2477 6446 6429 2362 2477 6446 6430 2364 2479 6447 6430 2364 2479 6447 6431 2366 2481 6448 2459 6433 6449 2563 2460 6434 6450 2564 2460 6434 6450 2564 2461 6435 6451 2565 2461 6435 6451 2565 2462 6436 6452 2566 2462 6436 6452 2566 2463 6437 6453 2567 2463 6437 6453 2567 2464 6438 6454 2568 2464 6438 6454 2568 2465 6439 6455 2569 2465 6439 6455 2569 2466 6440 6456 2570 6441 2467 2571 6457 6442 2469 2573 6458 6442 2469 2573 6458 6443 2471 2575 6459 6443 2471 2575 6459 6444 2473 2577 6460 6444 2473 2577 6460 6445 2475 2579 6461 6445 2475 2579 6461 6446 2477 2581 6462 6446 2477 2581 6462 6447 2479 2583 6463 6447 2479 2583 6463 6448 2481 2585 6464 2563 6449 6465 2667 2564 6450 6466 2668 2564 6450 6466 2668 2565 6451 6467 2669 2565 6451 6467 2669 2566 6452 6468 2670 2566 6452 6468 2670 2567 6453 6469 2671 2567 6453 6469 2671 2568 6454 6470 2672 2568 6454 6470 2672 2569 6455 6471 2673 2569 6455 6471 2673 2570 6456 6472 2674 6457 2571 2675 6473 6458 2573 2677 6474 6458 2573 2677 6474 6459 2575 2679 6475 6459 2575 2679 6475 6460 2577 2681 6476 6460 2577 2681 6476 6461 2579 2683 6477 6461 2579 2683 6477 6462 2581 2685 6478 6462 2581 2685 6478 6463 2583 2687 6479 6463 2583 2687 6479 6464 2585 2689 6480 6464 6480 6481 2585 2689 2691 2667 6465 6482 2783 2668 6466 6483 2784 2668 6466 6483 2784 2669 6467 6484 2785 2669 6467 6484 2785 2670 6468 6485 2786 2670 6468 6485 2786 2671 6469 6486 2787 2671 6469 6486 2787 2672 6470 6487 2788 2672 6470 6487 2788 2673 6471 6488 2789 2673 6471 6488 2789 2674 6472 6489 2790 2674 2790 2791 6472 6489 6490 6474 2677 2792 6491 6475 2679 2794 6492 6475 2679 2794 6492 6476 2681 2796 6493 6476 2681 2796 6493 6477 2683 2798 6494 6477 2683 2798 6494 6478 2685 2800 6495 6478 2685 2800 6495 6479 2687 2802 6496 6479 2687 2802 6496 6480 2689 2804 6497 6480 2689 2804 6497 6481 2691 2806 6498 2784 6483 6499 2888 2785 6484 6500 2889 2785 6484 6500 2889 2786 6485 6501 2890 2786 6485 6501 2890 2787 6486 6502 2891 2787 6486 6502 2891 2788 6487 6503 2892 2788 6487 6503 2892 2789 6488 6504 2893 2789 6488 6504 2893 2790 6489 6505 2894 2790 6489 6505 2894 2791 6490 6506 2895 6491 2792 2896 6507 6492 2794 2898 6508 6492 2794 2898 6508 6493 2796 2900 6509 6493 2796 2900 6509 6494 2798 2902 6510 6494 2798 2902 6510 6495 2800 2904 6511 6495 2800 2904 6511 6496 2802 2906 6512 6496 2802 2906 6512 6497 2804 2908 6513 6497 2804 2908 6513 6498 2806 2910 6514 2888 6499 6515 2992 2889 6500 6516 2993 2889 6500 6516 2993 2890 6501 6517 2994 2890 6501 6517 2994 2891 6502 6518 2995 2891 6502 6518 2995 2892 6503 6519 2996 2892 6503 6519 2996 2893 6504 6520 2997 2893 6504 6520 2997 2894 6505 6521 2998 2894 6505 6521 2998 2895 6506 6522 2999 6507 2896 3000 6523 6508 2898 3002 6524 6508 2898 3002 6524 6509 2900 3004 6525 6509 2900 3004 6525 6510 2902 3006 6526 6510 2902 3006 6526 6511 2904 3008 6527 6511 2904 3008 6527 6512 2906 3010 6528 6512 2906 3010 6528 6513 2908 3012 6529 6513 2908 3012 6529 6514 2910 3014 6530 2992 6515 6531 3096 2993 6516 6532 3097 2993 6516 6532 3097 2994 6517 6533 3098 2994 6517 6533 3098 2995 6518 6534 3099 2995 6518 6534 3099 2996 6519 6535 3100 2996 6519 6535 3100 2997 6520 6536 3101 2997 6520 6536 3101 2998 6521 6537 3102 2998 6521 6537 3102 2999 6522 6538 3103 6524 3002 3104 6539 6525 3004 3106 6540 6525 3004 3106 6540 6526 3006 3108 6541 6526 3006 3108 6541 6527 3008 3110 6542 6527 3008 3110 6542 6528 3010 3112 6543 6528 3010 3112 6543 6529 3012 3114 6544 6529 3012 3114 6544 6530 3014 3116 6545 6530 6545 6546 3014 3116 3118 3097 6532 6547 3200 3098 6533 6548 3201 3098 6533 6548 3201 3099 6534 6549 3202 3099 6534 6549 3202 3100 6535 6550 3203 3100 6535 6550 3203 3101 6536 6551 3204 3101 6536 6551 3204 3102 6537 6552 3205 3102 6537 6552 3205 3103 6538 6553 3206 3103 3206 3207 6538 6553 6554 6539 3104 3208 6555 6540 3106 3210 6556 6540 3106 3210 6556 6541 3108 3212 6557 6541 3108 3212 6557 6542 3110 3214 6558 6542 3110 3214 6558 6543 3112 3216 6559 6543 3112 3216 6559 6544 3114 3218 6560 6544 3114 3218 6560 6545 3116 3220 6561 6545 3116 3220 6561 6546 3118 3222 6562 3200 6547 6563 3304 3201 6548 6564 3305 3201 6548 6564 3305 3202 6549 6565 3306 3202 6549 6565 3306 3203 6550 6566 3307 3203 6550 6566 3307 3204 6551 6567 3308 3204 6551 6567 3308 3205 6552 6568 3309 3205 6552 6568 3309 3206 6553 6569 3310 3206 6553 6569 3310 3207 6554 6570 3311 6555 3208 3312 6571 6556 3210 3314 6572 6556 3210 3314 6572 6557 3212 3316 6573 6557 3212 3316 6573 6558 3214 3318 6574 6558 3214 3318 6574 6559 3216 3320 6575 6559 3216 3320 6575 6560 3218 3322 6576 6560 3218 3322 6576 6561 3220 3324 6577 6561 3220 3324 6577 6562 3222 3326 6578 3304 6563 6579 3408 3305 6564 6580 3409 3305 6564 6580 3409 3306 6565 6581 3410 3306 6565 6581 3410 3307 6566 6582 3411 3307 6566 6582 3411 3308 6567 6583 3412 3308 6567 6583 3412 3309 6568 6584 3413 3309 6568 6584 3413 3310 6569 6585 3414 3310 6569 6585 3414 3311 6570 6586 3415 6571 3312 3416 6587 6572 3314 3418 6588 6572 3314 3418 6588 6573 3316 3420 6589 6573 3316 3420 6589 6574 3318 3422 6590 6574 3318 3422 6590 6575 3320 3424 6591 6575 3320 3424 6591 6576 3322 3426 6592 6576 3322 3426 6592 6577 3324 3428 6593 6577 3324 3428 6593 6578 3326 3430 6594 3408 6579 6595 3512 3409 6580 6596 3513 3409 6580 6596 3513 3410 6581 6597 3514 3410 6581 6597 3514 3411 6582 6598 3515 3411 6582 6598 3515 3412 6583 6599 3516 3412 6583 6599 3516 3413 6584 6600 3517 3413 6584 6600 3517 3414 6585 6601 3518 3414 6585 6601 3518 3415 6586 6602 3519 6588 3418 3520 6603 6589 3420 3522 6604 6589 3420 3522 6604 6590 3422 3524 6605 6590 3422 3524 6605 6591 3424 3526 6606 6591 3424 3526 6606 6592 3426 3528 6607 6592 3426 3528 6607 6593 3428 3530 6608 6593 3428 3530 6608 6594 3430 3532 6609 3513 6596 6610 3604 3514 6597 6611 3605 3514 6597 6611 3605 3515 6598 6612 3606 3515 6598 6612 3606 3516 6599 6613 3607 3516 6599 6613 3607 3517 6600 6614 3608 3517 6600 6614 3608 3518 6601 6615 3609 3518 6601 6615 3609 3519 6602 6616 3610 6603 3520 3611 6617 6604 3522 3613 6618 6604 3522 3613 6618 6605 3524 3615 6619 6605 3524 3615 6619 6606 3526 3617 6620 6606 3526 3617 6620 6607 3528 3619 6621 6607 3528 3619 6621 6608 3530 3621 6622 6608 3530 3621 6622 6609 3532 3623 6623 6609 6623 6624 3532 3623 3625 3604 6610 6625 3707 3605 6611 6626 3708 3605 6611 6626 3708 3606 6612 6627 3709 3606 6612 6627 3709 3607 6613 6628 3710 3607 6613 6628 3710 3608 6614 6629 3711 3608 6614 6629 3711 3609 6615 6630 3712 3609 6615 6630 3712 3610 6616 6631 3713 3610 3713 3714 6616 6631 6632 6617 3611 3715 6633 6618 3613 3717 6634 6618 3613 3717 6634 6619 3615 3719 6635 6619 3615 3719 6635 6620 3617 3721 6636 6620 3617 3721 6636 6621 3619 3723 6637 6621 3619 3723 6637 6622 3621 3725 6638 6622 3621 3725 6638 6623 3623 3727 6639 6623 3623 3727 6639 6624 3625 3729 6640 3707 6625 6641 3811 3708 6626 6642 3812 3708 6626 6642 3812 3709 6627 6643 3813 3709 6627 6643 3813 3710 6628 6644 3814 3710 6628 6644 3814 3711 6629 6645 3815 3711 6629 6645 3815 3712 6630 6646 3816 3712 6630 6646 3816 3713 6631 6647 3817 3713 6631 6647 3817 3714 6632 6648 3818 6634 3717 3819 6649 6635 3719 3821 6650 6635 3719 3821 6650 6636 3721 3823 6651 6636 3721 3823 6651 6637 3723 3825 6652 6637 3723 3825 6652 6638 3725 3827 6653 6638 3725 3827 6653 6639 3727 3829 6654 6639 3727 3829 6654 6640 3729 3831 6655 3812 6642 6656 3903 3813 6643 6657 3904 3813 6643 6657 3904 3814 6644 6658 3905 3814 6644 6658 3905 3815 6645 6659 3906 3815 6645 6659 3906 3816 6646 6660 3907 3816 6646 6660 3907 3817 6647 6661 3908 3817 6647 6661 3908 3818 6648 6662 3909 6649 3819 3910 6663 6650 3821 3912 6664 6650 3821 3912 6664 6651 3823 3914 6665 6651 3823 3914 6665 6652 3825 3916 6666 6652 3825 3916 6666 6653 3827 3918 6667 6653 3827 3918 6667 6654 3829 3920 6668 6654 3829 3920 6668 6655 3831 3922 6669 3903 6656 6670 3994 3904 6657 6671 3995 3904 6657 6671 3995 3905 6658 6672 3996 3905 6658 6672 3996 3906 6659 6673 3997 3906 6659 6673 3997 3907 6660 6674 3998 3907 6660 6674 3998 3908 6661 6675 3999 3908 6661 6675 3999 3909 6662 6676 4000 6663 3910 4001 6677 6664 3912 4003 6678 6664 3912 4003 6678 6665 3914 4005 6679 6665 3914 4005 6679 6666 3916 4007 6680 6666 3916 4007 6680 6667 3918 4009 6681 6667 3918 4009 6681 6668 3920 4011 6682 6668 3920 4011 6682 6669 3922 4013 6683 3994 6670 6684 4085 3995 6671 6685 4086 3995 6671 6685 4086 3996 6672 6686 4087 3996 6672 6686 4087 3997 6673 6687 4088 3997 6673 6687 4088 3998 6674 6688 4089 3998 6674 6688 4089 3999 6675 6689 4090 3999 6675 6689 4090 4000 6676 6690 4091 6678 4003 4092 6691 6679 4005 4094 6692 6679 4005 4094 6692 6680 4007 4096 6693 6680 4007 4096 6693 6681 4009 4098 6694 6681 4009 4098 6694 6682 4011 4100 6695 6682 4011 4100 6695 6683 4013 4102 6696 6683 6696 6697 4013 4102 4104 4086 6685 6698 4176 4087 6686 6699 4177 4087 6686 6699 4177 4088 6687 6700 4178 4088 6687 6700 4178 4089 6688 6701 4179 4089 6688 6701 4179 4090 6689 6702 4180 4090 6689 6702 4180 4091 6690 6703 4181 4091 4181 4182 6690 6703 6704 6691 4092 4183 6705 6692 4094 4185 6706 6692 4094 4185 6706 6693 4096 4187 6707 6693 4096 4187 6707 6694 4098 4189 6708 6694 4098 4189 6708 6695 4100 4191 6709 6695 4100 4191 6709 6696 4102 4193 6710 6696 4102 4193 6710 6697 4104 4195 6711 4176 6698 6712 4267 4177 6699 6713 4268 4177 6699 6713 4268 4178 6700 6714 4269 4178 6700 6714 4269 4179 6701 6715 4270 4179 6701 6715 4270 4180 6702 6716 4271 4180 6702 6716 4271 4181 6703 6717 4272 4181 6703 6717 4272 4182 6704 6718 4273 6705 4183 4274 6719 6706 4185 4276 6720 6706 4185 4276 6720 6707 4187 4278 6721 6707 4187 4278 6721 6708 4189 4280 6722 6708 4189 4280 6722 6709 4191 4282 6723 6709 4191 4282 6723 6710 4193 4284 6724 6710 4193 4284 6724 6711 4195 4286 6725 4267 6712 6726 4358 4268 6713 6727 4359 4268 6713 6727 4359 4269 6714 6728 4360 4269 6714 6728 4360 4270 6715 6729 4361 4270 6715 6729 4361 4271 6716 6730 4362 4271 6716 6730 4362 4272 6717 6731 4363 4272 6717 6731 4363 4273 6718 6732 4364 6720 4276 4365 6733 6721 4278 4367 6734 6721 4278 4367 6734 6722 4280 4369 6735 6722 4280 4369 6735 6723 4282 4371 6736 6723 4282 4371 6736 6724 4284 4373 6737 6724 4284 4373 6737 6725 4286 4375 6738 4359 6727 6739 4437 4360 6728 6740 4438 4360 6728 6740 4438 4361 6729 6741 4439 4361 6729 6741 4439 4362 6730 6742 4440 4362 6730 6742 4440 4363 6731 6743 4441 4363 6731 6743 4441 4364 6732 6744 4442 6733 4365 4443 6745 6734 4367 4445 6746 6734 4367 4445 6746 6735 4369 4447 6747 6735 4369 4447 6747 6736 4371 4449 6748 6736 4371 4449 6748 6737 4373 4451 6749 6737 4373 4451 6749 6738 4375 4453 6750 4437 6739 6751 4515 4438 6740 6752 4516 4438 6740 6752 4516 4439 6741 6753 4517 4439 6741 6753 4517 4440 6742 6754 4518 4440 6742 6754 4518 4441 6743 6755 4519 4441 6743 6755 4519 4442 6744 6756 4520 6745 4443 4521 6757 6746 4445 4523 6758 6746 4445 4523 6758 6747 4447 4525 6759 6747 4447 4525 6759 6748 4449 4527 6760 6748 4449 4527 6760 6749 4451 4529 6761 6749 4451 4529 6761 6750 4453 4531 6762 6750 6762 6763 4453 4531 4533 4515 6751 6764 4605 4516 6752 6765 4606 4516 6752 6765 4606 4517 6753 6766 4607 4517 6753 6766 4607 4518 6754 6767 4608 4518 6754 6767 4608 4519 6755 6768 4609 4519 6755 6768 4609 4520 6756 6769 4610 4520 4610 4611 6756 6769 6770 6757 4521 4612 6771 6758 4523 4614 6772 6758 4523 4614 6772 6759 4525 4616 6773 6759 4525 4616 6773 6760 4527 4618 6774 6760 4527 4618 6774 6761 4529 4620 6775 6761 4529 4620 6775 6762 4531 4622 6776 6762 4531 4622 6776 6763 4533 4624 6777 4605 6764 6778 4696 4606 6765 6779 4697 4606 6765 6779 4697 4607 6766 6780 4698 4607 6766 6780 4698 4608 6767 6781 4699 4608 6767 6781 4699 4609 6768 6782 4700 4609 6768 6782 4700 4610 6769 6783 4701 4610 6769 6783 4701 4611 6770 6784 4702 6772 4703 4704 6785 6773 4707 4708 6786 6773 4707 4708 6786 6774 4711 4712 6787 6774 4711 4712 6787 6775 4715 4716 6788 6775 4715 4716 6788 6776 4719 4720 6789 6776 4719 4720 6789 6777 4723 4724 6790 4697 6779 6791 4847 4698 6780 6792 4848 4698 6780 6792 4848 4699 6781 6793 4849 4699 6781 6793 4849 4700 6782 6794 4850 4700 6782 6794 4850 4701 6783 6795 4851 4701 6783 6795 4851 4702 6784 6796 4852 6785 4704 4853 6797 6786 4708 4855 6798 6786 4708 4855 6798 6787 4712 4857 6799 6787 4712 4857 6799 6788 4716 4859 6800 6788 4716 4859 6800 6789 4720 4861 6801 6789 4720 4861 6801 6790 4724 4863 6802 4847 6791 6803 4925 4848 6792 6804 4926 4848 6792 6804 4926 4849 6793 6805 4927 4849 6793 6805 4927 4850 6794 6806 4928 4850 6794 6806 4928 4851 6795 6807 4929 4851 6795 6807 4929 4852 6796 6808 4930 6797 4853 4931 6809 6798 4855 4933 6810 6798 4855 4933 6810 6799 4857 4935 6811 6799 4857 4935 6811 6800 4859 4937 6812 6800 4859 4937 6812 6801 4861 4939 6813 6801 4861 4939 6813 6802 4863 4941 6814 4925 6803 6815 5003 4926 6804 6816 5004 4926 6804 6816 5004 4927 6805 6817 5005 4927 6805 6817 5005 4928 6806 6818 5006 4928 6806 6818 5006 4929 6807 6819 5007 4929 6807 6819 5007 4930 6808 6820 5008 6810 5009 5010 6821 6811 5013 5014 6822 6811 5013 5014 6822 6812 5017 5018 6823 6812 5017 5018 6823 6813 5021 5022 6824 6813 5021 5022 6824 6814 5025 5026 6825 5004 6816 6826 5129 5005 6817 6827 5130 5005 6817 6827 5130 5006 6818 6828 5131 5006 6818 6828 5131 5007 6819 6829 5132 5007 6819 6829 5132 5008 6820 6830 5133 6821 5010 5134 6831 6822 5014 5136 6832 6822 5014 5136 6832 6823 5018 5138 6833 6823 5018 5138 6833 6824 5022 5140 6834 6824 5022 5140 6834 6825 5026 5142 6835 6825 6835 6836 5026 5142 5144 5129 6826 6837 5206 5130 6827 6838 5207 5130 6827 6838 5207 5131 6828 6839 5208 5131 6828 6839 5208 5132 6829 6840 5209 5132 6829 6840 5209 5133 6830 6841 5210 5133 5210 5211 6830 6841 6842 6831 5134 5212 6843 6832 5136 5214 6844 6832 5136 5214 6844 6833 5138 5216 6845 6833 5138 5216 6845 6834 5140 5218 6846 6834 5140 5218 6846 6835 5142 5220 6847 6835 5142 5220 6847 6836 5144 5222 6848 5206 6837 6849 5284 5207 6838 6850 5285 5207 6838 6850 5285 5208 6839 6851 5286 5208 6839 6851 5286 5209 6840 6852 5287 5209 6840 6852 5287 5210 6841 6853 5288 5210 6841 6853 5288 5211 6842 6854 5289 6843 5212 5290 6855 6844 5214 5292 6856 6844 5214 5292 6856 6845 5216 5294 6857 6845 5216 5294 6857 6846 5218 5296 6858 6846 5218 5296 6858 6847 5220 5298 6859 6847 5220 5298 6859 6848 5222 5300 6860 5284 6849 6861 5362 5285 6850 6862 5363 5285 6850 6862 5363 5286 6851 6863 5364 5286 6851 6863 5364 5287 6852 6864 5365 5287 6852 6864 5365 5288 6853 6865 5366 5288 6853 6865 5366 5289 6854 6866 5367 6856 5368 5369 6867 6857 5372 5373 6868 6857 5372 5373 6868 6858 5376 5377 6869 6858 5376 5377 6869 6859 5380 5381 6870 6859 5380 5381 6870 6860 5384 5385 6871 5363 6862 6872 5488 5364 6863 6873 5489 5364 6863 6873 5489 5365 6864 6874 5490 5365 6864 6874 5490 5366 6865 6875 5491 5366 6865 6875 5491 5367 6866 6876 5492 6867 5369 5493 6877 6868 5373 5495 6878 6868 5373 5495 6878 6869 5377 5497 6879 6869 5377 5497 6879 6870 5381 5499 6880 6870 5381 5499 6880 6871 5385 5501 6881 5488 6872 6882 5553 5489 6873 6883 5554 5489 6873 6883 5554 5490 6874 6884 5555 5490 6874 6884 5555 5491 6875 6885 5556 5491 6875 6885 5556 5492 6876 6886 5557 6877 5493 5558 6887 6878 5495 5560 6888 6878 5495 5560 6888 6879 5497 5562 6889 6879 5497 5562 6889 6880 5499 5564 6890 6880 5499 5564 6890 6881 5501 5566 6891 5553 6882 6892 5618 5554 6883 6893 5619 5554 6883 6893 5619 5555 6884 6894 5620 5555 6884 6894 5620 5556 6885 6895 5621 5556 6885 6895 5621 5557 6886 6896 5622 6888 5623 5624 6897 6889 5627 5628 6898 6889 5627 5628 6898 6890 5631 5632 6899 6890 5631 5632 6899 6891 5635 5636 6900 5619 6893 6901 5719 5620 6894 6902 5720 5620 6894 6902 5720 5621 6895 6903 5721 5621 6895 6903 5721 5622 6896 6904 5722 6897 5624 5723 6905 6898 5628 5725 6906 6898 5628 5725 6906 6899 5632 5727 6907 6899 5632 5727 6907 6900 5636 5729 6908 6900 6908 6909 5636 5729 5731 5719 6901 6910 5783 5720 6902 6911 5784 5720 6902 6911 5784 5721 6903 6912 5785 5721 6903 6912 5785 5722 6904 6913 5786 5722 5786 5787 6904 6913 6914 6905 5723 5788 6915 6906 5725 5790 6916 6906 5725 5790 6916 6907 5727 5792 6917 6907 5727 5792 6917 6908 5729 5794 6918 6908 5729 5794 6918 6909 5731 5796 6919 5783 6910 6920 5848 5784 6911 6921 5849 5784 6911 6921 5849 5785 6912 6922 5850 5785 6912 6922 5850 5786 6913 6923 5851 5786 6913 6923 5851 5787 6914 6924 5852 6916 5853 5854 6925 6917 5857 5858 6926 6917 5857 5858 6926 6918 5861 5862 6927 6918 5861 5862 6927 6919 5865 5866 6928 5849 6921 6929 5949 5850 6922 6930 5950 5850 6922 6930 5950 5851 6923 6931 5951 5851 6923 6931 5951 5852 6924 6932 5952 6925 5854 5953 6933 6926 5858 5955 6934 6926 5858 5955 6934 6927 5862 5957 6935 6927 5862 5957 6935 6928 5866 5959 6936 5949 6929 6937 6001 5950 6930 6938 6002 5950 6930 6938 6002 5951 6931 6939 6003 5951 6931 6939 6003 5952 6932 6940 6004 6933 5953 6005 6941 6934 5955 6007 6942 6934 5955 6007 6942 6935 5957 6009 6943 6935 5957 6009 6943 6936 5959 6011 6944 6001 6937 6945 6053 6002 6938 6946 6054 6002 6938 6946 6054 6003 6939 6947 6055 6003 6939 6947 6055 6004 6940 6948 6056 6054 6946 6949 6057 6055 6947 6950 6058 6055 6947 6950 6058 6056 6948 6951 6059</DataArray>
        <DataArray type="Int32" Name="offsets" format="ascii">6 12 18 24 30 36 42 48 54 60 66 72 80 88 96 104 112 120 128 136 144 152 160 168 176 184 192 200 208 216 224 232 240 248 256 264 272 280 288 296 304 312 320 328 336 344 352 360 368 376 384 392 400 408 416 424 432 440 448 456 464 472 480 488 496 504 512 520 528 536 544 552 560 568 576 584 592 600 608 616 624 632 640 648 656 664 672 680 688 696 704 712 720 728 736 744 752 760 768 776 784 792 800 808 816 824 832 840 848 856 864 872 880 888 896 904 912 920 928 936 944 952 960 968 976 984 992 1000 1008 1016 1024 1032 1040 1048 1056 1064 1072 1080 1088 1096 1104 1112 1120 1128 1136 1144 1152 1160 1168 1176 1184 1192 1200 1208 1216 1224 1232 1240 1248 1256 1264 1272 1280 1288 1296 1304 1312 1320 1328 1336 1344 1352 1360 1368 1376 1384 1392 1400 1408 1414 1422 1430 1438 1446 1454 1462 1470 1478 1484 1492 1500 1508 1516 1524 1532 1540 1548 1554 1562 1570 1578 1586 1594 1602 1610 1618 1624 1632 1640 1648 1656 1664 1672 1680 1688 1694 1702 1710 1718 1726 1734 1742 1750 1758 1764 1772 1780 1788 1796 1804 1812 1820 1828 1834 1842 1850 1858 1866 1874 1882 1890 1898 1904 1912 1920 1928 1936 1944 1952 1960 1968 1974 1982 1990 1998 2006 2014 2022 2030 2038 2044 2052 2060 2068 2076 2084 2092 2100 2108 2114 2122 2130 2138 2146 2154 2162 2170 2178 2184 2192 2200 2208 2216 2224 2232 2240 2248 2256 2264 2272 2280 2288 2296 2304 2312 2320 2328 2336 2344 2352 2360 2368 2376 2384 2392 2400 2408 2416 2424 2432 2440 2448 2456 2464 2472 2480 2488 2496 2504 2512 2520 2528 2536 2544 2552 2560 2568 2576 2584 2592 2600 2608 2616 2624 2632 2640 2648 2656 2664 2672 2680 2688 2696 2704 2712 2720 2728 2736 2744 2752 2760 2768 2776 2784 2792 2800 2808 2816 2824 2832 2840 2848 2856 2864 2872 2880 2888 2896 2904 2912 2920 2928 2936 2944 2952 2960 2968 2976 2984 2992 3000 3008 3016 3024 3032 3040 3048 3056 3064 3072 3080 3088 3096 3104 3112 3120 3128 3136 3144 3152 3160 3168 3176 3184 3192 3200 3208 3216 3224 3232 3240 3248 3256 3264 3272 3280 3288 3296 3304 3312 3320 3328 3336 3344 3352 3360 3368 3376 3384 3392 3400 3408 3416 3424 3432 3440 3448 3456 3464 3472 3480 3488 3496 3504 3512 3520 3528 3536 3544 3552 3560 3568 3576 3584 3592 3600 3608 3616 3624 3632 3640 3648 3656 3664 3672 3680 3688 3696 3704 3712 3720 3728 3736 3744 3752 3760 3768 3776 3784 3792 3800 3808 3816 3824 3832 3840 3848 3856 3864 3872 3880 3888 3896 3904 3912 3920 3928 3936 3944 3952 3960 3968 3976 3984 3992 4000 4008 4016 4024 4032 4040 4048 4056 4064 4072 4080 4088 4096 4104 4112 4120 4128 4136 4144 4152 4160 4168 4176 4184 4192 4200 4208 4216 4224 4232 4240 4248 4256 4264 4272 4280 4288 4296 4304 4312 4320 4328 4336 4344 4352 4360 4368 4376 4384 4392 4400 4408 4416 4424 4432 4440 4448 4456 4464 4472 4480 4488 4496 4504 4512 4520 4528 4536 4544 4552 4560 4568 4576 4584 4592 4600 4608 4616 4624 4632 4640 4648 4654 4662 4670 4678 4686 4694 4702 4710 4718 4724 4732 4740 4748 4756 4764 4772 4780 4788 4794 4802 4810 4818 4826 4834 4842 4850 4858 4864 4872 4880 4888 4896 4904 4912 4920 4928 4934 4942 4950 4958 4966 4974 4982 4990 4998 5004 5012 5020 5028 5036 5044 5052 5060 5068 5074 5082 5090 5098 5106 5114 5122 5130 5138 5144 5152 5160 5168 5176 5184 5192 5200 5208 5214 5222 5230 5238 5246 5254 5262 5270 5278 5284 5292 5300 5308 5316 5324 5332 5340 5348 5354 5362 5370 5378 5386 5394 5402 5410 5418 5424 5432 5440 5448 5456 5464 5472 5480 5488 5496 5504 5512 5520 5528 5536 5544 5552 5560 5568 5576 5584 5592 5600 5608 5616 5624 5632 5640 5648 5656 5664 5672 5680 5688 5696 5704 5712 5720 5728 5736 5744 5752 5760 5768 5776 5784 5792 5800 5808 5816 5824 5832 5840 5848 5856 5864 5872 5880 5888 5896 5904 5912 5920 5928 5936 5944 5952 5960 5968 5976 5984 5992 6000 6008 6016 6024 6032 6040 6048 6056 6064 6072 6080 6088 6096 6104 6112 6120 6128 6136 6144 6152 6160 6168 6176 6184 6192 6200 6208 6216 6224 6232 6240 6248 6256 6264 6272 6280 6288 6296 6304 6312 6320 6328 6336 6344 6352 6360 6368 6376 6384 6392 6400 6408 6416 6424 6432 6440 6448 6456 6464 6472 6480 6488 6496 6504 6512 6520 6528 6536 6544 6552 6560 6568 6576 6584 6592 6600 6608 6616 6624 6632 6640 6648 6656 6664 6672 6680 6688 6696 6704 6712 6720 6728 6736 6744 6752 6760 6768 6776 6784 6792 6800 6808 6816 6824 6832 6840 6848 6856 6864 6872 6880 6888 6896 6904 6912 6920 6928 6936 6944 6952 6960 6968 6976 6984 6992 7000 7008 7016 7024 7032 7040 7048 7056 7064 7072 7080 7088 7096 7104 7112 7120 7128 7136 7144 7152 7160 7168 7176 7184 7192 7200 7208 7216 7224 7232 7240 7248 7256 7264 7272 7280 7288 7296 7304 7312 7320 7328 7336 7344 7352 7360 7368 7376 7384 7392 7400 7408 7416 7424 7432 7440 7448 7456 7464 7472 7480 7488 7496 7504 7512 7520 7528 7536 7544 7552 7560 7568 7576 7584 7592 7600 7608 7616 7624 7632 7640 7648 7656 7664 7672 7680 7688 7696 7704 7712 7720 7728 7736 7744 7752 7760 7768 7776 7784 7790 7798 7806 7814 7822 7830 7838 7846 7852 7860 7868 7876 7884 7892 7900 7908 7914 7922 7930 7938 7946 7954 7962 7970 7976 7984 7992 8000 8008 8016 8024 8032 8038 8046 8054 8062 8070 8078 8086 8094 8100 8108 8116 8124 8132 8140 8148 8156 8162 8170 8178 8186 8194 8202 8210 8218 8224 8232 8240 8248 8256 8264 8272 8280 8286 8294 8302 8310 8318 8326 8334 8342 8348 8356 8364 8372 8380 8388 8396 8404 8410 8418 8426 8434 8442 8450 8458 8466 8472 8480 8488 8496 8504 8512 8520 8528 8536 8544 8552 8560 8568 8576 8584 8592 8600 8608 8616 8624 8632 8640 8648 8656 8664 8672 8680 8688 8696 8704 8712 8720 8728 8736 8744 8752 8760 8768 8776 8784 8792 8800 8808 8816 8824 8832 8840 8848 8856 8864 8872 8880 8888 8896 8904 8912 8920 8928 8936 8944 8952 8960 8968 8976 8984 8992 9000 9008 9016 9024 9032 9040 9048 9056 9064 9072 9080 9088 9096 9104 9112 9120 9128 9136 9144 9152 9160 9168 9176 9184 9192 9200 9208 9216 9224 9232 9240 9248 9256 9264 9272 9280 9288 9296 9304 9312 9320 9328 9336 9344 9352 9360 9368 9376 9384 9392 9400 9408 9416 9424 9432 9440 9448 9456 9464 9472 9480 9488 9496 9504 9512 9520 9528 9536 9544 9552 9560 9568 9576 9584 9592 9600 9608 9616 9624 9632 9640 9648 9656 9664 9672 9680 9688 9696 9704 9712 9720 9728 9736 9744 9752 9760 9768 9776 9784 9792 9800 9808 9816 9824 9832 9840 9848 9856 9864 9872 9880 9888 9896 9904 9912 9920 9928 9936 9944 9952 9960 9968 9976 9984 9992 10000 10008 10016 10024 10032 10040 10048 10056 10064 10072 10080 10088 10096 10104 10112 10120 10128 10136 10144 10152 10160 10168 10176 10184 10192 10200 10208 10216 10224 10232 10240 10248 10256 10264 10272 10280 10288 10296 10304 10312 10320 10328 10336 10344 10352 10360 10368 10376 10384 10392 10400 10408 10416 10424 10432 10440 10448 10456 10464 10472 10480 10488 10496 10504 10512 10520 10528 10536 10544 10552 10560 10568 10576 10584 10592 10600 10608 10616 10624 10632 10640 10648 10656 10664 10672 10680 10688 10696 10704 10712 10720 10728 10736 10744 10752 10760 10768 10776 10784 10792 10800 10808 10816 10824 10832 10838 10846 10854 10862 10870 10878 10886 10894 10900 10908 10916 10924 10932 10940 10948 10956 10962 10970 10978 10986 10994 11002 11010 11018 11024 11032 11040 11048 11056 11064 11072 11080 11086 11094 11102 11110 11118 11126 11134 11142 11148 11156 11164 11172 11180 11188 11196 11204 11210 11218 11226 11234 11242 11250 11258 11266 11272 11280 11288 11296 11304 11312 11320 11328 11334 11342 11350 11358 11366 11374 11382 11390 11396 11404 11412 11420 11428 11436 11444 11452 11458 11466 11474 11482 11490 11498 11506 11514 11520 11528 11536 11544 11552 11560 11568 11576 11584 11592 11600 11608 11616 11624 11632 11640 11648 11656 11664 11672 11680 11688 11696 11704 11712 11720 11728 11736 11744 11752 11760 11768 11776 11784 11792 11800 11808 11816 11824 11832 11840 11848 11856 11864 11872 11880 11888 11896 11904 11912 11920 11928 11936 11944 11952 11960 11968 11976 11984 11992 12000 12008 12016 12024 12032 12040 12048 12056 12064 12072 12080 12088 12096 12104 12112 12120 12128 12136 12144 12152 12160 12168 12176 12184 12192 12200 12208 12216 12224 12232 12240 12248 12256 12264 12272 12280 12288 12296 12304 12312 12320 12328 12336 12344 12352 12360 12368 12376 12384 12392 12400 12408 12416 12424 12432 12440 12448 12456 12464 12472 12480 12488 12496 12504 12512 12520 12528 12536 12544 12552 12560 12568 12576 12584 12592 12600 12608 12616 12624 12632 12640 12648 12656 12664 12672 12680 12688 12696 12704 12712 12720 12728 12736 12744 12752 12760 12768 12776 12784 12792 12800 12808 12816 12824 12832 12840 12848 12856 12864 12872 12880 12888 12896 12904 12912 12920 12928 12936 12944 12952 12960 12968 12976 12984 12992 13000 13008 13016 13024 13032 13040 13048 13056 13064 13072 13080 13088 13096 13104 13112 13120 13128 13136 13144 13152 13160 13168 13176 13184 13192 13200 13208 13216 13224 13232 13240 13248 13256 13264 13272 13280 13288 13296 13304 13312 13320 13328 13336 13344 13352 13360 13368 13376 13384 13392 13400 13408 13416 13424 13432 13440 13448 13456 13464 13472 13480 13488 13496 13504 13512 13520 13528 13536 13544 13552 13560 13568 13576 13584 13592 13600 13608 13616 13624 13632 13640 13648 13656 13664 13672 13680 13688 13696 13704 13712 13720 13728 13736 13744 13752 13760 13768 13776 13784 13790 13798 13806 13814 13822 13830 13838 13846 13852 13860 13868 13876 13884 13892 13900 13908 13914 13922 13930 13938 13946 13954 13962 13970 13976 13984 13992 14000 14008 14016 14024 14032 14038 14046 14054 14062 14070 14078 14086 14094 14100 14108 14116 14124 14132 14140 14148 14156 14162 14170 14178 14186 14194 14202 14210 14218 14224 14232 14240 14248 14256 14264 14272 14280 14286 14294 14302 14310 14318 14326 14334 14342 14348 14356 14364 14372 14380 14388 14396 14404 14410 14418 14426 14434 14442 14450 14458 14466 14472 14480 14488 14496 14504 14512 14520 14528 14536 14544 14552 14560 14568 14576 14584 14592 14600 14608 14616 14624 14632 14640 14648 14656 14664 14672 14680 14688 14696 14704 14712 14720 14728 14736 14744 14752 14760 14768 14776 14784 14792 14800 14808 14816 14824 14832 14840 14848 14856 14864 14872 14880 14888 14896 14904 14912 14920 14928 14936 14944 14952 14960 14968 14976 14984 14992 15000 15008 15016 15024 15032 15040 15048 15056 15064 15072 15080 15088 15096 15104 15112 15120 15128 15136 15144 15152 15160 15168 15176 15184 15192 15200 15208 15216 15224 15232 15240 15248 15256 15264 15272 15280 15288 15296 15304 15312 15320 15328 15336 15344 15352 15360 15368 15376 15384 15392 15400 15408 15416 15424 15432 15440 15448 15456 15464 15472 15480 15488 15496 15504 15512 15520 15528 15536 15544 15552 15560 15568 15576 15584 15592 15600 15608 15616 15624 15632 15640 15648 15656 15664 15672 15680 15688 15696 15704 15712 15720 15728 15736 15744 15752 15760 15768 15776 15784 15792 15800 15808 15816 15824 15832 15840 15848 15856 15864 15872 15880 15888 15896 15904 15912 15920 15928 15936 15944 15952 15960 15968 15976 15984 15992 16000 16008 16016 16024 16032 16040 16048 16056 16064 16072 16080 16088 16096 16104 16112 16120 16128 16136 16144 16152 16160 16168 16176 16184 16192 16200 16208 16216 16224 16232 16240 16248 16256 16264 16272 16280 16288 16296 16304 16312 16320 16328 16336 16344 16352 16360 16368 16376 16384 16392 16400 16408 16416 16424 16432 16440 16448 16456 16464 16472 16480 16488 16496 16504 16512 16520 16528 16536 16544 16552 16560 16568 16576 16584 16592 16600 16608 16616 16624 16632 16640 16646 16654 16662 16670 16678 16686 16694 16702 16708 16716 16724 16732 16740 16748 16756 16764 16770 16778 16786 16794 16802 16810 16818 16826 16832 16840 16848 16856 16864 16872 16880 16888 16894 16902 16910 16918 16926 16934 16942 16950 16956 16964 16972 16980 16988 16996 17004 17012 17018 17026 17034 17042 17050 17058 17066 17074 17080 17088 17096 17104 17112 17120 17128 17136 17142 17150 17158 17166 17174 17182 17190 17198 17204 17212 17220 17228 17236 17244 17252 17260 17266 17274 17282 17290 17298 17306 17314 17322 17328 17336 17344 17352 17360 17368 17376 17384 17392 17400 17408 17416 17424 17432 17440 17448 17456 17464 17472 17480 17488 17496 17504 17512 17520 17528 17536 17544 17552 17560 17568 17576 17584 17592 17600 17608 17616 17624 17632 17640 17648 17656 17664 17672 17680 17688 17696 17704 17712 17720 17728 17736 17744 17752 17760 17768 17776 17784 17792 17800 17808 17816 17824 17832 17840 17848 17856 17864 17872 17880 17888 17896 17904 17912 17920 17928 17936 17944 17952 17960 17968 17976 17984 17992 18000 18008 18016 18024 18032 18040 18048 18056 18064 18072 18080 18088 18096 18104 18112 18120 18128 18136 18144 18152 18160 18168 18176 18184 18192 18200 18208 18216 18224 18232 18240 18248 18256 18264 18272 18280 18288 18296 18304 18312 18320 18328 18336 18344 18352 18360 18368 18376 18384 18392 18400 18408 18416 18424 18432 18440 18448 18456 18464 18472 18480 18488 18496 18504 18512 18520 18528 18536 18544 18552 18560 18568 18576 18584 18592 18600 18608 18616 18624 18632 18640 18648 18656 18664 18672 18680 18688 18696 18704 18712 18720 18728 18736 18744 18752 18760 18768 18776 18784 18792 18800 18808 18816 18824 18832 18840 18848 18856 18864 18872 18880 18888 18896 18904 18912 18920 18928 18936 18944 18952 18960 18968 18976 18984 18992 19000 19008 19016 19024 19032 19040 19048 19056 19064 19072 19080 19088 19096 19104 19112 19120 19128 19136 19144 19152 19160 19168 19176 19184 19192 19200 19208 19216 19224 19232 19240 19248 19256 19264 19272 19280 19288 19296 19304 19312 19320 19328 19336 19344 19352 19360 19368 19376 19384 19392 19398 19406 19414 19422 19430 19438 19446 19452 19460 19468 19476 19484 19492 19500 19506 19514 19522 19530 19538 19546 19554 19560 19568 19576 19584 19592 19600 19608 19614 19622 19630 19638 19646 19654 19662 19668 19676 19684 19692 19700 19708 19716 19722 19730 19738 19746 19754 19762 19770 19776 19784 19792 19800 19808 19816 19824 19830 19838 19846 19854 19862 19870 19878 19884 19892 19900 19908 19916 19924 19932 19938 19946 19954 19962 19970 19978 19986 19992 20000 20008 20016 20024 20032 20040 20048 20056 20064 20072 20080 20088 20096 20104 20112 20120 20128 20136 20144 20152 20160 20168 20176 20184 20192 20200 20208 20216 20224 20232 20240 20248 20256 20264 20272 20280 20288 20296 20304 20312 20320 20328 20336 20344 20352 20360 20368 20376 20384 20392 20400 20408 20416 20424 20432 20440 20448 20456 20464 20472 20480 20488 20496 20504 20512 20520 20528 20536 20544 20552 20560 20568 20576 20584 20592 20600 20608 20616 20624 20632 20640 20648 20656 20664 20672 20680 20688 20696 20704 20712 20720 20728 20736 20744 20752 20760 20768 20776 20784 20792 20800 20808 20816 20824 20832 20840 20848 20856 20864 20872 20880 20888 20896 20904 20912 20920 20928 20936 20944 20952 20960 20968 20976 20984 20992 21000 21008 21016 21024 21032 21040 21048 21056 21064 21072 21080 21088 21096 21104 21112 21120 21128 21136 21144 21152 21160 21168 21176 21184 21192 21200 21208 21216 21224 21232 21240 21248 21256 21264 21272 21280 21288 21296 21304 21312 21320 21328 21336 21344 21352 21360 21368 21376 21384 21392 21400 21408 21416 21424 21432 21440 21448 21456 21464 21472 21480 21488 21496 21504 21512 21520 21528 21536 21544 21552 21560 21568 21576 21584 21592 21600 21608 21616 21624 21632 21640 21648 21656 21664 21672 21680 21688 21696 21704 21712 21720 21728 21736 21744 21752 21760 21768 21776 21784 21792 21800 21808 21816 21824 21832 21840 21848 21856 21864 21872 21880 21888 21896 21904 21912 21920 21928 21936 21944 21952 21960 21968 21976 21984 21992 22000 22008 22016 22024 22032 22040 22048 22056 22064 22072 22080 22088 22096 22104 22112 22120 22128 22136 22144 22152 22160 22168 22176 22184 22192 22200 22208 22216 22224 22232 22240 22248 22256 22264 22272 22280 22288 22296 22304 22312 22320 22328 22336 22344 22352 22360 22368 22376 22384 22392 22400 22408 22416 22424 22432 22440 22448 22456 22464 22472 22480 22488 22496 22504 22512 22520 22528 22536 22544 22552 22560 22568 22576 22584 22592 22600 22608 22616 22624 22632 22638 22646 22654 22662 22670 22678 22686 22692 22700 22708 22716 22724 22732 22740 22746 22754 22762 22770 22778 22786 22794 22800 22808 22816 22824 22832 22840 22848 22854 22862 22870 22878 22886 22894 22902 22908 22916 22924 22932 22940 22948 22956 22962 22970 22978 22986 22994 23002 23010 23016 23024 23032 23040 23048 23056 23064 23070 23078 23086 23094 23102 23110 23118 23124 23132 23140 23148 23156 23164 23172 23178 23186 23194 23202 23210 23218 23226 23232 23240 23248 23256 23264 23272 23280 23288 23296 23304 23312 23320 23328 23336 23344 23352 23360 23368 23376 23384 23392 23400 23408 23416 23424 23432 23440 23448 23456 23464 23472 23480 23488 23496 23504 23512 23520 23528 23536 23544 23552 23560 23568 23576 23584 23592 23600 23608 23616 23624 23632 23640 23648 23656 23664 23672 23680 23688 23696 23704 23712 23720 23728 23736 23744 23752 23760 23768 23776 23784 23792 23800 23808 23816 23824 23832 23840 23848 23856 23864 23872 23880 23888 23896 23904 23912 23920 23928 23936 23944 23952 23960 23968 23976 23984 23992 24000 24008 24016 24024 24032 24040 24048 24056 24064 24072 24080 24088 24096 24104 24112 24120 24128 24136 24144 24152 24160 24168 24176 24184 24192 24200 24208 24216 24224 24232 24240 24248 24256 24264 24272 24280 24288 24296 24304 24312 24320 24328 24336 24344 24352 24360 24368 24376 24384 24392 24400 24408 24416 24424 24432 24440 24448 24456 24464 24472 24480 24488 24496 24504 24512 24520 24528 24536 24544 24552 24560 24568 24576 24584 24592 24600 24608 24616 24624 24632 24640 24648 24656 24664 24672 24680 24688 24696 24704 24712 24720 24728 24736 24744 24752 24760 24768 24776 24784 24792 24800 24808 24816 24824 24832 24840 24848 24856 24864 24872 24880 24888 24896 24904 24912 24920 24928 24936 24944 24952 24960 24968 24976 24984 24992 25000 25008 25016 25024 25032 25040 25048 25056 25064 25072 25080 25088 25096 25104 25112 25120 25128 25136 25144 25152 25160 25168 25176 25184 25192 25200 25208 25216 25224 25232 25240 25248 25256 25264 25272 25280 25288 25296 25304 25312 25320 25328 25336 25344 25352 25360 25368 25376 25384 25392 25400 25408 25416 25424 25432 25440 25448 25456 25464 25472 25480 25488 25496 25504 25512 25520 25528 25536 25544 25552 25560 25568 25576 25584 25592 25600 25608 25616 25624 25632 25640 25648 25656 25664 25672 25678 25686 25694 25702 25710 25718 25724 25732 25740 25748 25756 25764 25770 25778 25786 25794 25802 25810 25816 25824 25832 25840 25848 25856 25862 25870 25878 25886 25894 25902 25908 25916 25924 25932 25940 25948 25954 25962 25970 25978 25986 25994 26000 26008 26016 26024 26032 26040 26046 26054 26062 26070 26078 26086 26092 26100 26108 26116 26124 26132 26138 26146 26154 26162 26170 26178 26184 26192 26200 26208 26216 26224 26232 26240 26248 26256 26264 26272 26280 26288 26296 26304 26312 26320 26328 26336 26344 26352 26360 26368 26376 26384 26392 26400 26408 26416 26424 26432 26440 26448 26456 26464 26472 26480 26488 26496 26504 26512 26520 26528 26536 26544 26552 26560 26568 26576 26584 26592 26600 26608 26616 26624 26632 26640 26648 26656 26664 26672 26680 26688 26696 26704 26712 26720 26728 26736 26744 26752 26760 26768 26776 26784 26792 26800 26808 26816 26824 26832 26840 26848 26856 26864 26872 26880 26888 26896 26904 26912 26920 26928 26936 26944 26952 26960 26968 26976 26984 26992 27000 27008 27016 27024 27032 27040 27048 27056 27064 27072 27080 27088 27096 27104 27112 27120 27128 27136 27144 27152 27160 27168 27176 27184 27192 27200 27208 27216 27224 27232 27240 27248 27256 27264 27272 27280 27288 27296 27304 27312 27320 27328 27336 27344 27352 27360 27368 27376 27384 27392 27400 27408 27416 27424 27432 27440 27448 27456 27464 27472 27480 27488 27496 27504 27512 27520 27528 27536 27544 27552 27560 27568 27576 27584 27592 27600 27608 27616 27624 27632 27640 27648 27656 27664 27672 27680 27688 27696 27704 27712 27720 27728 27736 27744 27752 27760 27768 27776 27784 27792 27800 27808 27816 27824 27832 27840 27848 27856 27864 27872 27880 27888 27896 27904 27912 27920 27928 27936 27944 27952 27960 27968 27976 27984 27992 28000 28008 28016 28024 28032 28040 28048 28056 28064 28072 28080 28088 28096 28104 28112 28120 28128 28136 28144 28152 28160 28168 28176 28184 28192 28200 28208 28216 28224 28232 28240 28248 28256 28264 28272 28280 28288 28296 28304 28312 28320 28328 28336 28342 28350 28358 28366 28374 28382 28388 28396 28404 28412 28420 28428 28434 28442 28450 28458 28466 28474 28480 28488 28496 28504 28512 28520 28526 28534 28542 28550 28558 28566 28572 28580 28588 28596 28604 28612 28618 28626 28634 28642 28650 28658 28664 28672 28680 28688 28696 28704 28710 28718 28726 28734 28742 28750 28756 28764 28772 28780 28788 28796 28802 28810 28818 28826 28834 28842 28848 28856 28864 28872 28880 28888 28896 28904 28912 28920 28928 28936 28944 28952 28960 28968 28976 28984 28992 29000 29008 29016 29024 29032 29040 29048 29056 29064 29072 29080 29088 29096 29104 29112 29120 29128 29136 29144 29152 29160 29168 29176 29184 29192 29200 29208 29216 29224 29232 29240 29248 29256 29264 29272 29280 29288 29296 29304 29312 29320 29328 29336 29344 29352 29360 29368 29376 29384 29392 29400 29408 29416 29424 29432 29440 29448 29456 29464 29472 29480 29488 29496 29504 29512 29520 29528 29536 29544 29552 29560 29568 29576 29584 29592 29600 29608 29616 29624 29632 29640 29648 29656 29664 29672 29680 29688 29696 29704 29712 29720 29728 29736 29744 29752 29760 29768 29776 29784 29792 29800 29808 29816 29824 29832 29840 29848 29856 29864 29872 29880 29888 29896 29904 29912 29920 29928 29936 29944 29952 29960 29968 29976 29984 29992 30000 30008 30016 30024 30032 30040 30048 30056 30064 30072 30080 30088 30096 30104 30112 30120 30128 30136 30144 30152 30160 30168 30176 30184 30192 30200 30208 30216 30224 30232 30240 30248 30256 30264 30272 30280 30288 30296 30304 30312 30320 30328 30336 30344 30352 30360 30368 30376 30384 30392 30400 30408 30416 30424 30432 30440 30448 30456 30464 30472 30480 30488 30496 30504 30512 30520 30528 30536 30544 30552 30560 30568 30576 30584 30592 30600 30608 30616 30624 30632 30640 30648 30656 30664 30672 30680 30688 30696 30704 30712 30720 30728 30736 30744 30752 30760 30768 30776 30784 30792 30800 30808 30816 30824 30832 30840 30848 30856 30864 30872 30880 30888 30896 30904 30912 30920 30928 30936 30944 30952 30960 30968 30976 30984 30992 31000 31008 31016 31024 31032 31040 31048 31056 31064 31072 31080 31088 31096 31104 31112 31120 31128 31136 31144 31152 31160 31168 31176 31184 31192 31200 31208 31216 31224 31232 31240 31248 31256 31264 31272 31280 31286 31294 31302 31310 31318 31324 31332 31340 31348 31356 31362 31370 31378 31386 31394 31400 31408 31416 31424 31432 31438 31446 31454 31462 31470 31476 31484 31492 31500 31508 31514 31522 31530 31538 31546 31552 31560 31568 31576 31584 31590 31598 31606 31614 31622 31628 31636 31644 31652 31660 31666 31674 31682 31690 31698 31704 31712 31720 31728 31736 31744 31752 31760 31768 31776 31784 31792 31800 31808 31816 31824 31832 31840 31848 31856 31864 31872 31880 31888 31896 31904 31912 31920 31928 31936 31944 31952 31960 31968 31976 31984 31992 32000 32008 32016 32024 32032 32040 32048 32056 32064 32072 32080 32088 32096 32104 32112 32120 32128 32136 32144 32152 32160 32168 32176 32184 32192 32200 32208 32216 32224 32232 32240 32248 32256 32264 32272 32280 32288 32296 32304 32312 32320 32328 32336 32344 32352 32360 32368 32376 32384 32392 32400 32408 32416 32424 32432 32440 32448 32456 32464 32472 32480 32488 32496 32504 32512 32520 32528 32536 32544 32552 32560 32568 32576 32584 32592 32600 32608 32616 32624 32632 32640 32648 32656 32664 32672 32680 32688 32696 32704 32712 32720 32728 32736 32744 32752 32760 32768 32776 32784 32792 32800 32808 32816 32824 32832 32840 32848 32856 32864 32872 32880 32888 32896 32904 32912 32920 32928 32936 32944 32952 32960 32968 32976 32984 32992 33000 33008 33016 33024 33032 33040 33048 33056 33064 33072 33080 33088 33096 33104 33112 33120 33128 33136 33144 33152 33160 33168 33176 33184 33192 33200 33208 33216 33224 33232 33240 33248 33256 33264 33272 33280 33288 33296 33304 33312 33320 33328 33336 33344 33352 33360 33368 33376 33384 33392 33400 33408 33416 33424 33432 33440 33448 33456 33464 33472 33480 33488 33496 33504 33512 33520 33528 33536 33544 33552 33560 33568 33576 33584 33592 33600 33608 33616 33624 33632 33640 33648 33656 33664 33672 33680 33688 33696 33704 33712 33720 33728 33736 33744 33752 33760 33768 33776 33784 33792 33800 33808 33816 33824 33832 33840 33848 33856 33864 33872 33880 33888 33896 33904 33912 33920 33928 33936 33944 33952 33960 33968 33976 33984 33992 34000 34008 34016 34024 34032 34040 34048 34056 34064 34072 34080 34088 34096 34104 34112 34120 34128 34134 34142 34150 34158 34164 34172 34180 34188 34194 34202 34210 34218 34224 34232 34240 34248 34254 34262 34270 34278 34284 34292 34300 34308 34314 34322 34330 34338 34344 34352 34360 34368 34374 34382 34390 34398 34404 34412 34420 34428 34434 34442 34450 34458 34464 34472 34480 34488 34496 34504 34512 34520 34528 34536 34544 34552 34560 34568 34576 34584 34592 34600 34608 34616 34624 34632 34640 34648 34656 34664 34672 34680 34688 34696 34704 34712 34720 34728 34736 34744 34752 34760 34768 34776 34784 34792 34800 34808 34816 34824 34832 34840 34848 34856 34864 34872 34880 34888 34896 34904 34912 34920 34928 34936 34944 34952 34960 34968 34976 34984 34992 35000 35008 35016 35024 35032 35040 35048 35056 35064 35072 35080 35088 35096 35104 35112 35120 35128 35136 35144 35152 35160 35168 35176 35184 35192 35200 35208 35216 35224 35232 35240 35248 35256 35264 35272 35280 35288 35296 35304 35312 35320 35328 35336 35344 35352 35360 35368 35376 35384 35392 35400 35408 35416 35424 35432 35440 35448 35456 35464 35472 35480 35488 35496 35504 35512 35520 35528 35536 35544 35552 35560 35568 35576 35584 35592 35600 35608 35616 35624 35632 35640 35648 35656 35664 35672 35680 35688 35696 35704 35712 35718 35724 35732 35740 35748 35756 35764 35772 35780 35788 35796 35804 35812 35820 35828 35836 35844 35852 35860 35868 35876 35884 35892 35900 35908 35916 35924 35932 35940 35948 35956 35964 35972 35980 35988 35996 36004 36012 36018 36026 36034 36042 36050 36058 36066 36074 36082 36088 36096 36104 36112 36120 36128 36136 36144 36152 36160 36168 36176 36184 36192 36200 36208 36216 36224 36232 36240 36248 36256 36264 36272 36280 36288 36296 36304 36312 36320 36328 36336 36344 36352 36360 36368 36376 36384 36392 36400 36408 36416 36424 36432 36440 36448 36456 36464 36472 36480 36488 36496 36504 36512 36520 36528 36536 36544 36552 36558 36566 36574 36582 36590 36598 36606 36614 36622 36628 36636 36644 36652 36660 36668 36676 36684 36692 36700 36708 36716 36724 36732 36740 36748 36756 36764 36772 36780 36788 36796 36804 36812 36820 36828 36836 36844 36852 36860 36868 36876 36884 36892 36900 36908 36916 36924 36932 36940 36948 36956 36964 36972 36980 36988 36996 37004 37012 37020 37028 37036 37044 37052 37060 37068 37074 37082 37090 37098 37106 37114 37122 37130 37136 37144 37152 37160 37168 37176 37184 37192 37200 37208 37216 37224 37232 37240 37248 37256 37264 37272 37280 37288 37296 37304 37312 37320 37328 37336 37344 37352 37360 37368 37376 37384 37392 37400 37408 37416 37424 37432 37440 37448 37456 37464 37472 37480 37488 37496 37504 37512 37520 37528 37536 37544 37552 37560 37568 37576 37582 37590 37598 37606 37614 37622 37630 37638 37644 37652 37660 37668 37676 37684 37692 37700 37708 37716 37724 37732 37740 37748 37756 37764 37772 37780 37788 37796 37804 37812 37820 37828 37836 37844 37852 37860 37868 37876 37884 37892 37900 37908 37916 37924 37932 37940 37948 37956 37964 37972 37980 37988 37996 38004 38012 38020 38028 38036 38044 38052 38060 38068 38074 38082 38090 38098 38106 38114 38122 38130 38136 38144 38152 38160 38168 38176 38184 38192 38200 38208 38216 38224 38232 38240 38248 38256 38264 38272 38280 38288 38296 38304 38312 38320 38328 38336 38344 38352 38360 38368 38376 38384 38392 38400 38408 38416 38424 38432 38440 38448 38456 38464 38472 38480 38488 38496 38504 38512 38520 38528 38536 38544 38550 38558 38566 38574 38582 38590 38598 38606 38612 38620 38628 38636 38644 38652 38660 38668 38676 38684 38692 38700 38708 38716 38724 38732 38740 38748 38756 38764 38772 38780 38788 38796 38804 38812 38820 38828 38836 38844 38852 38860 38868 38876 38884 38892 38900 38908 38916 38924 38932 38940 38948 38956 38964 38972 38980 38988 38996 39002 39010 39018 39026 39034 39042 39050 39056 39064 39072 39080 39088 39096 39104 39112 39120 39128 39136 39144 39152 39160 39168 39176 39184 39192 39200 39208 39216 39224 39232 39240 39248 39256 39264 39272 39280 39288 39296 39304 39312 39320 39328 39336 39344 39352 39360 39368 39376 39384 39392 39400 39408 39416 39424 39432 39440 39448 39456 39464 39472 39480 39488 39496 39504 39512 39520 39528 39536 39542 39550 39558 39566 39574 39582 39590 39596 39604 39612 39620 39628 39636 39644 39652 39660 39668 39676 39684 39692 39700 39708 39716 39724 39732 39740 39748 39756 39764 39772 39780 39788 39796 39804 39812 39820 39828 39836 39844 39852 39860 39868 39876 39884 39892 39900 39908 39916 39924 39932 39940 39948 39956 39964 39972 39980 39988 39996 40004 40012 40020 40028 40036 40042 40050 40058 40066 40074 40082 40088 40096 40104 40112 40120 40128 40136 40144 40152 40160 40168 40176 40184 40192 40200 40208 40216 40224 40232 40240 40248 40256 40264 40272 40280 40288 40296 40304 40312 40320 40328 40336 40344 40352 40360 40368 40376 40384 40392 40400 40408 40416 40424 40432 40440 40448 40456 40464 40472 40480 40486 40494 40502 40510 40518 40526 40532 40540 40548 40556 40564 40572 40580 40588 40596 40604 40612 40620 40628 40636 40644 40652 40660 40668 40676 40684 40692 40700 40708 40716 40724 40732 40740 40748 40756 40764 40772 40780 40788 40796 40804 40812 40820 40828 40836 40844 40852 40860 40868 40876 40884 40892 40900 40908 40916 40924 40932 40940 40948 40956 40964 40970 40978 40986 40994 41002 41008 41016 41024 41032 41040 41048 41056 41064 41072 41080 41088 41096 41104 41112 41120 41128 41136 41144 41152 41160 41168 41176 41184 41192 41200 41208 41216 41224 41232 41240 41248 41256 41264 41272 41280 41288 41296 41304 41312 41320 41328 41336 41344 41352 41360 41368 41376 41384 41392 41400 41408 41416 41424 41432 41438 41446 41454 41462 41468 41476 41484 41492 41500 41508 41516 41524 41532 41540 41548 41556 41564 41572 41580 41588 41596 41604 41612 41620 41628 41636 41644 41652 41660 41668 41676 41684 41692</DataArray>
        <DataArray type="UInt8" Name="types" format="ascii">13 13 13 13 13 13 13 13 13 13 13 13 12 12 12 12 12 12 12 12 12 12 12 12 12 12 12 12 12 12 12 12 12 12 12 12 12 12 12 12 12 12 12 12 12 12 12 12 12 12 12 12 12 12 12 12 12 12 12 12 12 12 12 12 12 12 12 12 12 12 12 12 12 12 12 12 12 12 12 12 12 12 12 12 12 12 12 12 12 12 12 12 12 12 12 12 12 12 12 12 12 12 12 12 12 12 12 12 12 12 12 12 12 12 12 12 12 12 12 12 12 12 12 12 12 12 12 12 12 12 12 12 12 12 12 12 12 12 12 12 12 12 12 12 12 12 12 12 12 12 12 12 12 12 12 12 12 12 12 12 12 12 12 12 12 12 12 12 12 12 12 12 12 12 12 12 12 12 12 13 12 12 12 12 12 12 12 12 13 12 12 12 12 12 12 12 12 13 12 12 12 12 12 12 12 12 13 12 12 12 12 12 12 12 12 13 12 12 12 12 12 12 12 12 13 12 12 12 12 12 12 12 12 13 12 12 12 12 12 12 12 12 13 12 12 12 12 12 12 12 12 13 12 12 12 12 12 12 12 12 13 12 12 12 12 12 12 12 12 13 12 12 12 12 12 12 12 12 13 12 12 12 12 12 12 12 12 12 12 12 12 12 12 12 12 12 12 12 12 12 12 12 12 12 12 12 12 12 12 12 12 12 12 12 12 12 12 12 12 12 12 12 12 12 12 12 12 12 12 12 12 12 12 12 12 12 12 12 12 12 12 12 12 12 12 12 12 12 12 12 12 12 12 12 12 12 12 12 12 12 12 12 12 12 12 12 12 12 12 12 12 12 12 12 12 12 12 12 12 12 12 12 12 12 12 12 12 12 12 12 12 12 12 12 12 12 12 12 12 12 12 12 12 12 12 12 12 12 12 12 12 12 12 12 12 12 12 12 12 12 12 12 12 12 12 12 12 12 12 12 12 12 12 12 12 12 12 12 12 12 12 12 12 12 12 12 12 12 12 12 12 12 12 12 12 12 12 12 12 12 12 12 12 12 12 12 12 12 12 12 12 12 12 12 12 12 12 12 12 12 12 12 12 12 12 12 12 12 12 12 12 12 12 12 12 12 12 12 12 12 12 12 12 12 12 12 12 12 12 12 12 12 12 12 12 12 12 12 12 12 12 12 12 12 12 12 12 12 12 12 12 12 12 12 12 12 12 12 12 12 12 12 12 12 12 12 12 12 12 12 12 12 12 12 12 12 12 12 12 12 12 12 12 12 12 12 12 12 12 12 12 12 12 12 12 12 12 12 12 12 12 12 12 12 12 12 12 13 12 12 12 12 12 12 12 12 13 12 12 12 12 12 12 12 12 13 12 12 12 12 12 12 12 12 13 12 12 12 12 12 12 12 12 13 12 12 12 12 12 12 12 12 13 12 12 12 12 12 12 12 12 13 12 12 12 12 12 12 12 12 13 12 12 12 12 12 12 12 12 13 12 12 12 12 12 12 12 12 13 12 12 12 12 12 12 12 12 13 12 12 12 12 12 12 12 12 13 12 12 12 12 12 12 12 12 12 12 12 12 12 12 12 12 12 12 12 12 12 12 12 12 12 12 12 12 12 12 12 12 12 12 12 12 12 12 12 12 12 12 12 12 12 12 12 12 12 12 12 12 12 12 12 12 12 12 12 12 12 12 12 12 12 12 12 12 12 12 12 12 12 12 12 12 12 12 12 12 12 12 12 12 12 12 12 12 12 12 12 12 12 12 12 12 12 12 12 12 12 12 12 12 12 12 12 12 12 12 12 12 12 12 12 12 12 12 12 12 12 12 12 12 12 12 12 12 12 12 12 12 12 12 12 12 12 12 12 12 12 12 12 12 12 12 12 12 12 12 12 12 12 12 12 12 12 12 12 12 12 12 12 12 12 12 12 12 12 12 12 12 12 12 12 12 12 12 12 12 12 12 12 12 12 12 12 12 12 12 12 12 12 12 12 12 12 12 12 12 12 12 12 12 12 12 12 12 12 12 12 12 12 12 12 12 12 12 12 12 12 12 12 12 12 12 12 12 12 12 12 12 12 12 12 12 12 12 12 12 12 12 12 12 12 12 12 12 12 12 12 12 12 12 12 12 12 12 12 12 12 12 12 12 12 12 12 12 12 12 12 12 12 12 12 12 12 12 12 12 12 12 12 12 12 12 12 12 12 12 12 12 12 12 12 13 12 12 12 12 12 12 12 13 12 12 12 12 12 12 12 13 12 12 12 12 12 12 12 13 12 12 12 12 12 12 12 13 12 12 12 12 12 12 12 13 12 12 12 12 12 12 12 13 12 12 12 12 12 12 12 13 12 12 12 12 12 12 12 13 12 12 12 12 12 12 12 13 12 12 12 12 12 12 12 13 12 12 12 12 12 12 12 13 12 12 12 12 12 12 12 12 12 12 12 12 12 12 12 12 12 12 12 12 12 12 12 12 12 12 12 12 12 12 12 12 12 12 12 12 12 12 12 12 12 12 12 12 12 12 12 12 12 12 12 12 12 12 12 12 12 12 12 12 12 12 12 12 12 12 12 12 12 12 12 12 12 12 12 12 12 12 12 12 12 12 12 12 12 12 12 12 12 12 12 12 12 12 12 12 12 12 12 12 12 12 12 12 12 12 12 12 12 12 12 12 12 12 12 12 12 12 12 12 12 12 12 12 12 12 12 12 12 12 12 12 12 12 12 12 12 12 12 12 12 12 12 12 12 12 12 12 12 12 12 12 12 12 12 12 12 12 12 12 12 12 12 12 12 12 12 12 12 12 12 12 12 12 12 12 12 12 12 12 12 12 12 12 12 12 12 12 12 12 12 12 12 12 12 12 12 12 12 12 12 12 12 12 12 12 12 12 12 12 12 12 12 12 12 12 12 12 12 12 12 12 12 12 12 12 12 12 12 12 12 12 12 12 12 12 12 12 12 12 12 12 12 12 12 12 12 12 12 12 12 12 12 12 12 12 12 12 12 12 12 12 12 12 12 12 12 12 12 12 12 12 12 12 12 12 12 12 12 12 12 12 12 12 12 12 12 12 12 12 12 12 12 12 12 13 12 12 12 12 12 12 12 13 12 12 12 12 12 12 12 13 12 12 12 12 12 12 12 13 12 12 12 12 12 12 12 13 12 12 12 12 12 12 12 13 12 12 12 12 12 12 12 13 12 12 12 12 12 12 12 13 12 12 12 12 12 12 12 13 12 12 12 12 12 12 12 13 12 12 12 12 12 12 12 13 12 12 12 12 12 12 12 13 12 12 12 12 12 12 12 12 12 12 12 12 12 12 12 12 12 12 12 12 12 12 12 12 12 12 12 12 12 12 12 12 12 12 12 12 12 12 12 12 12 12 12 12 12 12 12 12 12 12 12 12 12 12 12 12 12 12 12 12 12 12 12 12 12 12 12 12 12 12 12 12 12 12 12 12 12 12 12 12 12 12 12 12 12 12 12 12 12 12 12 12 12 12 12 12 12 12 12 12 12 12 12 12 12 12 12 12 12 12 12 12 12 12 12 12 12 12 12 12 12 12 12 12 12 12 12 12 12 12 12 12 12 12 12 12 12 12 12 12 12 12 12 12 12 12 12 12 12 12 12 12 12 12 12 12 12 12 12 12 12 12 12 12 12 12 12 12 12 12 12 12 12 12 12 12 12 12 12 12 12 12 12 12 12 12 12 12 12 12 12 12 12 12 12 12 12 12 12 12 12 12 12 12 12 12 12 12 12 12 12 12 12 12 12 12 12 12 12 12 12 12 12 12 12 12 12 12 12 12 12 12 12 12 12 12 12 12 12 12 12 12 12 12 12 12 12 12 12 12 12 12 12 12 12 12 12 12 12 12 12 12 12 12 12 12 12 12 12 12 12 12 12 12 12 12 12 12 12 12 12 12 12 13 12 12 12 12 12 12 12 13 12 12 12 12 12 12 12 13 12 12 12 12 12 12 12 13 12 12 12 12 12 12 12 13 12 12 12 12 12 12 12 13 12 12 12 12 12 12 12 13 12 12 12 12 12 12 12 13 12 12 12 12 12 12 12 13 12 12 12 12 12 12 12 13 12 12 12 12 12 12 12 13 12 12 12 12 12 12 12 13 12 12 12 12 12 12 12 12 12 12 12 12 12 12 12 12 12 12 12 12 12 12 12 12 12 12 12 12 12 12 12 12 12 12 12 12 12 12 12 12 12 12 12 12 12 12 12 12 12 12 12 12 12 12 12 12 12 12 12 12 12 12 12 12 12 12 12 12 12 12 12 12 12 12 12 12 12 12 12 12 12 12 12 12 12 12 12 12 12 12 12 12 12 12 12 12 12 12 12 12 12 12 12 12 12 12 12 12 12 12 12 12 12 12 12 12 12 12 12 12 12 12 12 12 12 12 12 12 12 12 12 12 12 12 12 12 12 12 12 12 12 12 12 12 12 12 12 12 12 12 12 12 12 12 12 12 12 12 12 12 12 12 12 12 12 12 12 12 12 12 12 12 12 12 12 12 12 12 12 12 12 12 12 12 12 12 12 12 12 12 12 12 12 12 12 12 12 12 12 12 12 12 12 12 12 12 12 12 12 12 12 12 12 12 12 12 12 12 12 12 12 12 12 12 12 12 12 12 12 12 12 12 12 12 12 12 12 12 12 12 12 12 12 12 12 12 12 12 12 12 12 12 12 12 12 12 12 12 12 12 12 12 12 12 12 12 12 12 12 12 12 13 12 12 12 12 12 12 12 13 12 12 12 12 12 12 12 13 12 12 12 12 12 12 12 13 12 12 12 12 12 12 12 13 12 12 12 12 12 12 12 13 12 12 12 12 12 12 12 13 12 12 12 12 12 12 12 13 12 12 12 12 12 12 12 13 12 12 12 12 12 12 12 13 12 12 12 12 12 12 12 13 12 12 12 12 12 12 12 13 12 12 12 12 12 12 12 12 12 12 12 12 12 12 12 12 12 12 12 12 12 12 12 12 12 12 12 12 12 12 12 12 12 12 12 12 12 12 12 12 12 12 12 12 12 12 12 12 12 12 12 12 12 12 12 12 12 12 12 12 12 12 12 12 12 12 12 12 12 12 12 12 12 12 12 12 12 12 12 12 12 12 12 12 12 12 12 12 12 12 12 12 12 12 12 12 12 12 12 12 12 12 12 12 12 12 12 12 12 12 12 12 12 12 12 12 12 12 12 12 12 12 12 12 12 12 12 12 12 12 12 12 12 12 12 12 12 12 12 12 12 12 12 12 12 12 12 12 12 12 12 12 12 12 12 12 12 12 12 12 12 12 12 12 12 12 12 12 12 12 12 12 12 12 12 12 12 12 12 12 12 12 12 12 12 12 12 12 12 12 12 12 12 12 12 12 12 12 12 12 12 12 12 12 12 12 12 12 12 12 12 12 12 12 12 12 12 12 12 12 12 12 12 12 12 12 12 12 12 12 12 12 12 12 12 12 12 12 12 12 12 12 12 12 12 12 12 12 12 12 12 12 12 12 12 12 12 12 13 12 12 12 12 12 12 13 12 12 12 12 12 12 13 12 12 12 12 12 12 13 12 12 12 12 12 12 13 12 12 12 12 12 12 13 12 12 12 12 12 12 13 12 12 12 12 12 12 13 12 12 12 12 12 12 13 12 12 12 12 12 12 13 12 12 12 12 12 12 13 12 12 12 12 12 12 13 12 12 12 12 12 12 12 12 12 12 12 12 12 12 12 12 12 12 12 12 12 12 12 12 12 12 12 12 12 12 12 12 12 12 12 12 12 12 12 12 12 12 12 12 12 12 12 12 12 12 12 12 12 12 12 12 12 12 12 12 12 12 12 12 12 12 12 12 12 12 12 12 12 12 12 12 12 12 12 12 12 12 12 12 12 12 12 12 12 12 12 12 12 12 12 12 12 12 12 12 12 12 12 12 12 12 12 12 12 12 12 12 12 12 12 12 12 12 12 12 12 12 12 12 12 12 12 12 12 12 12 12 12 12 12 12 12 12 12 12 12 12 12 12 12 12 12 12 12 12 12 12 12 12 12 12 12 12 12 12 12 12 12 12 12 12 12 12 12 12 12 12 12 12 12 12 12 12 12 12 12 12 12 12 12 12 12 12 12 12 12 12 12 12 12 12 12 12 12 12 12 12 12 12 12 12 12 12 12 12 12 12 12 12 12 12 12 12 12 12 12 12 12 12 12 12 12 12 12 12 12 12 12 12 12 12 12 12 12 12 12 12 12 12 12 12 12 12 12 12 12 12 12 12 12 12 12 12 12 12 12 12 12 12 12 12 12 12 12 12 12 12 12 12 12 12 12 12 12 12 12 12 12 12 12 12 12 12 12 12 12 12 12 12 12 12 12 12 12 12 12 12 12 12 12 12 12 12 12 12 12 12 12 12 12 12 12 12 12 12 12 12 12 12 12 12 12 12 12 12 13 12 12 12 12 12 12 13 12 12 12 12 12 12 13 12 12 12 12 12 12 13 12 12 12 12 12 12 13 12 12 12 12 12 12 13 12 12 12 12 12 12 13 12 12 12 12 12 12 13 12 12 12 12 12 12 13 12 12 12 12 12 12 13 12 12 12 12 12 12 13 12 12 12 12 12 12 13 12 12 12 12 12 12 12 12 12 12 12 12 12 12 12 12 12 12 12 12 12 12 12 12 12 12 12 12 12 12 12 12 12 12 12 12 12 12 12 12 12 12 12 12 12 12 12 12 12 12 12 12 12 12 12 12 12 12 12 12 12 12 12 12 12 12 12 12 12 12 12 12 12 12 12 12 12 12 12 12 12 12 12 12 12 12 12 12 12 12 12 12 12 12 12 12 12 12 12 12 12 12 12 12 12 12 12 12 12 12 12 12 12 12 12 12 12 12 12 12 12 12 12 12 12 12 12 12 12 12 12 12 12 12 12 12 12 12 12 12 12 12 12 12 12 12 12 12 12 12 12 12 12 12 12 12 12 12 12 12 12 12 12 12 12 12 12 12 12 12 12 12 12 12 12 12 12 12 12 12 12 12 12 12 12 12 12 12 12 12 12 12 12 12 12 12 12 12 12 12 12 12 12 12 12 12 12 12 12 12 12 12 12 12 12 12 12 12 12 12 12 12 12 12 12 12 12 12 12 12 12 12 12 12 12 12 12 12 12 12 12 12 12 12 12 12 12 12 12 12 12 12 12 12 12 12 12 12 12 12 12 12 12 12 12 12 12 12 12 12 12 12 12 12 12 12 12 12 12 12 12 12 12 12 12 12 12 12 12 12 12 12 12 12 12 12 12 12 12 12 12 12 12 12 12 13 12 12 12 12 12 13 12 12 12 12 12 13 12 12 12 12 12 13 12 12 12 12 12 13 12 12 12 12 12 13 12 12 12 12 12 13 12 12 12 12 12 13 12 12 12 12 12 13 12 12 12 12 12 13 12 12 12 12 12 13 12 12 12 12 12 13 12 12 12 12 12 12 12 12 12 12 12 12 12 12 12 12 12 12 12 12 12 12 12 12 12 12 12 12 12 12 12 12 12 12 12 12 12 12 12 12 12 12 12 12 12 12 12 12 12 12 12 12 12 12 12 12 12 12 12 12 12 12 12 12 12 12 12 12 12 12 12 12 12 12 12 12 12 12 12 12 12 12 12 12 12 12 12 12 12 12 12 12 12 12 12 12 12 12 12 12 12 12 12 12 12 12 12 12 12 12 12 12 12 12 12 12 12 12 12 12 12 12 12 12 12 12 12 12 12 12 12 12 12 12 12 12 12 12 12 12 12 12 12 12 12 12 12 12 12 12 12 12 12 12 12 12 12 12 12 12 12 12 12 12 12 12 12 12 12 12 12 12 12 12 12 12 12 12 12 12 12 12 12 12 12 12 12 12 12 12 12 12 12 12 12 12 12 12 12 12 12 12 12 12 12 12 12 12 12 12 12 12 12 12 12 12 12 12 12 12 12 12 12 12 12 12 12 12 12 12 12 12 12 12 12 12 12 12 12 12 12 12 12 12 12 12 12 12 12 12 12 12 12 12 12 12 12 12 12 12 12 12 12 12 12 12 12 12 12 13 12 12 12 12 12 13 12 12 12 12 12 13 12 12 12 12 12 13 12 12 12 12 12 13 12 12 12 12 12 13 12 12 12 12 12 13 12 12 12 12 12 13 12 12 12 12 12 13 12 12 12 12 12 13 12 12 12 12 12 13 12 12 12 12 12 13 12 12 12 12 12 12 12 12 12 12 12 12 12 12 12 12 12 12 12 12 12 12 12 12 12 12 12 12 12 12 12 12 12 12 12 12 12 12 12 12 12 12 12 12 12 12 12 12 12 12 12 12 12 12 12 12 12 12 12 12 12 12 12 12 12 12 12 12 12 12 12 12 12 12 12 12 12 12 12 12 12 12 12 12 12 12 12 12 12 12 12 12 12 12 12 12 12 12 12 12 12 12 12 12 12 12 12 12 12 12 12 12 12 12 12 12 12 12 12 12 12 12 12 12 12 12 12 12 12 12 12 12 12 12 12 12 12 12 12 12 12 12 12 12 12 12 12 12 12 12 12 12 12 12 12 12 12 12 12 12 12 12 12 12 12 12 12 12 12 12 12 12 12 12 12 12 12 12 12 12 12 12 12 12 12 12 12 12 12 12 12 12 12 12 12 12 12 12 12 12 12 12 12 12 12 12 12 12 12 12 12 12 12 12 12 12 12 12 12 12 12 12 12 12 12 12 12 12 12 12 12 12 12 12 12 12 12 12 12 12 12 12 12 12 12 12 12 12 12 12 12 12 12 12 12 12 12 12 12 12 12 12 12 12 12 12 12 12 12 12 12 12 12 12 12 12 12 12 12 12 12 12 12 12 12 12 12 12 12 12 12 12 12 12 12 12 12 12 12 12 12 12 12 12 13 12 12 12 12 13 12 12 12 12 13 12 12 12 12 13 12 12 12 12 13 12 12 12 12 13 12 12 12 12 13 12 12 12 12 13 12 12 12 12 13 12 12 12 12 13 12 12 12 12 13 12 12 12 12 13 12 12 12 12 12 12 12 12 12 12 12 12 12 12 12 12 12 12 12 12 12 12 12 12 12 12 12 12 12 12 12 12 12 12 12 12 12 12 12 12 12 12 12 12 12 12 12 12 12 12 12 12 12 12 12 12 12 12 12 12 12 12 12 12 12 12 12 12 12 12 12 12 12 12 12 12 12 12 12 12 12 12 12 12 12 12 12 12 12 12 12 12 12 12 12 12 12 12 12 12 12 12 12 12 12 12 12 12 12 12 12 12 12 12 12 12 12 12 12 12 12 12 12 12 12 12 12 12 12 12 12 12 12 12 12 12 12 12 12 12 12 12 12 12 12 12 12 12 12 12 12 12 12 12 12 12 12 12 12 12 12 12 12 12 12 12 12 12 12 12 12 12 12 12 12 12 12 12 12 12 12 12 12 12 12 12 12 12 12 12 12 12 12 12 12 12 12 12 12 12 12 12 12 12 12 12 12 12 12 12 12 12 12 12 12 12 12 12 12 12 12 12 12 12 12 12 12 12 12 12 12 12 12 12 12 12 12 12 12 12 12 12 12 12 12 12 12 12 12 12 12 12 12 12 12 12 12 12 12 12 12 12 12 12 12 12 12 12 12 12 12 12 12 12 12 12 12 12 12 12 12 12 12 12 12 12 12 12 12 12 12 12 12 12 12 12 12 12 12 12 12 12 12 13 12 12 12 13 12 12 12 13 12 12 12 13 12 12 12 13 12 12 12 13 12 12 12 13 12 12 12 13 12 12 12 13 12 12 12 13 12 12 12 13 12 12 12 13 12 12 12 12 12 12 12 12 12 12 12 12 12 12 12 12 12 12 12 12 12 12 12 12 12 12 12 12 12 12 12 12 12 12 12 12 12 12 12 12 12 12 12 12 12 12 12 12 12 12 12 12 12 12 12 12 12 12 12 12 12 12 12 12 12 12 12 12 12 12 12 12 12 12 12 12 12 12 12 12 12 12 12 12 12 12 12 12 12 12 12 12 12 12 12 12 12 12 12 12 12 12 12 12 12 12 12 12 12 12 12 12 12 12 12 12 12 12 12 12 12 12 12 12 12 12 12 12 12 12 12 12 12 12 12 12 12 12 12 12 12 12 12 12 12 12 12 12 12 12 12 12 12 12 12 12 13 13 12 12 12 12 12 12 12 12 12 12 12 12 12 12 12 12 12 12 12 12 12 12 12 12 12 12 12 12 12 12 12 12 12 12 12 12 13 12 12 12 12 12 12 12 12 13 12 12 12 12 12 12 12 12 12 12 12 12 12 12 12 12 12 12 12 12 12 12 12 12 12 12 12 12 12 12 12 12 12 12 12 12 12 12 12 12 12 12 12 12 12 12 12 12 12 12 12 12 12 12 12 12 12 12 13 12 12 12 12 12 12 12 12 13 12 12 12 12 12 12 12 12 12 12 12 12 12 12 12 12 12 12 12 12 12 12 12 12 12 12 12 12 12 12 12 12 12 12 12 12 12 12 12 12 12 12 12 12 12 12 12 12 12 12 12 12 12 12 12 13 12 12 12 12 12 12 12 13 12 12 12 12 12 12 12 12 12 12 12 12 12 12 12 12 12 12 12 12 12 12 12 12 12 12 12 12 12 12 12 12 12 12 12 12 12 12 12 12 12 12 12 12 12 12 12 12 12 12 12 12 12 12 12 13 12 12 12 12 12 12 12 13 12 12 12 12 12 12 12 12 12 12 12 12 12 12 12 12 12 12 12 12 12 12 12 12 12 12 12 12 12 12 12 12 12 12 12 12 12 12 12 12 12 12 12 12 12 12 12 12 12 12 12 12 12 13 12 12 12 12 12 12 12 13 12 12 12 12 12 12 12 12 12 12 12 12 12 12 12 12 12 12 12 12 12 12 12 12 12 12 12 12 12 12 12 12 12 12 12 12 12 12 12 12 12 12 12 12 12 12 12 12 12 12 12 13 12 12 12 12 12 12 12 13 12 12 12 12 12 12 12 12 12 12 12 12 12 12 12 12 12 12 12 12 12 12 12 12 12 12 12 12 12 12 12 12 12 12 12 12 12 12 12 12 12 12 12 12 12 12 12 12 13 12 12 12 12 12 12 13 12 12 12 12 12 12 12 12 12 12 12 12 12 12 12 12 12 12 12 12 12 12 12 12 12 12 12 12 12 12 12 12 12 12 12 12 12 12 12 12 12 12 12 12 12 12 12 12 12 12 12 12 12 12 12 12 12 12 12 12 13 12 12 12 12 12 12 13 12 12 12 12 12 12 12 12 12 12 12 12 12 12 12 12 12 12 12 12 12 12 12 12 12 12 12 12 12 12 12 12 12 12 12 12 12 12 12 12 12 12 12 12 12 12 12 12 12 12 12 12 12 12 12 13 12 12 12 12 12 13 12 12 12 12 12 12 12 12 12 12 12 12 12 12 12 12 12 12 12 12 12 12 12 12 12 12 12 12 12 12 12 12 12 12 12 12 12 12 12 12 12 12 12 12 12 12 12 12 12 13 12 12 12 12 12 13 12 12 12 12 12 12 12 12 12 12 12 12 12 12 12 12 12 12 12 12 12 12 12 12 12 12 12 12 12 12 12 12 12 12 12 12 12 12 12 12 12 12 12 12 12 12 12 12 12 12 12 12 12 12 13 12 12 12 12 13 12 12 12 12 12 12 12 12 12 12 12 12 12 12 12 12 12 12 12 12 12 12 12 12 12 12 12 12 12 12 12 12 12 12 12 12 12 12 12 12 12 12 12 12 12 12 12 12 12 12 12 12 12 13 12 12 12 13 12 12 12 12 12 12 12 12 12 12 12 12 12 12 12 12 12 12 12 12 12 12 12 12 12 12 12 12</DataArray>
      </Cells>
    </Piece>
  </UnstructuredGrid>
</VTKFile>
