<?xml version="1.0"?>
<VTKFile type="UnstructuredGrid" version="0.1" byte_order="LittleEndian">
  <UnstructuredGrid>
    <Piece NumberOfPoints="3020" NumberOfCells="1565">
      <PointData/>
      <CellData Scalars="BodyId"><DataArray type="Int32" Name="BodyId" format="ascii">1 1 1 1 1 1 1 1 1 1 1 1 1 1 1 1 1 1 1 1 1 1 1 1 1 1 1 1 1 1 1 1 1 1 1 1 1 1 1 1 1 1 1 1 1 1 1 1 1 1 1 1 1 1 1 1 1 1 1 1 1 1 1 1 1 1 1 1 1 1 1 1 1 1 1 1 1 1 1 1 1 1 1 1 1 1 1 1 1 1 1 1 1 1 1 1 1 1 1 1 1 1 1 1 1 1 1 1 1 1 1 1 1 1 1 1 1 1 1 1 1 1 1 1 1 1 1 1 1 1 1 1 1 1 1 1 1 1 1 1 1 1 1 1 1 1 1 1 1 1 1 1 1 1 1 1 1 1 1 1 1 1 1 1 1 1 1 1 1 1 1 1 1 1 1 1 1 1 1 1 1 1 1 1 1 1 1 1 1 1 1 1 1 1 1 1 1 1 1 1 1 1 1 1 1 1 1 1 1 1 1 1 1 1 1 1 1 1 1 1 1 1 1 1 1 1 1 1 1 1 1 1 1 1 1 1 1 1 1 1 1 1 1 1 1 1 1 1 1 1 1 1 1 1 1 1 1 1 1 1 1 1 1 1 1 1 1 1 1 1 1 1 1 1 1 1 1 1 1 1 1 1 1 1 1 1 1 1 1 1 1 1 1 1 1 1 1 1 1 1 1 1 1 1 1 1 1 1 1 1 1 1 1 1 1 1 1 1 1 1 1 1 1 1 1 1 1 1 1 1 1 1 1 1 1 1 1 1 1 1 1 1 1 1 1 1 1 1 1 1 1 1 1 1 1 1 1 1 1 1 1 1 1 1 1 1 1 1 1 1 1 1 1 1 1 1 1 1 1 1 1 1 1 1 1 1 1 1 1 1 1 1 1 1 1 1 1 1 1 1 1 1 1 1 1 1 1 1 1 1 1 1 1 1 1 1 1 1 1 1 1 1 1 1 1 1 1 1 1 1 1 1 1 1 1 1 1 1 1 1 1 1 1 1 1 1 1 1 1 1 1 1 1 1 1 1 1 1 1 1 1 1 1 1 1 1 1 1 1 1 1 1 1 1 1 1 1 1 1 1 1 1 1 1 1 1 1 1 1 1 1 1 1 1 1 1 1 1 1 1 1 1 1 1 1 1 1 1 1 1 1 1 1 1 1 1 1 1 1 1 1 1 1 1 1 1 1 1 1 1 1 1 1 1 1 1 1 1 1 1 1 1 1 1 1 1 1 1 1 1 1 1 1 1 1 1 1 1 1 1 1 1 1 1 1 1 1 1 1 1 1 1 1 1 1 1 1 1 1 1 1 1 1 1 1 1 1 1 1 1 1 1 1 1 1 1 1 1 1 1 1 1 1 1 1 1 1 1 1 1 1 1 1 1 1 1 1 1 1 1 1 1 1 1 1 1 1 1 1 1 1 1 1 1 1 1 1 1 1 1 1 1 1 1 1 1 1 1 1 1 1 1 1 1 1 1 1 1 1 1 1 1 1 1 1 1 1 1 1 1 1 1 1 1 1 1 1 1 1 1 1 1 1 1 1 1 1 1 1 1 1 1 1 1 1 1 1 1 1 1 1 1 1 1 1 1 1 1 1 1 1 1 1 1 1 1 1 1 1 1 1 1 1 1 1 1 1 1 1 1 1 1 1 1 1 1 1 1 1 1 1 1 1 1 1 1 1 1 1 1 1 1 1 1 1 1 1 1 1 1 1 1 1 1 1 1 1 1 1 1 1 1 1 1 1 1 1 1 1 1 1 1 1 1 1 1 1 1 1 1 1 1 1 1 1 1 1 1 1 1 1 1 1 1 1 1 1 1 1 1 1 1 1 1 1 1 1 1 1 1 1 1 1 1 1 1 1 1 1 1 1 1 1 1 1 1 1 1 1 1 1 1 1 1 1 1 1 1 1 1 1 1 1 1 1 1 1 1 1 1 1 1 1 1 1 1 1 1 1 1 1 1 1 1 1 1 1 1 1 1 1 1 1 1 1 1 1 1 1 1 1 1 1 1 1 1 1 1 1 1 1 1 1 1 1 1 1 1 1 1 1 1 1 1 1 1 1 1 1 1 1 1 1 1 1 1 1 1 1 1 1 1 1 1 1 1 1 1 1 1 1 1 1 1 1 1 1 1 1 1 1 1 1 1 1 1 1 1 1 1 1 1 1 1 1 1 1 1 1 1 1 1 1 1 1 1 1 1 1 1 1 1 1 1 1 1 1 1 1 1 1 1 1 1 1 1 1 1 1 1 1 1 1 1 1 1 1 1 1 1 1 1 1 1 1 1 1 1 1 1 1 1 1 1 1 1 1 1 1 1 1 1 1 1 1 1 1 1 1 1 1 1 1 1 1 1 1 1 1 1 1 1 1 1 1 1 1 1 1 1 1 1 1 1 1 1 1 1 1 1 1 1 1 1 1 1 1 1 1 1 1 1 1 1 1 1 1 1 1 1 1 1 1 1 1 1 1 1 1 1 1 1 1 1 1 1 1 1 1 1 1 1 1 1 1 1 1 1 1 1 1 1 1 1 1 1 1 1 1 1 1 1 1 1 1 1 1 1 1 1 1 1 1 1 1 1 1 1 1 1 1 1 1 1 1 1 1 1 1 1 1 1 1 1 1 1 1 1 1 1 1 1 1 1 1 1 1 1 1 1 1 1 1 1 1 1 1 1 1 1 1 1 1 1 1 1 1 1 1 1 1 1 1 1 1 1 1 1 1 1 1 1 1 1 1 1 1 1 1 1 1 1 1 1 1 1 1 1 1 1 1 1 1 1 1 1 1 1 1 1 1 1 1 1 1 1 1 1 1 1 1 1 1 1 1 1 1 1 1 1 1 1 1 1 1 1 1 1 1 1 1 1 1 1 1 1 1 1 1 1 1 1 1 1 1 1 1 1 1 1 1 1 1 1 1 1 1 1 1 1 1 1 1 1 1 1 1 1 1 1 1 1 1 1 1 1 1 1 1 1 1 1 1 1 1 1 1 1 1 1 1 1 1 1 1 1 1 1 1 1 1 1 1 1 1 1 1 1 1 1 1 1 1 1 1 1 1 1 1 1 1 1 1 1 1 1 1 1 1 1 1 1 1 1 1 1 1 1 1 1 1 1 1 1 1 1 1 1 1 1 1 1 1 1 1 1 1 1 1 1 1 1 1 1 1 1 1 1 1 1 1 1 1 1 1 1 1 1 1 1 1 1 1 1 1 1 1 1 1 1 1 1 1 1 1 1 1 1 1 1 1 1 1 1 1 1 1 1 1 1 1 1 1 1 1 1 1 1 1 1 1 1 1 1 1 1 1 1 1 1 1 1 1 1 1 1 1 1 1 1 1 1 1 1 1 1 1 1 1 1 1 1 1 1 1 1 1 1 1 1 1 1 1 1 1 1 1 1 1 1 1 1 1 1 1 1 1 1 1 1 1 1 1 1 1 1 1 1 1 1 1 1 1 1 1 1 1 1 1 1 1 1 1 1 1 1 1 1 1 1 1 1 1 1 1 1 1 1 1 1 1 1 1 1 1</DataArray></CellData>
      <Points><DataArray type="Float64" NumberOfComponents="3" format="ascii">75.4196503206 26.6810109538 -27.5 75.4196503206 26.6810109538 -28 75.4196503206 26.6810109538 -28.6028585336 70.2345493611 24.8466914508 -27.5 70.3923789208 24.3959625731 -27.5 70.8254416547 24.5460495912 -27.5 70.6666411077 24.9995514094 -27.5 70.2345493611 24.8466914508 -28 70.3923789208 24.3959625731 -28 70.8254416547 24.5460495912 -28 70.6666411077 24.9995514094 -28 70.2345493611 24.8466914508 -28.6028585336 70.3923789208 24.3959625731 -28.6693548387 70.8254416547 24.5460495912 -28.6693548387 70.6666411077 24.9995514094 -28.6028585336 71.2585043885 24.6961366092 -27.5 71.0987328543 25.1524113679 -27.5 71.2585043885 24.6961366092 -28 71.0987328543 25.1524113679 -28 71.2585043885 24.6961366092 -28.6693548387 71.0987328543 25.1524113679 -28.6028585336 71.6915671224 24.8462236273 -27.5 71.5308246009 25.3052713265 -27.5 71.6915671224 24.8462236273 -28 71.5308246009 25.3052713265 -28 71.6915671224 24.8462236273 -28.6693548387 71.5308246009 25.3052713265 -28.6028585336 72.1246298562 24.9963106454 -27.5 71.9629163476 25.4581312851 -27.5 72.1246298562 24.9963106454 -28 71.9629163476 25.4581312851 -28 72.1246298562 24.9963106454 -28.6693548387 71.9629163476 25.4581312851 -28.6028585336 72.5576925901 25.1463976634 -27.5 72.3950080942 25.6109912437 -27.5 72.5576925901 25.1463976634 -28 72.3950080942 25.6109912437 -28 72.5576925901 25.1463976634 -28.6693548387 72.3950080942 25.6109912437 -28.6028585336 72.9907553239 25.2964846815 -27.5 72.8270998408 25.7638512023 -27.5 72.9907553239 25.2964846815 -28 72.8270998408 25.7638512023 -28 72.9907553239 25.2964846815 -28.6693548387 72.8270998408 25.7638512023 -28.6028585336 73.4238180578 25.4465716996 -27.5 73.2591915875 25.9167111609 -27.5 73.4238180578 25.4465716996 -28 73.2591915875 25.9167111609 -28 73.4238180578 25.4465716996 -28.6693548387 73.2591915875 25.9167111609 -28.6028585336 73.8568807916 25.5966587176 -27.5 73.6912833341 26.0695711195 -27.5 73.8568807916 25.5966587176 -28 73.6912833341 26.0695711195 -28 73.8568807916 25.5966587176 -28.6693548387 73.6912833341 26.0695711195 -28.6028585336 74.2899435255 25.7467457357 -27.5 74.1233750807 26.2224310781 -27.5 74.2899435255 25.7467457357 -28 74.1233750807 26.2224310781 -28 74.2899435255 25.7467457357 -28.6693548387 74.1233750807 26.2224310781 -28.6028585336 74.7230062593 25.8968327538 -27.5 74.5554668273 26.3752910367 -27.5 74.7230062593 25.8968327538 -28 74.5554668273 26.3752910367 -28 74.7230062593 25.8968327538 -28.6693548387 74.5554668273 26.3752910367 -28.6028585336 75.1560689932 26.0469197718 -27.5 74.987558574 26.5281509953 -27.5 75.1560689932 26.0469197718 -28 74.987558574 26.5281509953 -28 75.1560689932 26.0469197718 -28.6693548387 74.987558574 26.5281509953 -28.6028585336 75.5891317271 26.1970067899 -27.5 75.5891317271 26.1970067899 -28 75.5891317271 26.1970067899 -28.6693548387 70.54731597 23.9442312349 -27.5 70.981331896 24.0915391452 -27.5 70.54731597 23.9442312349 -28 70.981331896 24.0915391452 -28 70.54731597 23.9442312349 -28.7316695429 70.981331896 24.0915391452 -28.7316695429 71.415347822 24.2388470555 -27.5 71.415347822 24.2388470555 -28 71.415347822 24.2388470555 -28.7316695429 71.8493637479 24.3861549658 -27.5 71.8493637479 24.3861549658 -28 71.8493637479 24.3861549658 -28.7316695429 72.2833796739 24.5334628761 -27.5 72.2833796739 24.5334628761 -28 72.2833796739 24.5334628761 -28.7316695429 72.7173955999 24.6807707863 -27.5 72.7173955999 24.6807707863 -28 72.7173955999 24.6807707863 -28.7316695429 73.1514115259 24.8280786966 -27.5 73.1514115259 24.8280786966 -28 73.1514115259 24.8280786966 -28.7316695429 73.5854274519 24.9753866069 -27.5 73.5854274519 24.9753866069 -28 73.5854274519 24.9753866069 -28.7316695429 74.0194433779 25.1226945172 -27.5 74.0194433779 25.1226945172 -28 74.0194433779 25.1226945172 -28.7316695429 74.4534593039 25.2700024275 -27.5 74.4534593039 25.2700024275 -28 74.4534593039 25.2700024275 -28.7316695429 74.8874752299 25.4173103377 -27.5 74.8874752299 25.4173103377 -28 74.8874752299 25.4173103377 -28.7316695429 75.3214911559 25.564618248 -27.5 75.3214911559 25.564618248 -28 75.3214911559 25.564618248 -28.7316695429 75.7555070819 25.7119261583 -27.5 75.7555070819 25.7119261583 -28 75.7555070819 25.7119261583 -28.7316695429 70.699354142 23.4915159984 -27.5 71.1343054259 23.6360387479 -27.5 70.699354142 23.4915159984 -28 71.1343054259 23.6360387479 -28 70.699354142 23.4915159984 -28.5 71.1343054259 23.6360387479 -28.5 70.699354142 23.4915159984 -28.7891389 71.1343054259 23.6360387479 -28.7891389 71.5692567097 23.7805614973 -27.5 71.5692567097 23.7805614973 -28 71.5692567097 23.7805614973 -28.5 71.5692567097 23.7805614973 -28.7891389 72.0042079936 23.9250842467 -27.5 72.0042079936 23.9250842467 -28 72.0042079936 23.9250842467 -28.5 72.0042079936 23.9250842467 -28.7891389 72.4391592775 24.0696069962 -27.5 72.4391592775 24.0696069962 -28 72.4391592775 24.0696069962 -28.5 72.4391592775 24.0696069962 -28.7891389 72.8741105613 24.2141297456 -27.5 72.8741105613 24.2141297456 -28 72.8741105613 24.2141297456 -28.5 72.8741105613 24.2141297456 -28.7891389 73.3090618452 24.358652495 -27.5 73.3090618452 24.358652495 -28 73.3090618452 24.358652495 -28.5 73.3090618452 24.358652495 -28.7891389 73.7440131291 24.5031752445 -27.5 73.7440131291 24.5031752445 -28 73.7440131291 24.5031752445 -28.5 73.7440131291 24.5031752445 -28.7891389 74.178964413 24.6476979939 -27.5 74.178964413 24.6476979939 -28 74.178964413 24.6476979939 -28.5 74.178964413 24.6476979939 -28.7891389 74.6139156968 24.7922207433 -27.5 74.6139156968 24.7922207433 -28 74.6139156968 24.7922207433 -28.5 74.6139156968 24.7922207433 -28.7891389 75.0488669807 24.9367434928 -27.5 75.0488669807 24.9367434928 -28 75.0488669807 24.9367434928 -28.5 75.0488669807 24.9367434928 -28.7891389 75.4838182646 25.0812662422 -27.5 75.4838182646 25.0812662422 -28 75.4838182646 25.0812662422 -28.5 75.4838182646 25.0812662422 -28.7891389 75.9187695484 25.2257889916 -27.5 75.9187695484 25.2257889916 -28 75.9187695484 25.2257889916 -28.5 75.9187695484 25.2257889916 -28.7891389 70.8484871894 23.0378354663 -27.5 71.2843559585 23.1795671163 -27.5 70.8484871894 23.0378354663 -28 71.2843559585 23.1795671163 -28 70.8484871894 23.0378354663 -28.5 71.2843559585 23.1795671163 -28.5 70.8484871894 23.0378354663 -28.8410991637 71.2843559585 23.1795671163 -28.8410991637 71.7202247275 23.3212987662 -27.5 71.7202247275 23.3212987662 -28 71.7202247275 23.3212987662 -28.5 71.7202247275 23.3212987662 -28.8410991637 72.1560934966 23.4630304162 -27.5 72.1560934966 23.4630304162 -28 72.1560934966 23.4630304162 -28.5 72.1560934966 23.4630304162 -28.8410991637 72.5919622657 23.6047620661 -27.5 72.5919622657 23.6047620661 -28 72.5919622657 23.6047620661 -28.5 72.5919622657 23.6047620661 -28.8410991637 73.0278310347 23.7464937161 -27.5 73.0278310347 23.7464937161 -28 73.0278310347 23.7464937161 -28.5 73.0278310347 23.7464937161 -28.8410991637 73.4636998038 23.8882253661 -27.5 73.4636998038 23.8882253661 -28 73.4636998038 23.8882253661 -28.5 73.4636998038 23.8882253661 -28.8410991637 73.8995685728 24.029957016 -27.5 73.8995685728 24.029957016 -28 73.8995685728 24.029957016 -28.5 73.8995685728 24.029957016 -28.8410991637 74.3354373419 24.171688666 -27.5 74.3354373419 24.171688666 -28 74.3354373419 24.171688666 -28.5 74.3354373419 24.171688666 -28.8410991637 74.771306111 24.3134203159 -27.5 74.771306111 24.3134203159 -28 74.771306111 24.3134203159 -28.5 74.771306111 24.3134203159 -28.8410991637 75.20717488 24.4551519659 -27.5 75.20717488 24.4551519659 -28 75.20717488 24.4551519659 -28.5 75.20717488 24.4551519659 -28.8410991637 75.6430436491 24.5968836159 -27.5 75.6430436491 24.5968836159 -28 75.6430436491 24.5968836159 -28.5 75.6430436491 24.5968836159 -28.8410991637 76.0789124182 24.7386152658 -27.5 76.0789124182 24.7386152658 -28 76.0789124182 24.7386152658 -28.5 76.0789124182 24.7386152658 -28.8410991637 70.6107405881 22.9605272936 -28 70.7564717057 22.5074257026 -28 71.2130931561 22.652675644 -28 71.0664215739 23.1087012913 -28 70.6107405881 22.9605272936 -28.5 70.7564717057 22.5074257026 -28.5 71.2130931561 22.652675644 -28.5 71.0664215739 23.1087012913 -28.5 70.6107405881 22.9605272936 -28.8410991637 70.7564717057 22.5074257026 -28.8868865879 71.2130931561 22.652675644 -28.8868865879 71.0664215739 23.1087012913 -28.8410991637 71.6697146065 22.7979255854 -28 71.5221025598 23.256875289 -28 71.6697146065 22.7979255854 -28.5 71.5221025598 23.256875289 -28.5 71.6697146065 22.7979255854 -28.8868865879 71.5221025598 23.256875289 -28.8410991637 72.1263360569 22.9431755268 -28 71.9777835456 23.4050492866 -28 72.1263360569 22.9431755268 -28.5 71.9777835456 23.4050492866 -28.5 72.1263360569 22.9431755268 -28.8868865879 71.9777835456 23.4050492866 -28.8410991637 72.5829575073 23.0884254682 -28 72.4334645315 23.5532232843 -28 72.5829575073 23.0884254682 -28.5 72.4334645315 23.5532232843 -28.5 72.5829575073 23.0884254682 -28.8868865879 72.4334645315 23.5532232843 -28.8410991637 73.0395789577 23.2336754096 -28 72.8891455173 23.701397282 -28 73.0395789577 23.2336754096 -28.5 72.8891455173 23.701397282 -28.5 73.0395789577 23.2336754096 -28.8868865879 72.8891455173 23.701397282 -28.8410991637 73.4962004081 23.3789253511 -28 73.3448265031 23.8495712797 -28 73.4962004081 23.3789253511 -28.5 73.3448265031 23.8495712797 -28.5 73.4962004081 23.3789253511 -28.8868865879 73.3448265031 23.8495712797 -28.8410991637 73.9528218585 23.5241752925 -28 73.800507489 23.9977452774 -28 73.9528218585 23.5241752925 -28.5 73.800507489 23.9977452774 -28.5 73.9528218585 23.5241752925 -28.8868865879 73.800507489 23.9977452774 -28.8410991637 74.4094433089 23.6694252339 -28 74.2561884748 24.1459192751 -28 74.4094433089 23.6694252339 -28.5 74.2561884748 24.1459192751 -28.5 74.4094433089 23.6694252339 -28.8868865879 74.2561884748 24.1459192751 -28.8410991637 74.8660647593 23.8146751753 -28 74.7118694606 24.2940932728 -28 74.8660647593 23.8146751753 -28.5 74.7118694606 24.2940932728 -28.5 74.8660647593 23.8146751753 -28.8868865879 74.7118694606 24.2940932728 -28.8410991637 75.3226862097 23.9599251167 -28 75.1675504465 24.4422672704 -28 75.3226862097 23.9599251167 -28.5 75.1675504465 24.4422672704 -28.5 75.3226862097 23.9599251167 -28.8868865879 75.1675504465 24.4422672704 -28.8410991637 75.7793076601 24.1051750581 -28 75.6232314323 24.5904412681 -28 75.7793076601 24.1051750581 -28.5 75.6232314323 24.5904412681 -28.5 75.7793076601 24.1051750581 -28.8868865879 75.6232314323 24.5904412681 -28.8410991637 76.2359291105 24.2504249995 -28 76.2359291105 24.2504249995 -28.5 76.2359291105 24.2504249995 -28.8868865879 70.8992953517 22.0533992535 -28 71.3568385035 22.1957191701 -28 70.8992953517 22.0533992535 -28.5 71.3568385035 22.1957191701 -28.5 70.8992953517 22.0533992535 -28.9258374264 71.3568385035 22.1957191701 -28.9258374264 71.8143816553 22.3380390867 -28 71.8143816553 22.3380390867 -28.5 71.8143816553 22.3380390867 -28.9258374264 72.2719248071 22.4803590034 -28 72.2719248071 22.4803590034 -28.5 72.2719248071 22.4803590034 -28.9258374264 72.729467959 22.62267892 -28 72.729467959 22.62267892 -28.5 72.729467959 22.62267892 -28.9258374264 73.1870111108 22.7649988366 -28 73.1870111108 22.7649988366 -28.5 73.1870111108 22.7649988366 -28.9258374264 73.6445542626 22.9073187532 -28 73.6445542626 22.9073187532 -28.5 73.6445542626 22.9073187532 -28.9258374264 74.1020974144 23.0496386698 -28 74.1020974144 23.0496386698 -28.5 74.1020974144 23.0496386698 -28.9258374264 74.5596405663 23.1919585865 -28 74.5596405663 23.1919585865 -28.5 74.5596405663 23.1919585865 -28.9258374264 75.0171837181 23.3342785031 -28 75.0171837181 23.3342785031 -28.5 75.0171837181 23.3342785031 -28.9258374264 75.4747268699 23.4765984197 -28 75.4747268699 23.4765984197 -28.5 75.4747268699 23.4765984197 -28.9258374264 75.9322700217 23.6189183363 -28 75.9322700217 23.6189183363 -28.5 75.9322700217 23.6189183363 -28.9258374264 76.3898131735 23.7612382529 -28 76.3898131735 23.7612382529 -28.5 76.3898131735 23.7612382529 -28.9258374264 71.0392056572 21.5984666027 -28 71.4976517095 21.7378506464 -28 71.0392056572 21.5984666027 -28.5 71.4976517095 21.7378506464 -28.5 71.0392056572 21.5984666027 -28.9572879331 71.4976517095 21.7378506464 -28.9572879331 71.9560977617 21.8772346902 -28 71.9560977617 21.8772346902 -28.5 71.9560977617 21.8772346902 -28.9572879331 72.4145438139 22.0166187339 -28 72.4145438139 22.0166187339 -28.5 72.4145438139 22.0166187339 -28.9572879331 72.8729898661 22.1560027776 -28 72.8729898661 22.1560027776 -28.5 72.8729898661 22.1560027776 -28.9572879331 73.3314359183 22.2953868214 -28 73.3314359183 22.2953868214 -28.5 73.3314359183 22.2953868214 -28.9572879331 73.7898819706 22.4347708651 -28 73.7898819706 22.4347708651 -28.5 73.7898819706 22.4347708651 -28.9572879331 74.2483280228 22.5741549088 -28 74.2483280228 22.5741549088 -28.5 74.2483280228 22.5741549088 -28.9572879331 74.706774075 22.7135389526 -28 74.706774075 22.7135389526 -28.5 74.706774075 22.7135389526 -28.9572879331 75.1652201272 22.8529229963 -28 75.1652201272 22.8529229963 -28.5 75.1652201272 22.8529229963 -28.9572879331 75.6236661795 22.99230704 -28 75.6236661795 22.99230704 -28.5 75.6236661795 22.99230704 -28.9572879331 76.0821122317 23.1316910838 -28 76.0821122317 23.1316910838 -28.5 76.0821122317 23.1316910838 -28.9572879331 76.5405582839 23.2710751275 -28 76.5405582839 23.2710751275 -28.5 76.5405582839 23.2710751275 -28.9572879331 71.1761968733 21.142646444 -28 71.6355269878 21.2790888874 -28 71.1761968733 21.142646444 -28.5 71.6355269878 21.2790888874 -28.5 71.1761968733 21.142646444 -28.9805743617 71.6355269878 21.2790888874 -28.9805743617 72.0948571023 21.4155313308 -28 72.0948571023 21.4155313308 -28.5 72.0948571023 21.4155313308 -28.9805743617 72.5541872168 21.5519737741 -28 72.5541872168 21.5519737741 -28.5 72.5541872168 21.5519737741 -28.9805743617 73.0135173313 21.6884162175 -28 73.0135173313 21.6884162175 -28.5 73.0135173313 21.6884162175 -28.9805743617 73.4728474458 21.8248586609 -28 73.4728474458 21.8248586609 -28.5 73.4728474458 21.8248586609 -28.9805743617 73.9321775603 21.9613011043 -28 73.9321775603 21.9613011043 -28.5 73.9321775603 21.9613011043 -28.9805743617 74.3915076748 22.0977435477 -28 74.3915076748 22.0977435477 -28.5 74.3915076748 22.0977435477 -28.9805743617 74.8508377893 22.234185991 -28 74.8508377893 22.234185991 -28.5 74.8508377893 22.234185991 -28.9805743617 75.3101679038 22.3706284344 -28 75.3101679038 22.3706284344 -28.5 75.3101679038 22.3706284344 -28.9805743617 75.7694980183 22.5070708778 -28 75.7694980183 22.5070708778 -28.5 75.7694980183 22.5070708778 -28.9805743617 76.2288281328 22.6435133212 -28 76.2288281328 22.6435133212 -28.5 76.2288281328 22.6435133212 -28.9805743617 76.6881582473 22.7799557646 -28 76.6881582473 22.7799557646 -28.5 76.6881582473 22.7799557646 -28.9805743617 71.3102633707 20.6859575076 -28 71.770458673 20.819452744 -28 71.3102633707 20.6859575076 -28.5 71.770458673 20.819452744 -28.5 71.3102633707 20.6859575076 -28.9950329661 71.770458673 20.819452744 -28.9950329661 72.2306539753 20.9529479805 -28 72.2306539753 20.9529479805 -28.5 72.2306539753 20.9529479805 -28.9950329661 72.6908492777 21.0864432169 -28 72.6908492777 21.0864432169 -28.5 72.6908492777 21.0864432169 -28.9950329661 73.15104458 21.2199384533 -28 73.15104458 21.2199384533 -28.5 73.15104458 21.2199384533 -28.9950329661 73.6112398824 21.3534336898 -28 73.6112398824 21.3534336898 -28.5 73.6112398824 21.3534336898 -28.9950329661 74.0714351847 21.4869289262 -28 74.0714351847 21.4869289262 -28.5 74.0714351847 21.4869289262 -28.9950329661 74.531630487 21.6204241627 -28 74.531630487 21.6204241627 -28.5 74.531630487 21.6204241627 -28.9950329661 74.9918257894 21.7539193991 -28 74.9918257894 21.7539193991 -28.5 74.9918257894 21.7539193991 -28.9950329661 75.4520210917 21.8874146355 -28 75.4520210917 21.8874146355 -28.5 75.4520210917 21.8874146355 -28.9950329661 75.912216394 22.020909872 -28 75.912216394 22.020909872 -28.5 75.912216394 22.020909872 -28.9950329661 76.3724116964 22.1544051084 -28 76.3724116964 22.1544051084 -28.5 76.3724116964 22.1544051084 -28.9950329661 76.8326069987 22.2879003449 -28 76.8326069987 22.2879003449 -28.5 76.8326069987 22.2879003449 -28.9950329661 71.4413996404 20.2284185594 -28 71.9024412206 20.3589611034 -28 71.4413996404 20.2284185594 -28.5 71.9024412206 20.3589611034 -28.5 71.4413996404 20.2284185594 -29 71.9024412206 20.3589611034 -29 72.3634828008 20.4895036474 -28 72.3634828008 20.4895036474 -28.5 72.3634828008 20.4895036474 -29 72.824524381 20.6200461914 -28 72.824524381 20.6200461914 -28.5 72.824524381 20.6200461914 -29 73.2855659611 20.7505887355 -28 73.2855659611 20.7505887355 -28.5 73.2855659611 20.7505887355 -29 73.7466075413 20.8811312795 -28 73.7466075413 20.8811312795 -28.5 73.7466075413 20.8811312795 -29 74.2076491215 21.0116738235 -28 74.2076491215 21.0116738235 -28.5 74.2076491215 21.0116738235 -29 74.6686907016 21.1422163675 -28 74.6686907016 21.1422163675 -28.5 74.6686907016 21.1422163675 -29 75.1297322818 21.2727589115 -28 75.1297322818 21.2727589115 -28.5 75.1297322818 21.2727589115 -29 75.590773862 21.4033014555 -28 75.590773862 21.4033014555 -28.5 75.590773862 21.4033014555 -29 76.0518154422 21.5338439995 -28 76.0518154422 21.5338439995 -28.5 76.0518154422 21.5338439995 -29 76.5128570223 21.6643865435 -28 76.5128570223 21.6643865435 -28.5 76.5128570223 21.6643865435 -29 76.9738986025 21.7949290876 -28 76.9738986025 21.7949290876 -28.5 76.9738986025 21.7949290876 -29 71.2008562073 20.160309406 -28.5 71.3286252089 19.7034825807 -28.5 71.8105753792 19.8366142198 -28.5 71.6819430736 20.2965277128 -28.5 71.2008562073 20.160309406 -29 71.3286252089 19.7034825807 -29 71.8105753792 19.8366142198 -29 71.6819430736 20.2965277128 -29 72.2925255496 19.9697458589 -28.5 72.1630299398 20.4327460196 -28.5 72.2925255496 19.9697458589 -29 72.1630299398 20.4327460196 -29 72.7744757199 20.1028774979 -28.5 72.6441168061 20.5689643264 -28.5 72.7744757199 20.1028774979 -29 72.6441168061 20.5689643264 -29 73.2564258902 20.236009137 -28.5 73.1252036724 20.7051826332 -28.5 73.2564258902 20.236009137 -29 73.1252036724 20.7051826332 -29 73.7383760605 20.369140776 -28.5 73.6062905386 20.84140094 -28.5 73.7383760605 20.369140776 -29 73.6062905386 20.84140094 -29 74.2203262309 20.5022724151 -28.5 74.0873774049 20.9776192468 -28.5 74.2203262309 20.5022724151 -29 74.0873774049 20.9776192468 -29 74.7022764012 20.6354040542 -28.5 74.5684642712 21.1138375536 -28.5 74.7022764012 20.6354040542 -29 74.5684642712 21.1138375536 -29 75.1842265715 20.7685356932 -28.5 75.0495511374 21.2500558604 -28.5 75.1842265715 20.7685356932 -29 75.0495511374 21.2500558604 -29 75.6661767419 20.9016673323 -28.5 75.5306380037 21.3862741672 -28.5 75.6661767419 20.9016673323 -29 75.5306380037 21.3862741672 -29 76.1481269122 21.0347989713 -28.5 76.01172487 21.522492474 -28.5 76.1481269122 21.0347989713 -29 76.01172487 21.522492474 -29 76.6300770825 21.1679306104 -28.5 76.4928117362 21.6587107808 -28.5 76.6300770825 21.1679306104 -29 76.4928117362 21.6587107808 -29 77.1120272529 21.3010622494 -28.5 77.1120272529 21.3010622494 -29 71.4534632283 19.2458461148 -28.5 71.9362568988 19.3758856156 -28.5 71.4534632283 19.2458461148 -29 71.9362568988 19.3758856156 -29 72.4190505693 19.5059251164 -28.5 72.4190505693 19.5059251164 -29 72.9018442397 19.6359646172 -28.5 72.9018442397 19.6359646172 -29 73.3846379102 19.7660041179 -28.5 73.3846379102 19.7660041179 -29 73.8674315807 19.8960436187 -28.5 73.8674315807 19.8960436187 -29 74.3502252511 20.0260831195 -28.5 74.3502252511 20.0260831195 -29 74.8330189216 20.1561226203 -28.5 74.8330189216 20.1561226203 -29 75.315812592 20.286162121 -28.5 75.315812592 20.286162121 -29 75.7986062625 20.4162016218 -28.5 75.7986062625 20.4162016218 -29 76.281399933 20.5462411226 -28.5 76.281399933 20.5462411226 -29 76.7641936034 20.6762806234 -28.5 76.7641936034 20.6762806234 -29 77.2469872739 20.8063201241 -28.5 77.2469872739 20.8063201241 -29 71.5753651359 18.7874188131 -28.5 72.0589824679 18.9143608321 -28.5 71.5753651359 18.7874188131 -29 72.0589824679 18.9143608321 -29 72.5425997999 19.0413028511 -28.5 72.5425997999 19.0413028511 -29 73.0262171319 19.1682448701 -28.5 73.0262171319 19.1682448701 -29 73.5098344639 19.2951868891 -28.5 73.5098344639 19.2951868891 -29 73.9934517959 19.4221289081 -28.5 73.9934517959 19.4221289081 -29 74.4770691279 19.5490709271 -28.5 74.4770691279 19.5490709271 -29 74.9606864599 19.6760129462 -28.5 74.9606864599 19.6760129462 -29 75.4443037919 19.8029549652 -28.5 75.4443037919 19.8029549652 -29 75.9279211239 19.9298969842 -28.5 75.9279211239 19.9298969842 -29 76.4115384559 20.0568390032 -28.5 76.4115384559 20.0568390032 -29 76.8951557879 20.1837810222 -28.5 76.8951557879 20.1837810222 -29 77.3787731199 20.3107230412 -28.5 77.3787731199 20.3107230412 -29 71.6943259225 18.3282195129 -28.5 72.1787470436 18.452058834 -28.5 71.6943259225 18.3282195129 -29 72.1787470436 18.452058834 -29 72.6631681647 18.575898155 -28.5 72.6631681647 18.575898155 -29 73.1475892858 18.699737476 -28.5 73.1475892858 18.699737476 -29 73.6320104069 18.8235767971 -28.5 73.6320104069 18.8235767971 -29 74.116431528 18.9474161181 -28.5 74.116431528 18.9474161181 -29 74.6008526491 19.0712554391 -28.5 74.6008526491 19.0712554391 -29 75.0852737702 19.1950947602 -28.5 75.0852737702 19.1950947602 -29 75.5696948913 19.3189340812 -28.5 75.5696948913 19.3189340812 -29 76.0541160124 19.4427734022 -28.5 76.0541160124 19.4427734022 -29 76.5385371335 19.5666127233 -28.5 76.5385371335 19.5666127233 -29 77.0229582546 19.6904520443 -28.5 77.0229582546 19.6904520443 -29 77.5073793757 19.8142913653 -28.5 77.5073793757 19.8142913653 -29 71.8103406999 17.8682670834 -28.5 72.2955457046 17.9889986177 -28.5 71.8103406999 17.8682670834 -29 72.2955457046 17.9889986177 -29 72.7807507094 18.1097301521 -28.5 72.7807507094 18.1097301521 -29 73.2659557141 18.2304616864 -28.5 73.2659557141 18.2304616864 -29 73.7511607188 18.3511932207 -28.5 73.7511607188 18.3511932207 -29 74.2363657236 18.4719247551 -28.5 74.2363657236 18.4719247551 -29 74.7215707283 18.5926562894 -28.5 74.7215707283 18.5926562894 -29 75.206775733 18.7133878238 -28.5 75.206775733 18.7133878238 -29 75.6919807377 18.8341193581 -28.5 75.6919807377 18.8341193581 -29 76.1771857425 18.9548508925 -28.5 76.1771857425 18.9548508925 -29 76.6623907472 19.0755824268 -28.5 76.6623907472 19.0755824268 -29 77.1475957519 19.1963139612 -28.5 77.1475957519 19.1963139612 -29 77.6328007567 19.3170454955 -28.5 77.6328007567 19.3170454955 -29 71.9234047009 17.4075804244 -28.5 72.4093736516 17.5251992111 -28.5 71.9234047009 17.4075804244 -29 72.4093736516 17.5251992111 -29 72.8953426022 17.6428179977 -28.5 72.8953426022 17.6428179977 -29 73.3813115529 17.7604367844 -28.5 73.3813115529 17.7604367844 -29 73.8672805036 17.878055571 -28.5 73.8672805036 17.878055571 -29 74.3532494543 17.9956743577 -28.5 74.3532494543 17.9956743577 -29 74.839218405 18.1132931443 -28.5 74.839218405 18.1132931443 -29 75.3251873557 18.230911931 -28.5 75.3251873557 18.230911931 -29 75.8111563063 18.3485307176 -28.5 75.8111563063 18.3485307176 -29 76.297125257 18.4661495043 -28.5 76.297125257 18.4661495043 -29 76.7830942077 18.5837682909 -28.5 76.7830942077 18.5837682909 -29 77.2690631584 18.7013870776 -28.5 77.2690631584 18.7013870776 -29 77.7550321091 18.8190058642 -28.5 77.7550321091 18.8190058642 -29 72.0335132795 16.9461784663 -28.5 72.5202262071 17.0606796722 -28.5 72.0335132795 16.9461784663 -29 72.5202262071 17.0606796722 -29 73.0069391346 17.175180878 -28.5 73.0069391346 17.175180878 -29 73.4936520622 17.2896820839 -28.5 73.4936520622 17.2896820839 -29 73.9803649898 17.4041832897 -28.5 73.9803649898 17.4041832897 -29 74.4670779173 17.5186844956 -28.5 74.4670779173 17.5186844956 -29 74.9537908449 17.6331857014 -28.5 74.9537908449 17.6331857014 -29 75.4405037725 17.7476869073 -28.5 75.4405037725 17.7476869073 -29 75.9272167 17.8621881131 -28.5 75.9272167 17.8621881131 -29 76.4139296276 17.976689319 -28.5 76.4139296276 17.976689319 -29 76.9006425551 18.0911905248 -28.5 76.9006425551 18.0911905248 -29 77.3873554827 18.2056917307 -28.5 77.3873554827 18.2056917307 -29 77.8740684103 18.3201929365 -28.5 77.8740684103 18.3201929365 -29 72.1406619113 16.4840801686 -28.5 72.6280988161 16.5954590887 -28.5 72.1406619113 16.4840801686 -29 72.6280988161 16.5954590887 -29 73.1155357209 16.7068380087 -28.5 73.1155357209 16.7068380087 -29 73.6029726257 16.8182169288 -28.5 73.6029726257 16.8182169288 -29 74.0904095305 16.9295958488 -28.5 74.0904095305 16.9295958488 -29 74.5778464353 17.0409747689 -28.5 74.5778464353 17.0409747689 -29 75.0652833401 17.1523536889 -28.5 75.0652833401 17.1523536889 -29 75.5527202449 17.263732609 -28.5 75.5527202449 17.263732609 -29 76.0401571497 17.3751115291 -28.5 76.0401571497 17.3751115291 -29 76.5275940545 17.4864904491 -28.5 76.5275940545 17.4864904491 -29 77.0150309593 17.5978693692 -28.5 77.0150309593 17.5978693692 -29 77.5024678641 17.7092482892 -28.5 77.5024678641 17.7092482892 -29 77.9899047689 17.8206272093 -28.5 77.9899047689 17.8206272093 -29 72.2448461933 16.0213045195 -28.5 72.732987046 16.129556577 -28.5 72.2448461933 16.0213045195 -29 72.732987046 16.129556577 -29 73.2211278986 16.2378086346 -28.5 73.2211278986 16.2378086346 -29 73.7092687513 16.3460606922 -28.5 73.7092687513 16.3460606922 -29 74.1974096039 16.4543127497 -28.5 74.1974096039 16.4543127497 -29 74.6855504566 16.5625648073 -28.5 74.6855504566 16.5625648073 -29 75.1736913092 16.6708168649 -28.5 75.1736913092 16.6708168649 -29 75.6618321619 16.7790689224 -28.5 75.6618321619 16.7790689224 -29 76.1499730146 16.88732098 -28.5 76.1499730146 16.88732098 -29 76.6381138672 16.9955730376 -28.5 76.6381138672 16.9955730376 -29 77.1262547199 17.1038250951 -28.5 77.1262547199 17.1038250951 -29 77.6143955725 17.2120771527 -28.5 77.6143955725 17.2120771527 -29 78.1025364252 17.3203292103 -28.5 78.1025364252 17.3203292103 -29 72.3460618446 15.557870535 -28.5 72.8348865867 15.6629912819 -28.5 72.3460618446 15.557870535 -29 72.8348865867 15.6629912819 -29 73.3237113289 15.7681120287 -28.5 73.3237113289 15.7681120287 -29 73.8125360711 15.8732327756 -28.5 73.8125360711 15.8732327756 -29 74.3013608133 15.9783535224 -28.5 74.3013608133 15.9783535224 -29 74.7901855555 16.0834742693 -28.5 74.7901855555 16.0834742693 -29 75.2790102977 16.1885950161 -28.5 75.2790102977 16.1885950161 -29 75.7678350399 16.293715763 -28.5 75.7678350399 16.293715763 -29 76.2566597821 16.3988365099 -28.5 76.2566597821 16.3988365099 -29 76.7454845243 16.5039572567 -28.5 76.7454845243 16.5039572567 -29 77.2343092665 16.6090780036 -28.5 77.2343092665 16.6090780036 -29 77.7231340087 16.7141987504 -28.5 77.7231340087 16.7141987504 -29 78.2119587509 16.8193194973 -28.5 78.2119587509 16.8193194973 -29 72.4443047059 15.0937972582 -28.5 72.9337932513 15.1957823748 -28.5 72.4443047059 15.0937972582 -29 72.9337932513 15.1957823748 -29 73.4232817966 15.2977674914 -28.5 73.4232817966 15.2977674914 -29 73.9127703419 15.399752608 -28.5 73.9127703419 15.399752608 -29 74.4022588872 15.5017377247 -28.5 74.4022588872 15.5017377247 -29 74.8917474325 15.6037228413 -28.5 74.8917474325 15.6037228413 -29 75.3812359778 15.7057079579 -28.5 75.3812359778 15.7057079579 -29 75.8707245231 15.8076930745 -28.5 75.8707245231 15.8076930745 -29 76.3602130684 15.9096781911 -28.5 76.3602130684 15.9096781911 -29 76.8497016137 16.0116633077 -28.5 76.8497016137 16.0116633077 -29 77.3391901591 16.1136484243 -28.5 77.3391901591 16.1136484243 -29 77.8286787044 16.2156335409 -28.5 77.8286787044 16.2156335409 -29 78.3181672497 16.3176186575 -28.5 78.3181672497 16.3176186575 -29 72.5395707406 14.6291037585 -28.5 73.0297029753 14.7279490542 -28.5 72.5395707406 14.6291037585 -29 73.0297029753 14.7279490542 -29 73.51983521 14.8267943498 -28.5 73.51983521 14.8267943498 -29 74.0099674448 14.9256396455 -28.5 74.0099674448 14.9256396455 -29 74.5000996795 15.0244849412 -28.5 74.5000996795 15.0244849412 -29 74.9902319142 15.1233302368 -28.5 74.9902319142 15.1233302368 -29 75.480364149 15.2221755325 -28.5 75.480364149 15.2221755325 -29 75.9704963837 15.3210208281 -28.5 75.9704963837 15.3210208281 -29 76.4606286184 15.4198661238 -28.5 76.4606286184 15.4198661238 -29 76.9507608532 15.5187114195 -28.5 76.9507608532 15.5187114195 -29 77.4408930879 15.6175567151 -28.5 77.4408930879 15.6175567151 -29 77.9310253226 15.7164020108 -28.5 77.9310253226 15.7164020108 -29 78.4211575574 15.8152473065 -28.5 78.4211575574 15.8152473065 -29 72.6318560338 14.1638091307 -28.5 73.1226118178 14.2595105437 -28.5 72.6318560338 14.1638091307 -29 73.1226118178 14.2595105437 -29 73.6133676018 14.3552119567 -28.5 73.6133676018 14.3552119567 -29 74.1041233858 14.4509133698 -28.5 74.1041233858 14.4509133698 -29 74.5948791698 14.5466147828 -28.5 74.5948791698 14.5466147828 -29 75.0856349538 14.6423161959 -28.5 75.0856349538 14.6423161959 -29 75.5763907378 14.7380176089 -28.5 75.5763907378 14.7380176089 -29 76.0671465219 14.833719022 -28.5 76.0671465219 14.833719022 -29 76.5579023059 14.929420435 -28.5 76.5579023059 14.929420435 -29 77.0486580899 15.0251218481 -28.5 77.0486580899 15.0251218481 -29 77.5394138739 15.1208232611 -28.5 77.5394138739 15.1208232611 -29 78.0301696579 15.2165246742 -28.5 78.0301696579 15.2165246742 -29 78.5209254419 15.3122260872 -28.5 78.5209254419 15.3122260872 -29 72.7211567935 13.6979324942 -28.5 73.212515961 13.7904860922 -28.5 72.7211567935 13.6979324942 -29 73.212515961 13.7904860922 -29 73.7038751285 13.8830396901 -28.5 73.7038751285 13.8830396901 -29 74.1952342961 13.9755932881 -28.5 74.1952342961 13.9755932881 -29 74.6865934636 14.068146886 -28.5 74.6865934636 14.068146886 -29 75.1779526311 14.1607004839 -28.5 75.1779526311 14.1607004839 -29 75.6693117986 14.2532540819 -28.5 75.6693117986 14.2532540819 -29 76.1606709662 14.3458076798 -28.5 76.1606709662 14.3458076798 -29 76.6520301337 14.4383612777 -28.5 76.6520301337 14.4383612777 -29 77.1433893012 14.5309148757 -28.5 77.1433893012 14.5309148757 -29 77.6347484687 14.6234684736 -28.5 77.6347484687 14.6234684736 -29 78.1261076362 14.7160220715 -28.5 78.1261076362 14.7160220715 -29 78.6174668038 14.8085756695 -28.5 78.6174668038 14.8085756695 -29 72.8074693502 13.2314929927 -28.5 73.2994117107 13.3208949724 -28.5 72.8074693502 13.2314929927 -29 73.2994117107 13.3208949724 -29 73.7913540712 13.4102969521 -28.5 73.7913540712 13.4102969521 -29 74.2832964316 13.4996989318 -28.5 74.2832964316 13.4996989318 -29 74.7752387921 13.5891009114 -28.5 74.7752387921 13.5891009114 -29 75.2671811526 13.6785028911 -28.5 75.2671811526 13.6785028911 -29 75.7591235131 13.7679048708 -28.5 75.7591235131 13.7679048708 -29 76.2510658735 13.8573068505 -28.5 76.2510658735 13.8573068505 -29 76.743008234 13.9467088302 -28.5 76.743008234 13.9467088302 -29 77.2349505945 14.0361108098 -28.5 77.2349505945 14.0361108098 -29 77.726892955 14.1255127895 -28.5 77.726892955 14.1255127895 -29 78.2188353154 14.2149147692 -28.5 78.2188353154 14.2149147692 -29 78.7107776759 14.3043167489 -28.5 78.7107776759 14.3043167489 -29 72.8907901573 12.7645097927 -28.5 73.3832954962 12.8507564804 -28.5 72.8907901573 12.7645097927 -29 73.3832954962 12.8507564804 -29 73.8758008351 12.9370031682 -28.5 73.8758008351 12.9370031682 -29 74.368306174 13.023249856 -28.5 74.368306174 13.023249856 -29 74.8608115129 13.1094965438 -28.5 74.8608115129 13.1094965438 -29 75.3533168518 13.1957432316 -28.5 75.3533168518 13.1957432316 -29 75.8458221907 13.2819899194 -28.5 75.8458221907 13.2819899194 -29 76.3383275296 13.3682366072 -28.5 76.3383275296 13.3682366072 -29 76.8308328685 13.454483295 -28.5 76.8308328685 13.454483295 -29 77.3233382074 13.5407299827 -28.5 77.3233382074 13.5407299827 -29 77.8158435463 13.6269766705 -28.5 77.8158435463 13.6269766705 -29 78.3083488852 13.7132233583 -28.5 78.3083488852 13.7132233583 -29 78.8008542241 13.7994700461 -28.5 78.8008542241 13.7994700461 -29 72.9711157909 12.297002083 -28.5 73.4641638706 12.3800899349 -28.5 72.9711157909 12.297002083 -29 73.4641638706 12.3800899349 -29 73.9572119503 12.4631777868 -28.5 73.9572119503 12.4631777868 -29 74.4502600299 12.5462656387 -28.5 74.4502600299 12.5462656387 -29 74.9433081096 12.6293534906 -28.5 74.9433081096 12.6293534906 -29 75.4363561893 12.7124413425 -28.5 75.4363561893 12.7124413425 -29 75.9294042689 12.7955291944 -28.5 75.9294042689 12.7955291944 -29 76.4224523486 12.8786170463 -28.5 76.4224523486 12.8786170463 -29 76.9155004283 12.9617048983 -28.5 76.9155004283 12.9617048983 -29 77.4085485079 13.0447927502 -28.5 77.4085485079 13.0447927502 -29 77.9015965876 13.1278806021 -28.5 77.9015965876 13.1278806021 -29 78.3946446673 13.210968454 -28.5 78.3946446673 13.210968454 -29 78.8876927469 13.2940563059 -28.5 78.8876927469 13.2940563059 -29 73.0484429504 11.8289890741 -28.5 73.5420135109 11.908914676 -28.5 73.0484429504 11.8289890741 -29 73.5420135109 11.908914676 -29 74.0355840714 11.9888402778 -28.5 74.0355840714 11.9888402778 -29 74.5291546319 12.0687658797 -28.5 74.5291546319 12.0687658797 -29 75.0227251923 12.1486914815 -28.5 75.0227251923 12.1486914815 -29 75.5162957528 12.2286170834 -28.5 75.5162957528 12.2286170834 -29 76.0098663133 12.3085426852 -28.5 76.0098663133 12.3085426852 -29 76.5034368738 12.3884682871 -28.5 76.5034368738 12.3884682871 -29 76.9970074343 12.4683938889 -28.5 76.9970074343 12.4683938889 -29 77.4905779947 12.5483194908 -28.5 77.4905779947 12.5483194908 -29 77.9841485552 12.6282450927 -28.5 77.9841485552 12.6282450927 -29 78.4777191157 12.7081706945 -28.5 78.4777191157 12.7081706945 -29 78.9712896762 12.7880962964 -28.5 78.9712896762 12.7880962964 -29 73.1227684584 11.3604899974 -28.5 73.6168412182 11.4372500649 -28.5 73.1227684584 11.3604899974 -29 73.6168412182 11.4372500649 -29 74.1109139781 11.5140101325 -28.5 74.1109139781 11.5140101325 -29 74.604986738 11.5907702 -28.5 74.604986738 11.5907702 -29 75.0990594978 11.6675302676 -28.5 75.0990594978 11.6675302676 -29 75.5931322577 11.7442903351 -28.5 75.5931322577 11.7442903351 -29 76.0872050175 11.8210504027 -28.5 76.0872050175 11.8210504027 -29 76.5812777774 11.8978104702 -28.5 76.5812777774 11.8978104702 -29 77.0753505372 11.9745705378 -28.5 77.0753505372 11.9745705378 -29 77.5694232971 12.0513306053 -28.5 77.5694232971 12.0513306053 -29 78.0634960569 12.1280906729 -28.5 78.0634960569 12.1280906729 -29 78.5575688168 12.2048507404 -28.5 78.5575688168 12.2048507404 -29 79.0516415766 12.281610808 -28.5 79.0516415766 12.281610808 -29 73.1940892606 10.891524104 -28.5 73.6886439178 10.965115483 -28.5 73.1940892606 10.891524104 -29 73.6886439178 10.965115483 -29 74.183198575 11.0387068621 -28.5 74.183198575 11.0387068621 -29 74.6777532321 11.1122982412 -28.5 74.6777532321 11.1122982412 -29 75.1723078893 11.1858896203 -28.5 75.1723078893 11.1858896203 -29 75.6668625465 11.2594809994 -28.5 75.6668625465 11.2594809994 -29 76.1614172036 11.3330723784 -28.5 76.1614172036 11.3330723784 -29 76.6559718608 11.4066637575 -28.5 76.6559718608 11.4066637575 -29 77.150526518 11.4802551366 -28.5 77.150526518 11.4802551366 -29 77.6450811751 11.5538465157 -28.5 77.6450811751 11.5538465157 -29 78.1396358323 11.6274378948 -28.5 78.1396358323 11.6274378948 -29 78.6341904895 11.7010292738 -28.5 78.6341904895 11.7010292738 -29 79.1287451466 11.7746206529 -28.5 79.1287451466 11.7746206529 -29 73.2624024265 10.4221106642 -28.5 73.7574186591 10.4925303309 -28.5 73.2624024265 10.4221106642 -29 73.7574186591 10.4925303309 -29 74.2524348917 10.5629499975 -28.5 74.2524348917 10.5629499975 -29 74.7474511243 10.6333696642 -28.5 74.7474511243 10.6333696642 -29 75.2424673569 10.7037893308 -28.5 75.2424673569 10.7037893308 -29 75.7374835896 10.7742089975 -28.5 75.7374835896 10.7742089975 -29 76.2324998222 10.8446286641 -28.5 76.2324998222 10.8446286641 -29 76.7275160548 10.9150483308 -28.5 76.7275160548 10.9150483308 -29 77.2225322874 10.9854679974 -28.5 77.2225322874 10.9854679974 -29 77.71754852 11.0558876641 -28.5 77.71754852 11.0558876641 -29 78.2125647526 11.1263073307 -28.5 78.2125647526 11.1263073307 -29 78.7075809852 11.1967269974 -28.5 78.7075809852 11.1967269974 -29 79.2025972178 11.267146664 -28.5 79.2025972178 11.267146664 -29 73.3277051489 9.95226896697 -28.5 73.8231626162 10.0195140276 -28.5 73.3277051489 9.95226896697 -29 73.8231626162 10.0195140276 -29 74.3186200834 10.0867590881 -28.5 74.3186200834 10.0867590881 -29 74.8140775506 10.1540041487 -28.5 74.8140775506 10.1540041487 -29 75.3095350178 10.2212492093 -28.5 75.3095350178 10.2212492093 -29 75.804992485 10.2884942699 -28.5 75.804992485 10.2884942699 -29 76.3004499523 10.3557393305 -28.5 76.3004499523 10.3557393305 -29 76.7959074195 10.4229843911 -28.5 76.7959074195 10.4229843911 -29 77.2913648867 10.4902294517 -28.5 77.2913648867 10.4902294517 -29 77.7868223539 10.5574745123 -28.5 77.7868223539 10.5574745123 -29 78.2822798212 10.6247195728 -28.5 78.2822798212 10.6247195728 -29 78.7777372884 10.6919646334 -28.5 78.7777372884 10.6919646334 -29 79.2731947556 10.759209694 -28.5 79.2731947556 10.759209694 -29 73.3899947446 9.48201831858 -28.5 73.8858730874 9.54608600992 -28.5 73.3899947446 9.48201831858 -29 73.8858730874 9.54608600992 -29 74.3817514303 9.61015370126 -28.5 74.3817514303 9.61015370126 -29 74.8776297732 9.6742213926 -28.5 74.8776297732 9.6742213926 -29 75.373508116 9.73828908394 -28.5 75.373508116 9.73828908394 -29 75.8693864589 9.80235677529 -28.5 75.8693864589 9.80235677529 -29 76.3652648018 9.86642446663 -28.5 76.3652648018 9.86642446663 -29 76.8611431446 9.93049215797 -28.5 76.8611431446 9.93049215797 -29 77.3570214875 9.99455984931 -28.5 77.3570214875 9.99455984931 -29 77.8528998304 10.0586275407 -28.5 77.8528998304 10.0586275407 -29 78.3487781732 10.122695232 -28.5 78.3487781732 10.122695232 -29 78.8446565161 10.1867629233 -28.5 78.8446565161 10.1867629233 -29 79.340534859 10.2508306147 -28.5 79.340534859 10.2508306147 -29 73.4492686538 9.01137804223 -28.5 73.9455474961 9.07226573171 -28.5 73.4492686538 9.01137804223 -29 73.9455474961 9.07226573171 -29 74.4418263383 9.13315342118 -28.5 74.4418263383 9.13315342118 -29 74.9381051806 9.19404111066 -28.5 74.9381051806 9.19404111066 -29 75.4343840228 9.25492880013 -28.5 75.4343840228 9.25492880013 -29 75.9306628651 9.3158164896 -28.5 75.9306628651 9.3158164896 -29 76.4269417073 9.37670417908 -28.5 76.4269417073 9.37670417908 -29 76.9232205496 9.43759186855 -28.5 76.9232205496 9.43759186855 -29 77.4194993919 9.49847955803 -28.5 77.4194993919 9.49847955803 -29 77.9157782341 9.5593672475 -28.5 77.9157782341 9.5593672475 -29 78.4120570764 9.62025493698 -28.5 78.4120570764 9.62025493698 -29 78.9083359186 9.68114262645 -28.5 78.9083359186 9.68114262645 -29 79.4046147609 9.74203031593 -28.5 79.4046147609 9.74203031593 -29 73.5055244411 8.54036747713 -28.5 74.00218339 8.59807266279 -28.5 73.5055244411 8.54036747713 -29 74.00218339 8.59807266279 -29 74.4988423389 8.65577784844 -28.5 74.4988423389 8.65577784844 -29 74.9955012878 8.7134830341 -28.5 74.9955012878 8.7134830341 -29 75.4921602368 8.77118821976 -28.5 75.4921602368 8.77118821976 -29 75.9888191857 8.82889340541 -28.5 75.9888191857 8.82889340541 -29 76.4854781346 8.88659859107 -28.5 76.4854781346 8.88659859107 -29 76.9821370835 8.94430377672 -28.5 76.9821370835 8.94430377672 -29 77.4787960325 9.00200896238 -28.5 77.4787960325 9.00200896238 -29 77.9754549814 9.05971414804 -28.5 77.9754549814 9.05971414804 -29 78.4721139303 9.11741933369 -28.5 78.4721139303 9.11741933369 -29 78.9687728792 9.17512451935 -28.5 78.9687728792 9.17512451935 -29 79.4654318282 9.23282970501 -28.5 79.4654318282 9.23282970501 -29 73.5587597947 8.06900597768 -28.5 74.0557784419 8.12352628834 -28.5 73.5587597947 8.06900597768 -29 74.0557784419 8.12352628834 -29 74.5527970892 8.178046599 -28.5 74.5527970892 8.178046599 -29 75.0498157365 8.23256690966 -28.5 75.0498157365 8.23256690966 -29 75.5468343837 8.28708722032 -28.5 75.5468343837 8.28708722032 -29 76.043853031 8.34160753098 -28.5 76.043853031 8.34160753098 -29 76.5408716783 8.39612784164 -28.5 76.5408716783 8.39612784164 -29 77.0378903255 8.4506481523 -28.5 77.0378903255 8.4506481523 -29 77.5349089728 8.50516846296 -28.5 77.5349089728 8.50516846296 -29 78.03192762 8.55968877362 -28.5 78.03192762 8.55968877362 -29 78.5289462673 8.61420908428 -28.5 78.5289462673 8.61420908428 -29 79.0259649146 8.66872939494 -28.5 79.0259649146 8.66872939494 -29 79.5229835618 8.7232497056 -28.5 79.5229835618 8.7232497056 -29 73.6089725272 7.59731291272 -28.5 74.1063304497 7.64864610808 -28.5 73.6089725272 7.59731291272 -29 74.1063304497 7.64864610808 -29 74.6036883721 7.69997930344 -28.5 74.6036883721 7.69997930344 -29 75.1010462946 7.75131249879 -28.5 75.1010462946 7.75131249879 -29 75.5984042171 7.80264569415 -28.5 75.5984042171 7.80264569415 -29 76.0957621396 7.8539788895 -28.5 76.0957621396 7.8539788895 -29 76.5931200621 7.90531208486 -28.5 76.5931200621 7.90531208486 -29 77.0904779845 7.95664528022 -28.5 77.0904779845 7.95664528022 -29 77.587835907 8.00797847557 -28.5 77.587835907 8.00797847557 -29 78.0851938295 8.05931167093 -28.5 78.0851938295 8.05931167093 -29 78.582551752 8.11064486629 -28.5 78.582551752 8.11064486629 -29 79.0799096745 8.16197806164 -28.5 79.0799096745 8.16197806164 -29 79.5772675969 8.213311257 -28.5 79.5772675969 8.213311257 -29 73.6561605752 7.1253076647 -28.5 74.1538373359 7.17345163541 -28.5 73.6561605752 7.1253076647 -29 74.1538373359 7.17345163541 -29 74.6515140965 7.22159560612 -28.5 74.6515140965 7.22159560612 -29 75.1491908572 7.26973957683 -28.5 75.1491908572 7.26973957683 -29 75.6468676178 7.31788354753 -28.5 75.6468676178 7.31788354753 -29 76.1445443784 7.36602751824 -28.5 76.1445443784 7.36602751824 -29 76.6422211391 7.41417148895 -28.5 76.6422211391 7.41417148895 -29 77.1398978997 7.46231545966 -28.5 77.1398978997 7.46231545966 -29 77.6375746604 7.51045943036 -28.5 77.6375746604 7.51045943036 -29 78.135251421 7.55860340107 -28.5 78.135251421 7.55860340107 -29 78.6329281817 7.60674737178 -28.5 78.6329281817 7.60674737178 -29 79.1306049423 7.65489134249 -28.5 79.1306049423 7.65489134249 -29 79.6282817029 7.70303531319 -28.5 79.6282817029 7.70303531319 -29 73.7003219998 6.65300962891 -28.5 74.1982971485 6.69796239667 -28.5 73.7003219998 6.65300962891 -29 74.1982971485 6.69796239667 -29 74.6962722971 6.74291516444 -28.5 74.6962722971 6.74291516444 -29 75.1942474458 6.7878679322 -28.5 75.1942474458 6.7878679322 -29 75.6922225944 6.83282069996 -28.5 75.6922225944 6.83282069996 -29 76.1901977431 6.87777346773 -28.5 76.1901977431 6.87777346773 -29 76.6881728917 6.92272623549 -28.5 76.6881728917 6.92272623549 -29 77.1861480404 6.96767900325 -28.5 77.1861480404 6.96767900325 -29 77.684123189 7.01263177101 -28.5 77.684123189 7.01263177101 -29 78.1820983377 7.05758453878 -28.5 78.1820983377 7.05758453878 -29 78.6800734863 7.10253730654 -28.5 78.6800734863 7.10253730654 -29 79.1780486349 7.1474900743 -28.5 79.1780486349 7.1474900743 -29 79.6760237836 7.19244284207 -28.5 79.6760237836 7.19244284207 -29 73.7414549863 6.18043821266 -28.5 74.2397080606 6.22219793031 -28.5 73.7414549863 6.18043821266 -29 74.2397080606 6.22219793031 -29 74.7379611348 6.26395764797 -28.5 74.7379611348 6.26395764797 -29 75.236214209 6.30571736562 -28.5 75.236214209 6.30571736562 -29 75.7344672832 6.34747708327 -28.5 75.7344672832 6.34747708327 -29 76.2327203575 6.38923680093 -28.5 76.2327203575 6.38923680093 -29 76.7309734317 6.43099651858 -28.5 76.7309734317 6.43099651858 -29 77.2292265059 6.47275623623 -28.5 77.2292265059 6.47275623623 -29 77.7274795802 6.51451595388 -28.5 77.7274795802 6.51451595388 -29 78.2257326544 6.55627567154 -28.5 78.2257326544 6.55627567154 -29 78.7239857286 6.59803538919 -28.5 78.7239857286 6.59803538919 -29 79.2222388029 6.63979510684 -28.5 79.2222388029 6.63979510684 -29 79.7204918771 6.6815548245 -28.5 79.7204918771 6.6815548245 -29 73.9905815234 6.20131807149 -28 74.0288131075 5.72689531029 -28 74.5065523616 5.76385338889 -28 74.4680740529 6.2413378009 -28 73.9905815234 6.20131807149 -28.5 74.0288131075 5.72689531029 -28.5 74.5065523616 5.76385338889 -28.5 74.4680740529 6.2413378009 -28.5 73.9905815234 6.20131807149 -29 74.0288131075 5.72689531029 -28.9949090909 74.5065523616 5.76385338889 -28.9949090909 74.4680740529 6.2413378009 -29 74.9842916156 5.80081146749 -28 74.9455665824 6.28135753032 -28 74.9842916156 5.80081146749 -28.5 74.9455665824 6.28135753032 -28.5 74.9842916156 5.80081146749 -28.9949090909 74.9455665824 6.28135753032 -29 75.4620308697 5.8377695461 -28 75.4230591119 6.32137725974 -28 75.4620308697 5.8377695461 -28.5 75.4230591119 6.32137725974 -28.5 75.4620308697 5.8377695461 -28.9949090909 75.4230591119 6.32137725974 -29 75.9397701237 5.8747276247 -28 75.9005516413 6.36139698916 -28 75.9397701237 5.8747276247 -28.5 75.9005516413 6.36139698916 -28.5 75.9397701237 5.8747276247 -28.9949090909 75.9005516413 6.36139698916 -29 76.4175093778 5.9116857033 -28 76.3780441708 6.40141671857 -28 76.4175093778 5.9116857033 -28.5 76.3780441708 6.40141671857 -28.5 76.4175093778 5.9116857033 -28.9949090909 76.3780441708 6.40141671857 -29 76.8952486319 5.9486437819 -28 76.8555367003 6.44143644799 -28 76.8952486319 5.9486437819 -28.5 76.8555367003 6.44143644799 -28.5 76.8952486319 5.9486437819 -28.9949090909 76.8555367003 6.44143644799 -29 77.3729878859 5.9856018605 -28 77.3330292297 6.48145617741 -28 77.3729878859 5.9856018605 -28.5 77.3330292297 6.48145617741 -28.5 77.3729878859 5.9856018605 -28.9949090909 77.3330292297 6.48145617741 -29 77.85072714 6.0225599391 -28 77.8105217592 6.52147590683 -28 77.85072714 6.0225599391 -28.5 77.8105217592 6.52147590683 -28.5 77.85072714 6.0225599391 -28.9949090909 77.8105217592 6.52147590683 -29 78.328466394 6.05951801771 -28 78.2880142887 6.56149563624 -28 78.328466394 6.05951801771 -28.5 78.2880142887 6.56149563624 -28.5 78.328466394 6.05951801771 -28.9949090909 78.2880142887 6.56149563624 -29 78.8062056481 6.09647609631 -28 78.7655068182 6.60151536566 -28 78.8062056481 6.09647609631 -28.5 78.7655068182 6.60151536566 -28.5 78.8062056481 6.09647609631 -28.9949090909 78.7655068182 6.60151536566 -29 79.2839449022 6.13343417491 -28 79.2429993476 6.64153509508 -28 79.2839449022 6.13343417491 -28.5 79.2429993476 6.64153509508 -28.5 79.2839449022 6.13343417491 -28.9949090909 79.2429993476 6.64153509508 -29 79.7616841562 6.17039225351 -28 79.7204918771 6.6815548245 -28 79.7616841562 6.17039225351 -28.5 79.7616841562 6.17039225351 -28.9949090909 74.0640027554 5.25223722383 -28 74.5419691031 5.28613213296 -28 74.0640027554 5.25223722383 -28.5 74.5419691031 5.28613213296 -28.5 74.0640027554 5.25223722383 -28.9798787879 74.5419691031 5.28613213296 -28.9798787879 75.0199354508 5.32002704209 -28 75.0199354508 5.32002704209 -28.5 75.0199354508 5.32002704209 -28.9798787879 75.4979017986 5.35392195122 -28 75.4979017986 5.35392195122 -28.5 75.4979017986 5.35392195122 -28.9798787879 75.9758681463 5.38781686036 -28 75.9758681463 5.38781686036 -28.5 75.9758681463 5.38781686036 -28.9798787879 76.4538344941 5.42171176949 -28 76.4538344941 5.42171176949 -28.5 76.4538344941 5.42171176949 -28.9798787879 76.9318008418 5.45560667862 -28 76.9318008418 5.45560667862 -28.5 76.9318008418 5.45560667862 -28.9798787879 77.4097671896 5.48950158775 -28 77.4097671896 5.48950158775 -28.5 77.4097671896 5.48950158775 -28.9798787879 77.8877335373 5.52339649689 -28 77.8877335373 5.52339649689 -28.5 77.8877335373 5.52339649689 -28.9798787879 78.3656998851 5.55729140602 -28 78.3656998851 5.55729140602 -28.5 78.3656998851 5.55729140602 -28.9798787879 78.8436662328 5.59118631515 -28 78.8436662328 5.59118631515 -28.5 78.8436662328 5.59118631515 -28.9798787879 79.3216325806 5.62508122428 -28 79.3216325806 5.62508122428 -28.5 79.3216325806 5.62508122428 -28.9798787879 79.7995989283 5.65897613342 -28 79.7995989283 5.65897613342 -28.5 79.7995989283 5.65897613342 -28.9798787879 74.096149021 4.77736331639 -28 74.5743228222 4.80819366327 -28 74.096149021 4.77736331639 -28.5 74.5743228222 4.80819366327 -28.5 74.096149021 4.77736331639 -28.9552727273 74.5743228222 4.80819366327 -28.9552727273 75.0524966234 4.83902401015 -28 75.0524966234 4.83902401015 -28.5 75.0524966234 4.83902401015 -28.9552727273 75.5306704246 4.86985435703 -28 75.5306704246 4.86985435703 -28.5 75.5306704246 4.86985435703 -28.9552727273 76.0088442258 4.90068470391 -28 76.0088442258 4.90068470391 -28.5 76.0088442258 4.90068470391 -28.9552727273 76.487018027 4.93151505078 -28 76.487018027 4.93151505078 -28.5 76.487018027 4.93151505078 -28.9552727273 76.9651918282 4.96234539766 -28 76.9651918282 4.96234539766 -28.5 76.9651918282 4.96234539766 -28.9552727273 77.4433656294 4.99317574454 -28 77.4433656294 4.99317574454 -28.5 77.4433656294 4.99317574454 -28.9552727273 77.9215394306 5.02400609142 -28 77.9215394306 5.02400609142 -28.5 77.9215394306 5.02400609142 -28.9552727273 78.3997132318 5.0548364383 -28 78.3997132318 5.0548364383 -28.5 78.3997132318 5.0548364383 -28.9552727273 78.877887033 5.08566678518 -28 78.877887033 5.08566678518 -28.5 78.877887033 5.08566678518 -28.9552727273 79.3560608342 5.11649713206 -28 79.3560608342 5.11649713206 -28.5 79.3560608342 5.11649713206 -28.9552727273 79.8342346354 5.14732747894 -28 79.8342346354 5.14732747894 -28.5 79.8342346354 5.14732747894 -28.9552727273 74.1252505835 4.30229310114 -28 74.6036121894 4.33005761891 -28 74.1252505835 4.30229310114 -28.5 74.6036121894 4.33005761891 -28.5 74.1252505835 4.30229310114 -28.9214545455 74.6036121894 4.33005761891 -28.9214545455 75.0819737953 4.35782213667 -28 75.0819737953 4.35782213667 -28.5 75.0819737953 4.35782213667 -28.9214545455 75.5603354012 4.38558665444 -28 75.5603354012 4.38558665444 -28.5 75.5603354012 4.38558665444 -28.9214545455 76.0386970071 4.41335117221 -28 76.0386970071 4.41335117221 -28.5 76.0386970071 4.41335117221 -28.9214545455 76.517058613 4.44111568998 -28 76.517058613 4.44111568998 -28.5 76.517058613 4.44111568998 -28.9214545455 76.9954202189 4.46888020775 -28 76.9954202189 4.46888020775 -28.5 76.9954202189 4.46888020775 -28.9214545455 77.4737818248 4.49664472552 -28 77.4737818248 4.49664472552 -28.5 77.4737818248 4.49664472552 -28.9214545455 77.9521434307 4.52440924328 -28 77.9521434307 4.52440924328 -28.5 77.9521434307 4.52440924328 -28.9214545455 78.4305050366 4.55217376105 -28 78.4305050366 4.55217376105 -28.5 78.4305050366 4.55217376105 -28.9214545455 78.9088666425 4.57993827882 -28 78.9088666425 4.57993827882 -28.5 78.9088666425 4.57993827882 -28.9214545455 79.3872282484 4.60770279659 -28 79.3872282484 4.60770279659 -28.5 79.3872282484 4.60770279659 -28.9214545455 79.8655898543 4.63546731436 -28 79.8655898543 4.63546731436 -28.5 79.8655898543 4.63546731436 -28.9214545455 74.1513062471 3.8270460993 -28 74.6298360012 3.85174364708 -28 74.1513062471 3.8270460993 -28.5 74.6298360012 3.85174364708 -28.5 74.1513062471 3.8270460993 -28.8787878788 74.6298360012 3.85174364708 -28.8787878788 75.1083657554 3.87644119486 -28 75.1083657554 3.87644119486 -28.5 75.1083657554 3.87644119486 -28.8787878788 75.5868955095 3.90113874264 -28 75.5868955095 3.90113874264 -28.5 75.5868955095 3.90113874264 -28.8787878788 76.0654252636 3.92583629041 -28 76.0654252636 3.92583629041 -28.5 76.0654252636 3.92583629041 -28.8787878788 76.5439550177 3.95053383819 -28 76.5439550177 3.95053383819 -28.5 76.5439550177 3.95053383819 -28.8787878788 77.0224847718 3.97523138597 -28 77.0224847718 3.97523138597 -28.5 77.0224847718 3.97523138597 -28.8787878788 77.501014526 3.99992893375 -28 77.501014526 3.99992893375 -28.5 77.501014526 3.99992893375 -28.8787878788 77.9795442801 4.02462648153 -28 77.9795442801 4.02462648153 -28.5 77.9795442801 4.02462648153 -28.8787878788 78.4580740342 4.04932402931 -28 78.4580740342 4.04932402931 -28.5 78.4580740342 4.04932402931 -28.8787878788 78.9366037883 4.07402157709 -28 78.9366037883 4.07402157709 -28.5 78.9366037883 4.07402157709 -28.8787878788 79.4151335424 4.09871912487 -28 79.4151335424 4.09871912487 -28.5 79.4151335424 4.09871912487 -28.8787878788 79.8936632966 4.12341667265 -28 79.8936632966 4.12341667265 -28.5 79.8936632966 4.12341667265 -28.8787878788 74.1743149411 3.35164183937 -28 74.6529931801 3.3732714023 -28 74.1743149411 3.35164183937 -28.5 74.6529931801 3.3732714023 -28.5 74.1743149411 3.35164183937 -28.8276363636 74.6529931801 3.3732714023 -28.8276363636 75.131671419 3.39490096524 -28 75.131671419 3.39490096524 -28.5 75.131671419 3.39490096524 -28.8276363636 75.610349658 3.41653052818 -28 75.610349658 3.41653052818 -28.5 75.610349658 3.41653052818 -28.8276363636 76.0890278969 3.43816009111 -28 76.0890278969 3.43816009111 -28.5 76.0890278969 3.43816009111 -28.8276363636 76.5677061359 3.45978965405 -28 76.5677061359 3.45978965405 -28.5 76.5677061359 3.45978965405 -28.8276363636 77.0463843748 3.48141921698 -28 77.0463843748 3.48141921698 -28.5 77.0463843748 3.48141921698 -28.8276363636 77.5250626138 3.50304877992 -28 77.5250626138 3.50304877992 -28.5 77.5250626138 3.50304877992 -28.8276363636 78.0037408528 3.52467834286 -28 78.0037408528 3.52467834286 -28.5 78.0037408528 3.52467834286 -28.8276363636 78.4824190917 3.54630790579 -28 78.4824190917 3.54630790579 -28.5 78.4824190917 3.54630790579 -28.8276363636 78.9610973307 3.56793746873 -28 78.9610973307 3.56793746873 -28.5 78.9610973307 3.56793746873 -28.8276363636 79.4397755696 3.58956703167 -28 79.4397755696 3.58956703167 -28.5 79.4397755696 3.58956703167 -28.8276363636 79.9184538086 3.6111965946 -28 79.9184538086 3.6111965946 -28.5 79.9184538086 3.6111965946 -28.8276363636 74.4240601092 3.36292682872 -27.5 74.4440880962 2.88578369419 -27.5 74.9020774525 2.90353739701 -27.5 74.8819262509 3.38361597588 -27.5 74.4240601092 3.36292682872 -28 74.4440880962 2.88578369419 -28 74.9020774525 2.90353739701 -28 74.8819262509 3.38361597588 -28 74.4240601092 3.36292682872 -28.5 74.4440880962 2.88578369419 -28.5 74.9020774525 2.90353739701 -28.5 74.8819262509 3.38361597588 -28.5 74.4240601092 3.36292682872 -28.8276363636 74.4440880962 2.88578369419 -28.7683636364 74.9020774525 2.90353739701 -28.7683636364 74.8819262509 3.38361597588 -28.8276363636 75.3600668088 2.92129109983 -27.5 75.3397923925 3.40430512304 -27.5 75.3600668088 2.92129109983 -28 75.3397923925 3.40430512304 -28 75.3600668088 2.92129109983 -28.5 75.3397923925 3.40430512304 -28.5 75.3600668088 2.92129109983 -28.7683636364 75.3397923925 3.40430512304 -28.8276363636 75.8180561651 2.93904480264 -27.5 75.7976585341 3.42499427019 -27.5 75.8180561651 2.93904480264 -28 75.7976585341 3.42499427019 -28 75.8180561651 2.93904480264 -28.5 75.7976585341 3.42499427019 -28.5 75.8180561651 2.93904480264 -28.7683636364 75.7976585341 3.42499427019 -28.8276363636 76.2760455214 2.95679850546 -27.5 76.2555246757 3.44568341735 -27.5 76.2760455214 2.95679850546 -28 76.2555246757 3.44568341735 -28 76.2760455214 2.95679850546 -28.5 76.2555246757 3.44568341735 -28.5 76.2760455214 2.95679850546 -28.7683636364 76.2555246757 3.44568341735 -28.8276363636 76.7340348777 2.97455220828 -27.5 76.7133908173 3.46637256451 -27.5 76.7340348777 2.97455220828 -28 76.7133908173 3.46637256451 -28 76.7340348777 2.97455220828 -28.5 76.7133908173 3.46637256451 -28.5 76.7340348777 2.97455220828 -28.7683636364 76.7133908173 3.46637256451 -28.8276363636 77.1920242339 2.99230591109 -27.5 77.1712569589 3.48706171166 -27.5 77.1920242339 2.99230591109 -28 77.1712569589 3.48706171166 -28 77.1920242339 2.99230591109 -28.5 77.1712569589 3.48706171166 -28.5 77.1920242339 2.99230591109 -28.7683636364 77.1712569589 3.48706171166 -28.8276363636 77.6500135902 3.01005961391 -27.5 77.6291231005 3.50775085882 -27.5 77.6500135902 3.01005961391 -28 77.6291231005 3.50775085882 -28 77.6500135902 3.01005961391 -28.5 77.6291231005 3.50775085882 -28.5 77.6500135902 3.01005961391 -28.7683636364 77.6291231005 3.50775085882 -28.8276363636 78.1080029465 3.02781331672 -27.5 78.0869892421 3.52844000598 -27.5 78.1080029465 3.02781331672 -28 78.0869892421 3.52844000598 -28 78.1080029465 3.02781331672 -28.5 78.0869892421 3.52844000598 -28.5 78.1080029465 3.02781331672 -28.7683636364 78.0869892421 3.52844000598 -28.8276363636 78.5659923028 3.04556701954 -27.5 78.5448553838 3.54912915313 -27.5 78.5659923028 3.04556701954 -28 78.5448553838 3.54912915313 -28 78.5659923028 3.04556701954 -28.5 78.5448553838 3.54912915313 -28.5 78.5659923028 3.04556701954 -28.7683636364 78.5448553838 3.54912915313 -28.8276363636 79.0239816591 3.06332072236 -27.5 79.0027215254 3.56981830029 -27.5 79.0239816591 3.06332072236 -28 79.0027215254 3.56981830029 -28 79.0239816591 3.06332072236 -28.5 79.0027215254 3.56981830029 -28.5 79.0239816591 3.06332072236 -28.7683636364 79.0027215254 3.56981830029 -28.8276363636 79.4819710154 3.08107442517 -27.5 79.460587667 3.59050744745 -27.5 79.4819710154 3.08107442517 -28 79.460587667 3.59050744745 -28 79.4819710154 3.08107442517 -28.5 79.460587667 3.59050744745 -28.5 79.4819710154 3.08107442517 -28.7683636364 79.460587667 3.59050744745 -28.8276363636 79.9399603717 3.09882812799 -27.5 79.9184538086 3.6111965946 -27.5 79.9399603717 3.09882812799 -28 79.9399603717 3.09882812799 -28.5 79.9399603717 3.09882812799 -28.7683636364 74.4610570827 2.40852197921 -27.5 74.9191508343 2.42333950817 -27.5 74.4610570827 2.40852197921 -28 74.9191508343 2.42333950817 -28 74.4610570827 2.40852197921 -28.7013333333 74.9191508343 2.42333950817 -28.7013333333 75.377244586 2.43815703712 -27.5 75.377244586 2.43815703712 -28 75.377244586 2.43815703712 -28.7013333333 75.8353383376 2.45297456608 -27.5 75.8353383376 2.45297456608 -28 75.8353383376 2.45297456608 -28.7013333333 76.2934320892 2.46779209503 -27.5 76.2934320892 2.46779209503 -28 76.2934320892 2.46779209503 -28.7013333333 76.7515258409 2.48260962398 -27.5 76.7515258409 2.48260962398 -28 76.7515258409 2.48260962398 -28.7013333333 77.2096195925 2.49742715294 -27.5 77.2096195925 2.49742715294 -28 77.2096195925 2.49742715294 -28.7013333333 77.6677133441 2.51224468189 -27.5 77.6677133441 2.51224468189 -28 77.6677133441 2.51224468189 -28.7013333333 78.1258070957 2.52706221085 -27.5 78.1258070957 2.52706221085 -28 78.1258070957 2.52706221085 -28.7013333333 78.5839008474 2.5418797398 -27.5 78.5839008474 2.5418797398 -28 78.5839008474 2.5418797398 -28.7013333333 79.041994599 2.55669726876 -27.5 79.041994599 2.55669726876 -28 79.041994599 2.55669726876 -28.7013333333 79.5000883506 2.57151479771 -27.5 79.5000883506 2.57151479771 -28 79.5000883506 2.57151479771 -28.7013333333 79.9581821022 2.58633232667 -27.5 79.9581821022 2.58633232667 -28 79.9581821022 2.58633232667 -28.7013333333 74.7109264018 2.41660426773 -27 74.7248823661 1.93764170209 -27 75.1622353566 1.94898241439 -27 75.1481977102 2.43074827264 -27 74.7109264018 2.41660426773 -27.5 74.7248823661 1.93764170209 -27.5 75.1622353566 1.94898241439 -27.5 75.1481977102 2.43074827264 -27.5 74.7109264018 2.41660426773 -28 74.7248823661 1.93764170209 -28 75.1622353566 1.94898241439 -28 75.1481977102 2.43074827264 -28 74.7109264018 2.41660426773 -28.7013333333 74.7248823661 1.93764170209 -28.6269090909 75.1622353566 1.94898241439 -28.6269090909 75.1481977102 2.43074827264 -28.7013333333 75.599588347 1.9603231267 -27 75.5854690185 2.44489227755 -27 75.599588347 1.9603231267 -27.5 75.5854690185 2.44489227755 -27.5 75.599588347 1.9603231267 -28 75.5854690185 2.44489227755 -28 75.599588347 1.9603231267 -28.6269090909 75.5854690185 2.44489227755 -28.7013333333 76.0369413375 1.971663839 -27 76.0227403269 2.45903628247 -27 76.0369413375 1.971663839 -27.5 76.0227403269 2.45903628247 -27.5 76.0369413375 1.971663839 -28 76.0227403269 2.45903628247 -28 76.0369413375 1.971663839 -28.6269090909 76.0227403269 2.45903628247 -28.7013333333 76.4742943279 1.9830045513 -27 76.4600116353 2.47318028738 -27 76.4742943279 1.9830045513 -27.5 76.4600116353 2.47318028738 -27.5 76.4742943279 1.9830045513 -28 76.4600116353 2.47318028738 -28 76.4742943279 1.9830045513 -28.6269090909 76.4600116353 2.47318028738 -28.7013333333 76.9116473183 1.9943452636 -27 76.8972829436 2.48732429229 -27 76.9116473183 1.9943452636 -27.5 76.8972829436 2.48732429229 -27.5 76.9116473183 1.9943452636 -28 76.8972829436 2.48732429229 -28 76.9116473183 1.9943452636 -28.6269090909 76.8972829436 2.48732429229 -28.7013333333 77.3490003088 2.00568597591 -27 77.334554252 2.5014682972 -27 77.3490003088 2.00568597591 -27.5 77.334554252 2.5014682972 -27.5 77.3490003088 2.00568597591 -28 77.334554252 2.5014682972 -28 77.3490003088 2.00568597591 -28.6269090909 77.334554252 2.5014682972 -28.7013333333 77.7863532992 2.01702668821 -27 77.7718255604 2.51561230211 -27 77.7863532992 2.01702668821 -27.5 77.7718255604 2.51561230211 -27.5 77.7863532992 2.01702668821 -28 77.7718255604 2.51561230211 -28 77.7863532992 2.01702668821 -28.6269090909 77.7718255604 2.51561230211 -28.7013333333 78.2237062896 2.02836740051 -27 78.2090968688 2.52975630702 -27 78.2237062896 2.02836740051 -27.5 78.2090968688 2.52975630702 -27.5 78.2237062896 2.02836740051 -28 78.2090968688 2.52975630702 -28 78.2237062896 2.02836740051 -28.6269090909 78.2090968688 2.52975630702 -28.7013333333 78.6610592801 2.03970811282 -27 78.6463681771 2.54390031193 -27 78.6610592801 2.03970811282 -27.5 78.6463681771 2.54390031193 -27.5 78.6610592801 2.03970811282 -28 78.6463681771 2.54390031193 -28 78.6610592801 2.03970811282 -28.6269090909 78.6463681771 2.54390031193 -28.7013333333 79.0984122705 2.05104882512 -27 79.0836394855 2.55804431685 -27 79.0984122705 2.05104882512 -27.5 79.0836394855 2.55804431685 -27.5 79.0984122705 2.05104882512 -28 79.0836394855 2.55804431685 -28 79.0984122705 2.05104882512 -28.6269090909 79.0836394855 2.55804431685 -28.7013333333 79.535765261 2.06238953742 -27 79.5209107939 2.57218832176 -27 79.535765261 2.06238953742 -27.5 79.5209107939 2.57218832176 -27.5 79.535765261 2.06238953742 -28 79.5209107939 2.57218832176 -28 79.535765261 2.06238953742 -28.6269090909 79.5209107939 2.57218832176 -28.7013333333 79.9731182514 2.07373024973 -27 79.9581821022 2.58633232667 -27 79.9731182514 2.07373024973 -27.5 79.9731182514 2.07373024973 -28 79.9731182514 2.07373024973 -28.6269090909 74.7357677919 1.45859951633 -27 75.1731844931 1.46713647002 -27 74.7357677919 1.45859951633 -27.5 75.1731844931 1.46713647002 -27.5 74.7357677919 1.45859951633 -28 75.1731844931 1.46713647002 -28 74.7357677919 1.45859951633 -28.5454545455 75.1731844931 1.46713647002 -28.5454545455 75.6106011942 1.47567342372 -27 75.6106011942 1.47567342372 -27.5 75.6106011942 1.47567342372 -28 75.6106011942 1.47567342372 -28.5454545455 76.0480178953 1.48421037741 -27 76.0480178953 1.48421037741 -27.5 76.0480178953 1.48421037741 -28 76.0480178953 1.48421037741 -28.5454545455 76.4854345964 1.4927473311 -27 76.4854345964 1.4927473311 -27.5 76.4854345964 1.4927473311 -28 76.4854345964 1.4927473311 -28.5454545455 76.9228512976 1.50128428479 -27 76.9228512976 1.50128428479 -27.5 76.9228512976 1.50128428479 -28 76.9228512976 1.50128428479 -28.5454545455 77.3602679987 1.50982123848 -27 77.3602679987 1.50982123848 -27.5 77.3602679987 1.50982123848 -28 77.3602679987 1.50982123848 -28.5454545455 77.7976846998 1.51835819217 -27 77.7976846998 1.51835819217 -27.5 77.7976846998 1.51835819217 -28 77.7976846998 1.51835819217 -28.5454545455 78.2351014009 1.52689514586 -27 78.2351014009 1.52689514586 -27.5 78.2351014009 1.52689514586 -28 78.2351014009 1.52689514586 -28.5454545455 78.6725181021 1.53543209955 -27 78.6725181021 1.53543209955 -27.5 78.6725181021 1.53543209955 -28 78.6725181021 1.53543209955 -28.5454545455 79.1099348032 1.54396905324 -27 79.1099348032 1.54396905324 -27.5 79.1099348032 1.54396905324 -28 79.1099348032 1.54396905324 -28.5454545455 79.5473515043 1.55250600693 -27 79.5473515043 1.55250600693 -27.5 79.5473515043 1.55250600693 -28 79.5473515043 1.55250600693 -28.5454545455 79.9847682054 1.56104296062 -27 79.9847682054 1.56104296062 -27.5 79.9847682054 1.56104296062 -28 79.9847682054 1.56104296062 -28.5454545455 74.7435822319 0.979497394906 -27 75.1810446697 0.985230239191 -27 74.7435822319 0.979497394906 -27.5 75.1810446697 0.985230239191 -27.5 74.7435822319 0.979497394906 -28 75.1810446697 0.985230239191 -28 74.7435822319 0.979497394906 -28.4573333333 75.1810446697 0.985230239191 -28.4573333333 75.6185071075 0.990963083475 -27 75.6185071075 0.990963083475 -27.5 75.6185071075 0.990963083475 -28 75.6185071075 0.990963083475 -28.4573333333 76.0559695453 0.99669592776 -27 76.0559695453 0.99669592776 -27.5 76.0559695453 0.99669592776 -28 76.0559695453 0.99669592776 -28.4573333333 76.4934319831 1.00242877204 -27 76.4934319831 1.00242877204 -27.5 76.4934319831 1.00242877204 -28 76.4934319831 1.00242877204 -28.4573333333 76.9308944209 1.00816161633 -27 76.9308944209 1.00816161633 -27.5 76.9308944209 1.00816161633 -28 76.9308944209 1.00816161633 -28.4573333333 77.3683568587 1.01389446061 -27 77.3683568587 1.01389446061 -27.5 77.3683568587 1.01389446061 -28 77.3683568587 1.01389446061 -28.4573333333 77.8058192966 1.0196273049 -27 77.8058192966 1.0196273049 -27.5 77.8058192966 1.0196273049 -28 77.8058192966 1.0196273049 -28.4573333333 78.2432817344 1.02536014918 -27 78.2432817344 1.02536014918 -27.5 78.2432817344 1.02536014918 -28 78.2432817344 1.02536014918 -28.4573333333 78.6807441722 1.03109299347 -27 78.6807441722 1.03109299347 -27.5 78.6807441722 1.03109299347 -28 78.6807441722 1.03109299347 -28.4573333333 79.11820661 1.03682583775 -27 79.11820661 1.03682583775 -27.5 79.11820661 1.03682583775 -28 79.11820661 1.03682583775 -28.4573333333 79.5556690478 1.04255868204 -27 79.5556690478 1.04255868204 -27.5 79.5556690478 1.04255868204 -28 79.5556690478 1.04255868204 -28.4573333333 79.9931314856 1.04829152632 -27 79.9931314856 1.04829152632 -27.5 79.9931314856 1.04829152632 -28 79.9931314856 1.04829152632 -28.4573333333 74.9935607678 0.982773305926 -26.5 74.9983197641 0.502028452886 -26.5 75.4149770961 0.504817499846 -26.5 75.4101916609 0.988233157625 -26.5 74.9935607678 0.982773305926 -27 74.9983197641 0.502028452886 -27 75.4149770961 0.504817499846 -27 75.4101916609 0.988233157625 -27 74.9935607678 0.982773305926 -27.5 74.9983197641 0.502028452886 -27.5 75.4149770961 0.504817499846 -27.5 75.4101916609 0.988233157625 -27.5 74.9935607678 0.982773305926 -28 74.9983197641 0.502028452886 -28 75.4149770961 0.504817499846 -28 75.4101916609 0.988233157625 -28 74.9935607678 0.982773305926 -28.4573333333 74.9983197641 0.502028452886 -28.3629090909 75.4149770961 0.504817499846 -28.3629090909 75.4101916609 0.988233157625 -28.4573333333 75.8316344281 0.507606546807 -26.5 75.8268225541 0.993693009325 -26.5 75.8316344281 0.507606546807 -27 75.8268225541 0.993693009325 -27 75.8316344281 0.507606546807 -27.5 75.8268225541 0.993693009325 -27.5 75.8316344281 0.507606546807 -28 75.8268225541 0.993693009325 -28 75.8316344281 0.507606546807 -28.3629090909 75.8268225541 0.993693009325 -28.4573333333 76.2482917601 0.510395593767 -26.5 76.2434534472 0.999152861025 -26.5 76.2482917601 0.510395593767 -27 76.2434534472 0.999152861025 -27 76.2482917601 0.510395593767 -27.5 76.2434534472 0.999152861025 -27.5 76.2482917601 0.510395593767 -28 76.2434534472 0.999152861025 -28 76.2482917601 0.510395593767 -28.3629090909 76.2434534472 0.999152861025 -28.4573333333 76.6649490922 0.513184640728 -26.5 76.6600843404 1.00461271272 -26.5 76.6649490922 0.513184640728 -27 76.6600843404 1.00461271272 -27 76.6649490922 0.513184640728 -27.5 76.6600843404 1.00461271272 -27.5 76.6649490922 0.513184640728 -28 76.6600843404 1.00461271272 -28 76.6649490922 0.513184640728 -28.3629090909 76.6600843404 1.00461271272 -28.4573333333 77.0816064242 0.515973687688 -26.5 77.0767152335 1.01007256442 -26.5 77.0816064242 0.515973687688 -27 77.0767152335 1.01007256442 -27 77.0816064242 0.515973687688 -27.5 77.0767152335 1.01007256442 -27.5 77.0816064242 0.515973687688 -28 77.0767152335 1.01007256442 -28 77.0816064242 0.515973687688 -28.3629090909 77.0767152335 1.01007256442 -28.4573333333 77.4982637562 0.518762734649 -26.5 77.4933461267 1.01553241612 -26.5 77.4982637562 0.518762734649 -27 77.4933461267 1.01553241612 -27 77.4982637562 0.518762734649 -27.5 77.4933461267 1.01553241612 -27.5 77.4982637562 0.518762734649 -28 77.4933461267 1.01553241612 -28 77.4982637562 0.518762734649 -28.3629090909 77.4933461267 1.01553241612 -28.4573333333 77.9149210882 0.521551781609 -26.5 77.9099770198 1.02099226782 -26.5 77.9149210882 0.521551781609 -27 77.9099770198 1.02099226782 -27 77.9149210882 0.521551781609 -27.5 77.9099770198 1.02099226782 -27.5 77.9149210882 0.521551781609 -28 77.9099770198 1.02099226782 -28 77.9149210882 0.521551781609 -28.3629090909 77.9099770198 1.02099226782 -28.4573333333 78.3315784202 0.52434082857 -26.5 78.326607913 1.02645211952 -26.5 78.3315784202 0.52434082857 -27 78.326607913 1.02645211952 -27 78.3315784202 0.52434082857 -27.5 78.326607913 1.02645211952 -27.5 78.3315784202 0.52434082857 -28 78.326607913 1.02645211952 -28 78.3315784202 0.52434082857 -28.3629090909 78.326607913 1.02645211952 -28.4573333333 78.7482357523 0.52712987553 -26.5 78.7432388062 1.03191197122 -26.5 78.7482357523 0.52712987553 -27 78.7432388062 1.03191197122 -27 78.7482357523 0.52712987553 -27.5 78.7432388062 1.03191197122 -27.5 78.7482357523 0.52712987553 -28 78.7432388062 1.03191197122 -28 78.7482357523 0.52712987553 -28.3629090909 78.7432388062 1.03191197122 -28.4573333333 79.1648930843 0.529918922491 -26.5 79.1598696993 1.03737182292 -26.5 79.1648930843 0.529918922491 -27 79.1598696993 1.03737182292 -27 79.1648930843 0.529918922491 -27.5 79.1598696993 1.03737182292 -27.5 79.1648930843 0.529918922491 -28 79.1598696993 1.03737182292 -28 79.1648930843 0.529918922491 -28.3629090909 79.1598696993 1.03737182292 -28.4573333333 79.5815504163 0.532707969451 -26.5 79.5765005925 1.04283167462 -26.5 79.5815504163 0.532707969451 -27 79.5765005925 1.04283167462 -27 79.5815504163 0.532707969451 -27.5 79.5765005925 1.04283167462 -27.5 79.5815504163 0.532707969451 -28 79.5765005925 1.04283167462 -28 79.5815504163 0.532707969451 -28.3629090909 79.5765005925 1.04283167462 -28.4573333333 79.9982077483 0.535497016412 -26.5 79.9931314856 1.04829152632 -26.5 79.9982077483 0.535497016412 -27 79.9982077483 0.535497016412 -27.5 79.9982077483 0.535497016412 -28 79.9982077483 0.535497016412 -28.3629090909 74.9999969859 0.0212629708709 -26.5 75.4166636358 0.0213810984868 -26.5 74.9999969859 0.0212629708709 -27 75.4166636358 0.0213810984868 -27 74.9999969859 0.0212629708709 -27.5 75.4166636358 0.0213810984868 -27.5 74.9999969859 0.0212629708709 -28 75.4166636358 0.0213810984868 -28 74.9999969859 0.0212629708709 -28.2625454545 75.4166636358 0.0213810984868 -28.2625454545 75.8333302858 0.0214992261028 -26.5 75.8333302858 0.0214992261028 -27 75.8333302858 0.0214992261028 -27.5 75.8333302858 0.0214992261028 -28 75.8333302858 0.0214992261028 -28.2625454545 76.2499969357 0.0216173537187 -26.5 76.2499969357 0.0216173537187 -27 76.2499969357 0.0216173537187 -27.5 76.2499969357 0.0216173537187 -28 76.2499969357 0.0216173537187 -28.2625454545 76.6666635856 0.0217354813347 -26.5 76.6666635856 0.0217354813347 -27 76.6666635856 0.0217354813347 -27.5 76.6666635856 0.0217354813347 -28 76.6666635856 0.0217354813347 -28.2625454545 77.0833302355 0.0218536089506 -26.5 77.0833302355 0.0218536089506 -27 77.0833302355 0.0218536089506 -27.5 77.0833302355 0.0218536089506 -28 77.0833302355 0.0218536089506 -28.2625454545 77.4999968854 0.0219717365666 -26.5 77.4999968854 0.0219717365666 -27 77.4999968854 0.0219717365666 -27.5 77.4999968854 0.0219717365666 -28 77.4999968854 0.0219717365666 -28.2625454545 77.9166635354 0.0220898641825 -26.5 77.9166635354 0.0220898641825 -27 77.9166635354 0.0220898641825 -27.5 77.9166635354 0.0220898641825 -28 77.9166635354 0.0220898641825 -28.2625454545 78.3333301853 0.0222079917985 -26.5 78.3333301853 0.0222079917985 -27 78.3333301853 0.0222079917985 -27.5 78.3333301853 0.0222079917985 -28 78.3333301853 0.0222079917985 -28.2625454545 78.7499968352 0.0223261194144 -26.5 78.7499968352 0.0223261194144 -27 78.7499968352 0.0223261194144 -27.5 78.7499968352 0.0223261194144 -28 78.7499968352 0.0223261194144 -28.2625454545 79.1666634851 0.0224442470304 -26.5 79.1666634851 0.0224442470304 -27 79.1666634851 0.0224442470304 -27.5 79.1666634851 0.0224442470304 -28 79.1666634851 0.0224442470304 -28.2625454545 79.583330135 0.0225623746463 -26.5 79.583330135 0.0225623746463 -27 79.583330135 0.0225623746463 -27.5 79.583330135 0.0225623746463 -28 79.583330135 0.0225623746463 -28.2625454545 79.999996785 0.0226805022623 -26.5 79.999996785 0.0226805022623 -27 79.999996785 0.0226805022623 -27.5 79.999996785 0.0226805022623 -28 79.999996785 0.0226805022623 -28.2625454545 75.2499969759 0.0213338474404 -26 75.2485876723 -0.461035062816 -26 75.6444135764 -0.463460219569 -26 75.6458302933 0.0214460686756 -26 75.2499969759 0.0213338474404 -26.5 75.2485876723 -0.461035062816 -26.5 75.6444135764 -0.463460219569 -26.5 75.6458302933 0.0214460686756 -26.5 75.2499969759 0.0213338474404 -27 75.2485876723 -0.461035062816 -27 75.6444135764 -0.463460219569 -27 75.6458302933 0.0214460686756 -27 75.2499969759 0.0213338474404 -27.5 75.2485876723 -0.461035062816 -27.5 75.6444135764 -0.463460219569 -27.5 75.6458302933 0.0214460686756 -27.5 75.2499969759 0.0213338474404 -28 75.2485876723 -0.461035062816 -28.1566060606 75.6444135764 -0.463460219569 -28.1566060606 75.6458302933 0.0214460686756 -28 75.2499969759 0.0213338474404 -28.2625454545 75.6458302933 0.0214460686756 -28.2625454545 76.0402394806 -0.465885376323 -26 76.0416636107 0.0215582899107 -26 76.0402394806 -0.465885376323 -26.5 76.0416636107 0.0215582899107 -26.5 76.0402394806 -0.465885376323 -27 76.0416636107 0.0215582899107 -27 76.0402394806 -0.465885376323 -27.5 76.0416636107 0.0215582899107 -27.5 76.0402394806 -0.465885376323 -28.1566060606 76.0416636107 0.0215582899107 -28 76.0416636107 0.0215582899107 -28.2625454545 76.4360653847 -0.468310533076 -26 76.4374969281 0.0216705111459 -26 76.4360653847 -0.468310533076 -26.5 76.4374969281 0.0216705111459 -26.5 76.4360653847 -0.468310533076 -27 76.4374969281 0.0216705111459 -27 76.4360653847 -0.468310533076 -27.5 76.4374969281 0.0216705111459 -27.5 76.4360653847 -0.468310533076 -28.1566060606 76.4374969281 0.0216705111459 -28 76.4374969281 0.0216705111459 -28.2625454545 76.8318912888 -0.470735689829 -26 76.8333302456 0.021782732381 -26 76.8318912888 -0.470735689829 -26.5 76.8333302456 0.021782732381 -26.5 76.8318912888 -0.470735689829 -27 76.8333302456 0.021782732381 -27 76.8318912888 -0.470735689829 -27.5 76.8333302456 0.021782732381 -27.5 76.8318912888 -0.470735689829 -28.1566060606 76.8333302456 0.021782732381 -28 76.8333302456 0.021782732381 -28.2625454545 77.227717193 -0.473160846583 -26 77.229163563 0.0218949536162 -26 77.227717193 -0.473160846583 -26.5 77.229163563 0.0218949536162 -26.5 77.227717193 -0.473160846583 -27 77.229163563 0.0218949536162 -27 77.227717193 -0.473160846583 -27.5 77.229163563 0.0218949536162 -27.5 77.227717193 -0.473160846583 -28.1566060606 77.229163563 0.0218949536162 -28 77.229163563 0.0218949536162 -28.2625454545 77.6235430971 -0.475586003336 -26 77.6249968804 0.0220071748514 -26 77.6235430971 -0.475586003336 -26.5 77.6249968804 0.0220071748514 -26.5 77.6235430971 -0.475586003336 -27 77.6249968804 0.0220071748514 -27 77.6235430971 -0.475586003336 -27.5 77.6249968804 0.0220071748514 -27.5 77.6235430971 -0.475586003336 -28.1566060606 77.6249968804 0.0220071748514 -28 77.6249968804 0.0220071748514 -28.2625454545 78.0193690013 -0.47801116009 -26 78.0208301978 0.0221193960865 -26 78.0193690013 -0.47801116009 -26.5 78.0208301978 0.0221193960865 -26.5 78.0193690013 -0.47801116009 -27 78.0208301978 0.0221193960865 -27 78.0193690013 -0.47801116009 -27.5 78.0208301978 0.0221193960865 -27.5 78.0193690013 -0.47801116009 -28.1566060606 78.0208301978 0.0221193960865 -28 78.0208301978 0.0221193960865 -28.2625454545 78.4151949054 -0.480436316843 -26 78.4166635153 0.0222316173217 -26 78.4151949054 -0.480436316843 -26.5 78.4166635153 0.0222316173217 -26.5 78.4151949054 -0.480436316843 -27 78.4166635153 0.0222316173217 -27 78.4151949054 -0.480436316843 -27.5 78.4166635153 0.0222316173217 -27.5 78.4151949054 -0.480436316843 -28.1566060606 78.4166635153 0.0222316173217 -28 78.4166635153 0.0222316173217 -28.2625454545 78.8110208096 -0.482861473597 -26 78.8124968327 0.0223438385568 -26 78.8110208096 -0.482861473597 -26.5 78.8124968327 0.0223438385568 -26.5 78.8110208096 -0.482861473597 -27 78.8124968327 0.0223438385568 -27 78.8110208096 -0.482861473597 -27.5 78.8124968327 0.0223438385568 -27.5 78.8110208096 -0.482861473597 -28.1566060606 78.8124968327 0.0223438385568 -28 78.8124968327 0.0223438385568 -28.2625454545 79.2068467137 -0.48528663035 -26 79.2083301501 0.022456059792 -26 79.2068467137 -0.48528663035 -26.5 79.2083301501 0.022456059792 -26.5 79.2068467137 -0.48528663035 -27 79.2083301501 0.022456059792 -27 79.2068467137 -0.48528663035 -27.5 79.2083301501 0.022456059792 -27.5 79.2068467137 -0.48528663035 -28.1566060606 79.2083301501 0.022456059792 -28 79.2083301501 0.022456059792 -28.2625454545 79.6026726179 -0.487711787104 -26 79.6041634675 0.0225682810271 -26 79.6026726179 -0.487711787104 -26.5 79.6041634675 0.0225682810271 -26.5 79.6026726179 -0.487711787104 -27 79.6041634675 0.0225682810271 -27 79.6026726179 -0.487711787104 -27.5 79.6041634675 0.0225682810271 -27.5 79.6026726179 -0.487711787104 -28.1566060606 79.6041634675 0.0225682810271 -28 79.6041634675 0.0225682810271 -28.2625454545 79.998498522 -0.490136943857 -26 79.999996785 0.0226805022623 -26 79.998498522 -0.490136943857 -26.5 79.998498522 -0.490136943857 -27 79.998498522 -0.490136943857 -27.5 79.998498522 -0.490136943857 -28.1566060606 75.4985829801 -0.462566740765 -25.5 75.4940666636 -0.946519198096 -25.5 75.8690371934 -0.951220452391 -25.5 75.873575942 -0.464864257689 -25.5 75.4985829801 -0.462566740765 -26 75.4940666636 -0.946519198096 -26 75.8690371934 -0.951220452391 -26 75.873575942 -0.464864257689 -26 75.4985829801 -0.462566740765 -26.5 75.4940666636 -0.946519198096 -26.5 75.8690371934 -0.951220452391 -26.5 75.873575942 -0.464864257689 -26.5 75.4985829801 -0.462566740765 -27 75.4940666636 -0.946519198096 -27 75.8690371934 -0.951220452391 -27 75.873575942 -0.464864257689 -27 75.4985829801 -0.462566740765 -27.5 75.4940666636 -0.946519198096 -27.5 75.8690371934 -0.951220452391 -27.5 75.873575942 -0.464864257689 -27.5 75.4985829801 -0.462566740765 -28.1566060606 75.4940666636 -0.946519198096 -28.0454545455 75.8690371934 -0.951220452391 -28.0454545455 75.873575942 -0.464864257689 -28.1566060606 76.2440077232 -0.955921706687 -25.5 76.2485689038 -0.467161774614 -25.5 76.2440077232 -0.955921706687 -26 76.2485689038 -0.467161774614 -26 76.2440077232 -0.955921706687 -26.5 76.2485689038 -0.467161774614 -26.5 76.2440077232 -0.955921706687 -27 76.2485689038 -0.467161774614 -27 76.2440077232 -0.955921706687 -27.5 76.2485689038 -0.467161774614 -27.5 76.2440077232 -0.955921706687 -28.0454545455 76.2485689038 -0.467161774614 -28.1566060606 76.618978253 -0.960622960982 -25.5 76.6235618656 -0.469459291538 -25.5 76.618978253 -0.960622960982 -26 76.6235618656 -0.469459291538 -26 76.618978253 -0.960622960982 -26.5 76.6235618656 -0.469459291538 -26.5 76.618978253 -0.960622960982 -27 76.6235618656 -0.469459291538 -27 76.618978253 -0.960622960982 -27.5 76.6235618656 -0.469459291538 -27.5 76.618978253 -0.960622960982 -28.0454545455 76.6235618656 -0.469459291538 -28.1566060606 76.9939487827 -0.965324215277 -25.5 76.9985548274 -0.471756808462 -25.5 76.9939487827 -0.965324215277 -26 76.9985548274 -0.471756808462 -26 76.9939487827 -0.965324215277 -26.5 76.9985548274 -0.471756808462 -26.5 76.9939487827 -0.965324215277 -27 76.9985548274 -0.471756808462 -27 76.9939487827 -0.965324215277 -27.5 76.9985548274 -0.471756808462 -27.5 76.9939487827 -0.965324215277 -28.0454545455 76.9985548274 -0.471756808462 -28.1566060606 77.3689193125 -0.970025469572 -25.5 77.3735477893 -0.474054325387 -25.5 77.3689193125 -0.970025469572 -26 77.3735477893 -0.474054325387 -26 77.3689193125 -0.970025469572 -26.5 77.3735477893 -0.474054325387 -26.5 77.3689193125 -0.970025469572 -27 77.3735477893 -0.474054325387 -27 77.3689193125 -0.970025469572 -27.5 77.3735477893 -0.474054325387 -27.5 77.3689193125 -0.970025469572 -28.0454545455 77.3735477893 -0.474054325387 -28.1566060606 77.7438898423 -0.974726723867 -25.5 77.7485407511 -0.476351842311 -25.5 77.7438898423 -0.974726723867 -26 77.7485407511 -0.476351842311 -26 77.7438898423 -0.974726723867 -26.5 77.7485407511 -0.476351842311 -26.5 77.7438898423 -0.974726723867 -27 77.7485407511 -0.476351842311 -27 77.7438898423 -0.974726723867 -27.5 77.7485407511 -0.476351842311 -27.5 77.7438898423 -0.974726723867 -28.0454545455 77.7485407511 -0.476351842311 -28.1566060606 78.1188603721 -0.979427978163 -25.5 78.1235337129 -0.478649359235 -25.5 78.1188603721 -0.979427978163 -26 78.1235337129 -0.478649359235 -26 78.1188603721 -0.979427978163 -26.5 78.1235337129 -0.478649359235 -26.5 78.1188603721 -0.979427978163 -27 78.1235337129 -0.478649359235 -27 78.1188603721 -0.979427978163 -27.5 78.1235337129 -0.478649359235 -27.5 78.1188603721 -0.979427978163 -28.0454545455 78.1235337129 -0.478649359235 -28.1566060606 78.4938309019 -0.984129232458 -25.5 78.4985266747 -0.48094687616 -25.5 78.4938309019 -0.984129232458 -26 78.4985266747 -0.48094687616 -26 78.4938309019 -0.984129232458 -26.5 78.4985266747 -0.48094687616 -26.5 78.4938309019 -0.984129232458 -27 78.4985266747 -0.48094687616 -27 78.4938309019 -0.984129232458 -27.5 78.4985266747 -0.48094687616 -27.5 78.4938309019 -0.984129232458 -28.0454545455 78.4985266747 -0.48094687616 -28.1566060606 78.8688014317 -0.988830486753 -25.5 78.8735196365 -0.483244393084 -25.5 78.8688014317 -0.988830486753 -26 78.8735196365 -0.483244393084 -26 78.8688014317 -0.988830486753 -26.5 78.8735196365 -0.483244393084 -26.5 78.8688014317 -0.988830486753 -27 78.8735196365 -0.483244393084 -27 78.8688014317 -0.988830486753 -27.5 78.8735196365 -0.483244393084 -27.5 78.8688014317 -0.988830486753 -28.0454545455 78.8735196365 -0.483244393084 -28.1566060606 79.2437719615 -0.993531741048 -25.5 79.2485125984 -0.485541910008 -25.5 79.2437719615 -0.993531741048 -26 79.2485125984 -0.485541910008 -26 79.2437719615 -0.993531741048 -26.5 79.2485125984 -0.485541910008 -26.5 79.2437719615 -0.993531741048 -27 79.2485125984 -0.485541910008 -27 79.2437719615 -0.993531741048 -27.5 79.2485125984 -0.485541910008 -27.5 79.2437719615 -0.993531741048 -28.0454545455 79.2485125984 -0.485541910008 -28.1566060606 79.6187424912 -0.998232995343 -25.5 79.6235055602 -0.487839426933 -25.5 79.6187424912 -0.998232995343 -26 79.6235055602 -0.487839426933 -26 79.6187424912 -0.998232995343 -26.5 79.6235055602 -0.487839426933 -26.5 79.6187424912 -0.998232995343 -27 79.6235055602 -0.487839426933 -27 79.6187424912 -0.998232995343 -27.5 79.6235055602 -0.487839426933 -27.5 79.6187424912 -0.998232995343 -28.0454545455 79.6235055602 -0.487839426933 -28.1566060606 79.993713021 -1.00293424964 -25.5 79.998498522 -0.490136943857 -25.5 79.993713021 -1.00293424964 -26 79.993713021 -1.00293424964 -26.5 79.993713021 -1.00293424964 -27 79.993713021 -1.00293424964 -27.5 79.993713021 -1.00293424964 -28.0454545455 75.4864482017 -1.43043276177 -25.5 75.8613808915 -1.43753756026 -25.5 75.4864482017 -1.43043276177 -26 75.8613808915 -1.43753756026 -26 75.4864482017 -1.43043276177 -26.5 75.8613808915 -1.43753756026 -26.5 75.4864482017 -1.43043276177 -27 75.8613808915 -1.43753756026 -27 75.4864482017 -1.43043276177 -27.5 75.8613808915 -1.43753756026 -27.5 75.4864482017 -1.43043276177 -27.9294545455 75.8613808915 -1.43753756026 -27.9294545455 76.2363135812 -1.44464235875 -25.5 76.2363135812 -1.44464235875 -26 76.2363135812 -1.44464235875 -26.5 76.2363135812 -1.44464235875 -27 76.2363135812 -1.44464235875 -27.5 76.2363135812 -1.44464235875 -27.9294545455 76.611246271 -1.45174715723 -25.5 76.611246271 -1.45174715723 -26 76.611246271 -1.45174715723 -26.5 76.611246271 -1.45174715723 -27 76.611246271 -1.45174715723 -27.5 76.611246271 -1.45174715723 -27.9294545455 76.9861789607 -1.45885195572 -25.5 76.9861789607 -1.45885195572 -26 76.9861789607 -1.45885195572 -26.5 76.9861789607 -1.45885195572 -27 76.9861789607 -1.45885195572 -27.5 76.9861789607 -1.45885195572 -27.9294545455 77.3611116505 -1.4659567542 -25.5 77.3611116505 -1.4659567542 -26 77.3611116505 -1.4659567542 -26.5 77.3611116505 -1.4659567542 -27 77.3611116505 -1.4659567542 -27.5 77.3611116505 -1.4659567542 -27.9294545455 77.7360443402 -1.47306155269 -25.5 77.7360443402 -1.47306155269 -26 77.7360443402 -1.47306155269 -26.5 77.7360443402 -1.47306155269 -27 77.7360443402 -1.47306155269 -27.5 77.7360443402 -1.47306155269 -27.9294545455 78.1109770299 -1.48016635117 -25.5 78.1109770299 -1.48016635117 -26 78.1109770299 -1.48016635117 -26.5 78.1109770299 -1.48016635117 -27 78.1109770299 -1.48016635117 -27.5 78.1109770299 -1.48016635117 -27.9294545455 78.4859097197 -1.48727114966 -25.5 78.4859097197 -1.48727114966 -26 78.4859097197 -1.48727114966 -26.5 78.4859097197 -1.48727114966 -27 78.4859097197 -1.48727114966 -27.5 78.4859097197 -1.48727114966 -27.9294545455 78.8608424094 -1.49437594814 -25.5 78.8608424094 -1.49437594814 -26 78.8608424094 -1.49437594814 -26.5 78.8608424094 -1.49437594814 -27 78.8608424094 -1.49437594814 -27.5 78.8608424094 -1.49437594814 -27.9294545455 79.2357750992 -1.50148074663 -25.5 79.2357750992 -1.50148074663 -26 79.2357750992 -1.50148074663 -26.5 79.2357750992 -1.50148074663 -27 79.2357750992 -1.50148074663 -27.5 79.2357750992 -1.50148074663 -27.9294545455 79.6107077889 -1.50858554512 -25.5 79.6107077889 -1.50858554512 -26 79.6107077889 -1.50858554512 -26.5 79.6107077889 -1.50858554512 -27 79.6107077889 -1.50858554512 -27.5 79.6107077889 -1.50858554512 -27.9294545455 79.9856404787 -1.5156903436 -25.5 79.9856404787 -1.5156903436 -26 79.9856404787 -1.5156903436 -26.5 79.9856404787 -1.5156903436 -27 79.9856404787 -1.5156903436 -27.5 79.9856404787 -1.5156903436 -27.9294545455 75.7364033282 -1.4351692941 -25 75.7256475365 -1.92062624767 -25 76.079700344 -1.92960607336 -25 76.0905064241 -1.44187938156 -25 75.7364033282 -1.4351692941 -25.5 75.7256475365 -1.92062624767 -25.5 76.079700344 -1.92960607336 -25.5 76.0905064241 -1.44187938156 -25.5 75.7364033282 -1.4351692941 -26 75.7256475365 -1.92062624767 -26 76.079700344 -1.92960607336 -26 76.0905064241 -1.44187938156 -26 75.7364033282 -1.4351692941 -26.5 75.7256475365 -1.92062624767 -26.5 76.079700344 -1.92960607336 -26.5 76.0905064241 -1.44187938156 -26.5 75.7364033282 -1.4351692941 -27 75.7256475365 -1.92062624767 -27 76.079700344 -1.92960607336 -27 76.0905064241 -1.44187938156 -27 75.7364033282 -1.4351692941 -27.5 75.7256475365 -1.92062624767 -27.5 76.079700344 -1.92960607336 -27.5 76.0905064241 -1.44187938156 -27.5 75.7364033282 -1.4351692941 -27.9294545455 75.7256475365 -1.92062624767 -27.808969697 76.079700344 -1.92960607336 -27.808969697 76.0905064241 -1.44187938156 -27.9294545455 76.4337531515 -1.93858589905 -25 76.44460952 -1.44858946901 -25 76.4337531515 -1.93858589905 -25.5 76.44460952 -1.44858946901 -25.5 76.4337531515 -1.93858589905 -26 76.44460952 -1.44858946901 -26 76.4337531515 -1.93858589905 -26.5 76.44460952 -1.44858946901 -26.5 76.4337531515 -1.93858589905 -27 76.44460952 -1.44858946901 -27 76.4337531515 -1.93858589905 -27.5 76.44460952 -1.44858946901 -27.5 76.4337531515 -1.93858589905 -27.808969697 76.44460952 -1.44858946901 -27.9294545455 76.787805959 -1.94756572474 -25 76.7987126158 -1.45529955647 -25 76.787805959 -1.94756572474 -25.5 76.7987126158 -1.45529955647 -25.5 76.787805959 -1.94756572474 -26 76.7987126158 -1.45529955647 -26 76.787805959 -1.94756572474 -26.5 76.7987126158 -1.45529955647 -26.5 76.787805959 -1.94756572474 -27 76.7987126158 -1.45529955647 -27 76.787805959 -1.94756572474 -27.5 76.7987126158 -1.45529955647 -27.5 76.787805959 -1.94756572474 -27.808969697 76.7987126158 -1.45529955647 -27.9294545455 77.1418587665 -1.95654555044 -25 77.1528157117 -1.46200964393 -25 77.1418587665 -1.95654555044 -25.5 77.1528157117 -1.46200964393 -25.5 77.1418587665 -1.95654555044 -26 77.1528157117 -1.46200964393 -26 77.1418587665 -1.95654555044 -26.5 77.1528157117 -1.46200964393 -26.5 77.1418587665 -1.95654555044 -27 77.1528157117 -1.46200964393 -27 77.1418587665 -1.95654555044 -27.5 77.1528157117 -1.46200964393 -27.5 77.1418587665 -1.95654555044 -27.808969697 77.1528157117 -1.46200964393 -27.9294545455 77.495911574 -1.96552537613 -25 77.5069188076 -1.46871973139 -25 77.495911574 -1.96552537613 -25.5 77.5069188076 -1.46871973139 -25.5 77.495911574 -1.96552537613 -26 77.5069188076 -1.46871973139 -26 77.495911574 -1.96552537613 -26.5 77.5069188076 -1.46871973139 -26.5 77.495911574 -1.96552537613 -27 77.5069188076 -1.46871973139 -27 77.495911574 -1.96552537613 -27.5 77.5069188076 -1.46871973139 -27.5 77.495911574 -1.96552537613 -27.808969697 77.5069188076 -1.46871973139 -27.9294545455 77.8499643815 -1.97450520182 -25 77.8610219035 -1.47542981885 -25 77.8499643815 -1.97450520182 -25.5 77.8610219035 -1.47542981885 -25.5 77.8499643815 -1.97450520182 -26 77.8610219035 -1.47542981885 -26 77.8499643815 -1.97450520182 -26.5 77.8610219035 -1.47542981885 -26.5 77.8499643815 -1.97450520182 -27 77.8610219035 -1.47542981885 -27 77.8499643815 -1.97450520182 -27.5 77.8610219035 -1.47542981885 -27.5 77.8499643815 -1.97450520182 -27.808969697 77.8610219035 -1.47542981885 -27.9294545455 78.2040171891 -1.98348502751 -25 78.2151249993 -1.48213990631 -25 78.2040171891 -1.98348502751 -25.5 78.2151249993 -1.48213990631 -25.5 78.2040171891 -1.98348502751 -26 78.2151249993 -1.48213990631 -26 78.2040171891 -1.98348502751 -26.5 78.2151249993 -1.48213990631 -26.5 78.2040171891 -1.98348502751 -27 78.2151249993 -1.48213990631 -27 78.2040171891 -1.98348502751 -27.5 78.2151249993 -1.48213990631 -27.5 78.2040171891 -1.98348502751 -27.808969697 78.2151249993 -1.48213990631 -27.9294545455 78.5580699966 -1.9924648532 -25 78.5692280952 -1.48884999377 -25 78.5580699966 -1.9924648532 -25.5 78.5692280952 -1.48884999377 -25.5 78.5580699966 -1.9924648532 -26 78.5692280952 -1.48884999377 -26 78.5580699966 -1.9924648532 -26.5 78.5692280952 -1.48884999377 -26.5 78.5580699966 -1.9924648532 -27 78.5692280952 -1.48884999377 -27 78.5580699966 -1.9924648532 -27.5 78.5692280952 -1.48884999377 -27.5 78.5580699966 -1.9924648532 -27.808969697 78.5692280952 -1.48884999377 -27.9294545455 78.9121228041 -2.00144467889 -25 78.9233311911 -1.49556008123 -25 78.9121228041 -2.00144467889 -25.5 78.9233311911 -1.49556008123 -25.5 78.9121228041 -2.00144467889 -26 78.9233311911 -1.49556008123 -26 78.9121228041 -2.00144467889 -26.5 78.9233311911 -1.49556008123 -26.5 78.9121228041 -2.00144467889 -27 78.9233311911 -1.49556008123 -27 78.9121228041 -2.00144467889 -27.5 78.9233311911 -1.49556008123 -27.5 78.9121228041 -2.00144467889 -27.808969697 78.9233311911 -1.49556008123 -27.9294545455 79.2661756116 -2.01042450458 -25 79.2774342869 -1.50227016868 -25 79.2661756116 -2.01042450458 -25.5 79.2774342869 -1.50227016868 -25.5 79.2661756116 -2.01042450458 -26 79.2774342869 -1.50227016868 -26 79.2661756116 -2.01042450458 -26.5 79.2774342869 -1.50227016868 -26.5 79.2661756116 -2.01042450458 -27 79.2774342869 -1.50227016868 -27 79.2661756116 -2.01042450458 -27.5 79.2774342869 -1.50227016868 -27.5 79.2661756116 -2.01042450458 -27.808969697 79.2774342869 -1.50227016868 -27.9294545455 79.6202284191 -2.01940433027 -25 79.6315373828 -1.50898025614 -25 79.6202284191 -2.01940433027 -25.5 79.6315373828 -1.50898025614 -25.5 79.6202284191 -2.01940433027 -26 79.6315373828 -1.50898025614 -26 79.6202284191 -2.01940433027 -26.5 79.6315373828 -1.50898025614 -26.5 79.6202284191 -2.01940433027 -27 79.6315373828 -1.50898025614 -27 79.6202284191 -2.01940433027 -27.5 79.6315373828 -1.50898025614 -27.5 79.6202284191 -2.01940433027 -27.808969697 79.6315373828 -1.50898025614 -27.9294545455 79.9742812266 -2.02838415596 -25 79.9856404787 -1.5156903436 -25 79.9742812266 -2.02838415596 -25.5 79.9742812266 -2.02838415596 -26 79.9742812266 -2.02838415596 -26.5 79.9742812266 -2.02838415596 -27 79.9742812266 -2.02838415596 -27.5 79.9742812266 -2.02838415596 -27.808969697 75.7117800834 -2.40600428032 -25 76.0657680541 -2.41725347525 -25 75.7117800834 -2.40600428032 -25.5 76.0657680541 -2.41725347525 -25.5 75.7117800834 -2.40600428032 -26 76.0657680541 -2.41725347525 -26 75.7117800834 -2.40600428032 -26.5 76.0657680541 -2.41725347525 -26.5 75.7117800834 -2.40600428032 -27 76.0657680541 -2.41725347525 -27 75.7117800834 -2.40600428032 -27.6843636364 76.0657680541 -2.41725347525 -27.6843636364 76.4197560248 -2.42850267018 -25 76.4197560248 -2.42850267018 -25.5 76.4197560248 -2.42850267018 -26 76.4197560248 -2.42850267018 -26.5 76.4197560248 -2.42850267018 -27 76.4197560248 -2.42850267018 -27.6843636364 76.7737439955 -2.43975186511 -25 76.7737439955 -2.43975186511 -25.5 76.7737439955 -2.43975186511 -26 76.7737439955 -2.43975186511 -26.5 76.7737439955 -2.43975186511 -27 76.7737439955 -2.43975186511 -27.6843636364 77.1277319662 -2.45100106004 -25 77.1277319662 -2.45100106004 -25.5 77.1277319662 -2.45100106004 -26 77.1277319662 -2.45100106004 -26.5 77.1277319662 -2.45100106004 -27 77.1277319662 -2.45100106004 -27.6843636364 77.4817199369 -2.46225025497 -25 77.4817199369 -2.46225025497 -25.5 77.4817199369 -2.46225025497 -26 77.4817199369 -2.46225025497 -26.5 77.4817199369 -2.46225025497 -27 77.4817199369 -2.46225025497 -27.6843636364 77.8357079076 -2.4734994499 -25 77.8357079076 -2.4734994499 -25.5 77.8357079076 -2.4734994499 -26 77.8357079076 -2.4734994499 -26.5 77.8357079076 -2.4734994499 -27 77.8357079076 -2.4734994499 -27.6843636364 78.1896958782 -2.48474864483 -25 78.1896958782 -2.48474864483 -25.5 78.1896958782 -2.48474864483 -26 78.1896958782 -2.48474864483 -26.5 78.1896958782 -2.48474864483 -27 78.1896958782 -2.48474864483 -27.6843636364 78.5436838489 -2.49599783976 -25 78.5436838489 -2.49599783976 -25.5 78.5436838489 -2.49599783976 -26 78.5436838489 -2.49599783976 -26.5 78.5436838489 -2.49599783976 -27 78.5436838489 -2.49599783976 -27.6843636364 78.8976718196 -2.50724703469 -25 78.8976718196 -2.50724703469 -25.5 78.8976718196 -2.50724703469 -26 78.8976718196 -2.50724703469 -26.5 78.8976718196 -2.50724703469 -27 78.8976718196 -2.50724703469 -27.6843636364 79.2516597903 -2.51849622962 -25 79.2516597903 -2.51849622962 -25.5 79.2516597903 -2.51849622962 -26 79.2516597903 -2.51849622962 -26.5 79.2516597903 -2.51849622962 -27 79.2516597903 -2.51849622962 -27.6843636364 79.605647761 -2.52974542455 -25 79.605647761 -2.52974542455 -25.5 79.605647761 -2.52974542455 -26 79.605647761 -2.52974542455 -26.5 79.605647761 -2.52974542455 -27 79.605647761 -2.52974542455 -27.6843636364 79.9596357317 -2.54099461948 -25 79.9596357317 -2.54099461948 -25.5 79.9596357317 -2.54099461948 -26 79.9596357317 -2.54099461948 -26.5 79.9596357317 -2.54099461948 -27 79.9596357317 -2.54099461948 -27.6843636364 79.9417045956 -3.05350067037 -27 79.9417045956 -3.05350067037 -27.556 69.7631765466 24.6799351323 -27.5 69.7631765466 24.6799351323 -28 69.7631765466 24.6799351323 -28.6028585336 69.9199468475 24.2322312807 -27.5 69.9199468475 24.2322312807 -28 69.9199468475 24.2322312807 -28.6693548387 76.5339958736 26.5244693748 -27.5 76.5339958736 26.5244693748 -28 76.5339958736 26.5244693748 -28.6693548387 70.0738440507 23.7835316964 -27.5 70.0738440507 23.7835316964 -28 70.0738440507 23.7835316964 -28.7316695429 76.7024509204 26.0333252353 -27.5 76.7024509204 26.0333252353 -28 76.7024509204 26.0333252353 -28.7316695429 70.2248618323 23.3338548172 -27.5 70.2248618323 23.3338548172 -28 70.2248618323 23.3338548172 -28.5 70.2248618323 23.3338548172 -28.7891389 76.8677541678 25.541111354 -27.5 76.8677541678 25.541111354 -28 76.8677541678 25.541111354 -28.5 76.8677541678 25.541111354 -28.7891389 70.3729939868 22.8832191209 -27.5 70.3729939868 22.8832191209 -28 70.3729939868 22.8832191209 -28.5 70.3729939868 22.8832191209 -28.8410991637 77.0298988234 25.0478479566 -27.5 77.0298988234 25.0478479566 -28 77.0298988234 25.0478479566 -28.5 77.0298988234 25.0478479566 -28.8410991637 70.5182344272 22.4316431245 -28 70.5182344272 22.4316431245 -28.5 70.5182344272 22.4316431245 -28.8868865879 77.1888782244 24.553555312 -28 77.1888782244 24.553555312 -28.5 77.1888782244 24.553555312 -28.8868865879 70.6605771855 21.979145384 -28 70.6605771855 21.979145384 -28.5 70.6605771855 21.979145384 -28.9258374264 77.3446858382 24.0582537311 -28 77.3446858382 24.0582537311 -28.5 77.3446858382 24.0582537311 -28.9258374264 70.8000164126 21.5257444929 -28 70.8000164126 21.5257444929 -28.5 70.8000164126 21.5257444929 -28.9572879331 77.4973152624 23.5619635666 -28 77.4973152624 23.5619635666 -28.5 77.4973152624 23.5619635666 -28.9572879331 70.9365463788 21.0714590822 -28 70.9365463788 21.0714590822 -28.5 70.9365463788 21.0714590822 -28.9805743617 77.6467602254 23.0647052116 -28 77.6467602254 23.0647052116 -28.5 77.6467602254 23.0647052116 -28.9805743617 71.0701614738 20.616307819 -28 71.0701614738 20.616307819 -28.5 71.0701614738 20.616307819 -28.9950329661 77.7930145862 22.5664990992 -28 77.7930145862 22.5664990992 -28.5 77.7930145862 22.5664990992 -28.9950329661 71.2008562073 20.160309406 -28 77.936072335 22.0673657012 -28 77.936072335 22.0673657012 -28.5 77.936072335 22.0673657012 -29 78.0759275935 21.5673255276 -28.5 78.0759275935 21.5673255276 -29 78.2125746148 21.0663991257 -28.5 78.2125746148 21.0663991257 -29 78.3460077839 20.5646070792 -28.5 78.3460077839 20.5646070792 -29 78.4762216179 20.0619700074 -28.5 78.4762216179 20.0619700074 -29 78.6032107661 19.5585085642 -28.5 78.6032107661 19.5585085642 -29 78.7269700104 19.0542434375 -28.5 78.7269700104 19.0542434375 -29 78.8474942654 18.5491953483 -28.5 78.8474942654 18.5491953483 -29 78.9647785785 18.0433850494 -28.5 78.9647785785 18.0433850494 -29 79.0788181305 17.5368333254 -28.5 79.0788181305 17.5368333254 -29 79.1896082353 17.029560991 -28.5 79.1896082353 17.029560991 -29 79.2971443403 16.5215888907 -28.5 79.2971443403 16.5215888907 -29 79.4014220268 16.0129378978 -28.5 79.4014220268 16.0129378978 -29 79.5024370099 15.5036289133 -28.5 79.5024370099 15.5036289133 -29 79.6001851388 14.9936828653 -28.5 79.6001851388 14.9936828653 -29 79.6946623969 14.4831207082 -28.5 79.6946623969 14.4831207082 -29 79.7858649019 13.9719634217 -28.5 79.7858649019 13.9719634217 -29 79.8737889063 13.4602320097 -28.5 79.8737889063 13.4602320097 -29 79.9584307971 12.9479475001 -28.5 79.9584307971 12.9479475001 -29 80.0397870963 12.4351309431 -28.5 80.0397870963 12.4351309431 -29 80.117854461 11.9218034111 -28.5 80.117854461 11.9218034111 -29 80.1926296831 11.4079859973 -28.5 80.1926296831 11.4079859973 -29 80.2641096901 10.8936998152 -28.5 80.2641096901 10.8936998152 -29 80.3322915447 10.3789659974 -28.5 80.3322915447 10.3789659974 -29 80.3971724454 9.86380569488 -28.5 80.3971724454 9.86380569488 -29 80.458749726 9.34824007632 -28.5 80.458749726 9.34824007632 -29 80.5170208563 8.83229032692 -28.5 80.5170208563 8.83229032692 -29 80.5719834419 8.31597764771 -28.5 80.5719834419 8.31597764771 -29 80.6236352242 7.79932325461 -28.5 80.6236352242 7.79932325461 -29 80.6719740809 7.28234837759 -28.5 80.6719740809 7.28234837759 -29 80.7169980256 6.7650742598 -28.5 80.7169980256 6.7650742598 -29 73.7414549863 6.18043821266 -28 73.7795578445 5.7076128345 -28 73.7795578445 5.7076128345 -28.5 73.7795578445 5.7076128345 -28.9949090909 80.7587052082 6.24752215668 -28 80.7169980256 6.7650742598 -28 80.7587052082 6.24752215668 -28.5 80.7587052082 6.24752215668 -28.9949090909 73.8146290087 5.23455292341 -28 73.8146290087 5.23455292341 -28.5 73.8146290087 5.23455292341 -28.9798787879 80.7970939149 5.72971333508 -28 80.7970939149 5.72971333508 -28.5 80.7970939149 5.72971333508 -28.9798787879 73.8466670378 4.76127791802 -28 73.8466670378 4.76127791802 -28.5 73.8466670378 4.76127791802 -28.9552727273 80.8321625684 5.21166907242 -28 80.8321625684 5.21166907242 -28.5 80.8321625684 5.21166907242 -28.9552727273 73.8756706152 4.28780726578 -28 73.8756706152 4.28780726578 -28.5 73.8756706152 4.28780726578 -28.9214545455 80.8639097275 4.69341065579 -28 80.8639097275 4.69341065579 -28.5 80.8639097275 4.69341065579 -28.9214545455 73.9016385493 3.8141604222 -28 73.9016385493 3.8141604222 -28.5 73.9016385493 3.8141604222 -28.8787878788 80.8923340878 4.17495938105 -28 80.8923340878 4.17495938105 -28.5 80.8923340878 4.17495938105 -28.8787878788 73.9245697729 3.34035685001 -28 73.9245697729 3.34035685001 -28.5 73.9245697729 3.34035685001 -28.8276363636 80.9174344812 3.65633655204 -28 80.9174344812 3.65633655204 -28.5 80.9174344812 3.65633655204 -28.8276363636 73.9245697729 3.34035685001 -27.5 73.9444633438 2.86641601839 -27.5 73.9444633438 2.86641601839 -28 73.9444633438 2.86641601839 -28.5 73.9444633438 2.86641601839 -28.7683636364 80.9392098764 3.13756347959 -27.5 80.9174344812 3.65633655204 -27.5 80.9392098764 3.13756347959 -28 80.9392098764 3.13756347959 -28.5 80.9392098764 3.13756347959 -28.7683636364 73.9613184446 2.39235740217 -27.5 73.9613184446 2.39235740217 -28 73.9613184446 2.39235740217 -28.7013333333 80.9576593785 2.61866148075 -27.5 80.9576593785 2.61866148075 -28 80.9576593785 2.61866148075 -28.7013333333 73.9613184446 2.39235740217 -27 73.9751343825 1.918200481 -27 73.9751343825 1.918200481 -27.5 73.9751343825 1.918200481 -28 73.9751343825 1.918200481 -28.6269090909 80.9727822295 2.09965187785 -27 80.9576593785 2.61866148075 -27 80.9727822295 2.09965187785 -27.5 80.9727822295 2.09965187785 -28 80.9727822295 2.09965187785 -28.6269090909 73.98591059 1.44396473858 -27 73.98591059 1.44396473858 -27.5 73.98591059 1.44396473858 -28 73.98591059 1.44396473858 -28.5454545455 80.984577808 1.58055599763 -27 80.984577808 1.58055599763 -27.5 80.984577808 1.58055599763 -28 80.984577808 1.58055599763 -28.5454545455 73.9936466242 0.969669661847 -27 73.9936466242 0.969669661847 -27.5 73.9936466242 0.969669661847 -28 73.9936466242 0.969669661847 -28.4573333333 80.9930456292 1.0613951704 -27 80.9930456292 1.0613951704 -27.5 80.9930456292 1.0613951704 -28 80.9930456292 1.0613951704 -28.4573333333 73.9936466242 0.969669661847 -26.5 73.9983421672 0.495334740181 -26.5 73.9983421672 0.495334740181 -27 73.9983421672 0.495334740181 -27.5 73.9983421672 0.495334740181 -28 73.9983421672 0.495334740181 -28.3629090909 80.9981853452 0.542190729117 -26.5 80.9930456292 1.0613951704 -26.5 80.9981853452 0.542190729117 -27 80.9981853452 0.542190729117 -27.5 80.9981853452 0.542190729117 -28 80.9981853452 0.542190729117 -28.3629090909 73.9999970261 0.0209794645926 -26.5 73.9999970261 0.0209794645926 -27 73.9999970261 0.0209794645926 -27.5 73.9999970261 0.0209794645926 -28 73.9999970261 0.0209794645926 -28.2625454545 80.9999967448 0.0229640085405 -26.5 80.9999967448 0.0229640085405 -27 80.9999967448 0.0229640085405 -27.5 80.9999967448 0.0229640085405 -28 80.9999967448 0.0229640085405 -28.2625454545 73.9999970261 0.0209794645926 -26 73.9986111329 -0.453376673068 -26 73.9986111329 -0.453376673068 -26.5 73.9986111329 -0.453376673068 -27 73.9986111329 -0.453376673068 -27.5 73.9986111329 -0.453376673068 -28.1566060606 80.9984797535 -0.496263655655 -26 80.9999967448 0.0229640085405 -26 80.9984797535 -0.496263655655 -26.5 80.9984797535 -0.496263655655 -27 80.9984797535 -0.496263655655 -27.5 80.9984797535 -0.496263655655 -28.1566060606 73.9986111329 -0.453376673068 -25.5 73.9941845445 -0.927714180916 -25.5 73.9941845445 -0.927714180916 -26 73.9941845445 -0.927714180916 -26.5 73.9941845445 -0.927714180916 -27 73.9941845445 -0.927714180916 -27.5 73.9941845445 -0.927714180916 -28.0454545455 80.9936344338 -1.01547092776 -25.5 80.9984797535 -0.496263655655 -25.5 80.9936344338 -1.01547092776 -26 80.9936344338 -1.01547092776 -26.5 80.9936344338 -1.01547092776 -27 80.9936344338 -1.01547092776 -27.5 80.9936344338 -1.01547092776 -28.0454545455 73.9867174428 -1.40201356783 -25.5 73.9867174428 -1.40201356783 -26 73.9867174428 -1.40201356783 -26.5 73.9867174428 -1.40201356783 -27 73.9867174428 -1.40201356783 -27.5 73.9867174428 -1.40201356783 -27.9294545455 80.9854609846 -1.5346364729 -25.5 80.9854609846 -1.5346364729 -26 80.9854609846 -1.5346364729 -26.5 80.9854609846 -1.5346364729 -27 80.9854609846 -1.5346364729 -27.5 80.9854609846 -1.5346364729 -27.9294545455 73.9867174428 -1.40201356783 -25 73.9762101346 -1.87625534426 -25 73.9762101346 -1.87625534426 -25.5 73.9762101346 -1.87625534426 -26 73.9762101346 -1.87625534426 -26.5 73.9762101346 -1.87625534426 -27 73.9762101346 -1.87625534426 -27.5 73.9762101346 -1.87625534426 -27.808969697 80.973959742 -2.05373895791 -25 80.9854609846 -1.5346364729 -25 80.973959742 -2.05373895791 -25.5 80.973959742 -2.05373895791 -26 80.973959742 -2.05373895791 -26.5 80.973959742 -2.05373895791 -27 80.973959742 -2.05373895791 -27.5 80.973959742 -2.05373895791 -27.808969697 73.9626630518 -2.35042002302 -25 73.9626630518 -2.35042002302 -25.5 73.9626630518 -2.35042002302 -26 73.9626630518 -2.35042002302 -26.5 73.9626630518 -2.35042002302 -27 73.9626630518 -2.35042002302 -27.6843636364 80.9591311783 -2.57275705223 -25 80.9591311783 -2.57275705223 -25.5 80.9591311783 -2.57275705223 -26 80.9591311783 -2.57275705223 -26.5 80.9591311783 -2.57275705223 -27 80.9591311783 -2.57275705223 -27.6843636364 80.9409759031 -3.09166942875 -27 80.9409759031 -3.09166942875 -27.556</DataArray></Points>
      <Cells>
        <DataArray type="Int32" Name="connectivity" format="ascii">3 6 5 4 7 10 9 8 7 10 9 8 11 14 13 12 6 16 15 5 10 18 17 9 10 18 17 9 14 20 19 13 16 22 21 15 18 24 23 17 18 24 23 17 20 26 25 19 22 28 27 21 24 30 29 23 24 30 29 23 26 32 31 25 28 34 33 27 30 36 35 29 30 36 35 29 32 38 37 31 34 40 39 33 36 42 41 35 36 42 41 35 38 44 43 37 40 46 45 39 42 48 47 41 42 48 47 41 44 50 49 43 46 52 51 45 48 54 53 47 48 54 53 47 50 56 55 49 52 58 57 51 54 60 59 53 54 60 59 53 56 62 61 55 58 64 63 57 60 66 65 59 60 66 65 59 62 68 67 61 64 70 69 63 66 72 71 65 66 72 71 65 68 74 73 67 70 0 75 69 72 1 76 71 72 1 76 71 74 2 77 73 4 5 79 78 8 9 81 80 8 9 81 80 12 13 83 82 5 15 84 79 9 17 85 81 9 17 85 81 13 19 86 83 15 21 87 84 17 23 88 85 17 23 88 85 19 25 89 86 21 27 90 87 23 29 91 88 23 29 91 88 25 31 92 89 27 33 93 90 29 35 94 91 29 35 94 91 31 37 95 92 33 39 96 93 35 41 97 94 35 41 97 94 37 43 98 95 39 45 99 96 41 47 100 97 41 47 100 97 43 49 101 98 45 51 102 99 47 53 103 100 47 53 103 100 49 55 104 101 51 57 105 102 53 59 106 103 53 59 106 103 55 61 107 104 57 63 108 105 59 65 109 106 59 65 109 106 61 67 110 107 63 69 111 108 65 71 112 109 65 71 112 109 67 73 113 110 69 75 114 111 71 76 115 112 71 76 115 112 73 77 116 113 78 79 118 117 80 81 120 119 80 81 120 119 82 83 122 121 82 121 123 83 122 124 79 84 125 118 81 85 126 120 81 85 126 120 83 86 127 122 83 122 124 86 127 128 84 87 129 125 85 88 130 126 85 88 130 126 86 89 131 127 86 127 128 89 131 132 87 90 133 129 88 91 134 130 88 91 134 130 89 92 135 131 89 131 132 92 135 136 90 93 137 133 91 94 138 134 91 94 138 134 92 95 139 135 92 135 136 95 139 140 93 96 141 137 94 97 142 138 94 97 142 138 95 98 143 139 95 139 140 98 143 144 96 99 145 141 97 100 146 142 97 100 146 142 98 101 147 143 98 143 144 101 147 148 99 102 149 145 100 103 150 146 100 103 150 146 101 104 151 147 101 147 148 104 151 152 102 105 153 149 103 106 154 150 103 106 154 150 104 107 155 151 104 151 152 107 155 156 105 108 157 153 106 109 158 154 106 109 158 154 107 110 159 155 107 155 156 110 159 160 108 111 161 157 109 112 162 158 109 112 162 158 110 113 163 159 110 159 160 113 163 164 111 114 165 161 112 115 166 162 112 115 166 162 113 116 167 163 113 163 164 116 167 168 117 118 170 169 119 120 172 171 119 120 172 171 121 122 174 173 121 122 174 173 123 124 176 175 118 125 177 170 120 126 178 172 120 126 178 172 122 127 179 174 122 127 179 174 124 128 180 176 125 129 181 177 126 130 182 178 126 130 182 178 127 131 183 179 127 131 183 179 128 132 184 180 129 133 185 181 130 134 186 182 130 134 186 182 131 135 187 183 131 135 187 183 132 136 188 184 133 137 189 185 134 138 190 186 134 138 190 186 135 139 191 187 135 139 191 187 136 140 192 188 137 141 193 189 138 142 194 190 138 142 194 190 139 143 195 191 139 143 195 191 140 144 196 192 141 145 197 193 142 146 198 194 142 146 198 194 143 147 199 195 143 147 199 195 144 148 200 196 145 149 201 197 146 150 202 198 146 150 202 198 147 151 203 199 147 151 203 199 148 152 204 200 149 153 205 201 150 154 206 202 150 154 206 202 151 155 207 203 151 155 207 203 152 156 208 204 153 157 209 205 154 158 210 206 154 158 210 206 155 159 211 207 155 159 211 207 156 160 212 208 157 161 213 209 158 162 214 210 158 162 214 210 159 163 215 211 159 163 215 211 160 164 216 212 161 165 217 213 162 166 218 214 162 166 218 214 163 167 219 215 163 167 219 215 164 168 220 216 221 224 223 222 225 228 227 226 225 228 227 226 229 232 231 230 224 234 233 223 228 236 235 227 228 236 235 227 232 238 237 231 234 240 239 233 236 242 241 235 236 242 241 235 238 244 243 237 240 246 245 239 242 248 247 241 242 248 247 241 244 250 249 243 246 252 251 245 248 254 253 247 248 254 253 247 250 256 255 249 252 258 257 251 254 260 259 253 254 260 259 253 256 262 261 255 258 264 263 257 260 266 265 259 260 266 265 259 262 268 267 261 264 270 269 263 266 272 271 265 266 272 271 265 268 274 273 267 270 276 275 269 272 278 277 271 272 278 277 271 274 280 279 273 276 282 281 275 278 284 283 277 278 284 283 277 280 286 285 279 282 288 287 281 284 290 289 283 284 290 289 283 286 292 291 285 288 218 293 287 290 219 294 289 290 219 294 289 292 220 295 291 222 223 297 296 226 227 299 298 226 227 299 298 230 231 301 300 223 233 302 297 227 235 303 299 227 235 303 299 231 237 304 301 233 239 305 302 235 241 306 303 235 241 306 303 237 243 307 304 239 245 308 305 241 247 309 306 241 247 309 306 243 249 310 307 245 251 311 308 247 253 312 309 247 253 312 309 249 255 313 310 251 257 314 311 253 259 315 312 253 259 315 312 255 261 316 313 257 263 317 314 259 265 318 315 259 265 318 315 261 267 319 316 263 269 320 317 265 271 321 318 265 271 321 318 267 273 322 319 269 275 323 320 271 277 324 321 271 277 324 321 273 279 325 322 275 281 326 323 277 283 327 324 277 283 327 324 279 285 328 325 281 287 329 326 283 289 330 327 283 289 330 327 285 291 331 328 287 293 332 329 289 294 333 330 289 294 333 330 291 295 334 331 296 297 336 335 298 299 338 337 298 299 338 337 300 301 340 339 297 302 341 336 299 303 342 338 299 303 342 338 301 304 343 340 302 305 344 341 303 306 345 342 303 306 345 342 304 307 346 343 305 308 347 344 306 309 348 345 306 309 348 345 307 310 349 346 308 311 350 347 309 312 351 348 309 312 351 348 310 313 352 349 311 314 353 350 312 315 354 351 312 315 354 351 313 316 355 352 314 317 356 353 315 318 357 354 315 318 357 354 316 319 358 355 317 320 359 356 318 321 360 357 318 321 360 357 319 322 361 358 320 323 362 359 321 324 363 360 321 324 363 360 322 325 364 361 323 326 365 362 324 327 366 363 324 327 366 363 325 328 367 364 326 329 368 365 327 330 369 366 327 330 369 366 328 331 370 367 329 332 371 368 330 333 372 369 330 333 372 369 331 334 373 370 335 336 375 374 337 338 377 376 337 338 377 376 339 340 379 378 336 341 380 375 338 342 381 377 338 342 381 377 340 343 382 379 341 344 383 380 342 345 384 381 342 345 384 381 343 346 385 382 344 347 386 383 345 348 387 384 345 348 387 384 346 349 388 385 347 350 389 386 348 351 390 387 348 351 390 387 349 352 391 388 350 353 392 389 351 354 393 390 351 354 393 390 352 355 394 391 353 356 395 392 354 357 396 393 354 357 396 393 355 358 397 394 356 359 398 395 357 360 399 396 357 360 399 396 358 361 400 397 359 362 401 398 360 363 402 399 360 363 402 399 361 364 403 400 362 365 404 401 363 366 405 402 363 366 405 402 364 367 406 403 365 368 407 404 366 369 408 405 366 369 408 405 367 370 409 406 368 371 410 407 369 372 411 408 369 372 411 408 370 373 412 409 374 375 414 413 376 377 416 415 376 377 416 415 378 379 418 417 375 380 419 414 377 381 420 416 377 381 420 416 379 382 421 418 380 383 422 419 381 384 423 420 381 384 423 420 382 385 424 421 383 386 425 422 384 387 426 423 384 387 426 423 385 388 427 424 386 389 428 425 387 390 429 426 387 390 429 426 388 391 430 427 389 392 431 428 390 393 432 429 390 393 432 429 391 394 433 430 392 395 434 431 393 396 435 432 393 396 435 432 394 397 436 433 395 398 437 434 396 399 438 435 396 399 438 435 397 400 439 436 398 401 440 437 399 402 441 438 399 402 441 438 400 403 442 439 401 404 443 440 402 405 444 441 402 405 444 441 403 406 445 442 404 407 446 443 405 408 447 444 405 408 447 444 406 409 448 445 407 410 449 446 408 411 450 447 408 411 450 447 409 412 451 448 413 414 453 452 415 416 455 454 415 416 455 454 417 418 457 456 414 419 458 453 416 420 459 455 416 420 459 455 418 421 460 457 419 422 461 458 420 423 462 459 420 423 462 459 421 424 463 460 422 425 464 461 423 426 465 462 423 426 465 462 424 427 466 463 425 428 467 464 426 429 468 465 426 429 468 465 427 430 469 466 428 431 470 467 429 432 471 468 429 432 471 468 430 433 472 469 431 434 473 470 432 435 474 471 432 435 474 471 433 436 475 472 434 437 476 473 435 438 477 474 435 438 477 474 436 439 478 475 437 440 479 476 438 441 480 477 438 441 480 477 439 442 481 478 440 443 482 479 441 444 483 480 441 444 483 480 442 445 484 481 443 446 485 482 444 447 486 483 444 447 486 483 445 448 487 484 446 449 488 485 447 450 489 486 447 450 489 486 448 451 490 487 491 494 493 492 495 498 497 496 494 500 499 493 498 502 501 497 500 504 503 499 502 506 505 501 504 508 507 503 506 510 509 505 508 512 511 507 510 514 513 509 512 516 515 511 514 518 517 513 516 520 519 515 518 522 521 517 520 524 523 519 522 526 525 521 524 528 527 523 526 530 529 525 528 532 531 527 530 534 533 529 532 536 535 531 534 538 537 533 536 489 539 535 538 490 540 537 492 493 542 541 496 497 544 543 493 499 545 542 497 501 546 544 499 503 547 545 501 505 548 546 503 507 549 547 505 509 550 548 507 511 551 549 509 513 552 550 511 515 553 551 513 517 554 552 515 519 555 553 517 521 556 554 519 523 557 555 521 525 558 556 523 527 559 557 525 529 560 558 527 531 561 559 529 533 562 560 531 535 563 561 533 537 564 562 535 539 565 563 537 540 566 564 541 542 568 567 543 544 570 569 542 545 571 568 544 546 572 570 545 547 573 571 546 548 574 572 547 549 575 573 548 550 576 574 549 551 577 575 550 552 578 576 551 553 579 577 552 554 580 578 553 555 581 579 554 556 582 580 555 557 583 581 556 558 584 582 557 559 585 583 558 560 586 584 559 561 587 585 560 562 588 586 561 563 589 587 562 564 590 588 563 565 591 589 564 566 592 590 567 568 594 593 569 570 596 595 568 571 597 594 570 572 598 596 571 573 599 597 572 574 600 598 573 575 601 599 574 576 602 600 575 577 603 601 576 578 604 602 577 579 605 603 578 580 606 604 579 581 607 605 580 582 608 606 581 583 609 607 582 584 610 608 583 585 611 609 584 586 612 610 585 587 613 611 586 588 614 612 587 589 615 613 588 590 616 614 589 591 617 615 590 592 618 616 593 594 620 619 595 596 622 621 594 597 623 620 596 598 624 622 597 599 625 623 598 600 626 624 599 601 627 625 600 602 628 626 601 603 629 627 602 604 630 628 603 605 631 629 604 606 632 630 605 607 633 631 606 608 634 632 607 609 635 633 608 610 636 634 609 611 637 635 610 612 638 636 611 613 639 637 612 614 640 638 613 615 641 639 614 616 642 640 615 617 643 641 616 618 644 642 619 620 646 645 621 622 648 647 620 623 649 646 622 624 650 648 623 625 651 649 624 626 652 650 625 627 653 651 626 628 654 652 627 629 655 653 628 630 656 654 629 631 657 655 630 632 658 656 631 633 659 657 632 634 660 658 633 635 661 659 634 636 662 660 635 637 663 661 636 638 664 662 637 639 665 663 638 640 666 664 639 641 667 665 640 642 668 666 641 643 669 667 642 644 670 668 645 646 672 671 647 648 674 673 646 649 675 672 648 650 676 674 649 651 677 675 650 652 678 676 651 653 679 677 652 654 680 678 653 655 681 679 654 656 682 680 655 657 683 681 656 658 684 682 657 659 685 683 658 660 686 684 659 661 687 685 660 662 688 686 661 663 689 687 662 664 690 688 663 665 691 689 664 666 692 690 665 667 693 691 666 668 694 692 667 669 695 693 668 670 696 694 671 672 698 697 673 674 700 699 672 675 701 698 674 676 702 700 675 677 703 701 676 678 704 702 677 679 705 703 678 680 706 704 679 681 707 705 680 682 708 706 681 683 709 707 682 684 710 708 683 685 711 709 684 686 712 710 685 687 713 711 686 688 714 712 687 689 715 713 688 690 716 714 689 691 717 715 690 692 718 716 691 693 719 717 692 694 720 718 693 695 721 719 694 696 722 720 697 698 724 723 699 700 726 725 698 701 727 724 700 702 728 726 701 703 729 727 702 704 730 728 703 705 731 729 704 706 732 730 705 707 733 731 706 708 734 732 707 709 735 733 708 710 736 734 709 711 737 735 710 712 738 736 711 713 739 737 712 714 740 738 713 715 741 739 714 716 742 740 715 717 743 741 716 718 744 742 717 719 745 743 718 720 746 744 719 721 747 745 720 722 748 746 723 724 750 749 725 726 752 751 724 727 753 750 726 728 754 752 727 729 755 753 728 730 756 754 729 731 757 755 730 732 758 756 731 733 759 757 732 734 760 758 733 735 761 759 734 736 762 760 735 737 763 761 736 738 764 762 737 739 765 763 738 740 766 764 739 741 767 765 740 742 768 766 741 743 769 767 742 744 770 768 743 745 771 769 744 746 772 770 745 747 773 771 746 748 774 772 749 750 776 775 751 752 778 777 750 753 779 776 752 754 780 778 753 755 781 779 754 756 782 780 755 757 783 781 756 758 784 782 757 759 785 783 758 760 786 784 759 761 787 785 760 762 788 786 761 763 789 787 762 764 790 788 763 765 791 789 764 766 792 790 765 767 793 791 766 768 794 792 767 769 795 793 768 770 796 794 769 771 797 795 770 772 798 796 771 773 799 797 772 774 800 798 775 776 802 801 777 778 804 803 776 779 805 802 778 780 806 804 779 781 807 805 780 782 808 806 781 783 809 807 782 784 810 808 783 785 811 809 784 786 812 810 785 787 813 811 786 788 814 812 787 789 815 813 788 790 816 814 789 791 817 815 790 792 818 816 791 793 819 817 792 794 820 818 793 795 821 819 794 796 822 820 795 797 823 821 796 798 824 822 797 799 825 823 798 800 826 824 801 802 828 827 803 804 830 829 802 805 831 828 804 806 832 830 805 807 833 831 806 808 834 832 807 809 835 833 808 810 836 834 809 811 837 835 810 812 838 836 811 813 839 837 812 814 840 838 813 815 841 839 814 816 842 840 815 817 843 841 816 818 844 842 817 819 845 843 818 820 846 844 819 821 847 845 820 822 848 846 821 823 849 847 822 824 850 848 823 825 851 849 824 826 852 850 827 828 854 853 829 830 856 855 828 831 857 854 830 832 858 856 831 833 859 857 832 834 860 858 833 835 861 859 834 836 862 860 835 837 863 861 836 838 864 862 837 839 865 863 838 840 866 864 839 841 867 865 840 842 868 866 841 843 869 867 842 844 870 868 843 845 871 869 844 846 872 870 845 847 873 871 846 848 874 872 847 849 875 873 848 850 876 874 849 851 877 875 850 852 878 876 853 854 880 879 855 856 882 881 854 857 883 880 856 858 884 882 857 859 885 883 858 860 886 884 859 861 887 885 860 862 888 886 861 863 889 887 862 864 890 888 863 865 891 889 864 866 892 890 865 867 893 891 866 868 894 892 867 869 895 893 868 870 896 894 869 871 897 895 870 872 898 896 871 873 899 897 872 874 900 898 873 875 901 899 874 876 902 900 875 877 903 901 876 878 904 902 879 880 906 905 881 882 908 907 880 883 909 906 882 884 910 908 883 885 911 909 884 886 912 910 885 887 913 911 886 888 914 912 887 889 915 913 888 890 916 914 889 891 917 915 890 892 918 916 891 893 919 917 892 894 920 918 893 895 921 919 894 896 922 920 895 897 923 921 896 898 924 922 897 899 925 923 898 900 926 924 899 901 927 925 900 902 928 926 901 903 929 927 902 904 930 928 905 906 932 931 907 908 934 933 906 909 935 932 908 910 936 934 909 911 937 935 910 912 938 936 911 913 939 937 912 914 940 938 913 915 941 939 914 916 942 940 915 917 943 941 916 918 944 942 917 919 945 943 918 920 946 944 919 921 947 945 920 922 948 946 921 923 949 947 922 924 950 948 923 925 951 949 924 926 952 950 925 927 953 951 926 928 954 952 927 929 955 953 928 930 956 954 931 932 958 957 933 934 960 959 932 935 961 958 934 936 962 960 935 937 963 961 936 938 964 962 937 939 965 963 938 940 966 964 939 941 967 965 940 942 968 966 941 943 969 967 942 944 970 968 943 945 971 969 944 946 972 970 945 947 973 971 946 948 974 972 947 949 975 973 948 950 976 974 949 951 977 975 950 952 978 976 951 953 979 977 952 954 980 978 953 955 981 979 954 956 982 980 957 958 984 983 959 960 986 985 958 961 987 984 960 962 988 986 961 963 989 987 962 964 990 988 963 965 991 989 964 966 992 990 965 967 993 991 966 968 994 992 967 969 995 993 968 970 996 994 969 971 997 995 970 972 998 996 971 973 999 997 972 974 1000 998 973 975 1001 999 974 976 1002 1000 975 977 1003 1001 976 978 1004 1002 977 979 1005 1003 978 980 1006 1004 979 981 1007 1005 980 982 1008 1006 983 984 1010 1009 985 986 1012 1011 984 987 1013 1010 986 988 1014 1012 987 989 1015 1013 988 990 1016 1014 989 991 1017 1015 990 992 1018 1016 991 993 1019 1017 992 994 1020 1018 993 995 1021 1019 994 996 1022 1020 995 997 1023 1021 996 998 1024 1022 997 999 1025 1023 998 1000 1026 1024 999 1001 1027 1025 1000 1002 1028 1026 1001 1003 1029 1027 1002 1004 1030 1028 1003 1005 1031 1029 1004 1006 1032 1030 1005 1007 1033 1031 1006 1008 1034 1032 1009 1010 1036 1035 1011 1012 1038 1037 1010 1013 1039 1036 1012 1014 1040 1038 1013 1015 1041 1039 1014 1016 1042 1040 1015 1017 1043 1041 1016 1018 1044 1042 1017 1019 1045 1043 1018 1020 1046 1044 1019 1021 1047 1045 1020 1022 1048 1046 1021 1023 1049 1047 1022 1024 1050 1048 1023 1025 1051 1049 1024 1026 1052 1050 1025 1027 1053 1051 1026 1028 1054 1052 1027 1029 1055 1053 1028 1030 1056 1054 1029 1031 1057 1055 1030 1032 1058 1056 1031 1033 1059 1057 1032 1034 1060 1058 1035 1036 1062 1061 1037 1038 1064 1063 1036 1039 1065 1062 1038 1040 1066 1064 1039 1041 1067 1065 1040 1042 1068 1066 1041 1043 1069 1067 1042 1044 1070 1068 1043 1045 1071 1069 1044 1046 1072 1070 1045 1047 1073 1071 1046 1048 1074 1072 1047 1049 1075 1073 1048 1050 1076 1074 1049 1051 1077 1075 1050 1052 1078 1076 1051 1053 1079 1077 1052 1054 1080 1078 1053 1055 1081 1079 1054 1056 1082 1080 1055 1057 1083 1081 1056 1058 1084 1082 1057 1059 1085 1083 1058 1060 1086 1084 1061 1062 1088 1087 1063 1064 1090 1089 1062 1065 1091 1088 1064 1066 1092 1090 1065 1067 1093 1091 1066 1068 1094 1092 1067 1069 1095 1093 1068 1070 1096 1094 1069 1071 1097 1095 1070 1072 1098 1096 1071 1073 1099 1097 1072 1074 1100 1098 1073 1075 1101 1099 1074 1076 1102 1100 1075 1077 1103 1101 1076 1078 1104 1102 1077 1079 1105 1103 1078 1080 1106 1104 1079 1081 1107 1105 1080 1082 1108 1106 1081 1083 1109 1107 1082 1084 1110 1108 1083 1085 1111 1109 1084 1086 1112 1110 1087 1088 1114 1113 1089 1090 1116 1115 1088 1091 1117 1114 1090 1092 1118 1116 1091 1093 1119 1117 1092 1094 1120 1118 1093 1095 1121 1119 1094 1096 1122 1120 1095 1097 1123 1121 1096 1098 1124 1122 1097 1099 1125 1123 1098 1100 1126 1124 1099 1101 1127 1125 1100 1102 1128 1126 1101 1103 1129 1127 1102 1104 1130 1128 1103 1105 1131 1129 1104 1106 1132 1130 1105 1107 1133 1131 1106 1108 1134 1132 1107 1109 1135 1133 1108 1110 1136 1134 1109 1111 1137 1135 1110 1112 1138 1136 1113 1114 1140 1139 1115 1116 1142 1141 1114 1117 1143 1140 1116 1118 1144 1142 1117 1119 1145 1143 1118 1120 1146 1144 1119 1121 1147 1145 1120 1122 1148 1146 1121 1123 1149 1147 1122 1124 1150 1148 1123 1125 1151 1149 1124 1126 1152 1150 1125 1127 1153 1151 1126 1128 1154 1152 1127 1129 1155 1153 1128 1130 1156 1154 1129 1131 1157 1155 1130 1132 1158 1156 1131 1133 1159 1157 1132 1134 1160 1158 1133 1135 1161 1159 1134 1136 1162 1160 1135 1137 1163 1161 1136 1138 1164 1162 1139 1140 1166 1165 1141 1142 1168 1167 1140 1143 1169 1166 1142 1144 1170 1168 1143 1145 1171 1169 1144 1146 1172 1170 1145 1147 1173 1171 1146 1148 1174 1172 1147 1149 1175 1173 1148 1150 1176 1174 1149 1151 1177 1175 1150 1152 1178 1176 1151 1153 1179 1177 1152 1154 1180 1178 1153 1155 1181 1179 1154 1156 1182 1180 1155 1157 1183 1181 1156 1158 1184 1182 1157 1159 1185 1183 1158 1160 1186 1184 1159 1161 1187 1185 1160 1162 1188 1186 1161 1163 1189 1187 1162 1164 1190 1188 1165 1166 1192 1191 1167 1168 1194 1193 1166 1169 1195 1192 1168 1170 1196 1194 1169 1171 1197 1195 1170 1172 1198 1196 1171 1173 1199 1197 1172 1174 1200 1198 1173 1175 1201 1199 1174 1176 1202 1200 1175 1177 1203 1201 1176 1178 1204 1202 1177 1179 1205 1203 1178 1180 1206 1204 1179 1181 1207 1205 1180 1182 1208 1206 1181 1183 1209 1207 1182 1184 1210 1208 1183 1185 1211 1209 1184 1186 1212 1210 1185 1187 1213 1211 1186 1188 1214 1212 1187 1189 1215 1213 1188 1190 1216 1214 1191 1192 1218 1217 1193 1194 1220 1219 1192 1195 1221 1218 1194 1196 1222 1220 1195 1197 1223 1221 1196 1198 1224 1222 1197 1199 1225 1223 1198 1200 1226 1224 1199 1201 1227 1225 1200 1202 1228 1226 1201 1203 1229 1227 1202 1204 1230 1228 1203 1205 1231 1229 1204 1206 1232 1230 1205 1207 1233 1231 1206 1208 1234 1232 1207 1209 1235 1233 1208 1210 1236 1234 1209 1211 1237 1235 1210 1212 1238 1236 1211 1213 1239 1237 1212 1214 1240 1238 1213 1215 1241 1239 1214 1216 1242 1240 1217 1218 1244 1243 1219 1220 1246 1245 1218 1221 1247 1244 1220 1222 1248 1246 1221 1223 1249 1247 1222 1224 1250 1248 1223 1225 1251 1249 1224 1226 1252 1250 1225 1227 1253 1251 1226 1228 1254 1252 1227 1229 1255 1253 1228 1230 1256 1254 1229 1231 1257 1255 1230 1232 1258 1256 1231 1233 1259 1257 1232 1234 1260 1258 1233 1235 1261 1259 1234 1236 1262 1260 1235 1237 1263 1261 1236 1238 1264 1262 1237 1239 1265 1263 1238 1240 1266 1264 1239 1241 1267 1265 1240 1242 1268 1266 1243 1244 1270 1269 1245 1246 1272 1271 1244 1247 1273 1270 1246 1248 1274 1272 1247 1249 1275 1273 1248 1250 1276 1274 1249 1251 1277 1275 1250 1252 1278 1276 1251 1253 1279 1277 1252 1254 1280 1278 1253 1255 1281 1279 1254 1256 1282 1280 1255 1257 1283 1281 1256 1258 1284 1282 1257 1259 1285 1283 1258 1260 1286 1284 1259 1261 1287 1285 1260 1262 1288 1286 1261 1263 1289 1287 1262 1264 1290 1288 1263 1265 1291 1289 1264 1266 1292 1290 1265 1267 1293 1291 1266 1268 1294 1292 1295 1298 1297 1296 1299 1302 1301 1300 1299 1302 1301 1300 1303 1306 1305 1304 1298 1308 1307 1297 1302 1310 1309 1301 1302 1310 1309 1301 1306 1312 1311 1305 1308 1314 1313 1307 1310 1316 1315 1309 1310 1316 1315 1309 1312 1318 1317 1311 1314 1320 1319 1313 1316 1322 1321 1315 1316 1322 1321 1315 1318 1324 1323 1317 1320 1326 1325 1319 1322 1328 1327 1321 1322 1328 1327 1321 1324 1330 1329 1323 1326 1332 1331 1325 1328 1334 1333 1327 1328 1334 1333 1327 1330 1336 1335 1329 1332 1338 1337 1331 1334 1340 1339 1333 1334 1340 1339 1333 1336 1342 1341 1335 1338 1344 1343 1337 1340 1346 1345 1339 1340 1346 1345 1339 1342 1348 1347 1341 1344 1350 1349 1343 1346 1352 1351 1345 1346 1352 1351 1345 1348 1354 1353 1347 1350 1356 1355 1349 1352 1358 1357 1351 1352 1358 1357 1351 1354 1360 1359 1353 1356 1362 1361 1355 1358 1364 1363 1357 1358 1364 1363 1357 1360 1366 1365 1359 1362 1368 1367 1361 1364 1293 1369 1363 1364 1293 1369 1363 1366 1294 1370 1365 1296 1297 1372 1371 1300 1301 1374 1373 1300 1301 1374 1373 1304 1305 1376 1375 1297 1307 1377 1372 1301 1309 1378 1374 1301 1309 1378 1374 1305 1311 1379 1376 1307 1313 1380 1377 1309 1315 1381 1378 1309 1315 1381 1378 1311 1317 1382 1379 1313 1319 1383 1380 1315 1321 1384 1381 1315 1321 1384 1381 1317 1323 1385 1382 1319 1325 1386 1383 1321 1327 1387 1384 1321 1327 1387 1384 1323 1329 1388 1385 1325 1331 1389 1386 1327 1333 1390 1387 1327 1333 1390 1387 1329 1335 1391 1388 1331 1337 1392 1389 1333 1339 1393 1390 1333 1339 1393 1390 1335 1341 1394 1391 1337 1343 1395 1392 1339 1345 1396 1393 1339 1345 1396 1393 1341 1347 1397 1394 1343 1349 1398 1395 1345 1351 1399 1396 1345 1351 1399 1396 1347 1353 1400 1397 1349 1355 1401 1398 1351 1357 1402 1399 1351 1357 1402 1399 1353 1359 1403 1400 1355 1361 1404 1401 1357 1363 1405 1402 1357 1363 1405 1402 1359 1365 1406 1403 1361 1367 1407 1404 1363 1369 1408 1405 1363 1369 1408 1405 1365 1370 1409 1406 1371 1372 1411 1410 1373 1374 1413 1412 1373 1374 1413 1412 1375 1376 1415 1414 1372 1377 1416 1411 1374 1378 1417 1413 1374 1378 1417 1413 1376 1379 1418 1415 1377 1380 1419 1416 1378 1381 1420 1417 1378 1381 1420 1417 1379 1382 1421 1418 1380 1383 1422 1419 1381 1384 1423 1420 1381 1384 1423 1420 1382 1385 1424 1421 1383 1386 1425 1422 1384 1387 1426 1423 1384 1387 1426 1423 1385 1388 1427 1424 1386 1389 1428 1425 1387 1390 1429 1426 1387 1390 1429 1426 1388 1391 1430 1427 1389 1392 1431 1428 1390 1393 1432 1429 1390 1393 1432 1429 1391 1394 1433 1430 1392 1395 1434 1431 1393 1396 1435 1432 1393 1396 1435 1432 1394 1397 1436 1433 1395 1398 1437 1434 1396 1399 1438 1435 1396 1399 1438 1435 1397 1400 1439 1436 1398 1401 1440 1437 1399 1402 1441 1438 1399 1402 1441 1438 1400 1403 1442 1439 1401 1404 1443 1440 1402 1405 1444 1441 1402 1405 1444 1441 1403 1406 1445 1442 1404 1407 1446 1443 1405 1408 1447 1444 1405 1408 1447 1444 1406 1409 1448 1445 1410 1411 1450 1449 1412 1413 1452 1451 1412 1413 1452 1451 1414 1415 1454 1453 1411 1416 1455 1450 1413 1417 1456 1452 1413 1417 1456 1452 1415 1418 1457 1454 1416 1419 1458 1455 1417 1420 1459 1456 1417 1420 1459 1456 1418 1421 1460 1457 1419 1422 1461 1458 1420 1423 1462 1459 1420 1423 1462 1459 1421 1424 1463 1460 1422 1425 1464 1461 1423 1426 1465 1462 1423 1426 1465 1462 1424 1427 1466 1463 1425 1428 1467 1464 1426 1429 1468 1465 1426 1429 1468 1465 1427 1430 1469 1466 1428 1431 1470 1467 1429 1432 1471 1468 1429 1432 1471 1468 1430 1433 1472 1469 1431 1434 1473 1470 1432 1435 1474 1471 1432 1435 1474 1471 1433 1436 1475 1472 1434 1437 1476 1473 1435 1438 1477 1474 1435 1438 1477 1474 1436 1439 1478 1475 1437 1440 1479 1476 1438 1441 1480 1477 1438 1441 1480 1477 1439 1442 1481 1478 1440 1443 1482 1479 1441 1444 1483 1480 1441 1444 1483 1480 1442 1445 1484 1481 1443 1446 1485 1482 1444 1447 1486 1483 1444 1447 1486 1483 1445 1448 1487 1484 1449 1450 1489 1488 1451 1452 1491 1490 1451 1452 1491 1490 1453 1454 1493 1492 1450 1455 1494 1489 1452 1456 1495 1491 1452 1456 1495 1491 1454 1457 1496 1493 1455 1458 1497 1494 1456 1459 1498 1495 1456 1459 1498 1495 1457 1460 1499 1496 1458 1461 1500 1497 1459 1462 1501 1498 1459 1462 1501 1498 1460 1463 1502 1499 1461 1464 1503 1500 1462 1465 1504 1501 1462 1465 1504 1501 1463 1466 1505 1502 1464 1467 1506 1503 1465 1468 1507 1504 1465 1468 1507 1504 1466 1469 1508 1505 1467 1470 1509 1506 1468 1471 1510 1507 1468 1471 1510 1507 1469 1472 1511 1508 1470 1473 1512 1509 1471 1474 1513 1510 1471 1474 1513 1510 1472 1475 1514 1511 1473 1476 1515 1512 1474 1477 1516 1513 1474 1477 1516 1513 1475 1478 1517 1514 1476 1479 1518 1515 1477 1480 1519 1516 1477 1480 1519 1516 1478 1481 1520 1517 1479 1482 1521 1518 1480 1483 1522 1519 1480 1483 1522 1519 1481 1484 1523 1520 1482 1485 1524 1521 1483 1486 1525 1522 1483 1486 1525 1522 1484 1487 1526 1523 1488 1489 1528 1527 1490 1491 1530 1529 1490 1491 1530 1529 1492 1493 1532 1531 1489 1494 1533 1528 1491 1495 1534 1530 1491 1495 1534 1530 1493 1496 1535 1532 1494 1497 1536 1533 1495 1498 1537 1534 1495 1498 1537 1534 1496 1499 1538 1535 1497 1500 1539 1536 1498 1501 1540 1537 1498 1501 1540 1537 1499 1502 1541 1538 1500 1503 1542 1539 1501 1504 1543 1540 1501 1504 1543 1540 1502 1505 1544 1541 1503 1506 1545 1542 1504 1507 1546 1543 1504 1507 1546 1543 1505 1508 1547 1544 1506 1509 1548 1545 1507 1510 1549 1546 1507 1510 1549 1546 1508 1511 1550 1547 1509 1512 1551 1548 1510 1513 1552 1549 1510 1513 1552 1549 1511 1514 1553 1550 1512 1515 1554 1551 1513 1516 1555 1552 1513 1516 1555 1552 1514 1517 1556 1553 1515 1518 1557 1554 1516 1519 1558 1555 1516 1519 1558 1555 1517 1520 1559 1556 1518 1521 1560 1557 1519 1522 1561 1558 1519 1522 1561 1558 1520 1523 1562 1559 1521 1524 1563 1560 1522 1525 1564 1561 1522 1525 1564 1561 1523 1526 1565 1562 1566 1569 1568 1567 1570 1573 1572 1571 1570 1573 1572 1571 1574 1577 1576 1575 1574 1577 1576 1575 1578 1581 1580 1579 1569 1583 1582 1568 1573 1585 1584 1572 1573 1585 1584 1572 1577 1587 1586 1576 1577 1587 1586 1576 1581 1589 1588 1580 1583 1591 1590 1582 1585 1593 1592 1584 1585 1593 1592 1584 1587 1595 1594 1586 1587 1595 1594 1586 1589 1597 1596 1588 1591 1599 1598 1590 1593 1601 1600 1592 1593 1601 1600 1592 1595 1603 1602 1594 1595 1603 1602 1594 1597 1605 1604 1596 1599 1607 1606 1598 1601 1609 1608 1600 1601 1609 1608 1600 1603 1611 1610 1602 1603 1611 1610 1602 1605 1613 1612 1604 1607 1615 1614 1606 1609 1617 1616 1608 1609 1617 1616 1608 1611 1619 1618 1610 1611 1619 1618 1610 1613 1621 1620 1612 1615 1623 1622 1614 1617 1625 1624 1616 1617 1625 1624 1616 1619 1627 1626 1618 1619 1627 1626 1618 1621 1629 1628 1620 1623 1631 1630 1622 1625 1633 1632 1624 1625 1633 1632 1624 1627 1635 1634 1626 1627 1635 1634 1626 1629 1637 1636 1628 1631 1639 1638 1630 1633 1641 1640 1632 1633 1641 1640 1632 1635 1643 1642 1634 1635 1643 1642 1634 1637 1645 1644 1636 1639 1647 1646 1638 1641 1649 1648 1640 1641 1649 1648 1640 1643 1651 1650 1642 1643 1651 1650 1642 1645 1653 1652 1644 1647 1655 1654 1646 1649 1657 1656 1648 1649 1657 1656 1648 1651 1659 1658 1650 1651 1659 1658 1650 1653 1661 1660 1652 1655 1663 1662 1654 1657 1563 1664 1656 1657 1563 1664 1656 1659 1564 1665 1658 1659 1564 1665 1658 1661 1565 1666 1660 1567 1568 1668 1667 1571 1572 1670 1669 1571 1572 1670 1669 1575 1576 1672 1671 1671 1579 1575 1672 1580 1576 1568 1582 1673 1668 1572 1584 1674 1670 1572 1584 1674 1670 1576 1586 1675 1672 1672 1580 1576 1675 1588 1586 1582 1590 1676 1673 1584 1592 1677 1674 1584 1592 1677 1674 1586 1594 1678 1675 1675 1588 1586 1678 1596 1594 1590 1598 1679 1676 1592 1600 1680 1677 1592 1600 1680 1677 1594 1602 1681 1678 1678 1596 1594 1681 1604 1602 1598 1606 1682 1679 1600 1608 1683 1680 1600 1608 1683 1680 1602 1610 1684 1681 1681 1604 1602 1684 1612 1610 1606 1614 1685 1682 1608 1616 1686 1683 1608 1616 1686 1683 1610 1618 1687 1684 1684 1612 1610 1687 1620 1618 1614 1622 1688 1685 1616 1624 1689 1686 1616 1624 1689 1686 1618 1626 1690 1687 1687 1620 1618 1690 1628 1626 1622 1630 1691 1688 1624 1632 1692 1689 1624 1632 1692 1689 1626 1634 1693 1690 1690 1628 1626 1693 1636 1634 1630 1638 1694 1691 1632 1640 1695 1692 1632 1640 1695 1692 1634 1642 1696 1693 1693 1636 1634 1696 1644 1642 1638 1646 1697 1694 1640 1648 1698 1695 1640 1648 1698 1695 1642 1650 1699 1696 1696 1644 1642 1699 1652 1650 1646 1654 1700 1697 1648 1656 1701 1698 1648 1656 1701 1698 1650 1658 1702 1699 1699 1652 1650 1702 1660 1658 1654 1662 1703 1700 1656 1664 1704 1701 1656 1664 1704 1701 1658 1665 1705 1702 1702 1660 1658 1705 1666 1665 1706 1709 1708 1707 1710 1713 1712 1711 1710 1713 1712 1711 1714 1717 1716 1715 1714 1717 1716 1715 1718 1721 1720 1719 1709 1723 1722 1708 1713 1725 1724 1712 1713 1725 1724 1712 1717 1727 1726 1716 1717 1727 1726 1716 1721 1729 1728 1720 1723 1731 1730 1722 1725 1733 1732 1724 1725 1733 1732 1724 1727 1735 1734 1726 1727 1735 1734 1726 1729 1737 1736 1728 1731 1739 1738 1730 1733 1741 1740 1732 1733 1741 1740 1732 1735 1743 1742 1734 1735 1743 1742 1734 1737 1745 1744 1736 1739 1747 1746 1738 1741 1749 1748 1740 1741 1749 1748 1740 1743 1751 1750 1742 1743 1751 1750 1742 1745 1753 1752 1744 1747 1755 1754 1746 1749 1757 1756 1748 1749 1757 1756 1748 1751 1759 1758 1750 1751 1759 1758 1750 1753 1761 1760 1752 1755 1763 1762 1754 1757 1765 1764 1756 1757 1765 1764 1756 1759 1767 1766 1758 1759 1767 1766 1758 1761 1769 1768 1760 1763 1771 1770 1762 1765 1773 1772 1764 1765 1773 1772 1764 1767 1775 1774 1766 1767 1775 1774 1766 1769 1777 1776 1768 1771 1779 1778 1770 1773 1781 1780 1772 1773 1781 1780 1772 1775 1783 1782 1774 1775 1783 1782 1774 1777 1785 1784 1776 1779 1787 1786 1778 1781 1789 1788 1780 1781 1789 1788 1780 1783 1791 1790 1782 1783 1791 1790 1782 1785 1793 1792 1784 1787 1795 1794 1786 1789 1797 1796 1788 1789 1797 1796 1788 1791 1799 1798 1790 1791 1799 1798 1790 1793 1801 1800 1792 1795 1803 1802 1794 1797 1703 1804 1796 1797 1703 1804 1796 1799 1704 1805 1798 1799 1704 1805 1798 1801 1705 1806 1800 1707 1708 1808 1807 1711 1712 1810 1809 1711 1712 1810 1809 1715 1716 1812 1811 1715 1716 1812 1811 1719 1720 1814 1813 1708 1722 1815 1808 1712 1724 1816 1810 1712 1724 1816 1810 1716 1726 1817 1812 1716 1726 1817 1812 1720 1728 1818 1814 1722 1730 1819 1815 1724 1732 1820 1816 1724 1732 1820 1816 1726 1734 1821 1817 1726 1734 1821 1817 1728 1736 1822 1818 1730 1738 1823 1819 1732 1740 1824 1820 1732 1740 1824 1820 1734 1742 1825 1821 1734 1742 1825 1821 1736 1744 1826 1822 1738 1746 1827 1823 1740 1748 1828 1824 1740 1748 1828 1824 1742 1750 1829 1825 1742 1750 1829 1825 1744 1752 1830 1826 1746 1754 1831 1827 1748 1756 1832 1828 1748 1756 1832 1828 1750 1758 1833 1829 1750 1758 1833 1829 1752 1760 1834 1830 1754 1762 1835 1831 1756 1764 1836 1832 1756 1764 1836 1832 1758 1766 1837 1833 1758 1766 1837 1833 1760 1768 1838 1834 1762 1770 1839 1835 1764 1772 1840 1836 1764 1772 1840 1836 1766 1774 1841 1837 1766 1774 1841 1837 1768 1776 1842 1838 1770 1778 1843 1839 1772 1780 1844 1840 1772 1780 1844 1840 1774 1782 1845 1841 1774 1782 1845 1841 1776 1784 1846 1842 1778 1786 1847 1843 1780 1788 1848 1844 1780 1788 1848 1844 1782 1790 1849 1845 1782 1790 1849 1845 1784 1792 1850 1846 1786 1794 1851 1847 1788 1796 1852 1848 1788 1796 1852 1848 1790 1798 1853 1849 1790 1798 1853 1849 1792 1800 1854 1850 1794 1802 1855 1851 1796 1804 1856 1852 1796 1804 1856 1852 1798 1805 1857 1853 1798 1805 1857 1853 1800 1806 1858 1854 1807 1808 1860 1859 1809 1810 1862 1861 1809 1810 1862 1861 1811 1812 1864 1863 1811 1812 1864 1863 1813 1814 1866 1865 1808 1815 1867 1860 1810 1816 1868 1862 1810 1816 1868 1862 1812 1817 1869 1864 1812 1817 1869 1864 1814 1818 1870 1866 1815 1819 1871 1867 1816 1820 1872 1868 1816 1820 1872 1868 1817 1821 1873 1869 1817 1821 1873 1869 1818 1822 1874 1870 1819 1823 1875 1871 1820 1824 1876 1872 1820 1824 1876 1872 1821 1825 1877 1873 1821 1825 1877 1873 1822 1826 1878 1874 1823 1827 1879 1875 1824 1828 1880 1876 1824 1828 1880 1876 1825 1829 1881 1877 1825 1829 1881 1877 1826 1830 1882 1878 1827 1831 1883 1879 1828 1832 1884 1880 1828 1832 1884 1880 1829 1833 1885 1881 1829 1833 1885 1881 1830 1834 1886 1882 1831 1835 1887 1883 1832 1836 1888 1884 1832 1836 1888 1884 1833 1837 1889 1885 1833 1837 1889 1885 1834 1838 1890 1886 1835 1839 1891 1887 1836 1840 1892 1888 1836 1840 1892 1888 1837 1841 1893 1889 1837 1841 1893 1889 1838 1842 1894 1890 1839 1843 1895 1891 1840 1844 1896 1892 1840 1844 1896 1892 1841 1845 1897 1893 1841 1845 1897 1893 1842 1846 1898 1894 1843 1847 1899 1895 1844 1848 1900 1896 1844 1848 1900 1896 1845 1849 1901 1897 1845 1849 1901 1897 1846 1850 1902 1898 1847 1851 1903 1899 1848 1852 1904 1900 1848 1852 1904 1900 1849 1853 1905 1901 1849 1853 1905 1901 1850 1854 1906 1902 1851 1855 1907 1903 1852 1856 1908 1904 1852 1856 1908 1904 1853 1857 1909 1905 1853 1857 1909 1905 1854 1858 1910 1906 1911 1914 1913 1912 1915 1918 1917 1916 1915 1918 1917 1916 1919 1922 1921 1920 1919 1922 1921 1920 1923 1926 1925 1924 1923 1926 1925 1924 1927 1930 1929 1928 1914 1932 1931 1913 1918 1934 1933 1917 1918 1934 1933 1917 1922 1936 1935 1921 1922 1936 1935 1921 1926 1938 1937 1925 1926 1938 1937 1925 1930 1940 1939 1929 1932 1942 1941 1931 1934 1944 1943 1933 1934 1944 1943 1933 1936 1946 1945 1935 1936 1946 1945 1935 1938 1948 1947 1937 1938 1948 1947 1937 1940 1950 1949 1939 1942 1952 1951 1941 1944 1954 1953 1943 1944 1954 1953 1943 1946 1956 1955 1945 1946 1956 1955 1945 1948 1958 1957 1947 1948 1958 1957 1947 1950 1960 1959 1949 1952 1962 1961 1951 1954 1964 1963 1953 1954 1964 1963 1953 1956 1966 1965 1955 1956 1966 1965 1955 1958 1968 1967 1957 1958 1968 1967 1957 1960 1970 1969 1959 1962 1972 1971 1961 1964 1974 1973 1963 1964 1974 1973 1963 1966 1976 1975 1965 1966 1976 1975 1965 1968 1978 1977 1967 1968 1978 1977 1967 1970 1980 1979 1969 1972 1982 1981 1971 1974 1984 1983 1973 1974 1984 1983 1973 1976 1986 1985 1975 1976 1986 1985 1975 1978 1988 1987 1977 1978 1988 1987 1977 1980 1990 1989 1979 1982 1992 1991 1981 1984 1994 1993 1983 1984 1994 1993 1983 1986 1996 1995 1985 1986 1996 1995 1985 1988 1998 1997 1987 1988 1998 1997 1987 1990 2000 1999 1989 1992 2002 2001 1991 1994 2004 2003 1993 1994 2004 2003 1993 1996 2006 2005 1995 1996 2006 2005 1995 1998 2008 2007 1997 1998 2008 2007 1997 2000 2010 2009 1999 2002 2012 2011 2001 2004 2014 2013 2003 2004 2014 2013 2003 2006 2016 2015 2005 2006 2016 2015 2005 2008 2018 2017 2007 2008 2018 2017 2007 2010 2020 2019 2009 2012 2022 2021 2011 2014 2024 2023 2013 2014 2024 2023 2013 2016 2026 2025 2015 2016 2026 2025 2015 2018 2028 2027 2017 2018 2028 2027 2017 2020 2030 2029 2019 2022 2032 2031 2021 2024 1907 2033 2023 2024 1907 2033 2023 2026 1908 2034 2025 2026 1908 2034 2025 2028 1909 2035 2027 2028 1909 2035 2027 2030 1910 2036 2029 1912 1913 2038 2037 1916 1917 2040 2039 1916 1917 2040 2039 1920 1921 2042 2041 1920 1921 2042 2041 1924 1925 2044 2043 1924 1925 2044 2043 1928 1929 2046 2045 1913 1931 2047 2038 1917 1933 2048 2040 1917 1933 2048 2040 1921 1935 2049 2042 1921 1935 2049 2042 1925 1937 2050 2044 1925 1937 2050 2044 1929 1939 2051 2046 1931 1941 2052 2047 1933 1943 2053 2048 1933 1943 2053 2048 1935 1945 2054 2049 1935 1945 2054 2049 1937 1947 2055 2050 1937 1947 2055 2050 1939 1949 2056 2051 1941 1951 2057 2052 1943 1953 2058 2053 1943 1953 2058 2053 1945 1955 2059 2054 1945 1955 2059 2054 1947 1957 2060 2055 1947 1957 2060 2055 1949 1959 2061 2056 1951 1961 2062 2057 1953 1963 2063 2058 1953 1963 2063 2058 1955 1965 2064 2059 1955 1965 2064 2059 1957 1967 2065 2060 1957 1967 2065 2060 1959 1969 2066 2061 1961 1971 2067 2062 1963 1973 2068 2063 1963 1973 2068 2063 1965 1975 2069 2064 1965 1975 2069 2064 1967 1977 2070 2065 1967 1977 2070 2065 1969 1979 2071 2066 1971 1981 2072 2067 1973 1983 2073 2068 1973 1983 2073 2068 1975 1985 2074 2069 1975 1985 2074 2069 1977 1987 2075 2070 1977 1987 2075 2070 1979 1989 2076 2071 1981 1991 2077 2072 1983 1993 2078 2073 1983 1993 2078 2073 1985 1995 2079 2074 1985 1995 2079 2074 1987 1997 2080 2075 1987 1997 2080 2075 1989 1999 2081 2076 1991 2001 2082 2077 1993 2003 2083 2078 1993 2003 2083 2078 1995 2005 2084 2079 1995 2005 2084 2079 1997 2007 2085 2080 1997 2007 2085 2080 1999 2009 2086 2081 2001 2011 2087 2082 2003 2013 2088 2083 2003 2013 2088 2083 2005 2015 2089 2084 2005 2015 2089 2084 2007 2017 2090 2085 2007 2017 2090 2085 2009 2019 2091 2086 2011 2021 2092 2087 2013 2023 2093 2088 2013 2023 2093 2088 2015 2025 2094 2089 2015 2025 2094 2089 2017 2027 2095 2090 2017 2027 2095 2090 2019 2029 2096 2091 2021 2031 2097 2092 2023 2033 2098 2093 2023 2033 2098 2093 2025 2034 2099 2094 2025 2034 2099 2094 2027 2035 2100 2095 2027 2035 2100 2095 2029 2036 2101 2096 2102 2105 2104 2103 2106 2109 2108 2107 2106 2109 2108 2107 2110 2113 2112 2111 2110 2113 2112 2111 2114 2117 2116 2115 2114 2117 2116 2115 2118 2121 2120 2119 2119 2122 2118 2120 2123 2121 2105 2125 2124 2104 2109 2127 2126 2108 2109 2127 2126 2108 2113 2129 2128 2112 2113 2129 2128 2112 2117 2131 2130 2116 2117 2131 2130 2116 2121 2133 2132 2120 2120 2123 2121 2132 2134 2133 2125 2136 2135 2124 2127 2138 2137 2126 2127 2138 2137 2126 2129 2140 2139 2128 2129 2140 2139 2128 2131 2142 2141 2130 2131 2142 2141 2130 2133 2144 2143 2132 2132 2134 2133 2143 2145 2144 2136 2147 2146 2135 2138 2149 2148 2137 2138 2149 2148 2137 2140 2151 2150 2139 2140 2151 2150 2139 2142 2153 2152 2141 2142 2153 2152 2141 2144 2155 2154 2143 2143 2145 2144 2154 2156 2155 2147 2158 2157 2146 2149 2160 2159 2148 2149 2160 2159 2148 2151 2162 2161 2150 2151 2162 2161 2150 2153 2164 2163 2152 2153 2164 2163 2152 2155 2166 2165 2154 2154 2156 2155 2165 2167 2166 2158 2169 2168 2157 2160 2171 2170 2159 2160 2171 2170 2159 2162 2173 2172 2161 2162 2173 2172 2161 2164 2175 2174 2163 2164 2175 2174 2163 2166 2177 2176 2165 2165 2167 2166 2176 2178 2177 2169 2180 2179 2168 2171 2182 2181 2170 2171 2182 2181 2170 2173 2184 2183 2172 2173 2184 2183 2172 2175 2186 2185 2174 2175 2186 2185 2174 2177 2188 2187 2176 2176 2178 2177 2187 2189 2188 2180 2191 2190 2179 2182 2193 2192 2181 2182 2193 2192 2181 2184 2195 2194 2183 2184 2195 2194 2183 2186 2197 2196 2185 2186 2197 2196 2185 2188 2199 2198 2187 2187 2189 2188 2198 2200 2199 2191 2202 2201 2190 2193 2204 2203 2192 2193 2204 2203 2192 2195 2206 2205 2194 2195 2206 2205 2194 2197 2208 2207 2196 2197 2208 2207 2196 2199 2210 2209 2198 2198 2200 2199 2209 2211 2210 2202 2213 2212 2201 2204 2215 2214 2203 2204 2215 2214 2203 2206 2217 2216 2205 2206 2217 2216 2205 2208 2219 2218 2207 2208 2219 2218 2207 2210 2221 2220 2209 2209 2211 2210 2220 2222 2221 2213 2224 2223 2212 2215 2226 2225 2214 2215 2226 2225 2214 2217 2228 2227 2216 2217 2228 2227 2216 2219 2230 2229 2218 2219 2230 2229 2218 2221 2232 2231 2220 2220 2222 2221 2231 2233 2232 2224 2235 2234 2223 2226 2097 2236 2225 2226 2097 2236 2225 2228 2098 2237 2227 2228 2098 2237 2227 2230 2099 2238 2229 2230 2099 2238 2229 2232 2100 2239 2231 2231 2233 2232 2239 2101 2100 2240 2243 2242 2241 2244 2247 2246 2245 2244 2247 2246 2245 2248 2251 2250 2249 2248 2251 2250 2249 2252 2255 2254 2253 2252 2255 2254 2253 2256 2259 2258 2257 2256 2259 2258 2257 2260 2263 2262 2261 2243 2265 2264 2242 2247 2267 2266 2246 2247 2267 2266 2246 2251 2269 2268 2250 2251 2269 2268 2250 2255 2271 2270 2254 2255 2271 2270 2254 2259 2273 2272 2258 2259 2273 2272 2258 2263 2275 2274 2262 2265 2277 2276 2264 2267 2279 2278 2266 2267 2279 2278 2266 2269 2281 2280 2268 2269 2281 2280 2268 2271 2283 2282 2270 2271 2283 2282 2270 2273 2285 2284 2272 2273 2285 2284 2272 2275 2287 2286 2274 2277 2289 2288 2276 2279 2291 2290 2278 2279 2291 2290 2278 2281 2293 2292 2280 2281 2293 2292 2280 2283 2295 2294 2282 2283 2295 2294 2282 2285 2297 2296 2284 2285 2297 2296 2284 2287 2299 2298 2286 2289 2301 2300 2288 2291 2303 2302 2290 2291 2303 2302 2290 2293 2305 2304 2292 2293 2305 2304 2292 2295 2307 2306 2294 2295 2307 2306 2294 2297 2309 2308 2296 2297 2309 2308 2296 2299 2311 2310 2298 2301 2313 2312 2300 2303 2315 2314 2302 2303 2315 2314 2302 2305 2317 2316 2304 2305 2317 2316 2304 2307 2319 2318 2306 2307 2319 2318 2306 2309 2321 2320 2308 2309 2321 2320 2308 2311 2323 2322 2310 2313 2325 2324 2312 2315 2327 2326 2314 2315 2327 2326 2314 2317 2329 2328 2316 2317 2329 2328 2316 2319 2331 2330 2318 2319 2331 2330 2318 2321 2333 2332 2320 2321 2333 2332 2320 2323 2335 2334 2322 2325 2337 2336 2324 2327 2339 2338 2326 2327 2339 2338 2326 2329 2341 2340 2328 2329 2341 2340 2328 2331 2343 2342 2330 2331 2343 2342 2330 2333 2345 2344 2332 2333 2345 2344 2332 2335 2347 2346 2334 2337 2349 2348 2336 2339 2351 2350 2338 2339 2351 2350 2338 2341 2353 2352 2340 2341 2353 2352 2340 2343 2355 2354 2342 2343 2355 2354 2342 2345 2357 2356 2344 2345 2357 2356 2344 2347 2359 2358 2346 2349 2361 2360 2348 2351 2363 2362 2350 2351 2363 2362 2350 2353 2365 2364 2352 2353 2365 2364 2352 2355 2367 2366 2354 2355 2367 2366 2354 2357 2369 2368 2356 2357 2369 2368 2356 2359 2371 2370 2358 2361 2373 2372 2360 2363 2375 2374 2362 2363 2375 2374 2362 2365 2377 2376 2364 2365 2377 2376 2364 2367 2379 2378 2366 2367 2379 2378 2366 2369 2381 2380 2368 2369 2381 2380 2368 2371 2383 2382 2370 2373 2385 2384 2372 2375 2234 2386 2374 2375 2234 2386 2374 2377 2236 2387 2376 2377 2236 2387 2376 2379 2237 2388 2378 2379 2237 2388 2378 2381 2238 2389 2380 2381 2238 2389 2380 2383 2239 2390 2382 2241 2242 2392 2391 2245 2246 2394 2393 2245 2246 2394 2393 2249 2250 2396 2395 2249 2250 2396 2395 2253 2254 2398 2397 2253 2254 2398 2397 2257 2258 2400 2399 2257 2258 2400 2399 2261 2262 2402 2401 2242 2264 2403 2392 2246 2266 2404 2394 2246 2266 2404 2394 2250 2268 2405 2396 2250 2268 2405 2396 2254 2270 2406 2398 2254 2270 2406 2398 2258 2272 2407 2400 2258 2272 2407 2400 2262 2274 2408 2402 2264 2276 2409 2403 2266 2278 2410 2404 2266 2278 2410 2404 2268 2280 2411 2405 2268 2280 2411 2405 2270 2282 2412 2406 2270 2282 2412 2406 2272 2284 2413 2407 2272 2284 2413 2407 2274 2286 2414 2408 2276 2288 2415 2409 2278 2290 2416 2410 2278 2290 2416 2410 2280 2292 2417 2411 2280 2292 2417 2411 2282 2294 2418 2412 2282 2294 2418 2412 2284 2296 2419 2413 2284 2296 2419 2413 2286 2298 2420 2414 2288 2300 2421 2415 2290 2302 2422 2416 2290 2302 2422 2416 2292 2304 2423 2417 2292 2304 2423 2417 2294 2306 2424 2418 2294 2306 2424 2418 2296 2308 2425 2419 2296 2308 2425 2419 2298 2310 2426 2420 2300 2312 2427 2421 2302 2314 2428 2422 2302 2314 2428 2422 2304 2316 2429 2423 2304 2316 2429 2423 2306 2318 2430 2424 2306 2318 2430 2424 2308 2320 2431 2425 2308 2320 2431 2425 2310 2322 2432 2426 2312 2324 2433 2427 2314 2326 2434 2428 2314 2326 2434 2428 2316 2328 2435 2429 2316 2328 2435 2429 2318 2330 2436 2430 2318 2330 2436 2430 2320 2332 2437 2431 2320 2332 2437 2431 2322 2334 2438 2432 2324 2336 2439 2433 2326 2338 2440 2434 2326 2338 2440 2434 2328 2340 2441 2435 2328 2340 2441 2435 2330 2342 2442 2436 2330 2342 2442 2436 2332 2344 2443 2437 2332 2344 2443 2437 2334 2346 2444 2438 2336 2348 2445 2439 2338 2350 2446 2440 2338 2350 2446 2440 2340 2352 2447 2441 2340 2352 2447 2441 2342 2354 2448 2442 2342 2354 2448 2442 2344 2356 2449 2443 2344 2356 2449 2443 2346 2358 2450 2444 2348 2360 2451 2445 2350 2362 2452 2446 2350 2362 2452 2446 2352 2364 2453 2447 2352 2364 2453 2447 2354 2366 2454 2448 2354 2366 2454 2448 2356 2368 2455 2449 2356 2368 2455 2449 2358 2370 2456 2450 2360 2372 2457 2451 2362 2374 2458 2452 2362 2374 2458 2452 2364 2376 2459 2453 2364 2376 2459 2453 2366 2378 2460 2454 2366 2378 2460 2454 2368 2380 2461 2455 2368 2380 2461 2455 2370 2382 2462 2456 2372 2384 2463 2457 2374 2386 2464 2458 2374 2386 2464 2458 2376 2387 2465 2459 2376 2387 2465 2459 2378 2388 2466 2460 2378 2388 2466 2460 2380 2389 2467 2461 2380 2389 2467 2461 2382 2390 2468 2462 2469 2472 2471 2470 2473 2476 2475 2474 2473 2476 2475 2474 2477 2480 2479 2478 2477 2480 2479 2478 2481 2484 2483 2482 2481 2484 2483 2482 2485 2488 2487 2486 2485 2488 2487 2486 2489 2492 2491 2490 2489 2492 2491 2490 2493 2496 2495 2494 2472 2498 2497 2471 2476 2500 2499 2475 2476 2500 2499 2475 2480 2502 2501 2479 2480 2502 2501 2479 2484 2504 2503 2483 2484 2504 2503 2483 2488 2506 2505 2487 2488 2506 2505 2487 2492 2508 2507 2491 2492 2508 2507 2491 2496 2510 2509 2495 2498 2512 2511 2497 2500 2514 2513 2499 2500 2514 2513 2499 2502 2516 2515 2501 2502 2516 2515 2501 2504 2518 2517 2503 2504 2518 2517 2503 2506 2520 2519 2505 2506 2520 2519 2505 2508 2522 2521 2507 2508 2522 2521 2507 2510 2524 2523 2509 2512 2526 2525 2511 2514 2528 2527 2513 2514 2528 2527 2513 2516 2530 2529 2515 2516 2530 2529 2515 2518 2532 2531 2517 2518 2532 2531 2517 2520 2534 2533 2519 2520 2534 2533 2519 2522 2536 2535 2521 2522 2536 2535 2521 2524 2538 2537 2523 2526 2540 2539 2525 2528 2542 2541 2527 2528 2542 2541 2527 2530 2544 2543 2529 2530 2544 2543 2529 2532 2546 2545 2531 2532 2546 2545 2531 2534 2548 2547 2533 2534 2548 2547 2533 2536 2550 2549 2535 2536 2550 2549 2535 2538 2552 2551 2537 2540 2554 2553 2539 2542 2556 2555 2541 2542 2556 2555 2541 2544 2558 2557 2543 2544 2558 2557 2543 2546 2560 2559 2545 2546 2560 2559 2545 2548 2562 2561 2547 2548 2562 2561 2547 2550 2564 2563 2549 2550 2564 2563 2549 2552 2566 2565 2551 2554 2568 2567 2553 2556 2570 2569 2555 2556 2570 2569 2555 2558 2572 2571 2557 2558 2572 2571 2557 2560 2574 2573 2559 2560 2574 2573 2559 2562 2576 2575 2561 2562 2576 2575 2561 2564 2578 2577 2563 2564 2578 2577 2563 2566 2580 2579 2565 2568 2582 2581 2567 2570 2584 2583 2569 2570 2584 2583 2569 2572 2586 2585 2571 2572 2586 2585 2571 2574 2588 2587 2573 2574 2588 2587 2573 2576 2590 2589 2575 2576 2590 2589 2575 2578 2592 2591 2577 2578 2592 2591 2577 2580 2594 2593 2579 2582 2596 2595 2581 2584 2598 2597 2583 2584 2598 2597 2583 2586 2600 2599 2585 2586 2600 2599 2585 2588 2602 2601 2587 2588 2602 2601 2587 2590 2604 2603 2589 2590 2604 2603 2589 2592 2606 2605 2591 2592 2606 2605 2591 2594 2608 2607 2593 2596 2610 2609 2595 2598 2612 2611 2597 2598 2612 2611 2597 2600 2614 2613 2599 2600 2614 2613 2599 2602 2616 2615 2601 2602 2616 2615 2601 2604 2618 2617 2603 2604 2618 2617 2603 2606 2620 2619 2605 2606 2620 2619 2605 2608 2622 2621 2607 2610 2624 2623 2609 2612 2626 2625 2611 2612 2626 2625 2611 2614 2628 2627 2613 2614 2628 2627 2613 2616 2630 2629 2615 2616 2630 2629 2615 2618 2632 2631 2617 2618 2632 2631 2617 2620 2634 2633 2619 2620 2634 2633 2619 2622 2636 2635 2621 2624 2638 2637 2623 2626 2463 2639 2625 2626 2463 2639 2625 2628 2464 2640 2627 2628 2464 2640 2627 2630 2465 2641 2629 2630 2465 2641 2629 2632 2466 2642 2631 2632 2466 2642 2631 2634 2467 2643 2633 2634 2467 2643 2633 2636 2468 2644 2635 2470 2471 2646 2645 2474 2475 2648 2647 2474 2475 2648 2647 2478 2479 2650 2649 2478 2479 2650 2649 2482 2483 2652 2651 2482 2483 2652 2651 2486 2487 2654 2653 2486 2487 2654 2653 2490 2491 2656 2655 2655 2494 2490 2656 2495 2491 2471 2497 2657 2646 2475 2499 2658 2648 2475 2499 2658 2648 2479 2501 2659 2650 2479 2501 2659 2650 2483 2503 2660 2652 2483 2503 2660 2652 2487 2505 2661 2654 2487 2505 2661 2654 2491 2507 2662 2656 2656 2495 2491 2662 2509 2507 2497 2511 2663 2657 2499 2513 2664 2658 2499 2513 2664 2658 2501 2515 2665 2659 2501 2515 2665 2659 2503 2517 2666 2660 2503 2517 2666 2660 2505 2519 2667 2661 2505 2519 2667 2661 2507 2521 2668 2662 2662 2509 2507 2668 2523 2521 2511 2525 2669 2663 2513 2527 2670 2664 2513 2527 2670 2664 2515 2529 2671 2665 2515 2529 2671 2665 2517 2531 2672 2666 2517 2531 2672 2666 2519 2533 2673 2667 2519 2533 2673 2667 2521 2535 2674 2668 2668 2523 2521 2674 2537 2535 2525 2539 2675 2669 2527 2541 2676 2670 2527 2541 2676 2670 2529 2543 2677 2671 2529 2543 2677 2671 2531 2545 2678 2672 2531 2545 2678 2672 2533 2547 2679 2673 2533 2547 2679 2673 2535 2549 2680 2674 2674 2537 2535 2680 2551 2549 2539 2553 2681 2675 2541 2555 2682 2676 2541 2555 2682 2676 2543 2557 2683 2677 2543 2557 2683 2677 2545 2559 2684 2678 2545 2559 2684 2678 2547 2561 2685 2679 2547 2561 2685 2679 2549 2563 2686 2680 2680 2551 2549 2686 2565 2563 2553 2567 2687 2681 2555 2569 2688 2682 2555 2569 2688 2682 2557 2571 2689 2683 2557 2571 2689 2683 2559 2573 2690 2684 2559 2573 2690 2684 2561 2575 2691 2685 2561 2575 2691 2685 2563 2577 2692 2686 2686 2565 2563 2692 2579 2577 2567 2581 2693 2687 2569 2583 2694 2688 2569 2583 2694 2688 2571 2585 2695 2689 2571 2585 2695 2689 2573 2587 2696 2690 2573 2587 2696 2690 2575 2589 2697 2691 2575 2589 2697 2691 2577 2591 2698 2692 2692 2579 2577 2698 2593 2591 2581 2595 2699 2693 2583 2597 2700 2694 2583 2597 2700 2694 2585 2599 2701 2695 2585 2599 2701 2695 2587 2601 2702 2696 2587 2601 2702 2696 2589 2603 2703 2697 2589 2603 2703 2697 2591 2605 2704 2698 2698 2593 2591 2704 2607 2605 2595 2609 2705 2699 2597 2611 2706 2700 2597 2611 2706 2700 2599 2613 2707 2701 2599 2613 2707 2701 2601 2615 2708 2702 2601 2615 2708 2702 2603 2617 2709 2703 2603 2617 2709 2703 2605 2619 2710 2704 2704 2607 2605 2710 2621 2619 2609 2623 2711 2705 2611 2625 2712 2706 2611 2625 2712 2706 2613 2627 2713 2707 2613 2627 2713 2707 2615 2629 2714 2708 2615 2629 2714 2708 2617 2631 2715 2709 2617 2631 2715 2709 2619 2633 2716 2710 2710 2621 2619 2716 2635 2633 2623 2637 2717 2711 2625 2639 2718 2712 2625 2639 2718 2712 2627 2640 2719 2713 2627 2640 2719 2713 2629 2641 2720 2714 2629 2641 2720 2714 2631 2642 2721 2715 2631 2642 2721 2715 2633 2643 2722 2716 2716 2635 2633 2722 2644 2643 2725 3 4 2728 2726 7 8 2729 2726 7 8 2729 2727 11 12 2730 2728 4 78 2734 2729 8 80 2735 2729 8 80 2735 2730 12 82 2736 75 2731 2737 114 76 2732 2738 115 76 2732 2738 115 77 2733 2739 116 2734 78 117 2740 2735 80 119 2741 2735 80 119 2741 2736 82 121 2742 2736 2742 2743 82 121 123 114 2737 2744 165 115 2738 2745 166 115 2738 2745 166 116 2739 2746 167 116 167 168 2739 2746 2747 2740 117 169 2748 2741 119 171 2749 2741 119 171 2749 2742 121 173 2750 2742 121 173 2750 2743 123 175 2751 165 2744 2752 217 166 2745 2753 218 166 2745 2753 218 167 2746 2754 219 167 2746 2754 219 168 2747 2755 220 2749 221 222 2756 2750 225 226 2757 2750 225 226 2757 2751 229 230 2758 218 2753 2759 293 219 2754 2760 294 219 2754 2760 294 220 2755 2761 295 2756 222 296 2762 2757 226 298 2763 2757 226 298 2763 2758 230 300 2764 293 2759 2765 332 294 2760 2766 333 294 2760 2766 333 295 2761 2767 334 2762 296 335 2768 2763 298 337 2769 2763 298 337 2769 2764 300 339 2770 332 2765 2771 371 333 2766 2772 372 333 2766 2772 372 334 2767 2773 373 2768 335 374 2774 2769 337 376 2775 2769 337 376 2775 2770 339 378 2776 371 2771 2777 410 372 2772 2778 411 372 2772 2778 411 373 2773 2779 412 2774 374 413 2780 2775 376 415 2781 2775 376 415 2781 2776 378 417 2782 410 2777 2783 449 411 2778 2784 450 411 2778 2784 450 412 2779 2785 451 2780 413 452 2786 2781 415 454 491 2781 415 454 491 2782 417 456 495 449 2783 2787 488 450 2784 2788 489 450 2784 2788 489 451 2785 2789 490 489 2788 2790 539 490 2789 2791 540 539 2790 2792 565 540 2791 2793 566 565 2792 2794 591 566 2793 2795 592 591 2794 2796 617 592 2795 2797 618 617 2796 2798 643 618 2797 2799 644 643 2798 2800 669 644 2799 2801 670 669 2800 2802 695 670 2801 2803 696 695 2802 2804 721 696 2803 2805 722 721 2804 2806 747 722 2805 2807 748 747 2806 2808 773 748 2807 2809 774 773 2808 2810 799 774 2809 2811 800 799 2810 2812 825 800 2811 2813 826 825 2812 2814 851 826 2813 2815 852 851 2814 2816 877 852 2815 2817 878 877 2816 2818 903 878 2817 2819 904 903 2818 2820 929 904 2819 2821 930 929 2820 2822 955 930 2821 2823 956 955 2822 2824 981 956 2823 2825 982 981 2824 2826 1007 982 2825 2827 1008 1007 2826 2828 1033 1008 2827 2829 1034 1033 2828 2830 1059 1034 2829 2831 1060 1059 2830 2832 1085 1060 2831 2833 1086 1085 2832 2834 1111 1086 2833 2835 1112 1111 2834 2836 1137 1112 2835 2837 1138 1137 2836 2838 1163 1138 2837 2839 1164 1163 2838 2840 1189 1164 2839 2841 1190 1189 2840 2842 1215 1190 2841 2843 1216 1215 2842 2844 1241 1216 2843 2845 1242 1241 2844 2846 1267 1242 2845 2847 1268 1267 2846 2848 1293 1268 2847 2849 1294 2850 1295 1296 2851 1269 1299 1300 2852 1269 1299 1300 2852 1271 1303 1304 2853 1368 2855 2854 1367 1293 2848 2856 1369 1293 2848 2856 1369 1294 2849 2857 1370 2851 1296 1371 2858 2852 1300 1373 2859 2852 1300 1373 2859 2853 1304 1375 2860 1367 2854 2861 1407 1369 2856 2862 1408 1369 2856 2862 1408 1370 2857 2863 1409 2858 1371 1410 2864 2859 1373 1412 2865 2859 1373 1412 2865 2860 1375 1414 2866 1407 2861 2867 1446 1408 2862 2868 1447 1408 2862 2868 1447 1409 2863 2869 1448 2864 1410 1449 2870 2865 1412 1451 2871 2865 1412 1451 2871 2866 1414 1453 2872 1446 2867 2873 1485 1447 2868 2874 1486 1447 2868 2874 1486 1448 2869 2875 1487 2870 1449 1488 2876 2871 1451 1490 2877 2871 1451 1490 2877 2872 1453 1492 2878 1485 2873 2879 1524 1486 2874 2880 1525 1486 2874 2880 1525 1487 2875 2881 1526 2876 1488 1527 2882 2877 1490 1529 2883 2877 1490 1529 2883 2878 1492 1531 2884 1524 2879 2885 1563 1525 2880 2886 1564 1525 2880 2886 1564 1526 2881 2887 1565 2888 1566 1567 2889 2882 1570 1571 2890 2882 1570 1571 2890 2883 1574 1575 2891 2883 1574 1575 2891 2884 1578 1579 2892 1663 2894 2893 1662 1563 2885 2895 1664 1563 2885 2895 1664 1564 2886 2896 1665 1564 2886 2896 1665 1565 2887 2897 1666 2889 1567 1667 2898 2890 1571 1669 2899 2890 1571 1669 2899 2891 1575 1671 2900 2900 2892 2891 1671 1579 1575 1662 2893 2901 1703 1664 2895 2902 1704 1664 2895 2902 1704 1665 2896 2903 1705 1705 1666 1665 2903 2897 2896 2904 1706 1707 2905 2898 1710 1711 2906 2898 1710 1711 2906 2899 1714 1715 2907 2899 1714 1715 2907 2900 1718 1719 2908 1803 2910 2909 1802 1703 2901 2911 1804 1703 2901 2911 1804 1704 2902 2912 1805 1704 2902 2912 1805 1705 2903 2913 1806 2905 1707 1807 2914 2906 1711 1809 2915 2906 1711 1809 2915 2907 1715 1811 2916 2907 1715 1811 2916 2908 1719 1813 2917 1802 2909 2918 1855 1804 2911 2919 1856 1804 2911 2919 1856 1805 2912 2920 1857 1805 2912 2920 1857 1806 2913 2921 1858 2914 1807 1859 2922 2915 1809 1861 2923 2915 1809 1861 2923 2916 1811 1863 2924 2916 1811 1863 2924 2917 1813 1865 2925 1855 2918 2926 1907 1856 2919 2927 1908 1856 2919 2927 1908 1857 2920 2928 1909 1857 2920 2928 1909 1858 2921 2929 1910 2930 1911 1912 2931 2922 1915 1916 2932 2922 1915 1916 2932 2923 1919 1920 2933 2923 1919 1920 2933 2924 1923 1924 2934 2924 1923 1924 2934 2925 1927 1928 2935 2032 2937 2936 2031 1907 2926 2938 2033 1907 2926 2938 2033 1908 2927 2939 2034 1908 2927 2939 2034 1909 2928 2940 2035 1909 2928 2940 2035 1910 2929 2941 2036 2931 1912 2037 2942 2932 1916 2039 2943 2932 1916 2039 2943 2933 1920 2041 2944 2933 1920 2041 2944 2934 1924 2043 2945 2934 1924 2043 2945 2935 1928 2045 2946 2031 2936 2947 2097 2033 2938 2948 2098 2033 2938 2948 2098 2034 2939 2949 2099 2034 2939 2949 2099 2035 2940 2950 2100 2035 2940 2950 2100 2036 2941 2951 2101 2952 2102 2103 2953 2942 2106 2107 2954 2942 2106 2107 2954 2943 2110 2111 2955 2943 2110 2111 2955 2944 2114 2115 2956 2944 2114 2115 2956 2945 2118 2119 2957 2957 2946 2945 2119 2122 2118 2235 2959 2958 2234 2097 2947 2960 2236 2097 2947 2960 2236 2098 2948 2961 2237 2098 2948 2961 2237 2099 2949 2962 2238 2099 2949 2962 2238 2100 2950 2963 2239 2239 2101 2100 2963 2951 2950 2964 2240 2241 2965 2953 2244 2245 2966 2953 2244 2245 2966 2954 2248 2249 2967 2954 2248 2249 2967 2955 2252 2253 2968 2955 2252 2253 2968 2956 2256 2257 2969 2956 2256 2257 2969 2957 2260 2261 2970 2385 2972 2971 2384 2234 2958 2973 2386 2234 2958 2973 2386 2236 2960 2974 2387 2236 2960 2974 2387 2237 2961 2975 2388 2237 2961 2975 2388 2238 2962 2976 2389 2238 2962 2976 2389 2239 2963 2977 2390 2965 2241 2391 2978 2966 2245 2393 2979 2966 2245 2393 2979 2967 2249 2395 2980 2967 2249 2395 2980 2968 2253 2397 2981 2968 2253 2397 2981 2969 2257 2399 2982 2969 2257 2399 2982 2970 2261 2401 2983 2384 2971 2984 2463 2386 2973 2985 2464 2386 2973 2985 2464 2387 2974 2986 2465 2387 2974 2986 2465 2388 2975 2987 2466 2388 2975 2987 2466 2389 2976 2988 2467 2389 2976 2988 2467 2390 2977 2989 2468 2990 2469 2470 2991 2978 2473 2474 2992 2978 2473 2474 2992 2979 2477 2478 2993 2979 2477 2478 2993 2980 2481 2482 2994 2980 2481 2482 2994 2981 2485 2486 2995 2981 2485 2486 2995 2982 2489 2490 2996 2982 2489 2490 2996 2983 2493 2494 2997 2638 2999 2998 2637 2463 2984 3000 2639 2463 2984 3000 2639 2464 2985 3001 2640 2464 2985 3001 2640 2465 2986 3002 2641 2465 2986 3002 2641 2466 2987 3003 2642 2466 2987 3003 2642 2467 2988 3004 2643 2467 2988 3004 2643 2468 2989 3005 2644 2991 2470 2645 3006 2992 2474 2647 3007 2992 2474 2647 3007 2993 2478 2649 3008 2993 2478 2649 3008 2994 2482 2651 3009 2994 2482 2651 3009 2995 2486 2653 3010 2995 2486 2653 3010 2996 2490 2655 3011 3011 2997 2996 2655 2494 2490 2637 2998 3012 2717 2639 3000 3013 2718 2639 3000 3013 2718 2640 3001 3014 2719 2640 3001 3014 2719 2641 3002 3015 2720 2641 3002 3015 2720 2642 3003 3016 2721 2642 3003 3016 2721 2643 3004 3017 2722 2722 2644 2643 3017 3005 3004 2721 3016 3018 2723 2722 3017 3019 2724</DataArray>
        <DataArray type="Int32" Name="offsets" format="ascii">8 16 24 32 40 48 56 64 72 80 88 96 104 112 120 128 136 144 152 160 168 176 184 192 200 208 216 224 232 240 248 256 264 272 280 288 296 304 312 320 328 336 344 352 360 368 376 384 392 400 406 414 422 428 436 444 450 458 466 472 480 488 494 502 510 516 524 532 538 546 554 560 568 576 582 590 598 604 612 620 626 634 642 648 656 664 672 680 688 696 704 712 720 728 736 744 752 760 768 776 784 792 800 808 816 824 832 840 848 856 864 872 880 888 896 904 912 920 928 936 944 952 960 968 976 984 992 1000 1008 1016 1024 1032 1040 1048 1056 1064 1072 1080 1088 1096 1104 1112 1120 1128 1136 1144 1152 1160 1168 1176 1184 1192 1200 1208 1216 1224 1232 1240 1248 1256 1264 1272 1280 1288 1296 1304 1312 1320 1328 1336 1344 1352 1360 1368 1376 1384 1392 1400 1408 1416 1424 1432 1440 1448 1456 1464 1472 1480 1488 1496 1504 1512 1520 1528 1536 1544 1552 1560 1568 1576 1584 1592 1600 1608 1616 1624 1632 1640 1648 1656 1664 1672 1680 1688 1696 1704 1712 1720 1728 1736 1744 1752 1760 1768 1776 1784 1792 1800 1808 1816 1824 1832 1840 1848 1856 1864 1872 1880 1888 1896 1904 1912 1920 1928 1936 1944 1952 1960 1968 1976 1984 1992 2000 2008 2016 2024 2032 2040 2048 2056 2064 2072 2080 2088 2096 2104 2112 2120 2128 2136 2144 2152 2160 2168 2176 2184 2192 2200 2208 2216 2224 2232 2240 2248 2256 2264 2272 2280 2288 2296 2304 2312 2320 2328 2336 2344 2352 2360 2368 2376 2384 2392 2400 2408 2416 2424 2432 2440 2448 2456 2464 2472 2480 2488 2496 2504 2512 2520 2528 2536 2544 2552 2560 2568 2576 2584 2592 2600 2608 2616 2624 2632 2640 2648 2656 2664 2672 2680 2688 2696 2704 2712 2720 2728 2736 2744 2752 2760 2768 2776 2784 2792 2800 2808 2816 2824 2832 2840 2848 2856 2864 2872 2880 2888 2896 2904 2912 2920 2928 2936 2944 2952 2960 2968 2976 2984 2992 3000 3008 3016 3024 3032 3040 3048 3056 3064 3072 3080 3088 3096 3104 3112 3120 3128 3136 3144 3152 3160 3168 3176 3184 3192 3200 3208 3216 3224 3232 3240 3248 3256 3264 3272 3280 3288 3296 3304 3312 3320 3328 3336 3344 3352 3360 3368 3376 3384 3392 3400 3408 3416 3424 3432 3440 3448 3456 3464 3472 3480 3488 3496 3504 3512 3520 3528 3536 3544 3552 3560 3568 3576 3584 3592 3600 3608 3616 3624 3632 3640 3648 3656 3664 3672 3680 3688 3696 3704 3712 3720 3728 3736 3744 3752 3760 3768 3776 3784 3792 3800 3808 3816 3824 3832 3840 3848 3856 3864 3872 3880 3888 3896 3904 3912 3920 3928 3936 3944 3952 3960 3968 3976 3984 3992 4000 4008 4016 4024 4032 4040 4048 4056 4064 4072 4080 4088 4096 4104 4112 4120 4128 4136 4144 4152 4160 4168 4176 4184 4192 4200 4208 4216 4224 4232 4240 4248 4256 4264 4272 4280 4288 4296 4304 4312 4320 4328 4336 4344 4352 4360 4368 4376 4384 4392 4400 4408 4416 4424 4432 4440 4448 4456 4464 4472 4480 4488 4496 4504 4512 4520 4528 4536 4544 4552 4560 4568 4576 4584 4592 4600 4608 4616 4624 4632 4640 4648 4656 4664 4672 4680 4688 4696 4704 4712 4720 4728 4736 4744 4752 4760 4768 4776 4784 4792 4800 4808 4816 4824 4832 4840 4848 4856 4864 4872 4880 4888 4896 4904 4912 4920 4928 4936 4944 4952 4960 4968 4976 4984 4992 5000 5008 5016 5024 5032 5040 5048 5056 5064 5072 5080 5088 5096 5104 5112 5120 5128 5136 5144 5152 5160 5168 5176 5184 5192 5200 5208 5216 5224 5232 5240 5248 5256 5264 5272 5280 5288 5296 5304 5312 5320 5328 5336 5344 5352 5360 5368 5376 5384 5392 5400 5408 5416 5424 5432 5440 5448 5456 5464 5472 5480 5488 5496 5504 5512 5520 5528 5536 5544 5552 5560 5568 5576 5584 5592 5600 5608 5616 5624 5632 5640 5648 5656 5664 5672 5680 5688 5696 5704 5712 5720 5728 5736 5744 5752 5760 5768 5776 5784 5792 5800 5808 5816 5824 5832 5840 5848 5856 5864 5872 5880 5888 5896 5904 5912 5920 5928 5936 5944 5952 5960 5968 5976 5984 5992 6000 6008 6016 6024 6032 6040 6048 6056 6064 6072 6080 6088 6096 6104 6112 6120 6128 6136 6144 6152 6160 6168 6176 6184 6192 6200 6208 6216 6224 6232 6240 6248 6256 6264 6272 6280 6288 6296 6304 6312 6320 6328 6336 6344 6352 6360 6368 6376 6384 6392 6400 6408 6416 6424 6430 6438 6446 6452 6460 6468 6474 6482 6490 6496 6504 6512 6518 6526 6534 6540 6548 6556 6562 6570 6578 6584 6592 6600 6606 6614 6622 6628 6636 6644 6650 6658 6666 6672 6680 6688 6696 6704 6712 6720 6728 6736 6744 6752 6760 6768 6776 6784 6792 6800 6808 6816 6824 6832 6840 6848 6856 6864 6872 6880 6888 6896 6904 6912 6920 6928 6936 6944 6952 6960 6968 6976 6984 6992 7000 7008 7016 7024 7032 7040 7048 7056 7064 7072 7080 7088 7096 7104 7112 7120 7128 7136 7144 7152 7160 7168 7176 7184 7192 7200 7208 7216 7224 7232 7240 7248 7256 7264 7272 7280 7288 7296 7304 7312 7320 7328 7336 7344 7352 7360 7368 7376 7384 7392 7400 7408 7416 7424 7432 7440 7448 7456 7464 7472 7480 7488 7496 7504 7512 7520 7528 7536 7544 7552 7560 7568 7576 7584 7592 7600 7608 7616 7624 7632 7640 7648 7656 7664 7672 7680 7688 7696 7704 7712 7720 7728 7736 7744 7752 7760 7768 7776 7784 7792 7800 7808 7816 7824 7832 7840 7848 7856 7864 7872 7880 7888 7896 7904 7912 7920 7928 7936 7944 7952 7960 7968 7976 7984 7992 8000 8008 8016 8024 8032 8040 8048 8056 8064 8072 8080 8088 8096 8104 8112 8120 8128 8136 8144 8152 8160 8168 8176 8184 8192 8200 8208 8216 8224 8232 8240 8248 8256 8264 8272 8280 8288 8296 8304 8312 8320 8328 8336 8342 8350 8358 8366 8374 8380 8388 8396 8404 8412 8418 8426 8434 8442 8450 8456 8464 8472 8480 8488 8494 8502 8510 8518 8526 8532 8540 8548 8556 8564 8570 8578 8586 8594 8602 8608 8616 8624 8632 8640 8646 8654 8662 8670 8678 8684 8692 8700 8708 8716 8722 8730 8738 8746 8754 8760 8768 8776 8784 8792 8800 8808 8816 8824 8832 8840 8848 8856 8864 8872 8880 8888 8896 8904 8912 8920 8928 8936 8944 8952 8960 8968 8976 8984 8992 9000 9008 9016 9024 9032 9040 9048 9056 9064 9072 9080 9088 9096 9104 9112 9120 9128 9136 9144 9152 9160 9168 9176 9184 9192 9200 9208 9216 9224 9232 9240 9248 9256 9264 9272 9280 9288 9296 9304 9312 9320 9328 9336 9344 9352 9360 9368 9376 9384 9392 9400 9408 9416 9424 9432 9440 9448 9456 9464 9472 9480 9488 9496 9504 9512 9520 9528 9536 9544 9552 9560 9568 9576 9584 9592 9600 9608 9616 9624 9632 9640 9648 9656 9664 9672 9680 9688 9696 9704 9712 9720 9728 9736 9744 9752 9760 9768 9776 9784 9792 9800 9808 9816 9824 9832 9840 9848 9856 9864 9872 9880 9888 9896 9904 9912 9920 9928 9936 9944 9952 9960 9968 9976 9984 9992 10000 10008 10016 10024 10032 10040 10048 10056 10064 10072 10080 10088 10096 10104 10112 10120 10128 10136 10144 10152 10160 10168 10176 10184 10192 10200 10208 10216 10224 10232 10240 10248 10256 10264 10272 10280 10288 10296 10304 10312 10320 10328 10336 10342 10350 10358 10366 10374 10382 10388 10396 10404 10412 10420 10428 10434 10442 10450 10458 10466 10474 10480 10488 10496 10504 10512 10520 10526 10534 10542 10550 10558 10566 10572 10580 10588 10596 10604 10612 10618 10626 10634 10642 10650 10658 10664 10672 10680 10688 10696 10704 10710 10718 10726 10734 10742 10750 10756 10764 10772 10780 10788 10796 10802 10810 10818 10826 10834 10842 10848 10856 10864 10872 10880 10888 10896 10904 10912 10918 10926 10934 10940 10948 10956 10964 10972 10980 10988 10996 11004 11012 11020 11028 11036 11044 11052 11060 11068 11076 11084 11092 11100 11108 11116 11124 11132 11140 11148 11156 11164 11172 11180 11188 11196 11204 11212 11220 11228 11236 11244 11252 11260 11268 11276 11284 11292 11300 11308 11316 11324 11332 11340 11348 11356 11364 11372 11380 11388 11396 11404 11412 11420 11428 11436 11444 11452 11460 11468 11476 11484 11492 11500 11508 11516 11524 11532 11540 11548 11556 11564 11572 11580 11588 11596 11604 11612 11620 11628 11636 11644 11652 11660 11668 11676 11682 11690 11698 11704 11712 11720 11728 11736 11744 11752 11760 11768 11776 11784 11792 11800 11808 11816 11824 11832 11840 11848 11856 11864 11872 11880 11888 11896 11904 11912 11920 11928 11936 11944 11952 11960 11968 11976 11984 11992 12000 12008 12014 12022 12030 12038 12046 12052 12060 12068 12076 12084 12092 12100 12108 12116 12124 12132 12140 12148 12156 12164 12172 12180 12188 12196 12204 12212 12220 12228 12236 12244 12252 12260 12268 12276 12284 12292 12300 12308 12316 12324 12332 12340 12348 12354 12362 12370 12378 12386 12394 12400 12408</DataArray>
        <DataArray type="UInt8" Name="types" format="ascii">12 12 12 12 12 12 12 12 12 12 12 12 12 12 12 12 12 12 12 12 12 12 12 12 12 12 12 12 12 12 12 12 12 12 12 12 12 12 12 12 12 12 12 12 12 12 12 12 12 12 13 12 12 13 12 12 13 12 12 13 12 12 13 12 12 13 12 12 13 12 12 13 12 12 13 12 12 13 12 12 13 12 12 13 12 12 12 12 12 12 12 12 12 12 12 12 12 12 12 12 12 12 12 12 12 12 12 12 12 12 12 12 12 12 12 12 12 12 12 12 12 12 12 12 12 12 12 12 12 12 12 12 12 12 12 12 12 12 12 12 12 12 12 12 12 12 12 12 12 12 12 12 12 12 12 12 12 12 12 12 12 12 12 12 12 12 12 12 12 12 12 12 12 12 12 12 12 12 12 12 12 12 12 12 12 12 12 12 12 12 12 12 12 12 12 12 12 12 12 12 12 12 12 12 12 12 12 12 12 12 12 12 12 12 12 12 12 12 12 12 12 12 12 12 12 12 12 12 12 12 12 12 12 12 12 12 12 12 12 12 12 12 12 12 12 12 12 12 12 12 12 12 12 12 12 12 12 12 12 12 12 12 12 12 12 12 12 12 12 12 12 12 12 12 12 12 12 12 12 12 12 12 12 12 12 12 12 12 12 12 12 12 12 12 12 12 12 12 12 12 12 12 12 12 12 12 12 12 12 12 12 12 12 12 12 12 12 12 12 12 12 12 12 12 12 12 12 12 12 12 12 12 12 12 12 12 12 12 12 12 12 12 12 12 12 12 12 12 12 12 12 12 12 12 12 12 12 12 12 12 12 12 12 12 12 12 12 12 12 12 12 12 12 12 12 12 12 12 12 12 12 12 12 12 12 12 12 12 12 12 12 12 12 12 12 12 12 12 12 12 12 12 12 12 12 12 12 12 12 12 12 12 12 12 12 12 12 12 12 12 12 12 12 12 12 12 12 12 12 12 12 12 12 12 12 12 12 12 12 12 12 12 12 12 12 12 12 12 12 12 12 12 12 12 12 12 12 12 12 12 12 12 12 12 12 12 12 12 12 12 12 12 12 12 12 12 12 12 12 12 12 12 12 12 12 12 12 12 12 12 12 12 12 12 12 12 12 12 12 12 12 12 12 12 12 12 12 12 12 12 12 12 12 12 12 12 12 12 12 12 12 12 12 12 12 12 12 12 12 12 12 12 12 12 12 12 12 12 12 12 12 12 12 12 12 12 12 12 12 12 12 12 12 12 12 12 12 12 12 12 12 12 12 12 12 12 12 12 12 12 12 12 12 12 12 12 12 12 12 12 12 12 12 12 12 12 12 12 12 12 12 12 12 12 12 12 12 12 12 12 12 12 12 12 12 12 12 12 12 12 12 12 12 12 12 12 12 12 12 12 12 12 12 12 12 12 12 12 12 12 12 12 12 12 12 12 12 12 12 12 12 12 12 12 12 12 12 12 12 12 12 12 12 12 12 12 12 12 12 12 12 12 12 12 12 12 12 12 12 12 12 12 12 12 12 12 12 12 12 12 12 12 12 12 12 12 12 12 12 12 12 12 12 12 12 12 12 12 12 12 12 12 12 12 12 12 12 12 12 12 12 12 12 12 12 12 12 12 12 12 12 12 12 12 12 12 12 12 12 12 12 12 12 12 12 12 12 12 12 12 12 12 12 12 12 12 12 12 12 12 12 12 12 12 12 12 12 12 12 12 12 12 12 12 12 12 12 12 12 12 12 12 12 12 12 12 12 12 12 12 12 12 12 12 12 12 12 12 12 12 12 12 12 12 12 12 12 12 12 12 12 12 12 12 12 12 13 12 12 13 12 12 13 12 12 13 12 12 13 12 12 13 12 12 13 12 12 13 12 12 13 12 12 13 12 12 13 12 12 13 12 12 12 12 12 12 12 12 12 12 12 12 12 12 12 12 12 12 12 12 12 12 12 12 12 12 12 12 12 12 12 12 12 12 12 12 12 12 12 12 12 12 12 12 12 12 12 12 12 12 12 12 12 12 12 12 12 12 12 12 12 12 12 12 12 12 12 12 12 12 12 12 12 12 12 12 12 12 12 12 12 12 12 12 12 12 12 12 12 12 12 12 12 12 12 12 12 12 12 12 12 12 12 12 12 12 12 12 12 12 12 12 12 12 12 12 12 12 12 12 12 12 12 12 12 12 12 12 12 12 12 12 12 12 12 12 12 12 12 12 12 12 12 12 12 12 12 12 12 12 12 12 12 12 12 12 12 12 12 12 12 12 12 12 12 12 12 12 12 12 12 12 12 12 12 12 12 12 12 12 12 12 12 12 12 12 12 12 12 12 12 12 12 12 12 12 12 12 12 12 12 12 12 12 12 12 12 12 13 12 12 12 12 13 12 12 12 12 13 12 12 12 12 13 12 12 12 12 13 12 12 12 12 13 12 12 12 12 13 12 12 12 12 13 12 12 12 12 13 12 12 12 12 13 12 12 12 12 13 12 12 12 12 13 12 12 12 12 12 12 12 12 12 12 12 12 12 12 12 12 12 12 12 12 12 12 12 12 12 12 12 12 12 12 12 12 12 12 12 12 12 12 12 12 12 12 12 12 12 12 12 12 12 12 12 12 12 12 12 12 12 12 12 12 12 12 12 12 12 12 12 12 12 12 12 12 12 12 12 12 12 12 12 12 12 12 12 12 12 12 12 12 12 12 12 12 12 12 12 12 12 12 12 12 12 12 12 12 12 12 12 12 12 12 12 12 12 12 12 12 12 12 12 12 12 12 12 12 12 12 12 12 12 12 12 12 12 12 12 12 12 12 12 12 12 12 12 12 12 12 12 12 12 12 12 12 12 12 12 12 12 12 12 12 12 12 12 12 12 12 12 12 12 12 12 12 12 12 12 12 12 12 12 12 12 12 12 12 12 12 12 12 12 12 12 12 12 12 12 12 12 13 12 12 12 12 12 13 12 12 12 12 12 13 12 12 12 12 12 13 12 12 12 12 12 13 12 12 12 12 12 13 12 12 12 12 12 13 12 12 12 12 12 13 12 12 12 12 12 13 12 12 12 12 12 13 12 12 12 12 12 13 12 12 12 12 12 13 12 12 12 12 12 12 12 12 13 12 12 13 12 12 12 12 12 12 12 12 12 12 12 12 12 12 12 12 12 12 12 12 12 12 12 12 12 12 12 12 12 12 12 12 12 12 12 12 12 12 12 12 12 12 12 12 12 12 12 12 12 12 12 12 12 12 12 12 12 12 12 12 12 12 12 12 12 12 12 12 12 12 12 12 12 12 12 12 12 12 12 12 12 12 12 12 12 12 12 12 12 12 12 12 13 12 12 13 12 12 12 12 12 12 12 12 12 12 12 12 12 12 12 12 12 12 12 12 12 12 12 12 12 12 12 12 12 12 12 12 12 12 12 12 12 12 13 12 12 12 12 13 12 12 12 12 12 12 12 12 12 12 12 12 12 12 12 12 12 12 12 12 12 12 12 12 12 12 12 12 12 12 12 12 12 12 12 12 12 13 12 12 12 12 12 13 12</DataArray>
      </Cells>
    </Piece>
  </UnstructuredGrid>
</VTKFile>
