$MeshFormat
2.2 0 8
$EndMeshFormat
$Nodes
4212
1 49.622272508 57.5641387597 -15.03
2 49.622272508 57.5641387597 -14.5
3 49.9906878122 57.2444856039 -14.5
4 49.9487348271 57.9428501989 -15.03
5 49.9487348271 57.9428501989 -14.5
6 50.3195739163 57.6210940619 -14.5
7 50.2751971462 58.3215616381 -15.03
8 50.2751971462 58.3215616381 -14.5
9 50.6484600203 57.9977025198 -14.5
10 50.6016594654 58.7002730773 -15.03
11 50.6016594654 58.7002730773 -14.5
12 50.9773461243 58.3743109777 -14.5
13 50.9281217845 59.0789845165 -15.03
14 50.9281217845 59.0789845165 -14.5
15 51.3062322283 58.7509194356 -14.5
16 51.2545841036 59.4576959557 -15.03
17 51.2545841036 59.4576959557 -14.5
18 51.6351183324 59.1275278935 -14.5
19 51.5810464228 59.8364073949 -15.03
20 51.5810464228 59.8364073949 -14.5
21 51.9640044364 59.5041363515 -14.5
22 51.9075087419 60.2151188341 -15.03
23 51.9075087419 60.2151188341 -14.5
24 52.2928905404 59.8807448094 -14.5
25 52.233971061 60.5938302733 -15.03
26 52.233971061 60.5938302733 -14.5
27 52.6217766445 60.2573532673 -14.5
28 49.9906878122 57.2444856039 -15.03
29 50.3195739163 57.6210940619 -15.03
30 50.6484600203 57.9977025198 -15.03
31 50.9773461243 58.3743109777 -15.03
32 51.3062322283 58.7509194356 -15.03
33 51.6351183324 59.1275278935 -15.03
34 51.9640044364 59.5041363515 -15.03
35 52.2928905404 59.8807448094 -15.03
36 52.6217766445 60.2573532673 -15.03
37 49.9906878122 57.2444856039 -15.1839754005
38 50.3195739163 57.6210940619 -15.1839754005
39 50.6484600203 57.9977025198 -15.1839754005
40 50.9773461243 58.3743109777 -15.1839754005
41 51.3062322283 58.7509194356 -15.1839754005
42 51.6351183324 59.1275278935 -15.1839754005
43 51.9640044364 59.5041363515 -15.1839754005
44 52.2928905404 59.8807448094 -15.1839754005
45 52.6217766445 60.2573532673 -15.1839754005
46 49.9906878122 57.2444856039 -14
47 49.622272508 57.5641387597 -14
48 50.3195739163 57.6210940619 -14
49 49.9487348271 57.9428501989 -14
50 50.6484600203 57.9977025198 -14
51 50.2751971462 58.3215616381 -14
52 50.9773461243 58.3743109777 -14
53 50.6016594654 58.7002730773 -14
54 51.3062322283 58.7509194356 -14
55 50.9281217845 59.0789845165 -14
56 51.6351183324 59.1275278935 -14
57 51.2545841036 59.4576959557 -14
58 51.9640044364 59.5041363515 -14
59 51.5810464228 59.8364073949 -14
60 52.2928905404 59.8807448094 -14
61 51.9075087419 60.2151188341 -14
62 52.6217766445 60.2573532673 -14
63 52.233971061 60.5938302733 -14
64 49.9906878122 57.2444856039 -13.5
65 49.622272508 57.5641387597 -13.5
66 50.3195739163 57.6210940619 -13.5
67 49.9487348271 57.9428501989 -13.5
68 50.6484600203 57.9977025198 -13.5
69 50.2751971462 58.3215616381 -13.5
70 50.9773461243 58.3743109777 -13.5
71 50.6016594654 58.7002730773 -13.5
72 51.3062322283 58.7509194356 -13.5
73 50.9281217845 59.0789845165 -13.5
74 51.6351183324 59.1275278935 -13.5
75 51.2545841036 59.4576959557 -13.5
76 51.9640044364 59.5041363515 -13.5
77 51.5810464228 59.8364073949 -13.5
78 52.2928905404 59.8807448094 -13.5
79 51.9075087419 60.2151188341 -13.5
80 52.6217766445 60.2573532673 -13.5
81 52.233971061 60.5938302733 -13.5
82 49.9906878122 57.2444856039 -13
83 49.622272508 57.5641387597 -13
84 50.3195739163 57.6210940619 -13
85 49.9487348271 57.9428501989 -13
86 50.6484600203 57.9977025198 -13
87 50.2751971462 58.3215616381 -13
88 50.9773461243 58.3743109777 -13
89 50.6016594654 58.7002730773 -13
90 51.3062322283 58.7509194356 -13
91 50.9281217845 59.0789845165 -13
92 51.6351183324 59.1275278935 -13
93 51.2545841036 59.4576959557 -13
94 51.9640044364 59.5041363515 -13
95 51.5810464228 59.8364073949 -13
96 52.2928905404 59.8807448094 -13
97 51.9075087419 60.2151188341 -13
98 52.6217766445 60.2573532673 -13
99 52.233971061 60.5938302733 -13
100 49.9906878122 57.2444856039 -12.5
101 49.622272508 57.5641387597 -12.5
102 50.3195739163 57.6210940619 -12.5
103 49.9487348271 57.9428501989 -12.5
104 50.6484600203 57.9977025198 -12.5
105 50.2751971462 58.3215616381 -12.5
106 50.9773461243 58.3743109777 -12.5
107 50.6016594654 58.7002730773 -12.5
108 51.3062322283 58.7509194356 -12.5
109 50.9281217845 59.0789845165 -12.5
110 51.6351183324 59.1275278935 -12.5
111 51.2545841036 59.4576959557 -12.5
112 51.9640044364 59.5041363515 -12.5
113 51.5810464228 59.8364073949 -12.5
114 52.2928905404 59.8807448094 -12.5
115 51.9075087419 60.2151188341 -12.5
116 52.6217766445 60.2573532673 -12.5
117 52.233971061 60.5938302733 -12.5
118 49.9906878122 57.2444856039 -12
119 49.622272508 57.5641387597 -12
120 50.3195739163 57.6210940619 -12
121 49.9487348271 57.9428501989 -12
122 50.6484600203 57.9977025198 -12
123 50.2751971462 58.3215616381 -12
124 50.9773461243 58.3743109777 -12
125 50.6016594654 58.7002730773 -12
126 51.3062322283 58.7509194356 -12
127 50.9281217845 59.0789845165 -12
128 51.6351183324 59.1275278935 -12
129 51.2545841036 59.4576959557 -12
130 51.9640044364 59.5041363515 -12
131 51.5810464228 59.8364073949 -12
132 52.2928905404 59.8807448094 -12
133 51.9075087419 60.2151188341 -12
134 52.6217766445 60.2573532673 -12
135 52.233971061 60.5938302733 -12
136 49.9906878122 57.2444856039 -11.5
137 49.622272508 57.5641387597 -11.5
138 50.3195739163 57.6210940619 -11.5
139 49.9487348271 57.9428501989 -11.5
140 50.6484600203 57.9977025198 -11.5
141 50.2751971462 58.3215616381 -11.5
142 50.9773461243 58.3743109777 -11.5
143 50.6016594654 58.7002730773 -11.5
144 51.3062322283 58.7509194356 -11.5
145 50.9281217845 59.0789845165 -11.5
146 51.6351183324 59.1275278935 -11.5
147 51.2545841036 59.4576959557 -11.5
148 51.9640044364 59.5041363515 -11.5
149 51.5810464228 59.8364073949 -11.5
150 52.2928905404 59.8807448094 -11.5
151 51.9075087419 60.2151188341 -11.5
152 52.6217766445 60.2573532673 -11.5
153 52.233971061 60.5938302733 -11.5
154 49.9906878122 57.2444856039 -11
155 49.622272508 57.5641387597 -11
156 50.3195739163 57.6210940619 -11
157 49.9487348271 57.9428501989 -11
158 50.6484600203 57.9977025198 -11
159 50.2751971462 58.3215616381 -11
160 50.9773461243 58.3743109777 -11
161 50.6016594654 58.7002730773 -11
162 51.3062322283 58.7509194356 -11
163 50.9281217845 59.0789845165 -11
164 51.6351183324 59.1275278935 -11
165 51.2545841036 59.4576959557 -11
166 51.9640044364 59.5041363515 -11
167 51.5810464228 59.8364073949 -11
168 52.2928905404 59.8807448094 -11
169 51.9075087419 60.2151188341 -11
170 52.6217766445 60.2573532673 -11
171 52.233971061 60.5938302733 -11
172 49.9906878122 57.2444856039 -10.5
173 49.622272508 57.5641387597 -10.5
174 50.3195739163 57.6210940619 -10.5
175 49.9487348271 57.9428501989 -10.5
176 50.6484600203 57.9977025198 -10.5
177 50.2751971462 58.3215616381 -10.5
178 50.9773461243 58.3743109777 -10.5
179 50.6016594654 58.7002730773 -10.5
180 51.3062322283 58.7509194356 -10.5
181 50.9281217845 59.0789845165 -10.5
182 51.6351183324 59.1275278935 -10.5
183 51.2545841036 59.4576959557 -10.5
184 51.9640044364 59.5041363515 -10.5
185 51.5810464228 59.8364073949 -10.5
186 52.2928905404 59.8807448094 -10.5
187 51.9075087419 60.2151188341 -10.5
188 52.6217766445 60.2573532673 -10.5
189 52.233971061 60.5938302733 -10.5
190 49.9906878122 57.2444856039 -10
191 49.622272508 57.5641387597 -10
192 50.3195739163 57.6210940619 -10
193 49.9487348271 57.9428501989 -10
194 50.6484600203 57.9977025198 -10
195 50.2751971462 58.3215616381 -10
196 50.9773461243 58.3743109777 -10
197 50.6016594654 58.7002730773 -10
198 51.3062322283 58.7509194356 -10
199 50.9281217845 59.0789845165 -10
200 51.6351183324 59.1275278935 -10
201 51.2545841036 59.4576959557 -10
202 51.9640044364 59.5041363515 -10
203 51.5810464228 59.8364073949 -10
204 52.2928905404 59.8807448094 -10
205 51.9075087419 60.2151188341 -10
206 52.6217766445 60.2573532673 -10
207 52.233971061 60.5938302733 -10
208 49.9906878122 57.2444856039 -9.5
209 49.622272508 57.5641387597 -9.5
210 50.3195739163 57.6210940619 -9.5
211 49.9487348271 57.9428501989 -9.5
212 50.6484600203 57.9977025198 -9.5
213 50.2751971462 58.3215616381 -9.5
214 50.9773461243 58.3743109777 -9.5
215 50.6016594654 58.7002730773 -9.5
216 51.3062322283 58.7509194356 -9.5
217 50.9281217845 59.0789845165 -9.5
218 51.6351183324 59.1275278935 -9.5
219 51.2545841036 59.4576959557 -9.5
220 51.9640044364 59.5041363515 -9.5
221 51.5810464228 59.8364073949 -9.5
222 52.2928905404 59.8807448094 -9.5
223 51.9075087419 60.2151188341 -9.5
224 52.6217766445 60.2573532673 -9.5
225 52.233971061 60.5938302733 -9.5
226 49.9906878122 57.2444856039 -9
227 49.622272508 57.5641387597 -9
228 50.3195739163 57.6210940619 -9
229 49.9487348271 57.9428501989 -9
230 50.6484600203 57.9977025198 -9
231 50.2751971462 58.3215616381 -9
232 50.9773461243 58.3743109777 -9
233 50.6016594654 58.7002730773 -9
234 51.3062322283 58.7509194356 -9
235 50.9281217845 59.0789845165 -9
236 51.6351183324 59.1275278935 -9
237 51.2545841036 59.4576959557 -9
238 51.9640044364 59.5041363515 -9
239 51.5810464228 59.8364073949 -9
240 52.2928905404 59.8807448094 -9
241 51.9075087419 60.2151188341 -9
242 52.6217766445 60.2573532673 -9
243 52.233971061 60.5938302733 -9
244 49.9906878122 57.2444856039 -8.5
245 49.622272508 57.5641387597 -8.5
246 50.3195739163 57.6210940619 -8.5
247 49.9487348271 57.9428501989 -8.5
248 50.6484600203 57.9977025198 -8.5
249 50.2751971462 58.3215616381 -8.5
250 50.9773461243 58.3743109777 -8.5
251 50.6016594654 58.7002730773 -8.5
252 51.3062322283 58.7509194356 -8.5
253 50.9281217845 59.0789845165 -8.5
254 51.6351183324 59.1275278935 -8.5
255 51.2545841036 59.4576959557 -8.5
256 51.9640044364 59.5041363515 -8.5
257 51.5810464228 59.8364073949 -8.5
258 52.2928905404 59.8807448094 -8.5
259 51.9075087419 60.2151188341 -8.5
260 52.6217766445 60.2573532673 -8.5
261 52.233971061 60.5938302733 -8.5
262 49.9906878122 57.2444856039 -8
263 49.622272508 57.5641387597 -8
264 50.3195739163 57.6210940619 -8
265 49.9487348271 57.9428501989 -8
266 50.6484600203 57.9977025198 -8
267 50.2751971462 58.3215616381 -8
268 50.9773461243 58.3743109777 -8
269 50.6016594654 58.7002730773 -8
270 51.3062322283 58.7509194356 -8
271 50.9281217845 59.0789845165 -8
272 51.6351183324 59.1275278935 -8
273 51.2545841036 59.4576959557 -8
274 51.9640044364 59.5041363515 -8
275 51.5810464228 59.8364073949 -8
276 52.2928905404 59.8807448094 -8
277 51.9075087419 60.2151188341 -8
278 52.6217766445 60.2573532673 -8
279 52.233971061 60.5938302733 -8
280 49.9906878122 57.2444856039 -7.5
281 49.622272508 57.5641387597 -7.5
282 50.3195739163 57.6210940619 -7.5
283 49.9487348271 57.9428501989 -7.5
284 50.6484600203 57.9977025198 -7.5
285 50.2751971462 58.3215616381 -7.5
286 50.9773461243 58.3743109777 -7.5
287 50.6016594654 58.7002730773 -7.5
288 51.3062322283 58.7509194356 -7.5
289 50.9281217845 59.0789845165 -7.5
290 51.6351183324 59.1275278935 -7.5
291 51.2545841036 59.4576959557 -7.5
292 51.9640044364 59.5041363515 -7.5
293 51.5810464228 59.8364073949 -7.5
294 52.2928905404 59.8807448094 -7.5
295 51.9075087419 60.2151188341 -7.5
296 52.6217766445 60.2573532673 -7.5
297 52.233971061 60.5938302733 -7.5
298 49.9906878122 57.2444856039 -7
299 49.622272508 57.5641387597 -7
300 50.3195739163 57.6210940619 -7
301 49.9487348271 57.9428501989 -7
302 50.6484600203 57.9977025198 -7
303 50.2751971462 58.3215616381 -7
304 50.9773461243 58.3743109777 -7
305 50.6016594654 58.7002730773 -7
306 51.3062322283 58.7509194356 -7
307 50.9281217845 59.0789845165 -7
308 51.6351183324 59.1275278935 -7
309 51.2545841036 59.4576959557 -7
310 51.9640044364 59.5041363515 -7
311 51.5810464228 59.8364073949 -7
312 52.2928905404 59.8807448094 -7
313 51.9075087419 60.2151188341 -7
314 52.6217766445 60.2573532673 -7
315 52.233971061 60.5938302733 -7
316 49.9906878122 57.2444856039 -6.5
317 49.622272508 57.5641387597 -6.5
318 50.3195739163 57.6210940619 -6.5
319 49.9487348271 57.9428501989 -6.5
320 50.6484600203 57.9977025198 -6.5
321 50.2751971462 58.3215616381 -6.5
322 50.9773461243 58.3743109777 -6.5
323 50.6016594654 58.7002730773 -6.5
324 51.3062322283 58.7509194356 -6.5
325 50.9281217845 59.0789845165 -6.5
326 51.6351183324 59.1275278935 -6.5
327 51.2545841036 59.4576959557 -6.5
328 51.9640044364 59.5041363515 -6.5
329 51.5810464228 59.8364073949 -6.5
330 52.2928905404 59.8807448094 -6.5
331 51.9075087419 60.2151188341 -6.5
332 52.6217766445 60.2573532673 -6.5
333 52.233971061 60.5938302733 -6.5
334 49.9906878122 57.2444856039 -6
335 49.622272508 57.5641387597 -6
336 50.3195739163 57.6210940619 -6
337 49.9487348271 57.9428501989 -6
338 50.6484600203 57.9977025198 -6
339 50.2751971462 58.3215616381 -6
340 50.9773461243 58.3743109777 -6
341 50.6016594654 58.7002730773 -6
342 51.3062322283 58.7509194356 -6
343 50.9281217845 59.0789845165 -6
344 51.6351183324 59.1275278935 -6
345 51.2545841036 59.4576959557 -6
346 51.9640044364 59.5041363515 -6
347 51.5810464228 59.8364073949 -6
348 52.2928905404 59.8807448094 -6
349 51.9075087419 60.2151188341 -6
350 52.6217766445 60.2573532673 -6
351 52.233971061 60.5938302733 -6
352 49.9906878122 57.2444856039 -5.5
353 49.622272508 57.5641387597 -5.5
354 50.3195739163 57.6210940619 -5.5
355 49.9487348271 57.9428501989 -5.5
356 50.6484600203 57.9977025198 -5.5
357 50.2751971462 58.3215616381 -5.5
358 50.9773461243 58.3743109777 -5.5
359 50.6016594654 58.7002730773 -5.5
360 51.3062322283 58.7509194356 -5.5
361 50.9281217845 59.0789845165 -5.5
362 51.6351183324 59.1275278935 -5.5
363 51.2545841036 59.4576959557 -5.5
364 51.9640044364 59.5041363515 -5.5
365 51.5810464228 59.8364073949 -5.5
366 52.2928905404 59.8807448094 -5.5
367 51.9075087419 60.2151188341 -5.5
368 52.6217766445 60.2573532673 -5.5
369 52.233971061 60.5938302733 -5.5
370 49.9906878122 57.2444856039 -5
371 49.622272508 57.5641387597 -5
372 50.3195739163 57.6210940619 -5
373 49.9487348271 57.9428501989 -5
374 50.6484600203 57.9977025198 -5
375 50.2751971462 58.3215616381 -5
376 50.9773461243 58.3743109777 -5
377 50.6016594654 58.7002730773 -5
378 51.3062322283 58.7509194356 -5
379 50.9281217845 59.0789845165 -5
380 51.6351183324 59.1275278935 -5
381 51.2545841036 59.4576959557 -5
382 51.9640044364 59.5041363515 -5
383 51.5810464228 59.8364073949 -5
384 52.2928905404 59.8807448094 -5
385 51.9075087419 60.2151188341 -5
386 52.6217766445 60.2573532673 -5
387 52.233971061 60.5938302733 -5
388 49.9906878122 57.2444856039 -4.5
389 49.622272508 57.5641387597 -4.5
390 50.3195739163 57.6210940619 -4.5
391 49.9487348271 57.9428501989 -4.5
392 50.6484600203 57.9977025198 -4.5
393 50.2751971462 58.3215616381 -4.5
394 50.9773461243 58.3743109777 -4.5
395 50.6016594654 58.7002730773 -4.5
396 51.3062322283 58.7509194356 -4.5
397 50.9281217845 59.0789845165 -4.5
398 51.6351183324 59.1275278935 -4.5
399 51.2545841036 59.4576959557 -4.5
400 51.9640044364 59.5041363515 -4.5
401 51.5810464228 59.8364073949 -4.5
402 52.2928905404 59.8807448094 -4.5
403 51.9075087419 60.2151188341 -4.5
404 52.6217766445 60.2573532673 -4.5
405 52.233971061 60.5938302733 -4.5
406 49.9906878122 57.2444856039 -4
407 49.622272508 57.5641387597 -4
408 50.3195739163 57.6210940619 -4
409 49.9487348271 57.9428501989 -4
410 50.6484600203 57.9977025198 -4
411 50.2751971462 58.3215616381 -4
412 50.9773461243 58.3743109777 -4
413 50.6016594654 58.7002730773 -4
414 51.3062322283 58.7509194356 -4
415 50.9281217845 59.0789845165 -4
416 51.6351183324 59.1275278935 -4
417 51.2545841036 59.4576959557 -4
418 51.9640044364 59.5041363515 -4
419 51.5810464228 59.8364073949 -4
420 52.2928905404 59.8807448094 -4
421 51.9075087419 60.2151188341 -4
422 52.6217766445 60.2573532673 -4
423 52.233971061 60.5938302733 -4
424 49.9906878122 57.2444856039 -3.5
425 49.622272508 57.5641387597 -3.5
426 50.3195739163 57.6210940619 -3.5
427 49.9487348271 57.9428501989 -3.5
428 50.6484600203 57.9977025198 -3.5
429 50.2751971462 58.3215616381 -3.5
430 50.9773461243 58.3743109777 -3.5
431 50.6016594654 58.7002730773 -3.5
432 51.3062322283 58.7509194356 -3.5
433 50.9281217845 59.0789845165 -3.5
434 51.6351183324 59.1275278935 -3.5
435 51.2545841036 59.4576959557 -3.5
436 51.9640044364 59.5041363515 -3.5
437 51.5810464228 59.8364073949 -3.5
438 52.2928905404 59.8807448094 -3.5
439 51.9075087419 60.2151188341 -3.5
440 52.6217766445 60.2573532673 -3.5
441 52.233971061 60.5938302733 -3.5
442 49.9906878122 57.2444856039 -3
443 49.622272508 57.5641387597 -3
444 50.3195739163 57.6210940619 -3
445 49.9487348271 57.9428501989 -3
446 50.6484600203 57.9977025198 -3
447 50.2751971462 58.3215616381 -3
448 50.9773461243 58.3743109777 -3
449 50.6016594654 58.7002730773 -3
450 51.3062322283 58.7509194356 -3
451 50.9281217845 59.0789845165 -3
452 51.6351183324 59.1275278935 -3
453 51.2545841036 59.4576959557 -3
454 51.9640044364 59.5041363515 -3
455 51.5810464228 59.8364073949 -3
456 52.2928905404 59.8807448094 -3
457 51.9075087419 60.2151188341 -3
458 52.6217766445 60.2573532673 -3
459 52.233971061 60.5938302733 -3
460 49.9906878122 57.2444856039 -2.5
461 49.622272508 57.5641387597 -2.5
462 50.3195739163 57.6210940619 -2.5
463 49.9487348271 57.9428501989 -2.5
464 50.6484600203 57.9977025198 -2.5
465 50.2751971462 58.3215616381 -2.5
466 50.9773461243 58.3743109777 -2.5
467 50.6016594654 58.7002730773 -2.5
468 51.3062322283 58.7509194356 -2.5
469 50.9281217845 59.0789845165 -2.5
470 51.6351183324 59.1275278935 -2.5
471 51.2545841036 59.4576959557 -2.5
472 51.9640044364 59.5041363515 -2.5
473 51.5810464228 59.8364073949 -2.5
474 52.2928905404 59.8807448094 -2.5
475 51.9075087419 60.2151188341 -2.5
476 52.6217766445 60.2573532673 -2.5
477 52.233971061 60.5938302733 -2.5
478 49.9906878122 57.2444856039 -2
479 49.622272508 57.5641387597 -2
480 50.3195739163 57.6210940619 -2
481 49.9487348271 57.9428501989 -2
482 50.6484600203 57.9977025198 -2
483 50.2751971462 58.3215616381 -2
484 50.9773461243 58.3743109777 -2
485 50.6016594654 58.7002730773 -2
486 51.3062322283 58.7509194356 -2
487 50.9281217845 59.0789845165 -2
488 51.6351183324 59.1275278935 -2
489 51.2545841036 59.4576959557 -2
490 51.9640044364 59.5041363515 -2
491 51.5810464228 59.8364073949 -2
492 52.2928905404 59.8807448094 -2
493 51.9075087419 60.2151188341 -2
494 52.6217766445 60.2573532673 -2
495 52.233971061 60.5938302733 -2
496 49.9906878122 57.2444856039 -1.5
497 49.622272508 57.5641387597 -1.5
498 50.3195739163 57.6210940619 -1.5
499 49.9487348271 57.9428501989 -1.5
500 50.6484600203 57.9977025198 -1.5
501 50.2751971462 58.3215616381 -1.5
502 50.9773461243 58.3743109777 -1.5
503 50.6016594654 58.7002730773 -1.5
504 51.3062322283 58.7509194356 -1.5
505 50.9281217845 59.0789845165 -1.5
506 51.6351183324 59.1275278935 -1.5
507 51.2545841036 59.4576959557 -1.5
508 51.9640044364 59.5041363515 -1.5
509 51.5810464228 59.8364073949 -1.5
510 52.2928905404 59.8807448094 -1.5
511 51.9075087419 60.2151188341 -1.5
512 52.6217766445 60.2573532673 -1.5
513 52.233971061 60.5938302733 -1.5
514 49.9906878122 57.2444856039 -1
515 49.622272508 57.5641387597 -1
516 50.3195739163 57.6210940619 -1
517 49.9487348271 57.9428501989 -1
518 50.6484600203 57.9977025198 -1
519 50.2751971462 58.3215616381 -1
520 50.9773461243 58.3743109777 -1
521 50.6016594654 58.7002730773 -1
522 51.3062322283 58.7509194356 -1
523 50.9281217845 59.0789845165 -1
524 51.6351183324 59.1275278935 -1
525 51.2545841036 59.4576959557 -1
526 51.9640044364 59.5041363515 -1
527 51.5810464228 59.8364073949 -1
528 52.2928905404 59.8807448094 -1
529 51.9075087419 60.2151188341 -1
530 52.6217766445 60.2573532673 -1
531 52.233971061 60.5938302733 -1
532 49.9906878122 57.2444856039 -0.5
533 49.622272508 57.5641387597 -0.5
534 50.3195739163 57.6210940619 -0.5
535 49.9487348271 57.9428501989 -0.5
536 50.6484600203 57.9977025198 -0.5
537 50.2751971462 58.3215616381 -0.5
538 50.9773461243 58.3743109777 -0.5
539 50.6016594654 58.7002730773 -0.5
540 51.3062322283 58.7509194356 -0.5
541 50.9281217845 59.0789845165 -0.5
542 51.6351183324 59.1275278935 -0.5
543 51.2545841036 59.4576959557 -0.5
544 51.9640044364 59.5041363515 -0.5
545 51.5810464228 59.8364073949 -0.5
546 52.2928905404 59.8807448094 -0.5
547 51.9075087419 60.2151188341 -0.5
548 52.6217766445 60.2573532673 -0.5
549 52.233971061 60.5938302733 -0.5
550 49.9906878122 57.2444856039 0
551 49.622272508 57.5641387597 0
552 50.3195739163 57.6210940619 0
553 49.9487348271 57.9428501989 0
554 50.6484600203 57.9977025198 0
555 50.2751971462 58.3215616381 0
556 50.9773461243 58.3743109777 0
557 50.6016594654 58.7002730773 0
558 51.3062322283 58.7509194356 0
559 50.9281217845 59.0789845165 0
560 51.6351183324 59.1275278935 0
561 51.2545841036 59.4576959557 0
562 51.9640044364 59.5041363515 0
563 51.5810464228 59.8364073949 0
564 52.2928905404 59.8807448094 0
565 51.9075087419 60.2151188341 0
566 52.6217766445 60.2573532673 0
567 52.233971061 60.5938302733 0
568 50.3570440473 56.922474602 -15.03
569 50.6883403898 57.2969645665 -15.03
570 51.0196367322 57.671454531 -15.03
571 51.3509330746 58.0459444954 -15.03
572 51.682229417 58.4204344599 -15.03
573 52.0135257594 58.7949244244 -15.03
574 52.3448221018 59.1694143889 -15.03
575 52.6761184443 59.5439043534 -15.03
576 53.0074147867 59.9183943179 -15.03
577 50.3570440473 56.922474602 -15.3379396444
578 50.6883403898 57.2969645665 -15.3379396444
579 51.0196367322 57.671454531 -15.3379396444
580 51.3509330746 58.0459444954 -15.3379396444
581 51.682229417 58.4204344599 -15.3379396444
582 52.0135257594 58.7949244244 -15.3379396444
583 52.3448221018 59.1694143889 -15.3379396444
584 52.6761184443 59.5439043534 -15.3379396444
585 53.0074147867 59.9183943179 -15.3379396444
586 50.3570440473 56.922474602 -14.5
587 50.6883403898 57.2969645665 -14.5
588 51.0196367322 57.671454531 -14.5
589 51.3509330746 58.0459444954 -14.5
590 51.682229417 58.4204344599 -14.5
591 52.0135257594 58.7949244244 -14.5
592 52.3448221018 59.1694143889 -14.5
593 52.6761184443 59.5439043534 -14.5
594 53.0074147867 59.9183943179 -14.5
595 50.3570440473 56.922474602 -14
596 50.6883403898 57.2969645665 -14
597 51.0196367322 57.671454531 -14
598 51.3509330746 58.0459444954 -14
599 51.682229417 58.4204344599 -14
600 52.0135257594 58.7949244244 -14
601 52.3448221018 59.1694143889 -14
602 52.6761184443 59.5439043534 -14
603 53.0074147867 59.9183943179 -14
604 50.3570440473 56.922474602 -13.5
605 50.6883403898 57.2969645665 -13.5
606 51.0196367322 57.671454531 -13.5
607 51.3509330746 58.0459444954 -13.5
608 51.682229417 58.4204344599 -13.5
609 52.0135257594 58.7949244244 -13.5
610 52.3448221018 59.1694143889 -13.5
611 52.6761184443 59.5439043534 -13.5
612 53.0074147867 59.9183943179 -13.5
613 50.3570440473 56.922474602 -13
614 50.6883403898 57.2969645665 -13
615 51.0196367322 57.671454531 -13
616 51.3509330746 58.0459444954 -13
617 51.682229417 58.4204344599 -13
618 52.0135257594 58.7949244244 -13
619 52.3448221018 59.1694143889 -13
620 52.6761184443 59.5439043534 -13
621 53.0074147867 59.9183943179 -13
622 50.3570440473 56.922474602 -12.5
623 50.6883403898 57.2969645665 -12.5
624 51.0196367322 57.671454531 -12.5
625 51.3509330746 58.0459444954 -12.5
626 51.682229417 58.4204344599 -12.5
627 52.0135257594 58.7949244244 -12.5
628 52.3448221018 59.1694143889 -12.5
629 52.6761184443 59.5439043534 -12.5
630 53.0074147867 59.9183943179 -12.5
631 50.3570440473 56.922474602 -12
632 50.6883403898 57.2969645665 -12
633 51.0196367322 57.671454531 -12
634 51.3509330746 58.0459444954 -12
635 51.682229417 58.4204344599 -12
636 52.0135257594 58.7949244244 -12
637 52.3448221018 59.1694143889 -12
638 52.6761184443 59.5439043534 -12
639 53.0074147867 59.9183943179 -12
640 50.3570440473 56.922474602 -11.5
641 50.6883403898 57.2969645665 -11.5
642 51.0196367322 57.671454531 -11.5
643 51.3509330746 58.0459444954 -11.5
644 51.682229417 58.4204344599 -11.5
645 52.0135257594 58.7949244244 -11.5
646 52.3448221018 59.1694143889 -11.5
647 52.6761184443 59.5439043534 -11.5
648 53.0074147867 59.9183943179 -11.5
649 50.3570440473 56.922474602 -11
650 50.6883403898 57.2969645665 -11
651 51.0196367322 57.671454531 -11
652 51.3509330746 58.0459444954 -11
653 51.682229417 58.4204344599 -11
654 52.0135257594 58.7949244244 -11
655 52.3448221018 59.1694143889 -11
656 52.6761184443 59.5439043534 -11
657 53.0074147867 59.9183943179 -11
658 50.3570440473 56.922474602 -10.5
659 50.6883403898 57.2969645665 -10.5
660 51.0196367322 57.671454531 -10.5
661 51.3509330746 58.0459444954 -10.5
662 51.682229417 58.4204344599 -10.5
663 52.0135257594 58.7949244244 -10.5
664 52.3448221018 59.1694143889 -10.5
665 52.6761184443 59.5439043534 -10.5
666 53.0074147867 59.9183943179 -10.5
667 50.3570440473 56.922474602 -10
668 50.6883403898 57.2969645665 -10
669 51.0196367322 57.671454531 -10
670 51.3509330746 58.0459444954 -10
671 51.682229417 58.4204344599 -10
672 52.0135257594 58.7949244244 -10
673 52.3448221018 59.1694143889 -10
674 52.6761184443 59.5439043534 -10
675 53.0074147867 59.9183943179 -10
676 50.3570440473 56.922474602 -9.5
677 50.6883403898 57.2969645665 -9.5
678 51.0196367322 57.671454531 -9.5
679 51.3509330746 58.0459444954 -9.5
680 51.682229417 58.4204344599 -9.5
681 52.0135257594 58.7949244244 -9.5
682 52.3448221018 59.1694143889 -9.5
683 52.6761184443 59.5439043534 -9.5
684 53.0074147867 59.9183943179 -9.5
685 50.3570440473 56.922474602 -9
686 50.6883403898 57.2969645665 -9
687 51.0196367322 57.671454531 -9
688 51.3509330746 58.0459444954 -9
689 51.682229417 58.4204344599 -9
690 52.0135257594 58.7949244244 -9
691 52.3448221018 59.1694143889 -9
692 52.6761184443 59.5439043534 -9
693 53.0074147867 59.9183943179 -9
694 50.3570440473 56.922474602 -8.5
695 50.6883403898 57.2969645665 -8.5
696 51.0196367322 57.671454531 -8.5
697 51.3509330746 58.0459444954 -8.5
698 51.682229417 58.4204344599 -8.5
699 52.0135257594 58.7949244244 -8.5
700 52.3448221018 59.1694143889 -8.5
701 52.6761184443 59.5439043534 -8.5
702 53.0074147867 59.9183943179 -8.5
703 50.3570440473 56.922474602 -8
704 50.6883403898 57.2969645665 -8
705 51.0196367322 57.671454531 -8
706 51.3509330746 58.0459444954 -8
707 51.682229417 58.4204344599 -8
708 52.0135257594 58.7949244244 -8
709 52.3448221018 59.1694143889 -8
710 52.6761184443 59.5439043534 -8
711 53.0074147867 59.9183943179 -8
712 50.3570440473 56.922474602 -7.5
713 50.6883403898 57.2969645665 -7.5
714 51.0196367322 57.671454531 -7.5
715 51.3509330746 58.0459444954 -7.5
716 51.682229417 58.4204344599 -7.5
717 52.0135257594 58.7949244244 -7.5
718 52.3448221018 59.1694143889 -7.5
719 52.6761184443 59.5439043534 -7.5
720 53.0074147867 59.9183943179 -7.5
721 50.3570440473 56.922474602 -7
722 50.6883403898 57.2969645665 -7
723 51.0196367322 57.671454531 -7
724 51.3509330746 58.0459444954 -7
725 51.682229417 58.4204344599 -7
726 52.0135257594 58.7949244244 -7
727 52.3448221018 59.1694143889 -7
728 52.6761184443 59.5439043534 -7
729 53.0074147867 59.9183943179 -7
730 50.3570440473 56.922474602 -6.5
731 50.6883403898 57.2969645665 -6.5
732 51.0196367322 57.671454531 -6.5
733 51.3509330746 58.0459444954 -6.5
734 51.682229417 58.4204344599 -6.5
735 52.0135257594 58.7949244244 -6.5
736 52.3448221018 59.1694143889 -6.5
737 52.6761184443 59.5439043534 -6.5
738 53.0074147867 59.9183943179 -6.5
739 50.3570440473 56.922474602 -6
740 50.6883403898 57.2969645665 -6
741 51.0196367322 57.671454531 -6
742 51.3509330746 58.0459444954 -6
743 51.682229417 58.4204344599 -6
744 52.0135257594 58.7949244244 -6
745 52.3448221018 59.1694143889 -6
746 52.6761184443 59.5439043534 -6
747 53.0074147867 59.9183943179 -6
748 50.3570440473 56.922474602 -5.5
749 50.6883403898 57.2969645665 -5.5
750 51.0196367322 57.671454531 -5.5
751 51.3509330746 58.0459444954 -5.5
752 51.682229417 58.4204344599 -5.5
753 52.0135257594 58.7949244244 -5.5
754 52.3448221018 59.1694143889 -5.5
755 52.6761184443 59.5439043534 -5.5
756 53.0074147867 59.9183943179 -5.5
757 50.3570440473 56.922474602 -5
758 50.6883403898 57.2969645665 -5
759 51.0196367322 57.671454531 -5
760 51.3509330746 58.0459444954 -5
761 51.682229417 58.4204344599 -5
762 52.0135257594 58.7949244244 -5
763 52.3448221018 59.1694143889 -5
764 52.6761184443 59.5439043534 -5
765 53.0074147867 59.9183943179 -5
766 50.3570440473 56.922474602 -4.5
767 50.6883403898 57.2969645665 -4.5
768 51.0196367322 57.671454531 -4.5
769 51.3509330746 58.0459444954 -4.5
770 51.682229417 58.4204344599 -4.5
771 52.0135257594 58.7949244244 -4.5
772 52.3448221018 59.1694143889 -4.5
773 52.6761184443 59.5439043534 -4.5
774 53.0074147867 59.9183943179 -4.5
775 50.3570440473 56.922474602 -4
776 50.6883403898 57.2969645665 -4
777 51.0196367322 57.671454531 -4
778 51.3509330746 58.0459444954 -4
779 51.682229417 58.4204344599 -4
780 52.0135257594 58.7949244244 -4
781 52.3448221018 59.1694143889 -4
782 52.6761184443 59.5439043534 -4
783 53.0074147867 59.9183943179 -4
784 50.3570440473 56.922474602 -3.5
785 50.6883403898 57.2969645665 -3.5
786 51.0196367322 57.671454531 -3.5
787 51.3509330746 58.0459444954 -3.5
788 51.682229417 58.4204344599 -3.5
789 52.0135257594 58.7949244244 -3.5
790 52.3448221018 59.1694143889 -3.5
791 52.6761184443 59.5439043534 -3.5
792 53.0074147867 59.9183943179 -3.5
793 50.3570440473 56.922474602 -3
794 50.6883403898 57.2969645665 -3
795 51.0196367322 57.671454531 -3
796 51.3509330746 58.0459444954 -3
797 51.682229417 58.4204344599 -3
798 52.0135257594 58.7949244244 -3
799 52.3448221018 59.1694143889 -3
800 52.6761184443 59.5439043534 -3
801 53.0074147867 59.9183943179 -3
802 50.3570440473 56.922474602 -2.5
803 50.6883403898 57.2969645665 -2.5
804 51.0196367322 57.671454531 -2.5
805 51.3509330746 58.0459444954 -2.5
806 51.682229417 58.4204344599 -2.5
807 52.0135257594 58.7949244244 -2.5
808 52.3448221018 59.1694143889 -2.5
809 52.6761184443 59.5439043534 -2.5
810 53.0074147867 59.9183943179 -2.5
811 50.3570440473 56.922474602 -2
812 50.6883403898 57.2969645665 -2
813 51.0196367322 57.671454531 -2
814 51.3509330746 58.0459444954 -2
815 51.682229417 58.4204344599 -2
816 52.0135257594 58.7949244244 -2
817 52.3448221018 59.1694143889 -2
818 52.6761184443 59.5439043534 -2
819 53.0074147867 59.9183943179 -2
820 50.3570440473 56.922474602 -1.5
821 50.6883403898 57.2969645665 -1.5
822 51.0196367322 57.671454531 -1.5
823 51.3509330746 58.0459444954 -1.5
824 51.682229417 58.4204344599 -1.5
825 52.0135257594 58.7949244244 -1.5
826 52.3448221018 59.1694143889 -1.5
827 52.6761184443 59.5439043534 -1.5
828 53.0074147867 59.9183943179 -1.5
829 50.3570440473 56.922474602 -1
830 50.6883403898 57.2969645665 -1
831 51.0196367322 57.671454531 -1
832 51.3509330746 58.0459444954 -1
833 51.682229417 58.4204344599 -1
834 52.0135257594 58.7949244244 -1
835 52.3448221018 59.1694143889 -1
836 52.6761184443 59.5439043534 -1
837 53.0074147867 59.9183943179 -1
838 50.3570440473 56.922474602 -0.5
839 50.6883403898 57.2969645665 -0.5
840 51.0196367322 57.671454531 -0.5
841 51.3509330746 58.0459444954 -0.5
842 51.682229417 58.4204344599 -0.5
843 52.0135257594 58.7949244244 -0.5
844 52.3448221018 59.1694143889 -0.5
845 52.6761184443 59.5439043534 -0.5
846 53.0074147867 59.9183943179 -0.5
847 50.3570440473 56.922474602 0
848 50.6883403898 57.2969645665 0
849 51.0196367322 57.671454531 0
850 51.3509330746 58.0459444954 0
851 51.682229417 58.4204344599 0
852 52.0135257594 58.7949244244 0
853 52.3448221018 59.1694143889 0
854 52.6761184443 59.5439043534 0
855 53.0074147867 59.9183943179 0
856 50.7213261234 56.5981190171 -15.03
857 51.0550190585 56.9704750633 -15.03
858 51.3887119935 57.3428311095 -15.03
859 51.7224049285 57.7151871556 -15.03
860 52.0560978635 58.0875432018 -15.03
861 52.3897907986 58.459899248 -15.03
862 52.7234837336 58.8322552941 -15.03
863 53.0571766686 59.2046113403 -15.03
864 53.3908696036 59.5769673865 -15.03
865 50.7213261234 56.5981190171 -15.4918898996
866 51.0550190585 56.9704750633 -15.4918898996
867 51.3887119935 57.3428311095 -15.4918898996
868 51.7224049285 57.7151871556 -15.4918898996
869 52.0560978635 58.0875432018 -15.4918898996
870 52.3897907986 58.459899248 -15.4918898996
871 52.7234837336 58.8322552941 -15.4918898996
872 53.0571766686 59.2046113403 -15.4918898996
873 53.3908696036 59.5769673865 -15.4918898996
874 50.7213261234 56.5981190171 -14.5
875 51.0550190585 56.9704750633 -14.5
876 51.3887119935 57.3428311095 -14.5
877 51.7224049285 57.7151871556 -14.5
878 52.0560978635 58.0875432018 -14.5
879 52.3897907986 58.459899248 -14.5
880 52.7234837336 58.8322552941 -14.5
881 53.0571766686 59.2046113403 -14.5
882 53.3908696036 59.5769673865 -14.5
883 50.7213261234 56.5981190171 -14
884 51.0550190585 56.9704750633 -14
885 51.3887119935 57.3428311095 -14
886 51.7224049285 57.7151871556 -14
887 52.0560978635 58.0875432018 -14
888 52.3897907986 58.459899248 -14
889 52.7234837336 58.8322552941 -14
890 53.0571766686 59.2046113403 -14
891 53.3908696036 59.5769673865 -14
892 50.7213261234 56.5981190171 -13.5
893 51.0550190585 56.9704750633 -13.5
894 51.3887119935 57.3428311095 -13.5
895 51.7224049285 57.7151871556 -13.5
896 52.0560978635 58.0875432018 -13.5
897 52.3897907986 58.459899248 -13.5
898 52.7234837336 58.8322552941 -13.5
899 53.0571766686 59.2046113403 -13.5
900 53.3908696036 59.5769673865 -13.5
901 50.7213261234 56.5981190171 -13
902 51.0550190585 56.9704750633 -13
903 51.3887119935 57.3428311095 -13
904 51.7224049285 57.7151871556 -13
905 52.0560978635 58.0875432018 -13
906 52.3897907986 58.459899248 -13
907 52.7234837336 58.8322552941 -13
908 53.0571766686 59.2046113403 -13
909 53.3908696036 59.5769673865 -13
910 50.7213261234 56.5981190171 -12.5
911 51.0550190585 56.9704750633 -12.5
912 51.3887119935 57.3428311095 -12.5
913 51.7224049285 57.7151871556 -12.5
914 52.0560978635 58.0875432018 -12.5
915 52.3897907986 58.459899248 -12.5
916 52.7234837336 58.8322552941 -12.5
917 53.0571766686 59.2046113403 -12.5
918 53.3908696036 59.5769673865 -12.5
919 50.7213261234 56.5981190171 -12
920 51.0550190585 56.9704750633 -12
921 51.3887119935 57.3428311095 -12
922 51.7224049285 57.7151871556 -12
923 52.0560978635 58.0875432018 -12
924 52.3897907986 58.459899248 -12
925 52.7234837336 58.8322552941 -12
926 53.0571766686 59.2046113403 -12
927 53.3908696036 59.5769673865 -12
928 50.7213261234 56.5981190171 -11.5
929 51.0550190585 56.9704750633 -11.5
930 51.3887119935 57.3428311095 -11.5
931 51.7224049285 57.7151871556 -11.5
932 52.0560978635 58.0875432018 -11.5
933 52.3897907986 58.459899248 -11.5
934 52.7234837336 58.8322552941 -11.5
935 53.0571766686 59.2046113403 -11.5
936 53.3908696036 59.5769673865 -11.5
937 50.7213261234 56.5981190171 -11
938 51.0550190585 56.9704750633 -11
939 51.3887119935 57.3428311095 -11
940 51.7224049285 57.7151871556 -11
941 52.0560978635 58.0875432018 -11
942 52.3897907986 58.459899248 -11
943 52.7234837336 58.8322552941 -11
944 53.0571766686 59.2046113403 -11
945 53.3908696036 59.5769673865 -11
946 50.7213261234 56.5981190171 -10.5
947 51.0550190585 56.9704750633 -10.5
948 51.3887119935 57.3428311095 -10.5
949 51.7224049285 57.7151871556 -10.5
950 52.0560978635 58.0875432018 -10.5
951 52.3897907986 58.459899248 -10.5
952 52.7234837336 58.8322552941 -10.5
953 53.0571766686 59.2046113403 -10.5
954 53.3908696036 59.5769673865 -10.5
955 50.7213261234 56.5981190171 -10
956 51.0550190585 56.9704750633 -10
957 51.3887119935 57.3428311095 -10
958 51.7224049285 57.7151871556 -10
959 52.0560978635 58.0875432018 -10
960 52.3897907986 58.459899248 -10
961 52.7234837336 58.8322552941 -10
962 53.0571766686 59.2046113403 -10
963 53.3908696036 59.5769673865 -10
964 50.7213261234 56.5981190171 -9.5
965 51.0550190585 56.9704750633 -9.5
966 51.3887119935 57.3428311095 -9.5
967 51.7224049285 57.7151871556 -9.5
968 52.0560978635 58.0875432018 -9.5
969 52.3897907986 58.459899248 -9.5
970 52.7234837336 58.8322552941 -9.5
971 53.0571766686 59.2046113403 -9.5
972 53.3908696036 59.5769673865 -9.5
973 50.7213261234 56.5981190171 -9
974 51.0550190585 56.9704750633 -9
975 51.3887119935 57.3428311095 -9
976 51.7224049285 57.7151871556 -9
977 52.0560978635 58.0875432018 -9
978 52.3897907986 58.459899248 -9
979 52.7234837336 58.8322552941 -9
980 53.0571766686 59.2046113403 -9
981 53.3908696036 59.5769673865 -9
982 50.7213261234 56.5981190171 -8.5
983 51.0550190585 56.9704750633 -8.5
984 51.3887119935 57.3428311095 -8.5
985 51.7224049285 57.7151871556 -8.5
986 52.0560978635 58.0875432018 -8.5
987 52.3897907986 58.459899248 -8.5
988 52.7234837336 58.8322552941 -8.5
989 53.0571766686 59.2046113403 -8.5
990 53.3908696036 59.5769673865 -8.5
991 50.7213261234 56.5981190171 -8
992 51.0550190585 56.9704750633 -8
993 51.3887119935 57.3428311095 -8
994 51.7224049285 57.7151871556 -8
995 52.0560978635 58.0875432018 -8
996 52.3897907986 58.459899248 -8
997 52.7234837336 58.8322552941 -8
998 53.0571766686 59.2046113403 -8
999 53.3908696036 59.5769673865 -8
1000 50.7213261234 56.5981190171 -7.5
1001 51.0550190585 56.9704750633 -7.5
1002 51.3887119935 57.3428311095 -7.5
1003 51.7224049285 57.7151871556 -7.5
1004 52.0560978635 58.0875432018 -7.5
1005 52.3897907986 58.459899248 -7.5
1006 52.7234837336 58.8322552941 -7.5
1007 53.0571766686 59.2046113403 -7.5
1008 53.3908696036 59.5769673865 -7.5
1009 50.7213261234 56.5981190171 -7
1010 51.0550190585 56.9704750633 -7
1011 51.3887119935 57.3428311095 -7
1012 51.7224049285 57.7151871556 -7
1013 52.0560978635 58.0875432018 -7
1014 52.3897907986 58.459899248 -7
1015 52.7234837336 58.8322552941 -7
1016 53.0571766686 59.2046113403 -7
1017 53.3908696036 59.5769673865 -7
1018 50.7213261234 56.5981190171 -6.5
1019 51.0550190585 56.9704750633 -6.5
1020 51.3887119935 57.3428311095 -6.5
1021 51.7224049285 57.7151871556 -6.5
1022 52.0560978635 58.0875432018 -6.5
1023 52.3897907986 58.459899248 -6.5
1024 52.7234837336 58.8322552941 -6.5
1025 53.0571766686 59.2046113403 -6.5
1026 53.3908696036 59.5769673865 -6.5
1027 50.7213261234 56.5981190171 -6
1028 51.0550190585 56.9704750633 -6
1029 51.3887119935 57.3428311095 -6
1030 51.7224049285 57.7151871556 -6
1031 52.0560978635 58.0875432018 -6
1032 52.3897907986 58.459899248 -6
1033 52.7234837336 58.8322552941 -6
1034 53.0571766686 59.2046113403 -6
1035 53.3908696036 59.5769673865 -6
1036 50.7213261234 56.5981190171 -5.5
1037 51.0550190585 56.9704750633 -5.5
1038 51.3887119935 57.3428311095 -5.5
1039 51.7224049285 57.7151871556 -5.5
1040 52.0560978635 58.0875432018 -5.5
1041 52.3897907986 58.459899248 -5.5
1042 52.7234837336 58.8322552941 -5.5
1043 53.0571766686 59.2046113403 -5.5
1044 53.3908696036 59.5769673865 -5.5
1045 50.7213261234 56.5981190171 -5
1046 51.0550190585 56.9704750633 -5
1047 51.3887119935 57.3428311095 -5
1048 51.7224049285 57.7151871556 -5
1049 52.0560978635 58.0875432018 -5
1050 52.3897907986 58.459899248 -5
1051 52.7234837336 58.8322552941 -5
1052 53.0571766686 59.2046113403 -5
1053 53.3908696036 59.5769673865 -5
1054 50.7213261234 56.5981190171 -4.5
1055 51.0550190585 56.9704750633 -4.5
1056 51.3887119935 57.3428311095 -4.5
1057 51.7224049285 57.7151871556 -4.5
1058 52.0560978635 58.0875432018 -4.5
1059 52.3897907986 58.459899248 -4.5
1060 52.7234837336 58.8322552941 -4.5
1061 53.0571766686 59.2046113403 -4.5
1062 53.3908696036 59.5769673865 -4.5
1063 50.7213261234 56.5981190171 -4
1064 51.0550190585 56.9704750633 -4
1065 51.3887119935 57.3428311095 -4
1066 51.7224049285 57.7151871556 -4
1067 52.0560978635 58.0875432018 -4
1068 52.3897907986 58.459899248 -4
1069 52.7234837336 58.8322552941 -4
1070 53.0571766686 59.2046113403 -4
1071 53.3908696036 59.5769673865 -4
1072 50.7213261234 56.5981190171 -3.5
1073 51.0550190585 56.9704750633 -3.5
1074 51.3887119935 57.3428311095 -3.5
1075 51.7224049285 57.7151871556 -3.5
1076 52.0560978635 58.0875432018 -3.5
1077 52.3897907986 58.459899248 -3.5
1078 52.7234837336 58.8322552941 -3.5
1079 53.0571766686 59.2046113403 -3.5
1080 53.3908696036 59.5769673865 -3.5
1081 50.7213261234 56.5981190171 -3
1082 51.0550190585 56.9704750633 -3
1083 51.3887119935 57.3428311095 -3
1084 51.7224049285 57.7151871556 -3
1085 52.0560978635 58.0875432018 -3
1086 52.3897907986 58.459899248 -3
1087 52.7234837336 58.8322552941 -3
1088 53.0571766686 59.2046113403 -3
1089 53.3908696036 59.5769673865 -3
1090 50.7213261234 56.5981190171 -2.5
1091 51.0550190585 56.9704750633 -2.5
1092 51.3887119935 57.3428311095 -2.5
1093 51.7224049285 57.7151871556 -2.5
1094 52.0560978635 58.0875432018 -2.5
1095 52.3897907986 58.459899248 -2.5
1096 52.7234837336 58.8322552941 -2.5
1097 53.0571766686 59.2046113403 -2.5
1098 53.3908696036 59.5769673865 -2.5
1099 50.7213261234 56.5981190171 -2
1100 51.0550190585 56.9704750633 -2
1101 51.3887119935 57.3428311095 -2
1102 51.7224049285 57.7151871556 -2
1103 52.0560978635 58.0875432018 -2
1104 52.3897907986 58.459899248 -2
1105 52.7234837336 58.8322552941 -2
1106 53.0571766686 59.2046113403 -2
1107 53.3908696036 59.5769673865 -2
1108 50.7213261234 56.5981190171 -1.5
1109 51.0550190585 56.9704750633 -1.5
1110 51.3887119935 57.3428311095 -1.5
1111 51.7224049285 57.7151871556 -1.5
1112 52.0560978635 58.0875432018 -1.5
1113 52.3897907986 58.459899248 -1.5
1114 52.7234837336 58.8322552941 -1.5
1115 53.0571766686 59.2046113403 -1.5
1116 53.3908696036 59.5769673865 -1.5
1117 50.7213261234 56.5981190171 -1
1118 51.0550190585 56.9704750633 -1
1119 51.3887119935 57.3428311095 -1
1120 51.7224049285 57.7151871556 -1
1121 52.0560978635 58.0875432018 -1
1122 52.3897907986 58.459899248 -1
1123 52.7234837336 58.8322552941 -1
1124 53.0571766686 59.2046113403 -1
1125 53.3908696036 59.5769673865 -1
1126 50.7213261234 56.5981190171 -0.5
1127 51.0550190585 56.9704750633 -0.5
1128 51.3887119935 57.3428311095 -0.5
1129 51.7224049285 57.7151871556 -0.5
1130 52.0560978635 58.0875432018 -0.5
1131 52.3897907986 58.459899248 -0.5
1132 52.7234837336 58.8322552941 -0.5
1133 53.0571766686 59.2046113403 -0.5
1134 53.3908696036 59.5769673865 -0.5
1135 50.7213261234 56.5981190171 0
1136 51.0550190585 56.9704750633 0
1137 51.3887119935 57.3428311095 0
1138 51.7224049285 57.7151871556 0
1139 52.0560978635 58.0875432018 0
1140 52.3897907986 58.459899248 0
1141 52.7234837336 58.8322552941 0
1142 53.0571766686 59.2046113403 0
1143 53.3908696036 59.5769673865 0
1144 51.0835190361 56.2714322093 -15.03
1145 51.4195948192 56.6416390002 -15.03
1146 51.7556706024 57.011845791 -15.03
1147 52.0917463855 57.3820525819 -15.03
1148 52.4278221686 57.7522593727 -15.03
1149 52.7638979518 58.1224661636 -15.03
1150 53.0999737349 58.4926729544 -15.03
1151 53.436049518 58.8628797453 -15.03
1152 53.7721253012 59.2330865361 -15.03
1153 51.0835190361 56.2714322093 -15.53
1154 51.4195948192 56.6416390002 -15.53
1155 51.7556706024 57.011845791 -15.53
1156 52.0917463855 57.3820525819 -15.53
1157 52.4278221686 57.7522593727 -15.53
1158 52.7638979518 58.1224661636 -15.53
1159 53.0999737349 58.4926729544 -15.53
1160 53.436049518 58.8628797453 -15.53
1161 53.7721253012 59.2330865361 -15.53
1162 51.0835190361 56.2714322093 -15.645823334
1163 51.4195948192 56.6416390002 -15.645823334
1164 51.7556706024 57.011845791 -15.645823334
1165 52.0917463855 57.3820525819 -15.645823334
1166 52.4278221686 57.7522593727 -15.645823334
1167 52.7638979518 58.1224661636 -15.645823334
1168 53.0999737349 58.4926729544 -15.645823334
1169 53.436049518 58.8628797453 -15.645823334
1170 53.7721253012 59.2330865361 -15.645823334
1171 51.0835190361 56.2714322093 -14.5
1172 51.4195948192 56.6416390002 -14.5
1173 51.7556706024 57.011845791 -14.5
1174 52.0917463855 57.3820525819 -14.5
1175 52.4278221686 57.7522593727 -14.5
1176 52.7638979518 58.1224661636 -14.5
1177 53.0999737349 58.4926729544 -14.5
1178 53.436049518 58.8628797453 -14.5
1179 53.7721253012 59.2330865361 -14.5
1180 51.0835190361 56.2714322093 -14
1181 51.4195948192 56.6416390002 -14
1182 51.7556706024 57.011845791 -14
1183 52.0917463855 57.3820525819 -14
1184 52.4278221686 57.7522593727 -14
1185 52.7638979518 58.1224661636 -14
1186 53.0999737349 58.4926729544 -14
1187 53.436049518 58.8628797453 -14
1188 53.7721253012 59.2330865361 -14
1189 51.0835190361 56.2714322093 -13.5
1190 51.4195948192 56.6416390002 -13.5
1191 51.7556706024 57.011845791 -13.5
1192 52.0917463855 57.3820525819 -13.5
1193 52.4278221686 57.7522593727 -13.5
1194 52.7638979518 58.1224661636 -13.5
1195 53.0999737349 58.4926729544 -13.5
1196 53.436049518 58.8628797453 -13.5
1197 53.7721253012 59.2330865361 -13.5
1198 51.0835190361 56.2714322093 -13
1199 51.4195948192 56.6416390002 -13
1200 51.7556706024 57.011845791 -13
1201 52.0917463855 57.3820525819 -13
1202 52.4278221686 57.7522593727 -13
1203 52.7638979518 58.1224661636 -13
1204 53.0999737349 58.4926729544 -13
1205 53.436049518 58.8628797453 -13
1206 53.7721253012 59.2330865361 -13
1207 51.0835190361 56.2714322093 -12.5
1208 51.4195948192 56.6416390002 -12.5
1209 51.7556706024 57.011845791 -12.5
1210 52.0917463855 57.3820525819 -12.5
1211 52.4278221686 57.7522593727 -12.5
1212 52.7638979518 58.1224661636 -12.5
1213 53.0999737349 58.4926729544 -12.5
1214 53.436049518 58.8628797453 -12.5
1215 53.7721253012 59.2330865361 -12.5
1216 51.0835190361 56.2714322093 -12
1217 51.4195948192 56.6416390002 -12
1218 51.7556706024 57.011845791 -12
1219 52.0917463855 57.3820525819 -12
1220 52.4278221686 57.7522593727 -12
1221 52.7638979518 58.1224661636 -12
1222 53.0999737349 58.4926729544 -12
1223 53.436049518 58.8628797453 -12
1224 53.7721253012 59.2330865361 -12
1225 51.0835190361 56.2714322093 -11.5
1226 51.4195948192 56.6416390002 -11.5
1227 51.7556706024 57.011845791 -11.5
1228 52.0917463855 57.3820525819 -11.5
1229 52.4278221686 57.7522593727 -11.5
1230 52.7638979518 58.1224661636 -11.5
1231 53.0999737349 58.4926729544 -11.5
1232 53.436049518 58.8628797453 -11.5
1233 53.7721253012 59.2330865361 -11.5
1234 51.0835190361 56.2714322093 -11
1235 51.4195948192 56.6416390002 -11
1236 51.7556706024 57.011845791 -11
1237 52.0917463855 57.3820525819 -11
1238 52.4278221686 57.7522593727 -11
1239 52.7638979518 58.1224661636 -11
1240 53.0999737349 58.4926729544 -11
1241 53.436049518 58.8628797453 -11
1242 53.7721253012 59.2330865361 -11
1243 51.0835190361 56.2714322093 -10.5
1244 51.4195948192 56.6416390002 -10.5
1245 51.7556706024 57.011845791 -10.5
1246 52.0917463855 57.3820525819 -10.5
1247 52.4278221686 57.7522593727 -10.5
1248 52.7638979518 58.1224661636 -10.5
1249 53.0999737349 58.4926729544 -10.5
1250 53.436049518 58.8628797453 -10.5
1251 53.7721253012 59.2330865361 -10.5
1252 51.0835190361 56.2714322093 -10
1253 51.4195948192 56.6416390002 -10
1254 51.7556706024 57.011845791 -10
1255 52.0917463855 57.3820525819 -10
1256 52.4278221686 57.7522593727 -10
1257 52.7638979518 58.1224661636 -10
1258 53.0999737349 58.4926729544 -10
1259 53.436049518 58.8628797453 -10
1260 53.7721253012 59.2330865361 -10
1261 51.0835190361 56.2714322093 -9.5
1262 51.4195948192 56.6416390002 -9.5
1263 51.7556706024 57.011845791 -9.5
1264 52.0917463855 57.3820525819 -9.5
1265 52.4278221686 57.7522593727 -9.5
1266 52.7638979518 58.1224661636 -9.5
1267 53.0999737349 58.4926729544 -9.5
1268 53.436049518 58.8628797453 -9.5
1269 53.7721253012 59.2330865361 -9.5
1270 51.0835190361 56.2714322093 -9
1271 51.4195948192 56.6416390002 -9
1272 51.7556706024 57.011845791 -9
1273 52.0917463855 57.3820525819 -9
1274 52.4278221686 57.7522593727 -9
1275 52.7638979518 58.1224661636 -9
1276 53.0999737349 58.4926729544 -9
1277 53.436049518 58.8628797453 -9
1278 53.7721253012 59.2330865361 -9
1279 51.0835190361 56.2714322093 -8.5
1280 51.4195948192 56.6416390002 -8.5
1281 51.7556706024 57.011845791 -8.5
1282 52.0917463855 57.3820525819 -8.5
1283 52.4278221686 57.7522593727 -8.5
1284 52.7638979518 58.1224661636 -8.5
1285 53.0999737349 58.4926729544 -8.5
1286 53.436049518 58.8628797453 -8.5
1287 53.7721253012 59.2330865361 -8.5
1288 51.0835190361 56.2714322093 -8
1289 51.4195948192 56.6416390002 -8
1290 51.7556706024 57.011845791 -8
1291 52.0917463855 57.3820525819 -8
1292 52.4278221686 57.7522593727 -8
1293 52.7638979518 58.1224661636 -8
1294 53.0999737349 58.4926729544 -8
1295 53.436049518 58.8628797453 -8
1296 53.7721253012 59.2330865361 -8
1297 51.0835190361 56.2714322093 -7.5
1298 51.4195948192 56.6416390002 -7.5
1299 51.7556706024 57.011845791 -7.5
1300 52.0917463855 57.3820525819 -7.5
1301 52.4278221686 57.7522593727 -7.5
1302 52.7638979518 58.1224661636 -7.5
1303 53.0999737349 58.4926729544 -7.5
1304 53.436049518 58.8628797453 -7.5
1305 53.7721253012 59.2330865361 -7.5
1306 51.0835190361 56.2714322093 -7
1307 51.4195948192 56.6416390002 -7
1308 51.7556706024 57.011845791 -7
1309 52.0917463855 57.3820525819 -7
1310 52.4278221686 57.7522593727 -7
1311 52.7638979518 58.1224661636 -7
1312 53.0999737349 58.4926729544 -7
1313 53.436049518 58.8628797453 -7
1314 53.7721253012 59.2330865361 -7
1315 51.0835190361 56.2714322093 -6.5
1316 51.4195948192 56.6416390002 -6.5
1317 51.7556706024 57.011845791 -6.5
1318 52.0917463855 57.3820525819 -6.5
1319 52.4278221686 57.7522593727 -6.5
1320 52.7638979518 58.1224661636 -6.5
1321 53.0999737349 58.4926729544 -6.5
1322 53.436049518 58.8628797453 -6.5
1323 53.7721253012 59.2330865361 -6.5
1324 51.0835190361 56.2714322093 -6
1325 51.4195948192 56.6416390002 -6
1326 51.7556706024 57.011845791 -6
1327 52.0917463855 57.3820525819 -6
1328 52.4278221686 57.7522593727 -6
1329 52.7638979518 58.1224661636 -6
1330 53.0999737349 58.4926729544 -6
1331 53.436049518 58.8628797453 -6
1332 53.7721253012 59.2330865361 -6
1333 51.0835190361 56.2714322093 -5.5
1334 51.4195948192 56.6416390002 -5.5
1335 51.7556706024 57.011845791 -5.5
1336 52.0917463855 57.3820525819 -5.5
1337 52.4278221686 57.7522593727 -5.5
1338 52.7638979518 58.1224661636 -5.5
1339 53.0999737349 58.4926729544 -5.5
1340 53.436049518 58.8628797453 -5.5
1341 53.7721253012 59.2330865361 -5.5
1342 51.0835190361 56.2714322093 -5
1343 51.4195948192 56.6416390002 -5
1344 51.7556706024 57.011845791 -5
1345 52.0917463855 57.3820525819 -5
1346 52.4278221686 57.7522593727 -5
1347 52.7638979518 58.1224661636 -5
1348 53.0999737349 58.4926729544 -5
1349 53.436049518 58.8628797453 -5
1350 53.7721253012 59.2330865361 -5
1351 51.0835190361 56.2714322093 -4.5
1352 51.4195948192 56.6416390002 -4.5
1353 51.7556706024 57.011845791 -4.5
1354 52.0917463855 57.3820525819 -4.5
1355 52.4278221686 57.7522593727 -4.5
1356 52.7638979518 58.1224661636 -4.5
1357 53.0999737349 58.4926729544 -4.5
1358 53.436049518 58.8628797453 -4.5
1359 53.7721253012 59.2330865361 -4.5
1360 51.0835190361 56.2714322093 -4
1361 51.4195948192 56.6416390002 -4
1362 51.7556706024 57.011845791 -4
1363 52.0917463855 57.3820525819 -4
1364 52.4278221686 57.7522593727 -4
1365 52.7638979518 58.1224661636 -4
1366 53.0999737349 58.4926729544 -4
1367 53.436049518 58.8628797453 -4
1368 53.7721253012 59.2330865361 -4
1369 51.0835190361 56.2714322093 -3.5
1370 51.4195948192 56.6416390002 -3.5
1371 51.7556706024 57.011845791 -3.5
1372 52.0917463855 57.3820525819 -3.5
1373 52.4278221686 57.7522593727 -3.5
1374 52.7638979518 58.1224661636 -3.5
1375 53.0999737349 58.4926729544 -3.5
1376 53.436049518 58.8628797453 -3.5
1377 53.7721253012 59.2330865361 -3.5
1378 51.0835190361 56.2714322093 -3
1379 51.4195948192 56.6416390002 -3
1380 51.7556706024 57.011845791 -3
1381 52.0917463855 57.3820525819 -3
1382 52.4278221686 57.7522593727 -3
1383 52.7638979518 58.1224661636 -3
1384 53.0999737349 58.4926729544 -3
1385 53.436049518 58.8628797453 -3
1386 53.7721253012 59.2330865361 -3
1387 51.0835190361 56.2714322093 -2.5
1388 51.4195948192 56.6416390002 -2.5
1389 51.7556706024 57.011845791 -2.5
1390 52.0917463855 57.3820525819 -2.5
1391 52.4278221686 57.7522593727 -2.5
1392 52.7638979518 58.1224661636 -2.5
1393 53.0999737349 58.4926729544 -2.5
1394 53.436049518 58.8628797453 -2.5
1395 53.7721253012 59.2330865361 -2.5
1396 51.0835190361 56.2714322093 -2
1397 51.4195948192 56.6416390002 -2
1398 51.7556706024 57.011845791 -2
1399 52.0917463855 57.3820525819 -2
1400 52.4278221686 57.7522593727 -2
1401 52.7638979518 58.1224661636 -2
1402 53.0999737349 58.4926729544 -2
1403 53.436049518 58.8628797453 -2
1404 53.7721253012 59.2330865361 -2
1405 51.0835190361 56.2714322093 -1.5
1406 51.4195948192 56.6416390002 -1.5
1407 51.7556706024 57.011845791 -1.5
1408 52.0917463855 57.3820525819 -1.5
1409 52.4278221686 57.7522593727 -1.5
1410 52.7638979518 58.1224661636 -1.5
1411 53.0999737349 58.4926729544 -1.5
1412 53.436049518 58.8628797453 -1.5
1413 53.7721253012 59.2330865361 -1.5
1414 51.0835190361 56.2714322093 -1
1415 51.4195948192 56.6416390002 -1
1416 51.7556706024 57.011845791 -1
1417 52.0917463855 57.3820525819 -1
1418 52.4278221686 57.7522593727 -1
1419 52.7638979518 58.1224661636 -1
1420 53.0999737349 58.4926729544 -1
1421 53.436049518 58.8628797453 -1
1422 53.7721253012 59.2330865361 -1
1423 51.0835190361 56.2714322093 -0.5
1424 51.4195948192 56.6416390002 -0.5
1425 51.7556706024 57.011845791 -0.5
1426 52.0917463855 57.3820525819 -0.5
1427 52.4278221686 57.7522593727 -0.5
1428 52.7638979518 58.1224661636 -0.5
1429 53.0999737349 58.4926729544 -0.5
1430 53.436049518 58.8628797453 -0.5
1431 53.7721253012 59.2330865361 -0.5
1432 51.0835190361 56.2714322093 0
1433 51.4195948192 56.6416390002 0
1434 51.7556706024 57.011845791 0
1435 52.0917463855 57.3820525819 0
1436 52.4278221686 57.7522593727 0
1437 52.7638979518 58.1224661636 0
1438 53.0999737349 58.4926729544 0
1439 53.436049518 58.8628797453 0
1440 53.7721253012 59.2330865361 0
1441 51.4436078669 55.9424276344 -15.53
1442 51.7820526555 56.3104699215 -15.53
1443 52.1204974441 56.6785122086 -15.53
1444 52.4589422327 57.0465544956 -15.53
1445 52.7973870213 57.4145967827 -15.53
1446 53.1358318099 57.7826390698 -15.53
1447 53.4742765985 58.1506813569 -15.53
1448 53.8127213871 58.5187236439 -15.53
1449 54.1511661757 58.886765931 -15.53
1450 51.4436078669 55.9424276344 -15.7997371154
1451 51.7820526555 56.3104699215 -15.7997371154
1452 52.1204974441 56.6785122086 -15.7997371154
1453 52.4589422327 57.0465544956 -15.7997371154
1454 52.7973870213 57.4145967827 -15.7997371154
1455 53.1358318099 57.7826390698 -15.7997371154
1456 53.4742765985 58.1506813569 -15.7997371154
1457 53.8127213871 58.5187236439 -15.7997371154
1458 54.1511661757 58.886765931 -15.7997371154
1459 51.4436078669 55.9424276344 -15.03
1460 51.7820526555 56.3104699215 -15.03
1461 52.1204974441 56.6785122086 -15.03
1462 52.4589422327 57.0465544956 -15.03
1463 52.7973870213 57.4145967827 -15.03
1464 53.1358318099 57.7826390698 -15.03
1465 53.4742765985 58.1506813569 -15.03
1466 53.8127213871 58.5187236439 -15.03
1467 54.1511661757 58.886765931 -15.03
1468 51.4436078669 55.9424276344 -14.5
1469 51.7820526555 56.3104699215 -14.5
1470 52.1204974441 56.6785122086 -14.5
1471 52.4589422327 57.0465544956 -14.5
1472 52.7973870213 57.4145967827 -14.5
1473 53.1358318099 57.7826390698 -14.5
1474 53.4742765985 58.1506813569 -14.5
1475 53.8127213871 58.5187236439 -14.5
1476 54.1511661757 58.886765931 -14.5
1477 51.4436078669 55.9424276344 -14
1478 51.7820526555 56.3104699215 -14
1479 52.1204974441 56.6785122086 -14
1480 52.4589422327 57.0465544956 -14
1481 52.7973870213 57.4145967827 -14
1482 53.1358318099 57.7826390698 -14
1483 53.4742765985 58.1506813569 -14
1484 53.8127213871 58.5187236439 -14
1485 54.1511661757 58.886765931 -14
1486 51.4436078669 55.9424276344 -13.5
1487 51.7820526555 56.3104699215 -13.5
1488 52.1204974441 56.6785122086 -13.5
1489 52.4589422327 57.0465544956 -13.5
1490 52.7973870213 57.4145967827 -13.5
1491 53.1358318099 57.7826390698 -13.5
1492 53.4742765985 58.1506813569 -13.5
1493 53.8127213871 58.5187236439 -13.5
1494 54.1511661757 58.886765931 -13.5
1495 51.4436078669 55.9424276344 -13
1496 51.7820526555 56.3104699215 -13
1497 52.1204974441 56.6785122086 -13
1498 52.4589422327 57.0465544956 -13
1499 52.7973870213 57.4145967827 -13
1500 53.1358318099 57.7826390698 -13
1501 53.4742765985 58.1506813569 -13
1502 53.8127213871 58.5187236439 -13
1503 54.1511661757 58.886765931 -13
1504 51.4436078669 55.9424276344 -12.5
1505 51.7820526555 56.3104699215 -12.5
1506 52.1204974441 56.6785122086 -12.5
1507 52.4589422327 57.0465544956 -12.5
1508 52.7973870213 57.4145967827 -12.5
1509 53.1358318099 57.7826390698 -12.5
1510 53.4742765985 58.1506813569 -12.5
1511 53.8127213871 58.5187236439 -12.5
1512 54.1511661757 58.886765931 -12.5
1513 51.4436078669 55.9424276344 -12
1514 51.7820526555 56.3104699215 -12
1515 52.1204974441 56.6785122086 -12
1516 52.4589422327 57.0465544956 -12
1517 52.7973870213 57.4145967827 -12
1518 53.1358318099 57.7826390698 -12
1519 53.4742765985 58.1506813569 -12
1520 53.8127213871 58.5187236439 -12
1521 54.1511661757 58.886765931 -12
1522 51.4436078669 55.9424276344 -11.5
1523 51.7820526555 56.3104699215 -11.5
1524 52.1204974441 56.6785122086 -11.5
1525 52.4589422327 57.0465544956 -11.5
1526 52.7973870213 57.4145967827 -11.5
1527 53.1358318099 57.7826390698 -11.5
1528 53.4742765985 58.1506813569 -11.5
1529 53.8127213871 58.5187236439 -11.5
1530 54.1511661757 58.886765931 -11.5
1531 51.4436078669 55.9424276344 -11
1532 51.7820526555 56.3104699215 -11
1533 52.1204974441 56.6785122086 -11
1534 52.4589422327 57.0465544956 -11
1535 52.7973870213 57.4145967827 -11
1536 53.1358318099 57.7826390698 -11
1537 53.4742765985 58.1506813569 -11
1538 53.8127213871 58.5187236439 -11
1539 54.1511661757 58.886765931 -11
1540 51.4436078669 55.9424276344 -10.5
1541 51.7820526555 56.3104699215 -10.5
1542 52.1204974441 56.6785122086 -10.5
1543 52.4589422327 57.0465544956 -10.5
1544 52.7973870213 57.4145967827 -10.5
1545 53.1358318099 57.7826390698 -10.5
1546 53.4742765985 58.1506813569 -10.5
1547 53.8127213871 58.5187236439 -10.5
1548 54.1511661757 58.886765931 -10.5
1549 51.4436078669 55.9424276344 -10
1550 51.7820526555 56.3104699215 -10
1551 52.1204974441 56.6785122086 -10
1552 52.4589422327 57.0465544956 -10
1553 52.7973870213 57.4145967827 -10
1554 53.1358318099 57.7826390698 -10
1555 53.4742765985 58.1506813569 -10
1556 53.8127213871 58.5187236439 -10
1557 54.1511661757 58.886765931 -10
1558 51.4436078669 55.9424276344 -9.5
1559 51.7820526555 56.3104699215 -9.5
1560 52.1204974441 56.6785122086 -9.5
1561 52.4589422327 57.0465544956 -9.5
1562 52.7973870213 57.4145967827 -9.5
1563 53.1358318099 57.7826390698 -9.5
1564 53.4742765985 58.1506813569 -9.5
1565 53.8127213871 58.5187236439 -9.5
1566 54.1511661757 58.886765931 -9.5
1567 51.4436078669 55.9424276344 -9
1568 51.7820526555 56.3104699215 -9
1569 52.1204974441 56.6785122086 -9
1570 52.4589422327 57.0465544956 -9
1571 52.7973870213 57.4145967827 -9
1572 53.1358318099 57.7826390698 -9
1573 53.4742765985 58.1506813569 -9
1574 53.8127213871 58.5187236439 -9
1575 54.1511661757 58.886765931 -9
1576 51.4436078669 55.9424276344 -8.5
1577 51.7820526555 56.3104699215 -8.5
1578 52.1204974441 56.6785122086 -8.5
1579 52.4589422327 57.0465544956 -8.5
1580 52.7973870213 57.4145967827 -8.5
1581 53.1358318099 57.7826390698 -8.5
1582 53.4742765985 58.1506813569 -8.5
1583 53.8127213871 58.5187236439 -8.5
1584 54.1511661757 58.886765931 -8.5
1585 51.4436078669 55.9424276344 -8
1586 51.7820526555 56.3104699215 -8
1587 52.1204974441 56.6785122086 -8
1588 52.4589422327 57.0465544956 -8
1589 52.7973870213 57.4145967827 -8
1590 53.1358318099 57.7826390698 -8
1591 53.4742765985 58.1506813569 -8
1592 53.8127213871 58.5187236439 -8
1593 54.1511661757 58.886765931 -8
1594 51.4436078669 55.9424276344 -7.5
1595 51.7820526555 56.3104699215 -7.5
1596 52.1204974441 56.6785122086 -7.5
1597 52.4589422327 57.0465544956 -7.5
1598 52.7973870213 57.4145967827 -7.5
1599 53.1358318099 57.7826390698 -7.5
1600 53.4742765985 58.1506813569 -7.5
1601 53.8127213871 58.5187236439 -7.5
1602 54.1511661757 58.886765931 -7.5
1603 51.4436078669 55.9424276344 -7
1604 51.7820526555 56.3104699215 -7
1605 52.1204974441 56.6785122086 -7
1606 52.4589422327 57.0465544956 -7
1607 52.7973870213 57.4145967827 -7
1608 53.1358318099 57.7826390698 -7
1609 53.4742765985 58.1506813569 -7
1610 53.8127213871 58.5187236439 -7
1611 54.1511661757 58.886765931 -7
1612 51.4436078669 55.9424276344 -6.5
1613 51.7820526555 56.3104699215 -6.5
1614 52.1204974441 56.6785122086 -6.5
1615 52.4589422327 57.0465544956 -6.5
1616 52.7973870213 57.4145967827 -6.5
1617 53.1358318099 57.7826390698 -6.5
1618 53.4742765985 58.1506813569 -6.5
1619 53.8127213871 58.5187236439 -6.5
1620 54.1511661757 58.886765931 -6.5
1621 51.4436078669 55.9424276344 -6
1622 51.7820526555 56.3104699215 -6
1623 52.1204974441 56.6785122086 -6
1624 52.4589422327 57.0465544956 -6
1625 52.7973870213 57.4145967827 -6
1626 53.1358318099 57.7826390698 -6
1627 53.4742765985 58.1506813569 -6
1628 53.8127213871 58.5187236439 -6
1629 54.1511661757 58.886765931 -6
1630 51.4436078669 55.9424276344 -5.5
1631 51.7820526555 56.3104699215 -5.5
1632 52.1204974441 56.6785122086 -5.5
1633 52.4589422327 57.0465544956 -5.5
1634 52.7973870213 57.4145967827 -5.5
1635 53.1358318099 57.7826390698 -5.5
1636 53.4742765985 58.1506813569 -5.5
1637 53.8127213871 58.5187236439 -5.5
1638 54.1511661757 58.886765931 -5.5
1639 51.4436078669 55.9424276344 -5
1640 51.7820526555 56.3104699215 -5
1641 52.1204974441 56.6785122086 -5
1642 52.4589422327 57.0465544956 -5
1643 52.7973870213 57.4145967827 -5
1644 53.1358318099 57.7826390698 -5
1645 53.4742765985 58.1506813569 -5
1646 53.8127213871 58.5187236439 -5
1647 54.1511661757 58.886765931 -5
1648 51.4436078669 55.9424276344 -4.5
1649 51.7820526555 56.3104699215 -4.5
1650 52.1204974441 56.6785122086 -4.5
1651 52.4589422327 57.0465544956 -4.5
1652 52.7973870213 57.4145967827 -4.5
1653 53.1358318099 57.7826390698 -4.5
1654 53.4742765985 58.1506813569 -4.5
1655 53.8127213871 58.5187236439 -4.5
1656 54.1511661757 58.886765931 -4.5
1657 51.4436078669 55.9424276344 -4
1658 51.7820526555 56.3104699215 -4
1659 52.1204974441 56.6785122086 -4
1660 52.4589422327 57.0465544956 -4
1661 52.7973870213 57.4145967827 -4
1662 53.1358318099 57.7826390698 -4
1663 53.4742765985 58.1506813569 -4
1664 53.8127213871 58.5187236439 -4
1665 54.1511661757 58.886765931 -4
1666 51.4436078669 55.9424276344 -3.5
1667 51.7820526555 56.3104699215 -3.5
1668 52.1204974441 56.6785122086 -3.5
1669 52.4589422327 57.0465544956 -3.5
1670 52.7973870213 57.4145967827 -3.5
1671 53.1358318099 57.7826390698 -3.5
1672 53.4742765985 58.1506813569 -3.5
1673 53.8127213871 58.5187236439 -3.5
1674 54.1511661757 58.886765931 -3.5
1675 51.4436078669 55.9424276344 -3
1676 51.7820526555 56.3104699215 -3
1677 52.1204974441 56.6785122086 -3
1678 52.4589422327 57.0465544956 -3
1679 52.7973870213 57.4145967827 -3
1680 53.1358318099 57.7826390698 -3
1681 53.4742765985 58.1506813569 -3
1682 53.8127213871 58.5187236439 -3
1683 54.1511661757 58.886765931 -3
1684 51.4436078669 55.9424276344 -2.5
1685 51.7820526555 56.3104699215 -2.5
1686 52.1204974441 56.6785122086 -2.5
1687 52.4589422327 57.0465544956 -2.5
1688 52.7973870213 57.4145967827 -2.5
1689 53.1358318099 57.7826390698 -2.5
1690 53.4742765985 58.1506813569 -2.5
1691 53.8127213871 58.5187236439 -2.5
1692 54.1511661757 58.886765931 -2.5
1693 51.4436078669 55.9424276344 -2
1694 51.7820526555 56.3104699215 -2
1695 52.1204974441 56.6785122086 -2
1696 52.4589422327 57.0465544956 -2
1697 52.7973870213 57.4145967827 -2
1698 53.1358318099 57.7826390698 -2
1699 53.4742765985 58.1506813569 -2
1700 53.8127213871 58.5187236439 -2
1701 54.1511661757 58.886765931 -2
1702 51.4436078669 55.9424276344 -1.5
1703 51.7820526555 56.3104699215 -1.5
1704 52.1204974441 56.6785122086 -1.5
1705 52.4589422327 57.0465544956 -1.5
1706 52.7973870213 57.4145967827 -1.5
1707 53.1358318099 57.7826390698 -1.5
1708 53.4742765985 58.1506813569 -1.5
1709 53.8127213871 58.5187236439 -1.5
1710 54.1511661757 58.886765931 -1.5
1711 51.4436078669 55.9424276344 -1
1712 51.7820526555 56.3104699215 -1
1713 52.1204974441 56.6785122086 -1
1714 52.4589422327 57.0465544956 -1
1715 52.7973870213 57.4145967827 -1
1716 53.1358318099 57.7826390698 -1
1717 53.4742765985 58.1506813569 -1
1718 53.8127213871 58.5187236439 -1
1719 54.1511661757 58.886765931 -1
1720 51.4436078669 55.9424276344 -0.5
1721 51.7820526555 56.3104699215 -0.5
1722 52.1204974441 56.6785122086 -0.5
1723 52.4589422327 57.0465544956 -0.5
1724 52.7973870213 57.4145967827 -0.5
1725 53.1358318099 57.7826390698 -0.5
1726 53.4742765985 58.1506813569 -0.5
1727 53.8127213871 58.5187236439 -0.5
1728 54.1511661757 58.886765931 -0.5
1729 51.4436078669 55.9424276344 0
1730 51.7820526555 56.3104699215 0
1731 52.1204974441 56.6785122086 0
1732 52.4589422327 57.0465544956 0
1733 52.7973870213 57.4145967827 0
1734 53.1358318099 57.7826390698 0
1735 53.4742765985 58.1506813569 0
1736 53.8127213871 58.5187236439 0
1737 54.1511661757 58.886765931 0
1738 51.8015777842 55.6111188439 -15.53
1739 52.142377638 55.9769814678 -15.53
1740 52.4831774919 56.3428440918 -15.53
1741 52.8239773457 56.7087067158 -15.53
1742 53.1647771996 57.0745693398 -15.53
1743 53.5055770534 57.4404319637 -15.53
1744 53.8463769073 57.8062945877 -15.53
1745 54.1871767611 58.1721572117 -15.53
1746 54.5279766149 58.5380198357 -15.53
1747 51.8015777842 55.6111188439 -15.9536284117
1748 52.142377638 55.9769814678 -15.9536284117
1749 52.4831774919 56.3428440918 -15.9536284117
1750 52.8239773457 56.7087067158 -15.9536284117
1751 53.1647771996 57.0745693398 -15.9536284117
1752 53.5055770534 57.4404319637 -15.9536284117
1753 53.8463769073 57.8062945877 -15.9536284117
1754 54.1871767611 58.1721572117 -15.9536284117
1755 54.5279766149 58.5380198357 -15.9536284117
1756 51.8015777842 55.6111188439 -15.03
1757 52.142377638 55.9769814678 -15.03
1758 52.4831774919 56.3428440918 -15.03
1759 52.8239773457 56.7087067158 -15.03
1760 53.1647771996 57.0745693398 -15.03
1761 53.5055770534 57.4404319637 -15.03
1762 53.8463769073 57.8062945877 -15.03
1763 54.1871767611 58.1721572117 -15.03
1764 54.5279766149 58.5380198357 -15.03
1765 51.8015777842 55.6111188439 -14.5
1766 52.142377638 55.9769814678 -14.5
1767 52.4831774919 56.3428440918 -14.5
1768 52.8239773457 56.7087067158 -14.5
1769 53.1647771996 57.0745693398 -14.5
1770 53.5055770534 57.4404319637 -14.5
1771 53.8463769073 57.8062945877 -14.5
1772 54.1871767611 58.1721572117 -14.5
1773 54.5279766149 58.5380198357 -14.5
1774 51.8015777842 55.6111188439 -14
1775 52.142377638 55.9769814678 -14
1776 52.4831774919 56.3428440918 -14
1777 52.8239773457 56.7087067158 -14
1778 53.1647771996 57.0745693398 -14
1779 53.5055770534 57.4404319637 -14
1780 53.8463769073 57.8062945877 -14
1781 54.1871767611 58.1721572117 -14
1782 54.5279766149 58.5380198357 -14
1783 51.8015777842 55.6111188439 -13.5
1784 52.142377638 55.9769814678 -13.5
1785 52.4831774919 56.3428440918 -13.5
1786 52.8239773457 56.7087067158 -13.5
1787 53.1647771996 57.0745693398 -13.5
1788 53.5055770534 57.4404319637 -13.5
1789 53.8463769073 57.8062945877 -13.5
1790 54.1871767611 58.1721572117 -13.5
1791 54.5279766149 58.5380198357 -13.5
1792 51.8015777842 55.6111188439 -13
1793 52.142377638 55.9769814678 -13
1794 52.4831774919 56.3428440918 -13
1795 52.8239773457 56.7087067158 -13
1796 53.1647771996 57.0745693398 -13
1797 53.5055770534 57.4404319637 -13
1798 53.8463769073 57.8062945877 -13
1799 54.1871767611 58.1721572117 -13
1800 54.5279766149 58.5380198357 -13
1801 51.8015777842 55.6111188439 -12.5
1802 52.142377638 55.9769814678 -12.5
1803 52.4831774919 56.3428440918 -12.5
1804 52.8239773457 56.7087067158 -12.5
1805 53.1647771996 57.0745693398 -12.5
1806 53.5055770534 57.4404319637 -12.5
1807 53.8463769073 57.8062945877 -12.5
1808 54.1871767611 58.1721572117 -12.5
1809 54.5279766149 58.5380198357 -12.5
1810 51.8015777842 55.6111188439 -12
1811 52.142377638 55.9769814678 -12
1812 52.4831774919 56.3428440918 -12
1813 52.8239773457 56.7087067158 -12
1814 53.1647771996 57.0745693398 -12
1815 53.5055770534 57.4404319637 -12
1816 53.8463769073 57.8062945877 -12
1817 54.1871767611 58.1721572117 -12
1818 54.5279766149 58.5380198357 -12
1819 51.8015777842 55.6111188439 -11.5
1820 52.142377638 55.9769814678 -11.5
1821 52.4831774919 56.3428440918 -11.5
1822 52.8239773457 56.7087067158 -11.5
1823 53.1647771996 57.0745693398 -11.5
1824 53.5055770534 57.4404319637 -11.5
1825 53.8463769073 57.8062945877 -11.5
1826 54.1871767611 58.1721572117 -11.5
1827 54.5279766149 58.5380198357 -11.5
1828 51.8015777842 55.6111188439 -11
1829 52.142377638 55.9769814678 -11
1830 52.4831774919 56.3428440918 -11
1831 52.8239773457 56.7087067158 -11
1832 53.1647771996 57.0745693398 -11
1833 53.5055770534 57.4404319637 -11
1834 53.8463769073 57.8062945877 -11
1835 54.1871767611 58.1721572117 -11
1836 54.5279766149 58.5380198357 -11
1837 51.8015777842 55.6111188439 -10.5
1838 52.142377638 55.9769814678 -10.5
1839 52.4831774919 56.3428440918 -10.5
1840 52.8239773457 56.7087067158 -10.5
1841 53.1647771996 57.0745693398 -10.5
1842 53.5055770534 57.4404319637 -10.5
1843 53.8463769073 57.8062945877 -10.5
1844 54.1871767611 58.1721572117 -10.5
1845 54.5279766149 58.5380198357 -10.5
1846 51.8015777842 55.6111188439 -10
1847 52.142377638 55.9769814678 -10
1848 52.4831774919 56.3428440918 -10
1849 52.8239773457 56.7087067158 -10
1850 53.1647771996 57.0745693398 -10
1851 53.5055770534 57.4404319637 -10
1852 53.8463769073 57.8062945877 -10
1853 54.1871767611 58.1721572117 -10
1854 54.5279766149 58.5380198357 -10
1855 51.8015777842 55.6111188439 -9.5
1856 52.142377638 55.9769814678 -9.5
1857 52.4831774919 56.3428440918 -9.5
1858 52.8239773457 56.7087067158 -9.5
1859 53.1647771996 57.0745693398 -9.5
1860 53.5055770534 57.4404319637 -9.5
1861 53.8463769073 57.8062945877 -9.5
1862 54.1871767611 58.1721572117 -9.5
1863 54.5279766149 58.5380198357 -9.5
1864 51.8015777842 55.6111188439 -9
1865 52.142377638 55.9769814678 -9
1866 52.4831774919 56.3428440918 -9
1867 52.8239773457 56.7087067158 -9
1868 53.1647771996 57.0745693398 -9
1869 53.5055770534 57.4404319637 -9
1870 53.8463769073 57.8062945877 -9
1871 54.1871767611 58.1721572117 -9
1872 54.5279766149 58.5380198357 -9
1873 51.8015777842 55.6111188439 -8.5
1874 52.142377638 55.9769814678 -8.5
1875 52.4831774919 56.3428440918 -8.5
1876 52.8239773457 56.7087067158 -8.5
1877 53.1647771996 57.0745693398 -8.5
1878 53.5055770534 57.4404319637 -8.5
1879 53.8463769073 57.8062945877 -8.5
1880 54.1871767611 58.1721572117 -8.5
1881 54.5279766149 58.5380198357 -8.5
1882 51.8015777842 55.6111188439 -8
1883 52.142377638 55.9769814678 -8
1884 52.4831774919 56.3428440918 -8
1885 52.8239773457 56.7087067158 -8
1886 53.1647771996 57.0745693398 -8
1887 53.5055770534 57.4404319637 -8
1888 53.8463769073 57.8062945877 -8
1889 54.1871767611 58.1721572117 -8
1890 54.5279766149 58.5380198357 -8
1891 51.8015777842 55.6111188439 -7.5
1892 52.142377638 55.9769814678 -7.5
1893 52.4831774919 56.3428440918 -7.5
1894 52.8239773457 56.7087067158 -7.5
1895 53.1647771996 57.0745693398 -7.5
1896 53.5055770534 57.4404319637 -7.5
1897 53.8463769073 57.8062945877 -7.5
1898 54.1871767611 58.1721572117 -7.5
1899 54.5279766149 58.5380198357 -7.5
1900 51.8015777842 55.6111188439 -7
1901 52.142377638 55.9769814678 -7
1902 52.4831774919 56.3428440918 -7
1903 52.8239773457 56.7087067158 -7
1904 53.1647771996 57.0745693398 -7
1905 53.5055770534 57.4404319637 -7
1906 53.8463769073 57.8062945877 -7
1907 54.1871767611 58.1721572117 -7
1908 54.5279766149 58.5380198357 -7
1909 51.8015777842 55.6111188439 -6.5
1910 52.142377638 55.9769814678 -6.5
1911 52.4831774919 56.3428440918 -6.5
1912 52.8239773457 56.7087067158 -6.5
1913 53.1647771996 57.0745693398 -6.5
1914 53.5055770534 57.4404319637 -6.5
1915 53.8463769073 57.8062945877 -6.5
1916 54.1871767611 58.1721572117 -6.5
1917 54.5279766149 58.5380198357 -6.5
1918 51.8015777842 55.6111188439 -6
1919 52.142377638 55.9769814678 -6
1920 52.4831774919 56.3428440918 -6
1921 52.8239773457 56.7087067158 -6
1922 53.1647771996 57.0745693398 -6
1923 53.5055770534 57.4404319637 -6
1924 53.8463769073 57.8062945877 -6
1925 54.1871767611 58.1721572117 -6
1926 54.5279766149 58.5380198357 -6
1927 51.8015777842 55.6111188439 -5.5
1928 52.142377638 55.9769814678 -5.5
1929 52.4831774919 56.3428440918 -5.5
1930 52.8239773457 56.7087067158 -5.5
1931 53.1647771996 57.0745693398 -5.5
1932 53.5055770534 57.4404319637 -5.5
1933 53.8463769073 57.8062945877 -5.5
1934 54.1871767611 58.1721572117 -5.5
1935 54.5279766149 58.5380198357 -5.5
1936 51.8015777842 55.6111188439 -5
1937 52.142377638 55.9769814678 -5
1938 52.4831774919 56.3428440918 -5
1939 52.8239773457 56.7087067158 -5
1940 53.1647771996 57.0745693398 -5
1941 53.5055770534 57.4404319637 -5
1942 53.8463769073 57.8062945877 -5
1943 54.1871767611 58.1721572117 -5
1944 54.5279766149 58.5380198357 -5
1945 51.8015777842 55.6111188439 -4.5
1946 52.142377638 55.9769814678 -4.5
1947 52.4831774919 56.3428440918 -4.5
1948 52.8239773457 56.7087067158 -4.5
1949 53.1647771996 57.0745693398 -4.5
1950 53.5055770534 57.4404319637 -4.5
1951 53.8463769073 57.8062945877 -4.5
1952 54.1871767611 58.1721572117 -4.5
1953 54.5279766149 58.5380198357 -4.5
1954 51.8015777842 55.6111188439 -4
1955 52.142377638 55.9769814678 -4
1956 52.4831774919 56.3428440918 -4
1957 52.8239773457 56.7087067158 -4
1958 53.1647771996 57.0745693398 -4
1959 53.5055770534 57.4404319637 -4
1960 53.8463769073 57.8062945877 -4
1961 54.1871767611 58.1721572117 -4
1962 54.5279766149 58.5380198357 -4
1963 51.8015777842 55.6111188439 -3.5
1964 52.142377638 55.9769814678 -3.5
1965 52.4831774919 56.3428440918 -3.5
1966 52.8239773457 56.7087067158 -3.5
1967 53.1647771996 57.0745693398 -3.5
1968 53.5055770534 57.4404319637 -3.5
1969 53.8463769073 57.8062945877 -3.5
1970 54.1871767611 58.1721572117 -3.5
1971 54.5279766149 58.5380198357 -3.5
1972 51.8015777842 55.6111188439 -3
1973 52.142377638 55.9769814678 -3
1974 52.4831774919 56.3428440918 -3
1975 52.8239773457 56.7087067158 -3
1976 53.1647771996 57.0745693398 -3
1977 53.5055770534 57.4404319637 -3
1978 53.8463769073 57.8062945877 -3
1979 54.1871767611 58.1721572117 -3
1980 54.5279766149 58.5380198357 -3
1981 51.8015777842 55.6111188439 -2.5
1982 52.142377638 55.9769814678 -2.5
1983 52.4831774919 56.3428440918 -2.5
1984 52.8239773457 56.7087067158 -2.5
1985 53.1647771996 57.0745693398 -2.5
1986 53.5055770534 57.4404319637 -2.5
1987 53.8463769073 57.8062945877 -2.5
1988 54.1871767611 58.1721572117 -2.5
1989 54.5279766149 58.5380198357 -2.5
1990 51.8015777842 55.6111188439 -2
1991 52.142377638 55.9769814678 -2
1992 52.4831774919 56.3428440918 -2
1993 52.8239773457 56.7087067158 -2
1994 53.1647771996 57.0745693398 -2
1995 53.5055770534 57.4404319637 -2
1996 53.8463769073 57.8062945877 -2
1997 54.1871767611 58.1721572117 -2
1998 54.5279766149 58.5380198357 -2
1999 51.8015777842 55.6111188439 -1.5
2000 52.142377638 55.9769814678 -1.5
2001 52.4831774919 56.3428440918 -1.5
2002 52.8239773457 56.7087067158 -1.5
2003 53.1647771996 57.0745693398 -1.5
2004 53.5055770534 57.4404319637 -1.5
2005 53.8463769073 57.8062945877 -1.5
2006 54.1871767611 58.1721572117 -1.5
2007 54.5279766149 58.5380198357 -1.5
2008 51.8015777842 55.6111188439 -1
2009 52.142377638 55.9769814678 -1
2010 52.4831774919 56.3428440918 -1
2011 52.8239773457 56.7087067158 -1
2012 53.1647771996 57.0745693398 -1
2013 53.5055770534 57.4404319637 -1
2014 53.8463769073 57.8062945877 -1
2015 54.1871767611 58.1721572117 -1
2016 54.5279766149 58.5380198357 -1
2017 51.8015777842 55.6111188439 -0.5
2018 52.142377638 55.9769814678 -0.5
2019 52.4831774919 56.3428440918 -0.5
2020 52.8239773457 56.7087067158 -0.5
2021 53.1647771996 57.0745693398 -0.5
2022 53.5055770534 57.4404319637 -0.5
2023 53.8463769073 57.8062945877 -0.5
2024 54.1871767611 58.1721572117 -0.5
2025 54.5279766149 58.5380198357 -0.5
2026 51.8015777842 55.6111188439 0
2027 52.142377638 55.9769814678 0
2028 52.4831774919 56.3428440918 0
2029 52.8239773457 56.7087067158 0
2030 53.1647771996 57.0745693398 0
2031 53.5055770534 57.4404319637 0
2032 53.8463769073 57.8062945877 0
2033 54.1871767611 58.1721572117 0
2034 54.5279766149 58.5380198357 0
2035 52.1574140435 55.2775194839 -15.53
2036 52.5005549254 55.6411873753 -15.53
2037 52.8436958072 56.0048552666 -15.53
2038 53.1868366891 56.368523158 -15.53
2039 53.5299775709 56.7321910493 -15.53
2040 53.8731184528 57.0958589406 -15.53
2041 54.2162593347 57.459526832 -15.53
2042 54.5594002165 57.8231947233 -15.53
2043 54.9025410984 58.1868626147 -15.53
2044 52.1574140435 55.2775194839 -16.03
2045 52.5005549254 55.6411873753 -16.03
2046 52.8436958072 56.0048552666 -16.03
2047 53.1868366891 56.368523158 -16.03
2048 53.5299775709 56.7321910493 -16.03
2049 53.8731184528 57.0958589406 -16.03
2050 54.2162593347 57.459526832 -16.03
2051 54.5594002165 57.8231947233 -16.03
2052 54.9025410984 58.1868626147 -16.03
2053 52.1574140435 55.2775194839 -16.1074943906
2054 52.5005549254 55.6411873753 -16.1074943906
2055 52.8436958072 56.0048552666 -16.1074943906
2056 53.1868366891 56.368523158 -16.1074943906
2057 53.5299775709 56.7321910493 -16.1074943906
2058 53.8731184528 57.0958589406 -16.1074943906
2059 54.2162593347 57.459526832 -16.1074943906
2060 54.5594002165 57.8231947233 -16.1074943906
2061 54.9025410984 58.1868626147 -16.1074943906
2062 52.1574140435 55.2775194839 -15.03
2063 52.5005549254 55.6411873753 -15.03
2064 52.8436958072 56.0048552666 -15.03
2065 53.1868366891 56.368523158 -15.03
2066 53.5299775709 56.7321910493 -15.03
2067 53.8731184528 57.0958589406 -15.03
2068 54.2162593347 57.459526832 -15.03
2069 54.5594002165 57.8231947233 -15.03
2070 54.9025410984 58.1868626147 -15.03
2071 52.1574140435 55.2775194839 -14.5
2072 52.5005549254 55.6411873753 -14.5
2073 52.8436958072 56.0048552666 -14.5
2074 53.1868366891 56.368523158 -14.5
2075 53.5299775709 56.7321910493 -14.5
2076 53.8731184528 57.0958589406 -14.5
2077 54.2162593347 57.459526832 -14.5
2078 54.5594002165 57.8231947233 -14.5
2079 54.9025410984 58.1868626147 -14.5
2080 52.1574140435 55.2775194839 -14
2081 52.5005549254 55.6411873753 -14
2082 52.8436958072 56.0048552666 -14
2083 53.1868366891 56.368523158 -14
2084 53.5299775709 56.7321910493 -14
2085 53.8731184528 57.0958589406 -14
2086 54.2162593347 57.459526832 -14
2087 54.5594002165 57.8231947233 -14
2088 54.9025410984 58.1868626147 -14
2089 52.1574140435 55.2775194839 -13.5
2090 52.5005549254 55.6411873753 -13.5
2091 52.8436958072 56.0048552666 -13.5
2092 53.1868366891 56.368523158 -13.5
2093 53.5299775709 56.7321910493 -13.5
2094 53.8731184528 57.0958589406 -13.5
2095 54.2162593347 57.459526832 -13.5
2096 54.5594002165 57.8231947233 -13.5
2097 54.9025410984 58.1868626147 -13.5
2098 52.1574140435 55.2775194839 -13
2099 52.5005549254 55.6411873753 -13
2100 52.8436958072 56.0048552666 -13
2101 53.1868366891 56.368523158 -13
2102 53.5299775709 56.7321910493 -13
2103 53.8731184528 57.0958589406 -13
2104 54.2162593347 57.459526832 -13
2105 54.5594002165 57.8231947233 -13
2106 54.9025410984 58.1868626147 -13
2107 52.1574140435 55.2775194839 -12.5
2108 52.5005549254 55.6411873753 -12.5
2109 52.8436958072 56.0048552666 -12.5
2110 53.1868366891 56.368523158 -12.5
2111 53.5299775709 56.7321910493 -12.5
2112 53.8731184528 57.0958589406 -12.5
2113 54.2162593347 57.459526832 -12.5
2114 54.5594002165 57.8231947233 -12.5
2115 54.9025410984 58.1868626147 -12.5
2116 52.1574140435 55.2775194839 -12
2117 52.5005549254 55.6411873753 -12
2118 52.8436958072 56.0048552666 -12
2119 53.1868366891 56.368523158 -12
2120 53.5299775709 56.7321910493 -12
2121 53.8731184528 57.0958589406 -12
2122 54.2162593347 57.459526832 -12
2123 54.5594002165 57.8231947233 -12
2124 54.9025410984 58.1868626147 -12
2125 52.1574140435 55.2775194839 -11.5
2126 52.5005549254 55.6411873753 -11.5
2127 52.8436958072 56.0048552666 -11.5
2128 53.1868366891 56.368523158 -11.5
2129 53.5299775709 56.7321910493 -11.5
2130 53.8731184528 57.0958589406 -11.5
2131 54.2162593347 57.459526832 -11.5
2132 54.5594002165 57.8231947233 -11.5
2133 54.9025410984 58.1868626147 -11.5
2134 52.1574140435 55.2775194839 -11
2135 52.5005549254 55.6411873753 -11
2136 52.8436958072 56.0048552666 -11
2137 53.1868366891 56.368523158 -11
2138 53.5299775709 56.7321910493 -11
2139 53.8731184528 57.0958589406 -11
2140 54.2162593347 57.459526832 -11
2141 54.5594002165 57.8231947233 -11
2142 54.9025410984 58.1868626147 -11
2143 52.1574140435 55.2775194839 -10.5
2144 52.5005549254 55.6411873753 -10.5
2145 52.8436958072 56.0048552666 -10.5
2146 53.1868366891 56.368523158 -10.5
2147 53.5299775709 56.7321910493 -10.5
2148 53.8731184528 57.0958589406 -10.5
2149 54.2162593347 57.459526832 -10.5
2150 54.5594002165 57.8231947233 -10.5
2151 54.9025410984 58.1868626147 -10.5
2152 52.1574140435 55.2775194839 -10
2153 52.5005549254 55.6411873753 -10
2154 52.8436958072 56.0048552666 -10
2155 53.1868366891 56.368523158 -10
2156 53.5299775709 56.7321910493 -10
2157 53.8731184528 57.0958589406 -10
2158 54.2162593347 57.459526832 -10
2159 54.5594002165 57.8231947233 -10
2160 54.9025410984 58.1868626147 -10
2161 52.1574140435 55.2775194839 -9.5
2162 52.5005549254 55.6411873753 -9.5
2163 52.8436958072 56.0048552666 -9.5
2164 53.1868366891 56.368523158 -9.5
2165 53.5299775709 56.7321910493 -9.5
2166 53.8731184528 57.0958589406 -9.5
2167 54.2162593347 57.459526832 -9.5
2168 54.5594002165 57.8231947233 -9.5
2169 54.9025410984 58.1868626147 -9.5
2170 52.1574140435 55.2775194839 -9
2171 52.5005549254 55.6411873753 -9
2172 52.8436958072 56.0048552666 -9
2173 53.1868366891 56.368523158 -9
2174 53.5299775709 56.7321910493 -9
2175 53.8731184528 57.0958589406 -9
2176 54.2162593347 57.459526832 -9
2177 54.5594002165 57.8231947233 -9
2178 54.9025410984 58.1868626147 -9
2179 52.1574140435 55.2775194839 -8.5
2180 52.5005549254 55.6411873753 -8.5
2181 52.8436958072 56.0048552666 -8.5
2182 53.1868366891 56.368523158 -8.5
2183 53.5299775709 56.7321910493 -8.5
2184 53.8731184528 57.0958589406 -8.5
2185 54.2162593347 57.459526832 -8.5
2186 54.5594002165 57.8231947233 -8.5
2187 54.9025410984 58.1868626147 -8.5
2188 52.1574140435 55.2775194839 -8
2189 52.5005549254 55.6411873753 -8
2190 52.8436958072 56.0048552666 -8
2191 53.1868366891 56.368523158 -8
2192 53.5299775709 56.7321910493 -8
2193 53.8731184528 57.0958589406 -8
2194 54.2162593347 57.459526832 -8
2195 54.5594002165 57.8231947233 -8
2196 54.9025410984 58.1868626147 -8
2197 52.1574140435 55.2775194839 -7.5
2198 52.5005549254 55.6411873753 -7.5
2199 52.8436958072 56.0048552666 -7.5
2200 53.1868366891 56.368523158 -7.5
2201 53.5299775709 56.7321910493 -7.5
2202 53.8731184528 57.0958589406 -7.5
2203 54.2162593347 57.459526832 -7.5
2204 54.5594002165 57.8231947233 -7.5
2205 54.9025410984 58.1868626147 -7.5
2206 52.1574140435 55.2775194839 -7
2207 52.5005549254 55.6411873753 -7
2208 52.8436958072 56.0048552666 -7
2209 53.1868366891 56.368523158 -7
2210 53.5299775709 56.7321910493 -7
2211 53.8731184528 57.0958589406 -7
2212 54.2162593347 57.459526832 -7
2213 54.5594002165 57.8231947233 -7
2214 54.9025410984 58.1868626147 -7
2215 52.1574140435 55.2775194839 -6.5
2216 52.5005549254 55.6411873753 -6.5
2217 52.8436958072 56.0048552666 -6.5
2218 53.1868366891 56.368523158 -6.5
2219 53.5299775709 56.7321910493 -6.5
2220 53.8731184528 57.0958589406 -6.5
2221 54.2162593347 57.459526832 -6.5
2222 54.5594002165 57.8231947233 -6.5
2223 54.9025410984 58.1868626147 -6.5
2224 52.1574140435 55.2775194839 -6
2225 52.5005549254 55.6411873753 -6
2226 52.8436958072 56.0048552666 -6
2227 53.1868366891 56.368523158 -6
2228 53.5299775709 56.7321910493 -6
2229 53.8731184528 57.0958589406 -6
2230 54.2162593347 57.459526832 -6
2231 54.5594002165 57.8231947233 -6
2232 54.9025410984 58.1868626147 -6
2233 52.1574140435 55.2775194839 -5.5
2234 52.5005549254 55.6411873753 -5.5
2235 52.8436958072 56.0048552666 -5.5
2236 53.1868366891 56.368523158 -5.5
2237 53.5299775709 56.7321910493 -5.5
2238 53.8731184528 57.0958589406 -5.5
2239 54.2162593347 57.459526832 -5.5
2240 54.5594002165 57.8231947233 -5.5
2241 54.9025410984 58.1868626147 -5.5
2242 52.1574140435 55.2775194839 -5
2243 52.5005549254 55.6411873753 -5
2244 52.8436958072 56.0048552666 -5
2245 53.1868366891 56.368523158 -5
2246 53.5299775709 56.7321910493 -5
2247 53.8731184528 57.0958589406 -5
2248 54.2162593347 57.459526832 -5
2249 54.5594002165 57.8231947233 -5
2250 54.9025410984 58.1868626147 -5
2251 52.1574140435 55.2775194839 -4.5
2252 52.5005549254 55.6411873753 -4.5
2253 52.8436958072 56.0048552666 -4.5
2254 53.1868366891 56.368523158 -4.5
2255 53.5299775709 56.7321910493 -4.5
2256 53.8731184528 57.0958589406 -4.5
2257 54.2162593347 57.459526832 -4.5
2258 54.5594002165 57.8231947233 -4.5
2259 54.9025410984 58.1868626147 -4.5
2260 52.1574140435 55.2775194839 -4
2261 52.5005549254 55.6411873753 -4
2262 52.8436958072 56.0048552666 -4
2263 53.1868366891 56.368523158 -4
2264 53.5299775709 56.7321910493 -4
2265 53.8731184528 57.0958589406 -4
2266 54.2162593347 57.459526832 -4
2267 54.5594002165 57.8231947233 -4
2268 54.9025410984 58.1868626147 -4
2269 52.1574140435 55.2775194839 -3.5
2270 52.5005549254 55.6411873753 -3.5
2271 52.8436958072 56.0048552666 -3.5
2272 53.1868366891 56.368523158 -3.5
2273 53.5299775709 56.7321910493 -3.5
2274 53.8731184528 57.0958589406 -3.5
2275 54.2162593347 57.459526832 -3.5
2276 54.5594002165 57.8231947233 -3.5
2277 54.9025410984 58.1868626147 -3.5
2278 52.1574140435 55.2775194839 -3
2279 52.5005549254 55.6411873753 -3
2280 52.8436958072 56.0048552666 -3
2281 53.1868366891 56.368523158 -3
2282 53.5299775709 56.7321910493 -3
2283 53.8731184528 57.0958589406 -3
2284 54.2162593347 57.459526832 -3
2285 54.5594002165 57.8231947233 -3
2286 54.9025410984 58.1868626147 -3
2287 52.1574140435 55.2775194839 -2.5
2288 52.5005549254 55.6411873753 -2.5
2289 52.8436958072 56.0048552666 -2.5
2290 53.1868366891 56.368523158 -2.5
2291 53.5299775709 56.7321910493 -2.5
2292 53.8731184528 57.0958589406 -2.5
2293 54.2162593347 57.459526832 -2.5
2294 54.5594002165 57.8231947233 -2.5
2295 54.9025410984 58.1868626147 -2.5
2296 52.1574140435 55.2775194839 -2
2297 52.5005549254 55.6411873753 -2
2298 52.8436958072 56.0048552666 -2
2299 53.1868366891 56.368523158 -2
2300 53.5299775709 56.7321910493 -2
2301 53.8731184528 57.0958589406 -2
2302 54.2162593347 57.459526832 -2
2303 54.5594002165 57.8231947233 -2
2304 54.9025410984 58.1868626147 -2
2305 52.1574140435 55.2775194839 -1.5
2306 52.5005549254 55.6411873753 -1.5
2307 52.8436958072 56.0048552666 -1.5
2308 53.1868366891 56.368523158 -1.5
2309 53.5299775709 56.7321910493 -1.5
2310 53.8731184528 57.0958589406 -1.5
2311 54.2162593347 57.459526832 -1.5
2312 54.5594002165 57.8231947233 -1.5
2313 54.9025410984 58.1868626147 -1.5
2314 52.1574140435 55.2775194839 -1
2315 52.5005549254 55.6411873753 -1
2316 52.8436958072 56.0048552666 -1
2317 53.1868366891 56.368523158 -1
2318 53.5299775709 56.7321910493 -1
2319 53.8731184528 57.0958589406 -1
2320 54.2162593347 57.459526832 -1
2321 54.5594002165 57.8231947233 -1
2322 54.9025410984 58.1868626147 -1
2323 52.1574140435 55.2775194839 -0.5
2324 52.5005549254 55.6411873753 -0.5
2325 52.8436958072 56.0048552666 -0.5
2326 53.1868366891 56.368523158 -0.5
2327 53.5299775709 56.7321910493 -0.5
2328 53.8731184528 57.0958589406 -0.5
2329 54.2162593347 57.459526832 -0.5
2330 54.5594002165 57.8231947233 -0.5
2331 54.9025410984 58.1868626147 -0.5
2332 52.1574140435 55.2775194839 0
2333 52.5005549254 55.6411873753 0
2334 52.8436958072 56.0048552666 0
2335 53.1868366891 56.368523158 0
2336 53.5299775709 56.7321910493 0
2337 53.8731184528 57.0958589406 0
2338 54.2162593347 57.459526832 0
2339 54.5594002165 57.8231947233 0
2340 54.9025410984 58.1868626147 0
2341 52.5111019882 54.9416432952 -16.03
2342 52.8565697645 55.3031014748 -16.03
2343 53.2020375407 55.6645596544 -16.03
2344 53.5475053169 56.026017834 -16.03
2345 53.8929730932 56.3874760135 -16.03
2346 54.2384408694 56.7489341931 -16.03
2347 54.5839086457 57.1103923727 -16.03
2348 54.9293764219 57.4718505523 -16.03
2349 55.2748441981 57.8333087318 -16.03
2350 52.5111019882 54.9416432952 -16.2613322201
2351 52.8565697645 55.3031014748 -16.2613322201
2352 53.2020375407 55.6645596544 -16.2613322201
2353 53.5475053169 56.026017834 -16.2613322201
2354 53.8929730932 56.3874760135 -16.2613322201
2355 54.2384408694 56.7489341931 -16.2613322201
2356 54.5839086457 57.1103923727 -16.2613322201
2357 54.9293764219 57.4718505523 -16.2613322201
2358 55.2748441981 57.8333087318 -16.2613322201
2359 52.5111019882 54.9416432952 -15.53
2360 52.8565697645 55.3031014748 -15.53
2361 53.2020375407 55.6645596544 -15.53
2362 53.5475053169 56.026017834 -15.53
2363 53.8929730932 56.3874760135 -15.53
2364 54.2384408694 56.7489341931 -15.53
2365 54.5839086457 57.1103923727 -15.53
2366 54.9293764219 57.4718505523 -15.53
2367 55.2748441981 57.8333087318 -15.53
2368 52.5111019882 54.9416432952 -15.03
2369 52.8565697645 55.3031014748 -15.03
2370 53.2020375407 55.6645596544 -15.03
2371 53.5475053169 56.026017834 -15.03
2372 53.8929730932 56.3874760135 -15.03
2373 54.2384408694 56.7489341931 -15.03
2374 54.5839086457 57.1103923727 -15.03
2375 54.9293764219 57.4718505523 -15.03
2376 55.2748441981 57.8333087318 -15.03
2377 52.5111019882 54.9416432952 -14.5
2378 52.8565697645 55.3031014748 -14.5
2379 53.2020375407 55.6645596544 -14.5
2380 53.5475053169 56.026017834 -14.5
2381 53.8929730932 56.3874760135 -14.5
2382 54.2384408694 56.7489341931 -14.5
2383 54.5839086457 57.1103923727 -14.5
2384 54.9293764219 57.4718505523 -14.5
2385 55.2748441981 57.8333087318 -14.5
2386 52.5111019882 54.9416432952 -14
2387 52.8565697645 55.3031014748 -14
2388 53.2020375407 55.6645596544 -14
2389 53.5475053169 56.026017834 -14
2390 53.8929730932 56.3874760135 -14
2391 54.2384408694 56.7489341931 -14
2392 54.5839086457 57.1103923727 -14
2393 54.9293764219 57.4718505523 -14
2394 55.2748441981 57.8333087318 -14
2395 52.5111019882 54.9416432952 -13.5
2396 52.8565697645 55.3031014748 -13.5
2397 53.2020375407 55.6645596544 -13.5
2398 53.5475053169 56.026017834 -13.5
2399 53.8929730932 56.3874760135 -13.5
2400 54.2384408694 56.7489341931 -13.5
2401 54.5839086457 57.1103923727 -13.5
2402 54.9293764219 57.4718505523 -13.5
2403 55.2748441981 57.8333087318 -13.5
2404 52.5111019882 54.9416432952 -13
2405 52.8565697645 55.3031014748 -13
2406 53.2020375407 55.6645596544 -13
2407 53.5475053169 56.026017834 -13
2408 53.8929730932 56.3874760135 -13
2409 54.2384408694 56.7489341931 -13
2410 54.5839086457 57.1103923727 -13
2411 54.9293764219 57.4718505523 -13
2412 55.2748441981 57.8333087318 -13
2413 52.5111019882 54.9416432952 -12.5
2414 52.8565697645 55.3031014748 -12.5
2415 53.2020375407 55.6645596544 -12.5
2416 53.5475053169 56.026017834 -12.5
2417 53.8929730932 56.3874760135 -12.5
2418 54.2384408694 56.7489341931 -12.5
2419 54.5839086457 57.1103923727 -12.5
2420 54.9293764219 57.4718505523 -12.5
2421 55.2748441981 57.8333087318 -12.5
2422 52.5111019882 54.9416432952 -12
2423 52.8565697645 55.3031014748 -12
2424 53.2020375407 55.6645596544 -12
2425 53.5475053169 56.026017834 -12
2426 53.8929730932 56.3874760135 -12
2427 54.2384408694 56.7489341931 -12
2428 54.5839086457 57.1103923727 -12
2429 54.9293764219 57.4718505523 -12
2430 55.2748441981 57.8333087318 -12
2431 52.5111019882 54.9416432952 -11.5
2432 52.8565697645 55.3031014748 -11.5
2433 53.2020375407 55.6645596544 -11.5
2434 53.5475053169 56.026017834 -11.5
2435 53.8929730932 56.3874760135 -11.5
2436 54.2384408694 56.7489341931 -11.5
2437 54.5839086457 57.1103923727 -11.5
2438 54.9293764219 57.4718505523 -11.5
2439 55.2748441981 57.8333087318 -11.5
2440 52.5111019882 54.9416432952 -11
2441 52.8565697645 55.3031014748 -11
2442 53.2020375407 55.6645596544 -11
2443 53.5475053169 56.026017834 -11
2444 53.8929730932 56.3874760135 -11
2445 54.2384408694 56.7489341931 -11
2446 54.5839086457 57.1103923727 -11
2447 54.9293764219 57.4718505523 -11
2448 55.2748441981 57.8333087318 -11
2449 52.5111019882 54.9416432952 -10.5
2450 52.8565697645 55.3031014748 -10.5
2451 53.2020375407 55.6645596544 -10.5
2452 53.5475053169 56.026017834 -10.5
2453 53.8929730932 56.3874760135 -10.5
2454 54.2384408694 56.7489341931 -10.5
2455 54.5839086457 57.1103923727 -10.5
2456 54.9293764219 57.4718505523 -10.5
2457 55.2748441981 57.8333087318 -10.5
2458 52.5111019882 54.9416432952 -10
2459 52.8565697645 55.3031014748 -10
2460 53.2020375407 55.6645596544 -10
2461 53.5475053169 56.026017834 -10
2462 53.8929730932 56.3874760135 -10
2463 54.2384408694 56.7489341931 -10
2464 54.5839086457 57.1103923727 -10
2465 54.9293764219 57.4718505523 -10
2466 55.2748441981 57.8333087318 -10
2467 52.5111019882 54.9416432952 -9.5
2468 52.8565697645 55.3031014748 -9.5
2469 53.2020375407 55.6645596544 -9.5
2470 53.5475053169 56.026017834 -9.5
2471 53.8929730932 56.3874760135 -9.5
2472 54.2384408694 56.7489341931 -9.5
2473 54.5839086457 57.1103923727 -9.5
2474 54.9293764219 57.4718505523 -9.5
2475 55.2748441981 57.8333087318 -9.5
2476 52.5111019882 54.9416432952 -9
2477 52.8565697645 55.3031014748 -9
2478 53.2020375407 55.6645596544 -9
2479 53.5475053169 56.026017834 -9
2480 53.8929730932 56.3874760135 -9
2481 54.2384408694 56.7489341931 -9
2482 54.5839086457 57.1103923727 -9
2483 54.9293764219 57.4718505523 -9
2484 55.2748441981 57.8333087318 -9
2485 52.5111019882 54.9416432952 -8.5
2486 52.8565697645 55.3031014748 -8.5
2487 53.2020375407 55.6645596544 -8.5
2488 53.5475053169 56.026017834 -8.5
2489 53.8929730932 56.3874760135 -8.5
2490 54.2384408694 56.7489341931 -8.5
2491 54.5839086457 57.1103923727 -8.5
2492 54.9293764219 57.4718505523 -8.5
2493 55.2748441981 57.8333087318 -8.5
2494 52.5111019882 54.9416432952 -8
2495 52.8565697645 55.3031014748 -8
2496 53.2020375407 55.6645596544 -8
2497 53.5475053169 56.026017834 -8
2498 53.8929730932 56.3874760135 -8
2499 54.2384408694 56.7489341931 -8
2500 54.5839086457 57.1103923727 -8
2501 54.9293764219 57.4718505523 -8
2502 55.2748441981 57.8333087318 -8
2503 52.5111019882 54.9416432952 -7.5
2504 52.8565697645 55.3031014748 -7.5
2505 53.2020375407 55.6645596544 -7.5
2506 53.5475053169 56.026017834 -7.5
2507 53.8929730932 56.3874760135 -7.5
2508 54.2384408694 56.7489341931 -7.5
2509 54.5839086457 57.1103923727 -7.5
2510 54.9293764219 57.4718505523 -7.5
2511 55.2748441981 57.8333087318 -7.5
2512 52.5111019882 54.9416432952 -7
2513 52.8565697645 55.3031014748 -7
2514 53.2020375407 55.6645596544 -7
2515 53.5475053169 56.026017834 -7
2516 53.8929730932 56.3874760135 -7
2517 54.2384408694 56.7489341931 -7
2518 54.5839086457 57.1103923727 -7
2519 54.9293764219 57.4718505523 -7
2520 55.2748441981 57.8333087318 -7
2521 52.5111019882 54.9416432952 -6.5
2522 52.8565697645 55.3031014748 -6.5
2523 53.2020375407 55.6645596544 -6.5
2524 53.5475053169 56.026017834 -6.5
2525 53.8929730932 56.3874760135 -6.5
2526 54.2384408694 56.7489341931 -6.5
2527 54.5839086457 57.1103923727 -6.5
2528 54.9293764219 57.4718505523 -6.5
2529 55.2748441981 57.8333087318 -6.5
2530 52.5111019882 54.9416432952 -6
2531 52.8565697645 55.3031014748 -6
2532 53.2020375407 55.6645596544 -6
2533 53.5475053169 56.026017834 -6
2534 53.8929730932 56.3874760135 -6
2535 54.2384408694 56.7489341931 -6
2536 54.5839086457 57.1103923727 -6
2537 54.9293764219 57.4718505523 -6
2538 55.2748441981 57.8333087318 -6
2539 52.5111019882 54.9416432952 -5.5
2540 52.8565697645 55.3031014748 -5.5
2541 53.2020375407 55.6645596544 -5.5
2542 53.5475053169 56.026017834 -5.5
2543 53.8929730932 56.3874760135 -5.5
2544 54.2384408694 56.7489341931 -5.5
2545 54.5839086457 57.1103923727 -5.5
2546 54.9293764219 57.4718505523 -5.5
2547 55.2748441981 57.8333087318 -5.5
2548 52.5111019882 54.9416432952 -5
2549 52.8565697645 55.3031014748 -5
2550 53.2020375407 55.6645596544 -5
2551 53.5475053169 56.026017834 -5
2552 53.8929730932 56.3874760135 -5
2553 54.2384408694 56.7489341931 -5
2554 54.5839086457 57.1103923727 -5
2555 54.9293764219 57.4718505523 -5
2556 55.2748441981 57.8333087318 -5
2557 52.5111019882 54.9416432952 -4.5
2558 52.8565697645 55.3031014748 -4.5
2559 53.2020375407 55.6645596544 -4.5
2560 53.5475053169 56.026017834 -4.5
2561 53.8929730932 56.3874760135 -4.5
2562 54.2384408694 56.7489341931 -4.5
2563 54.5839086457 57.1103923727 -4.5
2564 54.9293764219 57.4718505523 -4.5
2565 55.2748441981 57.8333087318 -4.5
2566 52.5111019882 54.9416432952 -4
2567 52.8565697645 55.3031014748 -4
2568 53.2020375407 55.6645596544 -4
2569 53.5475053169 56.026017834 -4
2570 53.8929730932 56.3874760135 -4
2571 54.2384408694 56.7489341931 -4
2572 54.5839086457 57.1103923727 -4
2573 54.9293764219 57.4718505523 -4
2574 55.2748441981 57.8333087318 -4
2575 52.5111019882 54.9416432952 -3.5
2576 52.8565697645 55.3031014748 -3.5
2577 53.2020375407 55.6645596544 -3.5
2578 53.5475053169 56.026017834 -3.5
2579 53.8929730932 56.3874760135 -3.5
2580 54.2384408694 56.7489341931 -3.5
2581 54.5839086457 57.1103923727 -3.5
2582 54.9293764219 57.4718505523 -3.5
2583 55.2748441981 57.8333087318 -3.5
2584 52.5111019882 54.9416432952 -3
2585 52.8565697645 55.3031014748 -3
2586 53.2020375407 55.6645596544 -3
2587 53.5475053169 56.026017834 -3
2588 53.8929730932 56.3874760135 -3
2589 54.2384408694 56.7489341931 -3
2590 54.5839086457 57.1103923727 -3
2591 54.9293764219 57.4718505523 -3
2592 55.2748441981 57.8333087318 -3
2593 52.5111019882 54.9416432952 -2.5
2594 52.8565697645 55.3031014748 -2.5
2595 53.2020375407 55.6645596544 -2.5
2596 53.5475053169 56.026017834 -2.5
2597 53.8929730932 56.3874760135 -2.5
2598 54.2384408694 56.7489341931 -2.5
2599 54.5839086457 57.1103923727 -2.5
2600 54.9293764219 57.4718505523 -2.5
2601 55.2748441981 57.8333087318 -2.5
2602 52.5111019882 54.9416432952 -2
2603 52.8565697645 55.3031014748 -2
2604 53.2020375407 55.6645596544 -2
2605 53.5475053169 56.026017834 -2
2606 53.8929730932 56.3874760135 -2
2607 54.2384408694 56.7489341931 -2
2608 54.5839086457 57.1103923727 -2
2609 54.9293764219 57.4718505523 -2
2610 55.2748441981 57.8333087318 -2
2611 52.5111019882 54.9416432952 -1.5
2612 52.8565697645 55.3031014748 -1.5
2613 53.2020375407 55.6645596544 -1.5
2614 53.5475053169 56.026017834 -1.5
2615 53.8929730932 56.3874760135 -1.5
2616 54.2384408694 56.7489341931 -1.5
2617 54.5839086457 57.1103923727 -1.5
2618 54.9293764219 57.4718505523 -1.5
2619 55.2748441981 57.8333087318 -1.5
2620 52.5111019882 54.9416432952 -1
2621 52.8565697645 55.3031014748 -1
2622 53.2020375407 55.6645596544 -1
2623 53.5475053169 56.026017834 -1
2624 53.8929730932 56.3874760135 -1
2625 54.2384408694 56.7489341931 -1
2626 54.5839086457 57.1103923727 -1
2627 54.9293764219 57.4718505523 -1
2628 55.2748441981 57.8333087318 -1
2629 52.5111019882 54.9416432952 -0.5
2630 52.8565697645 55.3031014748 -0.5
2631 53.2020375407 55.6645596544 -0.5
2632 53.5475053169 56.026017834 -0.5
2633 53.8929730932 56.3874760135 -0.5
2634 54.2384408694 56.7489341931 -0.5
2635 54.5839086457 57.1103923727 -0.5
2636 54.9293764219 57.4718505523 -0.5
2637 55.2748441981 57.8333087318 -0.5
2638 52.5111019882 54.9416432952 0
2639 52.8565697645 55.3031014748 0
2640 53.2020375407 55.6645596544 0
2641 53.5475053169 56.026017834 0
2642 53.8929730932 56.3874760135 0
2643 54.2384408694 56.7489341931 0
2644 54.5839086457 57.1103923727 0
2645 54.9293764219 57.4718505523 0
2646 55.2748441981 57.8333087318 0
2647 52.8626270503 54.6035041122 -16.03
2648 53.2104074915 54.9627376919 -16.03
2649 53.5581879326 55.3219712716 -16.03
2650 53.9059683737 55.6812048513 -16.03
2651 54.2537488148 56.040438431 -16.03
2652 54.601529256 56.3996720107 -16.03
2653 54.9493096971 56.7589055904 -16.03
2654 55.2970901382 57.11813917 -16.03
2655 55.6448705793 57.4773727497 -16.03
2656 52.8626270503 54.6035041122 -16.4151390679
2657 53.2104074915 54.9627376919 -16.4151390679
2658 53.5581879326 55.3219712716 -16.4151390679
2659 53.9059683737 55.6812048513 -16.4151390679
2660 54.2537488148 56.040438431 -16.4151390679
2661 54.601529256 56.3996720107 -16.4151390679
2662 54.9493096971 56.7589055904 -16.4151390679
2663 55.2970901382 57.11813917 -16.4151390679
2664 55.6448705793 57.4773727497 -16.4151390679
2665 52.8626270503 54.6035041122 -15.53
2666 53.2104074915 54.9627376919 -15.53
2667 53.5581879326 55.3219712716 -15.53
2668 53.9059683737 55.6812048513 -15.53
2669 54.2537488148 56.040438431 -15.53
2670 54.601529256 56.3996720107 -15.53
2671 54.9493096971 56.7589055904 -15.53
2672 55.2970901382 57.11813917 -15.53
2673 55.6448705793 57.4773727497 -15.53
2674 52.8626270503 54.6035041122 -15.03
2675 53.2104074915 54.9627376919 -15.03
2676 53.5581879326 55.3219712716 -15.03
2677 53.9059683737 55.6812048513 -15.03
2678 54.2537488148 56.040438431 -15.03
2679 54.601529256 56.3996720107 -15.03
2680 54.9493096971 56.7589055904 -15.03
2681 55.2970901382 57.11813917 -15.03
2682 55.6448705793 57.4773727497 -15.03
2683 52.8626270503 54.6035041122 -14.5
2684 53.2104074915 54.9627376919 -14.5
2685 53.5581879326 55.3219712716 -14.5
2686 53.9059683737 55.6812048513 -14.5
2687 54.2537488148 56.040438431 -14.5
2688 54.601529256 56.3996720107 -14.5
2689 54.9493096971 56.7589055904 -14.5
2690 55.2970901382 57.11813917 -14.5
2691 55.6448705793 57.4773727497 -14.5
2692 52.8626270503 54.6035041122 -14
2693 53.2104074915 54.9627376919 -14
2694 53.5581879326 55.3219712716 -14
2695 53.9059683737 55.6812048513 -14
2696 54.2537488148 56.040438431 -14
2697 54.601529256 56.3996720107 -14
2698 54.9493096971 56.7589055904 -14
2699 55.2970901382 57.11813917 -14
2700 55.6448705793 57.4773727497 -14
2701 52.8626270503 54.6035041122 -13.5
2702 53.2104074915 54.9627376919 -13.5
2703 53.5581879326 55.3219712716 -13.5
2704 53.9059683737 55.6812048513 -13.5
2705 54.2537488148 56.040438431 -13.5
2706 54.601529256 56.3996720107 -13.5
2707 54.9493096971 56.7589055904 -13.5
2708 55.2970901382 57.11813917 -13.5
2709 55.6448705793 57.4773727497 -13.5
2710 52.8626270503 54.6035041122 -13
2711 53.2104074915 54.9627376919 -13
2712 53.5581879326 55.3219712716 -13
2713 53.9059683737 55.6812048513 -13
2714 54.2537488148 56.040438431 -13
2715 54.601529256 56.3996720107 -13
2716 54.9493096971 56.7589055904 -13
2717 55.2970901382 57.11813917 -13
2718 55.6448705793 57.4773727497 -13
2719 52.8626270503 54.6035041122 -12.5
2720 53.2104074915 54.9627376919 -12.5
2721 53.5581879326 55.3219712716 -12.5
2722 53.9059683737 55.6812048513 -12.5
2723 54.2537488148 56.040438431 -12.5
2724 54.601529256 56.3996720107 -12.5
2725 54.9493096971 56.7589055904 -12.5
2726 55.2970901382 57.11813917 -12.5
2727 55.6448705793 57.4773727497 -12.5
2728 52.8626270503 54.6035041122 -12
2729 53.2104074915 54.9627376919 -12
2730 53.5581879326 55.3219712716 -12
2731 53.9059683737 55.6812048513 -12
2732 54.2537488148 56.040438431 -12
2733 54.601529256 56.3996720107 -12
2734 54.9493096971 56.7589055904 -12
2735 55.2970901382 57.11813917 -12
2736 55.6448705793 57.4773727497 -12
2737 52.8626270503 54.6035041122 -11.5
2738 53.2104074915 54.9627376919 -11.5
2739 53.5581879326 55.3219712716 -11.5
2740 53.9059683737 55.6812048513 -11.5
2741 54.2537488148 56.040438431 -11.5
2742 54.601529256 56.3996720107 -11.5
2743 54.9493096971 56.7589055904 -11.5
2744 55.2970901382 57.11813917 -11.5
2745 55.6448705793 57.4773727497 -11.5
2746 52.8626270503 54.6035041122 -11
2747 53.2104074915 54.9627376919 -11
2748 53.5581879326 55.3219712716 -11
2749 53.9059683737 55.6812048513 -11
2750 54.2537488148 56.040438431 -11
2751 54.601529256 56.3996720107 -11
2752 54.9493096971 56.7589055904 -11
2753 55.2970901382 57.11813917 -11
2754 55.6448705793 57.4773727497 -11
2755 52.8626270503 54.6035041122 -10.5
2756 53.2104074915 54.9627376919 -10.5
2757 53.5581879326 55.3219712716 -10.5
2758 53.9059683737 55.6812048513 -10.5
2759 54.2537488148 56.040438431 -10.5
2760 54.601529256 56.3996720107 -10.5
2761 54.9493096971 56.7589055904 -10.5
2762 55.2970901382 57.11813917 -10.5
2763 55.6448705793 57.4773727497 -10.5
2764 52.8626270503 54.6035041122 -10
2765 53.2104074915 54.9627376919 -10
2766 53.5581879326 55.3219712716 -10
2767 53.9059683737 55.6812048513 -10
2768 54.2537488148 56.040438431 -10
2769 54.601529256 56.3996720107 -10
2770 54.9493096971 56.7589055904 -10
2771 55.2970901382 57.11813917 -10
2772 55.6448705793 57.4773727497 -10
2773 52.8626270503 54.6035041122 -9.5
2774 53.2104074915 54.9627376919 -9.5
2775 53.5581879326 55.3219712716 -9.5
2776 53.9059683737 55.6812048513 -9.5
2777 54.2537488148 56.040438431 -9.5
2778 54.601529256 56.3996720107 -9.5
2779 54.9493096971 56.7589055904 -9.5
2780 55.2970901382 57.11813917 -9.5
2781 55.6448705793 57.4773727497 -9.5
2782 52.8626270503 54.6035041122 -9
2783 53.2104074915 54.9627376919 -9
2784 53.5581879326 55.3219712716 -9
2785 53.9059683737 55.6812048513 -9
2786 54.2537488148 56.040438431 -9
2787 54.601529256 56.3996720107 -9
2788 54.9493096971 56.7589055904 -9
2789 55.2970901382 57.11813917 -9
2790 55.6448705793 57.4773727497 -9
2791 52.8626270503 54.6035041122 -8.5
2792 53.2104074915 54.9627376919 -8.5
2793 53.5581879326 55.3219712716 -8.5
2794 53.9059683737 55.6812048513 -8.5
2795 54.2537488148 56.040438431 -8.5
2796 54.601529256 56.3996720107 -8.5
2797 54.9493096971 56.7589055904 -8.5
2798 55.2970901382 57.11813917 -8.5
2799 55.6448705793 57.4773727497 -8.5
2800 52.8626270503 54.6035041122 -8
2801 53.2104074915 54.9627376919 -8
2802 53.5581879326 55.3219712716 -8
2803 53.9059683737 55.6812048513 -8
2804 54.2537488148 56.040438431 -8
2805 54.601529256 56.3996720107 -8
2806 54.9493096971 56.7589055904 -8
2807 55.2970901382 57.11813917 -8
2808 55.6448705793 57.4773727497 -8
2809 52.8626270503 54.6035041122 -7.5
2810 53.2104074915 54.9627376919 -7.5
2811 53.5581879326 55.3219712716 -7.5
2812 53.9059683737 55.6812048513 -7.5
2813 54.2537488148 56.040438431 -7.5
2814 54.601529256 56.3996720107 -7.5
2815 54.9493096971 56.7589055904 -7.5
2816 55.2970901382 57.11813917 -7.5
2817 55.6448705793 57.4773727497 -7.5
2818 52.8626270503 54.6035041122 -7
2819 53.2104074915 54.9627376919 -7
2820 53.5581879326 55.3219712716 -7
2821 53.9059683737 55.6812048513 -7
2822 54.2537488148 56.040438431 -7
2823 54.601529256 56.3996720107 -7
2824 54.9493096971 56.7589055904 -7
2825 55.2970901382 57.11813917 -7
2826 55.6448705793 57.4773727497 -7
2827 52.8626270503 54.6035041122 -6.5
2828 53.2104074915 54.9627376919 -6.5
2829 53.5581879326 55.3219712716 -6.5
2830 53.9059683737 55.6812048513 -6.5
2831 54.2537488148 56.040438431 -6.5
2832 54.601529256 56.3996720107 -6.5
2833 54.9493096971 56.7589055904 -6.5
2834 55.2970901382 57.11813917 -6.5
2835 55.6448705793 57.4773727497 -6.5
2836 52.8626270503 54.6035041122 -6
2837 53.2104074915 54.9627376919 -6
2838 53.5581879326 55.3219712716 -6
2839 53.9059683737 55.6812048513 -6
2840 54.2537488148 56.040438431 -6
2841 54.601529256 56.3996720107 -6
2842 54.9493096971 56.7589055904 -6
2843 55.2970901382 57.11813917 -6
2844 55.6448705793 57.4773727497 -6
2845 52.8626270503 54.6035041122 -5.5
2846 53.2104074915 54.9627376919 -5.5
2847 53.5581879326 55.3219712716 -5.5
2848 53.9059683737 55.6812048513 -5.5
2849 54.2537488148 56.040438431 -5.5
2850 54.601529256 56.3996720107 -5.5
2851 54.9493096971 56.7589055904 -5.5
2852 55.2970901382 57.11813917 -5.5
2853 55.6448705793 57.4773727497 -5.5
2854 52.8626270503 54.6035041122 -5
2855 53.2104074915 54.9627376919 -5
2856 53.5581879326 55.3219712716 -5
2857 53.9059683737 55.6812048513 -5
2858 54.2537488148 56.040438431 -5
2859 54.601529256 56.3996720107 -5
2860 54.9493096971 56.7589055904 -5
2861 55.2970901382 57.11813917 -5
2862 55.6448705793 57.4773727497 -5
2863 52.8626270503 54.6035041122 -4.5
2864 53.2104074915 54.9627376919 -4.5
2865 53.5581879326 55.3219712716 -4.5
2866 53.9059683737 55.6812048513 -4.5
2867 54.2537488148 56.040438431 -4.5
2868 54.601529256 56.3996720107 -4.5
2869 54.9493096971 56.7589055904 -4.5
2870 55.2970901382 57.11813917 -4.5
2871 55.6448705793 57.4773727497 -4.5
2872 52.8626270503 54.6035041122 -4
2873 53.2104074915 54.9627376919 -4
2874 53.5581879326 55.3219712716 -4
2875 53.9059683737 55.6812048513 -4
2876 54.2537488148 56.040438431 -4
2877 54.601529256 56.3996720107 -4
2878 54.9493096971 56.7589055904 -4
2879 55.2970901382 57.11813917 -4
2880 55.6448705793 57.4773727497 -4
2881 52.8626270503 54.6035041122 -3.5
2882 53.2104074915 54.9627376919 -3.5
2883 53.5581879326 55.3219712716 -3.5
2884 53.9059683737 55.6812048513 -3.5
2885 54.2537488148 56.040438431 -3.5
2886 54.601529256 56.3996720107 -3.5
2887 54.9493096971 56.7589055904 -3.5
2888 55.2970901382 57.11813917 -3.5
2889 55.6448705793 57.4773727497 -3.5
2890 52.8626270503 54.6035041122 -3
2891 53.2104074915 54.9627376919 -3
2892 53.5581879326 55.3219712716 -3
2893 53.9059683737 55.6812048513 -3
2894 54.2537488148 56.040438431 -3
2895 54.601529256 56.3996720107 -3
2896 54.9493096971 56.7589055904 -3
2897 55.2970901382 57.11813917 -3
2898 55.6448705793 57.4773727497 -3
2899 52.8626270503 54.6035041122 -2.5
2900 53.2104074915 54.9627376919 -2.5
2901 53.5581879326 55.3219712716 -2.5
2902 53.9059683737 55.6812048513 -2.5
2903 54.2537488148 56.040438431 -2.5
2904 54.601529256 56.3996720107 -2.5
2905 54.9493096971 56.7589055904 -2.5
2906 55.2970901382 57.11813917 -2.5
2907 55.6448705793 57.4773727497 -2.5
2908 52.8626270503 54.6035041122 -2
2909 53.2104074915 54.9627376919 -2
2910 53.5581879326 55.3219712716 -2
2911 53.9059683737 55.6812048513 -2
2912 54.2537488148 56.040438431 -2
2913 54.601529256 56.3996720107 -2
2914 54.9493096971 56.7589055904 -2
2915 55.2970901382 57.11813917 -2
2916 55.6448705793 57.4773727497 -2
2917 52.8626270503 54.6035041122 -1.5
2918 53.2104074915 54.9627376919 -1.5
2919 53.5581879326 55.3219712716 -1.5
2920 53.9059683737 55.6812048513 -1.5
2921 54.2537488148 56.040438431 -1.5
2922 54.601529256 56.3996720107 -1.5
2923 54.9493096971 56.7589055904 -1.5
2924 55.2970901382 57.11813917 -1.5
2925 55.6448705793 57.4773727497 -1.5
2926 52.8626270503 54.6035041122 -1
2927 53.2104074915 54.9627376919 -1
2928 53.5581879326 55.3219712716 -1
2929 53.9059683737 55.6812048513 -1
2930 54.2537488148 56.040438431 -1
2931 54.601529256 56.3996720107 -1
2932 54.9493096971 56.7589055904 -1
2933 55.2970901382 57.11813917 -1
2934 55.6448705793 57.4773727497 -1
2935 52.8626270503 54.6035041122 -0.5
2936 53.2104074915 54.9627376919 -0.5
2937 53.5581879326 55.3219712716 -0.5
2938 53.9059683737 55.6812048513 -0.5
2939 54.2537488148 56.040438431 -0.5
2940 54.601529256 56.3996720107 -0.5
2941 54.9493096971 56.7589055904 -0.5
2942 55.2970901382 57.11813917 -0.5
2943 55.6448705793 57.4773727497 -0.5
2944 52.8626270503 54.6035041122 0
2945 53.2104074915 54.9627376919 0
2946 53.5581879326 55.3219712716 0
2947 53.9059683737 55.6812048513 0
2948 54.2537488148 56.040438431 0
2949 54.601529256 56.3996720107 0
2950 54.9493096971 56.7589055904 0
2951 55.2970901382 57.11813917 0
2952 55.6448705793 57.4773727497 0
2953 53.2119747509 54.2631158626 -16.03
2954 53.5620535321 54.6201100459 -16.03
2955 53.9121323134 54.9771042292 -16.03
2956 54.2622110946 55.3340984125 -16.03
2957 54.6122898759 55.6910925958 -16.03
2958 54.9623686571 56.0480867791 -16.03
2959 55.3124474384 56.4050809624 -16.03
2960 55.6625262197 56.7620751457 -16.03
2961 56.0126050009 57.119069329 -16.03
2962 53.2119747509 54.2631158626 -16.53
2963 53.5620535321 54.6201100459 -16.53
2964 53.9121323134 54.9771042292 -16.53
2965 54.2622110946 55.3340984125 -16.53
2966 54.6122898759 55.6910925958 -16.53
2967 54.9623686571 56.0480867791 -16.53
2968 55.3124474384 56.4050809624 -16.53
2969 55.6625262197 56.7620751457 -16.53
2970 56.0126050009 57.119069329 -16.53
2971 53.2119747509 54.2631158626 -16.568912102
2972 53.5620535321 54.6201100459 -16.568912102
2973 53.9121323134 54.9771042292 -16.568912102
2974 54.2622110946 55.3340984125 -16.568912102
2975 54.6122898759 55.6910925958 -16.568912102
2976 54.9623686571 56.0480867791 -16.568912102
2977 55.3124474384 56.4050809624 -16.568912102
2978 55.6625262197 56.7620751457 -16.568912102
2979 56.0126050009 57.119069329 -16.568912102
2980 53.2119747509 54.2631158626 -15.53
2981 53.5620535321 54.6201100459 -15.53
2982 53.9121323134 54.9771042292 -15.53
2983 54.2622110946 55.3340984125 -15.53
2984 54.6122898759 55.6910925958 -15.53
2985 54.9623686571 56.0480867791 -15.53
2986 55.3124474384 56.4050809624 -15.53
2987 55.6625262197 56.7620751457 -15.53
2988 56.0126050009 57.119069329 -15.53
2989 53.2119747509 54.2631158626 -15.03
2990 53.5620535321 54.6201100459 -15.03
2991 53.9121323134 54.9771042292 -15.03
2992 54.2622110946 55.3340984125 -15.03
2993 54.6122898759 55.6910925958 -15.03
2994 54.9623686571 56.0480867791 -15.03
2995 55.3124474384 56.4050809624 -15.03
2996 55.6625262197 56.7620751457 -15.03
2997 56.0126050009 57.119069329 -15.03
2998 53.2119747509 54.2631158626 -14.5
2999 53.5620535321 54.6201100459 -14.5
3000 53.9121323134 54.9771042292 -14.5
3001 54.2622110946 55.3340984125 -14.5
3002 54.6122898759 55.6910925958 -14.5
3003 54.9623686571 56.0480867791 -14.5
3004 55.3124474384 56.4050809624 -14.5
3005 55.6625262197 56.7620751457 -14.5
3006 56.0126050009 57.119069329 -14.5
3007 53.2119747509 54.2631158626 -14
3008 53.5620535321 54.6201100459 -14
3009 53.9121323134 54.9771042292 -14
3010 54.2622110946 55.3340984125 -14
3011 54.6122898759 55.6910925958 -14
3012 54.9623686571 56.0480867791 -14
3013 55.3124474384 56.4050809624 -14
3014 55.6625262197 56.7620751457 -14
3015 56.0126050009 57.119069329 -14
3016 53.2119747509 54.2631158626 -13.5
3017 53.5620535321 54.6201100459 -13.5
3018 53.9121323134 54.9771042292 -13.5
3019 54.2622110946 55.3340984125 -13.5
3020 54.6122898759 55.6910925958 -13.5
3021 54.9623686571 56.0480867791 -13.5
3022 55.3124474384 56.4050809624 -13.5
3023 55.6625262197 56.7620751457 -13.5
3024 56.0126050009 57.119069329 -13.5
3025 53.2119747509 54.2631158626 -13
3026 53.5620535321 54.6201100459 -13
3027 53.9121323134 54.9771042292 -13
3028 54.2622110946 55.3340984125 -13
3029 54.6122898759 55.6910925958 -13
3030 54.9623686571 56.0480867791 -13
3031 55.3124474384 56.4050809624 -13
3032 55.6625262197 56.7620751457 -13
3033 56.0126050009 57.119069329 -13
3034 53.2119747509 54.2631158626 -12.5
3035 53.5620535321 54.6201100459 -12.5
3036 53.9121323134 54.9771042292 -12.5
3037 54.2622110946 55.3340984125 -12.5
3038 54.6122898759 55.6910925958 -12.5
3039 54.9623686571 56.0480867791 -12.5
3040 55.3124474384 56.4050809624 -12.5
3041 55.6625262197 56.7620751457 -12.5
3042 56.0126050009 57.119069329 -12.5
3043 53.2119747509 54.2631158626 -12
3044 53.5620535321 54.6201100459 -12
3045 53.9121323134 54.9771042292 -12
3046 54.2622110946 55.3340984125 -12
3047 54.6122898759 55.6910925958 -12
3048 54.9623686571 56.0480867791 -12
3049 55.3124474384 56.4050809624 -12
3050 55.6625262197 56.7620751457 -12
3051 56.0126050009 57.119069329 -12
3052 53.2119747509 54.2631158626 -11.5
3053 53.5620535321 54.6201100459 -11.5
3054 53.9121323134 54.9771042292 -11.5
3055 54.2622110946 55.3340984125 -11.5
3056 54.6122898759 55.6910925958 -11.5
3057 54.9623686571 56.0480867791 -11.5
3058 55.3124474384 56.4050809624 -11.5
3059 55.6625262197 56.7620751457 -11.5
3060 56.0126050009 57.119069329 -11.5
3061 53.2119747509 54.2631158626 -11
3062 53.5620535321 54.6201100459 -11
3063 53.9121323134 54.9771042292 -11
3064 54.2622110946 55.3340984125 -11
3065 54.6122898759 55.6910925958 -11
3066 54.9623686571 56.0480867791 -11
3067 55.3124474384 56.4050809624 -11
3068 55.6625262197 56.7620751457 -11
3069 56.0126050009 57.119069329 -11
3070 53.2119747509 54.2631158626 -10.5
3071 53.5620535321 54.6201100459 -10.5
3072 53.9121323134 54.9771042292 -10.5
3073 54.2622110946 55.3340984125 -10.5
3074 54.6122898759 55.6910925958 -10.5
3075 54.9623686571 56.0480867791 -10.5
3076 55.3124474384 56.4050809624 -10.5
3077 55.6625262197 56.7620751457 -10.5
3078 56.0126050009 57.119069329 -10.5
3079 53.2119747509 54.2631158626 -10
3080 53.5620535321 54.6201100459 -10
3081 53.9121323134 54.9771042292 -10
3082 54.2622110946 55.3340984125 -10
3083 54.6122898759 55.6910925958 -10
3084 54.9623686571 56.0480867791 -10
3085 55.3124474384 56.4050809624 -10
3086 55.6625262197 56.7620751457 -10
3087 56.0126050009 57.119069329 -10
3088 53.2119747509 54.2631158626 -9.5
3089 53.5620535321 54.6201100459 -9.5
3090 53.9121323134 54.9771042292 -9.5
3091 54.2622110946 55.3340984125 -9.5
3092 54.6122898759 55.6910925958 -9.5
3093 54.9623686571 56.0480867791 -9.5
3094 55.3124474384 56.4050809624 -9.5
3095 55.6625262197 56.7620751457 -9.5
3096 56.0126050009 57.119069329 -9.5
3097 53.2119747509 54.2631158626 -9
3098 53.5620535321 54.6201100459 -9
3099 53.9121323134 54.9771042292 -9
3100 54.2622110946 55.3340984125 -9
3101 54.6122898759 55.6910925958 -9
3102 54.9623686571 56.0480867791 -9
3103 55.3124474384 56.4050809624 -9
3104 55.6625262197 56.7620751457 -9
3105 56.0126050009 57.119069329 -9
3106 53.2119747509 54.2631158626 -8.5
3107 53.5620535321 54.6201100459 -8.5
3108 53.9121323134 54.9771042292 -8.5
3109 54.2622110946 55.3340984125 -8.5
3110 54.6122898759 55.6910925958 -8.5
3111 54.9623686571 56.0480867791 -8.5
3112 55.3124474384 56.4050809624 -8.5
3113 55.6625262197 56.7620751457 -8.5
3114 56.0126050009 57.119069329 -8.5
3115 53.2119747509 54.2631158626 -8
3116 53.5620535321 54.6201100459 -8
3117 53.9121323134 54.9771042292 -8
3118 54.2622110946 55.3340984125 -8
3119 54.6122898759 55.6910925958 -8
3120 54.9623686571 56.0480867791 -8
3121 55.3124474384 56.4050809624 -8
3122 55.6625262197 56.7620751457 -8
3123 56.0126050009 57.119069329 -8
3124 53.2119747509 54.2631158626 -7.5
3125 53.5620535321 54.6201100459 -7.5
3126 53.9121323134 54.9771042292 -7.5
3127 54.2622110946 55.3340984125 -7.5
3128 54.6122898759 55.6910925958 -7.5
3129 54.9623686571 56.0480867791 -7.5
3130 55.3124474384 56.4050809624 -7.5
3131 55.6625262197 56.7620751457 -7.5
3132 56.0126050009 57.119069329 -7.5
3133 53.2119747509 54.2631158626 -7
3134 53.5620535321 54.6201100459 -7
3135 53.9121323134 54.9771042292 -7
3136 54.2622110946 55.3340984125 -7
3137 54.6122898759 55.6910925958 -7
3138 54.9623686571 56.0480867791 -7
3139 55.3124474384 56.4050809624 -7
3140 55.6625262197 56.7620751457 -7
3141 56.0126050009 57.119069329 -7
3142 53.2119747509 54.2631158626 -6.5
3143 53.5620535321 54.6201100459 -6.5
3144 53.9121323134 54.9771042292 -6.5
3145 54.2622110946 55.3340984125 -6.5
3146 54.6122898759 55.6910925958 -6.5
3147 54.9623686571 56.0480867791 -6.5
3148 55.3124474384 56.4050809624 -6.5
3149 55.6625262197 56.7620751457 -6.5
3150 56.0126050009 57.119069329 -6.5
3151 53.2119747509 54.2631158626 -6
3152 53.5620535321 54.6201100459 -6
3153 53.9121323134 54.9771042292 -6
3154 54.2622110946 55.3340984125 -6
3155 54.6122898759 55.6910925958 -6
3156 54.9623686571 56.0480867791 -6
3157 55.3124474384 56.4050809624 -6
3158 55.6625262197 56.7620751457 -6
3159 56.0126050009 57.119069329 -6
3160 53.2119747509 54.2631158626 -5.5
3161 53.5620535321 54.6201100459 -5.5
3162 53.9121323134 54.9771042292 -5.5
3163 54.2622110946 55.3340984125 -5.5
3164 54.6122898759 55.6910925958 -5.5
3165 54.9623686571 56.0480867791 -5.5
3166 55.3124474384 56.4050809624 -5.5
3167 55.6625262197 56.7620751457 -5.5
3168 56.0126050009 57.119069329 -5.5
3169 53.2119747509 54.2631158626 -5
3170 53.5620535321 54.6201100459 -5
3171 53.9121323134 54.9771042292 -5
3172 54.2622110946 55.3340984125 -5
3173 54.6122898759 55.6910925958 -5
3174 54.9623686571 56.0480867791 -5
3175 55.3124474384 56.4050809624 -5
3176 55.6625262197 56.7620751457 -5
3177 56.0126050009 57.119069329 -5
3178 53.2119747509 54.2631158626 -4.5
3179 53.5620535321 54.6201100459 -4.5
3180 53.9121323134 54.9771042292 -4.5
3181 54.2622110946 55.3340984125 -4.5
3182 54.6122898759 55.6910925958 -4.5
3183 54.9623686571 56.0480867791 -4.5
3184 55.3124474384 56.4050809624 -4.5
3185 55.6625262197 56.7620751457 -4.5
3186 56.0126050009 57.119069329 -4.5
3187 53.2119747509 54.2631158626 -4
3188 53.5620535321 54.6201100459 -4
3189 53.9121323134 54.9771042292 -4
3190 54.2622110946 55.3340984125 -4
3191 54.6122898759 55.6910925958 -4
3192 54.9623686571 56.0480867791 -4
3193 55.3124474384 56.4050809624 -4
3194 55.6625262197 56.7620751457 -4
3195 56.0126050009 57.119069329 -4
3196 53.2119747509 54.2631158626 -3.5
3197 53.5620535321 54.6201100459 -3.5
3198 53.9121323134 54.9771042292 -3.5
3199 54.2622110946 55.3340984125 -3.5
3200 54.6122898759 55.6910925958 -3.5
3201 54.9623686571 56.0480867791 -3.5
3202 55.3124474384 56.4050809624 -3.5
3203 55.6625262197 56.7620751457 -3.5
3204 56.0126050009 57.119069329 -3.5
3205 53.2119747509 54.2631158626 -3
3206 53.5620535321 54.6201100459 -3
3207 53.9121323134 54.9771042292 -3
3208 54.2622110946 55.3340984125 -3
3209 54.6122898759 55.6910925958 -3
3210 54.9623686571 56.0480867791 -3
3211 55.3124474384 56.4050809624 -3
3212 55.6625262197 56.7620751457 -3
3213 56.0126050009 57.119069329 -3
3214 53.2119747509 54.2631158626 -2.5
3215 53.5620535321 54.6201100459 -2.5
3216 53.9121323134 54.9771042292 -2.5
3217 54.2622110946 55.3340984125 -2.5
3218 54.6122898759 55.6910925958 -2.5
3219 54.9623686571 56.0480867791 -2.5
3220 55.3124474384 56.4050809624 -2.5
3221 55.6625262197 56.7620751457 -2.5
3222 56.0126050009 57.119069329 -2.5
3223 53.2119747509 54.2631158626 -2
3224 53.5620535321 54.6201100459 -2
3225 53.9121323134 54.9771042292 -2
3226 54.2622110946 55.3340984125 -2
3227 54.6122898759 55.6910925958 -2
3228 54.9623686571 56.0480867791 -2
3229 55.3124474384 56.4050809624 -2
3230 55.6625262197 56.7620751457 -2
3231 56.0126050009 57.119069329 -2
3232 53.2119747509 54.2631158626 -1.5
3233 53.5620535321 54.6201100459 -1.5
3234 53.9121323134 54.9771042292 -1.5
3235 54.2622110946 55.3340984125 -1.5
3236 54.6122898759 55.6910925958 -1.5
3237 54.9623686571 56.0480867791 -1.5
3238 55.3124474384 56.4050809624 -1.5
3239 55.6625262197 56.7620751457 -1.5
3240 56.0126050009 57.119069329 -1.5
3241 53.2119747509 54.2631158626 -1
3242 53.5620535321 54.6201100459 -1
3243 53.9121323134 54.9771042292 -1
3244 54.2622110946 55.3340984125 -1
3245 54.6122898759 55.6910925958 -1
3246 54.9623686571 56.0480867791 -1
3247 55.3124474384 56.4050809624 -1
3248 55.6625262197 56.7620751457 -1
3249 56.0126050009 57.119069329 -1
3250 53.2119747509 54.2631158626 -0.5
3251 53.5620535321 54.6201100459 -0.5
3252 53.9121323134 54.9771042292 -0.5
3253 54.2622110946 55.3340984125 -0.5
3254 54.6122898759 55.6910925958 -0.5
3255 54.9623686571 56.0480867791 -0.5
3256 55.3124474384 56.4050809624 -0.5
3257 55.6625262197 56.7620751457 -0.5
3258 56.0126050009 57.119069329 -0.5
3259 53.2119747509 54.2631158626 0
3260 53.5620535321 54.6201100459 0
3261 53.9121323134 54.9771042292 0
3262 54.2622110946 55.3340984125 0
3263 54.6122898759 55.6910925958 0
3264 54.9623686571 56.0480867791 0
3265 55.3124474384 56.4050809624 0
3266 55.6625262197 56.7620751457 0
3267 56.0126050009 57.119069329 0
3268 53.5591307005 53.9204925665 -16.53
3269 53.9114934025 54.2752326491 -16.53
3270 54.2638561044 54.6299727318 -16.53
3271 54.6162188064 54.9847128145 -16.53
3272 54.9685815084 55.3394528972 -16.53
3273 55.3209442104 55.6941929798 -16.53
3274 55.6733069123 56.0489330625 -16.53
3275 56.0256696143 56.4036731452 -16.53
3276 56.3780323163 56.7584132278 -16.53
3277 53.5591307005 53.9204925665 -16.7226484901
3278 53.9114934025 54.2752326491 -16.7226484901
3279 54.2638561044 54.6299727318 -16.7226484901
3280 54.6162188064 54.9847128145 -16.7226484901
3281 54.9685815084 55.3394528972 -16.7226484901
3282 55.3209442104 55.6941929798 -16.7226484901
3283 55.6733069123 56.0489330625 -16.7226484901
3284 56.0256696143 56.4036731452 -16.7226484901
3285 56.3780323163 56.7584132278 -16.7226484901
3286 53.5591307005 53.9204925665 -16.03
3287 53.9114934025 54.2752326491 -16.03
3288 54.2638561044 54.6299727318 -16.03
3289 54.6162188064 54.9847128145 -16.03
3290 54.9685815084 55.3394528972 -16.03
3291 55.3209442104 55.6941929798 -16.03
3292 55.6733069123 56.0489330625 -16.03
3293 56.0256696143 56.4036731452 -16.03
3294 56.3780323163 56.7584132278 -16.03
3295 53.5591307005 53.9204925665 -15.53
3296 53.9114934025 54.2752326491 -15.53
3297 54.2638561044 54.6299727318 -15.53
3298 54.6162188064 54.9847128145 -15.53
3299 54.9685815084 55.3394528972 -15.53
3300 55.3209442104 55.6941929798 -15.53
3301 55.6733069123 56.0489330625 -15.53
3302 56.0256696143 56.4036731452 -15.53
3303 56.3780323163 56.7584132278 -15.53
3304 53.5591307005 53.9204925665 -15.03
3305 53.9114934025 54.2752326491 -15.03
3306 54.2638561044 54.6299727318 -15.03
3307 54.6162188064 54.9847128145 -15.03
3308 54.9685815084 55.3394528972 -15.03
3309 55.3209442104 55.6941929798 -15.03
3310 55.6733069123 56.0489330625 -15.03
3311 56.0256696143 56.4036731452 -15.03
3312 56.3780323163 56.7584132278 -15.03
3313 53.5591307005 53.9204925665 -14.5
3314 53.9114934025 54.2752326491 -14.5
3315 54.2638561044 54.6299727318 -14.5
3316 54.6162188064 54.9847128145 -14.5
3317 54.9685815084 55.3394528972 -14.5
3318 55.3209442104 55.6941929798 -14.5
3319 55.6733069123 56.0489330625 -14.5
3320 56.0256696143 56.4036731452 -14.5
3321 56.3780323163 56.7584132278 -14.5
3322 53.5591307005 53.9204925665 -14
3323 53.9114934025 54.2752326491 -14
3324 54.2638561044 54.6299727318 -14
3325 54.6162188064 54.9847128145 -14
3326 54.9685815084 55.3394528972 -14
3327 55.3209442104 55.6941929798 -14
3328 55.6733069123 56.0489330625 -14
3329 56.0256696143 56.4036731452 -14
3330 56.3780323163 56.7584132278 -14
3331 53.5591307005 53.9204925665 -13.5
3332 53.9114934025 54.2752326491 -13.5
3333 54.2638561044 54.6299727318 -13.5
3334 54.6162188064 54.9847128145 -13.5
3335 54.9685815084 55.3394528972 -13.5
3336 55.3209442104 55.6941929798 -13.5
3337 55.6733069123 56.0489330625 -13.5
3338 56.0256696143 56.4036731452 -13.5
3339 56.3780323163 56.7584132278 -13.5
3340 53.5591307005 53.9204925665 -13
3341 53.9114934025 54.2752326491 -13
3342 54.2638561044 54.6299727318 -13
3343 54.6162188064 54.9847128145 -13
3344 54.9685815084 55.3394528972 -13
3345 55.3209442104 55.6941929798 -13
3346 55.6733069123 56.0489330625 -13
3347 56.0256696143 56.4036731452 -13
3348 56.3780323163 56.7584132278 -13
3349 53.5591307005 53.9204925665 -12.5
3350 53.9114934025 54.2752326491 -12.5
3351 54.2638561044 54.6299727318 -12.5
3352 54.6162188064 54.9847128145 -12.5
3353 54.9685815084 55.3394528972 -12.5
3354 55.3209442104 55.6941929798 -12.5
3355 55.6733069123 56.0489330625 -12.5
3356 56.0256696143 56.4036731452 -12.5
3357 56.3780323163 56.7584132278 -12.5
3358 53.5591307005 53.9204925665 -12
3359 53.9114934025 54.2752326491 -12
3360 54.2638561044 54.6299727318 -12
3361 54.6162188064 54.9847128145 -12
3362 54.9685815084 55.3394528972 -12
3363 55.3209442104 55.6941929798 -12
3364 55.6733069123 56.0489330625 -12
3365 56.0256696143 56.4036731452 -12
3366 56.3780323163 56.7584132278 -12
3367 53.5591307005 53.9204925665 -11.5
3368 53.9114934025 54.2752326491 -11.5
3369 54.2638561044 54.6299727318 -11.5
3370 54.6162188064 54.9847128145 -11.5
3371 54.9685815084 55.3394528972 -11.5
3372 55.3209442104 55.6941929798 -11.5
3373 55.6733069123 56.0489330625 -11.5
3374 56.0256696143 56.4036731452 -11.5
3375 56.3780323163 56.7584132278 -11.5
3376 53.5591307005 53.9204925665 -11
3377 53.9114934025 54.2752326491 -11
3378 54.2638561044 54.6299727318 -11
3379 54.6162188064 54.9847128145 -11
3380 54.9685815084 55.3394528972 -11
3381 55.3209442104 55.6941929798 -11
3382 55.6733069123 56.0489330625 -11
3383 56.0256696143 56.4036731452 -11
3384 56.3780323163 56.7584132278 -11
3385 53.5591307005 53.9204925665 -10.5
3386 53.9114934025 54.2752326491 -10.5
3387 54.2638561044 54.6299727318 -10.5
3388 54.6162188064 54.9847128145 -10.5
3389 54.9685815084 55.3394528972 -10.5
3390 55.3209442104 55.6941929798 -10.5
3391 55.6733069123 56.0489330625 -10.5
3392 56.0256696143 56.4036731452 -10.5
3393 56.3780323163 56.7584132278 -10.5
3394 53.5591307005 53.9204925665 -10
3395 53.9114934025 54.2752326491 -10
3396 54.2638561044 54.6299727318 -10
3397 54.6162188064 54.9847128145 -10
3398 54.9685815084 55.3394528972 -10
3399 55.3209442104 55.6941929798 -10
3400 55.6733069123 56.0489330625 -10
3401 56.0256696143 56.4036731452 -10
3402 56.3780323163 56.7584132278 -10
3403 53.5591307005 53.9204925665 -9.5
3404 53.9114934025 54.2752326491 -9.5
3405 54.2638561044 54.6299727318 -9.5
3406 54.6162188064 54.9847128145 -9.5
3407 54.9685815084 55.3394528972 -9.5
3408 55.3209442104 55.6941929798 -9.5
3409 55.6733069123 56.0489330625 -9.5
3410 56.0256696143 56.4036731452 -9.5
3411 56.3780323163 56.7584132278 -9.5
3412 53.5591307005 53.9204925665 -9
3413 53.9114934025 54.2752326491 -9
3414 54.2638561044 54.6299727318 -9
3415 54.6162188064 54.9847128145 -9
3416 54.9685815084 55.3394528972 -9
3417 55.3209442104 55.6941929798 -9
3418 55.6733069123 56.0489330625 -9
3419 56.0256696143 56.4036731452 -9
3420 56.3780323163 56.7584132278 -9
3421 53.5591307005 53.9204925665 -8.5
3422 53.9114934025 54.2752326491 -8.5
3423 54.2638561044 54.6299727318 -8.5
3424 54.6162188064 54.9847128145 -8.5
3425 54.9685815084 55.3394528972 -8.5
3426 55.3209442104 55.6941929798 -8.5
3427 55.6733069123 56.0489330625 -8.5
3428 56.0256696143 56.4036731452 -8.5
3429 56.3780323163 56.7584132278 -8.5
3430 53.5591307005 53.9204925665 -8
3431 53.9114934025 54.2752326491 -8
3432 54.2638561044 54.6299727318 -8
3433 54.6162188064 54.9847128145 -8
3434 54.9685815084 55.3394528972 -8
3435 55.3209442104 55.6941929798 -8
3436 55.6733069123 56.0489330625 -8
3437 56.0256696143 56.4036731452 -8
3438 56.3780323163 56.7584132278 -8
3439 53.5591307005 53.9204925665 -7.5
3440 53.9114934025 54.2752326491 -7.5
3441 54.2638561044 54.6299727318 -7.5
3442 54.6162188064 54.9847128145 -7.5
3443 54.9685815084 55.3394528972 -7.5
3444 55.3209442104 55.6941929798 -7.5
3445 55.6733069123 56.0489330625 -7.5
3446 56.0256696143 56.4036731452 -7.5
3447 56.3780323163 56.7584132278 -7.5
3448 53.5591307005 53.9204925665 -7
3449 53.9114934025 54.2752326491 -7
3450 54.2638561044 54.6299727318 -7
3451 54.6162188064 54.9847128145 -7
3452 54.9685815084 55.3394528972 -7
3453 55.3209442104 55.6941929798 -7
3454 55.6733069123 56.0489330625 -7
3455 56.0256696143 56.4036731452 -7
3456 56.3780323163 56.7584132278 -7
3457 53.5591307005 53.9204925665 -6.5
3458 53.9114934025 54.2752326491 -6.5
3459 54.2638561044 54.6299727318 -6.5
3460 54.6162188064 54.9847128145 -6.5
3461 54.9685815084 55.3394528972 -6.5
3462 55.3209442104 55.6941929798 -6.5
3463 55.6733069123 56.0489330625 -6.5
3464 56.0256696143 56.4036731452 -6.5
3465 56.3780323163 56.7584132278 -6.5
3466 53.5591307005 53.9204925665 -6
3467 53.9114934025 54.2752326491 -6
3468 54.2638561044 54.6299727318 -6
3469 54.6162188064 54.9847128145 -6
3470 54.9685815084 55.3394528972 -6
3471 55.3209442104 55.6941929798 -6
3472 55.6733069123 56.0489330625 -6
3473 56.0256696143 56.4036731452 -6
3474 56.3780323163 56.7584132278 -6
3475 53.5591307005 53.9204925665 -5.5
3476 53.9114934025 54.2752326491 -5.5
3477 54.2638561044 54.6299727318 -5.5
3478 54.6162188064 54.9847128145 -5.5
3479 54.9685815084 55.3394528972 -5.5
3480 55.3209442104 55.6941929798 -5.5
3481 55.6733069123 56.0489330625 -5.5
3482 56.0256696143 56.4036731452 -5.5
3483 56.3780323163 56.7584132278 -5.5
3484 53.5591307005 53.9204925665 -5
3485 53.9114934025 54.2752326491 -5
3486 54.2638561044 54.6299727318 -5
3487 54.6162188064 54.9847128145 -5
3488 54.9685815084 55.3394528972 -5
3489 55.3209442104 55.6941929798 -5
3490 55.6733069123 56.0489330625 -5
3491 56.0256696143 56.4036731452 -5
3492 56.3780323163 56.7584132278 -5
3493 53.5591307005 53.9204925665 -4.5
3494 53.9114934025 54.2752326491 -4.5
3495 54.2638561044 54.6299727318 -4.5
3496 54.6162188064 54.9847128145 -4.5
3497 54.9685815084 55.3394528972 -4.5
3498 55.3209442104 55.6941929798 -4.5
3499 55.6733069123 56.0489330625 -4.5
3500 56.0256696143 56.4036731452 -4.5
3501 56.3780323163 56.7584132278 -4.5
3502 53.5591307005 53.9204925665 -4
3503 53.9114934025 54.2752326491 -4
3504 54.2638561044 54.6299727318 -4
3505 54.6162188064 54.9847128145 -4
3506 54.9685815084 55.3394528972 -4
3507 55.3209442104 55.6941929798 -4
3508 55.6733069123 56.0489330625 -4
3509 56.0256696143 56.4036731452 -4
3510 56.3780323163 56.7584132278 -4
3511 53.5591307005 53.9204925665 -3.5
3512 53.9114934025 54.2752326491 -3.5
3513 54.2638561044 54.6299727318 -3.5
3514 54.6162188064 54.9847128145 -3.5
3515 54.9685815084 55.3394528972 -3.5
3516 55.3209442104 55.6941929798 -3.5
3517 55.6733069123 56.0489330625 -3.5
3518 56.0256696143 56.4036731452 -3.5
3519 56.3780323163 56.7584132278 -3.5
3520 53.5591307005 53.9204925665 -3
3521 53.9114934025 54.2752326491 -3
3522 54.2638561044 54.6299727318 -3
3523 54.6162188064 54.9847128145 -3
3524 54.9685815084 55.3394528972 -3
3525 55.3209442104 55.6941929798 -3
3526 55.6733069123 56.0489330625 -3
3527 56.0256696143 56.4036731452 -3
3528 56.3780323163 56.7584132278 -3
3529 53.5591307005 53.9204925665 -2.5
3530 53.9114934025 54.2752326491 -2.5
3531 54.2638561044 54.6299727318 -2.5
3532 54.6162188064 54.9847128145 -2.5
3533 54.9685815084 55.3394528972 -2.5
3534 55.3209442104 55.6941929798 -2.5
3535 55.6733069123 56.0489330625 -2.5
3536 56.0256696143 56.4036731452 -2.5
3537 56.3780323163 56.7584132278 -2.5
3538 53.5591307005 53.9204925665 -2
3539 53.9114934025 54.2752326491 -2
3540 54.2638561044 54.6299727318 -2
3541 54.6162188064 54.9847128145 -2
3542 54.9685815084 55.3394528972 -2
3543 55.3209442104 55.6941929798 -2
3544 55.6733069123 56.0489330625 -2
3545 56.0256696143 56.4036731452 -2
3546 56.3780323163 56.7584132278 -2
3547 53.5591307005 53.9204925665 -1.5
3548 53.9114934025 54.2752326491 -1.5
3549 54.2638561044 54.6299727318 -1.5
3550 54.6162188064 54.9847128145 -1.5
3551 54.9685815084 55.3394528972 -1.5
3552 55.3209442104 55.6941929798 -1.5
3553 55.6733069123 56.0489330625 -1.5
3554 56.0256696143 56.4036731452 -1.5
3555 56.3780323163 56.7584132278 -1.5
3556 53.5591307005 53.9204925665 -1
3557 53.9114934025 54.2752326491 -1
3558 54.2638561044 54.6299727318 -1
3559 54.6162188064 54.9847128145 -1
3560 54.9685815084 55.3394528972 -1
3561 55.3209442104 55.6941929798 -1
3562 55.6733069123 56.0489330625 -1
3563 56.0256696143 56.4036731452 -1
3564 56.3780323163 56.7584132278 -1
3565 53.5591307005 53.9204925665 -0.5
3566 53.9114934025 54.2752326491 -0.5
3567 54.2638561044 54.6299727318 -0.5
3568 54.6162188064 54.9847128145 -0.5
3569 54.9685815084 55.3394528972 -0.5
3570 55.3209442104 55.6941929798 -0.5
3571 55.6733069123 56.0489330625 -0.5
3572 56.0256696143 56.4036731452 -0.5
3573 56.3780323163 56.7584132278 -0.5
3574 53.5591307005 53.9204925665 0
3575 53.9114934025 54.2752326491 0
3576 54.2638561044 54.6299727318 0
3577 54.6162188064 54.9847128145 0
3578 54.9685815084 55.3394528972 0
3579 55.3209442104 55.6941929798 0
3580 55.6733069123 56.0489330625 0
3581 56.0256696143 56.4036731452 0
3582 56.3780323163 56.7584132278 0
3583 53.9040806002 53.5756483363 -16.53
3584 54.2587127094 53.9281197069 -16.53
3585 54.6133448186 54.2805910775 -16.53
3586 54.9679769278 54.6330624482 -16.53
3587 55.322609037 54.9855338188 -16.53
3588 55.6772411462 55.3380051894 -16.53
3589 56.0318732554 55.6904765601 -16.53
3590 56.3865053646 56.0429479307 -16.53
3591 56.7411374738 56.3954193013 -16.53
3592 53.9040806002 53.5756483363 -16.8763454002
3593 54.2587127094 53.9281197069 -16.8763454002
3594 54.6133448186 54.2805910775 -16.8763454002
3595 54.9679769278 54.6330624482 -16.8763454002
3596 55.322609037 54.9855338188 -16.8763454002
3597 55.6772411462 55.3380051894 -16.8763454002
3598 56.0318732554 55.6904765601 -16.8763454002
3599 56.3865053646 56.0429479307 -16.8763454002
3600 56.7411374738 56.3954193013 -16.8763454002
3601 53.9040806002 53.5756483363 -16.03
3602 54.2587127094 53.9281197069 -16.03
3603 54.6133448186 54.2805910775 -16.03
3604 54.9679769278 54.6330624482 -16.03
3605 55.322609037 54.9855338188 -16.03
3606 55.6772411462 55.3380051894 -16.03
3607 56.0318732554 55.6904765601 -16.03
3608 56.3865053646 56.0429479307 -16.03
3609 56.7411374738 56.3954193013 -16.03
3610 53.9040806002 53.5756483363 -15.53
3611 54.2587127094 53.9281197069 -15.53
3612 54.6133448186 54.2805910775 -15.53
3613 54.9679769278 54.6330624482 -15.53
3614 55.322609037 54.9855338188 -15.53
3615 55.6772411462 55.3380051894 -15.53
3616 56.0318732554 55.6904765601 -15.53
3617 56.3865053646 56.0429479307 -15.53
3618 56.7411374738 56.3954193013 -15.53
3619 53.9040806002 53.5756483363 -15.03
3620 54.2587127094 53.9281197069 -15.03
3621 54.6133448186 54.2805910775 -15.03
3622 54.9679769278 54.6330624482 -15.03
3623 55.322609037 54.9855338188 -15.03
3624 55.6772411462 55.3380051894 -15.03
3625 56.0318732554 55.6904765601 -15.03
3626 56.3865053646 56.0429479307 -15.03
3627 56.7411374738 56.3954193013 -15.03
3628 53.9040806002 53.5756483363 -14.5
3629 54.2587127094 53.9281197069 -14.5
3630 54.6133448186 54.2805910775 -14.5
3631 54.9679769278 54.6330624482 -14.5
3632 55.322609037 54.9855338188 -14.5
3633 55.6772411462 55.3380051894 -14.5
3634 56.0318732554 55.6904765601 -14.5
3635 56.3865053646 56.0429479307 -14.5
3636 56.7411374738 56.3954193013 -14.5
3637 53.9040806002 53.5756483363 -14
3638 54.2587127094 53.9281197069 -14
3639 54.6133448186 54.2805910775 -14
3640 54.9679769278 54.6330624482 -14
3641 55.322609037 54.9855338188 -14
3642 55.6772411462 55.3380051894 -14
3643 56.0318732554 55.6904765601 -14
3644 56.3865053646 56.0429479307 -14
3645 56.7411374738 56.3954193013 -14
3646 53.9040806002 53.5756483363 -13.5
3647 54.2587127094 53.9281197069 -13.5
3648 54.6133448186 54.2805910775 -13.5
3649 54.9679769278 54.6330624482 -13.5
3650 55.322609037 54.9855338188 -13.5
3651 55.6772411462 55.3380051894 -13.5
3652 56.0318732554 55.6904765601 -13.5
3653 56.3865053646 56.0429479307 -13.5
3654 56.7411374738 56.3954193013 -13.5
3655 53.9040806002 53.5756483363 -13
3656 54.2587127094 53.9281197069 -13
3657 54.6133448186 54.2805910775 -13
3658 54.9679769278 54.6330624482 -13
3659 55.322609037 54.9855338188 -13
3660 55.6772411462 55.3380051894 -13
3661 56.0318732554 55.6904765601 -13
3662 56.3865053646 56.0429479307 -13
3663 56.7411374738 56.3954193013 -13
3664 53.9040806002 53.5756483363 -12.5
3665 54.2587127094 53.9281197069 -12.5
3666 54.6133448186 54.2805910775 -12.5
3667 54.9679769278 54.6330624482 -12.5
3668 55.322609037 54.9855338188 -12.5
3669 55.6772411462 55.3380051894 -12.5
3670 56.0318732554 55.6904765601 -12.5
3671 56.3865053646 56.0429479307 -12.5
3672 56.7411374738 56.3954193013 -12.5
3673 53.9040806002 53.5756483363 -12
3674 54.2587127094 53.9281197069 -12
3675 54.6133448186 54.2805910775 -12
3676 54.9679769278 54.6330624482 -12
3677 55.322609037 54.9855338188 -12
3678 55.6772411462 55.3380051894 -12
3679 56.0318732554 55.6904765601 -12
3680 56.3865053646 56.0429479307 -12
3681 56.7411374738 56.3954193013 -12
3682 53.9040806002 53.5756483363 -11.5
3683 54.2587127094 53.9281197069 -11.5
3684 54.6133448186 54.2805910775 -11.5
3685 54.9679769278 54.6330624482 -11.5
3686 55.322609037 54.9855338188 -11.5
3687 55.6772411462 55.3380051894 -11.5
3688 56.0318732554 55.6904765601 -11.5
3689 56.3865053646 56.0429479307 -11.5
3690 56.7411374738 56.3954193013 -11.5
3691 53.9040806002 53.5756483363 -11
3692 54.2587127094 53.9281197069 -11
3693 54.6133448186 54.2805910775 -11
3694 54.9679769278 54.6330624482 -11
3695 55.322609037 54.9855338188 -11
3696 55.6772411462 55.3380051894 -11
3697 56.0318732554 55.6904765601 -11
3698 56.3865053646 56.0429479307 -11
3699 56.7411374738 56.3954193013 -11
3700 53.9040806002 53.5756483363 -10.5
3701 54.2587127094 53.9281197069 -10.5
3702 54.6133448186 54.2805910775 -10.5
3703 54.9679769278 54.6330624482 -10.5
3704 55.322609037 54.9855338188 -10.5
3705 55.6772411462 55.3380051894 -10.5
3706 56.0318732554 55.6904765601 -10.5
3707 56.3865053646 56.0429479307 -10.5
3708 56.7411374738 56.3954193013 -10.5
3709 53.9040806002 53.5756483363 -10
3710 54.2587127094 53.9281197069 -10
3711 54.6133448186 54.2805910775 -10
3712 54.9679769278 54.6330624482 -10
3713 55.322609037 54.9855338188 -10
3714 55.6772411462 55.3380051894 -10
3715 56.0318732554 55.6904765601 -10
3716 56.3865053646 56.0429479307 -10
3717 56.7411374738 56.3954193013 -10
3718 53.9040806002 53.5756483363 -9.5
3719 54.2587127094 53.9281197069 -9.5
3720 54.6133448186 54.2805910775 -9.5
3721 54.9679769278 54.6330624482 -9.5
3722 55.322609037 54.9855338188 -9.5
3723 55.6772411462 55.3380051894 -9.5
3724 56.0318732554 55.6904765601 -9.5
3725 56.3865053646 56.0429479307 -9.5
3726 56.7411374738 56.3954193013 -9.5
3727 53.9040806002 53.5756483363 -9
3728 54.2587127094 53.9281197069 -9
3729 54.6133448186 54.2805910775 -9
3730 54.9679769278 54.6330624482 -9
3731 55.322609037 54.9855338188 -9
3732 55.6772411462 55.3380051894 -9
3733 56.0318732554 55.6904765601 -9
3734 56.3865053646 56.0429479307 -9
3735 56.7411374738 56.3954193013 -9
3736 53.9040806002 53.5756483363 -8.5
3737 54.2587127094 53.9281197069 -8.5
3738 54.6133448186 54.2805910775 -8.5
3739 54.9679769278 54.6330624482 -8.5
3740 55.322609037 54.9855338188 -8.5
3741 55.6772411462 55.3380051894 -8.5
3742 56.0318732554 55.6904765601 -8.5
3743 56.3865053646 56.0429479307 -8.5
3744 56.7411374738 56.3954193013 -8.5
3745 53.9040806002 53.5756483363 -8
3746 54.2587127094 53.9281197069 -8
3747 54.6133448186 54.2805910775 -8
3748 54.9679769278 54.6330624482 -8
3749 55.322609037 54.9855338188 -8
3750 55.6772411462 55.3380051894 -8
3751 56.0318732554 55.6904765601 -8
3752 56.3865053646 56.0429479307 -8
3753 56.7411374738 56.3954193013 -8
3754 53.9040806002 53.5756483363 -7.5
3755 54.2587127094 53.9281197069 -7.5
3756 54.6133448186 54.2805910775 -7.5
3757 54.9679769278 54.6330624482 -7.5
3758 55.322609037 54.9855338188 -7.5
3759 55.6772411462 55.3380051894 -7.5
3760 56.0318732554 55.6904765601 -7.5
3761 56.3865053646 56.0429479307 -7.5
3762 56.7411374738 56.3954193013 -7.5
3763 53.9040806002 53.5756483363 -7
3764 54.2587127094 53.9281197069 -7
3765 54.6133448186 54.2805910775 -7
3766 54.9679769278 54.6330624482 -7
3767 55.322609037 54.9855338188 -7
3768 55.6772411462 55.3380051894 -7
3769 56.0318732554 55.6904765601 -7
3770 56.3865053646 56.0429479307 -7
3771 56.7411374738 56.3954193013 -7
3772 53.9040806002 53.5756483363 -6.5
3773 54.2587127094 53.9281197069 -6.5
3774 54.6133448186 54.2805910775 -6.5
3775 54.9679769278 54.6330624482 -6.5
3776 55.322609037 54.9855338188 -6.5
3777 55.6772411462 55.3380051894 -6.5
3778 56.0318732554 55.6904765601 -6.5
3779 56.3865053646 56.0429479307 -6.5
3780 56.7411374738 56.3954193013 -6.5
3781 53.9040806002 53.5756483363 -6
3782 54.2587127094 53.9281197069 -6
3783 54.6133448186 54.2805910775 -6
3784 54.9679769278 54.6330624482 -6
3785 55.322609037 54.9855338188 -6
3786 55.6772411462 55.3380051894 -6
3787 56.0318732554 55.6904765601 -6
3788 56.3865053646 56.0429479307 -6
3789 56.7411374738 56.3954193013 -6
3790 53.9040806002 53.5756483363 -5.5
3791 54.2587127094 53.9281197069 -5.5
3792 54.6133448186 54.2805910775 -5.5
3793 54.9679769278 54.6330624482 -5.5
3794 55.322609037 54.9855338188 -5.5
3795 55.6772411462 55.3380051894 -5.5
3796 56.0318732554 55.6904765601 -5.5
3797 56.3865053646 56.0429479307 -5.5
3798 56.7411374738 56.3954193013 -5.5
3799 53.9040806002 53.5756483363 -5
3800 54.2587127094 53.9281197069 -5
3801 54.6133448186 54.2805910775 -5
3802 54.9679769278 54.6330624482 -5
3803 55.322609037 54.9855338188 -5
3804 55.6772411462 55.3380051894 -5
3805 56.0318732554 55.6904765601 -5
3806 56.3865053646 56.0429479307 -5
3807 56.7411374738 56.3954193013 -5
3808 53.9040806002 53.5756483363 -4.5
3809 54.2587127094 53.9281197069 -4.5
3810 54.6133448186 54.2805910775 -4.5
3811 54.9679769278 54.6330624482 -4.5
3812 55.322609037 54.9855338188 -4.5
3813 55.6772411462 55.3380051894 -4.5
3814 56.0318732554 55.6904765601 -4.5
3815 56.3865053646 56.0429479307 -4.5
3816 56.7411374738 56.3954193013 -4.5
3817 53.9040806002 53.5756483363 -4
3818 54.2587127094 53.9281197069 -4
3819 54.6133448186 54.2805910775 -4
3820 54.9679769278 54.6330624482 -4
3821 55.322609037 54.9855338188 -4
3822 55.6772411462 55.3380051894 -4
3823 56.0318732554 55.6904765601 -4
3824 56.3865053646 56.0429479307 -4
3825 56.7411374738 56.3954193013 -4
3826 53.9040806002 53.5756483363 -3.5
3827 54.2587127094 53.9281197069 -3.5
3828 54.6133448186 54.2805910775 -3.5
3829 54.9679769278 54.6330624482 -3.5
3830 55.322609037 54.9855338188 -3.5
3831 55.6772411462 55.3380051894 -3.5
3832 56.0318732554 55.6904765601 -3.5
3833 56.3865053646 56.0429479307 -3.5
3834 56.7411374738 56.3954193013 -3.5
3835 53.9040806002 53.5756483363 -3
3836 54.2587127094 53.9281197069 -3
3837 54.6133448186 54.2805910775 -3
3838 54.9679769278 54.6330624482 -3
3839 55.322609037 54.9855338188 -3
3840 55.6772411462 55.3380051894 -3
3841 56.0318732554 55.6904765601 -3
3842 56.3865053646 56.0429479307 -3
3843 56.7411374738 56.3954193013 -3
3844 53.9040806002 53.5756483363 -2.5
3845 54.2587127094 53.9281197069 -2.5
3846 54.6133448186 54.2805910775 -2.5
3847 54.9679769278 54.6330624482 -2.5
3848 55.322609037 54.9855338188 -2.5
3849 55.6772411462 55.3380051894 -2.5
3850 56.0318732554 55.6904765601 -2.5
3851 56.3865053646 56.0429479307 -2.5
3852 56.7411374738 56.3954193013 -2.5
3853 53.9040806002 53.5756483363 -2
3854 54.2587127094 53.9281197069 -2
3855 54.6133448186 54.2805910775 -2
3856 54.9679769278 54.6330624482 -2
3857 55.322609037 54.9855338188 -2
3858 55.6772411462 55.3380051894 -2
3859 56.0318732554 55.6904765601 -2
3860 56.3865053646 56.0429479307 -2
3861 56.7411374738 56.3954193013 -2
3862 53.9040806002 53.5756483363 -1.5
3863 54.2587127094 53.9281197069 -1.5
3864 54.6133448186 54.2805910775 -1.5
3865 54.9679769278 54.6330624482 -1.5
3866 55.322609037 54.9855338188 -1.5
3867 55.6772411462 55.3380051894 -1.5
3868 56.0318732554 55.6904765601 -1.5
3869 56.3865053646 56.0429479307 -1.5
3870 56.7411374738 56.3954193013 -1.5
3871 53.9040806002 53.5756483363 -1
3872 54.2587127094 53.9281197069 -1
3873 54.6133448186 54.2805910775 -1
3874 54.9679769278 54.6330624482 -1
3875 55.322609037 54.9855338188 -1
3876 55.6772411462 55.3380051894 -1
3877 56.0318732554 55.6904765601 -1
3878 56.3865053646 56.0429479307 -1
3879 56.7411374738 56.3954193013 -1
3880 53.9040806002 53.5756483363 -0.5
3881 54.2587127094 53.9281197069 -0.5
3882 54.6133448186 54.2805910775 -0.5
3883 54.9679769278 54.6330624482 -0.5
3884 55.322609037 54.9855338188 -0.5
3885 55.6772411462 55.3380051894 -0.5
3886 56.0318732554 55.6904765601 -0.5
3887 56.3865053646 56.0429479307 -0.5
3888 56.7411374738 56.3954193013 -0.5
3889 53.9040806002 53.5756483363 0
3890 54.2587127094 53.9281197069 0
3891 54.6133448186 54.2805910775 0
3892 54.9679769278 54.6330624482 0
3893 55.322609037 54.9855338188 0
3894 55.6772411462 55.3380051894 0
3895 56.0318732554 55.6904765601 0
3896 56.3865053646 56.0429479307 0
3897 56.7411374738 56.3954193013 0
3898 54.2468102417 53.2285973758 -16.53
3899 54.6036971512 53.5787855164 -16.53
3900 54.9605840607 53.9289736571 -16.53
3901 55.3174709702 54.2791617977 -16.53
3902 55.6743578797 54.6293499383 -16.53
3903 56.0312447892 54.979538079 -16.53
3904 56.3881316987 55.3297262196 -16.53
3905 56.7450186081 55.6799143602 -16.53
3906 57.1019055176 56.0301025009 -16.53
3907 54.2468102417 53.2285973758 -17.03
3908 54.6036971512 53.5787855164 -17.03
3909 54.9605840607 53.9289736571 -17.03
3910 55.3174709702 54.2791617977 -17.03
3911 55.6743578797 54.6293499383 -17.03
3912 56.0312447892 54.979538079 -17.03
3913 56.3881316987 55.3297262196 -17.03
3914 56.7450186081 55.6799143602 -17.03
3915 57.1019055176 56.0301025009 -17.03
3916 54.2468102417 53.2285973758 -16.03
3917 54.6036971512 53.5787855164 -16.03
3918 54.9605840607 53.9289736571 -16.03
3919 55.3174709702 54.2791617977 -16.03
3920 55.6743578797 54.6293499383 -16.03
3921 56.0312447892 54.979538079 -16.03
3922 56.3881316987 55.3297262196 -16.03
3923 56.7450186081 55.6799143602 -16.03
3924 57.1019055176 56.0301025009 -16.03
3925 54.2468102417 53.2285973758 -15.53
3926 54.6036971512 53.5787855164 -15.53
3927 54.9605840607 53.9289736571 -15.53
3928 55.3174709702 54.2791617977 -15.53
3929 55.6743578797 54.6293499383 -15.53
3930 56.0312447892 54.979538079 -15.53
3931 56.3881316987 55.3297262196 -15.53
3932 56.7450186081 55.6799143602 -15.53
3933 57.1019055176 56.0301025009 -15.53
3934 54.2468102417 53.2285973758 -15.03
3935 54.6036971512 53.5787855164 -15.03
3936 54.9605840607 53.9289736571 -15.03
3937 55.3174709702 54.2791617977 -15.03
3938 55.6743578797 54.6293499383 -15.03
3939 56.0312447892 54.979538079 -15.03
3940 56.3881316987 55.3297262196 -15.03
3941 56.7450186081 55.6799143602 -15.03
3942 57.1019055176 56.0301025009 -15.03
3943 54.2468102417 53.2285973758 -14.5
3944 54.6036971512 53.5787855164 -14.5
3945 54.9605840607 53.9289736571 -14.5
3946 55.3174709702 54.2791617977 -14.5
3947 55.6743578797 54.6293499383 -14.5
3948 56.0312447892 54.979538079 -14.5
3949 56.3881316987 55.3297262196 -14.5
3950 56.7450186081 55.6799143602 -14.5
3951 57.1019055176 56.0301025009 -14.5
3952 54.2468102417 53.2285973758 -14
3953 54.6036971512 53.5787855164 -14
3954 54.9605840607 53.9289736571 -14
3955 55.3174709702 54.2791617977 -14
3956 55.6743578797 54.6293499383 -14
3957 56.0312447892 54.979538079 -14
3958 56.3881316987 55.3297262196 -14
3959 56.7450186081 55.6799143602 -14
3960 57.1019055176 56.0301025009 -14
3961 54.2468102417 53.2285973758 -13.5
3962 54.6036971512 53.5787855164 -13.5
3963 54.9605840607 53.9289736571 -13.5
3964 55.3174709702 54.2791617977 -13.5
3965 55.6743578797 54.6293499383 -13.5
3966 56.0312447892 54.979538079 -13.5
3967 56.3881316987 55.3297262196 -13.5
3968 56.7450186081 55.6799143602 -13.5
3969 57.1019055176 56.0301025009 -13.5
3970 54.2468102417 53.2285973758 -13
3971 54.6036971512 53.5787855164 -13
3972 54.9605840607 53.9289736571 -13
3973 55.3174709702 54.2791617977 -13
3974 55.6743578797 54.6293499383 -13
3975 56.0312447892 54.979538079 -13
3976 56.3881316987 55.3297262196 -13
3977 56.7450186081 55.6799143602 -13
3978 57.1019055176 56.0301025009 -13
3979 54.2468102417 53.2285973758 -12.5
3980 54.6036971512 53.5787855164 -12.5
3981 54.9605840607 53.9289736571 -12.5
3982 55.3174709702 54.2791617977 -12.5
3983 55.6743578797 54.6293499383 -12.5
3984 56.0312447892 54.979538079 -12.5
3985 56.3881316987 55.3297262196 -12.5
3986 56.7450186081 55.6799143602 -12.5
3987 57.1019055176 56.0301025009 -12.5
3988 54.2468102417 53.2285973758 -12
3989 54.6036971512 53.5787855164 -12
3990 54.9605840607 53.9289736571 -12
3991 55.3174709702 54.2791617977 -12
3992 55.6743578797 54.6293499383 -12
3993 56.0312447892 54.979538079 -12
3994 56.3881316987 55.3297262196 -12
3995 56.7450186081 55.6799143602 -12
3996 57.1019055176 56.0301025009 -12
3997 54.2468102417 53.2285973758 -11.5
3998 54.6036971512 53.5787855164 -11.5
3999 54.9605840607 53.9289736571 -11.5
4000 55.3174709702 54.2791617977 -11.5
4001 55.6743578797 54.6293499383 -11.5
4002 56.0312447892 54.979538079 -11.5
4003 56.3881316987 55.3297262196 -11.5
4004 56.7450186081 55.6799143602 -11.5
4005 57.1019055176 56.0301025009 -11.5
4006 54.2468102417 53.2285973758 -11
4007 54.6036971512 53.5787855164 -11
4008 54.9605840607 53.9289736571 -11
4009 55.3174709702 54.2791617977 -11
4010 55.6743578797 54.6293499383 -11
4011 56.0312447892 54.979538079 -11
4012 56.3881316987 55.3297262196 -11
4013 56.7450186081 55.6799143602 -11
4014 57.1019055176 56.0301025009 -11
4015 54.2468102417 53.2285973758 -10.5
4016 54.6036971512 53.5787855164 -10.5
4017 54.9605840607 53.9289736571 -10.5
4018 55.3174709702 54.2791617977 -10.5
4019 55.6743578797 54.6293499383 -10.5
4020 56.0312447892 54.979538079 -10.5
4021 56.3881316987 55.3297262196 -10.5
4022 56.7450186081 55.6799143602 -10.5
4023 57.1019055176 56.0301025009 -10.5
4024 54.2468102417 53.2285973758 -10
4025 54.6036971512 53.5787855164 -10
4026 54.9605840607 53.9289736571 -10
4027 55.3174709702 54.2791617977 -10
4028 55.6743578797 54.6293499383 -10
4029 56.0312447892 54.979538079 -10
4030 56.3881316987 55.3297262196 -10
4031 56.7450186081 55.6799143602 -10
4032 57.1019055176 56.0301025009 -10
4033 54.2468102417 53.2285973758 -9.5
4034 54.6036971512 53.5787855164 -9.5
4035 54.9605840607 53.9289736571 -9.5
4036 55.3174709702 54.2791617977 -9.5
4037 55.6743578797 54.6293499383 -9.5
4038 56.0312447892 54.979538079 -9.5
4039 56.3881316987 55.3297262196 -9.5
4040 56.7450186081 55.6799143602 -9.5
4041 57.1019055176 56.0301025009 -9.5
4042 54.2468102417 53.2285973758 -9
4043 54.6036971512 53.5787855164 -9
4044 54.9605840607 53.9289736571 -9
4045 55.3174709702 54.2791617977 -9
4046 55.6743578797 54.6293499383 -9
4047 56.0312447892 54.979538079 -9
4048 56.3881316987 55.3297262196 -9
4049 56.7450186081 55.6799143602 -9
4050 57.1019055176 56.0301025009 -9
4051 54.2468102417 53.2285973758 -8.5
4052 54.6036971512 53.5787855164 -8.5
4053 54.9605840607 53.9289736571 -8.5
4054 55.3174709702 54.2791617977 -8.5
4055 55.6743578797 54.6293499383 -8.5
4056 56.0312447892 54.979538079 -8.5
4057 56.3881316987 55.3297262196 -8.5
4058 56.7450186081 55.6799143602 -8.5
4059 57.1019055176 56.0301025009 -8.5
4060 54.2468102417 53.2285973758 -8
4061 54.6036971512 53.5787855164 -8
4062 54.9605840607 53.9289736571 -8
4063 55.3174709702 54.2791617977 -8
4064 55.6743578797 54.6293499383 -8
4065 56.0312447892 54.979538079 -8
4066 56.3881316987 55.3297262196 -8
4067 56.7450186081 55.6799143602 -8
4068 57.1019055176 56.0301025009 -8
4069 54.2468102417 53.2285973758 -7.5
4070 54.6036971512 53.5787855164 -7.5
4071 54.9605840607 53.9289736571 -7.5
4072 55.3174709702 54.2791617977 -7.5
4073 55.6743578797 54.6293499383 -7.5
4074 56.0312447892 54.979538079 -7.5
4075 56.3881316987 55.3297262196 -7.5
4076 56.7450186081 55.6799143602 -7.5
4077 57.1019055176 56.0301025009 -7.5
4078 54.2468102417 53.2285973758 -7
4079 54.6036971512 53.5787855164 -7
4080 54.9605840607 53.9289736571 -7
4081 55.3174709702 54.2791617977 -7
4082 55.6743578797 54.6293499383 -7
4083 56.0312447892 54.979538079 -7
4084 56.3881316987 55.3297262196 -7
4085 56.7450186081 55.6799143602 -7
4086 57.1019055176 56.0301025009 -7
4087 54.2468102417 53.2285973758 -6.5
4088 54.6036971512 53.5787855164 -6.5
4089 54.9605840607 53.9289736571 -6.5
4090 55.3174709702 54.2791617977 -6.5
4091 55.6743578797 54.6293499383 -6.5
4092 56.0312447892 54.979538079 -6.5
4093 56.3881316987 55.3297262196 -6.5
4094 56.7450186081 55.6799143602 -6.5
4095 57.1019055176 56.0301025009 -6.5
4096 54.2468102417 53.2285973758 -6
4097 54.6036971512 53.5787855164 -6
4098 54.9605840607 53.9289736571 -6
4099 55.3174709702 54.2791617977 -6
4100 55.6743578797 54.6293499383 -6
4101 56.0312447892 54.979538079 -6
4102 56.3881316987 55.3297262196 -6
4103 56.7450186081 55.6799143602 -6
4104 57.1019055176 56.0301025009 -6
4105 54.2468102417 53.2285973758 -5.5
4106 54.6036971512 53.5787855164 -5.5
4107 54.9605840607 53.9289736571 -5.5
4108 55.3174709702 54.2791617977 -5.5
4109 55.6743578797 54.6293499383 -5.5
4110 56.0312447892 54.979538079 -5.5
4111 56.3881316987 55.3297262196 -5.5
4112 56.7450186081 55.6799143602 -5.5
4113 57.1019055176 56.0301025009 -5.5
4114 54.2468102417 53.2285973758 -5
4115 54.6036971512 53.5787855164 -5
4116 54.9605840607 53.9289736571 -5
4117 55.3174709702 54.2791617977 -5
4118 55.6743578797 54.6293499383 -5
4119 56.0312447892 54.979538079 -5
4120 56.3881316987 55.3297262196 -5
4121 56.7450186081 55.6799143602 -5
4122 57.1019055176 56.0301025009 -5
4123 54.2468102417 53.2285973758 -4.5
4124 54.6036971512 53.5787855164 -4.5
4125 54.9605840607 53.9289736571 -4.5
4126 55.3174709702 54.2791617977 -4.5
4127 55.6743578797 54.6293499383 -4.5
4128 56.0312447892 54.979538079 -4.5
4129 56.3881316987 55.3297262196 -4.5
4130 56.7450186081 55.6799143602 -4.5
4131 57.1019055176 56.0301025009 -4.5
4132 54.2468102417 53.2285973758 -4
4133 54.6036971512 53.5787855164 -4
4134 54.9605840607 53.9289736571 -4
4135 55.3174709702 54.2791617977 -4
4136 55.6743578797 54.6293499383 -4
4137 56.0312447892 54.979538079 -4
4138 56.3881316987 55.3297262196 -4
4139 56.7450186081 55.6799143602 -4
4140 57.1019055176 56.0301025009 -4
4141 54.2468102417 53.2285973758 -3.5
4142 54.6036971512 53.5787855164 -3.5
4143 54.9605840607 53.9289736571 -3.5
4144 55.3174709702 54.2791617977 -3.5
4145 55.6743578797 54.6293499383 -3.5
4146 56.0312447892 54.979538079 -3.5
4147 56.3881316987 55.3297262196 -3.5
4148 56.7450186081 55.6799143602 -3.5
4149 57.1019055176 56.0301025009 -3.5
4150 54.2468102417 53.2285973758 -3
4151 54.6036971512 53.5787855164 -3
4152 54.9605840607 53.9289736571 -3
4153 55.3174709702 54.2791617977 -3
4154 55.6743578797 54.6293499383 -3
4155 56.0312447892 54.979538079 -3
4156 56.3881316987 55.3297262196 -3
4157 56.7450186081 55.6799143602 -3
4158 57.1019055176 56.0301025009 -3
4159 54.2468102417 53.2285973758 -2.5
4160 54.6036971512 53.5787855164 -2.5
4161 54.9605840607 53.9289736571 -2.5
4162 55.3174709702 54.2791617977 -2.5
4163 55.6743578797 54.6293499383 -2.5
4164 56.0312447892 54.979538079 -2.5
4165 56.3881316987 55.3297262196 -2.5
4166 56.7450186081 55.6799143602 -2.5
4167 57.1019055176 56.0301025009 -2.5
4168 54.2468102417 53.2285973758 -2
4169 54.6036971512 53.5787855164 -2
4170 54.9605840607 53.9289736571 -2
4171 55.3174709702 54.2791617977 -2
4172 55.6743578797 54.6293499383 -2
4173 56.0312447892 54.979538079 -2
4174 56.3881316987 55.3297262196 -2
4175 56.7450186081 55.6799143602 -2
4176 57.1019055176 56.0301025009 -2
4177 54.2468102417 53.2285973758 -1.5
4178 54.6036971512 53.5787855164 -1.5
4179 54.9605840607 53.9289736571 -1.5
4180 55.3174709702 54.2791617977 -1.5
4181 55.6743578797 54.6293499383 -1.5
4182 56.0312447892 54.979538079 -1.5
4183 56.3881316987 55.3297262196 -1.5
4184 56.7450186081 55.6799143602 -1.5
4185 57.1019055176 56.0301025009 -1.5
4186 54.2468102417 53.2285973758 -1
4187 54.6036971512 53.5787855164 -1
4188 54.9605840607 53.9289736571 -1
4189 55.3174709702 54.2791617977 -1
4190 55.6743578797 54.6293499383 -1
4191 56.0312447892 54.979538079 -1
4192 56.3881316987 55.3297262196 -1
4193 56.7450186081 55.6799143602 -1
4194 57.1019055176 56.0301025009 -1
4195 54.2468102417 53.2285973758 -0.5
4196 54.6036971512 53.5787855164 -0.5
4197 54.9605840607 53.9289736571 -0.5
4198 55.3174709702 54.2791617977 -0.5
4199 55.6743578797 54.6293499383 -0.5
4200 56.0312447892 54.979538079 -0.5
4201 56.3881316987 55.3297262196 -0.5
4202 56.7450186081 55.6799143602 -0.5
4203 57.1019055176 56.0301025009 -0.5
4204 54.2468102417 53.2285973758 0
4205 54.6036971512 53.5787855164 0
4206 54.9605840607 53.9289736571 0
4207 55.3174709702 54.2791617977 0
4208 55.6743578797 54.6293499383 0
4209 56.0312447892 54.979538079 0
4210 56.3881316987 55.3297262196 0
4211 56.7450186081 55.6799143602 0
4212 57.1019055176 56.0301025009 0
$EndNodes
$Elements
5090
1 6 2 1 1 1 2 3 4 5 6
2 6 2 1 1 4 5 6 7 8 9
3 6 2 1 1 7 8 9 10 11 12
4 6 2 1 1 10 11 12 13 14 15
5 6 2 1 1 13 14 15 16 17 18
6 6 2 1 1 16 17 18 19 20 21
7 6 2 1 1 19 20 21 22 23 24
8 6 2 1 1 22 23 24 25 26 27
9 6 2 1 1 1 3 28 4 6 29
10 6 2 1 1 4 6 29 7 9 30
11 6 2 1 1 7 9 30 10 12 31
12 6 2 1 1 10 12 31 13 15 32
13 6 2 1 1 13 15 32 16 18 33
14 6 2 1 1 16 18 33 19 21 34
15 6 2 1 1 19 21 34 22 24 35
16 6 2 1 1 22 24 35 25 27 36
17 6 2 1 1 1 28 37 4 29 38
18 6 2 1 1 4 29 38 7 30 39
19 6 2 1 1 7 30 39 10 31 40
20 6 2 1 1 10 31 40 13 32 41
21 6 2 1 1 13 32 41 16 33 42
22 6 2 1 1 16 33 42 19 34 43
23 6 2 1 1 19 34 43 22 35 44
24 6 2 1 1 22 35 44 25 36 45
25 5 2 1 1 2 3 6 5 47 46 48 49
26 5 2 1 1 5 6 9 8 49 48 50 51
27 5 2 1 1 8 9 12 11 51 50 52 53
28 5 2 1 1 11 12 15 14 53 52 54 55
29 5 2 1 1 14 15 18 17 55 54 56 57
30 5 2 1 1 17 18 21 20 57 56 58 59
31 5 2 1 1 20 21 24 23 59 58 60 61
32 5 2 1 1 23 24 27 26 61 60 62 63
33 5 2 1 1 47 46 48 49 65 64 66 67
34 5 2 1 1 49 48 50 51 67 66 68 69
35 5 2 1 1 51 50 52 53 69 68 70 71
36 5 2 1 1 53 52 54 55 71 70 72 73
37 5 2 1 1 55 54 56 57 73 72 74 75
38 5 2 1 1 57 56 58 59 75 74 76 77
39 5 2 1 1 59 58 60 61 77 76 78 79
40 5 2 1 1 61 60 62 63 79 78 80 81
41 5 2 1 1 65 64 66 67 83 82 84 85
42 5 2 1 1 67 66 68 69 85 84 86 87
43 5 2 1 1 69 68 70 71 87 86 88 89
44 5 2 1 1 71 70 72 73 89 88 90 91
45 5 2 1 1 73 72 74 75 91 90 92 93
46 5 2 1 1 75 74 76 77 93 92 94 95
47 5 2 1 1 77 76 78 79 95 94 96 97
48 5 2 1 1 79 78 80 81 97 96 98 99
49 5 2 1 1 83 82 84 85 101 100 102 103
50 5 2 1 1 85 84 86 87 103 102 104 105
51 5 2 1 1 87 86 88 89 105 104 106 107
52 5 2 1 1 89 88 90 91 107 106 108 109
53 5 2 1 1 91 90 92 93 109 108 110 111
54 5 2 1 1 93 92 94 95 111 110 112 113
55 5 2 1 1 95 94 96 97 113 112 114 115
56 5 2 1 1 97 96 98 99 115 114 116 117
57 5 2 1 1 101 100 102 103 119 118 120 121
58 5 2 1 1 103 102 104 105 121 120 122 123
59 5 2 1 1 105 104 106 107 123 122 124 125
60 5 2 1 1 107 106 108 109 125 124 126 127
61 5 2 1 1 109 108 110 111 127 126 128 129
62 5 2 1 1 111 110 112 113 129 128 130 131
63 5 2 1 1 113 112 114 115 131 130 132 133
64 5 2 1 1 115 114 116 117 133 132 134 135
65 5 2 1 1 119 118 120 121 137 136 138 139
66 5 2 1 1 121 120 122 123 139 138 140 141
67 5 2 1 1 123 122 124 125 141 140 142 143
68 5 2 1 1 125 124 126 127 143 142 144 145
69 5 2 1 1 127 126 128 129 145 144 146 147
70 5 2 1 1 129 128 130 131 147 146 148 149
71 5 2 1 1 131 130 132 133 149 148 150 151
72 5 2 1 1 133 132 134 135 151 150 152 153
73 5 2 1 1 137 136 138 139 155 154 156 157
74 5 2 1 1 139 138 140 141 157 156 158 159
75 5 2 1 1 141 140 142 143 159 158 160 161
76 5 2 1 1 143 142 144 145 161 160 162 163
77 5 2 1 1 145 144 146 147 163 162 164 165
78 5 2 1 1 147 146 148 149 165 164 166 167
79 5 2 1 1 149 148 150 151 167 166 168 169
80 5 2 1 1 151 150 152 153 169 168 170 171
81 5 2 1 1 155 154 156 157 173 172 174 175
82 5 2 1 1 157 156 158 159 175 174 176 177
83 5 2 1 1 159 158 160 161 177 176 178 179
84 5 2 1 1 161 160 162 163 179 178 180 181
85 5 2 1 1 163 162 164 165 181 180 182 183
86 5 2 1 1 165 164 166 167 183 182 184 185
87 5 2 1 1 167 166 168 169 185 184 186 187
88 5 2 1 1 169 168 170 171 187 186 188 189
89 5 2 1 1 173 172 174 175 191 190 192 193
90 5 2 1 1 175 174 176 177 193 192 194 195
91 5 2 1 1 177 176 178 179 195 194 196 197
92 5 2 1 1 179 178 180 181 197 196 198 199
93 5 2 1 1 181 180 182 183 199 198 200 201
94 5 2 1 1 183 182 184 185 201 200 202 203
95 5 2 1 1 185 184 186 187 203 202 204 205
96 5 2 1 1 187 186 188 189 205 204 206 207
97 5 2 1 1 191 190 192 193 209 208 210 211
98 5 2 1 1 193 192 194 195 211 210 212 213
99 5 2 1 1 195 194 196 197 213 212 214 215
100 5 2 1 1 197 196 198 199 215 214 216 217
101 5 2 1 1 199 198 200 201 217 216 218 219
102 5 2 1 1 201 200 202 203 219 218 220 221
103 5 2 1 1 203 202 204 205 221 220 222 223
104 5 2 1 1 205 204 206 207 223 222 224 225
105 5 2 1 1 209 208 210 211 227 226 228 229
106 5 2 1 1 211 210 212 213 229 228 230 231
107 5 2 1 1 213 212 214 215 231 230 232 233
108 5 2 1 1 215 214 216 217 233 232 234 235
109 5 2 1 1 217 216 218 219 235 234 236 237
110 5 2 1 1 219 218 220 221 237 236 238 239
111 5 2 1 1 221 220 222 223 239 238 240 241
112 5 2 1 1 223 222 224 225 241 240 242 243
113 5 2 1 1 227 226 228 229 245 244 246 247
114 5 2 1 1 229 228 230 231 247 246 248 249
115 5 2 1 1 231 230 232 233 249 248 250 251
116 5 2 1 1 233 232 234 235 251 250 252 253
117 5 2 1 1 235 234 236 237 253 252 254 255
118 5 2 1 1 237 236 238 239 255 254 256 257
119 5 2 1 1 239 238 240 241 257 256 258 259
120 5 2 1 1 241 240 242 243 259 258 260 261
121 5 2 1 1 245 244 246 247 263 262 264 265
122 5 2 1 1 247 246 248 249 265 264 266 267
123 5 2 1 1 249 248 250 251 267 266 268 269
124 5 2 1 1 251 250 252 253 269 268 270 271
125 5 2 1 1 253 252 254 255 271 270 272 273
126 5 2 1 1 255 254 256 257 273 272 274 275
127 5 2 1 1 257 256 258 259 275 274 276 277
128 5 2 1 1 259 258 260 261 277 276 278 279
129 5 2 1 1 263 262 264 265 281 280 282 283
130 5 2 1 1 265 264 266 267 283 282 284 285
131 5 2 1 1 267 266 268 269 285 284 286 287
132 5 2 1 1 269 268 270 271 287 286 288 289
133 5 2 1 1 271 270 272 273 289 288 290 291
134 5 2 1 1 273 272 274 275 291 290 292 293
135 5 2 1 1 275 274 276 277 293 292 294 295
136 5 2 1 1 277 276 278 279 295 294 296 297
137 5 2 1 1 281 280 282 283 299 298 300 301
138 5 2 1 1 283 282 284 285 301 300 302 303
139 5 2 1 1 285 284 286 287 303 302 304 305
140 5 2 1 1 287 286 288 289 305 304 306 307
141 5 2 1 1 289 288 290 291 307 306 308 309
142 5 2 1 1 291 290 292 293 309 308 310 311
143 5 2 1 1 293 292 294 295 311 310 312 313
144 5 2 1 1 295 294 296 297 313 312 314 315
145 5 2 1 1 299 298 300 301 317 316 318 319
146 5 2 1 1 301 300 302 303 319 318 320 321
147 5 2 1 1 303 302 304 305 321 320 322 323
148 5 2 1 1 305 304 306 307 323 322 324 325
149 5 2 1 1 307 306 308 309 325 324 326 327
150 5 2 1 1 309 308 310 311 327 326 328 329
151 5 2 1 1 311 310 312 313 329 328 330 331
152 5 2 1 1 313 312 314 315 331 330 332 333
153 5 2 1 1 317 316 318 319 335 334 336 337
154 5 2 1 1 319 318 320 321 337 336 338 339
155 5 2 1 1 321 320 322 323 339 338 340 341
156 5 2 1 1 323 322 324 325 341 340 342 343
157 5 2 1 1 325 324 326 327 343 342 344 345
158 5 2 1 1 327 326 328 329 345 344 346 347
159 5 2 1 1 329 328 330 331 347 346 348 349
160 5 2 1 1 331 330 332 333 349 348 350 351
161 5 2 1 1 335 334 336 337 353 352 354 355
162 5 2 1 1 337 336 338 339 355 354 356 357
163 5 2 1 1 339 338 340 341 357 356 358 359
164 5 2 1 1 341 340 342 343 359 358 360 361
165 5 2 1 1 343 342 344 345 361 360 362 363
166 5 2 1 1 345 344 346 347 363 362 364 365
167 5 2 1 1 347 346 348 349 365 364 366 367
168 5 2 1 1 349 348 350 351 367 366 368 369
169 5 2 1 1 353 352 354 355 371 370 372 373
170 5 2 1 1 355 354 356 357 373 372 374 375
171 5 2 1 1 357 356 358 359 375 374 376 377
172 5 2 1 1 359 358 360 361 377 376 378 379
173 5 2 1 1 361 360 362 363 379 378 380 381
174 5 2 1 1 363 362 364 365 381 380 382 383
175 5 2 1 1 365 364 366 367 383 382 384 385
176 5 2 1 1 367 366 368 369 385 384 386 387
177 5 2 1 1 371 370 372 373 389 388 390 391
178 5 2 1 1 373 372 374 375 391 390 392 393
179 5 2 1 1 375 374 376 377 393 392 394 395
180 5 2 1 1 377 376 378 379 395 394 396 397
181 5 2 1 1 379 378 380 381 397 396 398 399
182 5 2 1 1 381 380 382 383 399 398 400 401
183 5 2 1 1 383 382 384 385 401 400 402 403
184 5 2 1 1 385 384 386 387 403 402 404 405
185 5 2 1 1 389 388 390 391 407 406 408 409
186 5 2 1 1 391 390 392 393 409 408 410 411
187 5 2 1 1 393 392 394 395 411 410 412 413
188 5 2 1 1 395 394 396 397 413 412 414 415
189 5 2 1 1 397 396 398 399 415 414 416 417
190 5 2 1 1 399 398 400 401 417 416 418 419
191 5 2 1 1 401 400 402 403 419 418 420 421
192 5 2 1 1 403 402 404 405 421 420 422 423
193 5 2 1 1 407 406 408 409 425 424 426 427
194 5 2 1 1 409 408 410 411 427 426 428 429
195 5 2 1 1 411 410 412 413 429 428 430 431
196 5 2 1 1 413 412 414 415 431 430 432 433
197 5 2 1 1 415 414 416 417 433 432 434 435
198 5 2 1 1 417 416 418 419 435 434 436 437
199 5 2 1 1 419 418 420 421 437 436 438 439
200 5 2 1 1 421 420 422 423 439 438 440 441
201 5 2 1 1 425 424 426 427 443 442 444 445
202 5 2 1 1 427 426 428 429 445 444 446 447
203 5 2 1 1 429 428 430 431 447 446 448 449
204 5 2 1 1 431 430 432 433 449 448 450 451
205 5 2 1 1 433 432 434 435 451 450 452 453
206 5 2 1 1 435 434 436 437 453 452 454 455
207 5 2 1 1 437 436 438 439 455 454 456 457
208 5 2 1 1 439 438 440 441 457 456 458 459
209 5 2 1 1 443 442 444 445 461 460 462 463
210 5 2 1 1 445 444 446 447 463 462 464 465
211 5 2 1 1 447 446 448 449 465 464 466 467
212 5 2 1 1 449 448 450 451 467 466 468 469
213 5 2 1 1 451 450 452 453 469 468 470 471
214 5 2 1 1 453 452 454 455 471 470 472 473
215 5 2 1 1 455 454 456 457 473 472 474 475
216 5 2 1 1 457 456 458 459 475 474 476 477
217 5 2 1 1 461 460 462 463 479 478 480 481
218 5 2 1 1 463 462 464 465 481 480 482 483
219 5 2 1 1 465 464 466 467 483 482 484 485
220 5 2 1 1 467 466 468 469 485 484 486 487
221 5 2 1 1 469 468 470 471 487 486 488 489
222 5 2 1 1 471 470 472 473 489 488 490 491
223 5 2 1 1 473 472 474 475 491 490 492 493
224 5 2 1 1 475 474 476 477 493 492 494 495
225 5 2 1 1 479 478 480 481 497 496 498 499
226 5 2 1 1 481 480 482 483 499 498 500 501
227 5 2 1 1 483 482 484 485 501 500 502 503
228 5 2 1 1 485 484 486 487 503 502 504 505
229 5 2 1 1 487 486 488 489 505 504 506 507
230 5 2 1 1 489 488 490 491 507 506 508 509
231 5 2 1 1 491 490 492 493 509 508 510 511
232 5 2 1 1 493 492 494 495 511 510 512 513
233 5 2 1 1 497 496 498 499 515 514 516 517
234 5 2 1 1 499 498 500 501 517 516 518 519
235 5 2 1 1 501 500 502 503 519 518 520 521
236 5 2 1 1 503 502 504 505 521 520 522 523
237 5 2 1 1 505 504 506 507 523 522 524 525
238 5 2 1 1 507 506 508 509 525 524 526 527
239 5 2 1 1 509 508 510 511 527 526 528 529
240 5 2 1 1 511 510 512 513 529 528 530 531
241 5 2 1 1 515 514 516 517 533 532 534 535
242 5 2 1 1 517 516 518 519 535 534 536 537
243 5 2 1 1 519 518 520 521 537 536 538 539
244 5 2 1 1 521 520 522 523 539 538 540 541
245 5 2 1 1 523 522 524 525 541 540 542 543
246 5 2 1 1 525 524 526 527 543 542 544 545
247 5 2 1 1 527 526 528 529 545 544 546 547
248 5 2 1 1 529 528 530 531 547 546 548 549
249 5 2 1 1 533 532 534 535 551 550 552 553
250 5 2 1 1 535 534 536 537 553 552 554 555
251 5 2 1 1 537 536 538 539 555 554 556 557
252 5 2 1 1 539 538 540 541 557 556 558 559
253 5 2 1 1 541 540 542 543 559 558 560 561
254 5 2 1 1 543 542 544 545 561 560 562 563
255 5 2 1 1 545 544 546 547 563 562 564 565
256 5 2 1 1 547 546 548 549 565 564 566 567
257 6 2 1 1 37 28 568 38 29 569
258 6 2 1 1 38 29 569 39 30 570
259 6 2 1 1 39 30 570 40 31 571
260 6 2 1 1 40 31 571 41 32 572
261 6 2 1 1 41 32 572 42 33 573
262 6 2 1 1 42 33 573 43 34 574
263 6 2 1 1 43 34 574 44 35 575
264 6 2 1 1 44 35 575 45 36 576
265 6 2 1 1 37 568 577 38 569 578
266 6 2 1 1 38 569 578 39 570 579
267 6 2 1 1 39 570 579 40 571 580
268 6 2 1 1 40 571 580 41 572 581
269 6 2 1 1 41 572 581 42 573 582
270 6 2 1 1 42 573 582 43 574 583
271 6 2 1 1 43 574 583 44 575 584
272 6 2 1 1 44 575 584 45 576 585
273 5 2 1 1 28 568 569 29 3 586 587 6
274 5 2 1 1 29 569 570 30 6 587 588 9
275 5 2 1 1 30 570 571 31 9 588 589 12
276 5 2 1 1 31 571 572 32 12 589 590 15
277 5 2 1 1 32 572 573 33 15 590 591 18
278 5 2 1 1 33 573 574 34 18 591 592 21
279 5 2 1 1 34 574 575 35 21 592 593 24
280 5 2 1 1 35 575 576 36 24 593 594 27
281 5 2 1 1 3 586 587 6 46 595 596 48
282 5 2 1 1 6 587 588 9 48 596 597 50
283 5 2 1 1 9 588 589 12 50 597 598 52
284 5 2 1 1 12 589 590 15 52 598 599 54
285 5 2 1 1 15 590 591 18 54 599 600 56
286 5 2 1 1 18 591 592 21 56 600 601 58
287 5 2 1 1 21 592 593 24 58 601 602 60
288 5 2 1 1 24 593 594 27 60 602 603 62
289 5 2 1 1 46 595 596 48 64 604 605 66
290 5 2 1 1 48 596 597 50 66 605 606 68
291 5 2 1 1 50 597 598 52 68 606 607 70
292 5 2 1 1 52 598 599 54 70 607 608 72
293 5 2 1 1 54 599 600 56 72 608 609 74
294 5 2 1 1 56 600 601 58 74 609 610 76
295 5 2 1 1 58 601 602 60 76 610 611 78
296 5 2 1 1 60 602 603 62 78 611 612 80
297 5 2 1 1 64 604 605 66 82 613 614 84
298 5 2 1 1 66 605 606 68 84 614 615 86
299 5 2 1 1 68 606 607 70 86 615 616 88
300 5 2 1 1 70 607 608 72 88 616 617 90
301 5 2 1 1 72 608 609 74 90 617 618 92
302 5 2 1 1 74 609 610 76 92 618 619 94
303 5 2 1 1 76 610 611 78 94 619 620 96
304 5 2 1 1 78 611 612 80 96 620 621 98
305 5 2 1 1 82 613 614 84 100 622 623 102
306 5 2 1 1 84 614 615 86 102 623 624 104
307 5 2 1 1 86 615 616 88 104 624 625 106
308 5 2 1 1 88 616 617 90 106 625 626 108
309 5 2 1 1 90 617 618 92 108 626 627 110
310 5 2 1 1 92 618 619 94 110 627 628 112
311 5 2 1 1 94 619 620 96 112 628 629 114
312 5 2 1 1 96 620 621 98 114 629 630 116
313 5 2 1 1 100 622 623 102 118 631 632 120
314 5 2 1 1 102 623 624 104 120 632 633 122
315 5 2 1 1 104 624 625 106 122 633 634 124
316 5 2 1 1 106 625 626 108 124 634 635 126
317 5 2 1 1 108 626 627 110 126 635 636 128
318 5 2 1 1 110 627 628 112 128 636 637 130
319 5 2 1 1 112 628 629 114 130 637 638 132
320 5 2 1 1 114 629 630 116 132 638 639 134
321 5 2 1 1 118 631 632 120 136 640 641 138
322 5 2 1 1 120 632 633 122 138 641 642 140
323 5 2 1 1 122 633 634 124 140 642 643 142
324 5 2 1 1 124 634 635 126 142 643 644 144
325 5 2 1 1 126 635 636 128 144 644 645 146
326 5 2 1 1 128 636 637 130 146 645 646 148
327 5 2 1 1 130 637 638 132 148 646 647 150
328 5 2 1 1 132 638 639 134 150 647 648 152
329 5 2 1 1 136 640 641 138 154 649 650 156
330 5 2 1 1 138 641 642 140 156 650 651 158
331 5 2 1 1 140 642 643 142 158 651 652 160
332 5 2 1 1 142 643 644 144 160 652 653 162
333 5 2 1 1 144 644 645 146 162 653 654 164
334 5 2 1 1 146 645 646 148 164 654 655 166
335 5 2 1 1 148 646 647 150 166 655 656 168
336 5 2 1 1 150 647 648 152 168 656 657 170
337 5 2 1 1 154 649 650 156 172 658 659 174
338 5 2 1 1 156 650 651 158 174 659 660 176
339 5 2 1 1 158 651 652 160 176 660 661 178
340 5 2 1 1 160 652 653 162 178 661 662 180
341 5 2 1 1 162 653 654 164 180 662 663 182
342 5 2 1 1 164 654 655 166 182 663 664 184
343 5 2 1 1 166 655 656 168 184 664 665 186
344 5 2 1 1 168 656 657 170 186 665 666 188
345 5 2 1 1 172 658 659 174 190 667 668 192
346 5 2 1 1 174 659 660 176 192 668 669 194
347 5 2 1 1 176 660 661 178 194 669 670 196
348 5 2 1 1 178 661 662 180 196 670 671 198
349 5 2 1 1 180 662 663 182 198 671 672 200
350 5 2 1 1 182 663 664 184 200 672 673 202
351 5 2 1 1 184 664 665 186 202 673 674 204
352 5 2 1 1 186 665 666 188 204 674 675 206
353 5 2 1 1 190 667 668 192 208 676 677 210
354 5 2 1 1 192 668 669 194 210 677 678 212
355 5 2 1 1 194 669 670 196 212 678 679 214
356 5 2 1 1 196 670 671 198 214 679 680 216
357 5 2 1 1 198 671 672 200 216 680 681 218
358 5 2 1 1 200 672 673 202 218 681 682 220
359 5 2 1 1 202 673 674 204 220 682 683 222
360 5 2 1 1 204 674 675 206 222 683 684 224
361 5 2 1 1 208 676 677 210 226 685 686 228
362 5 2 1 1 210 677 678 212 228 686 687 230
363 5 2 1 1 212 678 679 214 230 687 688 232
364 5 2 1 1 214 679 680 216 232 688 689 234
365 5 2 1 1 216 680 681 218 234 689 690 236
366 5 2 1 1 218 681 682 220 236 690 691 238
367 5 2 1 1 220 682 683 222 238 691 692 240
368 5 2 1 1 222 683 684 224 240 692 693 242
369 5 2 1 1 226 685 686 228 244 694 695 246
370 5 2 1 1 228 686 687 230 246 695 696 248
371 5 2 1 1 230 687 688 232 248 696 697 250
372 5 2 1 1 232 688 689 234 250 697 698 252
373 5 2 1 1 234 689 690 236 252 698 699 254
374 5 2 1 1 236 690 691 238 254 699 700 256
375 5 2 1 1 238 691 692 240 256 700 701 258
376 5 2 1 1 240 692 693 242 258 701 702 260
377 5 2 1 1 244 694 695 246 262 703 704 264
378 5 2 1 1 246 695 696 248 264 704 705 266
379 5 2 1 1 248 696 697 250 266 705 706 268
380 5 2 1 1 250 697 698 252 268 706 707 270
381 5 2 1 1 252 698 699 254 270 707 708 272
382 5 2 1 1 254 699 700 256 272 708 709 274
383 5 2 1 1 256 700 701 258 274 709 710 276
384 5 2 1 1 258 701 702 260 276 710 711 278
385 5 2 1 1 262 703 704 264 280 712 713 282
386 5 2 1 1 264 704 705 266 282 713 714 284
387 5 2 1 1 266 705 706 268 284 714 715 286
388 5 2 1 1 268 706 707 270 286 715 716 288
389 5 2 1 1 270 707 708 272 288 716 717 290
390 5 2 1 1 272 708 709 274 290 717 718 292
391 5 2 1 1 274 709 710 276 292 718 719 294
392 5 2 1 1 276 710 711 278 294 719 720 296
393 5 2 1 1 280 712 713 282 298 721 722 300
394 5 2 1 1 282 713 714 284 300 722 723 302
395 5 2 1 1 284 714 715 286 302 723 724 304
396 5 2 1 1 286 715 716 288 304 724 725 306
397 5 2 1 1 288 716 717 290 306 725 726 308
398 5 2 1 1 290 717 718 292 308 726 727 310
399 5 2 1 1 292 718 719 294 310 727 728 312
400 5 2 1 1 294 719 720 296 312 728 729 314
401 5 2 1 1 298 721 722 300 316 730 731 318
402 5 2 1 1 300 722 723 302 318 731 732 320
403 5 2 1 1 302 723 724 304 320 732 733 322
404 5 2 1 1 304 724 725 306 322 733 734 324
405 5 2 1 1 306 725 726 308 324 734 735 326
406 5 2 1 1 308 726 727 310 326 735 736 328
407 5 2 1 1 310 727 728 312 328 736 737 330
408 5 2 1 1 312 728 729 314 330 737 738 332
409 5 2 1 1 316 730 731 318 334 739 740 336
410 5 2 1 1 318 731 732 320 336 740 741 338
411 5 2 1 1 320 732 733 322 338 741 742 340
412 5 2 1 1 322 733 734 324 340 742 743 342
413 5 2 1 1 324 734 735 326 342 743 744 344
414 5 2 1 1 326 735 736 328 344 744 745 346
415 5 2 1 1 328 736 737 330 346 745 746 348
416 5 2 1 1 330 737 738 332 348 746 747 350
417 5 2 1 1 334 739 740 336 352 748 749 354
418 5 2 1 1 336 740 741 338 354 749 750 356
419 5 2 1 1 338 741 742 340 356 750 751 358
420 5 2 1 1 340 742 743 342 358 751 752 360
421 5 2 1 1 342 743 744 344 360 752 753 362
422 5 2 1 1 344 744 745 346 362 753 754 364
423 5 2 1 1 346 745 746 348 364 754 755 366
424 5 2 1 1 348 746 747 350 366 755 756 368
425 5 2 1 1 352 748 749 354 370 757 758 372
426 5 2 1 1 354 749 750 356 372 758 759 374
427 5 2 1 1 356 750 751 358 374 759 760 376
428 5 2 1 1 358 751 752 360 376 760 761 378
429 5 2 1 1 360 752 753 362 378 761 762 380
430 5 2 1 1 362 753 754 364 380 762 763 382
431 5 2 1 1 364 754 755 366 382 763 764 384
432 5 2 1 1 366 755 756 368 384 764 765 386
433 5 2 1 1 370 757 758 372 388 766 767 390
434 5 2 1 1 372 758 759 374 390 767 768 392
435 5 2 1 1 374 759 760 376 392 768 769 394
436 5 2 1 1 376 760 761 378 394 769 770 396
437 5 2 1 1 378 761 762 380 396 770 771 398
438 5 2 1 1 380 762 763 382 398 771 772 400
439 5 2 1 1 382 763 764 384 400 772 773 402
440 5 2 1 1 384 764 765 386 402 773 774 404
441 5 2 1 1 388 766 767 390 406 775 776 408
442 5 2 1 1 390 767 768 392 408 776 777 410
443 5 2 1 1 392 768 769 394 410 777 778 412
444 5 2 1 1 394 769 770 396 412 778 779 414
445 5 2 1 1 396 770 771 398 414 779 780 416
446 5 2 1 1 398 771 772 400 416 780 781 418
447 5 2 1 1 400 772 773 402 418 781 782 420
448 5 2 1 1 402 773 774 404 420 782 783 422
449 5 2 1 1 406 775 776 408 424 784 785 426
450 5 2 1 1 408 776 777 410 426 785 786 428
451 5 2 1 1 410 777 778 412 428 786 787 430
452 5 2 1 1 412 778 779 414 430 787 788 432
453 5 2 1 1 414 779 780 416 432 788 789 434
454 5 2 1 1 416 780 781 418 434 789 790 436
455 5 2 1 1 418 781 782 420 436 790 791 438
456 5 2 1 1 420 782 783 422 438 791 792 440
457 5 2 1 1 424 784 785 426 442 793 794 444
458 5 2 1 1 426 785 786 428 444 794 795 446
459 5 2 1 1 428 786 787 430 446 795 796 448
460 5 2 1 1 430 787 788 432 448 796 797 450
461 5 2 1 1 432 788 789 434 450 797 798 452
462 5 2 1 1 434 789 790 436 452 798 799 454
463 5 2 1 1 436 790 791 438 454 799 800 456
464 5 2 1 1 438 791 792 440 456 800 801 458
465 5 2 1 1 442 793 794 444 460 802 803 462
466 5 2 1 1 444 794 795 446 462 803 804 464
467 5 2 1 1 446 795 796 448 464 804 805 466
468 5 2 1 1 448 796 797 450 466 805 806 468
469 5 2 1 1 450 797 798 452 468 806 807 470
470 5 2 1 1 452 798 799 454 470 807 808 472
471 5 2 1 1 454 799 800 456 472 808 809 474
472 5 2 1 1 456 800 801 458 474 809 810 476
473 5 2 1 1 460 802 803 462 478 811 812 480
474 5 2 1 1 462 803 804 464 480 812 813 482
475 5 2 1 1 464 804 805 466 482 813 814 484
476 5 2 1 1 466 805 806 468 484 814 815 486
477 5 2 1 1 468 806 807 470 486 815 816 488
478 5 2 1 1 470 807 808 472 488 816 817 490
479 5 2 1 1 472 808 809 474 490 817 818 492
480 5 2 1 1 474 809 810 476 492 818 819 494
481 5 2 1 1 478 811 812 480 496 820 821 498
482 5 2 1 1 480 812 813 482 498 821 822 500
483 5 2 1 1 482 813 814 484 500 822 823 502
484 5 2 1 1 484 814 815 486 502 823 824 504
485 5 2 1 1 486 815 816 488 504 824 825 506
486 5 2 1 1 488 816 817 490 506 825 826 508
487 5 2 1 1 490 817 818 492 508 826 827 510
488 5 2 1 1 492 818 819 494 510 827 828 512
489 5 2 1 1 496 820 821 498 514 829 830 516
490 5 2 1 1 498 821 822 500 516 830 831 518
491 5 2 1 1 500 822 823 502 518 831 832 520
492 5 2 1 1 502 823 824 504 520 832 833 522
493 5 2 1 1 504 824 825 506 522 833 834 524
494 5 2 1 1 506 825 826 508 524 834 835 526
495 5 2 1 1 508 826 827 510 526 835 836 528
496 5 2 1 1 510 827 828 512 528 836 837 530
497 5 2 1 1 514 829 830 516 532 838 839 534
498 5 2 1 1 516 830 831 518 534 839 840 536
499 5 2 1 1 518 831 832 520 536 840 841 538
500 5 2 1 1 520 832 833 522 538 841 842 540
501 5 2 1 1 522 833 834 524 540 842 843 542
502 5 2 1 1 524 834 835 526 542 843 844 544
503 5 2 1 1 526 835 836 528 544 844 845 546
504 5 2 1 1 528 836 837 530 546 845 846 548
505 5 2 1 1 532 838 839 534 550 847 848 552
506 5 2 1 1 534 839 840 536 552 848 849 554
507 5 2 1 1 536 840 841 538 554 849 850 556
508 5 2 1 1 538 841 842 540 556 850 851 558
509 5 2 1 1 540 842 843 542 558 851 852 560
510 5 2 1 1 542 843 844 544 560 852 853 562
511 5 2 1 1 544 844 845 546 562 853 854 564
512 5 2 1 1 546 845 846 548 564 854 855 566
513 6 2 1 1 577 568 856 578 569 857
514 6 2 1 1 578 569 857 579 570 858
515 6 2 1 1 579 570 858 580 571 859
516 6 2 1 1 580 571 859 581 572 860
517 6 2 1 1 581 572 860 582 573 861
518 6 2 1 1 582 573 861 583 574 862
519 6 2 1 1 583 574 862 584 575 863
520 6 2 1 1 584 575 863 585 576 864
521 6 2 1 1 577 856 865 578 857 866
522 6 2 1 1 578 857 866 579 858 867
523 6 2 1 1 579 858 867 580 859 868
524 6 2 1 1 580 859 868 581 860 869
525 6 2 1 1 581 860 869 582 861 870
526 6 2 1 1 582 861 870 583 862 871
527 6 2 1 1 583 862 871 584 863 872
528 6 2 1 1 584 863 872 585 864 873
529 5 2 1 1 568 856 857 569 586 874 875 587
530 5 2 1 1 569 857 858 570 587 875 876 588
531 5 2 1 1 570 858 859 571 588 876 877 589
532 5 2 1 1 571 859 860 572 589 877 878 590
533 5 2 1 1 572 860 861 573 590 878 879 591
534 5 2 1 1 573 861 862 574 591 879 880 592
535 5 2 1 1 574 862 863 575 592 880 881 593
536 5 2 1 1 575 863 864 576 593 881 882 594
537 5 2 1 1 586 874 875 587 595 883 884 596
538 5 2 1 1 587 875 876 588 596 884 885 597
539 5 2 1 1 588 876 877 589 597 885 886 598
540 5 2 1 1 589 877 878 590 598 886 887 599
541 5 2 1 1 590 878 879 591 599 887 888 600
542 5 2 1 1 591 879 880 592 600 888 889 601
543 5 2 1 1 592 880 881 593 601 889 890 602
544 5 2 1 1 593 881 882 594 602 890 891 603
545 5 2 1 1 595 883 884 596 604 892 893 605
546 5 2 1 1 596 884 885 597 605 893 894 606
547 5 2 1 1 597 885 886 598 606 894 895 607
548 5 2 1 1 598 886 887 599 607 895 896 608
549 5 2 1 1 599 887 888 600 608 896 897 609
550 5 2 1 1 600 888 889 601 609 897 898 610
551 5 2 1 1 601 889 890 602 610 898 899 611
552 5 2 1 1 602 890 891 603 611 899 900 612
553 5 2 1 1 604 892 893 605 613 901 902 614
554 5 2 1 1 605 893 894 606 614 902 903 615
555 5 2 1 1 606 894 895 607 615 903 904 616
556 5 2 1 1 607 895 896 608 616 904 905 617
557 5 2 1 1 608 896 897 609 617 905 906 618
558 5 2 1 1 609 897 898 610 618 906 907 619
559 5 2 1 1 610 898 899 611 619 907 908 620
560 5 2 1 1 611 899 900 612 620 908 909 621
561 5 2 1 1 613 901 902 614 622 910 911 623
562 5 2 1 1 614 902 903 615 623 911 912 624
563 5 2 1 1 615 903 904 616 624 912 913 625
564 5 2 1 1 616 904 905 617 625 913 914 626
565 5 2 1 1 617 905 906 618 626 914 915 627
566 5 2 1 1 618 906 907 619 627 915 916 628
567 5 2 1 1 619 907 908 620 628 916 917 629
568 5 2 1 1 620 908 909 621 629 917 918 630
569 5 2 1 1 622 910 911 623 631 919 920 632
570 5 2 1 1 623 911 912 624 632 920 921 633
571 5 2 1 1 624 912 913 625 633 921 922 634
572 5 2 1 1 625 913 914 626 634 922 923 635
573 5 2 1 1 626 914 915 627 635 923 924 636
574 5 2 1 1 627 915 916 628 636 924 925 637
575 5 2 1 1 628 916 917 629 637 925 926 638
576 5 2 1 1 629 917 918 630 638 926 927 639
577 5 2 1 1 631 919 920 632 640 928 929 641
578 5 2 1 1 632 920 921 633 641 929 930 642
579 5 2 1 1 633 921 922 634 642 930 931 643
580 5 2 1 1 634 922 923 635 643 931 932 644
581 5 2 1 1 635 923 924 636 644 932 933 645
582 5 2 1 1 636 924 925 637 645 933 934 646
583 5 2 1 1 637 925 926 638 646 934 935 647
584 5 2 1 1 638 926 927 639 647 935 936 648
585 5 2 1 1 640 928 929 641 649 937 938 650
586 5 2 1 1 641 929 930 642 650 938 939 651
587 5 2 1 1 642 930 931 643 651 939 940 652
588 5 2 1 1 643 931 932 644 652 940 941 653
589 5 2 1 1 644 932 933 645 653 941 942 654
590 5 2 1 1 645 933 934 646 654 942 943 655
591 5 2 1 1 646 934 935 647 655 943 944 656
592 5 2 1 1 647 935 936 648 656 944 945 657
593 5 2 1 1 649 937 938 650 658 946 947 659
594 5 2 1 1 650 938 939 651 659 947 948 660
595 5 2 1 1 651 939 940 652 660 948 949 661
596 5 2 1 1 652 940 941 653 661 949 950 662
597 5 2 1 1 653 941 942 654 662 950 951 663
598 5 2 1 1 654 942 943 655 663 951 952 664
599 5 2 1 1 655 943 944 656 664 952 953 665
600 5 2 1 1 656 944 945 657 665 953 954 666
601 5 2 1 1 658 946 947 659 667 955 956 668
602 5 2 1 1 659 947 948 660 668 956 957 669
603 5 2 1 1 660 948 949 661 669 957 958 670
604 5 2 1 1 661 949 950 662 670 958 959 671
605 5 2 1 1 662 950 951 663 671 959 960 672
606 5 2 1 1 663 951 952 664 672 960 961 673
607 5 2 1 1 664 952 953 665 673 961 962 674
608 5 2 1 1 665 953 954 666 674 962 963 675
609 5 2 1 1 667 955 956 668 676 964 965 677
610 5 2 1 1 668 956 957 669 677 965 966 678
611 5 2 1 1 669 957 958 670 678 966 967 679
612 5 2 1 1 670 958 959 671 679 967 968 680
613 5 2 1 1 671 959 960 672 680 968 969 681
614 5 2 1 1 672 960 961 673 681 969 970 682
615 5 2 1 1 673 961 962 674 682 970 971 683
616 5 2 1 1 674 962 963 675 683 971 972 684
617 5 2 1 1 676 964 965 677 685 973 974 686
618 5 2 1 1 677 965 966 678 686 974 975 687
619 5 2 1 1 678 966 967 679 687 975 976 688
620 5 2 1 1 679 967 968 680 688 976 977 689
621 5 2 1 1 680 968 969 681 689 977 978 690
622 5 2 1 1 681 969 970 682 690 978 979 691
623 5 2 1 1 682 970 971 683 691 979 980 692
624 5 2 1 1 683 971 972 684 692 980 981 693
625 5 2 1 1 685 973 974 686 694 982 983 695
626 5 2 1 1 686 974 975 687 695 983 984 696
627 5 2 1 1 687 975 976 688 696 984 985 697
628 5 2 1 1 688 976 977 689 697 985 986 698
629 5 2 1 1 689 977 978 690 698 986 987 699
630 5 2 1 1 690 978 979 691 699 987 988 700
631 5 2 1 1 691 979 980 692 700 988 989 701
632 5 2 1 1 692 980 981 693 701 989 990 702
633 5 2 1 1 694 982 983 695 703 991 992 704
634 5 2 1 1 695 983 984 696 704 992 993 705
635 5 2 1 1 696 984 985 697 705 993 994 706
636 5 2 1 1 697 985 986 698 706 994 995 707
637 5 2 1 1 698 986 987 699 707 995 996 708
638 5 2 1 1 699 987 988 700 708 996 997 709
639 5 2 1 1 700 988 989 701 709 997 998 710
640 5 2 1 1 701 989 990 702 710 998 999 711
641 5 2 1 1 703 991 992 704 712 1000 1001 713
642 5 2 1 1 704 992 993 705 713 1001 1002 714
643 5 2 1 1 705 993 994 706 714 1002 1003 715
644 5 2 1 1 706 994 995 707 715 1003 1004 716
645 5 2 1 1 707 995 996 708 716 1004 1005 717
646 5 2 1 1 708 996 997 709 717 1005 1006 718
647 5 2 1 1 709 997 998 710 718 1006 1007 719
648 5 2 1 1 710 998 999 711 719 1007 1008 720
649 5 2 1 1 712 1000 1001 713 721 1009 1010 722
650 5 2 1 1 713 1001 1002 714 722 1010 1011 723
651 5 2 1 1 714 1002 1003 715 723 1011 1012 724
652 5 2 1 1 715 1003 1004 716 724 1012 1013 725
653 5 2 1 1 716 1004 1005 717 725 1013 1014 726
654 5 2 1 1 717 1005 1006 718 726 1014 1015 727
655 5 2 1 1 718 1006 1007 719 727 1015 1016 728
656 5 2 1 1 719 1007 1008 720 728 1016 1017 729
657 5 2 1 1 721 1009 1010 722 730 1018 1019 731
658 5 2 1 1 722 1010 1011 723 731 1019 1020 732
659 5 2 1 1 723 1011 1012 724 732 1020 1021 733
660 5 2 1 1 724 1012 1013 725 733 1021 1022 734
661 5 2 1 1 725 1013 1014 726 734 1022 1023 735
662 5 2 1 1 726 1014 1015 727 735 1023 1024 736
663 5 2 1 1 727 1015 1016 728 736 1024 1025 737
664 5 2 1 1 728 1016 1017 729 737 1025 1026 738
665 5 2 1 1 730 1018 1019 731 739 1027 1028 740
666 5 2 1 1 731 1019 1020 732 740 1028 1029 741
667 5 2 1 1 732 1020 1021 733 741 1029 1030 742
668 5 2 1 1 733 1021 1022 734 742 1030 1031 743
669 5 2 1 1 734 1022 1023 735 743 1031 1032 744
670 5 2 1 1 735 1023 1024 736 744 1032 1033 745
671 5 2 1 1 736 1024 1025 737 745 1033 1034 746
672 5 2 1 1 737 1025 1026 738 746 1034 1035 747
673 5 2 1 1 739 1027 1028 740 748 1036 1037 749
674 5 2 1 1 740 1028 1029 741 749 1037 1038 750
675 5 2 1 1 741 1029 1030 742 750 1038 1039 751
676 5 2 1 1 742 1030 1031 743 751 1039 1040 752
677 5 2 1 1 743 1031 1032 744 752 1040 1041 753
678 5 2 1 1 744 1032 1033 745 753 1041 1042 754
679 5 2 1 1 745 1033 1034 746 754 1042 1043 755
680 5 2 1 1 746 1034 1035 747 755 1043 1044 756
681 5 2 1 1 748 1036 1037 749 757 1045 1046 758
682 5 2 1 1 749 1037 1038 750 758 1046 1047 759
683 5 2 1 1 750 1038 1039 751 759 1047 1048 760
684 5 2 1 1 751 1039 1040 752 760 1048 1049 761
685 5 2 1 1 752 1040 1041 753 761 1049 1050 762
686 5 2 1 1 753 1041 1042 754 762 1050 1051 763
687 5 2 1 1 754 1042 1043 755 763 1051 1052 764
688 5 2 1 1 755 1043 1044 756 764 1052 1053 765
689 5 2 1 1 757 1045 1046 758 766 1054 1055 767
690 5 2 1 1 758 1046 1047 759 767 1055 1056 768
691 5 2 1 1 759 1047 1048 760 768 1056 1057 769
692 5 2 1 1 760 1048 1049 761 769 1057 1058 770
693 5 2 1 1 761 1049 1050 762 770 1058 1059 771
694 5 2 1 1 762 1050 1051 763 771 1059 1060 772
695 5 2 1 1 763 1051 1052 764 772 1060 1061 773
696 5 2 1 1 764 1052 1053 765 773 1061 1062 774
697 5 2 1 1 766 1054 1055 767 775 1063 1064 776
698 5 2 1 1 767 1055 1056 768 776 1064 1065 777
699 5 2 1 1 768 1056 1057 769 777 1065 1066 778
700 5 2 1 1 769 1057 1058 770 778 1066 1067 779
701 5 2 1 1 770 1058 1059 771 779 1067 1068 780
702 5 2 1 1 771 1059 1060 772 780 1068 1069 781
703 5 2 1 1 772 1060 1061 773 781 1069 1070 782
704 5 2 1 1 773 1061 1062 774 782 1070 1071 783
705 5 2 1 1 775 1063 1064 776 784 1072 1073 785
706 5 2 1 1 776 1064 1065 777 785 1073 1074 786
707 5 2 1 1 777 1065 1066 778 786 1074 1075 787
708 5 2 1 1 778 1066 1067 779 787 1075 1076 788
709 5 2 1 1 779 1067 1068 780 788 1076 1077 789
710 5 2 1 1 780 1068 1069 781 789 1077 1078 790
711 5 2 1 1 781 1069 1070 782 790 1078 1079 791
712 5 2 1 1 782 1070 1071 783 791 1079 1080 792
713 5 2 1 1 784 1072 1073 785 793 1081 1082 794
714 5 2 1 1 785 1073 1074 786 794 1082 1083 795
715 5 2 1 1 786 1074 1075 787 795 1083 1084 796
716 5 2 1 1 787 1075 1076 788 796 1084 1085 797
717 5 2 1 1 788 1076 1077 789 797 1085 1086 798
718 5 2 1 1 789 1077 1078 790 798 1086 1087 799
719 5 2 1 1 790 1078 1079 791 799 1087 1088 800
720 5 2 1 1 791 1079 1080 792 800 1088 1089 801
721 5 2 1 1 793 1081 1082 794 802 1090 1091 803
722 5 2 1 1 794 1082 1083 795 803 1091 1092 804
723 5 2 1 1 795 1083 1084 796 804 1092 1093 805
724 5 2 1 1 796 1084 1085 797 805 1093 1094 806
725 5 2 1 1 797 1085 1086 798 806 1094 1095 807
726 5 2 1 1 798 1086 1087 799 807 1095 1096 808
727 5 2 1 1 799 1087 1088 800 808 1096 1097 809
728 5 2 1 1 800 1088 1089 801 809 1097 1098 810
729 5 2 1 1 802 1090 1091 803 811 1099 1100 812
730 5 2 1 1 803 1091 1092 804 812 1100 1101 813
731 5 2 1 1 804 1092 1093 805 813 1101 1102 814
732 5 2 1 1 805 1093 1094 806 814 1102 1103 815
733 5 2 1 1 806 1094 1095 807 815 1103 1104 816
734 5 2 1 1 807 1095 1096 808 816 1104 1105 817
735 5 2 1 1 808 1096 1097 809 817 1105 1106 818
736 5 2 1 1 809 1097 1098 810 818 1106 1107 819
737 5 2 1 1 811 1099 1100 812 820 1108 1109 821
738 5 2 1 1 812 1100 1101 813 821 1109 1110 822
739 5 2 1 1 813 1101 1102 814 822 1110 1111 823
740 5 2 1 1 814 1102 1103 815 823 1111 1112 824
741 5 2 1 1 815 1103 1104 816 824 1112 1113 825
742 5 2 1 1 816 1104 1105 817 825 1113 1114 826
743 5 2 1 1 817 1105 1106 818 826 1114 1115 827
744 5 2 1 1 818 1106 1107 819 827 1115 1116 828
745 5 2 1 1 820 1108 1109 821 829 1117 1118 830
746 5 2 1 1 821 1109 1110 822 830 1118 1119 831
747 5 2 1 1 822 1110 1111 823 831 1119 1120 832
748 5 2 1 1 823 1111 1112 824 832 1120 1121 833
749 5 2 1 1 824 1112 1113 825 833 1121 1122 834
750 5 2 1 1 825 1113 1114 826 834 1122 1123 835
751 5 2 1 1 826 1114 1115 827 835 1123 1124 836
752 5 2 1 1 827 1115 1116 828 836 1124 1125 837
753 5 2 1 1 829 1117 1118 830 838 1126 1127 839
754 5 2 1 1 830 1118 1119 831 839 1127 1128 840
755 5 2 1 1 831 1119 1120 832 840 1128 1129 841
756 5 2 1 1 832 1120 1121 833 841 1129 1130 842
757 5 2 1 1 833 1121 1122 834 842 1130 1131 843
758 5 2 1 1 834 1122 1123 835 843 1131 1132 844
759 5 2 1 1 835 1123 1124 836 844 1132 1133 845
760 5 2 1 1 836 1124 1125 837 845 1133 1134 846
761 5 2 1 1 838 1126 1127 839 847 1135 1136 848
762 5 2 1 1 839 1127 1128 840 848 1136 1137 849
763 5 2 1 1 840 1128 1129 841 849 1137 1138 850
764 5 2 1 1 841 1129 1130 842 850 1138 1139 851
765 5 2 1 1 842 1130 1131 843 851 1139 1140 852
766 5 2 1 1 843 1131 1132 844 852 1140 1141 853
767 5 2 1 1 844 1132 1133 845 853 1141 1142 854
768 5 2 1 1 845 1133 1134 846 854 1142 1143 855
769 6 2 1 1 865 856 1144 866 857 1145
770 6 2 1 1 866 857 1145 867 858 1146
771 6 2 1 1 867 858 1146 868 859 1147
772 6 2 1 1 868 859 1147 869 860 1148
773 6 2 1 1 869 860 1148 870 861 1149
774 6 2 1 1 870 861 1149 871 862 1150
775 6 2 1 1 871 862 1150 872 863 1151
776 6 2 1 1 872 863 1151 873 864 1152
777 6 2 1 1 865 1144 1153 866 1145 1154
778 6 2 1 1 866 1145 1154 867 1146 1155
779 6 2 1 1 867 1146 1155 868 1147 1156
780 6 2 1 1 868 1147 1156 869 1148 1157
781 6 2 1 1 869 1148 1157 870 1149 1158
782 6 2 1 1 870 1149 1158 871 1150 1159
783 6 2 1 1 871 1150 1159 872 1151 1160
784 6 2 1 1 872 1151 1160 873 1152 1161
785 6 2 1 1 865 1153 1162 866 1154 1163
786 6 2 1 1 866 1154 1163 867 1155 1164
787 6 2 1 1 867 1155 1164 868 1156 1165
788 6 2 1 1 868 1156 1165 869 1157 1166
789 6 2 1 1 869 1157 1166 870 1158 1167
790 6 2 1 1 870 1158 1167 871 1159 1168
791 6 2 1 1 871 1159 1168 872 1160 1169
792 6 2 1 1 872 1160 1169 873 1161 1170
793 5 2 1 1 856 1144 1145 857 874 1171 1172 875
794 5 2 1 1 857 1145 1146 858 875 1172 1173 876
795 5 2 1 1 858 1146 1147 859 876 1173 1174 877
796 5 2 1 1 859 1147 1148 860 877 1174 1175 878
797 5 2 1 1 860 1148 1149 861 878 1175 1176 879
798 5 2 1 1 861 1149 1150 862 879 1176 1177 880
799 5 2 1 1 862 1150 1151 863 880 1177 1178 881
800 5 2 1 1 863 1151 1152 864 881 1178 1179 882
801 5 2 1 1 874 1171 1172 875 883 1180 1181 884
802 5 2 1 1 875 1172 1173 876 884 1181 1182 885
803 5 2 1 1 876 1173 1174 877 885 1182 1183 886
804 5 2 1 1 877 1174 1175 878 886 1183 1184 887
805 5 2 1 1 878 1175 1176 879 887 1184 1185 888
806 5 2 1 1 879 1176 1177 880 888 1185 1186 889
807 5 2 1 1 880 1177 1178 881 889 1186 1187 890
808 5 2 1 1 881 1178 1179 882 890 1187 1188 891
809 5 2 1 1 883 1180 1181 884 892 1189 1190 893
810 5 2 1 1 884 1181 1182 885 893 1190 1191 894
811 5 2 1 1 885 1182 1183 886 894 1191 1192 895
812 5 2 1 1 886 1183 1184 887 895 1192 1193 896
813 5 2 1 1 887 1184 1185 888 896 1193 1194 897
814 5 2 1 1 888 1185 1186 889 897 1194 1195 898
815 5 2 1 1 889 1186 1187 890 898 1195 1196 899
816 5 2 1 1 890 1187 1188 891 899 1196 1197 900
817 5 2 1 1 892 1189 1190 893 901 1198 1199 902
818 5 2 1 1 893 1190 1191 894 902 1199 1200 903
819 5 2 1 1 894 1191 1192 895 903 1200 1201 904
820 5 2 1 1 895 1192 1193 896 904 1201 1202 905
821 5 2 1 1 896 1193 1194 897 905 1202 1203 906
822 5 2 1 1 897 1194 1195 898 906 1203 1204 907
823 5 2 1 1 898 1195 1196 899 907 1204 1205 908
824 5 2 1 1 899 1196 1197 900 908 1205 1206 909
825 5 2 1 1 901 1198 1199 902 910 1207 1208 911
826 5 2 1 1 902 1199 1200 903 911 1208 1209 912
827 5 2 1 1 903 1200 1201 904 912 1209 1210 913
828 5 2 1 1 904 1201 1202 905 913 1210 1211 914
829 5 2 1 1 905 1202 1203 906 914 1211 1212 915
830 5 2 1 1 906 1203 1204 907 915 1212 1213 916
831 5 2 1 1 907 1204 1205 908 916 1213 1214 917
832 5 2 1 1 908 1205 1206 909 917 1214 1215 918
833 5 2 1 1 910 1207 1208 911 919 1216 1217 920
834 5 2 1 1 911 1208 1209 912 920 1217 1218 921
835 5 2 1 1 912 1209 1210 913 921 1218 1219 922
836 5 2 1 1 913 1210 1211 914 922 1219 1220 923
837 5 2 1 1 914 1211 1212 915 923 1220 1221 924
838 5 2 1 1 915 1212 1213 916 924 1221 1222 925
839 5 2 1 1 916 1213 1214 917 925 1222 1223 926
840 5 2 1 1 917 1214 1215 918 926 1223 1224 927
841 5 2 1 1 919 1216 1217 920 928 1225 1226 929
842 5 2 1 1 920 1217 1218 921 929 1226 1227 930
843 5 2 1 1 921 1218 1219 922 930 1227 1228 931
844 5 2 1 1 922 1219 1220 923 931 1228 1229 932
845 5 2 1 1 923 1220 1221 924 932 1229 1230 933
846 5 2 1 1 924 1221 1222 925 933 1230 1231 934
847 5 2 1 1 925 1222 1223 926 934 1231 1232 935
848 5 2 1 1 926 1223 1224 927 935 1232 1233 936
849 5 2 1 1 928 1225 1226 929 937 1234 1235 938
850 5 2 1 1 929 1226 1227 930 938 1235 1236 939
851 5 2 1 1 930 1227 1228 931 939 1236 1237 940
852 5 2 1 1 931 1228 1229 932 940 1237 1238 941
853 5 2 1 1 932 1229 1230 933 941 1238 1239 942
854 5 2 1 1 933 1230 1231 934 942 1239 1240 943
855 5 2 1 1 934 1231 1232 935 943 1240 1241 944
856 5 2 1 1 935 1232 1233 936 944 1241 1242 945
857 5 2 1 1 937 1234 1235 938 946 1243 1244 947
858 5 2 1 1 938 1235 1236 939 947 1244 1245 948
859 5 2 1 1 939 1236 1237 940 948 1245 1246 949
860 5 2 1 1 940 1237 1238 941 949 1246 1247 950
861 5 2 1 1 941 1238 1239 942 950 1247 1248 951
862 5 2 1 1 942 1239 1240 943 951 1248 1249 952
863 5 2 1 1 943 1240 1241 944 952 1249 1250 953
864 5 2 1 1 944 1241 1242 945 953 1250 1251 954
865 5 2 1 1 946 1243 1244 947 955 1252 1253 956
866 5 2 1 1 947 1244 1245 948 956 1253 1254 957
867 5 2 1 1 948 1245 1246 949 957 1254 1255 958
868 5 2 1 1 949 1246 1247 950 958 1255 1256 959
869 5 2 1 1 950 1247 1248 951 959 1256 1257 960
870 5 2 1 1 951 1248 1249 952 960 1257 1258 961
871 5 2 1 1 952 1249 1250 953 961 1258 1259 962
872 5 2 1 1 953 1250 1251 954 962 1259 1260 963
873 5 2 1 1 955 1252 1253 956 964 1261 1262 965
874 5 2 1 1 956 1253 1254 957 965 1262 1263 966
875 5 2 1 1 957 1254 1255 958 966 1263 1264 967
876 5 2 1 1 958 1255 1256 959 967 1264 1265 968
877 5 2 1 1 959 1256 1257 960 968 1265 1266 969
878 5 2 1 1 960 1257 1258 961 969 1266 1267 970
879 5 2 1 1 961 1258 1259 962 970 1267 1268 971
880 5 2 1 1 962 1259 1260 963 971 1268 1269 972
881 5 2 1 1 964 1261 1262 965 973 1270 1271 974
882 5 2 1 1 965 1262 1263 966 974 1271 1272 975
883 5 2 1 1 966 1263 1264 967 975 1272 1273 976
884 5 2 1 1 967 1264 1265 968 976 1273 1274 977
885 5 2 1 1 968 1265 1266 969 977 1274 1275 978
886 5 2 1 1 969 1266 1267 970 978 1275 1276 979
887 5 2 1 1 970 1267 1268 971 979 1276 1277 980
888 5 2 1 1 971 1268 1269 972 980 1277 1278 981
889 5 2 1 1 973 1270 1271 974 982 1279 1280 983
890 5 2 1 1 974 1271 1272 975 983 1280 1281 984
891 5 2 1 1 975 1272 1273 976 984 1281 1282 985
892 5 2 1 1 976 1273 1274 977 985 1282 1283 986
893 5 2 1 1 977 1274 1275 978 986 1283 1284 987
894 5 2 1 1 978 1275 1276 979 987 1284 1285 988
895 5 2 1 1 979 1276 1277 980 988 1285 1286 989
896 5 2 1 1 980 1277 1278 981 989 1286 1287 990
897 5 2 1 1 982 1279 1280 983 991 1288 1289 992
898 5 2 1 1 983 1280 1281 984 992 1289 1290 993
899 5 2 1 1 984 1281 1282 985 993 1290 1291 994
900 5 2 1 1 985 1282 1283 986 994 1291 1292 995
901 5 2 1 1 986 1283 1284 987 995 1292 1293 996
902 5 2 1 1 987 1284 1285 988 996 1293 1294 997
903 5 2 1 1 988 1285 1286 989 997 1294 1295 998
904 5 2 1 1 989 1286 1287 990 998 1295 1296 999
905 5 2 1 1 991 1288 1289 992 1000 1297 1298 1001
906 5 2 1 1 992 1289 1290 993 1001 1298 1299 1002
907 5 2 1 1 993 1290 1291 994 1002 1299 1300 1003
908 5 2 1 1 994 1291 1292 995 1003 1300 1301 1004
909 5 2 1 1 995 1292 1293 996 1004 1301 1302 1005
910 5 2 1 1 996 1293 1294 997 1005 1302 1303 1006
911 5 2 1 1 997 1294 1295 998 1006 1303 1304 1007
912 5 2 1 1 998 1295 1296 999 1007 1304 1305 1008
913 5 2 1 1 1000 1297 1298 1001 1009 1306 1307 1010
914 5 2 1 1 1001 1298 1299 1002 1010 1307 1308 1011
915 5 2 1 1 1002 1299 1300 1003 1011 1308 1309 1012
916 5 2 1 1 1003 1300 1301 1004 1012 1309 1310 1013
917 5 2 1 1 1004 1301 1302 1005 1013 1310 1311 1014
918 5 2 1 1 1005 1302 1303 1006 1014 1311 1312 1015
919 5 2 1 1 1006 1303 1304 1007 1015 1312 1313 1016
920 5 2 1 1 1007 1304 1305 1008 1016 1313 1314 1017
921 5 2 1 1 1009 1306 1307 1010 1018 1315 1316 1019
922 5 2 1 1 1010 1307 1308 1011 1019 1316 1317 1020
923 5 2 1 1 1011 1308 1309 1012 1020 1317 1318 1021
924 5 2 1 1 1012 1309 1310 1013 1021 1318 1319 1022
925 5 2 1 1 1013 1310 1311 1014 1022 1319 1320 1023
926 5 2 1 1 1014 1311 1312 1015 1023 1320 1321 1024
927 5 2 1 1 1015 1312 1313 1016 1024 1321 1322 1025
928 5 2 1 1 1016 1313 1314 1017 1025 1322 1323 1026
929 5 2 1 1 1018 1315 1316 1019 1027 1324 1325 1028
930 5 2 1 1 1019 1316 1317 1020 1028 1325 1326 1029
931 5 2 1 1 1020 1317 1318 1021 1029 1326 1327 1030
932 5 2 1 1 1021 1318 1319 1022 1030 1327 1328 1031
933 5 2 1 1 1022 1319 1320 1023 1031 1328 1329 1032
934 5 2 1 1 1023 1320 1321 1024 1032 1329 1330 1033
935 5 2 1 1 1024 1321 1322 1025 1033 1330 1331 1034
936 5 2 1 1 1025 1322 1323 1026 1034 1331 1332 1035
937 5 2 1 1 1027 1324 1325 1028 1036 1333 1334 1037
938 5 2 1 1 1028 1325 1326 1029 1037 1334 1335 1038
939 5 2 1 1 1029 1326 1327 1030 1038 1335 1336 1039
940 5 2 1 1 1030 1327 1328 1031 1039 1336 1337 1040
941 5 2 1 1 1031 1328 1329 1032 1040 1337 1338 1041
942 5 2 1 1 1032 1329 1330 1033 1041 1338 1339 1042
943 5 2 1 1 1033 1330 1331 1034 1042 1339 1340 1043
944 5 2 1 1 1034 1331 1332 1035 1043 1340 1341 1044
945 5 2 1 1 1036 1333 1334 1037 1045 1342 1343 1046
946 5 2 1 1 1037 1334 1335 1038 1046 1343 1344 1047
947 5 2 1 1 1038 1335 1336 1039 1047 1344 1345 1048
948 5 2 1 1 1039 1336 1337 1040 1048 1345 1346 1049
949 5 2 1 1 1040 1337 1338 1041 1049 1346 1347 1050
950 5 2 1 1 1041 1338 1339 1042 1050 1347 1348 1051
951 5 2 1 1 1042 1339 1340 1043 1051 1348 1349 1052
952 5 2 1 1 1043 1340 1341 1044 1052 1349 1350 1053
953 5 2 1 1 1045 1342 1343 1046 1054 1351 1352 1055
954 5 2 1 1 1046 1343 1344 1047 1055 1352 1353 1056
955 5 2 1 1 1047 1344 1345 1048 1056 1353 1354 1057
956 5 2 1 1 1048 1345 1346 1049 1057 1354 1355 1058
957 5 2 1 1 1049 1346 1347 1050 1058 1355 1356 1059
958 5 2 1 1 1050 1347 1348 1051 1059 1356 1357 1060
959 5 2 1 1 1051 1348 1349 1052 1060 1357 1358 1061
960 5 2 1 1 1052 1349 1350 1053 1061 1358 1359 1062
961 5 2 1 1 1054 1351 1352 1055 1063 1360 1361 1064
962 5 2 1 1 1055 1352 1353 1056 1064 1361 1362 1065
963 5 2 1 1 1056 1353 1354 1057 1065 1362 1363 1066
964 5 2 1 1 1057 1354 1355 1058 1066 1363 1364 1067
965 5 2 1 1 1058 1355 1356 1059 1067 1364 1365 1068
966 5 2 1 1 1059 1356 1357 1060 1068 1365 1366 1069
967 5 2 1 1 1060 1357 1358 1061 1069 1366 1367 1070
968 5 2 1 1 1061 1358 1359 1062 1070 1367 1368 1071
969 5 2 1 1 1063 1360 1361 1064 1072 1369 1370 1073
970 5 2 1 1 1064 1361 1362 1065 1073 1370 1371 1074
971 5 2 1 1 1065 1362 1363 1066 1074 1371 1372 1075
972 5 2 1 1 1066 1363 1364 1067 1075 1372 1373 1076
973 5 2 1 1 1067 1364 1365 1068 1076 1373 1374 1077
974 5 2 1 1 1068 1365 1366 1069 1077 1374 1375 1078
975 5 2 1 1 1069 1366 1367 1070 1078 1375 1376 1079
976 5 2 1 1 1070 1367 1368 1071 1079 1376 1377 1080
977 5 2 1 1 1072 1369 1370 1073 1081 1378 1379 1082
978 5 2 1 1 1073 1370 1371 1074 1082 1379 1380 1083
979 5 2 1 1 1074 1371 1372 1075 1083 1380 1381 1084
980 5 2 1 1 1075 1372 1373 1076 1084 1381 1382 1085
981 5 2 1 1 1076 1373 1374 1077 1085 1382 1383 1086
982 5 2 1 1 1077 1374 1375 1078 1086 1383 1384 1087
983 5 2 1 1 1078 1375 1376 1079 1087 1384 1385 1088
984 5 2 1 1 1079 1376 1377 1080 1088 1385 1386 1089
985 5 2 1 1 1081 1378 1379 1082 1090 1387 1388 1091
986 5 2 1 1 1082 1379 1380 1083 1091 1388 1389 1092
987 5 2 1 1 1083 1380 1381 1084 1092 1389 1390 1093
988 5 2 1 1 1084 1381 1382 1085 1093 1390 1391 1094
989 5 2 1 1 1085 1382 1383 1086 1094 1391 1392 1095
990 5 2 1 1 1086 1383 1384 1087 1095 1392 1393 1096
991 5 2 1 1 1087 1384 1385 1088 1096 1393 1394 1097
992 5 2 1 1 1088 1385 1386 1089 1097 1394 1395 1098
993 5 2 1 1 1090 1387 1388 1091 1099 1396 1397 1100
994 5 2 1 1 1091 1388 1389 1092 1100 1397 1398 1101
995 5 2 1 1 1092 1389 1390 1093 1101 1398 1399 1102
996 5 2 1 1 1093 1390 1391 1094 1102 1399 1400 1103
997 5 2 1 1 1094 1391 1392 1095 1103 1400 1401 1104
998 5 2 1 1 1095 1392 1393 1096 1104 1401 1402 1105
999 5 2 1 1 1096 1393 1394 1097 1105 1402 1403 1106
1000 5 2 1 1 1097 1394 1395 1098 1106 1403 1404 1107
1001 5 2 1 1 1099 1396 1397 1100 1108 1405 1406 1109
1002 5 2 1 1 1100 1397 1398 1101 1109 1406 1407 1110
1003 5 2 1 1 1101 1398 1399 1102 1110 1407 1408 1111
1004 5 2 1 1 1102 1399 1400 1103 1111 1408 1409 1112
1005 5 2 1 1 1103 1400 1401 1104 1112 1409 1410 1113
1006 5 2 1 1 1104 1401 1402 1105 1113 1410 1411 1114
1007 5 2 1 1 1105 1402 1403 1106 1114 1411 1412 1115
1008 5 2 1 1 1106 1403 1404 1107 1115 1412 1413 1116
1009 5 2 1 1 1108 1405 1406 1109 1117 1414 1415 1118
1010 5 2 1 1 1109 1406 1407 1110 1118 1415 1416 1119
1011 5 2 1 1 1110 1407 1408 1111 1119 1416 1417 1120
1012 5 2 1 1 1111 1408 1409 1112 1120 1417 1418 1121
1013 5 2 1 1 1112 1409 1410 1113 1121 1418 1419 1122
1014 5 2 1 1 1113 1410 1411 1114 1122 1419 1420 1123
1015 5 2 1 1 1114 1411 1412 1115 1123 1420 1421 1124
1016 5 2 1 1 1115 1412 1413 1116 1124 1421 1422 1125
1017 5 2 1 1 1117 1414 1415 1118 1126 1423 1424 1127
1018 5 2 1 1 1118 1415 1416 1119 1127 1424 1425 1128
1019 5 2 1 1 1119 1416 1417 1120 1128 1425 1426 1129
1020 5 2 1 1 1120 1417 1418 1121 1129 1426 1427 1130
1021 5 2 1 1 1121 1418 1419 1122 1130 1427 1428 1131
1022 5 2 1 1 1122 1419 1420 1123 1131 1428 1429 1132
1023 5 2 1 1 1123 1420 1421 1124 1132 1429 1430 1133
1024 5 2 1 1 1124 1421 1422 1125 1133 1430 1431 1134
1025 5 2 1 1 1126 1423 1424 1127 1135 1432 1433 1136
1026 5 2 1 1 1127 1424 1425 1128 1136 1433 1434 1137
1027 5 2 1 1 1128 1425 1426 1129 1137 1434 1435 1138
1028 5 2 1 1 1129 1426 1427 1130 1138 1435 1436 1139
1029 5 2 1 1 1130 1427 1428 1131 1139 1436 1437 1140
1030 5 2 1 1 1131 1428 1429 1132 1140 1437 1438 1141
1031 5 2 1 1 1132 1429 1430 1133 1141 1438 1439 1142
1032 5 2 1 1 1133 1430 1431 1134 1142 1439 1440 1143
1033 6 2 1 1 1162 1153 1441 1163 1154 1442
1034 6 2 1 1 1163 1154 1442 1164 1155 1443
1035 6 2 1 1 1164 1155 1443 1165 1156 1444
1036 6 2 1 1 1165 1156 1444 1166 1157 1445
1037 6 2 1 1 1166 1157 1445 1167 1158 1446
1038 6 2 1 1 1167 1158 1446 1168 1159 1447
1039 6 2 1 1 1168 1159 1447 1169 1160 1448
1040 6 2 1 1 1169 1160 1448 1170 1161 1449
1041 6 2 1 1 1162 1441 1450 1163 1442 1451
1042 6 2 1 1 1163 1442 1451 1164 1443 1452
1043 6 2 1 1 1164 1443 1452 1165 1444 1453
1044 6 2 1 1 1165 1444 1453 1166 1445 1454
1045 6 2 1 1 1166 1445 1454 1167 1446 1455
1046 6 2 1 1 1167 1446 1455 1168 1447 1456
1047 6 2 1 1 1168 1447 1456 1169 1448 1457
1048 6 2 1 1 1169 1448 1457 1170 1449 1458
1049 5 2 1 1 1153 1441 1442 1154 1144 1459 1460 1145
1050 5 2 1 1 1154 1442 1443 1155 1145 1460 1461 1146
1051 5 2 1 1 1155 1443 1444 1156 1146 1461 1462 1147
1052 5 2 1 1 1156 1444 1445 1157 1147 1462 1463 1148
1053 5 2 1 1 1157 1445 1446 1158 1148 1463 1464 1149
1054 5 2 1 1 1158 1446 1447 1159 1149 1464 1465 1150
1055 5 2 1 1 1159 1447 1448 1160 1150 1465 1466 1151
1056 5 2 1 1 1160 1448 1449 1161 1151 1466 1467 1152
1057 5 2 1 1 1144 1459 1460 1145 1171 1468 1469 1172
1058 5 2 1 1 1145 1460 1461 1146 1172 1469 1470 1173
1059 5 2 1 1 1146 1461 1462 1147 1173 1470 1471 1174
1060 5 2 1 1 1147 1462 1463 1148 1174 1471 1472 1175
1061 5 2 1 1 1148 1463 1464 1149 1175 1472 1473 1176
1062 5 2 1 1 1149 1464 1465 1150 1176 1473 1474 1177
1063 5 2 1 1 1150 1465 1466 1151 1177 1474 1475 1178
1064 5 2 1 1 1151 1466 1467 1152 1178 1475 1476 1179
1065 5 2 1 1 1171 1468 1469 1172 1180 1477 1478 1181
1066 5 2 1 1 1172 1469 1470 1173 1181 1478 1479 1182
1067 5 2 1 1 1173 1470 1471 1174 1182 1479 1480 1183
1068 5 2 1 1 1174 1471 1472 1175 1183 1480 1481 1184
1069 5 2 1 1 1175 1472 1473 1176 1184 1481 1482 1185
1070 5 2 1 1 1176 1473 1474 1177 1185 1482 1483 1186
1071 5 2 1 1 1177 1474 1475 1178 1186 1483 1484 1187
1072 5 2 1 1 1178 1475 1476 1179 1187 1484 1485 1188
1073 5 2 1 1 1180 1477 1478 1181 1189 1486 1487 1190
1074 5 2 1 1 1181 1478 1479 1182 1190 1487 1488 1191
1075 5 2 1 1 1182 1479 1480 1183 1191 1488 1489 1192
1076 5 2 1 1 1183 1480 1481 1184 1192 1489 1490 1193
1077 5 2 1 1 1184 1481 1482 1185 1193 1490 1491 1194
1078 5 2 1 1 1185 1482 1483 1186 1194 1491 1492 1195
1079 5 2 1 1 1186 1483 1484 1187 1195 1492 1493 1196
1080 5 2 1 1 1187 1484 1485 1188 1196 1493 1494 1197
1081 5 2 1 1 1189 1486 1487 1190 1198 1495 1496 1199
1082 5 2 1 1 1190 1487 1488 1191 1199 1496 1497 1200
1083 5 2 1 1 1191 1488 1489 1192 1200 1497 1498 1201
1084 5 2 1 1 1192 1489 1490 1193 1201 1498 1499 1202
1085 5 2 1 1 1193 1490 1491 1194 1202 1499 1500 1203
1086 5 2 1 1 1194 1491 1492 1195 1203 1500 1501 1204
1087 5 2 1 1 1195 1492 1493 1196 1204 1501 1502 1205
1088 5 2 1 1 1196 1493 1494 1197 1205 1502 1503 1206
1089 5 2 1 1 1198 1495 1496 1199 1207 1504 1505 1208
1090 5 2 1 1 1199 1496 1497 1200 1208 1505 1506 1209
1091 5 2 1 1 1200 1497 1498 1201 1209 1506 1507 1210
1092 5 2 1 1 1201 1498 1499 1202 1210 1507 1508 1211
1093 5 2 1 1 1202 1499 1500 1203 1211 1508 1509 1212
1094 5 2 1 1 1203 1500 1501 1204 1212 1509 1510 1213
1095 5 2 1 1 1204 1501 1502 1205 1213 1510 1511 1214
1096 5 2 1 1 1205 1502 1503 1206 1214 1511 1512 1215
1097 5 2 1 1 1207 1504 1505 1208 1216 1513 1514 1217
1098 5 2 1 1 1208 1505 1506 1209 1217 1514 1515 1218
1099 5 2 1 1 1209 1506 1507 1210 1218 1515 1516 1219
1100 5 2 1 1 1210 1507 1508 1211 1219 1516 1517 1220
1101 5 2 1 1 1211 1508 1509 1212 1220 1517 1518 1221
1102 5 2 1 1 1212 1509 1510 1213 1221 1518 1519 1222
1103 5 2 1 1 1213 1510 1511 1214 1222 1519 1520 1223
1104 5 2 1 1 1214 1511 1512 1215 1223 1520 1521 1224
1105 5 2 1 1 1216 1513 1514 1217 1225 1522 1523 1226
1106 5 2 1 1 1217 1514 1515 1218 1226 1523 1524 1227
1107 5 2 1 1 1218 1515 1516 1219 1227 1524 1525 1228
1108 5 2 1 1 1219 1516 1517 1220 1228 1525 1526 1229
1109 5 2 1 1 1220 1517 1518 1221 1229 1526 1527 1230
1110 5 2 1 1 1221 1518 1519 1222 1230 1527 1528 1231
1111 5 2 1 1 1222 1519 1520 1223 1231 1528 1529 1232
1112 5 2 1 1 1223 1520 1521 1224 1232 1529 1530 1233
1113 5 2 1 1 1225 1522 1523 1226 1234 1531 1532 1235
1114 5 2 1 1 1226 1523 1524 1227 1235 1532 1533 1236
1115 5 2 1 1 1227 1524 1525 1228 1236 1533 1534 1237
1116 5 2 1 1 1228 1525 1526 1229 1237 1534 1535 1238
1117 5 2 1 1 1229 1526 1527 1230 1238 1535 1536 1239
1118 5 2 1 1 1230 1527 1528 1231 1239 1536 1537 1240
1119 5 2 1 1 1231 1528 1529 1232 1240 1537 1538 1241
1120 5 2 1 1 1232 1529 1530 1233 1241 1538 1539 1242
1121 5 2 1 1 1234 1531 1532 1235 1243 1540 1541 1244
1122 5 2 1 1 1235 1532 1533 1236 1244 1541 1542 1245
1123 5 2 1 1 1236 1533 1534 1237 1245 1542 1543 1246
1124 5 2 1 1 1237 1534 1535 1238 1246 1543 1544 1247
1125 5 2 1 1 1238 1535 1536 1239 1247 1544 1545 1248
1126 5 2 1 1 1239 1536 1537 1240 1248 1545 1546 1249
1127 5 2 1 1 1240 1537 1538 1241 1249 1546 1547 1250
1128 5 2 1 1 1241 1538 1539 1242 1250 1547 1548 1251
1129 5 2 1 1 1243 1540 1541 1244 1252 1549 1550 1253
1130 5 2 1 1 1244 1541 1542 1245 1253 1550 1551 1254
1131 5 2 1 1 1245 1542 1543 1246 1254 1551 1552 1255
1132 5 2 1 1 1246 1543 1544 1247 1255 1552 1553 1256
1133 5 2 1 1 1247 1544 1545 1248 1256 1553 1554 1257
1134 5 2 1 1 1248 1545 1546 1249 1257 1554 1555 1258
1135 5 2 1 1 1249 1546 1547 1250 1258 1555 1556 1259
1136 5 2 1 1 1250 1547 1548 1251 1259 1556 1557 1260
1137 5 2 1 1 1252 1549 1550 1253 1261 1558 1559 1262
1138 5 2 1 1 1253 1550 1551 1254 1262 1559 1560 1263
1139 5 2 1 1 1254 1551 1552 1255 1263 1560 1561 1264
1140 5 2 1 1 1255 1552 1553 1256 1264 1561 1562 1265
1141 5 2 1 1 1256 1553 1554 1257 1265 1562 1563 1266
1142 5 2 1 1 1257 1554 1555 1258 1266 1563 1564 1267
1143 5 2 1 1 1258 1555 1556 1259 1267 1564 1565 1268
1144 5 2 1 1 1259 1556 1557 1260 1268 1565 1566 1269
1145 5 2 1 1 1261 1558 1559 1262 1270 1567 1568 1271
1146 5 2 1 1 1262 1559 1560 1263 1271 1568 1569 1272
1147 5 2 1 1 1263 1560 1561 1264 1272 1569 1570 1273
1148 5 2 1 1 1264 1561 1562 1265 1273 1570 1571 1274
1149 5 2 1 1 1265 1562 1563 1266 1274 1571 1572 1275
1150 5 2 1 1 1266 1563 1564 1267 1275 1572 1573 1276
1151 5 2 1 1 1267 1564 1565 1268 1276 1573 1574 1277
1152 5 2 1 1 1268 1565 1566 1269 1277 1574 1575 1278
1153 5 2 1 1 1270 1567 1568 1271 1279 1576 1577 1280
1154 5 2 1 1 1271 1568 1569 1272 1280 1577 1578 1281
1155 5 2 1 1 1272 1569 1570 1273 1281 1578 1579 1282
1156 5 2 1 1 1273 1570 1571 1274 1282 1579 1580 1283
1157 5 2 1 1 1274 1571 1572 1275 1283 1580 1581 1284
1158 5 2 1 1 1275 1572 1573 1276 1284 1581 1582 1285
1159 5 2 1 1 1276 1573 1574 1277 1285 1582 1583 1286
1160 5 2 1 1 1277 1574 1575 1278 1286 1583 1584 1287
1161 5 2 1 1 1279 1576 1577 1280 1288 1585 1586 1289
1162 5 2 1 1 1280 1577 1578 1281 1289 1586 1587 1290
1163 5 2 1 1 1281 1578 1579 1282 1290 1587 1588 1291
1164 5 2 1 1 1282 1579 1580 1283 1291 1588 1589 1292
1165 5 2 1 1 1283 1580 1581 1284 1292 1589 1590 1293
1166 5 2 1 1 1284 1581 1582 1285 1293 1590 1591 1294
1167 5 2 1 1 1285 1582 1583 1286 1294 1591 1592 1295
1168 5 2 1 1 1286 1583 1584 1287 1295 1592 1593 1296
1169 5 2 1 1 1288 1585 1586 1289 1297 1594 1595 1298
1170 5 2 1 1 1289 1586 1587 1290 1298 1595 1596 1299
1171 5 2 1 1 1290 1587 1588 1291 1299 1596 1597 1300
1172 5 2 1 1 1291 1588 1589 1292 1300 1597 1598 1301
1173 5 2 1 1 1292 1589 1590 1293 1301 1598 1599 1302
1174 5 2 1 1 1293 1590 1591 1294 1302 1599 1600 1303
1175 5 2 1 1 1294 1591 1592 1295 1303 1600 1601 1304
1176 5 2 1 1 1295 1592 1593 1296 1304 1601 1602 1305
1177 5 2 1 1 1297 1594 1595 1298 1306 1603 1604 1307
1178 5 2 1 1 1298 1595 1596 1299 1307 1604 1605 1308
1179 5 2 1 1 1299 1596 1597 1300 1308 1605 1606 1309
1180 5 2 1 1 1300 1597 1598 1301 1309 1606 1607 1310
1181 5 2 1 1 1301 1598 1599 1302 1310 1607 1608 1311
1182 5 2 1 1 1302 1599 1600 1303 1311 1608 1609 1312
1183 5 2 1 1 1303 1600 1601 1304 1312 1609 1610 1313
1184 5 2 1 1 1304 1601 1602 1305 1313 1610 1611 1314
1185 5 2 1 1 1306 1603 1604 1307 1315 1612 1613 1316
1186 5 2 1 1 1307 1604 1605 1308 1316 1613 1614 1317
1187 5 2 1 1 1308 1605 1606 1309 1317 1614 1615 1318
1188 5 2 1 1 1309 1606 1607 1310 1318 1615 1616 1319
1189 5 2 1 1 1310 1607 1608 1311 1319 1616 1617 1320
1190 5 2 1 1 1311 1608 1609 1312 1320 1617 1618 1321
1191 5 2 1 1 1312 1609 1610 1313 1321 1618 1619 1322
1192 5 2 1 1 1313 1610 1611 1314 1322 1619 1620 1323
1193 5 2 1 1 1315 1612 1613 1316 1324 1621 1622 1325
1194 5 2 1 1 1316 1613 1614 1317 1325 1622 1623 1326
1195 5 2 1 1 1317 1614 1615 1318 1326 1623 1624 1327
1196 5 2 1 1 1318 1615 1616 1319 1327 1624 1625 1328
1197 5 2 1 1 1319 1616 1617 1320 1328 1625 1626 1329
1198 5 2 1 1 1320 1617 1618 1321 1329 1626 1627 1330
1199 5 2 1 1 1321 1618 1619 1322 1330 1627 1628 1331
1200 5 2 1 1 1322 1619 1620 1323 1331 1628 1629 1332
1201 5 2 1 1 1324 1621 1622 1325 1333 1630 1631 1334
1202 5 2 1 1 1325 1622 1623 1326 1334 1631 1632 1335
1203 5 2 1 1 1326 1623 1624 1327 1335 1632 1633 1336
1204 5 2 1 1 1327 1624 1625 1328 1336 1633 1634 1337
1205 5 2 1 1 1328 1625 1626 1329 1337 1634 1635 1338
1206 5 2 1 1 1329 1626 1627 1330 1338 1635 1636 1339
1207 5 2 1 1 1330 1627 1628 1331 1339 1636 1637 1340
1208 5 2 1 1 1331 1628 1629 1332 1340 1637 1638 1341
1209 5 2 1 1 1333 1630 1631 1334 1342 1639 1640 1343
1210 5 2 1 1 1334 1631 1632 1335 1343 1640 1641 1344
1211 5 2 1 1 1335 1632 1633 1336 1344 1641 1642 1345
1212 5 2 1 1 1336 1633 1634 1337 1345 1642 1643 1346
1213 5 2 1 1 1337 1634 1635 1338 1346 1643 1644 1347
1214 5 2 1 1 1338 1635 1636 1339 1347 1644 1645 1348
1215 5 2 1 1 1339 1636 1637 1340 1348 1645 1646 1349
1216 5 2 1 1 1340 1637 1638 1341 1349 1646 1647 1350
1217 5 2 1 1 1342 1639 1640 1343 1351 1648 1649 1352
1218 5 2 1 1 1343 1640 1641 1344 1352 1649 1650 1353
1219 5 2 1 1 1344 1641 1642 1345 1353 1650 1651 1354
1220 5 2 1 1 1345 1642 1643 1346 1354 1651 1652 1355
1221 5 2 1 1 1346 1643 1644 1347 1355 1652 1653 1356
1222 5 2 1 1 1347 1644 1645 1348 1356 1653 1654 1357
1223 5 2 1 1 1348 1645 1646 1349 1357 1654 1655 1358
1224 5 2 1 1 1349 1646 1647 1350 1358 1655 1656 1359
1225 5 2 1 1 1351 1648 1649 1352 1360 1657 1658 1361
1226 5 2 1 1 1352 1649 1650 1353 1361 1658 1659 1362
1227 5 2 1 1 1353 1650 1651 1354 1362 1659 1660 1363
1228 5 2 1 1 1354 1651 1652 1355 1363 1660 1661 1364
1229 5 2 1 1 1355 1652 1653 1356 1364 1661 1662 1365
1230 5 2 1 1 1356 1653 1654 1357 1365 1662 1663 1366
1231 5 2 1 1 1357 1654 1655 1358 1366 1663 1664 1367
1232 5 2 1 1 1358 1655 1656 1359 1367 1664 1665 1368
1233 5 2 1 1 1360 1657 1658 1361 1369 1666 1667 1370
1234 5 2 1 1 1361 1658 1659 1362 1370 1667 1668 1371
1235 5 2 1 1 1362 1659 1660 1363 1371 1668 1669 1372
1236 5 2 1 1 1363 1660 1661 1364 1372 1669 1670 1373
1237 5 2 1 1 1364 1661 1662 1365 1373 1670 1671 1374
1238 5 2 1 1 1365 1662 1663 1366 1374 1671 1672 1375
1239 5 2 1 1 1366 1663 1664 1367 1375 1672 1673 1376
1240 5 2 1 1 1367 1664 1665 1368 1376 1673 1674 1377
1241 5 2 1 1 1369 1666 1667 1370 1378 1675 1676 1379
1242 5 2 1 1 1370 1667 1668 1371 1379 1676 1677 1380
1243 5 2 1 1 1371 1668 1669 1372 1380 1677 1678 1381
1244 5 2 1 1 1372 1669 1670 1373 1381 1678 1679 1382
1245 5 2 1 1 1373 1670 1671 1374 1382 1679 1680 1383
1246 5 2 1 1 1374 1671 1672 1375 1383 1680 1681 1384
1247 5 2 1 1 1375 1672 1673 1376 1384 1681 1682 1385
1248 5 2 1 1 1376 1673 1674 1377 1385 1682 1683 1386
1249 5 2 1 1 1378 1675 1676 1379 1387 1684 1685 1388
1250 5 2 1 1 1379 1676 1677 1380 1388 1685 1686 1389
1251 5 2 1 1 1380 1677 1678 1381 1389 1686 1687 1390
1252 5 2 1 1 1381 1678 1679 1382 1390 1687 1688 1391
1253 5 2 1 1 1382 1679 1680 1383 1391 1688 1689 1392
1254 5 2 1 1 1383 1680 1681 1384 1392 1689 1690 1393
1255 5 2 1 1 1384 1681 1682 1385 1393 1690 1691 1394
1256 5 2 1 1 1385 1682 1683 1386 1394 1691 1692 1395
1257 5 2 1 1 1387 1684 1685 1388 1396 1693 1694 1397
1258 5 2 1 1 1388 1685 1686 1389 1397 1694 1695 1398
1259 5 2 1 1 1389 1686 1687 1390 1398 1695 1696 1399
1260 5 2 1 1 1390 1687 1688 1391 1399 1696 1697 1400
1261 5 2 1 1 1391 1688 1689 1392 1400 1697 1698 1401
1262 5 2 1 1 1392 1689 1690 1393 1401 1698 1699 1402
1263 5 2 1 1 1393 1690 1691 1394 1402 1699 1700 1403
1264 5 2 1 1 1394 1691 1692 1395 1403 1700 1701 1404
1265 5 2 1 1 1396 1693 1694 1397 1405 1702 1703 1406
1266 5 2 1 1 1397 1694 1695 1398 1406 1703 1704 1407
1267 5 2 1 1 1398 1695 1696 1399 1407 1704 1705 1408
1268 5 2 1 1 1399 1696 1697 1400 1408 1705 1706 1409
1269 5 2 1 1 1400 1697 1698 1401 1409 1706 1707 1410
1270 5 2 1 1 1401 1698 1699 1402 1410 1707 1708 1411
1271 5 2 1 1 1402 1699 1700 1403 1411 1708 1709 1412
1272 5 2 1 1 1403 1700 1701 1404 1412 1709 1710 1413
1273 5 2 1 1 1405 1702 1703 1406 1414 1711 1712 1415
1274 5 2 1 1 1406 1703 1704 1407 1415 1712 1713 1416
1275 5 2 1 1 1407 1704 1705 1408 1416 1713 1714 1417
1276 5 2 1 1 1408 1705 1706 1409 1417 1714 1715 1418
1277 5 2 1 1 1409 1706 1707 1410 1418 1715 1716 1419
1278 5 2 1 1 1410 1707 1708 1411 1419 1716 1717 1420
1279 5 2 1 1 1411 1708 1709 1412 1420 1717 1718 1421
1280 5 2 1 1 1412 1709 1710 1413 1421 1718 1719 1422
1281 5 2 1 1 1414 1711 1712 1415 1423 1720 1721 1424
1282 5 2 1 1 1415 1712 1713 1416 1424 1721 1722 1425
1283 5 2 1 1 1416 1713 1714 1417 1425 1722 1723 1426
1284 5 2 1 1 1417 1714 1715 1418 1426 1723 1724 1427
1285 5 2 1 1 1418 1715 1716 1419 1427 1724 1725 1428
1286 5 2 1 1 1419 1716 1717 1420 1428 1725 1726 1429
1287 5 2 1 1 1420 1717 1718 1421 1429 1726 1727 1430
1288 5 2 1 1 1421 1718 1719 1422 1430 1727 1728 1431
1289 5 2 1 1 1423 1720 1721 1424 1432 1729 1730 1433
1290 5 2 1 1 1424 1721 1722 1425 1433 1730 1731 1434
1291 5 2 1 1 1425 1722 1723 1426 1434 1731 1732 1435
1292 5 2 1 1 1426 1723 1724 1427 1435 1732 1733 1436
1293 5 2 1 1 1427 1724 1725 1428 1436 1733 1734 1437
1294 5 2 1 1 1428 1725 1726 1429 1437 1734 1735 1438
1295 5 2 1 1 1429 1726 1727 1430 1438 1735 1736 1439
1296 5 2 1 1 1430 1727 1728 1431 1439 1736 1737 1440
1297 6 2 1 1 1450 1441 1738 1451 1442 1739
1298 6 2 1 1 1451 1442 1739 1452 1443 1740
1299 6 2 1 1 1452 1443 1740 1453 1444 1741
1300 6 2 1 1 1453 1444 1741 1454 1445 1742
1301 6 2 1 1 1454 1445 1742 1455 1446 1743
1302 6 2 1 1 1455 1446 1743 1456 1447 1744
1303 6 2 1 1 1456 1447 1744 1457 1448 1745
1304 6 2 1 1 1457 1448 1745 1458 1449 1746
1305 6 2 1 1 1450 1738 1747 1451 1739 1748
1306 6 2 1 1 1451 1739 1748 1452 1740 1749
1307 6 2 1 1 1452 1740 1749 1453 1741 1750
1308 6 2 1 1 1453 1741 1750 1454 1742 1751
1309 6 2 1 1 1454 1742 1751 1455 1743 1752
1310 6 2 1 1 1455 1743 1752 1456 1744 1753
1311 6 2 1 1 1456 1744 1753 1457 1745 1754
1312 6 2 1 1 1457 1745 1754 1458 1746 1755
1313 5 2 1 1 1441 1738 1739 1442 1459 1756 1757 1460
1314 5 2 1 1 1442 1739 1740 1443 1460 1757 1758 1461
1315 5 2 1 1 1443 1740 1741 1444 1461 1758 1759 1462
1316 5 2 1 1 1444 1741 1742 1445 1462 1759 1760 1463
1317 5 2 1 1 1445 1742 1743 1446 1463 1760 1761 1464
1318 5 2 1 1 1446 1743 1744 1447 1464 1761 1762 1465
1319 5 2 1 1 1447 1744 1745 1448 1465 1762 1763 1466
1320 5 2 1 1 1448 1745 1746 1449 1466 1763 1764 1467
1321 5 2 1 1 1459 1756 1757 1460 1468 1765 1766 1469
1322 5 2 1 1 1460 1757 1758 1461 1469 1766 1767 1470
1323 5 2 1 1 1461 1758 1759 1462 1470 1767 1768 1471
1324 5 2 1 1 1462 1759 1760 1463 1471 1768 1769 1472
1325 5 2 1 1 1463 1760 1761 1464 1472 1769 1770 1473
1326 5 2 1 1 1464 1761 1762 1465 1473 1770 1771 1474
1327 5 2 1 1 1465 1762 1763 1466 1474 1771 1772 1475
1328 5 2 1 1 1466 1763 1764 1467 1475 1772 1773 1476
1329 5 2 1 1 1468 1765 1766 1469 1477 1774 1775 1478
1330 5 2 1 1 1469 1766 1767 1470 1478 1775 1776 1479
1331 5 2 1 1 1470 1767 1768 1471 1479 1776 1777 1480
1332 5 2 1 1 1471 1768 1769 1472 1480 1777 1778 1481
1333 5 2 1 1 1472 1769 1770 1473 1481 1778 1779 1482
1334 5 2 1 1 1473 1770 1771 1474 1482 1779 1780 1483
1335 5 2 1 1 1474 1771 1772 1475 1483 1780 1781 1484
1336 5 2 1 1 1475 1772 1773 1476 1484 1781 1782 1485
1337 5 2 1 1 1477 1774 1775 1478 1486 1783 1784 1487
1338 5 2 1 1 1478 1775 1776 1479 1487 1784 1785 1488
1339 5 2 1 1 1479 1776 1777 1480 1488 1785 1786 1489
1340 5 2 1 1 1480 1777 1778 1481 1489 1786 1787 1490
1341 5 2 1 1 1481 1778 1779 1482 1490 1787 1788 1491
1342 5 2 1 1 1482 1779 1780 1483 1491 1788 1789 1492
1343 5 2 1 1 1483 1780 1781 1484 1492 1789 1790 1493
1344 5 2 1 1 1484 1781 1782 1485 1493 1790 1791 1494
1345 5 2 1 1 1486 1783 1784 1487 1495 1792 1793 1496
1346 5 2 1 1 1487 1784 1785 1488 1496 1793 1794 1497
1347 5 2 1 1 1488 1785 1786 1489 1497 1794 1795 1498
1348 5 2 1 1 1489 1786 1787 1490 1498 1795 1796 1499
1349 5 2 1 1 1490 1787 1788 1491 1499 1796 1797 1500
1350 5 2 1 1 1491 1788 1789 1492 1500 1797 1798 1501
1351 5 2 1 1 1492 1789 1790 1493 1501 1798 1799 1502
1352 5 2 1 1 1493 1790 1791 1494 1502 1799 1800 1503
1353 5 2 1 1 1495 1792 1793 1496 1504 1801 1802 1505
1354 5 2 1 1 1496 1793 1794 1497 1505 1802 1803 1506
1355 5 2 1 1 1497 1794 1795 1498 1506 1803 1804 1507
1356 5 2 1 1 1498 1795 1796 1499 1507 1804 1805 1508
1357 5 2 1 1 1499 1796 1797 1500 1508 1805 1806 1509
1358 5 2 1 1 1500 1797 1798 1501 1509 1806 1807 1510
1359 5 2 1 1 1501 1798 1799 1502 1510 1807 1808 1511
1360 5 2 1 1 1502 1799 1800 1503 1511 1808 1809 1512
1361 5 2 1 1 1504 1801 1802 1505 1513 1810 1811 1514
1362 5 2 1 1 1505 1802 1803 1506 1514 1811 1812 1515
1363 5 2 1 1 1506 1803 1804 1507 1515 1812 1813 1516
1364 5 2 1 1 1507 1804 1805 1508 1516 1813 1814 1517
1365 5 2 1 1 1508 1805 1806 1509 1517 1814 1815 1518
1366 5 2 1 1 1509 1806 1807 1510 1518 1815 1816 1519
1367 5 2 1 1 1510 1807 1808 1511 1519 1816 1817 1520
1368 5 2 1 1 1511 1808 1809 1512 1520 1817 1818 1521
1369 5 2 1 1 1513 1810 1811 1514 1522 1819 1820 1523
1370 5 2 1 1 1514 1811 1812 1515 1523 1820 1821 1524
1371 5 2 1 1 1515 1812 1813 1516 1524 1821 1822 1525
1372 5 2 1 1 1516 1813 1814 1517 1525 1822 1823 1526
1373 5 2 1 1 1517 1814 1815 1518 1526 1823 1824 1527
1374 5 2 1 1 1518 1815 1816 1519 1527 1824 1825 1528
1375 5 2 1 1 1519 1816 1817 1520 1528 1825 1826 1529
1376 5 2 1 1 1520 1817 1818 1521 1529 1826 1827 1530
1377 5 2 1 1 1522 1819 1820 1523 1531 1828 1829 1532
1378 5 2 1 1 1523 1820 1821 1524 1532 1829 1830 1533
1379 5 2 1 1 1524 1821 1822 1525 1533 1830 1831 1534
1380 5 2 1 1 1525 1822 1823 1526 1534 1831 1832 1535
1381 5 2 1 1 1526 1823 1824 1527 1535 1832 1833 1536
1382 5 2 1 1 1527 1824 1825 1528 1536 1833 1834 1537
1383 5 2 1 1 1528 1825 1826 1529 1537 1834 1835 1538
1384 5 2 1 1 1529 1826 1827 1530 1538 1835 1836 1539
1385 5 2 1 1 1531 1828 1829 1532 1540 1837 1838 1541
1386 5 2 1 1 1532 1829 1830 1533 1541 1838 1839 1542
1387 5 2 1 1 1533 1830 1831 1534 1542 1839 1840 1543
1388 5 2 1 1 1534 1831 1832 1535 1543 1840 1841 1544
1389 5 2 1 1 1535 1832 1833 1536 1544 1841 1842 1545
1390 5 2 1 1 1536 1833 1834 1537 1545 1842 1843 1546
1391 5 2 1 1 1537 1834 1835 1538 1546 1843 1844 1547
1392 5 2 1 1 1538 1835 1836 1539 1547 1844 1845 1548
1393 5 2 1 1 1540 1837 1838 1541 1549 1846 1847 1550
1394 5 2 1 1 1541 1838 1839 1542 1550 1847 1848 1551
1395 5 2 1 1 1542 1839 1840 1543 1551 1848 1849 1552
1396 5 2 1 1 1543 1840 1841 1544 1552 1849 1850 1553
1397 5 2 1 1 1544 1841 1842 1545 1553 1850 1851 1554
1398 5 2 1 1 1545 1842 1843 1546 1554 1851 1852 1555
1399 5 2 1 1 1546 1843 1844 1547 1555 1852 1853 1556
1400 5 2 1 1 1547 1844 1845 1548 1556 1853 1854 1557
1401 5 2 1 1 1549 1846 1847 1550 1558 1855 1856 1559
1402 5 2 1 1 1550 1847 1848 1551 1559 1856 1857 1560
1403 5 2 1 1 1551 1848 1849 1552 1560 1857 1858 1561
1404 5 2 1 1 1552 1849 1850 1553 1561 1858 1859 1562
1405 5 2 1 1 1553 1850 1851 1554 1562 1859 1860 1563
1406 5 2 1 1 1554 1851 1852 1555 1563 1860 1861 1564
1407 5 2 1 1 1555 1852 1853 1556 1564 1861 1862 1565
1408 5 2 1 1 1556 1853 1854 1557 1565 1862 1863 1566
1409 5 2 1 1 1558 1855 1856 1559 1567 1864 1865 1568
1410 5 2 1 1 1559 1856 1857 1560 1568 1865 1866 1569
1411 5 2 1 1 1560 1857 1858 1561 1569 1866 1867 1570
1412 5 2 1 1 1561 1858 1859 1562 1570 1867 1868 1571
1413 5 2 1 1 1562 1859 1860 1563 1571 1868 1869 1572
1414 5 2 1 1 1563 1860 1861 1564 1572 1869 1870 1573
1415 5 2 1 1 1564 1861 1862 1565 1573 1870 1871 1574
1416 5 2 1 1 1565 1862 1863 1566 1574 1871 1872 1575
1417 5 2 1 1 1567 1864 1865 1568 1576 1873 1874 1577
1418 5 2 1 1 1568 1865 1866 1569 1577 1874 1875 1578
1419 5 2 1 1 1569 1866 1867 1570 1578 1875 1876 1579
1420 5 2 1 1 1570 1867 1868 1571 1579 1876 1877 1580
1421 5 2 1 1 1571 1868 1869 1572 1580 1877 1878 1581
1422 5 2 1 1 1572 1869 1870 1573 1581 1878 1879 1582
1423 5 2 1 1 1573 1870 1871 1574 1582 1879 1880 1583
1424 5 2 1 1 1574 1871 1872 1575 1583 1880 1881 1584
1425 5 2 1 1 1576 1873 1874 1577 1585 1882 1883 1586
1426 5 2 1 1 1577 1874 1875 1578 1586 1883 1884 1587
1427 5 2 1 1 1578 1875 1876 1579 1587 1884 1885 1588
1428 5 2 1 1 1579 1876 1877 1580 1588 1885 1886 1589
1429 5 2 1 1 1580 1877 1878 1581 1589 1886 1887 1590
1430 5 2 1 1 1581 1878 1879 1582 1590 1887 1888 1591
1431 5 2 1 1 1582 1879 1880 1583 1591 1888 1889 1592
1432 5 2 1 1 1583 1880 1881 1584 1592 1889 1890 1593
1433 5 2 1 1 1585 1882 1883 1586 1594 1891 1892 1595
1434 5 2 1 1 1586 1883 1884 1587 1595 1892 1893 1596
1435 5 2 1 1 1587 1884 1885 1588 1596 1893 1894 1597
1436 5 2 1 1 1588 1885 1886 1589 1597 1894 1895 1598
1437 5 2 1 1 1589 1886 1887 1590 1598 1895 1896 1599
1438 5 2 1 1 1590 1887 1888 1591 1599 1896 1897 1600
1439 5 2 1 1 1591 1888 1889 1592 1600 1897 1898 1601
1440 5 2 1 1 1592 1889 1890 1593 1601 1898 1899 1602
1441 5 2 1 1 1594 1891 1892 1595 1603 1900 1901 1604
1442 5 2 1 1 1595 1892 1893 1596 1604 1901 1902 1605
1443 5 2 1 1 1596 1893 1894 1597 1605 1902 1903 1606
1444 5 2 1 1 1597 1894 1895 1598 1606 1903 1904 1607
1445 5 2 1 1 1598 1895 1896 1599 1607 1904 1905 1608
1446 5 2 1 1 1599 1896 1897 1600 1608 1905 1906 1609
1447 5 2 1 1 1600 1897 1898 1601 1609 1906 1907 1610
1448 5 2 1 1 1601 1898 1899 1602 1610 1907 1908 1611
1449 5 2 1 1 1603 1900 1901 1604 1612 1909 1910 1613
1450 5 2 1 1 1604 1901 1902 1605 1613 1910 1911 1614
1451 5 2 1 1 1605 1902 1903 1606 1614 1911 1912 1615
1452 5 2 1 1 1606 1903 1904 1607 1615 1912 1913 1616
1453 5 2 1 1 1607 1904 1905 1608 1616 1913 1914 1617
1454 5 2 1 1 1608 1905 1906 1609 1617 1914 1915 1618
1455 5 2 1 1 1609 1906 1907 1610 1618 1915 1916 1619
1456 5 2 1 1 1610 1907 1908 1611 1619 1916 1917 1620
1457 5 2 1 1 1612 1909 1910 1613 1621 1918 1919 1622
1458 5 2 1 1 1613 1910 1911 1614 1622 1919 1920 1623
1459 5 2 1 1 1614 1911 1912 1615 1623 1920 1921 1624
1460 5 2 1 1 1615 1912 1913 1616 1624 1921 1922 1625
1461 5 2 1 1 1616 1913 1914 1617 1625 1922 1923 1626
1462 5 2 1 1 1617 1914 1915 1618 1626 1923 1924 1627
1463 5 2 1 1 1618 1915 1916 1619 1627 1924 1925 1628
1464 5 2 1 1 1619 1916 1917 1620 1628 1925 1926 1629
1465 5 2 1 1 1621 1918 1919 1622 1630 1927 1928 1631
1466 5 2 1 1 1622 1919 1920 1623 1631 1928 1929 1632
1467 5 2 1 1 1623 1920 1921 1624 1632 1929 1930 1633
1468 5 2 1 1 1624 1921 1922 1625 1633 1930 1931 1634
1469 5 2 1 1 1625 1922 1923 1626 1634 1931 1932 1635
1470 5 2 1 1 1626 1923 1924 1627 1635 1932 1933 1636
1471 5 2 1 1 1627 1924 1925 1628 1636 1933 1934 1637
1472 5 2 1 1 1628 1925 1926 1629 1637 1934 1935 1638
1473 5 2 1 1 1630 1927 1928 1631 1639 1936 1937 1640
1474 5 2 1 1 1631 1928 1929 1632 1640 1937 1938 1641
1475 5 2 1 1 1632 1929 1930 1633 1641 1938 1939 1642
1476 5 2 1 1 1633 1930 1931 1634 1642 1939 1940 1643
1477 5 2 1 1 1634 1931 1932 1635 1643 1940 1941 1644
1478 5 2 1 1 1635 1932 1933 1636 1644 1941 1942 1645
1479 5 2 1 1 1636 1933 1934 1637 1645 1942 1943 1646
1480 5 2 1 1 1637 1934 1935 1638 1646 1943 1944 1647
1481 5 2 1 1 1639 1936 1937 1640 1648 1945 1946 1649
1482 5 2 1 1 1640 1937 1938 1641 1649 1946 1947 1650
1483 5 2 1 1 1641 1938 1939 1642 1650 1947 1948 1651
1484 5 2 1 1 1642 1939 1940 1643 1651 1948 1949 1652
1485 5 2 1 1 1643 1940 1941 1644 1652 1949 1950 1653
1486 5 2 1 1 1644 1941 1942 1645 1653 1950 1951 1654
1487 5 2 1 1 1645 1942 1943 1646 1654 1951 1952 1655
1488 5 2 1 1 1646 1943 1944 1647 1655 1952 1953 1656
1489 5 2 1 1 1648 1945 1946 1649 1657 1954 1955 1658
1490 5 2 1 1 1649 1946 1947 1650 1658 1955 1956 1659
1491 5 2 1 1 1650 1947 1948 1651 1659 1956 1957 1660
1492 5 2 1 1 1651 1948 1949 1652 1660 1957 1958 1661
1493 5 2 1 1 1652 1949 1950 1653 1661 1958 1959 1662
1494 5 2 1 1 1653 1950 1951 1654 1662 1959 1960 1663
1495 5 2 1 1 1654 1951 1952 1655 1663 1960 1961 1664
1496 5 2 1 1 1655 1952 1953 1656 1664 1961 1962 1665
1497 5 2 1 1 1657 1954 1955 1658 1666 1963 1964 1667
1498 5 2 1 1 1658 1955 1956 1659 1667 1964 1965 1668
1499 5 2 1 1 1659 1956 1957 1660 1668 1965 1966 1669
1500 5 2 1 1 1660 1957 1958 1661 1669 1966 1967 1670
1501 5 2 1 1 1661 1958 1959 1662 1670 1967 1968 1671
1502 5 2 1 1 1662 1959 1960 1663 1671 1968 1969 1672
1503 5 2 1 1 1663 1960 1961 1664 1672 1969 1970 1673
1504 5 2 1 1 1664 1961 1962 1665 1673 1970 1971 1674
1505 5 2 1 1 1666 1963 1964 1667 1675 1972 1973 1676
1506 5 2 1 1 1667 1964 1965 1668 1676 1973 1974 1677
1507 5 2 1 1 1668 1965 1966 1669 1677 1974 1975 1678
1508 5 2 1 1 1669 1966 1967 1670 1678 1975 1976 1679
1509 5 2 1 1 1670 1967 1968 1671 1679 1976 1977 1680
1510 5 2 1 1 1671 1968 1969 1672 1680 1977 1978 1681
1511 5 2 1 1 1672 1969 1970 1673 1681 1978 1979 1682
1512 5 2 1 1 1673 1970 1971 1674 1682 1979 1980 1683
1513 5 2 1 1 1675 1972 1973 1676 1684 1981 1982 1685
1514 5 2 1 1 1676 1973 1974 1677 1685 1982 1983 1686
1515 5 2 1 1 1677 1974 1975 1678 1686 1983 1984 1687
1516 5 2 1 1 1678 1975 1976 1679 1687 1984 1985 1688
1517 5 2 1 1 1679 1976 1977 1680 1688 1985 1986 1689
1518 5 2 1 1 1680 1977 1978 1681 1689 1986 1987 1690
1519 5 2 1 1 1681 1978 1979 1682 1690 1987 1988 1691
1520 5 2 1 1 1682 1979 1980 1683 1691 1988 1989 1692
1521 5 2 1 1 1684 1981 1982 1685 1693 1990 1991 1694
1522 5 2 1 1 1685 1982 1983 1686 1694 1991 1992 1695
1523 5 2 1 1 1686 1983 1984 1687 1695 1992 1993 1696
1524 5 2 1 1 1687 1984 1985 1688 1696 1993 1994 1697
1525 5 2 1 1 1688 1985 1986 1689 1697 1994 1995 1698
1526 5 2 1 1 1689 1986 1987 1690 1698 1995 1996 1699
1527 5 2 1 1 1690 1987 1988 1691 1699 1996 1997 1700
1528 5 2 1 1 1691 1988 1989 1692 1700 1997 1998 1701
1529 5 2 1 1 1693 1990 1991 1694 1702 1999 2000 1703
1530 5 2 1 1 1694 1991 1992 1695 1703 2000 2001 1704
1531 5 2 1 1 1695 1992 1993 1696 1704 2001 2002 1705
1532 5 2 1 1 1696 1993 1994 1697 1705 2002 2003 1706
1533 5 2 1 1 1697 1994 1995 1698 1706 2003 2004 1707
1534 5 2 1 1 1698 1995 1996 1699 1707 2004 2005 1708
1535 5 2 1 1 1699 1996 1997 1700 1708 2005 2006 1709
1536 5 2 1 1 1700 1997 1998 1701 1709 2006 2007 1710
1537 5 2 1 1 1702 1999 2000 1703 1711 2008 2009 1712
1538 5 2 1 1 1703 2000 2001 1704 1712 2009 2010 1713
1539 5 2 1 1 1704 2001 2002 1705 1713 2010 2011 1714
1540 5 2 1 1 1705 2002 2003 1706 1714 2011 2012 1715
1541 5 2 1 1 1706 2003 2004 1707 1715 2012 2013 1716
1542 5 2 1 1 1707 2004 2005 1708 1716 2013 2014 1717
1543 5 2 1 1 1708 2005 2006 1709 1717 2014 2015 1718
1544 5 2 1 1 1709 2006 2007 1710 1718 2015 2016 1719
1545 5 2 1 1 1711 2008 2009 1712 1720 2017 2018 1721
1546 5 2 1 1 1712 2009 2010 1713 1721 2018 2019 1722
1547 5 2 1 1 1713 2010 2011 1714 1722 2019 2020 1723
1548 5 2 1 1 1714 2011 2012 1715 1723 2020 2021 1724
1549 5 2 1 1 1715 2012 2013 1716 1724 2021 2022 1725
1550 5 2 1 1 1716 2013 2014 1717 1725 2022 2023 1726
1551 5 2 1 1 1717 2014 2015 1718 1726 2023 2024 1727
1552 5 2 1 1 1718 2015 2016 1719 1727 2024 2025 1728
1553 5 2 1 1 1720 2017 2018 1721 1729 2026 2027 1730
1554 5 2 1 1 1721 2018 2019 1722 1730 2027 2028 1731
1555 5 2 1 1 1722 2019 2020 1723 1731 2028 2029 1732
1556 5 2 1 1 1723 2020 2021 1724 1732 2029 2030 1733
1557 5 2 1 1 1724 2021 2022 1725 1733 2030 2031 1734
1558 5 2 1 1 1725 2022 2023 1726 1734 2031 2032 1735
1559 5 2 1 1 1726 2023 2024 1727 1735 2032 2033 1736
1560 5 2 1 1 1727 2024 2025 1728 1736 2033 2034 1737
1561 6 2 1 1 1747 1738 2035 1748 1739 2036
1562 6 2 1 1 1748 1739 2036 1749 1740 2037
1563 6 2 1 1 1749 1740 2037 1750 1741 2038
1564 6 2 1 1 1750 1741 2038 1751 1742 2039
1565 6 2 1 1 1751 1742 2039 1752 1743 2040
1566 6 2 1 1 1752 1743 2040 1753 1744 2041
1567 6 2 1 1 1753 1744 2041 1754 1745 2042
1568 6 2 1 1 1754 1745 2042 1755 1746 2043
1569 6 2 1 1 1747 2035 2044 1748 2036 2045
1570 6 2 1 1 1748 2036 2045 1749 2037 2046
1571 6 2 1 1 1749 2037 2046 1750 2038 2047
1572 6 2 1 1 1750 2038 2047 1751 2039 2048
1573 6 2 1 1 1751 2039 2048 1752 2040 2049
1574 6 2 1 1 1752 2040 2049 1753 2041 2050
1575 6 2 1 1 1753 2041 2050 1754 2042 2051
1576 6 2 1 1 1754 2042 2051 1755 2043 2052
1577 6 2 1 1 1747 2044 2053 1748 2045 2054
1578 6 2 1 1 1748 2045 2054 1749 2046 2055
1579 6 2 1 1 1749 2046 2055 1750 2047 2056
1580 6 2 1 1 1750 2047 2056 1751 2048 2057
1581 6 2 1 1 1751 2048 2057 1752 2049 2058
1582 6 2 1 1 1752 2049 2058 1753 2050 2059
1583 6 2 1 1 1753 2050 2059 1754 2051 2060
1584 6 2 1 1 1754 2051 2060 1755 2052 2061
1585 5 2 1 1 1738 2035 2036 1739 1756 2062 2063 1757
1586 5 2 1 1 1739 2036 2037 1740 1757 2063 2064 1758
1587 5 2 1 1 1740 2037 2038 1741 1758 2064 2065 1759
1588 5 2 1 1 1741 2038 2039 1742 1759 2065 2066 1760
1589 5 2 1 1 1742 2039 2040 1743 1760 2066 2067 1761
1590 5 2 1 1 1743 2040 2041 1744 1761 2067 2068 1762
1591 5 2 1 1 1744 2041 2042 1745 1762 2068 2069 1763
1592 5 2 1 1 1745 2042 2043 1746 1763 2069 2070 1764
1593 5 2 1 1 1756 2062 2063 1757 1765 2071 2072 1766
1594 5 2 1 1 1757 2063 2064 1758 1766 2072 2073 1767
1595 5 2 1 1 1758 2064 2065 1759 1767 2073 2074 1768
1596 5 2 1 1 1759 2065 2066 1760 1768 2074 2075 1769
1597 5 2 1 1 1760 2066 2067 1761 1769 2075 2076 1770
1598 5 2 1 1 1761 2067 2068 1762 1770 2076 2077 1771
1599 5 2 1 1 1762 2068 2069 1763 1771 2077 2078 1772
1600 5 2 1 1 1763 2069 2070 1764 1772 2078 2079 1773
1601 5 2 1 1 1765 2071 2072 1766 1774 2080 2081 1775
1602 5 2 1 1 1766 2072 2073 1767 1775 2081 2082 1776
1603 5 2 1 1 1767 2073 2074 1768 1776 2082 2083 1777
1604 5 2 1 1 1768 2074 2075 1769 1777 2083 2084 1778
1605 5 2 1 1 1769 2075 2076 1770 1778 2084 2085 1779
1606 5 2 1 1 1770 2076 2077 1771 1779 2085 2086 1780
1607 5 2 1 1 1771 2077 2078 1772 1780 2086 2087 1781
1608 5 2 1 1 1772 2078 2079 1773 1781 2087 2088 1782
1609 5 2 1 1 1774 2080 2081 1775 1783 2089 2090 1784
1610 5 2 1 1 1775 2081 2082 1776 1784 2090 2091 1785
1611 5 2 1 1 1776 2082 2083 1777 1785 2091 2092 1786
1612 5 2 1 1 1777 2083 2084 1778 1786 2092 2093 1787
1613 5 2 1 1 1778 2084 2085 1779 1787 2093 2094 1788
1614 5 2 1 1 1779 2085 2086 1780 1788 2094 2095 1789
1615 5 2 1 1 1780 2086 2087 1781 1789 2095 2096 1790
1616 5 2 1 1 1781 2087 2088 1782 1790 2096 2097 1791
1617 5 2 1 1 1783 2089 2090 1784 1792 2098 2099 1793
1618 5 2 1 1 1784 2090 2091 1785 1793 2099 2100 1794
1619 5 2 1 1 1785 2091 2092 1786 1794 2100 2101 1795
1620 5 2 1 1 1786 2092 2093 1787 1795 2101 2102 1796
1621 5 2 1 1 1787 2093 2094 1788 1796 2102 2103 1797
1622 5 2 1 1 1788 2094 2095 1789 1797 2103 2104 1798
1623 5 2 1 1 1789 2095 2096 1790 1798 2104 2105 1799
1624 5 2 1 1 1790 2096 2097 1791 1799 2105 2106 1800
1625 5 2 1 1 1792 2098 2099 1793 1801 2107 2108 1802
1626 5 2 1 1 1793 2099 2100 1794 1802 2108 2109 1803
1627 5 2 1 1 1794 2100 2101 1795 1803 2109 2110 1804
1628 5 2 1 1 1795 2101 2102 1796 1804 2110 2111 1805
1629 5 2 1 1 1796 2102 2103 1797 1805 2111 2112 1806
1630 5 2 1 1 1797 2103 2104 1798 1806 2112 2113 1807
1631 5 2 1 1 1798 2104 2105 1799 1807 2113 2114 1808
1632 5 2 1 1 1799 2105 2106 1800 1808 2114 2115 1809
1633 5 2 1 1 1801 2107 2108 1802 1810 2116 2117 1811
1634 5 2 1 1 1802 2108 2109 1803 1811 2117 2118 1812
1635 5 2 1 1 1803 2109 2110 1804 1812 2118 2119 1813
1636 5 2 1 1 1804 2110 2111 1805 1813 2119 2120 1814
1637 5 2 1 1 1805 2111 2112 1806 1814 2120 2121 1815
1638 5 2 1 1 1806 2112 2113 1807 1815 2121 2122 1816
1639 5 2 1 1 1807 2113 2114 1808 1816 2122 2123 1817
1640 5 2 1 1 1808 2114 2115 1809 1817 2123 2124 1818
1641 5 2 1 1 1810 2116 2117 1811 1819 2125 2126 1820
1642 5 2 1 1 1811 2117 2118 1812 1820 2126 2127 1821
1643 5 2 1 1 1812 2118 2119 1813 1821 2127 2128 1822
1644 5 2 1 1 1813 2119 2120 1814 1822 2128 2129 1823
1645 5 2 1 1 1814 2120 2121 1815 1823 2129 2130 1824
1646 5 2 1 1 1815 2121 2122 1816 1824 2130 2131 1825
1647 5 2 1 1 1816 2122 2123 1817 1825 2131 2132 1826
1648 5 2 1 1 1817 2123 2124 1818 1826 2132 2133 1827
1649 5 2 1 1 1819 2125 2126 1820 1828 2134 2135 1829
1650 5 2 1 1 1820 2126 2127 1821 1829 2135 2136 1830
1651 5 2 1 1 1821 2127 2128 1822 1830 2136 2137 1831
1652 5 2 1 1 1822 2128 2129 1823 1831 2137 2138 1832
1653 5 2 1 1 1823 2129 2130 1824 1832 2138 2139 1833
1654 5 2 1 1 1824 2130 2131 1825 1833 2139 2140 1834
1655 5 2 1 1 1825 2131 2132 1826 1834 2140 2141 1835
1656 5 2 1 1 1826 2132 2133 1827 1835 2141 2142 1836
1657 5 2 1 1 1828 2134 2135 1829 1837 2143 2144 1838
1658 5 2 1 1 1829 2135 2136 1830 1838 2144 2145 1839
1659 5 2 1 1 1830 2136 2137 1831 1839 2145 2146 1840
1660 5 2 1 1 1831 2137 2138 1832 1840 2146 2147 1841
1661 5 2 1 1 1832 2138 2139 1833 1841 2147 2148 1842
1662 5 2 1 1 1833 2139 2140 1834 1842 2148 2149 1843
1663 5 2 1 1 1834 2140 2141 1835 1843 2149 2150 1844
1664 5 2 1 1 1835 2141 2142 1836 1844 2150 2151 1845
1665 5 2 1 1 1837 2143 2144 1838 1846 2152 2153 1847
1666 5 2 1 1 1838 2144 2145 1839 1847 2153 2154 1848
1667 5 2 1 1 1839 2145 2146 1840 1848 2154 2155 1849
1668 5 2 1 1 1840 2146 2147 1841 1849 2155 2156 1850
1669 5 2 1 1 1841 2147 2148 1842 1850 2156 2157 1851
1670 5 2 1 1 1842 2148 2149 1843 1851 2157 2158 1852
1671 5 2 1 1 1843 2149 2150 1844 1852 2158 2159 1853
1672 5 2 1 1 1844 2150 2151 1845 1853 2159 2160 1854
1673 5 2 1 1 1846 2152 2153 1847 1855 2161 2162 1856
1674 5 2 1 1 1847 2153 2154 1848 1856 2162 2163 1857
1675 5 2 1 1 1848 2154 2155 1849 1857 2163 2164 1858
1676 5 2 1 1 1849 2155 2156 1850 1858 2164 2165 1859
1677 5 2 1 1 1850 2156 2157 1851 1859 2165 2166 1860
1678 5 2 1 1 1851 2157 2158 1852 1860 2166 2167 1861
1679 5 2 1 1 1852 2158 2159 1853 1861 2167 2168 1862
1680 5 2 1 1 1853 2159 2160 1854 1862 2168 2169 1863
1681 5 2 1 1 1855 2161 2162 1856 1864 2170 2171 1865
1682 5 2 1 1 1856 2162 2163 1857 1865 2171 2172 1866
1683 5 2 1 1 1857 2163 2164 1858 1866 2172 2173 1867
1684 5 2 1 1 1858 2164 2165 1859 1867 2173 2174 1868
1685 5 2 1 1 1859 2165 2166 1860 1868 2174 2175 1869
1686 5 2 1 1 1860 2166 2167 1861 1869 2175 2176 1870
1687 5 2 1 1 1861 2167 2168 1862 1870 2176 2177 1871
1688 5 2 1 1 1862 2168 2169 1863 1871 2177 2178 1872
1689 5 2 1 1 1864 2170 2171 1865 1873 2179 2180 1874
1690 5 2 1 1 1865 2171 2172 1866 1874 2180 2181 1875
1691 5 2 1 1 1866 2172 2173 1867 1875 2181 2182 1876
1692 5 2 1 1 1867 2173 2174 1868 1876 2182 2183 1877
1693 5 2 1 1 1868 2174 2175 1869 1877 2183 2184 1878
1694 5 2 1 1 1869 2175 2176 1870 1878 2184 2185 1879
1695 5 2 1 1 1870 2176 2177 1871 1879 2185 2186 1880
1696 5 2 1 1 1871 2177 2178 1872 1880 2186 2187 1881
1697 5 2 1 1 1873 2179 2180 1874 1882 2188 2189 1883
1698 5 2 1 1 1874 2180 2181 1875 1883 2189 2190 1884
1699 5 2 1 1 1875 2181 2182 1876 1884 2190 2191 1885
1700 5 2 1 1 1876 2182 2183 1877 1885 2191 2192 1886
1701 5 2 1 1 1877 2183 2184 1878 1886 2192 2193 1887
1702 5 2 1 1 1878 2184 2185 1879 1887 2193 2194 1888
1703 5 2 1 1 1879 2185 2186 1880 1888 2194 2195 1889
1704 5 2 1 1 1880 2186 2187 1881 1889 2195 2196 1890
1705 5 2 1 1 1882 2188 2189 1883 1891 2197 2198 1892
1706 5 2 1 1 1883 2189 2190 1884 1892 2198 2199 1893
1707 5 2 1 1 1884 2190 2191 1885 1893 2199 2200 1894
1708 5 2 1 1 1885 2191 2192 1886 1894 2200 2201 1895
1709 5 2 1 1 1886 2192 2193 1887 1895 2201 2202 1896
1710 5 2 1 1 1887 2193 2194 1888 1896 2202 2203 1897
1711 5 2 1 1 1888 2194 2195 1889 1897 2203 2204 1898
1712 5 2 1 1 1889 2195 2196 1890 1898 2204 2205 1899
1713 5 2 1 1 1891 2197 2198 1892 1900 2206 2207 1901
1714 5 2 1 1 1892 2198 2199 1893 1901 2207 2208 1902
1715 5 2 1 1 1893 2199 2200 1894 1902 2208 2209 1903
1716 5 2 1 1 1894 2200 2201 1895 1903 2209 2210 1904
1717 5 2 1 1 1895 2201 2202 1896 1904 2210 2211 1905
1718 5 2 1 1 1896 2202 2203 1897 1905 2211 2212 1906
1719 5 2 1 1 1897 2203 2204 1898 1906 2212 2213 1907
1720 5 2 1 1 1898 2204 2205 1899 1907 2213 2214 1908
1721 5 2 1 1 1900 2206 2207 1901 1909 2215 2216 1910
1722 5 2 1 1 1901 2207 2208 1902 1910 2216 2217 1911
1723 5 2 1 1 1902 2208 2209 1903 1911 2217 2218 1912
1724 5 2 1 1 1903 2209 2210 1904 1912 2218 2219 1913
1725 5 2 1 1 1904 2210 2211 1905 1913 2219 2220 1914
1726 5 2 1 1 1905 2211 2212 1906 1914 2220 2221 1915
1727 5 2 1 1 1906 2212 2213 1907 1915 2221 2222 1916
1728 5 2 1 1 1907 2213 2214 1908 1916 2222 2223 1917
1729 5 2 1 1 1909 2215 2216 1910 1918 2224 2225 1919
1730 5 2 1 1 1910 2216 2217 1911 1919 2225 2226 1920
1731 5 2 1 1 1911 2217 2218 1912 1920 2226 2227 1921
1732 5 2 1 1 1912 2218 2219 1913 1921 2227 2228 1922
1733 5 2 1 1 1913 2219 2220 1914 1922 2228 2229 1923
1734 5 2 1 1 1914 2220 2221 1915 1923 2229 2230 1924
1735 5 2 1 1 1915 2221 2222 1916 1924 2230 2231 1925
1736 5 2 1 1 1916 2222 2223 1917 1925 2231 2232 1926
1737 5 2 1 1 1918 2224 2225 1919 1927 2233 2234 1928
1738 5 2 1 1 1919 2225 2226 1920 1928 2234 2235 1929
1739 5 2 1 1 1920 2226 2227 1921 1929 2235 2236 1930
1740 5 2 1 1 1921 2227 2228 1922 1930 2236 2237 1931
1741 5 2 1 1 1922 2228 2229 1923 1931 2237 2238 1932
1742 5 2 1 1 1923 2229 2230 1924 1932 2238 2239 1933
1743 5 2 1 1 1924 2230 2231 1925 1933 2239 2240 1934
1744 5 2 1 1 1925 2231 2232 1926 1934 2240 2241 1935
1745 5 2 1 1 1927 2233 2234 1928 1936 2242 2243 1937
1746 5 2 1 1 1928 2234 2235 1929 1937 2243 2244 1938
1747 5 2 1 1 1929 2235 2236 1930 1938 2244 2245 1939
1748 5 2 1 1 1930 2236 2237 1931 1939 2245 2246 1940
1749 5 2 1 1 1931 2237 2238 1932 1940 2246 2247 1941
1750 5 2 1 1 1932 2238 2239 1933 1941 2247 2248 1942
1751 5 2 1 1 1933 2239 2240 1934 1942 2248 2249 1943
1752 5 2 1 1 1934 2240 2241 1935 1943 2249 2250 1944
1753 5 2 1 1 1936 2242 2243 1937 1945 2251 2252 1946
1754 5 2 1 1 1937 2243 2244 1938 1946 2252 2253 1947
1755 5 2 1 1 1938 2244 2245 1939 1947 2253 2254 1948
1756 5 2 1 1 1939 2245 2246 1940 1948 2254 2255 1949
1757 5 2 1 1 1940 2246 2247 1941 1949 2255 2256 1950
1758 5 2 1 1 1941 2247 2248 1942 1950 2256 2257 1951
1759 5 2 1 1 1942 2248 2249 1943 1951 2257 2258 1952
1760 5 2 1 1 1943 2249 2250 1944 1952 2258 2259 1953
1761 5 2 1 1 1945 2251 2252 1946 1954 2260 2261 1955
1762 5 2 1 1 1946 2252 2253 1947 1955 2261 2262 1956
1763 5 2 1 1 1947 2253 2254 1948 1956 2262 2263 1957
1764 5 2 1 1 1948 2254 2255 1949 1957 2263 2264 1958
1765 5 2 1 1 1949 2255 2256 1950 1958 2264 2265 1959
1766 5 2 1 1 1950 2256 2257 1951 1959 2265 2266 1960
1767 5 2 1 1 1951 2257 2258 1952 1960 2266 2267 1961
1768 5 2 1 1 1952 2258 2259 1953 1961 2267 2268 1962
1769 5 2 1 1 1954 2260 2261 1955 1963 2269 2270 1964
1770 5 2 1 1 1955 2261 2262 1956 1964 2270 2271 1965
1771 5 2 1 1 1956 2262 2263 1957 1965 2271 2272 1966
1772 5 2 1 1 1957 2263 2264 1958 1966 2272 2273 1967
1773 5 2 1 1 1958 2264 2265 1959 1967 2273 2274 1968
1774 5 2 1 1 1959 2265 2266 1960 1968 2274 2275 1969
1775 5 2 1 1 1960 2266 2267 1961 1969 2275 2276 1970
1776 5 2 1 1 1961 2267 2268 1962 1970 2276 2277 1971
1777 5 2 1 1 1963 2269 2270 1964 1972 2278 2279 1973
1778 5 2 1 1 1964 2270 2271 1965 1973 2279 2280 1974
1779 5 2 1 1 1965 2271 2272 1966 1974 2280 2281 1975
1780 5 2 1 1 1966 2272 2273 1967 1975 2281 2282 1976
1781 5 2 1 1 1967 2273 2274 1968 1976 2282 2283 1977
1782 5 2 1 1 1968 2274 2275 1969 1977 2283 2284 1978
1783 5 2 1 1 1969 2275 2276 1970 1978 2284 2285 1979
1784 5 2 1 1 1970 2276 2277 1971 1979 2285 2286 1980
1785 5 2 1 1 1972 2278 2279 1973 1981 2287 2288 1982
1786 5 2 1 1 1973 2279 2280 1974 1982 2288 2289 1983
1787 5 2 1 1 1974 2280 2281 1975 1983 2289 2290 1984
1788 5 2 1 1 1975 2281 2282 1976 1984 2290 2291 1985
1789 5 2 1 1 1976 2282 2283 1977 1985 2291 2292 1986
1790 5 2 1 1 1977 2283 2284 1978 1986 2292 2293 1987
1791 5 2 1 1 1978 2284 2285 1979 1987 2293 2294 1988
1792 5 2 1 1 1979 2285 2286 1980 1988 2294 2295 1989
1793 5 2 1 1 1981 2287 2288 1982 1990 2296 2297 1991
1794 5 2 1 1 1982 2288 2289 1983 1991 2297 2298 1992
1795 5 2 1 1 1983 2289 2290 1984 1992 2298 2299 1993
1796 5 2 1 1 1984 2290 2291 1985 1993 2299 2300 1994
1797 5 2 1 1 1985 2291 2292 1986 1994 2300 2301 1995
1798 5 2 1 1 1986 2292 2293 1987 1995 2301 2302 1996
1799 5 2 1 1 1987 2293 2294 1988 1996 2302 2303 1997
1800 5 2 1 1 1988 2294 2295 1989 1997 2303 2304 1998
1801 5 2 1 1 1990 2296 2297 1991 1999 2305 2306 2000
1802 5 2 1 1 1991 2297 2298 1992 2000 2306 2307 2001
1803 5 2 1 1 1992 2298 2299 1993 2001 2307 2308 2002
1804 5 2 1 1 1993 2299 2300 1994 2002 2308 2309 2003
1805 5 2 1 1 1994 2300 2301 1995 2003 2309 2310 2004
1806 5 2 1 1 1995 2301 2302 1996 2004 2310 2311 2005
1807 5 2 1 1 1996 2302 2303 1997 2005 2311 2312 2006
1808 5 2 1 1 1997 2303 2304 1998 2006 2312 2313 2007
1809 5 2 1 1 1999 2305 2306 2000 2008 2314 2315 2009
1810 5 2 1 1 2000 2306 2307 2001 2009 2315 2316 2010
1811 5 2 1 1 2001 2307 2308 2002 2010 2316 2317 2011
1812 5 2 1 1 2002 2308 2309 2003 2011 2317 2318 2012
1813 5 2 1 1 2003 2309 2310 2004 2012 2318 2319 2013
1814 5 2 1 1 2004 2310 2311 2005 2013 2319 2320 2014
1815 5 2 1 1 2005 2311 2312 2006 2014 2320 2321 2015
1816 5 2 1 1 2006 2312 2313 2007 2015 2321 2322 2016
1817 5 2 1 1 2008 2314 2315 2009 2017 2323 2324 2018
1818 5 2 1 1 2009 2315 2316 2010 2018 2324 2325 2019
1819 5 2 1 1 2010 2316 2317 2011 2019 2325 2326 2020
1820 5 2 1 1 2011 2317 2318 2012 2020 2326 2327 2021
1821 5 2 1 1 2012 2318 2319 2013 2021 2327 2328 2022
1822 5 2 1 1 2013 2319 2320 2014 2022 2328 2329 2023
1823 5 2 1 1 2014 2320 2321 2015 2023 2329 2330 2024
1824 5 2 1 1 2015 2321 2322 2016 2024 2330 2331 2025
1825 5 2 1 1 2017 2323 2324 2018 2026 2332 2333 2027
1826 5 2 1 1 2018 2324 2325 2019 2027 2333 2334 2028
1827 5 2 1 1 2019 2325 2326 2020 2028 2334 2335 2029
1828 5 2 1 1 2020 2326 2327 2021 2029 2335 2336 2030
1829 5 2 1 1 2021 2327 2328 2022 2030 2336 2337 2031
1830 5 2 1 1 2022 2328 2329 2023 2031 2337 2338 2032
1831 5 2 1 1 2023 2329 2330 2024 2032 2338 2339 2033
1832 5 2 1 1 2024 2330 2331 2025 2033 2339 2340 2034
1833 6 2 1 1 2053 2044 2341 2054 2045 2342
1834 6 2 1 1 2054 2045 2342 2055 2046 2343
1835 6 2 1 1 2055 2046 2343 2056 2047 2344
1836 6 2 1 1 2056 2047 2344 2057 2048 2345
1837 6 2 1 1 2057 2048 2345 2058 2049 2346
1838 6 2 1 1 2058 2049 2346 2059 2050 2347
1839 6 2 1 1 2059 2050 2347 2060 2051 2348
1840 6 2 1 1 2060 2051 2348 2061 2052 2349
1841 6 2 1 1 2053 2341 2350 2054 2342 2351
1842 6 2 1 1 2054 2342 2351 2055 2343 2352
1843 6 2 1 1 2055 2343 2352 2056 2344 2353
1844 6 2 1 1 2056 2344 2353 2057 2345 2354
1845 6 2 1 1 2057 2345 2354 2058 2346 2355
1846 6 2 1 1 2058 2346 2355 2059 2347 2356
1847 6 2 1 1 2059 2347 2356 2060 2348 2357
1848 6 2 1 1 2060 2348 2357 2061 2349 2358
1849 5 2 1 1 2044 2341 2342 2045 2035 2359 2360 2036
1850 5 2 1 1 2045 2342 2343 2046 2036 2360 2361 2037
1851 5 2 1 1 2046 2343 2344 2047 2037 2361 2362 2038
1852 5 2 1 1 2047 2344 2345 2048 2038 2362 2363 2039
1853 5 2 1 1 2048 2345 2346 2049 2039 2363 2364 2040
1854 5 2 1 1 2049 2346 2347 2050 2040 2364 2365 2041
1855 5 2 1 1 2050 2347 2348 2051 2041 2365 2366 2042
1856 5 2 1 1 2051 2348 2349 2052 2042 2366 2367 2043
1857 5 2 1 1 2035 2359 2360 2036 2062 2368 2369 2063
1858 5 2 1 1 2036 2360 2361 2037 2063 2369 2370 2064
1859 5 2 1 1 2037 2361 2362 2038 2064 2370 2371 2065
1860 5 2 1 1 2038 2362 2363 2039 2065 2371 2372 2066
1861 5 2 1 1 2039 2363 2364 2040 2066 2372 2373 2067
1862 5 2 1 1 2040 2364 2365 2041 2067 2373 2374 2068
1863 5 2 1 1 2041 2365 2366 2042 2068 2374 2375 2069
1864 5 2 1 1 2042 2366 2367 2043 2069 2375 2376 2070
1865 5 2 1 1 2062 2368 2369 2063 2071 2377 2378 2072
1866 5 2 1 1 2063 2369 2370 2064 2072 2378 2379 2073
1867 5 2 1 1 2064 2370 2371 2065 2073 2379 2380 2074
1868 5 2 1 1 2065 2371 2372 2066 2074 2380 2381 2075
1869 5 2 1 1 2066 2372 2373 2067 2075 2381 2382 2076
1870 5 2 1 1 2067 2373 2374 2068 2076 2382 2383 2077
1871 5 2 1 1 2068 2374 2375 2069 2077 2383 2384 2078
1872 5 2 1 1 2069 2375 2376 2070 2078 2384 2385 2079
1873 5 2 1 1 2071 2377 2378 2072 2080 2386 2387 2081
1874 5 2 1 1 2072 2378 2379 2073 2081 2387 2388 2082
1875 5 2 1 1 2073 2379 2380 2074 2082 2388 2389 2083
1876 5 2 1 1 2074 2380 2381 2075 2083 2389 2390 2084
1877 5 2 1 1 2075 2381 2382 2076 2084 2390 2391 2085
1878 5 2 1 1 2076 2382 2383 2077 2085 2391 2392 2086
1879 5 2 1 1 2077 2383 2384 2078 2086 2392 2393 2087
1880 5 2 1 1 2078 2384 2385 2079 2087 2393 2394 2088
1881 5 2 1 1 2080 2386 2387 2081 2089 2395 2396 2090
1882 5 2 1 1 2081 2387 2388 2082 2090 2396 2397 2091
1883 5 2 1 1 2082 2388 2389 2083 2091 2397 2398 2092
1884 5 2 1 1 2083 2389 2390 2084 2092 2398 2399 2093
1885 5 2 1 1 2084 2390 2391 2085 2093 2399 2400 2094
1886 5 2 1 1 2085 2391 2392 2086 2094 2400 2401 2095
1887 5 2 1 1 2086 2392 2393 2087 2095 2401 2402 2096
1888 5 2 1 1 2087 2393 2394 2088 2096 2402 2403 2097
1889 5 2 1 1 2089 2395 2396 2090 2098 2404 2405 2099
1890 5 2 1 1 2090 2396 2397 2091 2099 2405 2406 2100
1891 5 2 1 1 2091 2397 2398 2092 2100 2406 2407 2101
1892 5 2 1 1 2092 2398 2399 2093 2101 2407 2408 2102
1893 5 2 1 1 2093 2399 2400 2094 2102 2408 2409 2103
1894 5 2 1 1 2094 2400 2401 2095 2103 2409 2410 2104
1895 5 2 1 1 2095 2401 2402 2096 2104 2410 2411 2105
1896 5 2 1 1 2096 2402 2403 2097 2105 2411 2412 2106
1897 5 2 1 1 2098 2404 2405 2099 2107 2413 2414 2108
1898 5 2 1 1 2099 2405 2406 2100 2108 2414 2415 2109
1899 5 2 1 1 2100 2406 2407 2101 2109 2415 2416 2110
1900 5 2 1 1 2101 2407 2408 2102 2110 2416 2417 2111
1901 5 2 1 1 2102 2408 2409 2103 2111 2417 2418 2112
1902 5 2 1 1 2103 2409 2410 2104 2112 2418 2419 2113
1903 5 2 1 1 2104 2410 2411 2105 2113 2419 2420 2114
1904 5 2 1 1 2105 2411 2412 2106 2114 2420 2421 2115
1905 5 2 1 1 2107 2413 2414 2108 2116 2422 2423 2117
1906 5 2 1 1 2108 2414 2415 2109 2117 2423 2424 2118
1907 5 2 1 1 2109 2415 2416 2110 2118 2424 2425 2119
1908 5 2 1 1 2110 2416 2417 2111 2119 2425 2426 2120
1909 5 2 1 1 2111 2417 2418 2112 2120 2426 2427 2121
1910 5 2 1 1 2112 2418 2419 2113 2121 2427 2428 2122
1911 5 2 1 1 2113 2419 2420 2114 2122 2428 2429 2123
1912 5 2 1 1 2114 2420 2421 2115 2123 2429 2430 2124
1913 5 2 1 1 2116 2422 2423 2117 2125 2431 2432 2126
1914 5 2 1 1 2117 2423 2424 2118 2126 2432 2433 2127
1915 5 2 1 1 2118 2424 2425 2119 2127 2433 2434 2128
1916 5 2 1 1 2119 2425 2426 2120 2128 2434 2435 2129
1917 5 2 1 1 2120 2426 2427 2121 2129 2435 2436 2130
1918 5 2 1 1 2121 2427 2428 2122 2130 2436 2437 2131
1919 5 2 1 1 2122 2428 2429 2123 2131 2437 2438 2132
1920 5 2 1 1 2123 2429 2430 2124 2132 2438 2439 2133
1921 5 2 1 1 2125 2431 2432 2126 2134 2440 2441 2135
1922 5 2 1 1 2126 2432 2433 2127 2135 2441 2442 2136
1923 5 2 1 1 2127 2433 2434 2128 2136 2442 2443 2137
1924 5 2 1 1 2128 2434 2435 2129 2137 2443 2444 2138
1925 5 2 1 1 2129 2435 2436 2130 2138 2444 2445 2139
1926 5 2 1 1 2130 2436 2437 2131 2139 2445 2446 2140
1927 5 2 1 1 2131 2437 2438 2132 2140 2446 2447 2141
1928 5 2 1 1 2132 2438 2439 2133 2141 2447 2448 2142
1929 5 2 1 1 2134 2440 2441 2135 2143 2449 2450 2144
1930 5 2 1 1 2135 2441 2442 2136 2144 2450 2451 2145
1931 5 2 1 1 2136 2442 2443 2137 2145 2451 2452 2146
1932 5 2 1 1 2137 2443 2444 2138 2146 2452 2453 2147
1933 5 2 1 1 2138 2444 2445 2139 2147 2453 2454 2148
1934 5 2 1 1 2139 2445 2446 2140 2148 2454 2455 2149
1935 5 2 1 1 2140 2446 2447 2141 2149 2455 2456 2150
1936 5 2 1 1 2141 2447 2448 2142 2150 2456 2457 2151
1937 5 2 1 1 2143 2449 2450 2144 2152 2458 2459 2153
1938 5 2 1 1 2144 2450 2451 2145 2153 2459 2460 2154
1939 5 2 1 1 2145 2451 2452 2146 2154 2460 2461 2155
1940 5 2 1 1 2146 2452 2453 2147 2155 2461 2462 2156
1941 5 2 1 1 2147 2453 2454 2148 2156 2462 2463 2157
1942 5 2 1 1 2148 2454 2455 2149 2157 2463 2464 2158
1943 5 2 1 1 2149 2455 2456 2150 2158 2464 2465 2159
1944 5 2 1 1 2150 2456 2457 2151 2159 2465 2466 2160
1945 5 2 1 1 2152 2458 2459 2153 2161 2467 2468 2162
1946 5 2 1 1 2153 2459 2460 2154 2162 2468 2469 2163
1947 5 2 1 1 2154 2460 2461 2155 2163 2469 2470 2164
1948 5 2 1 1 2155 2461 2462 2156 2164 2470 2471 2165
1949 5 2 1 1 2156 2462 2463 2157 2165 2471 2472 2166
1950 5 2 1 1 2157 2463 2464 2158 2166 2472 2473 2167
1951 5 2 1 1 2158 2464 2465 2159 2167 2473 2474 2168
1952 5 2 1 1 2159 2465 2466 2160 2168 2474 2475 2169
1953 5 2 1 1 2161 2467 2468 2162 2170 2476 2477 2171
1954 5 2 1 1 2162 2468 2469 2163 2171 2477 2478 2172
1955 5 2 1 1 2163 2469 2470 2164 2172 2478 2479 2173
1956 5 2 1 1 2164 2470 2471 2165 2173 2479 2480 2174
1957 5 2 1 1 2165 2471 2472 2166 2174 2480 2481 2175
1958 5 2 1 1 2166 2472 2473 2167 2175 2481 2482 2176
1959 5 2 1 1 2167 2473 2474 2168 2176 2482 2483 2177
1960 5 2 1 1 2168 2474 2475 2169 2177 2483 2484 2178
1961 5 2 1 1 2170 2476 2477 2171 2179 2485 2486 2180
1962 5 2 1 1 2171 2477 2478 2172 2180 2486 2487 2181
1963 5 2 1 1 2172 2478 2479 2173 2181 2487 2488 2182
1964 5 2 1 1 2173 2479 2480 2174 2182 2488 2489 2183
1965 5 2 1 1 2174 2480 2481 2175 2183 2489 2490 2184
1966 5 2 1 1 2175 2481 2482 2176 2184 2490 2491 2185
1967 5 2 1 1 2176 2482 2483 2177 2185 2491 2492 2186
1968 5 2 1 1 2177 2483 2484 2178 2186 2492 2493 2187
1969 5 2 1 1 2179 2485 2486 2180 2188 2494 2495 2189
1970 5 2 1 1 2180 2486 2487 2181 2189 2495 2496 2190
1971 5 2 1 1 2181 2487 2488 2182 2190 2496 2497 2191
1972 5 2 1 1 2182 2488 2489 2183 2191 2497 2498 2192
1973 5 2 1 1 2183 2489 2490 2184 2192 2498 2499 2193
1974 5 2 1 1 2184 2490 2491 2185 2193 2499 2500 2194
1975 5 2 1 1 2185 2491 2492 2186 2194 2500 2501 2195
1976 5 2 1 1 2186 2492 2493 2187 2195 2501 2502 2196
1977 5 2 1 1 2188 2494 2495 2189 2197 2503 2504 2198
1978 5 2 1 1 2189 2495 2496 2190 2198 2504 2505 2199
1979 5 2 1 1 2190 2496 2497 2191 2199 2505 2506 2200
1980 5 2 1 1 2191 2497 2498 2192 2200 2506 2507 2201
1981 5 2 1 1 2192 2498 2499 2193 2201 2507 2508 2202
1982 5 2 1 1 2193 2499 2500 2194 2202 2508 2509 2203
1983 5 2 1 1 2194 2500 2501 2195 2203 2509 2510 2204
1984 5 2 1 1 2195 2501 2502 2196 2204 2510 2511 2205
1985 5 2 1 1 2197 2503 2504 2198 2206 2512 2513 2207
1986 5 2 1 1 2198 2504 2505 2199 2207 2513 2514 2208
1987 5 2 1 1 2199 2505 2506 2200 2208 2514 2515 2209
1988 5 2 1 1 2200 2506 2507 2201 2209 2515 2516 2210
1989 5 2 1 1 2201 2507 2508 2202 2210 2516 2517 2211
1990 5 2 1 1 2202 2508 2509 2203 2211 2517 2518 2212
1991 5 2 1 1 2203 2509 2510 2204 2212 2518 2519 2213
1992 5 2 1 1 2204 2510 2511 2205 2213 2519 2520 2214
1993 5 2 1 1 2206 2512 2513 2207 2215 2521 2522 2216
1994 5 2 1 1 2207 2513 2514 2208 2216 2522 2523 2217
1995 5 2 1 1 2208 2514 2515 2209 2217 2523 2524 2218
1996 5 2 1 1 2209 2515 2516 2210 2218 2524 2525 2219
1997 5 2 1 1 2210 2516 2517 2211 2219 2525 2526 2220
1998 5 2 1 1 2211 2517 2518 2212 2220 2526 2527 2221
1999 5 2 1 1 2212 2518 2519 2213 2221 2527 2528 2222
2000 5 2 1 1 2213 2519 2520 2214 2222 2528 2529 2223
2001 5 2 1 1 2215 2521 2522 2216 2224 2530 2531 2225
2002 5 2 1 1 2216 2522 2523 2217 2225 2531 2532 2226
2003 5 2 1 1 2217 2523 2524 2218 2226 2532 2533 2227
2004 5 2 1 1 2218 2524 2525 2219 2227 2533 2534 2228
2005 5 2 1 1 2219 2525 2526 2220 2228 2534 2535 2229
2006 5 2 1 1 2220 2526 2527 2221 2229 2535 2536 2230
2007 5 2 1 1 2221 2527 2528 2222 2230 2536 2537 2231
2008 5 2 1 1 2222 2528 2529 2223 2231 2537 2538 2232
2009 5 2 1 1 2224 2530 2531 2225 2233 2539 2540 2234
2010 5 2 1 1 2225 2531 2532 2226 2234 2540 2541 2235
2011 5 2 1 1 2226 2532 2533 2227 2235 2541 2542 2236
2012 5 2 1 1 2227 2533 2534 2228 2236 2542 2543 2237
2013 5 2 1 1 2228 2534 2535 2229 2237 2543 2544 2238
2014 5 2 1 1 2229 2535 2536 2230 2238 2544 2545 2239
2015 5 2 1 1 2230 2536 2537 2231 2239 2545 2546 2240
2016 5 2 1 1 2231 2537 2538 2232 2240 2546 2547 2241
2017 5 2 1 1 2233 2539 2540 2234 2242 2548 2549 2243
2018 5 2 1 1 2234 2540 2541 2235 2243 2549 2550 2244
2019 5 2 1 1 2235 2541 2542 2236 2244 2550 2551 2245
2020 5 2 1 1 2236 2542 2543 2237 2245 2551 2552 2246
2021 5 2 1 1 2237 2543 2544 2238 2246 2552 2553 2247
2022 5 2 1 1 2238 2544 2545 2239 2247 2553 2554 2248
2023 5 2 1 1 2239 2545 2546 2240 2248 2554 2555 2249
2024 5 2 1 1 2240 2546 2547 2241 2249 2555 2556 2250
2025 5 2 1 1 2242 2548 2549 2243 2251 2557 2558 2252
2026 5 2 1 1 2243 2549 2550 2244 2252 2558 2559 2253
2027 5 2 1 1 2244 2550 2551 2245 2253 2559 2560 2254
2028 5 2 1 1 2245 2551 2552 2246 2254 2560 2561 2255
2029 5 2 1 1 2246 2552 2553 2247 2255 2561 2562 2256
2030 5 2 1 1 2247 2553 2554 2248 2256 2562 2563 2257
2031 5 2 1 1 2248 2554 2555 2249 2257 2563 2564 2258
2032 5 2 1 1 2249 2555 2556 2250 2258 2564 2565 2259
2033 5 2 1 1 2251 2557 2558 2252 2260 2566 2567 2261
2034 5 2 1 1 2252 2558 2559 2253 2261 2567 2568 2262
2035 5 2 1 1 2253 2559 2560 2254 2262 2568 2569 2263
2036 5 2 1 1 2254 2560 2561 2255 2263 2569 2570 2264
2037 5 2 1 1 2255 2561 2562 2256 2264 2570 2571 2265
2038 5 2 1 1 2256 2562 2563 2257 2265 2571 2572 2266
2039 5 2 1 1 2257 2563 2564 2258 2266 2572 2573 2267
2040 5 2 1 1 2258 2564 2565 2259 2267 2573 2574 2268
2041 5 2 1 1 2260 2566 2567 2261 2269 2575 2576 2270
2042 5 2 1 1 2261 2567 2568 2262 2270 2576 2577 2271
2043 5 2 1 1 2262 2568 2569 2263 2271 2577 2578 2272
2044 5 2 1 1 2263 2569 2570 2264 2272 2578 2579 2273
2045 5 2 1 1 2264 2570 2571 2265 2273 2579 2580 2274
2046 5 2 1 1 2265 2571 2572 2266 2274 2580 2581 2275
2047 5 2 1 1 2266 2572 2573 2267 2275 2581 2582 2276
2048 5 2 1 1 2267 2573 2574 2268 2276 2582 2583 2277
2049 5 2 1 1 2269 2575 2576 2270 2278 2584 2585 2279
2050 5 2 1 1 2270 2576 2577 2271 2279 2585 2586 2280
2051 5 2 1 1 2271 2577 2578 2272 2280 2586 2587 2281
2052 5 2 1 1 2272 2578 2579 2273 2281 2587 2588 2282
2053 5 2 1 1 2273 2579 2580 2274 2282 2588 2589 2283
2054 5 2 1 1 2274 2580 2581 2275 2283 2589 2590 2284
2055 5 2 1 1 2275 2581 2582 2276 2284 2590 2591 2285
2056 5 2 1 1 2276 2582 2583 2277 2285 2591 2592 2286
2057 5 2 1 1 2278 2584 2585 2279 2287 2593 2594 2288
2058 5 2 1 1 2279 2585 2586 2280 2288 2594 2595 2289
2059 5 2 1 1 2280 2586 2587 2281 2289 2595 2596 2290
2060 5 2 1 1 2281 2587 2588 2282 2290 2596 2597 2291
2061 5 2 1 1 2282 2588 2589 2283 2291 2597 2598 2292
2062 5 2 1 1 2283 2589 2590 2284 2292 2598 2599 2293
2063 5 2 1 1 2284 2590 2591 2285 2293 2599 2600 2294
2064 5 2 1 1 2285 2591 2592 2286 2294 2600 2601 2295
2065 5 2 1 1 2287 2593 2594 2288 2296 2602 2603 2297
2066 5 2 1 1 2288 2594 2595 2289 2297 2603 2604 2298
2067 5 2 1 1 2289 2595 2596 2290 2298 2604 2605 2299
2068 5 2 1 1 2290 2596 2597 2291 2299 2605 2606 2300
2069 5 2 1 1 2291 2597 2598 2292 2300 2606 2607 2301
2070 5 2 1 1 2292 2598 2599 2293 2301 2607 2608 2302
2071 5 2 1 1 2293 2599 2600 2294 2302 2608 2609 2303
2072 5 2 1 1 2294 2600 2601 2295 2303 2609 2610 2304
2073 5 2 1 1 2296 2602 2603 2297 2305 2611 2612 2306
2074 5 2 1 1 2297 2603 2604 2298 2306 2612 2613 2307
2075 5 2 1 1 2298 2604 2605 2299 2307 2613 2614 2308
2076 5 2 1 1 2299 2605 2606 2300 2308 2614 2615 2309
2077 5 2 1 1 2300 2606 2607 2301 2309 2615 2616 2310
2078 5 2 1 1 2301 2607 2608 2302 2310 2616 2617 2311
2079 5 2 1 1 2302 2608 2609 2303 2311 2617 2618 2312
2080 5 2 1 1 2303 2609 2610 2304 2312 2618 2619 2313
2081 5 2 1 1 2305 2611 2612 2306 2314 2620 2621 2315
2082 5 2 1 1 2306 2612 2613 2307 2315 2621 2622 2316
2083 5 2 1 1 2307 2613 2614 2308 2316 2622 2623 2317
2084 5 2 1 1 2308 2614 2615 2309 2317 2623 2624 2318
2085 5 2 1 1 2309 2615 2616 2310 2318 2624 2625 2319
2086 5 2 1 1 2310 2616 2617 2311 2319 2625 2626 2320
2087 5 2 1 1 2311 2617 2618 2312 2320 2626 2627 2321
2088 5 2 1 1 2312 2618 2619 2313 2321 2627 2628 2322
2089 5 2 1 1 2314 2620 2621 2315 2323 2629 2630 2324
2090 5 2 1 1 2315 2621 2622 2316 2324 2630 2631 2325
2091 5 2 1 1 2316 2622 2623 2317 2325 2631 2632 2326
2092 5 2 1 1 2317 2623 2624 2318 2326 2632 2633 2327
2093 5 2 1 1 2318 2624 2625 2319 2327 2633 2634 2328
2094 5 2 1 1 2319 2625 2626 2320 2328 2634 2635 2329
2095 5 2 1 1 2320 2626 2627 2321 2329 2635 2636 2330
2096 5 2 1 1 2321 2627 2628 2322 2330 2636 2637 2331
2097 5 2 1 1 2323 2629 2630 2324 2332 2638 2639 2333
2098 5 2 1 1 2324 2630 2631 2325 2333 2639 2640 2334
2099 5 2 1 1 2325 2631 2632 2326 2334 2640 2641 2335
2100 5 2 1 1 2326 2632 2633 2327 2335 2641 2642 2336
2101 5 2 1 1 2327 2633 2634 2328 2336 2642 2643 2337
2102 5 2 1 1 2328 2634 2635 2329 2337 2643 2644 2338
2103 5 2 1 1 2329 2635 2636 2330 2338 2644 2645 2339
2104 5 2 1 1 2330 2636 2637 2331 2339 2645 2646 2340
2105 6 2 1 1 2350 2341 2647 2351 2342 2648
2106 6 2 1 1 2351 2342 2648 2352 2343 2649
2107 6 2 1 1 2352 2343 2649 2353 2344 2650
2108 6 2 1 1 2353 2344 2650 2354 2345 2651
2109 6 2 1 1 2354 2345 2651 2355 2346 2652
2110 6 2 1 1 2355 2346 2652 2356 2347 2653
2111 6 2 1 1 2356 2347 2653 2357 2348 2654
2112 6 2 1 1 2357 2348 2654 2358 2349 2655
2113 6 2 1 1 2350 2647 2656 2351 2648 2657
2114 6 2 1 1 2351 2648 2657 2352 2649 2658
2115 6 2 1 1 2352 2649 2658 2353 2650 2659
2116 6 2 1 1 2353 2650 2659 2354 2651 2660
2117 6 2 1 1 2354 2651 2660 2355 2652 2661
2118 6 2 1 1 2355 2652 2661 2356 2653 2662
2119 6 2 1 1 2356 2653 2662 2357 2654 2663
2120 6 2 1 1 2357 2654 2663 2358 2655 2664
2121 5 2 1 1 2341 2647 2648 2342 2359 2665 2666 2360
2122 5 2 1 1 2342 2648 2649 2343 2360 2666 2667 2361
2123 5 2 1 1 2343 2649 2650 2344 2361 2667 2668 2362
2124 5 2 1 1 2344 2650 2651 2345 2362 2668 2669 2363
2125 5 2 1 1 2345 2651 2652 2346 2363 2669 2670 2364
2126 5 2 1 1 2346 2652 2653 2347 2364 2670 2671 2365
2127 5 2 1 1 2347 2653 2654 2348 2365 2671 2672 2366
2128 5 2 1 1 2348 2654 2655 2349 2366 2672 2673 2367
2129 5 2 1 1 2359 2665 2666 2360 2368 2674 2675 2369
2130 5 2 1 1 2360 2666 2667 2361 2369 2675 2676 2370
2131 5 2 1 1 2361 2667 2668 2362 2370 2676 2677 2371
2132 5 2 1 1 2362 2668 2669 2363 2371 2677 2678 2372
2133 5 2 1 1 2363 2669 2670 2364 2372 2678 2679 2373
2134 5 2 1 1 2364 2670 2671 2365 2373 2679 2680 2374
2135 5 2 1 1 2365 2671 2672 2366 2374 2680 2681 2375
2136 5 2 1 1 2366 2672 2673 2367 2375 2681 2682 2376
2137 5 2 1 1 2368 2674 2675 2369 2377 2683 2684 2378
2138 5 2 1 1 2369 2675 2676 2370 2378 2684 2685 2379
2139 5 2 1 1 2370 2676 2677 2371 2379 2685 2686 2380
2140 5 2 1 1 2371 2677 2678 2372 2380 2686 2687 2381
2141 5 2 1 1 2372 2678 2679 2373 2381 2687 2688 2382
2142 5 2 1 1 2373 2679 2680 2374 2382 2688 2689 2383
2143 5 2 1 1 2374 2680 2681 2375 2383 2689 2690 2384
2144 5 2 1 1 2375 2681 2682 2376 2384 2690 2691 2385
2145 5 2 1 1 2377 2683 2684 2378 2386 2692 2693 2387
2146 5 2 1 1 2378 2684 2685 2379 2387 2693 2694 2388
2147 5 2 1 1 2379 2685 2686 2380 2388 2694 2695 2389
2148 5 2 1 1 2380 2686 2687 2381 2389 2695 2696 2390
2149 5 2 1 1 2381 2687 2688 2382 2390 2696 2697 2391
2150 5 2 1 1 2382 2688 2689 2383 2391 2697 2698 2392
2151 5 2 1 1 2383 2689 2690 2384 2392 2698 2699 2393
2152 5 2 1 1 2384 2690 2691 2385 2393 2699 2700 2394
2153 5 2 1 1 2386 2692 2693 2387 2395 2701 2702 2396
2154 5 2 1 1 2387 2693 2694 2388 2396 2702 2703 2397
2155 5 2 1 1 2388 2694 2695 2389 2397 2703 2704 2398
2156 5 2 1 1 2389 2695 2696 2390 2398 2704 2705 2399
2157 5 2 1 1 2390 2696 2697 2391 2399 2705 2706 2400
2158 5 2 1 1 2391 2697 2698 2392 2400 2706 2707 2401
2159 5 2 1 1 2392 2698 2699 2393 2401 2707 2708 2402
2160 5 2 1 1 2393 2699 2700 2394 2402 2708 2709 2403
2161 5 2 1 1 2395 2701 2702 2396 2404 2710 2711 2405
2162 5 2 1 1 2396 2702 2703 2397 2405 2711 2712 2406
2163 5 2 1 1 2397 2703 2704 2398 2406 2712 2713 2407
2164 5 2 1 1 2398 2704 2705 2399 2407 2713 2714 2408
2165 5 2 1 1 2399 2705 2706 2400 2408 2714 2715 2409
2166 5 2 1 1 2400 2706 2707 2401 2409 2715 2716 2410
2167 5 2 1 1 2401 2707 2708 2402 2410 2716 2717 2411
2168 5 2 1 1 2402 2708 2709 2403 2411 2717 2718 2412
2169 5 2 1 1 2404 2710 2711 2405 2413 2719 2720 2414
2170 5 2 1 1 2405 2711 2712 2406 2414 2720 2721 2415
2171 5 2 1 1 2406 2712 2713 2407 2415 2721 2722 2416
2172 5 2 1 1 2407 2713 2714 2408 2416 2722 2723 2417
2173 5 2 1 1 2408 2714 2715 2409 2417 2723 2724 2418
2174 5 2 1 1 2409 2715 2716 2410 2418 2724 2725 2419
2175 5 2 1 1 2410 2716 2717 2411 2419 2725 2726 2420
2176 5 2 1 1 2411 2717 2718 2412 2420 2726 2727 2421
2177 5 2 1 1 2413 2719 2720 2414 2422 2728 2729 2423
2178 5 2 1 1 2414 2720 2721 2415 2423 2729 2730 2424
2179 5 2 1 1 2415 2721 2722 2416 2424 2730 2731 2425
2180 5 2 1 1 2416 2722 2723 2417 2425 2731 2732 2426
2181 5 2 1 1 2417 2723 2724 2418 2426 2732 2733 2427
2182 5 2 1 1 2418 2724 2725 2419 2427 2733 2734 2428
2183 5 2 1 1 2419 2725 2726 2420 2428 2734 2735 2429
2184 5 2 1 1 2420 2726 2727 2421 2429 2735 2736 2430
2185 5 2 1 1 2422 2728 2729 2423 2431 2737 2738 2432
2186 5 2 1 1 2423 2729 2730 2424 2432 2738 2739 2433
2187 5 2 1 1 2424 2730 2731 2425 2433 2739 2740 2434
2188 5 2 1 1 2425 2731 2732 2426 2434 2740 2741 2435
2189 5 2 1 1 2426 2732 2733 2427 2435 2741 2742 2436
2190 5 2 1 1 2427 2733 2734 2428 2436 2742 2743 2437
2191 5 2 1 1 2428 2734 2735 2429 2437 2743 2744 2438
2192 5 2 1 1 2429 2735 2736 2430 2438 2744 2745 2439
2193 5 2 1 1 2431 2737 2738 2432 2440 2746 2747 2441
2194 5 2 1 1 2432 2738 2739 2433 2441 2747 2748 2442
2195 5 2 1 1 2433 2739 2740 2434 2442 2748 2749 2443
2196 5 2 1 1 2434 2740 2741 2435 2443 2749 2750 2444
2197 5 2 1 1 2435 2741 2742 2436 2444 2750 2751 2445
2198 5 2 1 1 2436 2742 2743 2437 2445 2751 2752 2446
2199 5 2 1 1 2437 2743 2744 2438 2446 2752 2753 2447
2200 5 2 1 1 2438 2744 2745 2439 2447 2753 2754 2448
2201 5 2 1 1 2440 2746 2747 2441 2449 2755 2756 2450
2202 5 2 1 1 2441 2747 2748 2442 2450 2756 2757 2451
2203 5 2 1 1 2442 2748 2749 2443 2451 2757 2758 2452
2204 5 2 1 1 2443 2749 2750 2444 2452 2758 2759 2453
2205 5 2 1 1 2444 2750 2751 2445 2453 2759 2760 2454
2206 5 2 1 1 2445 2751 2752 2446 2454 2760 2761 2455
2207 5 2 1 1 2446 2752 2753 2447 2455 2761 2762 2456
2208 5 2 1 1 2447 2753 2754 2448 2456 2762 2763 2457
2209 5 2 1 1 2449 2755 2756 2450 2458 2764 2765 2459
2210 5 2 1 1 2450 2756 2757 2451 2459 2765 2766 2460
2211 5 2 1 1 2451 2757 2758 2452 2460 2766 2767 2461
2212 5 2 1 1 2452 2758 2759 2453 2461 2767 2768 2462
2213 5 2 1 1 2453 2759 2760 2454 2462 2768 2769 2463
2214 5 2 1 1 2454 2760 2761 2455 2463 2769 2770 2464
2215 5 2 1 1 2455 2761 2762 2456 2464 2770 2771 2465
2216 5 2 1 1 2456 2762 2763 2457 2465 2771 2772 2466
2217 5 2 1 1 2458 2764 2765 2459 2467 2773 2774 2468
2218 5 2 1 1 2459 2765 2766 2460 2468 2774 2775 2469
2219 5 2 1 1 2460 2766 2767 2461 2469 2775 2776 2470
2220 5 2 1 1 2461 2767 2768 2462 2470 2776 2777 2471
2221 5 2 1 1 2462 2768 2769 2463 2471 2777 2778 2472
2222 5 2 1 1 2463 2769 2770 2464 2472 2778 2779 2473
2223 5 2 1 1 2464 2770 2771 2465 2473 2779 2780 2474
2224 5 2 1 1 2465 2771 2772 2466 2474 2780 2781 2475
2225 5 2 1 1 2467 2773 2774 2468 2476 2782 2783 2477
2226 5 2 1 1 2468 2774 2775 2469 2477 2783 2784 2478
2227 5 2 1 1 2469 2775 2776 2470 2478 2784 2785 2479
2228 5 2 1 1 2470 2776 2777 2471 2479 2785 2786 2480
2229 5 2 1 1 2471 2777 2778 2472 2480 2786 2787 2481
2230 5 2 1 1 2472 2778 2779 2473 2481 2787 2788 2482
2231 5 2 1 1 2473 2779 2780 2474 2482 2788 2789 2483
2232 5 2 1 1 2474 2780 2781 2475 2483 2789 2790 2484
2233 5 2 1 1 2476 2782 2783 2477 2485 2791 2792 2486
2234 5 2 1 1 2477 2783 2784 2478 2486 2792 2793 2487
2235 5 2 1 1 2478 2784 2785 2479 2487 2793 2794 2488
2236 5 2 1 1 2479 2785 2786 2480 2488 2794 2795 2489
2237 5 2 1 1 2480 2786 2787 2481 2489 2795 2796 2490
2238 5 2 1 1 2481 2787 2788 2482 2490 2796 2797 2491
2239 5 2 1 1 2482 2788 2789 2483 2491 2797 2798 2492
2240 5 2 1 1 2483 2789 2790 2484 2492 2798 2799 2493
2241 5 2 1 1 2485 2791 2792 2486 2494 2800 2801 2495
2242 5 2 1 1 2486 2792 2793 2487 2495 2801 2802 2496
2243 5 2 1 1 2487 2793 2794 2488 2496 2802 2803 2497
2244 5 2 1 1 2488 2794 2795 2489 2497 2803 2804 2498
2245 5 2 1 1 2489 2795 2796 2490 2498 2804 2805 2499
2246 5 2 1 1 2490 2796 2797 2491 2499 2805 2806 2500
2247 5 2 1 1 2491 2797 2798 2492 2500 2806 2807 2501
2248 5 2 1 1 2492 2798 2799 2493 2501 2807 2808 2502
2249 5 2 1 1 2494 2800 2801 2495 2503 2809 2810 2504
2250 5 2 1 1 2495 2801 2802 2496 2504 2810 2811 2505
2251 5 2 1 1 2496 2802 2803 2497 2505 2811 2812 2506
2252 5 2 1 1 2497 2803 2804 2498 2506 2812 2813 2507
2253 5 2 1 1 2498 2804 2805 2499 2507 2813 2814 2508
2254 5 2 1 1 2499 2805 2806 2500 2508 2814 2815 2509
2255 5 2 1 1 2500 2806 2807 2501 2509 2815 2816 2510
2256 5 2 1 1 2501 2807 2808 2502 2510 2816 2817 2511
2257 5 2 1 1 2503 2809 2810 2504 2512 2818 2819 2513
2258 5 2 1 1 2504 2810 2811 2505 2513 2819 2820 2514
2259 5 2 1 1 2505 2811 2812 2506 2514 2820 2821 2515
2260 5 2 1 1 2506 2812 2813 2507 2515 2821 2822 2516
2261 5 2 1 1 2507 2813 2814 2508 2516 2822 2823 2517
2262 5 2 1 1 2508 2814 2815 2509 2517 2823 2824 2518
2263 5 2 1 1 2509 2815 2816 2510 2518 2824 2825 2519
2264 5 2 1 1 2510 2816 2817 2511 2519 2825 2826 2520
2265 5 2 1 1 2512 2818 2819 2513 2521 2827 2828 2522
2266 5 2 1 1 2513 2819 2820 2514 2522 2828 2829 2523
2267 5 2 1 1 2514 2820 2821 2515 2523 2829 2830 2524
2268 5 2 1 1 2515 2821 2822 2516 2524 2830 2831 2525
2269 5 2 1 1 2516 2822 2823 2517 2525 2831 2832 2526
2270 5 2 1 1 2517 2823 2824 2518 2526 2832 2833 2527
2271 5 2 1 1 2518 2824 2825 2519 2527 2833 2834 2528
2272 5 2 1 1 2519 2825 2826 2520 2528 2834 2835 2529
2273 5 2 1 1 2521 2827 2828 2522 2530 2836 2837 2531
2274 5 2 1 1 2522 2828 2829 2523 2531 2837 2838 2532
2275 5 2 1 1 2523 2829 2830 2524 2532 2838 2839 2533
2276 5 2 1 1 2524 2830 2831 2525 2533 2839 2840 2534
2277 5 2 1 1 2525 2831 2832 2526 2534 2840 2841 2535
2278 5 2 1 1 2526 2832 2833 2527 2535 2841 2842 2536
2279 5 2 1 1 2527 2833 2834 2528 2536 2842 2843 2537
2280 5 2 1 1 2528 2834 2835 2529 2537 2843 2844 2538
2281 5 2 1 1 2530 2836 2837 2531 2539 2845 2846 2540
2282 5 2 1 1 2531 2837 2838 2532 2540 2846 2847 2541
2283 5 2 1 1 2532 2838 2839 2533 2541 2847 2848 2542
2284 5 2 1 1 2533 2839 2840 2534 2542 2848 2849 2543
2285 5 2 1 1 2534 2840 2841 2535 2543 2849 2850 2544
2286 5 2 1 1 2535 2841 2842 2536 2544 2850 2851 2545
2287 5 2 1 1 2536 2842 2843 2537 2545 2851 2852 2546
2288 5 2 1 1 2537 2843 2844 2538 2546 2852 2853 2547
2289 5 2 1 1 2539 2845 2846 2540 2548 2854 2855 2549
2290 5 2 1 1 2540 2846 2847 2541 2549 2855 2856 2550
2291 5 2 1 1 2541 2847 2848 2542 2550 2856 2857 2551
2292 5 2 1 1 2542 2848 2849 2543 2551 2857 2858 2552
2293 5 2 1 1 2543 2849 2850 2544 2552 2858 2859 2553
2294 5 2 1 1 2544 2850 2851 2545 2553 2859 2860 2554
2295 5 2 1 1 2545 2851 2852 2546 2554 2860 2861 2555
2296 5 2 1 1 2546 2852 2853 2547 2555 2861 2862 2556
2297 5 2 1 1 2548 2854 2855 2549 2557 2863 2864 2558
2298 5 2 1 1 2549 2855 2856 2550 2558 2864 2865 2559
2299 5 2 1 1 2550 2856 2857 2551 2559 2865 2866 2560
2300 5 2 1 1 2551 2857 2858 2552 2560 2866 2867 2561
2301 5 2 1 1 2552 2858 2859 2553 2561 2867 2868 2562
2302 5 2 1 1 2553 2859 2860 2554 2562 2868 2869 2563
2303 5 2 1 1 2554 2860 2861 2555 2563 2869 2870 2564
2304 5 2 1 1 2555 2861 2862 2556 2564 2870 2871 2565
2305 5 2 1 1 2557 2863 2864 2558 2566 2872 2873 2567
2306 5 2 1 1 2558 2864 2865 2559 2567 2873 2874 2568
2307 5 2 1 1 2559 2865 2866 2560 2568 2874 2875 2569
2308 5 2 1 1 2560 2866 2867 2561 2569 2875 2876 2570
2309 5 2 1 1 2561 2867 2868 2562 2570 2876 2877 2571
2310 5 2 1 1 2562 2868 2869 2563 2571 2877 2878 2572
2311 5 2 1 1 2563 2869 2870 2564 2572 2878 2879 2573
2312 5 2 1 1 2564 2870 2871 2565 2573 2879 2880 2574
2313 5 2 1 1 2566 2872 2873 2567 2575 2881 2882 2576
2314 5 2 1 1 2567 2873 2874 2568 2576 2882 2883 2577
2315 5 2 1 1 2568 2874 2875 2569 2577 2883 2884 2578
2316 5 2 1 1 2569 2875 2876 2570 2578 2884 2885 2579
2317 5 2 1 1 2570 2876 2877 2571 2579 2885 2886 2580
2318 5 2 1 1 2571 2877 2878 2572 2580 2886 2887 2581
2319 5 2 1 1 2572 2878 2879 2573 2581 2887 2888 2582
2320 5 2 1 1 2573 2879 2880 2574 2582 2888 2889 2583
2321 5 2 1 1 2575 2881 2882 2576 2584 2890 2891 2585
2322 5 2 1 1 2576 2882 2883 2577 2585 2891 2892 2586
2323 5 2 1 1 2577 2883 2884 2578 2586 2892 2893 2587
2324 5 2 1 1 2578 2884 2885 2579 2587 2893 2894 2588
2325 5 2 1 1 2579 2885 2886 2580 2588 2894 2895 2589
2326 5 2 1 1 2580 2886 2887 2581 2589 2895 2896 2590
2327 5 2 1 1 2581 2887 2888 2582 2590 2896 2897 2591
2328 5 2 1 1 2582 2888 2889 2583 2591 2897 2898 2592
2329 5 2 1 1 2584 2890 2891 2585 2593 2899 2900 2594
2330 5 2 1 1 2585 2891 2892 2586 2594 2900 2901 2595
2331 5 2 1 1 2586 2892 2893 2587 2595 2901 2902 2596
2332 5 2 1 1 2587 2893 2894 2588 2596 2902 2903 2597
2333 5 2 1 1 2588 2894 2895 2589 2597 2903 2904 2598
2334 5 2 1 1 2589 2895 2896 2590 2598 2904 2905 2599
2335 5 2 1 1 2590 2896 2897 2591 2599 2905 2906 2600
2336 5 2 1 1 2591 2897 2898 2592 2600 2906 2907 2601
2337 5 2 1 1 2593 2899 2900 2594 2602 2908 2909 2603
2338 5 2 1 1 2594 2900 2901 2595 2603 2909 2910 2604
2339 5 2 1 1 2595 2901 2902 2596 2604 2910 2911 2605
2340 5 2 1 1 2596 2902 2903 2597 2605 2911 2912 2606
2341 5 2 1 1 2597 2903 2904 2598 2606 2912 2913 2607
2342 5 2 1 1 2598 2904 2905 2599 2607 2913 2914 2608
2343 5 2 1 1 2599 2905 2906 2600 2608 2914 2915 2609
2344 5 2 1 1 2600 2906 2907 2601 2609 2915 2916 2610
2345 5 2 1 1 2602 2908 2909 2603 2611 2917 2918 2612
2346 5 2 1 1 2603 2909 2910 2604 2612 2918 2919 2613
2347 5 2 1 1 2604 2910 2911 2605 2613 2919 2920 2614
2348 5 2 1 1 2605 2911 2912 2606 2614 2920 2921 2615
2349 5 2 1 1 2606 2912 2913 2607 2615 2921 2922 2616
2350 5 2 1 1 2607 2913 2914 2608 2616 2922 2923 2617
2351 5 2 1 1 2608 2914 2915 2609 2617 2923 2924 2618
2352 5 2 1 1 2609 2915 2916 2610 2618 2924 2925 2619
2353 5 2 1 1 2611 2917 2918 2612 2620 2926 2927 2621
2354 5 2 1 1 2612 2918 2919 2613 2621 2927 2928 2622
2355 5 2 1 1 2613 2919 2920 2614 2622 2928 2929 2623
2356 5 2 1 1 2614 2920 2921 2615 2623 2929 2930 2624
2357 5 2 1 1 2615 2921 2922 2616 2624 2930 2931 2625
2358 5 2 1 1 2616 2922 2923 2617 2625 2931 2932 2626
2359 5 2 1 1 2617 2923 2924 2618 2626 2932 2933 2627
2360 5 2 1 1 2618 2924 2925 2619 2627 2933 2934 2628
2361 5 2 1 1 2620 2926 2927 2621 2629 2935 2936 2630
2362 5 2 1 1 2621 2927 2928 2622 2630 2936 2937 2631
2363 5 2 1 1 2622 2928 2929 2623 2631 2937 2938 2632
2364 5 2 1 1 2623 2929 2930 2624 2632 2938 2939 2633
2365 5 2 1 1 2624 2930 2931 2625 2633 2939 2940 2634
2366 5 2 1 1 2625 2931 2932 2626 2634 2940 2941 2635
2367 5 2 1 1 2626 2932 2933 2627 2635 2941 2942 2636
2368 5 2 1 1 2627 2933 2934 2628 2636 2942 2943 2637
2369 5 2 1 1 2629 2935 2936 2630 2638 2944 2945 2639
2370 5 2 1 1 2630 2936 2937 2631 2639 2945 2946 2640
2371 5 2 1 1 2631 2937 2938 2632 2640 2946 2947 2641
2372 5 2 1 1 2632 2938 2939 2633 2641 2947 2948 2642
2373 5 2 1 1 2633 2939 2940 2634 2642 2948 2949 2643
2374 5 2 1 1 2634 2940 2941 2635 2643 2949 2950 2644
2375 5 2 1 1 2635 2941 2942 2636 2644 2950 2951 2645
2376 5 2 1 1 2636 2942 2943 2637 2645 2951 2952 2646
2377 6 2 1 1 2656 2647 2953 2657 2648 2954
2378 6 2 1 1 2657 2648 2954 2658 2649 2955
2379 6 2 1 1 2658 2649 2955 2659 2650 2956
2380 6 2 1 1 2659 2650 2956 2660 2651 2957
2381 6 2 1 1 2660 2651 2957 2661 2652 2958
2382 6 2 1 1 2661 2652 2958 2662 2653 2959
2383 6 2 1 1 2662 2653 2959 2663 2654 2960
2384 6 2 1 1 2663 2654 2960 2664 2655 2961
2385 6 2 1 1 2656 2953 2962 2657 2954 2963
2386 6 2 1 1 2657 2954 2963 2658 2955 2964
2387 6 2 1 1 2658 2955 2964 2659 2956 2965
2388 6 2 1 1 2659 2956 2965 2660 2957 2966
2389 6 2 1 1 2660 2957 2966 2661 2958 2967
2390 6 2 1 1 2661 2958 2967 2662 2959 2968
2391 6 2 1 1 2662 2959 2968 2663 2960 2969
2392 6 2 1 1 2663 2960 2969 2664 2961 2970
2393 6 2 1 1 2656 2962 2971 2657 2963 2972
2394 6 2 1 1 2657 2963 2972 2658 2964 2973
2395 6 2 1 1 2658 2964 2973 2659 2965 2974
2396 6 2 1 1 2659 2965 2974 2660 2966 2975
2397 6 2 1 1 2660 2966 2975 2661 2967 2976
2398 6 2 1 1 2661 2967 2976 2662 2968 2977
2399 6 2 1 1 2662 2968 2977 2663 2969 2978
2400 6 2 1 1 2663 2969 2978 2664 2970 2979
2401 5 2 1 1 2647 2953 2954 2648 2665 2980 2981 2666
2402 5 2 1 1 2648 2954 2955 2649 2666 2981 2982 2667
2403 5 2 1 1 2649 2955 2956 2650 2667 2982 2983 2668
2404 5 2 1 1 2650 2956 2957 2651 2668 2983 2984 2669
2405 5 2 1 1 2651 2957 2958 2652 2669 2984 2985 2670
2406 5 2 1 1 2652 2958 2959 2653 2670 2985 2986 2671
2407 5 2 1 1 2653 2959 2960 2654 2671 2986 2987 2672
2408 5 2 1 1 2654 2960 2961 2655 2672 2987 2988 2673
2409 5 2 1 1 2665 2980 2981 2666 2674 2989 2990 2675
2410 5 2 1 1 2666 2981 2982 2667 2675 2990 2991 2676
2411 5 2 1 1 2667 2982 2983 2668 2676 2991 2992 2677
2412 5 2 1 1 2668 2983 2984 2669 2677 2992 2993 2678
2413 5 2 1 1 2669 2984 2985 2670 2678 2993 2994 2679
2414 5 2 1 1 2670 2985 2986 2671 2679 2994 2995 2680
2415 5 2 1 1 2671 2986 2987 2672 2680 2995 2996 2681
2416 5 2 1 1 2672 2987 2988 2673 2681 2996 2997 2682
2417 5 2 1 1 2674 2989 2990 2675 2683 2998 2999 2684
2418 5 2 1 1 2675 2990 2991 2676 2684 2999 3000 2685
2419 5 2 1 1 2676 2991 2992 2677 2685 3000 3001 2686
2420 5 2 1 1 2677 2992 2993 2678 2686 3001 3002 2687
2421 5 2 1 1 2678 2993 2994 2679 2687 3002 3003 2688
2422 5 2 1 1 2679 2994 2995 2680 2688 3003 3004 2689
2423 5 2 1 1 2680 2995 2996 2681 2689 3004 3005 2690
2424 5 2 1 1 2681 2996 2997 2682 2690 3005 3006 2691
2425 5 2 1 1 2683 2998 2999 2684 2692 3007 3008 2693
2426 5 2 1 1 2684 2999 3000 2685 2693 3008 3009 2694
2427 5 2 1 1 2685 3000 3001 2686 2694 3009 3010 2695
2428 5 2 1 1 2686 3001 3002 2687 2695 3010 3011 2696
2429 5 2 1 1 2687 3002 3003 2688 2696 3011 3012 2697
2430 5 2 1 1 2688 3003 3004 2689 2697 3012 3013 2698
2431 5 2 1 1 2689 3004 3005 2690 2698 3013 3014 2699
2432 5 2 1 1 2690 3005 3006 2691 2699 3014 3015 2700
2433 5 2 1 1 2692 3007 3008 2693 2701 3016 3017 2702
2434 5 2 1 1 2693 3008 3009 2694 2702 3017 3018 2703
2435 5 2 1 1 2694 3009 3010 2695 2703 3018 3019 2704
2436 5 2 1 1 2695 3010 3011 2696 2704 3019 3020 2705
2437 5 2 1 1 2696 3011 3012 2697 2705 3020 3021 2706
2438 5 2 1 1 2697 3012 3013 2698 2706 3021 3022 2707
2439 5 2 1 1 2698 3013 3014 2699 2707 3022 3023 2708
2440 5 2 1 1 2699 3014 3015 2700 2708 3023 3024 2709
2441 5 2 1 1 2701 3016 3017 2702 2710 3025 3026 2711
2442 5 2 1 1 2702 3017 3018 2703 2711 3026 3027 2712
2443 5 2 1 1 2703 3018 3019 2704 2712 3027 3028 2713
2444 5 2 1 1 2704 3019 3020 2705 2713 3028 3029 2714
2445 5 2 1 1 2705 3020 3021 2706 2714 3029 3030 2715
2446 5 2 1 1 2706 3021 3022 2707 2715 3030 3031 2716
2447 5 2 1 1 2707 3022 3023 2708 2716 3031 3032 2717
2448 5 2 1 1 2708 3023 3024 2709 2717 3032 3033 2718
2449 5 2 1 1 2710 3025 3026 2711 2719 3034 3035 2720
2450 5 2 1 1 2711 3026 3027 2712 2720 3035 3036 2721
2451 5 2 1 1 2712 3027 3028 2713 2721 3036 3037 2722
2452 5 2 1 1 2713 3028 3029 2714 2722 3037 3038 2723
2453 5 2 1 1 2714 3029 3030 2715 2723 3038 3039 2724
2454 5 2 1 1 2715 3030 3031 2716 2724 3039 3040 2725
2455 5 2 1 1 2716 3031 3032 2717 2725 3040 3041 2726
2456 5 2 1 1 2717 3032 3033 2718 2726 3041 3042 2727
2457 5 2 1 1 2719 3034 3035 2720 2728 3043 3044 2729
2458 5 2 1 1 2720 3035 3036 2721 2729 3044 3045 2730
2459 5 2 1 1 2721 3036 3037 2722 2730 3045 3046 2731
2460 5 2 1 1 2722 3037 3038 2723 2731 3046 3047 2732
2461 5 2 1 1 2723 3038 3039 2724 2732 3047 3048 2733
2462 5 2 1 1 2724 3039 3040 2725 2733 3048 3049 2734
2463 5 2 1 1 2725 3040 3041 2726 2734 3049 3050 2735
2464 5 2 1 1 2726 3041 3042 2727 2735 3050 3051 2736
2465 5 2 1 1 2728 3043 3044 2729 2737 3052 3053 2738
2466 5 2 1 1 2729 3044 3045 2730 2738 3053 3054 2739
2467 5 2 1 1 2730 3045 3046 2731 2739 3054 3055 2740
2468 5 2 1 1 2731 3046 3047 2732 2740 3055 3056 2741
2469 5 2 1 1 2732 3047 3048 2733 2741 3056 3057 2742
2470 5 2 1 1 2733 3048 3049 2734 2742 3057 3058 2743
2471 5 2 1 1 2734 3049 3050 2735 2743 3058 3059 2744
2472 5 2 1 1 2735 3050 3051 2736 2744 3059 3060 2745
2473 5 2 1 1 2737 3052 3053 2738 2746 3061 3062 2747
2474 5 2 1 1 2738 3053 3054 2739 2747 3062 3063 2748
2475 5 2 1 1 2739 3054 3055 2740 2748 3063 3064 2749
2476 5 2 1 1 2740 3055 3056 2741 2749 3064 3065 2750
2477 5 2 1 1 2741 3056 3057 2742 2750 3065 3066 2751
2478 5 2 1 1 2742 3057 3058 2743 2751 3066 3067 2752
2479 5 2 1 1 2743 3058 3059 2744 2752 3067 3068 2753
2480 5 2 1 1 2744 3059 3060 2745 2753 3068 3069 2754
2481 5 2 1 1 2746 3061 3062 2747 2755 3070 3071 2756
2482 5 2 1 1 2747 3062 3063 2748 2756 3071 3072 2757
2483 5 2 1 1 2748 3063 3064 2749 2757 3072 3073 2758
2484 5 2 1 1 2749 3064 3065 2750 2758 3073 3074 2759
2485 5 2 1 1 2750 3065 3066 2751 2759 3074 3075 2760
2486 5 2 1 1 2751 3066 3067 2752 2760 3075 3076 2761
2487 5 2 1 1 2752 3067 3068 2753 2761 3076 3077 2762
2488 5 2 1 1 2753 3068 3069 2754 2762 3077 3078 2763
2489 5 2 1 1 2755 3070 3071 2756 2764 3079 3080 2765
2490 5 2 1 1 2756 3071 3072 2757 2765 3080 3081 2766
2491 5 2 1 1 2757 3072 3073 2758 2766 3081 3082 2767
2492 5 2 1 1 2758 3073 3074 2759 2767 3082 3083 2768
2493 5 2 1 1 2759 3074 3075 2760 2768 3083 3084 2769
2494 5 2 1 1 2760 3075 3076 2761 2769 3084 3085 2770
2495 5 2 1 1 2761 3076 3077 2762 2770 3085 3086 2771
2496 5 2 1 1 2762 3077 3078 2763 2771 3086 3087 2772
2497 5 2 1 1 2764 3079 3080 2765 2773 3088 3089 2774
2498 5 2 1 1 2765 3080 3081 2766 2774 3089 3090 2775
2499 5 2 1 1 2766 3081 3082 2767 2775 3090 3091 2776
2500 5 2 1 1 2767 3082 3083 2768 2776 3091 3092 2777
2501 5 2 1 1 2768 3083 3084 2769 2777 3092 3093 2778
2502 5 2 1 1 2769 3084 3085 2770 2778 3093 3094 2779
2503 5 2 1 1 2770 3085 3086 2771 2779 3094 3095 2780
2504 5 2 1 1 2771 3086 3087 2772 2780 3095 3096 2781
2505 5 2 1 1 2773 3088 3089 2774 2782 3097 3098 2783
2506 5 2 1 1 2774 3089 3090 2775 2783 3098 3099 2784
2507 5 2 1 1 2775 3090 3091 2776 2784 3099 3100 2785
2508 5 2 1 1 2776 3091 3092 2777 2785 3100 3101 2786
2509 5 2 1 1 2777 3092 3093 2778 2786 3101 3102 2787
2510 5 2 1 1 2778 3093 3094 2779 2787 3102 3103 2788
2511 5 2 1 1 2779 3094 3095 2780 2788 3103 3104 2789
2512 5 2 1 1 2780 3095 3096 2781 2789 3104 3105 2790
2513 5 2 1 1 2782 3097 3098 2783 2791 3106 3107 2792
2514 5 2 1 1 2783 3098 3099 2784 2792 3107 3108 2793
2515 5 2 1 1 2784 3099 3100 2785 2793 3108 3109 2794
2516 5 2 1 1 2785 3100 3101 2786 2794 3109 3110 2795
2517 5 2 1 1 2786 3101 3102 2787 2795 3110 3111 2796
2518 5 2 1 1 2787 3102 3103 2788 2796 3111 3112 2797
2519 5 2 1 1 2788 3103 3104 2789 2797 3112 3113 2798
2520 5 2 1 1 2789 3104 3105 2790 2798 3113 3114 2799
2521 5 2 1 1 2791 3106 3107 2792 2800 3115 3116 2801
2522 5 2 1 1 2792 3107 3108 2793 2801 3116 3117 2802
2523 5 2 1 1 2793 3108 3109 2794 2802 3117 3118 2803
2524 5 2 1 1 2794 3109 3110 2795 2803 3118 3119 2804
2525 5 2 1 1 2795 3110 3111 2796 2804 3119 3120 2805
2526 5 2 1 1 2796 3111 3112 2797 2805 3120 3121 2806
2527 5 2 1 1 2797 3112 3113 2798 2806 3121 3122 2807
2528 5 2 1 1 2798 3113 3114 2799 2807 3122 3123 2808
2529 5 2 1 1 2800 3115 3116 2801 2809 3124 3125 2810
2530 5 2 1 1 2801 3116 3117 2802 2810 3125 3126 2811
2531 5 2 1 1 2802 3117 3118 2803 2811 3126 3127 2812
2532 5 2 1 1 2803 3118 3119 2804 2812 3127 3128 2813
2533 5 2 1 1 2804 3119 3120 2805 2813 3128 3129 2814
2534 5 2 1 1 2805 3120 3121 2806 2814 3129 3130 2815
2535 5 2 1 1 2806 3121 3122 2807 2815 3130 3131 2816
2536 5 2 1 1 2807 3122 3123 2808 2816 3131 3132 2817
2537 5 2 1 1 2809 3124 3125 2810 2818 3133 3134 2819
2538 5 2 1 1 2810 3125 3126 2811 2819 3134 3135 2820
2539 5 2 1 1 2811 3126 3127 2812 2820 3135 3136 2821
2540 5 2 1 1 2812 3127 3128 2813 2821 3136 3137 2822
2541 5 2 1 1 2813 3128 3129 2814 2822 3137 3138 2823
2542 5 2 1 1 2814 3129 3130 2815 2823 3138 3139 2824
2543 5 2 1 1 2815 3130 3131 2816 2824 3139 3140 2825
2544 5 2 1 1 2816 3131 3132 2817 2825 3140 3141 2826
2545 5 2 1 1 2818 3133 3134 2819 2827 3142 3143 2828
2546 5 2 1 1 2819 3134 3135 2820 2828 3143 3144 2829
2547 5 2 1 1 2820 3135 3136 2821 2829 3144 3145 2830
2548 5 2 1 1 2821 3136 3137 2822 2830 3145 3146 2831
2549 5 2 1 1 2822 3137 3138 2823 2831 3146 3147 2832
2550 5 2 1 1 2823 3138 3139 2824 2832 3147 3148 2833
2551 5 2 1 1 2824 3139 3140 2825 2833 3148 3149 2834
2552 5 2 1 1 2825 3140 3141 2826 2834 3149 3150 2835
2553 5 2 1 1 2827 3142 3143 2828 2836 3151 3152 2837
2554 5 2 1 1 2828 3143 3144 2829 2837 3152 3153 2838
2555 5 2 1 1 2829 3144 3145 2830 2838 3153 3154 2839
2556 5 2 1 1 2830 3145 3146 2831 2839 3154 3155 2840
2557 5 2 1 1 2831 3146 3147 2832 2840 3155 3156 2841
2558 5 2 1 1 2832 3147 3148 2833 2841 3156 3157 2842
2559 5 2 1 1 2833 3148 3149 2834 2842 3157 3158 2843
2560 5 2 1 1 2834 3149 3150 2835 2843 3158 3159 2844
2561 5 2 1 1 2836 3151 3152 2837 2845 3160 3161 2846
2562 5 2 1 1 2837 3152 3153 2838 2846 3161 3162 2847
2563 5 2 1 1 2838 3153 3154 2839 2847 3162 3163 2848
2564 5 2 1 1 2839 3154 3155 2840 2848 3163 3164 2849
2565 5 2 1 1 2840 3155 3156 2841 2849 3164 3165 2850
2566 5 2 1 1 2841 3156 3157 2842 2850 3165 3166 2851
2567 5 2 1 1 2842 3157 3158 2843 2851 3166 3167 2852
2568 5 2 1 1 2843 3158 3159 2844 2852 3167 3168 2853
2569 5 2 1 1 2845 3160 3161 2846 2854 3169 3170 2855
2570 5 2 1 1 2846 3161 3162 2847 2855 3170 3171 2856
2571 5 2 1 1 2847 3162 3163 2848 2856 3171 3172 2857
2572 5 2 1 1 2848 3163 3164 2849 2857 3172 3173 2858
2573 5 2 1 1 2849 3164 3165 2850 2858 3173 3174 2859
2574 5 2 1 1 2850 3165 3166 2851 2859 3174 3175 2860
2575 5 2 1 1 2851 3166 3167 2852 2860 3175 3176 2861
2576 5 2 1 1 2852 3167 3168 2853 2861 3176 3177 2862
2577 5 2 1 1 2854 3169 3170 2855 2863 3178 3179 2864
2578 5 2 1 1 2855 3170 3171 2856 2864 3179 3180 2865
2579 5 2 1 1 2856 3171 3172 2857 2865 3180 3181 2866
2580 5 2 1 1 2857 3172 3173 2858 2866 3181 3182 2867
2581 5 2 1 1 2858 3173 3174 2859 2867 3182 3183 2868
2582 5 2 1 1 2859 3174 3175 2860 2868 3183 3184 2869
2583 5 2 1 1 2860 3175 3176 2861 2869 3184 3185 2870
2584 5 2 1 1 2861 3176 3177 2862 2870 3185 3186 2871
2585 5 2 1 1 2863 3178 3179 2864 2872 3187 3188 2873
2586 5 2 1 1 2864 3179 3180 2865 2873 3188 3189 2874
2587 5 2 1 1 2865 3180 3181 2866 2874 3189 3190 2875
2588 5 2 1 1 2866 3181 3182 2867 2875 3190 3191 2876
2589 5 2 1 1 2867 3182 3183 2868 2876 3191 3192 2877
2590 5 2 1 1 2868 3183 3184 2869 2877 3192 3193 2878
2591 5 2 1 1 2869 3184 3185 2870 2878 3193 3194 2879
2592 5 2 1 1 2870 3185 3186 2871 2879 3194 3195 2880
2593 5 2 1 1 2872 3187 3188 2873 2881 3196 3197 2882
2594 5 2 1 1 2873 3188 3189 2874 2882 3197 3198 2883
2595 5 2 1 1 2874 3189 3190 2875 2883 3198 3199 2884
2596 5 2 1 1 2875 3190 3191 2876 2884 3199 3200 2885
2597 5 2 1 1 2876 3191 3192 2877 2885 3200 3201 2886
2598 5 2 1 1 2877 3192 3193 2878 2886 3201 3202 2887
2599 5 2 1 1 2878 3193 3194 2879 2887 3202 3203 2888
2600 5 2 1 1 2879 3194 3195 2880 2888 3203 3204 2889
2601 5 2 1 1 2881 3196 3197 2882 2890 3205 3206 2891
2602 5 2 1 1 2882 3197 3198 2883 2891 3206 3207 2892
2603 5 2 1 1 2883 3198 3199 2884 2892 3207 3208 2893
2604 5 2 1 1 2884 3199 3200 2885 2893 3208 3209 2894
2605 5 2 1 1 2885 3200 3201 2886 2894 3209 3210 2895
2606 5 2 1 1 2886 3201 3202 2887 2895 3210 3211 2896
2607 5 2 1 1 2887 3202 3203 2888 2896 3211 3212 2897
2608 5 2 1 1 2888 3203 3204 2889 2897 3212 3213 2898
2609 5 2 1 1 2890 3205 3206 2891 2899 3214 3215 2900
2610 5 2 1 1 2891 3206 3207 2892 2900 3215 3216 2901
2611 5 2 1 1 2892 3207 3208 2893 2901 3216 3217 2902
2612 5 2 1 1 2893 3208 3209 2894 2902 3217 3218 2903
2613 5 2 1 1 2894 3209 3210 2895 2903 3218 3219 2904
2614 5 2 1 1 2895 3210 3211 2896 2904 3219 3220 2905
2615 5 2 1 1 2896 3211 3212 2897 2905 3220 3221 2906
2616 5 2 1 1 2897 3212 3213 2898 2906 3221 3222 2907
2617 5 2 1 1 2899 3214 3215 2900 2908 3223 3224 2909
2618 5 2 1 1 2900 3215 3216 2901 2909 3224 3225 2910
2619 5 2 1 1 2901 3216 3217 2902 2910 3225 3226 2911
2620 5 2 1 1 2902 3217 3218 2903 2911 3226 3227 2912
2621 5 2 1 1 2903 3218 3219 2904 2912 3227 3228 2913
2622 5 2 1 1 2904 3219 3220 2905 2913 3228 3229 2914
2623 5 2 1 1 2905 3220 3221 2906 2914 3229 3230 2915
2624 5 2 1 1 2906 3221 3222 2907 2915 3230 3231 2916
2625 5 2 1 1 2908 3223 3224 2909 2917 3232 3233 2918
2626 5 2 1 1 2909 3224 3225 2910 2918 3233 3234 2919
2627 5 2 1 1 2910 3225 3226 2911 2919 3234 3235 2920
2628 5 2 1 1 2911 3226 3227 2912 2920 3235 3236 2921
2629 5 2 1 1 2912 3227 3228 2913 2921 3236 3237 2922
2630 5 2 1 1 2913 3228 3229 2914 2922 3237 3238 2923
2631 5 2 1 1 2914 3229 3230 2915 2923 3238 3239 2924
2632 5 2 1 1 2915 3230 3231 2916 2924 3239 3240 2925
2633 5 2 1 1 2917 3232 3233 2918 2926 3241 3242 2927
2634 5 2 1 1 2918 3233 3234 2919 2927 3242 3243 2928
2635 5 2 1 1 2919 3234 3235 2920 2928 3243 3244 2929
2636 5 2 1 1 2920 3235 3236 2921 2929 3244 3245 2930
2637 5 2 1 1 2921 3236 3237 2922 2930 3245 3246 2931
2638 5 2 1 1 2922 3237 3238 2923 2931 3246 3247 2932
2639 5 2 1 1 2923 3238 3239 2924 2932 3247 3248 2933
2640 5 2 1 1 2924 3239 3240 2925 2933 3248 3249 2934
2641 5 2 1 1 2926 3241 3242 2927 2935 3250 3251 2936
2642 5 2 1 1 2927 3242 3243 2928 2936 3251 3252 2937
2643 5 2 1 1 2928 3243 3244 2929 2937 3252 3253 2938
2644 5 2 1 1 2929 3244 3245 2930 2938 3253 3254 2939
2645 5 2 1 1 2930 3245 3246 2931 2939 3254 3255 2940
2646 5 2 1 1 2931 3246 3247 2932 2940 3255 3256 2941
2647 5 2 1 1 2932 3247 3248 2933 2941 3256 3257 2942
2648 5 2 1 1 2933 3248 3249 2934 2942 3257 3258 2943
2649 5 2 1 1 2935 3250 3251 2936 2944 3259 3260 2945
2650 5 2 1 1 2936 3251 3252 2937 2945 3260 3261 2946
2651 5 2 1 1 2937 3252 3253 2938 2946 3261 3262 2947
2652 5 2 1 1 2938 3253 3254 2939 2947 3262 3263 2948
2653 5 2 1 1 2939 3254 3255 2940 2948 3263 3264 2949
2654 5 2 1 1 2940 3255 3256 2941 2949 3264 3265 2950
2655 5 2 1 1 2941 3256 3257 2942 2950 3265 3266 2951
2656 5 2 1 1 2942 3257 3258 2943 2951 3266 3267 2952
2657 6 2 1 1 2971 2962 3268 2972 2963 3269
2658 6 2 1 1 2972 2963 3269 2973 2964 3270
2659 6 2 1 1 2973 2964 3270 2974 2965 3271
2660 6 2 1 1 2974 2965 3271 2975 2966 3272
2661 6 2 1 1 2975 2966 3272 2976 2967 3273
2662 6 2 1 1 2976 2967 3273 2977 2968 3274
2663 6 2 1 1 2977 2968 3274 2978 2969 3275
2664 6 2 1 1 2978 2969 3275 2979 2970 3276
2665 6 2 1 1 2971 3268 3277 2972 3269 3278
2666 6 2 1 1 2972 3269 3278 2973 3270 3279
2667 6 2 1 1 2973 3270 3279 2974 3271 3280
2668 6 2 1 1 2974 3271 3280 2975 3272 3281
2669 6 2 1 1 2975 3272 3281 2976 3273 3282
2670 6 2 1 1 2976 3273 3282 2977 3274 3283
2671 6 2 1 1 2977 3274 3283 2978 3275 3284
2672 6 2 1 1 2978 3275 3284 2979 3276 3285
2673 5 2 1 1 2962 3268 3269 2963 2953 3286 3287 2954
2674 5 2 1 1 2963 3269 3270 2964 2954 3287 3288 2955
2675 5 2 1 1 2964 3270 3271 2965 2955 3288 3289 2956
2676 5 2 1 1 2965 3271 3272 2966 2956 3289 3290 2957
2677 5 2 1 1 2966 3272 3273 2967 2957 3290 3291 2958
2678 5 2 1 1 2967 3273 3274 2968 2958 3291 3292 2959
2679 5 2 1 1 2968 3274 3275 2969 2959 3292 3293 2960
2680 5 2 1 1 2969 3275 3276 2970 2960 3293 3294 2961
2681 5 2 1 1 2953 3286 3287 2954 2980 3295 3296 2981
2682 5 2 1 1 2954 3287 3288 2955 2981 3296 3297 2982
2683 5 2 1 1 2955 3288 3289 2956 2982 3297 3298 2983
2684 5 2 1 1 2956 3289 3290 2957 2983 3298 3299 2984
2685 5 2 1 1 2957 3290 3291 2958 2984 3299 3300 2985
2686 5 2 1 1 2958 3291 3292 2959 2985 3300 3301 2986
2687 5 2 1 1 2959 3292 3293 2960 2986 3301 3302 2987
2688 5 2 1 1 2960 3293 3294 2961 2987 3302 3303 2988
2689 5 2 1 1 2980 3295 3296 2981 2989 3304 3305 2990
2690 5 2 1 1 2981 3296 3297 2982 2990 3305 3306 2991
2691 5 2 1 1 2982 3297 3298 2983 2991 3306 3307 2992
2692 5 2 1 1 2983 3298 3299 2984 2992 3307 3308 2993
2693 5 2 1 1 2984 3299 3300 2985 2993 3308 3309 2994
2694 5 2 1 1 2985 3300 3301 2986 2994 3309 3310 2995
2695 5 2 1 1 2986 3301 3302 2987 2995 3310 3311 2996
2696 5 2 1 1 2987 3302 3303 2988 2996 3311 3312 2997
2697 5 2 1 1 2989 3304 3305 2990 2998 3313 3314 2999
2698 5 2 1 1 2990 3305 3306 2991 2999 3314 3315 3000
2699 5 2 1 1 2991 3306 3307 2992 3000 3315 3316 3001
2700 5 2 1 1 2992 3307 3308 2993 3001 3316 3317 3002
2701 5 2 1 1 2993 3308 3309 2994 3002 3317 3318 3003
2702 5 2 1 1 2994 3309 3310 2995 3003 3318 3319 3004
2703 5 2 1 1 2995 3310 3311 2996 3004 3319 3320 3005
2704 5 2 1 1 2996 3311 3312 2997 3005 3320 3321 3006
2705 5 2 1 1 2998 3313 3314 2999 3007 3322 3323 3008
2706 5 2 1 1 2999 3314 3315 3000 3008 3323 3324 3009
2707 5 2 1 1 3000 3315 3316 3001 3009 3324 3325 3010
2708 5 2 1 1 3001 3316 3317 3002 3010 3325 3326 3011
2709 5 2 1 1 3002 3317 3318 3003 3011 3326 3327 3012
2710 5 2 1 1 3003 3318 3319 3004 3012 3327 3328 3013
2711 5 2 1 1 3004 3319 3320 3005 3013 3328 3329 3014
2712 5 2 1 1 3005 3320 3321 3006 3014 3329 3330 3015
2713 5 2 1 1 3007 3322 3323 3008 3016 3331 3332 3017
2714 5 2 1 1 3008 3323 3324 3009 3017 3332 3333 3018
2715 5 2 1 1 3009 3324 3325 3010 3018 3333 3334 3019
2716 5 2 1 1 3010 3325 3326 3011 3019 3334 3335 3020
2717 5 2 1 1 3011 3326 3327 3012 3020 3335 3336 3021
2718 5 2 1 1 3012 3327 3328 3013 3021 3336 3337 3022
2719 5 2 1 1 3013 3328 3329 3014 3022 3337 3338 3023
2720 5 2 1 1 3014 3329 3330 3015 3023 3338 3339 3024
2721 5 2 1 1 3016 3331 3332 3017 3025 3340 3341 3026
2722 5 2 1 1 3017 3332 3333 3018 3026 3341 3342 3027
2723 5 2 1 1 3018 3333 3334 3019 3027 3342 3343 3028
2724 5 2 1 1 3019 3334 3335 3020 3028 3343 3344 3029
2725 5 2 1 1 3020 3335 3336 3021 3029 3344 3345 3030
2726 5 2 1 1 3021 3336 3337 3022 3030 3345 3346 3031
2727 5 2 1 1 3022 3337 3338 3023 3031 3346 3347 3032
2728 5 2 1 1 3023 3338 3339 3024 3032 3347 3348 3033
2729 5 2 1 1 3025 3340 3341 3026 3034 3349 3350 3035
2730 5 2 1 1 3026 3341 3342 3027 3035 3350 3351 3036
2731 5 2 1 1 3027 3342 3343 3028 3036 3351 3352 3037
2732 5 2 1 1 3028 3343 3344 3029 3037 3352 3353 3038
2733 5 2 1 1 3029 3344 3345 3030 3038 3353 3354 3039
2734 5 2 1 1 3030 3345 3346 3031 3039 3354 3355 3040
2735 5 2 1 1 3031 3346 3347 3032 3040 3355 3356 3041
2736 5 2 1 1 3032 3347 3348 3033 3041 3356 3357 3042
2737 5 2 1 1 3034 3349 3350 3035 3043 3358 3359 3044
2738 5 2 1 1 3035 3350 3351 3036 3044 3359 3360 3045
2739 5 2 1 1 3036 3351 3352 3037 3045 3360 3361 3046
2740 5 2 1 1 3037 3352 3353 3038 3046 3361 3362 3047
2741 5 2 1 1 3038 3353 3354 3039 3047 3362 3363 3048
2742 5 2 1 1 3039 3354 3355 3040 3048 3363 3364 3049
2743 5 2 1 1 3040 3355 3356 3041 3049 3364 3365 3050
2744 5 2 1 1 3041 3356 3357 3042 3050 3365 3366 3051
2745 5 2 1 1 3043 3358 3359 3044 3052 3367 3368 3053
2746 5 2 1 1 3044 3359 3360 3045 3053 3368 3369 3054
2747 5 2 1 1 3045 3360 3361 3046 3054 3369 3370 3055
2748 5 2 1 1 3046 3361 3362 3047 3055 3370 3371 3056
2749 5 2 1 1 3047 3362 3363 3048 3056 3371 3372 3057
2750 5 2 1 1 3048 3363 3364 3049 3057 3372 3373 3058
2751 5 2 1 1 3049 3364 3365 3050 3058 3373 3374 3059
2752 5 2 1 1 3050 3365 3366 3051 3059 3374 3375 3060
2753 5 2 1 1 3052 3367 3368 3053 3061 3376 3377 3062
2754 5 2 1 1 3053 3368 3369 3054 3062 3377 3378 3063
2755 5 2 1 1 3054 3369 3370 3055 3063 3378 3379 3064
2756 5 2 1 1 3055 3370 3371 3056 3064 3379 3380 3065
2757 5 2 1 1 3056 3371 3372 3057 3065 3380 3381 3066
2758 5 2 1 1 3057 3372 3373 3058 3066 3381 3382 3067
2759 5 2 1 1 3058 3373 3374 3059 3067 3382 3383 3068
2760 5 2 1 1 3059 3374 3375 3060 3068 3383 3384 3069
2761 5 2 1 1 3061 3376 3377 3062 3070 3385 3386 3071
2762 5 2 1 1 3062 3377 3378 3063 3071 3386 3387 3072
2763 5 2 1 1 3063 3378 3379 3064 3072 3387 3388 3073
2764 5 2 1 1 3064 3379 3380 3065 3073 3388 3389 3074
2765 5 2 1 1 3065 3380 3381 3066 3074 3389 3390 3075
2766 5 2 1 1 3066 3381 3382 3067 3075 3390 3391 3076
2767 5 2 1 1 3067 3382 3383 3068 3076 3391 3392 3077
2768 5 2 1 1 3068 3383 3384 3069 3077 3392 3393 3078
2769 5 2 1 1 3070 3385 3386 3071 3079 3394 3395 3080
2770 5 2 1 1 3071 3386 3387 3072 3080 3395 3396 3081
2771 5 2 1 1 3072 3387 3388 3073 3081 3396 3397 3082
2772 5 2 1 1 3073 3388 3389 3074 3082 3397 3398 3083
2773 5 2 1 1 3074 3389 3390 3075 3083 3398 3399 3084
2774 5 2 1 1 3075 3390 3391 3076 3084 3399 3400 3085
2775 5 2 1 1 3076 3391 3392 3077 3085 3400 3401 3086
2776 5 2 1 1 3077 3392 3393 3078 3086 3401 3402 3087
2777 5 2 1 1 3079 3394 3395 3080 3088 3403 3404 3089
2778 5 2 1 1 3080 3395 3396 3081 3089 3404 3405 3090
2779 5 2 1 1 3081 3396 3397 3082 3090 3405 3406 3091
2780 5 2 1 1 3082 3397 3398 3083 3091 3406 3407 3092
2781 5 2 1 1 3083 3398 3399 3084 3092 3407 3408 3093
2782 5 2 1 1 3084 3399 3400 3085 3093 3408 3409 3094
2783 5 2 1 1 3085 3400 3401 3086 3094 3409 3410 3095
2784 5 2 1 1 3086 3401 3402 3087 3095 3410 3411 3096
2785 5 2 1 1 3088 3403 3404 3089 3097 3412 3413 3098
2786 5 2 1 1 3089 3404 3405 3090 3098 3413 3414 3099
2787 5 2 1 1 3090 3405 3406 3091 3099 3414 3415 3100
2788 5 2 1 1 3091 3406 3407 3092 3100 3415 3416 3101
2789 5 2 1 1 3092 3407 3408 3093 3101 3416 3417 3102
2790 5 2 1 1 3093 3408 3409 3094 3102 3417 3418 3103
2791 5 2 1 1 3094 3409 3410 3095 3103 3418 3419 3104
2792 5 2 1 1 3095 3410 3411 3096 3104 3419 3420 3105
2793 5 2 1 1 3097 3412 3413 3098 3106 3421 3422 3107
2794 5 2 1 1 3098 3413 3414 3099 3107 3422 3423 3108
2795 5 2 1 1 3099 3414 3415 3100 3108 3423 3424 3109
2796 5 2 1 1 3100 3415 3416 3101 3109 3424 3425 3110
2797 5 2 1 1 3101 3416 3417 3102 3110 3425 3426 3111
2798 5 2 1 1 3102 3417 3418 3103 3111 3426 3427 3112
2799 5 2 1 1 3103 3418 3419 3104 3112 3427 3428 3113
2800 5 2 1 1 3104 3419 3420 3105 3113 3428 3429 3114
2801 5 2 1 1 3106 3421 3422 3107 3115 3430 3431 3116
2802 5 2 1 1 3107 3422 3423 3108 3116 3431 3432 3117
2803 5 2 1 1 3108 3423 3424 3109 3117 3432 3433 3118
2804 5 2 1 1 3109 3424 3425 3110 3118 3433 3434 3119
2805 5 2 1 1 3110 3425 3426 3111 3119 3434 3435 3120
2806 5 2 1 1 3111 3426 3427 3112 3120 3435 3436 3121
2807 5 2 1 1 3112 3427 3428 3113 3121 3436 3437 3122
2808 5 2 1 1 3113 3428 3429 3114 3122 3437 3438 3123
2809 5 2 1 1 3115 3430 3431 3116 3124 3439 3440 3125
2810 5 2 1 1 3116 3431 3432 3117 3125 3440 3441 3126
2811 5 2 1 1 3117 3432 3433 3118 3126 3441 3442 3127
2812 5 2 1 1 3118 3433 3434 3119 3127 3442 3443 3128
2813 5 2 1 1 3119 3434 3435 3120 3128 3443 3444 3129
2814 5 2 1 1 3120 3435 3436 3121 3129 3444 3445 3130
2815 5 2 1 1 3121 3436 3437 3122 3130 3445 3446 3131
2816 5 2 1 1 3122 3437 3438 3123 3131 3446 3447 3132
2817 5 2 1 1 3124 3439 3440 3125 3133 3448 3449 3134
2818 5 2 1 1 3125 3440 3441 3126 3134 3449 3450 3135
2819 5 2 1 1 3126 3441 3442 3127 3135 3450 3451 3136
2820 5 2 1 1 3127 3442 3443 3128 3136 3451 3452 3137
2821 5 2 1 1 3128 3443 3444 3129 3137 3452 3453 3138
2822 5 2 1 1 3129 3444 3445 3130 3138 3453 3454 3139
2823 5 2 1 1 3130 3445 3446 3131 3139 3454 3455 3140
2824 5 2 1 1 3131 3446 3447 3132 3140 3455 3456 3141
2825 5 2 1 1 3133 3448 3449 3134 3142 3457 3458 3143
2826 5 2 1 1 3134 3449 3450 3135 3143 3458 3459 3144
2827 5 2 1 1 3135 3450 3451 3136 3144 3459 3460 3145
2828 5 2 1 1 3136 3451 3452 3137 3145 3460 3461 3146
2829 5 2 1 1 3137 3452 3453 3138 3146 3461 3462 3147
2830 5 2 1 1 3138 3453 3454 3139 3147 3462 3463 3148
2831 5 2 1 1 3139 3454 3455 3140 3148 3463 3464 3149
2832 5 2 1 1 3140 3455 3456 3141 3149 3464 3465 3150
2833 5 2 1 1 3142 3457 3458 3143 3151 3466 3467 3152
2834 5 2 1 1 3143 3458 3459 3144 3152 3467 3468 3153
2835 5 2 1 1 3144 3459 3460 3145 3153 3468 3469 3154
2836 5 2 1 1 3145 3460 3461 3146 3154 3469 3470 3155
2837 5 2 1 1 3146 3461 3462 3147 3155 3470 3471 3156
2838 5 2 1 1 3147 3462 3463 3148 3156 3471 3472 3157
2839 5 2 1 1 3148 3463 3464 3149 3157 3472 3473 3158
2840 5 2 1 1 3149 3464 3465 3150 3158 3473 3474 3159
2841 5 2 1 1 3151 3466 3467 3152 3160 3475 3476 3161
2842 5 2 1 1 3152 3467 3468 3153 3161 3476 3477 3162
2843 5 2 1 1 3153 3468 3469 3154 3162 3477 3478 3163
2844 5 2 1 1 3154 3469 3470 3155 3163 3478 3479 3164
2845 5 2 1 1 3155 3470 3471 3156 3164 3479 3480 3165
2846 5 2 1 1 3156 3471 3472 3157 3165 3480 3481 3166
2847 5 2 1 1 3157 3472 3473 3158 3166 3481 3482 3167
2848 5 2 1 1 3158 3473 3474 3159 3167 3482 3483 3168
2849 5 2 1 1 3160 3475 3476 3161 3169 3484 3485 3170
2850 5 2 1 1 3161 3476 3477 3162 3170 3485 3486 3171
2851 5 2 1 1 3162 3477 3478 3163 3171 3486 3487 3172
2852 5 2 1 1 3163 3478 3479 3164 3172 3487 3488 3173
2853 5 2 1 1 3164 3479 3480 3165 3173 3488 3489 3174
2854 5 2 1 1 3165 3480 3481 3166 3174 3489 3490 3175
2855 5 2 1 1 3166 3481 3482 3167 3175 3490 3491 3176
2856 5 2 1 1 3167 3482 3483 3168 3176 3491 3492 3177
2857 5 2 1 1 3169 3484 3485 3170 3178 3493 3494 3179
2858 5 2 1 1 3170 3485 3486 3171 3179 3494 3495 3180
2859 5 2 1 1 3171 3486 3487 3172 3180 3495 3496 3181
2860 5 2 1 1 3172 3487 3488 3173 3181 3496 3497 3182
2861 5 2 1 1 3173 3488 3489 3174 3182 3497 3498 3183
2862 5 2 1 1 3174 3489 3490 3175 3183 3498 3499 3184
2863 5 2 1 1 3175 3490 3491 3176 3184 3499 3500 3185
2864 5 2 1 1 3176 3491 3492 3177 3185 3500 3501 3186
2865 5 2 1 1 3178 3493 3494 3179 3187 3502 3503 3188
2866 5 2 1 1 3179 3494 3495 3180 3188 3503 3504 3189
2867 5 2 1 1 3180 3495 3496 3181 3189 3504 3505 3190
2868 5 2 1 1 3181 3496 3497 3182 3190 3505 3506 3191
2869 5 2 1 1 3182 3497 3498 3183 3191 3506 3507 3192
2870 5 2 1 1 3183 3498 3499 3184 3192 3507 3508 3193
2871 5 2 1 1 3184 3499 3500 3185 3193 3508 3509 3194
2872 5 2 1 1 3185 3500 3501 3186 3194 3509 3510 3195
2873 5 2 1 1 3187 3502 3503 3188 3196 3511 3512 3197
2874 5 2 1 1 3188 3503 3504 3189 3197 3512 3513 3198
2875 5 2 1 1 3189 3504 3505 3190 3198 3513 3514 3199
2876 5 2 1 1 3190 3505 3506 3191 3199 3514 3515 3200
2877 5 2 1 1 3191 3506 3507 3192 3200 3515 3516 3201
2878 5 2 1 1 3192 3507 3508 3193 3201 3516 3517 3202
2879 5 2 1 1 3193 3508 3509 3194 3202 3517 3518 3203
2880 5 2 1 1 3194 3509 3510 3195 3203 3518 3519 3204
2881 5 2 1 1 3196 3511 3512 3197 3205 3520 3521 3206
2882 5 2 1 1 3197 3512 3513 3198 3206 3521 3522 3207
2883 5 2 1 1 3198 3513 3514 3199 3207 3522 3523 3208
2884 5 2 1 1 3199 3514 3515 3200 3208 3523 3524 3209
2885 5 2 1 1 3200 3515 3516 3201 3209 3524 3525 3210
2886 5 2 1 1 3201 3516 3517 3202 3210 3525 3526 3211
2887 5 2 1 1 3202 3517 3518 3203 3211 3526 3527 3212
2888 5 2 1 1 3203 3518 3519 3204 3212 3527 3528 3213
2889 5 2 1 1 3205 3520 3521 3206 3214 3529 3530 3215
2890 5 2 1 1 3206 3521 3522 3207 3215 3530 3531 3216
2891 5 2 1 1 3207 3522 3523 3208 3216 3531 3532 3217
2892 5 2 1 1 3208 3523 3524 3209 3217 3532 3533 3218
2893 5 2 1 1 3209 3524 3525 3210 3218 3533 3534 3219
2894 5 2 1 1 3210 3525 3526 3211 3219 3534 3535 3220
2895 5 2 1 1 3211 3526 3527 3212 3220 3535 3536 3221
2896 5 2 1 1 3212 3527 3528 3213 3221 3536 3537 3222
2897 5 2 1 1 3214 3529 3530 3215 3223 3538 3539 3224
2898 5 2 1 1 3215 3530 3531 3216 3224 3539 3540 3225
2899 5 2 1 1 3216 3531 3532 3217 3225 3540 3541 3226
2900 5 2 1 1 3217 3532 3533 3218 3226 3541 3542 3227
2901 5 2 1 1 3218 3533 3534 3219 3227 3542 3543 3228
2902 5 2 1 1 3219 3534 3535 3220 3228 3543 3544 3229
2903 5 2 1 1 3220 3535 3536 3221 3229 3544 3545 3230
2904 5 2 1 1 3221 3536 3537 3222 3230 3545 3546 3231
2905 5 2 1 1 3223 3538 3539 3224 3232 3547 3548 3233
2906 5 2 1 1 3224 3539 3540 3225 3233 3548 3549 3234
2907 5 2 1 1 3225 3540 3541 3226 3234 3549 3550 3235
2908 5 2 1 1 3226 3541 3542 3227 3235 3550 3551 3236
2909 5 2 1 1 3227 3542 3543 3228 3236 3551 3552 3237
2910 5 2 1 1 3228 3543 3544 3229 3237 3552 3553 3238
2911 5 2 1 1 3229 3544 3545 3230 3238 3553 3554 3239
2912 5 2 1 1 3230 3545 3546 3231 3239 3554 3555 3240
2913 5 2 1 1 3232 3547 3548 3233 3241 3556 3557 3242
2914 5 2 1 1 3233 3548 3549 3234 3242 3557 3558 3243
2915 5 2 1 1 3234 3549 3550 3235 3243 3558 3559 3244
2916 5 2 1 1 3235 3550 3551 3236 3244 3559 3560 3245
2917 5 2 1 1 3236 3551 3552 3237 3245 3560 3561 3246
2918 5 2 1 1 3237 3552 3553 3238 3246 3561 3562 3247
2919 5 2 1 1 3238 3553 3554 3239 3247 3562 3563 3248
2920 5 2 1 1 3239 3554 3555 3240 3248 3563 3564 3249
2921 5 2 1 1 3241 3556 3557 3242 3250 3565 3566 3251
2922 5 2 1 1 3242 3557 3558 3243 3251 3566 3567 3252
2923 5 2 1 1 3243 3558 3559 3244 3252 3567 3568 3253
2924 5 2 1 1 3244 3559 3560 3245 3253 3568 3569 3254
2925 5 2 1 1 3245 3560 3561 3246 3254 3569 3570 3255
2926 5 2 1 1 3246 3561 3562 3247 3255 3570 3571 3256
2927 5 2 1 1 3247 3562 3563 3248 3256 3571 3572 3257
2928 5 2 1 1 3248 3563 3564 3249 3257 3572 3573 3258
2929 5 2 1 1 3250 3565 3566 3251 3259 3574 3575 3260
2930 5 2 1 1 3251 3566 3567 3252 3260 3575 3576 3261
2931 5 2 1 1 3252 3567 3568 3253 3261 3576 3577 3262
2932 5 2 1 1 3253 3568 3569 3254 3262 3577 3578 3263
2933 5 2 1 1 3254 3569 3570 3255 3263 3578 3579 3264
2934 5 2 1 1 3255 3570 3571 3256 3264 3579 3580 3265
2935 5 2 1 1 3256 3571 3572 3257 3265 3580 3581 3266
2936 5 2 1 1 3257 3572 3573 3258 3266 3581 3582 3267
2937 6 2 1 1 3277 3268 3583 3278 3269 3584
2938 6 2 1 1 3278 3269 3584 3279 3270 3585
2939 6 2 1 1 3279 3270 3585 3280 3271 3586
2940 6 2 1 1 3280 3271 3586 3281 3272 3587
2941 6 2 1 1 3281 3272 3587 3282 3273 3588
2942 6 2 1 1 3282 3273 3588 3283 3274 3589
2943 6 2 1 1 3283 3274 3589 3284 3275 3590
2944 6 2 1 1 3284 3275 3590 3285 3276 3591
2945 6 2 1 1 3277 3583 3592 3278 3584 3593
2946 6 2 1 1 3278 3584 3593 3279 3585 3594
2947 6 2 1 1 3279 3585 3594 3280 3586 3595
2948 6 2 1 1 3280 3586 3595 3281 3587 3596
2949 6 2 1 1 3281 3587 3596 3282 3588 3597
2950 6 2 1 1 3282 3588 3597 3283 3589 3598
2951 6 2 1 1 3283 3589 3598 3284 3590 3599
2952 6 2 1 1 3284 3590 3599 3285 3591 3600
2953 5 2 1 1 3268 3583 3584 3269 3286 3601 3602 3287
2954 5 2 1 1 3269 3584 3585 3270 3287 3602 3603 3288
2955 5 2 1 1 3270 3585 3586 3271 3288 3603 3604 3289
2956 5 2 1 1 3271 3586 3587 3272 3289 3604 3605 3290
2957 5 2 1 1 3272 3587 3588 3273 3290 3605 3606 3291
2958 5 2 1 1 3273 3588 3589 3274 3291 3606 3607 3292
2959 5 2 1 1 3274 3589 3590 3275 3292 3607 3608 3293
2960 5 2 1 1 3275 3590 3591 3276 3293 3608 3609 3294
2961 5 2 1 1 3286 3601 3602 3287 3295 3610 3611 3296
2962 5 2 1 1 3287 3602 3603 3288 3296 3611 3612 3297
2963 5 2 1 1 3288 3603 3604 3289 3297 3612 3613 3298
2964 5 2 1 1 3289 3604 3605 3290 3298 3613 3614 3299
2965 5 2 1 1 3290 3605 3606 3291 3299 3614 3615 3300
2966 5 2 1 1 3291 3606 3607 3292 3300 3615 3616 3301
2967 5 2 1 1 3292 3607 3608 3293 3301 3616 3617 3302
2968 5 2 1 1 3293 3608 3609 3294 3302 3617 3618 3303
2969 5 2 1 1 3295 3610 3611 3296 3304 3619 3620 3305
2970 5 2 1 1 3296 3611 3612 3297 3305 3620 3621 3306
2971 5 2 1 1 3297 3612 3613 3298 3306 3621 3622 3307
2972 5 2 1 1 3298 3613 3614 3299 3307 3622 3623 3308
2973 5 2 1 1 3299 3614 3615 3300 3308 3623 3624 3309
2974 5 2 1 1 3300 3615 3616 3301 3309 3624 3625 3310
2975 5 2 1 1 3301 3616 3617 3302 3310 3625 3626 3311
2976 5 2 1 1 3302 3617 3618 3303 3311 3626 3627 3312
2977 5 2 1 1 3304 3619 3620 3305 3313 3628 3629 3314
2978 5 2 1 1 3305 3620 3621 3306 3314 3629 3630 3315
2979 5 2 1 1 3306 3621 3622 3307 3315 3630 3631 3316
2980 5 2 1 1 3307 3622 3623 3308 3316 3631 3632 3317
2981 5 2 1 1 3308 3623 3624 3309 3317 3632 3633 3318
2982 5 2 1 1 3309 3624 3625 3310 3318 3633 3634 3319
2983 5 2 1 1 3310 3625 3626 3311 3319 3634 3635 3320
2984 5 2 1 1 3311 3626 3627 3312 3320 3635 3636 3321
2985 5 2 1 1 3313 3628 3629 3314 3322 3637 3638 3323
2986 5 2 1 1 3314 3629 3630 3315 3323 3638 3639 3324
2987 5 2 1 1 3315 3630 3631 3316 3324 3639 3640 3325
2988 5 2 1 1 3316 3631 3632 3317 3325 3640 3641 3326
2989 5 2 1 1 3317 3632 3633 3318 3326 3641 3642 3327
2990 5 2 1 1 3318 3633 3634 3319 3327 3642 3643 3328
2991 5 2 1 1 3319 3634 3635 3320 3328 3643 3644 3329
2992 5 2 1 1 3320 3635 3636 3321 3329 3644 3645 3330
2993 5 2 1 1 3322 3637 3638 3323 3331 3646 3647 3332
2994 5 2 1 1 3323 3638 3639 3324 3332 3647 3648 3333
2995 5 2 1 1 3324 3639 3640 3325 3333 3648 3649 3334
2996 5 2 1 1 3325 3640 3641 3326 3334 3649 3650 3335
2997 5 2 1 1 3326 3641 3642 3327 3335 3650 3651 3336
2998 5 2 1 1 3327 3642 3643 3328 3336 3651 3652 3337
2999 5 2 1 1 3328 3643 3644 3329 3337 3652 3653 3338
3000 5 2 1 1 3329 3644 3645 3330 3338 3653 3654 3339
3001 5 2 1 1 3331 3646 3647 3332 3340 3655 3656 3341
3002 5 2 1 1 3332 3647 3648 3333 3341 3656 3657 3342
3003 5 2 1 1 3333 3648 3649 3334 3342 3657 3658 3343
3004 5 2 1 1 3334 3649 3650 3335 3343 3658 3659 3344
3005 5 2 1 1 3335 3650 3651 3336 3344 3659 3660 3345
3006 5 2 1 1 3336 3651 3652 3337 3345 3660 3661 3346
3007 5 2 1 1 3337 3652 3653 3338 3346 3661 3662 3347
3008 5 2 1 1 3338 3653 3654 3339 3347 3662 3663 3348
3009 5 2 1 1 3340 3655 3656 3341 3349 3664 3665 3350
3010 5 2 1 1 3341 3656 3657 3342 3350 3665 3666 3351
3011 5 2 1 1 3342 3657 3658 3343 3351 3666 3667 3352
3012 5 2 1 1 3343 3658 3659 3344 3352 3667 3668 3353
3013 5 2 1 1 3344 3659 3660 3345 3353 3668 3669 3354
3014 5 2 1 1 3345 3660 3661 3346 3354 3669 3670 3355
3015 5 2 1 1 3346 3661 3662 3347 3355 3670 3671 3356
3016 5 2 1 1 3347 3662 3663 3348 3356 3671 3672 3357
3017 5 2 1 1 3349 3664 3665 3350 3358 3673 3674 3359
3018 5 2 1 1 3350 3665 3666 3351 3359 3674 3675 3360
3019 5 2 1 1 3351 3666 3667 3352 3360 3675 3676 3361
3020 5 2 1 1 3352 3667 3668 3353 3361 3676 3677 3362
3021 5 2 1 1 3353 3668 3669 3354 3362 3677 3678 3363
3022 5 2 1 1 3354 3669 3670 3355 3363 3678 3679 3364
3023 5 2 1 1 3355 3670 3671 3356 3364 3679 3680 3365
3024 5 2 1 1 3356 3671 3672 3357 3365 3680 3681 3366
3025 5 2 1 1 3358 3673 3674 3359 3367 3682 3683 3368
3026 5 2 1 1 3359 3674 3675 3360 3368 3683 3684 3369
3027 5 2 1 1 3360 3675 3676 3361 3369 3684 3685 3370
3028 5 2 1 1 3361 3676 3677 3362 3370 3685 3686 3371
3029 5 2 1 1 3362 3677 3678 3363 3371 3686 3687 3372
3030 5 2 1 1 3363 3678 3679 3364 3372 3687 3688 3373
3031 5 2 1 1 3364 3679 3680 3365 3373 3688 3689 3374
3032 5 2 1 1 3365 3680 3681 3366 3374 3689 3690 3375
3033 5 2 1 1 3367 3682 3683 3368 3376 3691 3692 3377
3034 5 2 1 1 3368 3683 3684 3369 3377 3692 3693 3378
3035 5 2 1 1 3369 3684 3685 3370 3378 3693 3694 3379
3036 5 2 1 1 3370 3685 3686 3371 3379 3694 3695 3380
3037 5 2 1 1 3371 3686 3687 3372 3380 3695 3696 3381
3038 5 2 1 1 3372 3687 3688 3373 3381 3696 3697 3382
3039 5 2 1 1 3373 3688 3689 3374 3382 3697 3698 3383
3040 5 2 1 1 3374 3689 3690 3375 3383 3698 3699 3384
3041 5 2 1 1 3376 3691 3692 3377 3385 3700 3701 3386
3042 5 2 1 1 3377 3692 3693 3378 3386 3701 3702 3387
3043 5 2 1 1 3378 3693 3694 3379 3387 3702 3703 3388
3044 5 2 1 1 3379 3694 3695 3380 3388 3703 3704 3389
3045 5 2 1 1 3380 3695 3696 3381 3389 3704 3705 3390
3046 5 2 1 1 3381 3696 3697 3382 3390 3705 3706 3391
3047 5 2 1 1 3382 3697 3698 3383 3391 3706 3707 3392
3048 5 2 1 1 3383 3698 3699 3384 3392 3707 3708 3393
3049 5 2 1 1 3385 3700 3701 3386 3394 3709 3710 3395
3050 5 2 1 1 3386 3701 3702 3387 3395 3710 3711 3396
3051 5 2 1 1 3387 3702 3703 3388 3396 3711 3712 3397
3052 5 2 1 1 3388 3703 3704 3389 3397 3712 3713 3398
3053 5 2 1 1 3389 3704 3705 3390 3398 3713 3714 3399
3054 5 2 1 1 3390 3705 3706 3391 3399 3714 3715 3400
3055 5 2 1 1 3391 3706 3707 3392 3400 3715 3716 3401
3056 5 2 1 1 3392 3707 3708 3393 3401 3716 3717 3402
3057 5 2 1 1 3394 3709 3710 3395 3403 3718 3719 3404
3058 5 2 1 1 3395 3710 3711 3396 3404 3719 3720 3405
3059 5 2 1 1 3396 3711 3712 3397 3405 3720 3721 3406
3060 5 2 1 1 3397 3712 3713 3398 3406 3721 3722 3407
3061 5 2 1 1 3398 3713 3714 3399 3407 3722 3723 3408
3062 5 2 1 1 3399 3714 3715 3400 3408 3723 3724 3409
3063 5 2 1 1 3400 3715 3716 3401 3409 3724 3725 3410
3064 5 2 1 1 3401 3716 3717 3402 3410 3725 3726 3411
3065 5 2 1 1 3403 3718 3719 3404 3412 3727 3728 3413
3066 5 2 1 1 3404 3719 3720 3405 3413 3728 3729 3414
3067 5 2 1 1 3405 3720 3721 3406 3414 3729 3730 3415
3068 5 2 1 1 3406 3721 3722 3407 3415 3730 3731 3416
3069 5 2 1 1 3407 3722 3723 3408 3416 3731 3732 3417
3070 5 2 1 1 3408 3723 3724 3409 3417 3732 3733 3418
3071 5 2 1 1 3409 3724 3725 3410 3418 3733 3734 3419
3072 5 2 1 1 3410 3725 3726 3411 3419 3734 3735 3420
3073 5 2 1 1 3412 3727 3728 3413 3421 3736 3737 3422
3074 5 2 1 1 3413 3728 3729 3414 3422 3737 3738 3423
3075 5 2 1 1 3414 3729 3730 3415 3423 3738 3739 3424
3076 5 2 1 1 3415 3730 3731 3416 3424 3739 3740 3425
3077 5 2 1 1 3416 3731 3732 3417 3425 3740 3741 3426
3078 5 2 1 1 3417 3732 3733 3418 3426 3741 3742 3427
3079 5 2 1 1 3418 3733 3734 3419 3427 3742 3743 3428
3080 5 2 1 1 3419 3734 3735 3420 3428 3743 3744 3429
3081 5 2 1 1 3421 3736 3737 3422 3430 3745 3746 3431
3082 5 2 1 1 3422 3737 3738 3423 3431 3746 3747 3432
3083 5 2 1 1 3423 3738 3739 3424 3432 3747 3748 3433
3084 5 2 1 1 3424 3739 3740 3425 3433 3748 3749 3434
3085 5 2 1 1 3425 3740 3741 3426 3434 3749 3750 3435
3086 5 2 1 1 3426 3741 3742 3427 3435 3750 3751 3436
3087 5 2 1 1 3427 3742 3743 3428 3436 3751 3752 3437
3088 5 2 1 1 3428 3743 3744 3429 3437 3752 3753 3438
3089 5 2 1 1 3430 3745 3746 3431 3439 3754 3755 3440
3090 5 2 1 1 3431 3746 3747 3432 3440 3755 3756 3441
3091 5 2 1 1 3432 3747 3748 3433 3441 3756 3757 3442
3092 5 2 1 1 3433 3748 3749 3434 3442 3757 3758 3443
3093 5 2 1 1 3434 3749 3750 3435 3443 3758 3759 3444
3094 5 2 1 1 3435 3750 3751 3436 3444 3759 3760 3445
3095 5 2 1 1 3436 3751 3752 3437 3445 3760 3761 3446
3096 5 2 1 1 3437 3752 3753 3438 3446 3761 3762 3447
3097 5 2 1 1 3439 3754 3755 3440 3448 3763 3764 3449
3098 5 2 1 1 3440 3755 3756 3441 3449 3764 3765 3450
3099 5 2 1 1 3441 3756 3757 3442 3450 3765 3766 3451
3100 5 2 1 1 3442 3757 3758 3443 3451 3766 3767 3452
3101 5 2 1 1 3443 3758 3759 3444 3452 3767 3768 3453
3102 5 2 1 1 3444 3759 3760 3445 3453 3768 3769 3454
3103 5 2 1 1 3445 3760 3761 3446 3454 3769 3770 3455
3104 5 2 1 1 3446 3761 3762 3447 3455 3770 3771 3456
3105 5 2 1 1 3448 3763 3764 3449 3457 3772 3773 3458
3106 5 2 1 1 3449 3764 3765 3450 3458 3773 3774 3459
3107 5 2 1 1 3450 3765 3766 3451 3459 3774 3775 3460
3108 5 2 1 1 3451 3766 3767 3452 3460 3775 3776 3461
3109 5 2 1 1 3452 3767 3768 3453 3461 3776 3777 3462
3110 5 2 1 1 3453 3768 3769 3454 3462 3777 3778 3463
3111 5 2 1 1 3454 3769 3770 3455 3463 3778 3779 3464
3112 5 2 1 1 3455 3770 3771 3456 3464 3779 3780 3465
3113 5 2 1 1 3457 3772 3773 3458 3466 3781 3782 3467
3114 5 2 1 1 3458 3773 3774 3459 3467 3782 3783 3468
3115 5 2 1 1 3459 3774 3775 3460 3468 3783 3784 3469
3116 5 2 1 1 3460 3775 3776 3461 3469 3784 3785 3470
3117 5 2 1 1 3461 3776 3777 3462 3470 3785 3786 3471
3118 5 2 1 1 3462 3777 3778 3463 3471 3786 3787 3472
3119 5 2 1 1 3463 3778 3779 3464 3472 3787 3788 3473
3120 5 2 1 1 3464 3779 3780 3465 3473 3788 3789 3474
3121 5 2 1 1 3466 3781 3782 3467 3475 3790 3791 3476
3122 5 2 1 1 3467 3782 3783 3468 3476 3791 3792 3477
3123 5 2 1 1 3468 3783 3784 3469 3477 3792 3793 3478
3124 5 2 1 1 3469 3784 3785 3470 3478 3793 3794 3479
3125 5 2 1 1 3470 3785 3786 3471 3479 3794 3795 3480
3126 5 2 1 1 3471 3786 3787 3472 3480 3795 3796 3481
3127 5 2 1 1 3472 3787 3788 3473 3481 3796 3797 3482
3128 5 2 1 1 3473 3788 3789 3474 3482 3797 3798 3483
3129 5 2 1 1 3475 3790 3791 3476 3484 3799 3800 3485
3130 5 2 1 1 3476 3791 3792 3477 3485 3800 3801 3486
3131 5 2 1 1 3477 3792 3793 3478 3486 3801 3802 3487
3132 5 2 1 1 3478 3793 3794 3479 3487 3802 3803 3488
3133 5 2 1 1 3479 3794 3795 3480 3488 3803 3804 3489
3134 5 2 1 1 3480 3795 3796 3481 3489 3804 3805 3490
3135 5 2 1 1 3481 3796 3797 3482 3490 3805 3806 3491
3136 5 2 1 1 3482 3797 3798 3483 3491 3806 3807 3492
3137 5 2 1 1 3484 3799 3800 3485 3493 3808 3809 3494
3138 5 2 1 1 3485 3800 3801 3486 3494 3809 3810 3495
3139 5 2 1 1 3486 3801 3802 3487 3495 3810 3811 3496
3140 5 2 1 1 3487 3802 3803 3488 3496 3811 3812 3497
3141 5 2 1 1 3488 3803 3804 3489 3497 3812 3813 3498
3142 5 2 1 1 3489 3804 3805 3490 3498 3813 3814 3499
3143 5 2 1 1 3490 3805 3806 3491 3499 3814 3815 3500
3144 5 2 1 1 3491 3806 3807 3492 3500 3815 3816 3501
3145 5 2 1 1 3493 3808 3809 3494 3502 3817 3818 3503
3146 5 2 1 1 3494 3809 3810 3495 3503 3818 3819 3504
3147 5 2 1 1 3495 3810 3811 3496 3504 3819 3820 3505
3148 5 2 1 1 3496 3811 3812 3497 3505 3820 3821 3506
3149 5 2 1 1 3497 3812 3813 3498 3506 3821 3822 3507
3150 5 2 1 1 3498 3813 3814 3499 3507 3822 3823 3508
3151 5 2 1 1 3499 3814 3815 3500 3508 3823 3824 3509
3152 5 2 1 1 3500 3815 3816 3501 3509 3824 3825 3510
3153 5 2 1 1 3502 3817 3818 3503 3511 3826 3827 3512
3154 5 2 1 1 3503 3818 3819 3504 3512 3827 3828 3513
3155 5 2 1 1 3504 3819 3820 3505 3513 3828 3829 3514
3156 5 2 1 1 3505 3820 3821 3506 3514 3829 3830 3515
3157 5 2 1 1 3506 3821 3822 3507 3515 3830 3831 3516
3158 5 2 1 1 3507 3822 3823 3508 3516 3831 3832 3517
3159 5 2 1 1 3508 3823 3824 3509 3517 3832 3833 3518
3160 5 2 1 1 3509 3824 3825 3510 3518 3833 3834 3519
3161 5 2 1 1 3511 3826 3827 3512 3520 3835 3836 3521
3162 5 2 1 1 3512 3827 3828 3513 3521 3836 3837 3522
3163 5 2 1 1 3513 3828 3829 3514 3522 3837 3838 3523
3164 5 2 1 1 3514 3829 3830 3515 3523 3838 3839 3524
3165 5 2 1 1 3515 3830 3831 3516 3524 3839 3840 3525
3166 5 2 1 1 3516 3831 3832 3517 3525 3840 3841 3526
3167 5 2 1 1 3517 3832 3833 3518 3526 3841 3842 3527
3168 5 2 1 1 3518 3833 3834 3519 3527 3842 3843 3528
3169 5 2 1 1 3520 3835 3836 3521 3529 3844 3845 3530
3170 5 2 1 1 3521 3836 3837 3522 3530 3845 3846 3531
3171 5 2 1 1 3522 3837 3838 3523 3531 3846 3847 3532
3172 5 2 1 1 3523 3838 3839 3524 3532 3847 3848 3533
3173 5 2 1 1 3524 3839 3840 3525 3533 3848 3849 3534
3174 5 2 1 1 3525 3840 3841 3526 3534 3849 3850 3535
3175 5 2 1 1 3526 3841 3842 3527 3535 3850 3851 3536
3176 5 2 1 1 3527 3842 3843 3528 3536 3851 3852 3537
3177 5 2 1 1 3529 3844 3845 3530 3538 3853 3854 3539
3178 5 2 1 1 3530 3845 3846 3531 3539 3854 3855 3540
3179 5 2 1 1 3531 3846 3847 3532 3540 3855 3856 3541
3180 5 2 1 1 3532 3847 3848 3533 3541 3856 3857 3542
3181 5 2 1 1 3533 3848 3849 3534 3542 3857 3858 3543
3182 5 2 1 1 3534 3849 3850 3535 3543 3858 3859 3544
3183 5 2 1 1 3535 3850 3851 3536 3544 3859 3860 3545
3184 5 2 1 1 3536 3851 3852 3537 3545 3860 3861 3546
3185 5 2 1 1 3538 3853 3854 3539 3547 3862 3863 3548
3186 5 2 1 1 3539 3854 3855 3540 3548 3863 3864 3549
3187 5 2 1 1 3540 3855 3856 3541 3549 3864 3865 3550
3188 5 2 1 1 3541 3856 3857 3542 3550 3865 3866 3551
3189 5 2 1 1 3542 3857 3858 3543 3551 3866 3867 3552
3190 5 2 1 1 3543 3858 3859 3544 3552 3867 3868 3553
3191 5 2 1 1 3544 3859 3860 3545 3553 3868 3869 3554
3192 5 2 1 1 3545 3860 3861 3546 3554 3869 3870 3555
3193 5 2 1 1 3547 3862 3863 3548 3556 3871 3872 3557
3194 5 2 1 1 3548 3863 3864 3549 3557 3872 3873 3558
3195 5 2 1 1 3549 3864 3865 3550 3558 3873 3874 3559
3196 5 2 1 1 3550 3865 3866 3551 3559 3874 3875 3560
3197 5 2 1 1 3551 3866 3867 3552 3560 3875 3876 3561
3198 5 2 1 1 3552 3867 3868 3553 3561 3876 3877 3562
3199 5 2 1 1 3553 3868 3869 3554 3562 3877 3878 3563
3200 5 2 1 1 3554 3869 3870 3555 3563 3878 3879 3564
3201 5 2 1 1 3556 3871 3872 3557 3565 3880 3881 3566
3202 5 2 1 1 3557 3872 3873 3558 3566 3881 3882 3567
3203 5 2 1 1 3558 3873 3874 3559 3567 3882 3883 3568
3204 5 2 1 1 3559 3874 3875 3560 3568 3883 3884 3569
3205 5 2 1 1 3560 3875 3876 3561 3569 3884 3885 3570
3206 5 2 1 1 3561 3876 3877 3562 3570 3885 3886 3571
3207 5 2 1 1 3562 3877 3878 3563 3571 3886 3887 3572
3208 5 2 1 1 3563 3878 3879 3564 3572 3887 3888 3573
3209 5 2 1 1 3565 3880 3881 3566 3574 3889 3890 3575
3210 5 2 1 1 3566 3881 3882 3567 3575 3890 3891 3576
3211 5 2 1 1 3567 3882 3883 3568 3576 3891 3892 3577
3212 5 2 1 1 3568 3883 3884 3569 3577 3892 3893 3578
3213 5 2 1 1 3569 3884 3885 3570 3578 3893 3894 3579
3214 5 2 1 1 3570 3885 3886 3571 3579 3894 3895 3580
3215 5 2 1 1 3571 3886 3887 3572 3580 3895 3896 3581
3216 5 2 1 1 3572 3887 3888 3573 3581 3896 3897 3582
3217 6 2 1 1 3592 3583 3898 3593 3584 3899
3218 6 2 1 1 3593 3584 3899 3594 3585 3900
3219 6 2 1 1 3594 3585 3900 3595 3586 3901
3220 6 2 1 1 3595 3586 3901 3596 3587 3902
3221 6 2 1 1 3596 3587 3902 3597 3588 3903
3222 6 2 1 1 3597 3588 3903 3598 3589 3904
3223 6 2 1 1 3598 3589 3904 3599 3590 3905
3224 6 2 1 1 3599 3590 3905 3600 3591 3906
3225 6 2 1 1 3592 3898 3907 3593 3899 3908
3226 6 2 1 1 3593 3899 3908 3594 3900 3909
3227 6 2 1 1 3594 3900 3909 3595 3901 3910
3228 6 2 1 1 3595 3901 3910 3596 3902 3911
3229 6 2 1 1 3596 3902 3911 3597 3903 3912
3230 6 2 1 1 3597 3903 3912 3598 3904 3913
3231 6 2 1 1 3598 3904 3913 3599 3905 3914
3232 6 2 1 1 3599 3905 3914 3600 3906 3915
3233 5 2 1 1 3583 3898 3899 3584 3601 3916 3917 3602
3234 5 2 1 1 3584 3899 3900 3585 3602 3917 3918 3603
3235 5 2 1 1 3585 3900 3901 3586 3603 3918 3919 3604
3236 5 2 1 1 3586 3901 3902 3587 3604 3919 3920 3605
3237 5 2 1 1 3587 3902 3903 3588 3605 3920 3921 3606
3238 5 2 1 1 3588 3903 3904 3589 3606 3921 3922 3607
3239 5 2 1 1 3589 3904 3905 3590 3607 3922 3923 3608
3240 5 2 1 1 3590 3905 3906 3591 3608 3923 3924 3609
3241 5 2 1 1 3601 3916 3917 3602 3610 3925 3926 3611
3242 5 2 1 1 3602 3917 3918 3603 3611 3926 3927 3612
3243 5 2 1 1 3603 3918 3919 3604 3612 3927 3928 3613
3244 5 2 1 1 3604 3919 3920 3605 3613 3928 3929 3614
3245 5 2 1 1 3605 3920 3921 3606 3614 3929 3930 3615
3246 5 2 1 1 3606 3921 3922 3607 3615 3930 3931 3616
3247 5 2 1 1 3607 3922 3923 3608 3616 3931 3932 3617
3248 5 2 1 1 3608 3923 3924 3609 3617 3932 3933 3618
3249 5 2 1 1 3610 3925 3926 3611 3619 3934 3935 3620
3250 5 2 1 1 3611 3926 3927 3612 3620 3935 3936 3621
3251 5 2 1 1 3612 3927 3928 3613 3621 3936 3937 3622
3252 5 2 1 1 3613 3928 3929 3614 3622 3937 3938 3623
3253 5 2 1 1 3614 3929 3930 3615 3623 3938 3939 3624
3254 5 2 1 1 3615 3930 3931 3616 3624 3939 3940 3625
3255 5 2 1 1 3616 3931 3932 3617 3625 3940 3941 3626
3256 5 2 1 1 3617 3932 3933 3618 3626 3941 3942 3627
3257 5 2 1 1 3619 3934 3935 3620 3628 3943 3944 3629
3258 5 2 1 1 3620 3935 3936 3621 3629 3944 3945 3630
3259 5 2 1 1 3621 3936 3937 3622 3630 3945 3946 3631
3260 5 2 1 1 3622 3937 3938 3623 3631 3946 3947 3632
3261 5 2 1 1 3623 3938 3939 3624 3632 3947 3948 3633
3262 5 2 1 1 3624 3939 3940 3625 3633 3948 3949 3634
3263 5 2 1 1 3625 3940 3941 3626 3634 3949 3950 3635
3264 5 2 1 1 3626 3941 3942 3627 3635 3950 3951 3636
3265 5 2 1 1 3628 3943 3944 3629 3637 3952 3953 3638
3266 5 2 1 1 3629 3944 3945 3630 3638 3953 3954 3639
3267 5 2 1 1 3630 3945 3946 3631 3639 3954 3955 3640
3268 5 2 1 1 3631 3946 3947 3632 3640 3955 3956 3641
3269 5 2 1 1 3632 3947 3948 3633 3641 3956 3957 3642
3270 5 2 1 1 3633 3948 3949 3634 3642 3957 3958 3643
3271 5 2 1 1 3634 3949 3950 3635 3643 3958 3959 3644
3272 5 2 1 1 3635 3950 3951 3636 3644 3959 3960 3645
3273 5 2 1 1 3637 3952 3953 3638 3646 3961 3962 3647
3274 5 2 1 1 3638 3953 3954 3639 3647 3962 3963 3648
3275 5 2 1 1 3639 3954 3955 3640 3648 3963 3964 3649
3276 5 2 1 1 3640 3955 3956 3641 3649 3964 3965 3650
3277 5 2 1 1 3641 3956 3957 3642 3650 3965 3966 3651
3278 5 2 1 1 3642 3957 3958 3643 3651 3966 3967 3652
3279 5 2 1 1 3643 3958 3959 3644 3652 3967 3968 3653
3280 5 2 1 1 3644 3959 3960 3645 3653 3968 3969 3654
3281 5 2 1 1 3646 3961 3962 3647 3655 3970 3971 3656
3282 5 2 1 1 3647 3962 3963 3648 3656 3971 3972 3657
3283 5 2 1 1 3648 3963 3964 3649 3657 3972 3973 3658
3284 5 2 1 1 3649 3964 3965 3650 3658 3973 3974 3659
3285 5 2 1 1 3650 3965 3966 3651 3659 3974 3975 3660
3286 5 2 1 1 3651 3966 3967 3652 3660 3975 3976 3661
3287 5 2 1 1 3652 3967 3968 3653 3661 3976 3977 3662
3288 5 2 1 1 3653 3968 3969 3654 3662 3977 3978 3663
3289 5 2 1 1 3655 3970 3971 3656 3664 3979 3980 3665
3290 5 2 1 1 3656 3971 3972 3657 3665 3980 3981 3666
3291 5 2 1 1 3657 3972 3973 3658 3666 3981 3982 3667
3292 5 2 1 1 3658 3973 3974 3659 3667 3982 3983 3668
3293 5 2 1 1 3659 3974 3975 3660 3668 3983 3984 3669
3294 5 2 1 1 3660 3975 3976 3661 3669 3984 3985 3670
3295 5 2 1 1 3661 3976 3977 3662 3670 3985 3986 3671
3296 5 2 1 1 3662 3977 3978 3663 3671 3986 3987 3672
3297 5 2 1 1 3664 3979 3980 3665 3673 3988 3989 3674
3298 5 2 1 1 3665 3980 3981 3666 3674 3989 3990 3675
3299 5 2 1 1 3666 3981 3982 3667 3675 3990 3991 3676
3300 5 2 1 1 3667 3982 3983 3668 3676 3991 3992 3677
3301 5 2 1 1 3668 3983 3984 3669 3677 3992 3993 3678
3302 5 2 1 1 3669 3984 3985 3670 3678 3993 3994 3679
3303 5 2 1 1 3670 3985 3986 3671 3679 3994 3995 3680
3304 5 2 1 1 3671 3986 3987 3672 3680 3995 3996 3681
3305 5 2 1 1 3673 3988 3989 3674 3682 3997 3998 3683
3306 5 2 1 1 3674 3989 3990 3675 3683 3998 3999 3684
3307 5 2 1 1 3675 3990 3991 3676 3684 3999 4000 3685
3308 5 2 1 1 3676 3991 3992 3677 3685 4000 4001 3686
3309 5 2 1 1 3677 3992 3993 3678 3686 4001 4002 3687
3310 5 2 1 1 3678 3993 3994 3679 3687 4002 4003 3688
3311 5 2 1 1 3679 3994 3995 3680 3688 4003 4004 3689
3312 5 2 1 1 3680 3995 3996 3681 3689 4004 4005 3690
3313 5 2 1 1 3682 3997 3998 3683 3691 4006 4007 3692
3314 5 2 1 1 3683 3998 3999 3684 3692 4007 4008 3693
3315 5 2 1 1 3684 3999 4000 3685 3693 4008 4009 3694
3316 5 2 1 1 3685 4000 4001 3686 3694 4009 4010 3695
3317 5 2 1 1 3686 4001 4002 3687 3695 4010 4011 3696
3318 5 2 1 1 3687 4002 4003 3688 3696 4011 4012 3697
3319 5 2 1 1 3688 4003 4004 3689 3697 4012 4013 3698
3320 5 2 1 1 3689 4004 4005 3690 3698 4013 4014 3699
3321 5 2 1 1 3691 4006 4007 3692 3700 4015 4016 3701
3322 5 2 1 1 3692 4007 4008 3693 3701 4016 4017 3702
3323 5 2 1 1 3693 4008 4009 3694 3702 4017 4018 3703
3324 5 2 1 1 3694 4009 4010 3695 3703 4018 4019 3704
3325 5 2 1 1 3695 4010 4011 3696 3704 4019 4020 3705
3326 5 2 1 1 3696 4011 4012 3697 3705 4020 4021 3706
3327 5 2 1 1 3697 4012 4013 3698 3706 4021 4022 3707
3328 5 2 1 1 3698 4013 4014 3699 3707 4022 4023 3708
3329 5 2 1 1 3700 4015 4016 3701 3709 4024 4025 3710
3330 5 2 1 1 3701 4016 4017 3702 3710 4025 4026 3711
3331 5 2 1 1 3702 4017 4018 3703 3711 4026 4027 3712
3332 5 2 1 1 3703 4018 4019 3704 3712 4027 4028 3713
3333 5 2 1 1 3704 4019 4020 3705 3713 4028 4029 3714
3334 5 2 1 1 3705 4020 4021 3706 3714 4029 4030 3715
3335 5 2 1 1 3706 4021 4022 3707 3715 4030 4031 3716
3336 5 2 1 1 3707 4022 4023 3708 3716 4031 4032 3717
3337 5 2 1 1 3709 4024 4025 3710 3718 4033 4034 3719
3338 5 2 1 1 3710 4025 4026 3711 3719 4034 4035 3720
3339 5 2 1 1 3711 4026 4027 3712 3720 4035 4036 3721
3340 5 2 1 1 3712 4027 4028 3713 3721 4036 4037 3722
3341 5 2 1 1 3713 4028 4029 3714 3722 4037 4038 3723
3342 5 2 1 1 3714 4029 4030 3715 3723 4038 4039 3724
3343 5 2 1 1 3715 4030 4031 3716 3724 4039 4040 3725
3344 5 2 1 1 3716 4031 4032 3717 3725 4040 4041 3726
3345 5 2 1 1 3718 4033 4034 3719 3727 4042 4043 3728
3346 5 2 1 1 3719 4034 4035 3720 3728 4043 4044 3729
3347 5 2 1 1 3720 4035 4036 3721 3729 4044 4045 3730
3348 5 2 1 1 3721 4036 4037 3722 3730 4045 4046 3731
3349 5 2 1 1 3722 4037 4038 3723 3731 4046 4047 3732
3350 5 2 1 1 3723 4038 4039 3724 3732 4047 4048 3733
3351 5 2 1 1 3724 4039 4040 3725 3733 4048 4049 3734
3352 5 2 1 1 3725 4040 4041 3726 3734 4049 4050 3735
3353 5 2 1 1 3727 4042 4043 3728 3736 4051 4052 3737
3354 5 2 1 1 3728 4043 4044 3729 3737 4052 4053 3738
3355 5 2 1 1 3729 4044 4045 3730 3738 4053 4054 3739
3356 5 2 1 1 3730 4045 4046 3731 3739 4054 4055 3740
3357 5 2 1 1 3731 4046 4047 3732 3740 4055 4056 3741
3358 5 2 1 1 3732 4047 4048 3733 3741 4056 4057 3742
3359 5 2 1 1 3733 4048 4049 3734 3742 4057 4058 3743
3360 5 2 1 1 3734 4049 4050 3735 3743 4058 4059 3744
3361 5 2 1 1 3736 4051 4052 3737 3745 4060 4061 3746
3362 5 2 1 1 3737 4052 4053 3738 3746 4061 4062 3747
3363 5 2 1 1 3738 4053 4054 3739 3747 4062 4063 3748
3364 5 2 1 1 3739 4054 4055 3740 3748 4063 4064 3749
3365 5 2 1 1 3740 4055 4056 3741 3749 4064 4065 3750
3366 5 2 1 1 3741 4056 4057 3742 3750 4065 4066 3751
3367 5 2 1 1 3742 4057 4058 3743 3751 4066 4067 3752
3368 5 2 1 1 3743 4058 4059 3744 3752 4067 4068 3753
3369 5 2 1 1 3745 4060 4061 3746 3754 4069 4070 3755
3370 5 2 1 1 3746 4061 4062 3747 3755 4070 4071 3756
3371 5 2 1 1 3747 4062 4063 3748 3756 4071 4072 3757
3372 5 2 1 1 3748 4063 4064 3749 3757 4072 4073 3758
3373 5 2 1 1 3749 4064 4065 3750 3758 4073 4074 3759
3374 5 2 1 1 3750 4065 4066 3751 3759 4074 4075 3760
3375 5 2 1 1 3751 4066 4067 3752 3760 4075 4076 3761
3376 5 2 1 1 3752 4067 4068 3753 3761 4076 4077 3762
3377 5 2 1 1 3754 4069 4070 3755 3763 4078 4079 3764
3378 5 2 1 1 3755 4070 4071 3756 3764 4079 4080 3765
3379 5 2 1 1 3756 4071 4072 3757 3765 4080 4081 3766
3380 5 2 1 1 3757 4072 4073 3758 3766 4081 4082 3767
3381 5 2 1 1 3758 4073 4074 3759 3767 4082 4083 3768
3382 5 2 1 1 3759 4074 4075 3760 3768 4083 4084 3769
3383 5 2 1 1 3760 4075 4076 3761 3769 4084 4085 3770
3384 5 2 1 1 3761 4076 4077 3762 3770 4085 4086 3771
3385 5 2 1 1 3763 4078 4079 3764 3772 4087 4088 3773
3386 5 2 1 1 3764 4079 4080 3765 3773 4088 4089 3774
3387 5 2 1 1 3765 4080 4081 3766 3774 4089 4090 3775
3388 5 2 1 1 3766 4081 4082 3767 3775 4090 4091 3776
3389 5 2 1 1 3767 4082 4083 3768 3776 4091 4092 3777
3390 5 2 1 1 3768 4083 4084 3769 3777 4092 4093 3778
3391 5 2 1 1 3769 4084 4085 3770 3778 4093 4094 3779
3392 5 2 1 1 3770 4085 4086 3771 3779 4094 4095 3780
3393 5 2 1 1 3772 4087 4088 3773 3781 4096 4097 3782
3394 5 2 1 1 3773 4088 4089 3774 3782 4097 4098 3783
3395 5 2 1 1 3774 4089 4090 3775 3783 4098 4099 3784
3396 5 2 1 1 3775 4090 4091 3776 3784 4099 4100 3785
3397 5 2 1 1 3776 4091 4092 3777 3785 4100 4101 3786
3398 5 2 1 1 3777 4092 4093 3778 3786 4101 4102 3787
3399 5 2 1 1 3778 4093 4094 3779 3787 4102 4103 3788
3400 5 2 1 1 3779 4094 4095 3780 3788 4103 4104 3789
3401 5 2 1 1 3781 4096 4097 3782 3790 4105 4106 3791
3402 5 2 1 1 3782 4097 4098 3783 3791 4106 4107 3792
3403 5 2 1 1 3783 4098 4099 3784 3792 4107 4108 3793
3404 5 2 1 1 3784 4099 4100 3785 3793 4108 4109 3794
3405 5 2 1 1 3785 4100 4101 3786 3794 4109 4110 3795
3406 5 2 1 1 3786 4101 4102 3787 3795 4110 4111 3796
3407 5 2 1 1 3787 4102 4103 3788 3796 4111 4112 3797
3408 5 2 1 1 3788 4103 4104 3789 3797 4112 4113 3798
3409 5 2 1 1 3790 4105 4106 3791 3799 4114 4115 3800
3410 5 2 1 1 3791 4106 4107 3792 3800 4115 4116 3801
3411 5 2 1 1 3792 4107 4108 3793 3801 4116 4117 3802
3412 5 2 1 1 3793 4108 4109 3794 3802 4117 4118 3803
3413 5 2 1 1 3794 4109 4110 3795 3803 4118 4119 3804
3414 5 2 1 1 3795 4110 4111 3796 3804 4119 4120 3805
3415 5 2 1 1 3796 4111 4112 3797 3805 4120 4121 3806
3416 5 2 1 1 3797 4112 4113 3798 3806 4121 4122 3807
3417 5 2 1 1 3799 4114 4115 3800 3808 4123 4124 3809
3418 5 2 1 1 3800 4115 4116 3801 3809 4124 4125 3810
3419 5 2 1 1 3801 4116 4117 3802 3810 4125 4126 3811
3420 5 2 1 1 3802 4117 4118 3803 3811 4126 4127 3812
3421 5 2 1 1 3803 4118 4119 3804 3812 4127 4128 3813
3422 5 2 1 1 3804 4119 4120 3805 3813 4128 4129 3814
3423 5 2 1 1 3805 4120 4121 3806 3814 4129 4130 3815
3424 5 2 1 1 3806 4121 4122 3807 3815 4130 4131 3816
3425 5 2 1 1 3808 4123 4124 3809 3817 4132 4133 3818
3426 5 2 1 1 3809 4124 4125 3810 3818 4133 4134 3819
3427 5 2 1 1 3810 4125 4126 3811 3819 4134 4135 3820
3428 5 2 1 1 3811 4126 4127 3812 3820 4135 4136 3821
3429 5 2 1 1 3812 4127 4128 3813 3821 4136 4137 3822
3430 5 2 1 1 3813 4128 4129 3814 3822 4137 4138 3823
3431 5 2 1 1 3814 4129 4130 3815 3823 4138 4139 3824
3432 5 2 1 1 3815 4130 4131 3816 3824 4139 4140 3825
3433 5 2 1 1 3817 4132 4133 3818 3826 4141 4142 3827
3434 5 2 1 1 3818 4133 4134 3819 3827 4142 4143 3828
3435 5 2 1 1 3819 4134 4135 3820 3828 4143 4144 3829
3436 5 2 1 1 3820 4135 4136 3821 3829 4144 4145 3830
3437 5 2 1 1 3821 4136 4137 3822 3830 4145 4146 3831
3438 5 2 1 1 3822 4137 4138 3823 3831 4146 4147 3832
3439 5 2 1 1 3823 4138 4139 3824 3832 4147 4148 3833
3440 5 2 1 1 3824 4139 4140 3825 3833 4148 4149 3834
3441 5 2 1 1 3826 4141 4142 3827 3835 4150 4151 3836
3442 5 2 1 1 3827 4142 4143 3828 3836 4151 4152 3837
3443 5 2 1 1 3828 4143 4144 3829 3837 4152 4153 3838
3444 5 2 1 1 3829 4144 4145 3830 3838 4153 4154 3839
3445 5 2 1 1 3830 4145 4146 3831 3839 4154 4155 3840
3446 5 2 1 1 3831 4146 4147 3832 3840 4155 4156 3841
3447 5 2 1 1 3832 4147 4148 3833 3841 4156 4157 3842
3448 5 2 1 1 3833 4148 4149 3834 3842 4157 4158 3843
3449 5 2 1 1 3835 4150 4151 3836 3844 4159 4160 3845
3450 5 2 1 1 3836 4151 4152 3837 3845 4160 4161 3846
3451 5 2 1 1 3837 4152 4153 3838 3846 4161 4162 3847
3452 5 2 1 1 3838 4153 4154 3839 3847 4162 4163 3848
3453 5 2 1 1 3839 4154 4155 3840 3848 4163 4164 3849
3454 5 2 1 1 3840 4155 4156 3841 3849 4164 4165 3850
3455 5 2 1 1 3841 4156 4157 3842 3850 4165 4166 3851
3456 5 2 1 1 3842 4157 4158 3843 3851 4166 4167 3852
3457 5 2 1 1 3844 4159 4160 3845 3853 4168 4169 3854
3458 5 2 1 1 3845 4160 4161 3846 3854 4169 4170 3855
3459 5 2 1 1 3846 4161 4162 3847 3855 4170 4171 3856
3460 5 2 1 1 3847 4162 4163 3848 3856 4171 4172 3857
3461 5 2 1 1 3848 4163 4164 3849 3857 4172 4173 3858
3462 5 2 1 1 3849 4164 4165 3850 3858 4173 4174 3859
3463 5 2 1 1 3850 4165 4166 3851 3859 4174 4175 3860
3464 5 2 1 1 3851 4166 4167 3852 3860 4175 4176 3861
3465 5 2 1 1 3853 4168 4169 3854 3862 4177 4178 3863
3466 5 2 1 1 3854 4169 4170 3855 3863 4178 4179 3864
3467 5 2 1 1 3855 4170 4171 3856 3864 4179 4180 3865
3468 5 2 1 1 3856 4171 4172 3857 3865 4180 4181 3866
3469 5 2 1 1 3857 4172 4173 3858 3866 4181 4182 3867
3470 5 2 1 1 3858 4173 4174 3859 3867 4182 4183 3868
3471 5 2 1 1 3859 4174 4175 3860 3868 4183 4184 3869
3472 5 2 1 1 3860 4175 4176 3861 3869 4184 4185 3870
3473 5 2 1 1 3862 4177 4178 3863 3871 4186 4187 3872
3474 5 2 1 1 3863 4178 4179 3864 3872 4187 4188 3873
3475 5 2 1 1 3864 4179 4180 3865 3873 4188 4189 3874
3476 5 2 1 1 3865 4180 4181 3866 3874 4189 4190 3875
3477 5 2 1 1 3866 4181 4182 3867 3875 4190 4191 3876
3478 5 2 1 1 3867 4182 4183 3868 3876 4191 4192 3877
3479 5 2 1 1 3868 4183 4184 3869 3877 4192 4193 3878
3480 5 2 1 1 3869 4184 4185 3870 3878 4193 4194 3879
3481 5 2 1 1 3871 4186 4187 3872 3880 4195 4196 3881
3482 5 2 1 1 3872 4187 4188 3873 3881 4196 4197 3882
3483 5 2 1 1 3873 4188 4189 3874 3882 4197 4198 3883
3484 5 2 1 1 3874 4189 4190 3875 3883 4198 4199 3884
3485 5 2 1 1 3875 4190 4191 3876 3884 4199 4200 3885
3486 5 2 1 1 3876 4191 4192 3877 3885 4200 4201 3886
3487 5 2 1 1 3877 4192 4193 3878 3886 4201 4202 3887
3488 5 2 1 1 3878 4193 4194 3879 3887 4202 4203 3888
3489 5 2 1 1 3880 4195 4196 3881 3889 4204 4205 3890
3490 5 2 1 1 3881 4196 4197 3882 3890 4205 4206 3891
3491 5 2 1 1 3882 4197 4198 3883 3891 4206 4207 3892
3492 5 2 1 1 3883 4198 4199 3884 3892 4207 4208 3893
3493 5 2 1 1 3884 4199 4200 3885 3893 4208 4209 3894
3494 5 2 1 1 3885 4200 4201 3886 3894 4209 4210 3895
3495 5 2 1 1 3886 4201 4202 3887 3895 4210 4211 3896
3496 5 2 1 1 3887 4202 4203 3888 3896 4211 4212 3897
3497 2 2 3 3 1 2 3
3498 3 2 5 5 1 4 5 2
3499 3 2 5 5 4 7 8 5
3500 3 2 5 5 7 10 11 8
3501 3 2 5 5 10 13 14 11
3502 3 2 5 5 13 16 17 14
3503 3 2 5 5 16 19 20 17
3504 3 2 5 5 19 22 23 20
3505 2 2 2 2 25 27 26
3506 3 2 5 5 22 25 26 23
3507 2 2 3 3 1 3 28
3508 2 2 2 2 25 36 27
3509 2 2 3 3 1 28 37
3510 3 2 1 1 37 38 4 1
3511 3 2 1 1 38 39 7 4
3512 3 2 1 1 39 40 10 7
3513 3 2 1 1 40 41 13 10
3514 3 2 1 1 41 42 16 13
3515 3 2 1 1 42 43 19 16
3516 3 2 1 1 43 44 22 19
3517 2 2 2 2 25 45 36
3518 3 2 1 1 44 45 25 22
3519 3 2 3 3 2 47 46 3
3520 3 2 5 5 5 49 47 2
3521 3 2 5 5 8 51 49 5
3522 3 2 5 5 11 53 51 8
3523 3 2 5 5 14 55 53 11
3524 3 2 5 5 17 57 55 14
3525 3 2 5 5 20 59 57 17
3526 3 2 5 5 23 61 59 20
3527 3 2 2 2 27 62 63 26
3528 3 2 5 5 26 63 61 23
3529 3 2 3 3 47 65 64 46
3530 3 2 5 5 49 67 65 47
3531 3 2 5 5 51 69 67 49
3532 3 2 5 5 53 71 69 51
3533 3 2 5 5 55 73 71 53
3534 3 2 5 5 57 75 73 55
3535 3 2 5 5 59 77 75 57
3536 3 2 5 5 61 79 77 59
3537 3 2 2 2 62 80 81 63
3538 3 2 5 5 63 81 79 61
3539 3 2 3 3 65 83 82 64
3540 3 2 5 5 67 85 83 65
3541 3 2 5 5 69 87 85 67
3542 3 2 5 5 71 89 87 69
3543 3 2 5 5 73 91 89 71
3544 3 2 5 5 75 93 91 73
3545 3 2 5 5 77 95 93 75
3546 3 2 5 5 79 97 95 77
3547 3 2 2 2 80 98 99 81
3548 3 2 5 5 81 99 97 79
3549 3 2 3 3 83 101 100 82
3550 3 2 5 5 85 103 101 83
3551 3 2 5 5 87 105 103 85
3552 3 2 5 5 89 107 105 87
3553 3 2 5 5 91 109 107 89
3554 3 2 5 5 93 111 109 91
3555 3 2 5 5 95 113 111 93
3556 3 2 5 5 97 115 113 95
3557 3 2 2 2 98 116 117 99
3558 3 2 5 5 99 117 115 97
3559 3 2 3 3 101 119 118 100
3560 3 2 5 5 103 121 119 101
3561 3 2 5 5 105 123 121 103
3562 3 2 5 5 107 125 123 105
3563 3 2 5 5 109 127 125 107
3564 3 2 5 5 111 129 127 109
3565 3 2 5 5 113 131 129 111
3566 3 2 5 5 115 133 131 113
3567 3 2 2 2 116 134 135 117
3568 3 2 5 5 117 135 133 115
3569 3 2 3 3 119 137 136 118
3570 3 2 5 5 121 139 137 119
3571 3 2 5 5 123 141 139 121
3572 3 2 5 5 125 143 141 123
3573 3 2 5 5 127 145 143 125
3574 3 2 5 5 129 147 145 127
3575 3 2 5 5 131 149 147 129
3576 3 2 5 5 133 151 149 131
3577 3 2 2 2 134 152 153 135
3578 3 2 5 5 135 153 151 133
3579 3 2 3 3 137 155 154 136
3580 3 2 5 5 139 157 155 137
3581 3 2 5 5 141 159 157 139
3582 3 2 5 5 143 161 159 141
3583 3 2 5 5 145 163 161 143
3584 3 2 5 5 147 165 163 145
3585 3 2 5 5 149 167 165 147
3586 3 2 5 5 151 169 167 149
3587 3 2 2 2 152 170 171 153
3588 3 2 5 5 153 171 169 151
3589 3 2 3 3 155 173 172 154
3590 3 2 5 5 157 175 173 155
3591 3 2 5 5 159 177 175 157
3592 3 2 5 5 161 179 177 159
3593 3 2 5 5 163 181 179 161
3594 3 2 5 5 165 183 181 163
3595 3 2 5 5 167 185 183 165
3596 3 2 5 5 169 187 185 167
3597 3 2 2 2 170 188 189 171
3598 3 2 5 5 171 189 187 169
3599 3 2 3 3 173 191 190 172
3600 3 2 5 5 175 193 191 173
3601 3 2 5 5 177 195 193 175
3602 3 2 5 5 179 197 195 177
3603 3 2 5 5 181 199 197 179
3604 3 2 5 5 183 201 199 181
3605 3 2 5 5 185 203 201 183
3606 3 2 5 5 187 205 203 185
3607 3 2 2 2 188 206 207 189
3608 3 2 5 5 189 207 205 187
3609 3 2 3 3 191 209 208 190
3610 3 2 5 5 193 211 209 191
3611 3 2 5 5 195 213 211 193
3612 3 2 5 5 197 215 213 195
3613 3 2 5 5 199 217 215 197
3614 3 2 5 5 201 219 217 199
3615 3 2 5 5 203 221 219 201
3616 3 2 5 5 205 223 221 203
3617 3 2 2 2 206 224 225 207
3618 3 2 5 5 207 225 223 205
3619 3 2 3 3 209 227 226 208
3620 3 2 5 5 211 229 227 209
3621 3 2 5 5 213 231 229 211
3622 3 2 5 5 215 233 231 213
3623 3 2 5 5 217 235 233 215
3624 3 2 5 5 219 237 235 217
3625 3 2 5 5 221 239 237 219
3626 3 2 5 5 223 241 239 221
3627 3 2 2 2 224 242 243 225
3628 3 2 5 5 225 243 241 223
3629 3 2 3 3 227 245 244 226
3630 3 2 5 5 229 247 245 227
3631 3 2 5 5 231 249 247 229
3632 3 2 5 5 233 251 249 231
3633 3 2 5 5 235 253 251 233
3634 3 2 5 5 237 255 253 235
3635 3 2 5 5 239 257 255 237
3636 3 2 5 5 241 259 257 239
3637 3 2 2 2 242 260 261 243
3638 3 2 5 5 243 261 259 241
3639 3 2 3 3 245 263 262 244
3640 3 2 5 5 247 265 263 245
3641 3 2 5 5 249 267 265 247
3642 3 2 5 5 251 269 267 249
3643 3 2 5 5 253 271 269 251
3644 3 2 5 5 255 273 271 253
3645 3 2 5 5 257 275 273 255
3646 3 2 5 5 259 277 275 257
3647 3 2 2 2 260 278 279 261
3648 3 2 5 5 261 279 277 259
3649 3 2 3 3 263 281 280 262
3650 3 2 5 5 265 283 281 263
3651 3 2 5 5 267 285 283 265
3652 3 2 5 5 269 287 285 267
3653 3 2 5 5 271 289 287 269
3654 3 2 5 5 273 291 289 271
3655 3 2 5 5 275 293 291 273
3656 3 2 5 5 277 295 293 275
3657 3 2 2 2 278 296 297 279
3658 3 2 5 5 279 297 295 277
3659 3 2 3 3 281 299 298 280
3660 3 2 5 5 283 301 299 281
3661 3 2 5 5 285 303 301 283
3662 3 2 5 5 287 305 303 285
3663 3 2 5 5 289 307 305 287
3664 3 2 5 5 291 309 307 289
3665 3 2 5 5 293 311 309 291
3666 3 2 5 5 295 313 311 293
3667 3 2 2 2 296 314 315 297
3668 3 2 5 5 297 315 313 295
3669 3 2 3 3 299 317 316 298
3670 3 2 5 5 301 319 317 299
3671 3 2 5 5 303 321 319 301
3672 3 2 5 5 305 323 321 303
3673 3 2 5 5 307 325 323 305
3674 3 2 5 5 309 327 325 307
3675 3 2 5 5 311 329 327 309
3676 3 2 5 5 313 331 329 311
3677 3 2 2 2 314 332 333 315
3678 3 2 5 5 315 333 331 313
3679 3 2 3 3 317 335 334 316
3680 3 2 5 5 319 337 335 317
3681 3 2 5 5 321 339 337 319
3682 3 2 5 5 323 341 339 321
3683 3 2 5 5 325 343 341 323
3684 3 2 5 5 327 345 343 325
3685 3 2 5 5 329 347 345 327
3686 3 2 5 5 331 349 347 329
3687 3 2 2 2 332 350 351 333
3688 3 2 5 5 333 351 349 331
3689 3 2 3 3 335 353 352 334
3690 3 2 5 5 337 355 353 335
3691 3 2 5 5 339 357 355 337
3692 3 2 5 5 341 359 357 339
3693 3 2 5 5 343 361 359 341
3694 3 2 5 5 345 363 361 343
3695 3 2 5 5 347 365 363 345
3696 3 2 5 5 349 367 365 347
3697 3 2 2 2 350 368 369 351
3698 3 2 5 5 351 369 367 349
3699 3 2 3 3 353 371 370 352
3700 3 2 5 5 355 373 371 353
3701 3 2 5 5 357 375 373 355
3702 3 2 5 5 359 377 375 357
3703 3 2 5 5 361 379 377 359
3704 3 2 5 5 363 381 379 361
3705 3 2 5 5 365 383 381 363
3706 3 2 5 5 367 385 383 365
3707 3 2 2 2 368 386 387 369
3708 3 2 5 5 369 387 385 367
3709 3 2 3 3 371 389 388 370
3710 3 2 5 5 373 391 389 371
3711 3 2 5 5 375 393 391 373
3712 3 2 5 5 377 395 393 375
3713 3 2 5 5 379 397 395 377
3714 3 2 5 5 381 399 397 379
3715 3 2 5 5 383 401 399 381
3716 3 2 5 5 385 403 401 383
3717 3 2 2 2 386 404 405 387
3718 3 2 5 5 387 405 403 385
3719 3 2 3 3 389 407 406 388
3720 3 2 5 5 391 409 407 389
3721 3 2 5 5 393 411 409 391
3722 3 2 5 5 395 413 411 393
3723 3 2 5 5 397 415 413 395
3724 3 2 5 5 399 417 415 397
3725 3 2 5 5 401 419 417 399
3726 3 2 5 5 403 421 419 401
3727 3 2 2 2 404 422 423 405
3728 3 2 5 5 405 423 421 403
3729 3 2 3 3 407 425 424 406
3730 3 2 5 5 409 427 425 407
3731 3 2 5 5 411 429 427 409
3732 3 2 5 5 413 431 429 411
3733 3 2 5 5 415 433 431 413
3734 3 2 5 5 417 435 433 415
3735 3 2 5 5 419 437 435 417
3736 3 2 5 5 421 439 437 419
3737 3 2 2 2 422 440 441 423
3738 3 2 5 5 423 441 439 421
3739 3 2 3 3 425 443 442 424
3740 3 2 5 5 427 445 443 425
3741 3 2 5 5 429 447 445 427
3742 3 2 5 5 431 449 447 429
3743 3 2 5 5 433 451 449 431
3744 3 2 5 5 435 453 451 433
3745 3 2 5 5 437 455 453 435
3746 3 2 5 5 439 457 455 437
3747 3 2 2 2 440 458 459 441
3748 3 2 5 5 441 459 457 439
3749 3 2 3 3 443 461 460 442
3750 3 2 5 5 445 463 461 443
3751 3 2 5 5 447 465 463 445
3752 3 2 5 5 449 467 465 447
3753 3 2 5 5 451 469 467 449
3754 3 2 5 5 453 471 469 451
3755 3 2 5 5 455 473 471 453
3756 3 2 5 5 457 475 473 455
3757 3 2 2 2 458 476 477 459
3758 3 2 5 5 459 477 475 457
3759 3 2 3 3 461 479 478 460
3760 3 2 5 5 463 481 479 461
3761 3 2 5 5 465 483 481 463
3762 3 2 5 5 467 485 483 465
3763 3 2 5 5 469 487 485 467
3764 3 2 5 5 471 489 487 469
3765 3 2 5 5 473 491 489 471
3766 3 2 5 5 475 493 491 473
3767 3 2 2 2 476 494 495 477
3768 3 2 5 5 477 495 493 475
3769 3 2 3 3 479 497 496 478
3770 3 2 5 5 481 499 497 479
3771 3 2 5 5 483 501 499 481
3772 3 2 5 5 485 503 501 483
3773 3 2 5 5 487 505 503 485
3774 3 2 5 5 489 507 505 487
3775 3 2 5 5 491 509 507 489
3776 3 2 5 5 493 511 509 491
3777 3 2 2 2 494 512 513 495
3778 3 2 5 5 495 513 511 493
3779 3 2 3 3 497 515 514 496
3780 3 2 5 5 499 517 515 497
3781 3 2 5 5 501 519 517 499
3782 3 2 5 5 503 521 519 501
3783 3 2 5 5 505 523 521 503
3784 3 2 5 5 507 525 523 505
3785 3 2 5 5 509 527 525 507
3786 3 2 5 5 511 529 527 509
3787 3 2 2 2 512 530 531 513
3788 3 2 5 5 513 531 529 511
3789 3 2 3 3 515 533 532 514
3790 3 2 5 5 517 535 533 515
3791 3 2 5 5 519 537 535 517
3792 3 2 5 5 521 539 537 519
3793 3 2 5 5 523 541 539 521
3794 3 2 5 5 525 543 541 523
3795 3 2 5 5 527 545 543 525
3796 3 2 5 5 529 547 545 527
3797 3 2 2 2 530 548 549 531
3798 3 2 5 5 531 549 547 529
3799 3 2 4 4 551 553 552 550
3800 3 2 3 3 533 551 550 532
3801 3 2 5 5 535 553 551 533
3802 3 2 4 4 553 555 554 552
3803 3 2 5 5 537 555 553 535
3804 3 2 4 4 555 557 556 554
3805 3 2 5 5 539 557 555 537
3806 3 2 4 4 557 559 558 556
3807 3 2 5 5 541 559 557 539
3808 3 2 4 4 559 561 560 558
3809 3 2 5 5 543 561 559 541
3810 3 2 4 4 561 563 562 560
3811 3 2 5 5 545 563 561 543
3812 3 2 4 4 563 565 564 562
3813 3 2 5 5 547 565 563 545
3814 3 2 4 4 565 567 566 564
3815 3 2 2 2 548 566 567 549
3816 3 2 5 5 549 567 565 547
3817 2 2 3 3 37 28 568
3818 2 2 2 2 45 576 36
3819 2 2 3 3 37 568 577
3820 3 2 1 1 577 578 38 37
3821 3 2 1 1 578 579 39 38
3822 3 2 1 1 579 580 40 39
3823 3 2 1 1 580 581 41 40
3824 3 2 1 1 581 582 42 41
3825 3 2 1 1 582 583 43 42
3826 3 2 1 1 583 584 44 43
3827 2 2 2 2 45 585 576
3828 3 2 1 1 584 585 45 44
3829 3 2 3 3 28 3 586 568
3830 3 2 2 2 576 594 27 36
3831 3 2 3 3 3 46 595 586
3832 3 2 2 2 594 603 62 27
3833 3 2 3 3 46 64 604 595
3834 3 2 2 2 603 612 80 62
3835 3 2 3 3 64 82 613 604
3836 3 2 2 2 612 621 98 80
3837 3 2 3 3 82 100 622 613
3838 3 2 2 2 621 630 116 98
3839 3 2 3 3 100 118 631 622
3840 3 2 2 2 630 639 134 116
3841 3 2 3 3 118 136 640 631
3842 3 2 2 2 639 648 152 134
3843 3 2 3 3 136 154 649 640
3844 3 2 2 2 648 657 170 152
3845 3 2 3 3 154 172 658 649
3846 3 2 2 2 657 666 188 170
3847 3 2 3 3 172 190 667 658
3848 3 2 2 2 666 675 206 188
3849 3 2 3 3 190 208 676 667
3850 3 2 2 2 675 684 224 206
3851 3 2 3 3 208 226 685 676
3852 3 2 2 2 684 693 242 224
3853 3 2 3 3 226 244 694 685
3854 3 2 2 2 693 702 260 242
3855 3 2 3 3 244 262 703 694
3856 3 2 2 2 702 711 278 260
3857 3 2 3 3 262 280 712 703
3858 3 2 2 2 711 720 296 278
3859 3 2 3 3 280 298 721 712
3860 3 2 2 2 720 729 314 296
3861 3 2 3 3 298 316 730 721
3862 3 2 2 2 729 738 332 314
3863 3 2 3 3 316 334 739 730
3864 3 2 2 2 738 747 350 332
3865 3 2 3 3 334 352 748 739
3866 3 2 2 2 747 756 368 350
3867 3 2 3 3 352 370 757 748
3868 3 2 2 2 756 765 386 368
3869 3 2 3 3 370 388 766 757
3870 3 2 2 2 765 774 404 386
3871 3 2 3 3 388 406 775 766
3872 3 2 2 2 774 783 422 404
3873 3 2 3 3 406 424 784 775
3874 3 2 2 2 783 792 440 422
3875 3 2 3 3 424 442 793 784
3876 3 2 2 2 792 801 458 440
3877 3 2 3 3 442 460 802 793
3878 3 2 2 2 801 810 476 458
3879 3 2 3 3 460 478 811 802
3880 3 2 2 2 810 819 494 476
3881 3 2 3 3 478 496 820 811
3882 3 2 2 2 819 828 512 494
3883 3 2 3 3 496 514 829 820
3884 3 2 2 2 828 837 530 512
3885 3 2 3 3 514 532 838 829
3886 3 2 2 2 837 846 548 530
3887 3 2 4 4 550 552 848 847
3888 3 2 3 3 532 550 847 838
3889 3 2 4 4 552 554 849 848
3890 3 2 4 4 554 556 850 849
3891 3 2 4 4 556 558 851 850
3892 3 2 4 4 558 560 852 851
3893 3 2 4 4 560 562 853 852
3894 3 2 4 4 562 564 854 853
3895 3 2 4 4 564 566 855 854
3896 3 2 2 2 846 855 566 548
3897 2 2 3 3 577 568 856
3898 2 2 2 2 585 864 576
3899 2 2 3 3 577 856 865
3900 3 2 1 1 865 866 578 577
3901 3 2 1 1 866 867 579 578
3902 3 2 1 1 867 868 580 579
3903 3 2 1 1 868 869 581 580
3904 3 2 1 1 869 870 582 581
3905 3 2 1 1 870 871 583 582
3906 3 2 1 1 871 872 584 583
3907 2 2 2 2 585 873 864
3908 3 2 1 1 872 873 585 584
3909 3 2 3 3 568 586 874 856
3910 3 2 2 2 864 882 594 576
3911 3 2 3 3 586 595 883 874
3912 3 2 2 2 882 891 603 594
3913 3 2 3 3 595 604 892 883
3914 3 2 2 2 891 900 612 603
3915 3 2 3 3 604 613 901 892
3916 3 2 2 2 900 909 621 612
3917 3 2 3 3 613 622 910 901
3918 3 2 2 2 909 918 630 621
3919 3 2 3 3 622 631 919 910
3920 3 2 2 2 918 927 639 630
3921 3 2 3 3 631 640 928 919
3922 3 2 2 2 927 936 648 639
3923 3 2 3 3 640 649 937 928
3924 3 2 2 2 936 945 657 648
3925 3 2 3 3 649 658 946 937
3926 3 2 2 2 945 954 666 657
3927 3 2 3 3 658 667 955 946
3928 3 2 2 2 954 963 675 666
3929 3 2 3 3 667 676 964 955
3930 3 2 2 2 963 972 684 675
3931 3 2 3 3 676 685 973 964
3932 3 2 2 2 972 981 693 684
3933 3 2 3 3 685 694 982 973
3934 3 2 2 2 981 990 702 693
3935 3 2 3 3 694 703 991 982
3936 3 2 2 2 990 999 711 702
3937 3 2 3 3 703 712 1000 991
3938 3 2 2 2 999 1008 720 711
3939 3 2 3 3 712 721 1009 1000
3940 3 2 2 2 1008 1017 729 720
3941 3 2 3 3 721 730 1018 1009
3942 3 2 2 2 1017 1026 738 729
3943 3 2 3 3 730 739 1027 1018
3944 3 2 2 2 1026 1035 747 738
3945 3 2 3 3 739 748 1036 1027
3946 3 2 2 2 1035 1044 756 747
3947 3 2 3 3 748 757 1045 1036
3948 3 2 2 2 1044 1053 765 756
3949 3 2 3 3 757 766 1054 1045
3950 3 2 2 2 1053 1062 774 765
3951 3 2 3 3 766 775 1063 1054
3952 3 2 2 2 1062 1071 783 774
3953 3 2 3 3 775 784 1072 1063
3954 3 2 2 2 1071 1080 792 783
3955 3 2 3 3 784 793 1081 1072
3956 3 2 2 2 1080 1089 801 792
3957 3 2 3 3 793 802 1090 1081
3958 3 2 2 2 1089 1098 810 801
3959 3 2 3 3 802 811 1099 1090
3960 3 2 2 2 1098 1107 819 810
3961 3 2 3 3 811 820 1108 1099
3962 3 2 2 2 1107 1116 828 819
3963 3 2 3 3 820 829 1117 1108
3964 3 2 2 2 1116 1125 837 828
3965 3 2 3 3 829 838 1126 1117
3966 3 2 2 2 1125 1134 846 837
3967 3 2 4 4 847 848 1136 1135
3968 3 2 3 3 838 847 1135 1126
3969 3 2 4 4 848 849 1137 1136
3970 3 2 4 4 849 850 1138 1137
3971 3 2 4 4 850 851 1139 1138
3972 3 2 4 4 851 852 1140 1139
3973 3 2 4 4 852 853 1141 1140
3974 3 2 4 4 853 854 1142 1141
3975 3 2 4 4 854 855 1143 1142
3976 3 2 2 2 1134 1143 855 846
3977 2 2 3 3 865 856 1144
3978 2 2 2 2 873 1152 864
3979 2 2 3 3 865 1144 1153
3980 2 2 2 2 873 1161 1152
3981 2 2 3 3 865 1153 1162
3982 3 2 1 1 1162 1163 866 865
3983 3 2 1 1 1163 1164 867 866
3984 3 2 1 1 1164 1165 868 867
3985 3 2 1 1 1165 1166 869 868
3986 3 2 1 1 1166 1167 870 869
3987 3 2 1 1 1167 1168 871 870
3988 3 2 1 1 1168 1169 872 871
3989 2 2 2 2 873 1170 1161
3990 3 2 1 1 1169 1170 873 872
3991 3 2 3 3 856 874 1171 1144
3992 3 2 2 2 1152 1179 882 864
3993 3 2 3 3 874 883 1180 1171
3994 3 2 2 2 1179 1188 891 882
3995 3 2 3 3 883 892 1189 1180
3996 3 2 2 2 1188 1197 900 891
3997 3 2 3 3 892 901 1198 1189
3998 3 2 2 2 1197 1206 909 900
3999 3 2 3 3 901 910 1207 1198
4000 3 2 2 2 1206 1215 918 909
4001 3 2 3 3 910 919 1216 1207
4002 3 2 2 2 1215 1224 927 918
4003 3 2 3 3 919 928 1225 1216
4004 3 2 2 2 1224 1233 936 927
4005 3 2 3 3 928 937 1234 1225
4006 3 2 2 2 1233 1242 945 936
4007 3 2 3 3 937 946 1243 1234
4008 3 2 2 2 1242 1251 954 945
4009 3 2 3 3 946 955 1252 1243
4010 3 2 2 2 1251 1260 963 954
4011 3 2 3 3 955 964 1261 1252
4012 3 2 2 2 1260 1269 972 963
4013 3 2 3 3 964 973 1270 1261
4014 3 2 2 2 1269 1278 981 972
4015 3 2 3 3 973 982 1279 1270
4016 3 2 2 2 1278 1287 990 981
4017 3 2 3 3 982 991 1288 1279
4018 3 2 2 2 1287 1296 999 990
4019 3 2 3 3 991 1000 1297 1288
4020 3 2 2 2 1296 1305 1008 999
4021 3 2 3 3 1000 1009 1306 1297
4022 3 2 2 2 1305 1314 1017 1008
4023 3 2 3 3 1009 1018 1315 1306
4024 3 2 2 2 1314 1323 1026 1017
4025 3 2 3 3 1018 1027 1324 1315
4026 3 2 2 2 1323 1332 1035 1026
4027 3 2 3 3 1027 1036 1333 1324
4028 3 2 2 2 1332 1341 1044 1035
4029 3 2 3 3 1036 1045 1342 1333
4030 3 2 2 2 1341 1350 1053 1044
4031 3 2 3 3 1045 1054 1351 1342
4032 3 2 2 2 1350 1359 1062 1053
4033 3 2 3 3 1054 1063 1360 1351
4034 3 2 2 2 1359 1368 1071 1062
4035 3 2 3 3 1063 1072 1369 1360
4036 3 2 2 2 1368 1377 1080 1071
4037 3 2 3 3 1072 1081 1378 1369
4038 3 2 2 2 1377 1386 1089 1080
4039 3 2 3 3 1081 1090 1387 1378
4040 3 2 2 2 1386 1395 1098 1089
4041 3 2 3 3 1090 1099 1396 1387
4042 3 2 2 2 1395 1404 1107 1098
4043 3 2 3 3 1099 1108 1405 1396
4044 3 2 2 2 1404 1413 1116 1107
4045 3 2 3 3 1108 1117 1414 1405
4046 3 2 2 2 1413 1422 1125 1116
4047 3 2 3 3 1117 1126 1423 1414
4048 3 2 2 2 1422 1431 1134 1125
4049 3 2 4 4 1135 1136 1433 1432
4050 3 2 3 3 1126 1135 1432 1423
4051 3 2 4 4 1136 1137 1434 1433
4052 3 2 4 4 1137 1138 1435 1434
4053 3 2 4 4 1138 1139 1436 1435
4054 3 2 4 4 1139 1140 1437 1436
4055 3 2 4 4 1140 1141 1438 1437
4056 3 2 4 4 1141 1142 1439 1438
4057 3 2 4 4 1142 1143 1440 1439
4058 3 2 2 2 1431 1440 1143 1134
4059 2 2 3 3 1162 1153 1441
4060 2 2 2 2 1170 1449 1161
4061 2 2 3 3 1162 1441 1450
4062 3 2 1 1 1450 1451 1163 1162
4063 3 2 1 1 1451 1452 1164 1163
4064 3 2 1 1 1452 1453 1165 1164
4065 3 2 1 1 1453 1454 1166 1165
4066 3 2 1 1 1454 1455 1167 1166
4067 3 2 1 1 1455 1456 1168 1167
4068 3 2 1 1 1456 1457 1169 1168
4069 2 2 2 2 1170 1458 1449
4070 3 2 1 1 1457 1458 1170 1169
4071 3 2 3 3 1153 1144 1459 1441
4072 3 2 2 2 1449 1467 1152 1161
4073 3 2 3 3 1144 1171 1468 1459
4074 3 2 2 2 1467 1476 1179 1152
4075 3 2 3 3 1171 1180 1477 1468
4076 3 2 2 2 1476 1485 1188 1179
4077 3 2 3 3 1180 1189 1486 1477
4078 3 2 2 2 1485 1494 1197 1188
4079 3 2 3 3 1189 1198 1495 1486
4080 3 2 2 2 1494 1503 1206 1197
4081 3 2 3 3 1198 1207 1504 1495
4082 3 2 2 2 1503 1512 1215 1206
4083 3 2 3 3 1207 1216 1513 1504
4084 3 2 2 2 1512 1521 1224 1215
4085 3 2 3 3 1216 1225 1522 1513
4086 3 2 2 2 1521 1530 1233 1224
4087 3 2 3 3 1225 1234 1531 1522
4088 3 2 2 2 1530 1539 1242 1233
4089 3 2 3 3 1234 1243 1540 1531
4090 3 2 2 2 1539 1548 1251 1242
4091 3 2 3 3 1243 1252 1549 1540
4092 3 2 2 2 1548 1557 1260 1251
4093 3 2 3 3 1252 1261 1558 1549
4094 3 2 2 2 1557 1566 1269 1260
4095 3 2 3 3 1261 1270 1567 1558
4096 3 2 2 2 1566 1575 1278 1269
4097 3 2 3 3 1270 1279 1576 1567
4098 3 2 2 2 1575 1584 1287 1278
4099 3 2 3 3 1279 1288 1585 1576
4100 3 2 2 2 1584 1593 1296 1287
4101 3 2 3 3 1288 1297 1594 1585
4102 3 2 2 2 1593 1602 1305 1296
4103 3 2 3 3 1297 1306 1603 1594
4104 3 2 2 2 1602 1611 1314 1305
4105 3 2 3 3 1306 1315 1612 1603
4106 3 2 2 2 1611 1620 1323 1314
4107 3 2 3 3 1315 1324 1621 1612
4108 3 2 2 2 1620 1629 1332 1323
4109 3 2 3 3 1324 1333 1630 1621
4110 3 2 2 2 1629 1638 1341 1332
4111 3 2 3 3 1333 1342 1639 1630
4112 3 2 2 2 1638 1647 1350 1341
4113 3 2 3 3 1342 1351 1648 1639
4114 3 2 2 2 1647 1656 1359 1350
4115 3 2 3 3 1351 1360 1657 1648
4116 3 2 2 2 1656 1665 1368 1359
4117 3 2 3 3 1360 1369 1666 1657
4118 3 2 2 2 1665 1674 1377 1368
4119 3 2 3 3 1369 1378 1675 1666
4120 3 2 2 2 1674 1683 1386 1377
4121 3 2 3 3 1378 1387 1684 1675
4122 3 2 2 2 1683 1692 1395 1386
4123 3 2 3 3 1387 1396 1693 1684
4124 3 2 2 2 1692 1701 1404 1395
4125 3 2 3 3 1396 1405 1702 1693
4126 3 2 2 2 1701 1710 1413 1404
4127 3 2 3 3 1405 1414 1711 1702
4128 3 2 2 2 1710 1719 1422 1413
4129 3 2 3 3 1414 1423 1720 1711
4130 3 2 2 2 1719 1728 1431 1422
4131 3 2 4 4 1432 1433 1730 1729
4132 3 2 3 3 1423 1432 1729 1720
4133 3 2 4 4 1433 1434 1731 1730
4134 3 2 4 4 1434 1435 1732 1731
4135 3 2 4 4 1435 1436 1733 1732
4136 3 2 4 4 1436 1437 1734 1733
4137 3 2 4 4 1437 1438 1735 1734
4138 3 2 4 4 1438 1439 1736 1735
4139 3 2 4 4 1439 1440 1737 1736
4140 3 2 2 2 1728 1737 1440 1431
4141 2 2 3 3 1450 1441 1738
4142 2 2 2 2 1458 1746 1449
4143 2 2 3 3 1450 1738 1747
4144 3 2 1 1 1747 1748 1451 1450
4145 3 2 1 1 1748 1749 1452 1451
4146 3 2 1 1 1749 1750 1453 1452
4147 3 2 1 1 1750 1751 1454 1453
4148 3 2 1 1 1751 1752 1455 1454
4149 3 2 1 1 1752 1753 1456 1455
4150 3 2 1 1 1753 1754 1457 1456
4151 2 2 2 2 1458 1755 1746
4152 3 2 1 1 1754 1755 1458 1457
4153 3 2 3 3 1441 1459 1756 1738
4154 3 2 2 2 1746 1764 1467 1449
4155 3 2 3 3 1459 1468 1765 1756
4156 3 2 2 2 1764 1773 1476 1467
4157 3 2 3 3 1468 1477 1774 1765
4158 3 2 2 2 1773 1782 1485 1476
4159 3 2 3 3 1477 1486 1783 1774
4160 3 2 2 2 1782 1791 1494 1485
4161 3 2 3 3 1486 1495 1792 1783
4162 3 2 2 2 1791 1800 1503 1494
4163 3 2 3 3 1495 1504 1801 1792
4164 3 2 2 2 1800 1809 1512 1503
4165 3 2 3 3 1504 1513 1810 1801
4166 3 2 2 2 1809 1818 1521 1512
4167 3 2 3 3 1513 1522 1819 1810
4168 3 2 2 2 1818 1827 1530 1521
4169 3 2 3 3 1522 1531 1828 1819
4170 3 2 2 2 1827 1836 1539 1530
4171 3 2 3 3 1531 1540 1837 1828
4172 3 2 2 2 1836 1845 1548 1539
4173 3 2 3 3 1540 1549 1846 1837
4174 3 2 2 2 1845 1854 1557 1548
4175 3 2 3 3 1549 1558 1855 1846
4176 3 2 2 2 1854 1863 1566 1557
4177 3 2 3 3 1558 1567 1864 1855
4178 3 2 2 2 1863 1872 1575 1566
4179 3 2 3 3 1567 1576 1873 1864
4180 3 2 2 2 1872 1881 1584 1575
4181 3 2 3 3 1576 1585 1882 1873
4182 3 2 2 2 1881 1890 1593 1584
4183 3 2 3 3 1585 1594 1891 1882
4184 3 2 2 2 1890 1899 1602 1593
4185 3 2 3 3 1594 1603 1900 1891
4186 3 2 2 2 1899 1908 1611 1602
4187 3 2 3 3 1603 1612 1909 1900
4188 3 2 2 2 1908 1917 1620 1611
4189 3 2 3 3 1612 1621 1918 1909
4190 3 2 2 2 1917 1926 1629 1620
4191 3 2 3 3 1621 1630 1927 1918
4192 3 2 2 2 1926 1935 1638 1629
4193 3 2 3 3 1630 1639 1936 1927
4194 3 2 2 2 1935 1944 1647 1638
4195 3 2 3 3 1639 1648 1945 1936
4196 3 2 2 2 1944 1953 1656 1647
4197 3 2 3 3 1648 1657 1954 1945
4198 3 2 2 2 1953 1962 1665 1656
4199 3 2 3 3 1657 1666 1963 1954
4200 3 2 2 2 1962 1971 1674 1665
4201 3 2 3 3 1666 1675 1972 1963
4202 3 2 2 2 1971 1980 1683 1674
4203 3 2 3 3 1675 1684 1981 1972
4204 3 2 2 2 1980 1989 1692 1683
4205 3 2 3 3 1684 1693 1990 1981
4206 3 2 2 2 1989 1998 1701 1692
4207 3 2 3 3 1693 1702 1999 1990
4208 3 2 2 2 1998 2007 1710 1701
4209 3 2 3 3 1702 1711 2008 1999
4210 3 2 2 2 2007 2016 1719 1710
4211 3 2 3 3 1711 1720 2017 2008
4212 3 2 2 2 2016 2025 1728 1719
4213 3 2 4 4 1729 1730 2027 2026
4214 3 2 3 3 1720 1729 2026 2017
4215 3 2 4 4 1730 1731 2028 2027
4216 3 2 4 4 1731 1732 2029 2028
4217 3 2 4 4 1732 1733 2030 2029
4218 3 2 4 4 1733 1734 2031 2030
4219 3 2 4 4 1734 1735 2032 2031
4220 3 2 4 4 1735 1736 2033 2032
4221 3 2 4 4 1736 1737 2034 2033
4222 3 2 2 2 2025 2034 1737 1728
4223 2 2 3 3 1747 1738 2035
4224 2 2 2 2 1755 2043 1746
4225 2 2 3 3 1747 2035 2044
4226 2 2 2 2 1755 2052 2043
4227 2 2 3 3 1747 2044 2053
4228 3 2 1 1 2053 2054 1748 1747
4229 3 2 1 1 2054 2055 1749 1748
4230 3 2 1 1 2055 2056 1750 1749
4231 3 2 1 1 2056 2057 1751 1750
4232 3 2 1 1 2057 2058 1752 1751
4233 3 2 1 1 2058 2059 1753 1752
4234 3 2 1 1 2059 2060 1754 1753
4235 2 2 2 2 1755 2061 2052
4236 3 2 1 1 2060 2061 1755 1754
4237 3 2 3 3 1738 1756 2062 2035
4238 3 2 2 2 2043 2070 1764 1746
4239 3 2 3 3 1756 1765 2071 2062
4240 3 2 2 2 2070 2079 1773 1764
4241 3 2 3 3 1765 1774 2080 2071
4242 3 2 2 2 2079 2088 1782 1773
4243 3 2 3 3 1774 1783 2089 2080
4244 3 2 2 2 2088 2097 1791 1782
4245 3 2 3 3 1783 1792 2098 2089
4246 3 2 2 2 2097 2106 1800 1791
4247 3 2 3 3 1792 1801 2107 2098
4248 3 2 2 2 2106 2115 1809 1800
4249 3 2 3 3 1801 1810 2116 2107
4250 3 2 2 2 2115 2124 1818 1809
4251 3 2 3 3 1810 1819 2125 2116
4252 3 2 2 2 2124 2133 1827 1818
4253 3 2 3 3 1819 1828 2134 2125
4254 3 2 2 2 2133 2142 1836 1827
4255 3 2 3 3 1828 1837 2143 2134
4256 3 2 2 2 2142 2151 1845 1836
4257 3 2 3 3 1837 1846 2152 2143
4258 3 2 2 2 2151 2160 1854 1845
4259 3 2 3 3 1846 1855 2161 2152
4260 3 2 2 2 2160 2169 1863 1854
4261 3 2 3 3 1855 1864 2170 2161
4262 3 2 2 2 2169 2178 1872 1863
4263 3 2 3 3 1864 1873 2179 2170
4264 3 2 2 2 2178 2187 1881 1872
4265 3 2 3 3 1873 1882 2188 2179
4266 3 2 2 2 2187 2196 1890 1881
4267 3 2 3 3 1882 1891 2197 2188
4268 3 2 2 2 2196 2205 1899 1890
4269 3 2 3 3 1891 1900 2206 2197
4270 3 2 2 2 2205 2214 1908 1899
4271 3 2 3 3 1900 1909 2215 2206
4272 3 2 2 2 2214 2223 1917 1908
4273 3 2 3 3 1909 1918 2224 2215
4274 3 2 2 2 2223 2232 1926 1917
4275 3 2 3 3 1918 1927 2233 2224
4276 3 2 2 2 2232 2241 1935 1926
4277 3 2 3 3 1927 1936 2242 2233
4278 3 2 2 2 2241 2250 1944 1935
4279 3 2 3 3 1936 1945 2251 2242
4280 3 2 2 2 2250 2259 1953 1944
4281 3 2 3 3 1945 1954 2260 2251
4282 3 2 2 2 2259 2268 1962 1953
4283 3 2 3 3 1954 1963 2269 2260
4284 3 2 2 2 2268 2277 1971 1962
4285 3 2 3 3 1963 1972 2278 2269
4286 3 2 2 2 2277 2286 1980 1971
4287 3 2 3 3 1972 1981 2287 2278
4288 3 2 2 2 2286 2295 1989 1980
4289 3 2 3 3 1981 1990 2296 2287
4290 3 2 2 2 2295 2304 1998 1989
4291 3 2 3 3 1990 1999 2305 2296
4292 3 2 2 2 2304 2313 2007 1998
4293 3 2 3 3 1999 2008 2314 2305
4294 3 2 2 2 2313 2322 2016 2007
4295 3 2 3 3 2008 2017 2323 2314
4296 3 2 2 2 2322 2331 2025 2016
4297 3 2 4 4 2026 2027 2333 2332
4298 3 2 3 3 2017 2026 2332 2323
4299 3 2 4 4 2027 2028 2334 2333
4300 3 2 4 4 2028 2029 2335 2334
4301 3 2 4 4 2029 2030 2336 2335
4302 3 2 4 4 2030 2031 2337 2336
4303 3 2 4 4 2031 2032 2338 2337
4304 3 2 4 4 2032 2033 2339 2338
4305 3 2 4 4 2033 2034 2340 2339
4306 3 2 2 2 2331 2340 2034 2025
4307 2 2 3 3 2053 2044 2341
4308 2 2 2 2 2061 2349 2052
4309 2 2 3 3 2053 2341 2350
4310 3 2 1 1 2350 2351 2054 2053
4311 3 2 1 1 2351 2352 2055 2054
4312 3 2 1 1 2352 2353 2056 2055
4313 3 2 1 1 2353 2354 2057 2056
4314 3 2 1 1 2354 2355 2058 2057
4315 3 2 1 1 2355 2356 2059 2058
4316 3 2 1 1 2356 2357 2060 2059
4317 2 2 2 2 2061 2358 2349
4318 3 2 1 1 2357 2358 2061 2060
4319 3 2 3 3 2044 2035 2359 2341
4320 3 2 2 2 2349 2367 2043 2052
4321 3 2 3 3 2035 2062 2368 2359
4322 3 2 2 2 2367 2376 2070 2043
4323 3 2 3 3 2062 2071 2377 2368
4324 3 2 2 2 2376 2385 2079 2070
4325 3 2 3 3 2071 2080 2386 2377
4326 3 2 2 2 2385 2394 2088 2079
4327 3 2 3 3 2080 2089 2395 2386
4328 3 2 2 2 2394 2403 2097 2088
4329 3 2 3 3 2089 2098 2404 2395
4330 3 2 2 2 2403 2412 2106 2097
4331 3 2 3 3 2098 2107 2413 2404
4332 3 2 2 2 2412 2421 2115 2106
4333 3 2 3 3 2107 2116 2422 2413
4334 3 2 2 2 2421 2430 2124 2115
4335 3 2 3 3 2116 2125 2431 2422
4336 3 2 2 2 2430 2439 2133 2124
4337 3 2 3 3 2125 2134 2440 2431
4338 3 2 2 2 2439 2448 2142 2133
4339 3 2 3 3 2134 2143 2449 2440
4340 3 2 2 2 2448 2457 2151 2142
4341 3 2 3 3 2143 2152 2458 2449
4342 3 2 2 2 2457 2466 2160 2151
4343 3 2 3 3 2152 2161 2467 2458
4344 3 2 2 2 2466 2475 2169 2160
4345 3 2 3 3 2161 2170 2476 2467
4346 3 2 2 2 2475 2484 2178 2169
4347 3 2 3 3 2170 2179 2485 2476
4348 3 2 2 2 2484 2493 2187 2178
4349 3 2 3 3 2179 2188 2494 2485
4350 3 2 2 2 2493 2502 2196 2187
4351 3 2 3 3 2188 2197 2503 2494
4352 3 2 2 2 2502 2511 2205 2196
4353 3 2 3 3 2197 2206 2512 2503
4354 3 2 2 2 2511 2520 2214 2205
4355 3 2 3 3 2206 2215 2521 2512
4356 3 2 2 2 2520 2529 2223 2214
4357 3 2 3 3 2215 2224 2530 2521
4358 3 2 2 2 2529 2538 2232 2223
4359 3 2 3 3 2224 2233 2539 2530
4360 3 2 2 2 2538 2547 2241 2232
4361 3 2 3 3 2233 2242 2548 2539
4362 3 2 2 2 2547 2556 2250 2241
4363 3 2 3 3 2242 2251 2557 2548
4364 3 2 2 2 2556 2565 2259 2250
4365 3 2 3 3 2251 2260 2566 2557
4366 3 2 2 2 2565 2574 2268 2259
4367 3 2 3 3 2260 2269 2575 2566
4368 3 2 2 2 2574 2583 2277 2268
4369 3 2 3 3 2269 2278 2584 2575
4370 3 2 2 2 2583 2592 2286 2277
4371 3 2 3 3 2278 2287 2593 2584
4372 3 2 2 2 2592 2601 2295 2286
4373 3 2 3 3 2287 2296 2602 2593
4374 3 2 2 2 2601 2610 2304 2295
4375 3 2 3 3 2296 2305 2611 2602
4376 3 2 2 2 2610 2619 2313 2304
4377 3 2 3 3 2305 2314 2620 2611
4378 3 2 2 2 2619 2628 2322 2313
4379 3 2 3 3 2314 2323 2629 2620
4380 3 2 2 2 2628 2637 2331 2322
4381 3 2 4 4 2332 2333 2639 2638
4382 3 2 3 3 2323 2332 2638 2629
4383 3 2 4 4 2333 2334 2640 2639
4384 3 2 4 4 2334 2335 2641 2640
4385 3 2 4 4 2335 2336 2642 2641
4386 3 2 4 4 2336 2337 2643 2642
4387 3 2 4 4 2337 2338 2644 2643
4388 3 2 4 4 2338 2339 2645 2644
4389 3 2 4 4 2339 2340 2646 2645
4390 3 2 2 2 2637 2646 2340 2331
4391 2 2 3 3 2350 2341 2647
4392 2 2 2 2 2358 2655 2349
4393 2 2 3 3 2350 2647 2656
4394 3 2 1 1 2656 2657 2351 2350
4395 3 2 1 1 2657 2658 2352 2351
4396 3 2 1 1 2658 2659 2353 2352
4397 3 2 1 1 2659 2660 2354 2353
4398 3 2 1 1 2660 2661 2355 2354
4399 3 2 1 1 2661 2662 2356 2355
4400 3 2 1 1 2662 2663 2357 2356
4401 2 2 2 2 2358 2664 2655
4402 3 2 1 1 2663 2664 2358 2357
4403 3 2 3 3 2341 2359 2665 2647
4404 3 2 2 2 2655 2673 2367 2349
4405 3 2 3 3 2359 2368 2674 2665
4406 3 2 2 2 2673 2682 2376 2367
4407 3 2 3 3 2368 2377 2683 2674
4408 3 2 2 2 2682 2691 2385 2376
4409 3 2 3 3 2377 2386 2692 2683
4410 3 2 2 2 2691 2700 2394 2385
4411 3 2 3 3 2386 2395 2701 2692
4412 3 2 2 2 2700 2709 2403 2394
4413 3 2 3 3 2395 2404 2710 2701
4414 3 2 2 2 2709 2718 2412 2403
4415 3 2 3 3 2404 2413 2719 2710
4416 3 2 2 2 2718 2727 2421 2412
4417 3 2 3 3 2413 2422 2728 2719
4418 3 2 2 2 2727 2736 2430 2421
4419 3 2 3 3 2422 2431 2737 2728
4420 3 2 2 2 2736 2745 2439 2430
4421 3 2 3 3 2431 2440 2746 2737
4422 3 2 2 2 2745 2754 2448 2439
4423 3 2 3 3 2440 2449 2755 2746
4424 3 2 2 2 2754 2763 2457 2448
4425 3 2 3 3 2449 2458 2764 2755
4426 3 2 2 2 2763 2772 2466 2457
4427 3 2 3 3 2458 2467 2773 2764
4428 3 2 2 2 2772 2781 2475 2466
4429 3 2 3 3 2467 2476 2782 2773
4430 3 2 2 2 2781 2790 2484 2475
4431 3 2 3 3 2476 2485 2791 2782
4432 3 2 2 2 2790 2799 2493 2484
4433 3 2 3 3 2485 2494 2800 2791
4434 3 2 2 2 2799 2808 2502 2493
4435 3 2 3 3 2494 2503 2809 2800
4436 3 2 2 2 2808 2817 2511 2502
4437 3 2 3 3 2503 2512 2818 2809
4438 3 2 2 2 2817 2826 2520 2511
4439 3 2 3 3 2512 2521 2827 2818
4440 3 2 2 2 2826 2835 2529 2520
4441 3 2 3 3 2521 2530 2836 2827
4442 3 2 2 2 2835 2844 2538 2529
4443 3 2 3 3 2530 2539 2845 2836
4444 3 2 2 2 2844 2853 2547 2538
4445 3 2 3 3 2539 2548 2854 2845
4446 3 2 2 2 2853 2862 2556 2547
4447 3 2 3 3 2548 2557 2863 2854
4448 3 2 2 2 2862 2871 2565 2556
4449 3 2 3 3 2557 2566 2872 2863
4450 3 2 2 2 2871 2880 2574 2565
4451 3 2 3 3 2566 2575 2881 2872
4452 3 2 2 2 2880 2889 2583 2574
4453 3 2 3 3 2575 2584 2890 2881
4454 3 2 2 2 2889 2898 2592 2583
4455 3 2 3 3 2584 2593 2899 2890
4456 3 2 2 2 2898 2907 2601 2592
4457 3 2 3 3 2593 2602 2908 2899
4458 3 2 2 2 2907 2916 2610 2601
4459 3 2 3 3 2602 2611 2917 2908
4460 3 2 2 2 2916 2925 2619 2610
4461 3 2 3 3 2611 2620 2926 2917
4462 3 2 2 2 2925 2934 2628 2619
4463 3 2 3 3 2620 2629 2935 2926
4464 3 2 2 2 2934 2943 2637 2628
4465 3 2 4 4 2638 2639 2945 2944
4466 3 2 3 3 2629 2638 2944 2935
4467 3 2 4 4 2639 2640 2946 2945
4468 3 2 4 4 2640 2641 2947 2946
4469 3 2 4 4 2641 2642 2948 2947
4470 3 2 4 4 2642 2643 2949 2948
4471 3 2 4 4 2643 2644 2950 2949
4472 3 2 4 4 2644 2645 2951 2950
4473 3 2 4 4 2645 2646 2952 2951
4474 3 2 2 2 2943 2952 2646 2637
4475 2 2 3 3 2656 2647 2953
4476 2 2 2 2 2664 2961 2655
4477 2 2 3 3 2656 2953 2962
4478 2 2 2 2 2664 2970 2961
4479 2 2 3 3 2656 2962 2971
4480 3 2 1 1 2971 2972 2657 2656
4481 3 2 1 1 2972 2973 2658 2657
4482 3 2 1 1 2973 2974 2659 2658
4483 3 2 1 1 2974 2975 2660 2659
4484 3 2 1 1 2975 2976 2661 2660
4485 3 2 1 1 2976 2977 2662 2661
4486 3 2 1 1 2977 2978 2663 2662
4487 2 2 2 2 2664 2979 2970
4488 3 2 1 1 2978 2979 2664 2663
4489 3 2 3 3 2647 2665 2980 2953
4490 3 2 2 2 2961 2988 2673 2655
4491 3 2 3 3 2665 2674 2989 2980
4492 3 2 2 2 2988 2997 2682 2673
4493 3 2 3 3 2674 2683 2998 2989
4494 3 2 2 2 2997 3006 2691 2682
4495 3 2 3 3 2683 2692 3007 2998
4496 3 2 2 2 3006 3015 2700 2691
4497 3 2 3 3 2692 2701 3016 3007
4498 3 2 2 2 3015 3024 2709 2700
4499 3 2 3 3 2701 2710 3025 3016
4500 3 2 2 2 3024 3033 2718 2709
4501 3 2 3 3 2710 2719 3034 3025
4502 3 2 2 2 3033 3042 2727 2718
4503 3 2 3 3 2719 2728 3043 3034
4504 3 2 2 2 3042 3051 2736 2727
4505 3 2 3 3 2728 2737 3052 3043
4506 3 2 2 2 3051 3060 2745 2736
4507 3 2 3 3 2737 2746 3061 3052
4508 3 2 2 2 3060 3069 2754 2745
4509 3 2 3 3 2746 2755 3070 3061
4510 3 2 2 2 3069 3078 2763 2754
4511 3 2 3 3 2755 2764 3079 3070
4512 3 2 2 2 3078 3087 2772 2763
4513 3 2 3 3 2764 2773 3088 3079
4514 3 2 2 2 3087 3096 2781 2772
4515 3 2 3 3 2773 2782 3097 3088
4516 3 2 2 2 3096 3105 2790 2781
4517 3 2 3 3 2782 2791 3106 3097
4518 3 2 2 2 3105 3114 2799 2790
4519 3 2 3 3 2791 2800 3115 3106
4520 3 2 2 2 3114 3123 2808 2799
4521 3 2 3 3 2800 2809 3124 3115
4522 3 2 2 2 3123 3132 2817 2808
4523 3 2 3 3 2809 2818 3133 3124
4524 3 2 2 2 3132 3141 2826 2817
4525 3 2 3 3 2818 2827 3142 3133
4526 3 2 2 2 3141 3150 2835 2826
4527 3 2 3 3 2827 2836 3151 3142
4528 3 2 2 2 3150 3159 2844 2835
4529 3 2 3 3 2836 2845 3160 3151
4530 3 2 2 2 3159 3168 2853 2844
4531 3 2 3 3 2845 2854 3169 3160
4532 3 2 2 2 3168 3177 2862 2853
4533 3 2 3 3 2854 2863 3178 3169
4534 3 2 2 2 3177 3186 2871 2862
4535 3 2 3 3 2863 2872 3187 3178
4536 3 2 2 2 3186 3195 2880 2871
4537 3 2 3 3 2872 2881 3196 3187
4538 3 2 2 2 3195 3204 2889 2880
4539 3 2 3 3 2881 2890 3205 3196
4540 3 2 2 2 3204 3213 2898 2889
4541 3 2 3 3 2890 2899 3214 3205
4542 3 2 2 2 3213 3222 2907 2898
4543 3 2 3 3 2899 2908 3223 3214
4544 3 2 2 2 3222 3231 2916 2907
4545 3 2 3 3 2908 2917 3232 3223
4546 3 2 2 2 3231 3240 2925 2916
4547 3 2 3 3 2917 2926 3241 3232
4548 3 2 2 2 3240 3249 2934 2925
4549 3 2 3 3 2926 2935 3250 3241
4550 3 2 2 2 3249 3258 2943 2934
4551 3 2 4 4 2944 2945 3260 3259
4552 3 2 3 3 2935 2944 3259 3250
4553 3 2 4 4 2945 2946 3261 3260
4554 3 2 4 4 2946 2947 3262 3261
4555 3 2 4 4 2947 2948 3263 3262
4556 3 2 4 4 2948 2949 3264 3263
4557 3 2 4 4 2949 2950 3265 3264
4558 3 2 4 4 2950 2951 3266 3265
4559 3 2 4 4 2951 2952 3267 3266
4560 3 2 2 2 3258 3267 2952 2943
4561 2 2 3 3 2971 2962 3268
4562 2 2 2 2 2979 3276 2970
4563 2 2 3 3 2971 3268 3277
4564 3 2 1 1 3277 3278 2972 2971
4565 3 2 1 1 3278 3279 2973 2972
4566 3 2 1 1 3279 3280 2974 2973
4567 3 2 1 1 3280 3281 2975 2974
4568 3 2 1 1 3281 3282 2976 2975
4569 3 2 1 1 3282 3283 2977 2976
4570 3 2 1 1 3283 3284 2978 2977
4571 2 2 2 2 2979 3285 3276
4572 3 2 1 1 3284 3285 2979 2978
4573 3 2 3 3 2962 2953 3286 3268
4574 3 2 2 2 3276 3294 2961 2970
4575 3 2 3 3 2953 2980 3295 3286
4576 3 2 2 2 3294 3303 2988 2961
4577 3 2 3 3 2980 2989 3304 3295
4578 3 2 2 2 3303 3312 2997 2988
4579 3 2 3 3 2989 2998 3313 3304
4580 3 2 2 2 3312 3321 3006 2997
4581 3 2 3 3 2998 3007 3322 3313
4582 3 2 2 2 3321 3330 3015 3006
4583 3 2 3 3 3007 3016 3331 3322
4584 3 2 2 2 3330 3339 3024 3015
4585 3 2 3 3 3016 3025 3340 3331
4586 3 2 2 2 3339 3348 3033 3024
4587 3 2 3 3 3025 3034 3349 3340
4588 3 2 2 2 3348 3357 3042 3033
4589 3 2 3 3 3034 3043 3358 3349
4590 3 2 2 2 3357 3366 3051 3042
4591 3 2 3 3 3043 3052 3367 3358
4592 3 2 2 2 3366 3375 3060 3051
4593 3 2 3 3 3052 3061 3376 3367
4594 3 2 2 2 3375 3384 3069 3060
4595 3 2 3 3 3061 3070 3385 3376
4596 3 2 2 2 3384 3393 3078 3069
4597 3 2 3 3 3070 3079 3394 3385
4598 3 2 2 2 3393 3402 3087 3078
4599 3 2 3 3 3079 3088 3403 3394
4600 3 2 2 2 3402 3411 3096 3087
4601 3 2 3 3 3088 3097 3412 3403
4602 3 2 2 2 3411 3420 3105 3096
4603 3 2 3 3 3097 3106 3421 3412
4604 3 2 2 2 3420 3429 3114 3105
4605 3 2 3 3 3106 3115 3430 3421
4606 3 2 2 2 3429 3438 3123 3114
4607 3 2 3 3 3115 3124 3439 3430
4608 3 2 2 2 3438 3447 3132 3123
4609 3 2 3 3 3124 3133 3448 3439
4610 3 2 2 2 3447 3456 3141 3132
4611 3 2 3 3 3133 3142 3457 3448
4612 3 2 2 2 3456 3465 3150 3141
4613 3 2 3 3 3142 3151 3466 3457
4614 3 2 2 2 3465 3474 3159 3150
4615 3 2 3 3 3151 3160 3475 3466
4616 3 2 2 2 3474 3483 3168 3159
4617 3 2 3 3 3160 3169 3484 3475
4618 3 2 2 2 3483 3492 3177 3168
4619 3 2 3 3 3169 3178 3493 3484
4620 3 2 2 2 3492 3501 3186 3177
4621 3 2 3 3 3178 3187 3502 3493
4622 3 2 2 2 3501 3510 3195 3186
4623 3 2 3 3 3187 3196 3511 3502
4624 3 2 2 2 3510 3519 3204 3195
4625 3 2 3 3 3196 3205 3520 3511
4626 3 2 2 2 3519 3528 3213 3204
4627 3 2 3 3 3205 3214 3529 3520
4628 3 2 2 2 3528 3537 3222 3213
4629 3 2 3 3 3214 3223 3538 3529
4630 3 2 2 2 3537 3546 3231 3222
4631 3 2 3 3 3223 3232 3547 3538
4632 3 2 2 2 3546 3555 3240 3231
4633 3 2 3 3 3232 3241 3556 3547
4634 3 2 2 2 3555 3564 3249 3240
4635 3 2 3 3 3241 3250 3565 3556
4636 3 2 2 2 3564 3573 3258 3249
4637 3 2 4 4 3259 3260 3575 3574
4638 3 2 3 3 3250 3259 3574 3565
4639 3 2 4 4 3260 3261 3576 3575
4640 3 2 4 4 3261 3262 3577 3576
4641 3 2 4 4 3262 3263 3578 3577
4642 3 2 4 4 3263 3264 3579 3578
4643 3 2 4 4 3264 3265 3580 3579
4644 3 2 4 4 3265 3266 3581 3580
4645 3 2 4 4 3266 3267 3582 3581
4646 3 2 2 2 3573 3582 3267 3258
4647 2 2 3 3 3277 3268 3583
4648 2 2 2 2 3285 3591 3276
4649 2 2 3 3 3277 3583 3592
4650 3 2 1 1 3592 3593 3278 3277
4651 3 2 1 1 3593 3594 3279 3278
4652 3 2 1 1 3594 3595 3280 3279
4653 3 2 1 1 3595 3596 3281 3280
4654 3 2 1 1 3596 3597 3282 3281
4655 3 2 1 1 3597 3598 3283 3282
4656 3 2 1 1 3598 3599 3284 3283
4657 2 2 2 2 3285 3600 3591
4658 3 2 1 1 3599 3600 3285 3284
4659 3 2 3 3 3268 3286 3601 3583
4660 3 2 2 2 3591 3609 3294 3276
4661 3 2 3 3 3286 3295 3610 3601
4662 3 2 2 2 3609 3618 3303 3294
4663 3 2 3 3 3295 3304 3619 3610
4664 3 2 2 2 3618 3627 3312 3303
4665 3 2 3 3 3304 3313 3628 3619
4666 3 2 2 2 3627 3636 3321 3312
4667 3 2 3 3 3313 3322 3637 3628
4668 3 2 2 2 3636 3645 3330 3321
4669 3 2 3 3 3322 3331 3646 3637
4670 3 2 2 2 3645 3654 3339 3330
4671 3 2 3 3 3331 3340 3655 3646
4672 3 2 2 2 3654 3663 3348 3339
4673 3 2 3 3 3340 3349 3664 3655
4674 3 2 2 2 3663 3672 3357 3348
4675 3 2 3 3 3349 3358 3673 3664
4676 3 2 2 2 3672 3681 3366 3357
4677 3 2 3 3 3358 3367 3682 3673
4678 3 2 2 2 3681 3690 3375 3366
4679 3 2 3 3 3367 3376 3691 3682
4680 3 2 2 2 3690 3699 3384 3375
4681 3 2 3 3 3376 3385 3700 3691
4682 3 2 2 2 3699 3708 3393 3384
4683 3 2 3 3 3385 3394 3709 3700
4684 3 2 2 2 3708 3717 3402 3393
4685 3 2 3 3 3394 3403 3718 3709
4686 3 2 2 2 3717 3726 3411 3402
4687 3 2 3 3 3403 3412 3727 3718
4688 3 2 2 2 3726 3735 3420 3411
4689 3 2 3 3 3412 3421 3736 3727
4690 3 2 2 2 3735 3744 3429 3420
4691 3 2 3 3 3421 3430 3745 3736
4692 3 2 2 2 3744 3753 3438 3429
4693 3 2 3 3 3430 3439 3754 3745
4694 3 2 2 2 3753 3762 3447 3438
4695 3 2 3 3 3439 3448 3763 3754
4696 3 2 2 2 3762 3771 3456 3447
4697 3 2 3 3 3448 3457 3772 3763
4698 3 2 2 2 3771 3780 3465 3456
4699 3 2 3 3 3457 3466 3781 3772
4700 3 2 2 2 3780 3789 3474 3465
4701 3 2 3 3 3466 3475 3790 3781
4702 3 2 2 2 3789 3798 3483 3474
4703 3 2 3 3 3475 3484 3799 3790
4704 3 2 2 2 3798 3807 3492 3483
4705 3 2 3 3 3484 3493 3808 3799
4706 3 2 2 2 3807 3816 3501 3492
4707 3 2 3 3 3493 3502 3817 3808
4708 3 2 2 2 3816 3825 3510 3501
4709 3 2 3 3 3502 3511 3826 3817
4710 3 2 2 2 3825 3834 3519 3510
4711 3 2 3 3 3511 3520 3835 3826
4712 3 2 2 2 3834 3843 3528 3519
4713 3 2 3 3 3520 3529 3844 3835
4714 3 2 2 2 3843 3852 3537 3528
4715 3 2 3 3 3529 3538 3853 3844
4716 3 2 2 2 3852 3861 3546 3537
4717 3 2 3 3 3538 3547 3862 3853
4718 3 2 2 2 3861 3870 3555 3546
4719 3 2 3 3 3547 3556 3871 3862
4720 3 2 2 2 3870 3879 3564 3555
4721 3 2 3 3 3556 3565 3880 3871
4722 3 2 2 2 3879 3888 3573 3564
4723 3 2 4 4 3574 3575 3890 3889
4724 3 2 3 3 3565 3574 3889 3880
4725 3 2 4 4 3575 3576 3891 3890
4726 3 2 4 4 3576 3577 3892 3891
4727 3 2 4 4 3577 3578 3893 3892
4728 3 2 4 4 3578 3579 3894 3893
4729 3 2 4 4 3579 3580 3895 3894
4730 3 2 4 4 3580 3581 3896 3895
4731 3 2 4 4 3581 3582 3897 3896
4732 3 2 2 2 3888 3897 3582 3573
4733 2 2 3 3 3592 3583 3898
4734 2 2 2 2 3600 3906 3591
4735 2 2 3 3 3592 3898 3907
4736 3 2 6 6 3898 3899 3908 3907
4737 3 2 1 1 3907 3908 3593 3592
4738 3 2 6 6 3899 3900 3909 3908
4739 3 2 1 1 3908 3909 3594 3593
4740 3 2 6 6 3900 3901 3910 3909
4741 3 2 1 1 3909 3910 3595 3594
4742 3 2 6 6 3901 3902 3911 3910
4743 3 2 1 1 3910 3911 3596 3595
4744 3 2 6 6 3902 3903 3912 3911
4745 3 2 1 1 3911 3912 3597 3596
4746 3 2 6 6 3903 3904 3913 3912
4747 3 2 1 1 3912 3913 3598 3597
4748 3 2 6 6 3904 3905 3914 3913
4749 3 2 1 1 3913 3914 3599 3598
4750 2 2 2 2 3600 3915 3906
4751 3 2 6 6 3905 3906 3915 3914
4752 3 2 1 1 3914 3915 3600 3599
4753 3 2 3 3 3583 3601 3916 3898
4754 3 2 6 6 3898 3916 3917 3899
4755 3 2 6 6 3899 3917 3918 3900
4756 3 2 6 6 3900 3918 3919 3901
4757 3 2 6 6 3901 3919 3920 3902
4758 3 2 6 6 3902 3920 3921 3903
4759 3 2 6 6 3903 3921 3922 3904
4760 3 2 6 6 3904 3922 3923 3905
4761 3 2 6 6 3905 3923 3924 3906
4762 3 2 2 2 3906 3924 3609 3591
4763 3 2 3 3 3601 3610 3925 3916
4764 3 2 6 6 3916 3925 3926 3917
4765 3 2 6 6 3917 3926 3927 3918
4766 3 2 6 6 3918 3927 3928 3919
4767 3 2 6 6 3919 3928 3929 3920
4768 3 2 6 6 3920 3929 3930 3921
4769 3 2 6 6 3921 3930 3931 3922
4770 3 2 6 6 3922 3931 3932 3923
4771 3 2 6 6 3923 3932 3933 3924
4772 3 2 2 2 3924 3933 3618 3609
4773 3 2 3 3 3610 3619 3934 3925
4774 3 2 6 6 3925 3934 3935 3926
4775 3 2 6 6 3926 3935 3936 3927
4776 3 2 6 6 3927 3936 3937 3928
4777 3 2 6 6 3928 3937 3938 3929
4778 3 2 6 6 3929 3938 3939 3930
4779 3 2 6 6 3930 3939 3940 3931
4780 3 2 6 6 3931 3940 3941 3932
4781 3 2 6 6 3932 3941 3942 3933
4782 3 2 2 2 3933 3942 3627 3618
4783 3 2 3 3 3619 3628 3943 3934
4784 3 2 6 6 3934 3943 3944 3935
4785 3 2 6 6 3935 3944 3945 3936
4786 3 2 6 6 3936 3945 3946 3937
4787 3 2 6 6 3937 3946 3947 3938
4788 3 2 6 6 3938 3947 3948 3939
4789 3 2 6 6 3939 3948 3949 3940
4790 3 2 6 6 3940 3949 3950 3941
4791 3 2 6 6 3941 3950 3951 3942
4792 3 2 2 2 3942 3951 3636 3627
4793 3 2 3 3 3628 3637 3952 3943
4794 3 2 6 6 3943 3952 3953 3944
4795 3 2 6 6 3944 3953 3954 3945
4796 3 2 6 6 3945 3954 3955 3946
4797 3 2 6 6 3946 3955 3956 3947
4798 3 2 6 6 3947 3956 3957 3948
4799 3 2 6 6 3948 3957 3958 3949
4800 3 2 6 6 3949 3958 3959 3950
4801 3 2 6 6 3950 3959 3960 3951
4802 3 2 2 2 3951 3960 3645 3636
4803 3 2 3 3 3637 3646 3961 3952
4804 3 2 6 6 3952 3961 3962 3953
4805 3 2 6 6 3953 3962 3963 3954
4806 3 2 6 6 3954 3963 3964 3955
4807 3 2 6 6 3955 3964 3965 3956
4808 3 2 6 6 3956 3965 3966 3957
4809 3 2 6 6 3957 3966 3967 3958
4810 3 2 6 6 3958 3967 3968 3959
4811 3 2 6 6 3959 3968 3969 3960
4812 3 2 2 2 3960 3969 3654 3645
4813 3 2 3 3 3646 3655 3970 3961
4814 3 2 6 6 3961 3970 3971 3962
4815 3 2 6 6 3962 3971 3972 3963
4816 3 2 6 6 3963 3972 3973 3964
4817 3 2 6 6 3964 3973 3974 3965
4818 3 2 6 6 3965 3974 3975 3966
4819 3 2 6 6 3966 3975 3976 3967
4820 3 2 6 6 3967 3976 3977 3968
4821 3 2 6 6 3968 3977 3978 3969
4822 3 2 2 2 3969 3978 3663 3654
4823 3 2 3 3 3655 3664 3979 3970
4824 3 2 6 6 3970 3979 3980 3971
4825 3 2 6 6 3971 3980 3981 3972
4826 3 2 6 6 3972 3981 3982 3973
4827 3 2 6 6 3973 3982 3983 3974
4828 3 2 6 6 3974 3983 3984 3975
4829 3 2 6 6 3975 3984 3985 3976
4830 3 2 6 6 3976 3985 3986 3977
4831 3 2 6 6 3977 3986 3987 3978
4832 3 2 2 2 3978 3987 3672 3663
4833 3 2 3 3 3664 3673 3988 3979
4834 3 2 6 6 3979 3988 3989 3980
4835 3 2 6 6 3980 3989 3990 3981
4836 3 2 6 6 3981 3990 3991 3982
4837 3 2 6 6 3982 3991 3992 3983
4838 3 2 6 6 3983 3992 3993 3984
4839 3 2 6 6 3984 3993 3994 3985
4840 3 2 6 6 3985 3994 3995 3986
4841 3 2 6 6 3986 3995 3996 3987
4842 3 2 2 2 3987 3996 3681 3672
4843 3 2 3 3 3673 3682 3997 3988
4844 3 2 6 6 3988 3997 3998 3989
4845 3 2 6 6 3989 3998 3999 3990
4846 3 2 6 6 3990 3999 4000 3991
4847 3 2 6 6 3991 4000 4001 3992
4848 3 2 6 6 3992 4001 4002 3993
4849 3 2 6 6 3993 4002 4003 3994
4850 3 2 6 6 3994 4003 4004 3995
4851 3 2 6 6 3995 4004 4005 3996
4852 3 2 2 2 3996 4005 3690 3681
4853 3 2 3 3 3682 3691 4006 3997
4854 3 2 6 6 3997 4006 4007 3998
4855 3 2 6 6 3998 4007 4008 3999
4856 3 2 6 6 3999 4008 4009 4000
4857 3 2 6 6 4000 4009 4010 4001
4858 3 2 6 6 4001 4010 4011 4002
4859 3 2 6 6 4002 4011 4012 4003
4860 3 2 6 6 4003 4012 4013 4004
4861 3 2 6 6 4004 4013 4014 4005
4862 3 2 2 2 4005 4014 3699 3690
4863 3 2 3 3 3691 3700 4015 4006
4864 3 2 6 6 4006 4015 4016 4007
4865 3 2 6 6 4007 4016 4017 4008
4866 3 2 6 6 4008 4017 4018 4009
4867 3 2 6 6 4009 4018 4019 4010
4868 3 2 6 6 4010 4019 4020 4011
4869 3 2 6 6 4011 4020 4021 4012
4870 3 2 6 6 4012 4021 4022 4013
4871 3 2 6 6 4013 4022 4023 4014
4872 3 2 2 2 4014 4023 3708 3699
4873 3 2 3 3 3700 3709 4024 4015
4874 3 2 6 6 4015 4024 4025 4016
4875 3 2 6 6 4016 4025 4026 4017
4876 3 2 6 6 4017 4026 4027 4018
4877 3 2 6 6 4018 4027 4028 4019
4878 3 2 6 6 4019 4028 4029 4020
4879 3 2 6 6 4020 4029 4030 4021
4880 3 2 6 6 4021 4030 4031 4022
4881 3 2 6 6 4022 4031 4032 4023
4882 3 2 2 2 4023 4032 3717 3708
4883 3 2 3 3 3709 3718 4033 4024
4884 3 2 6 6 4024 4033 4034 4025
4885 3 2 6 6 4025 4034 4035 4026
4886 3 2 6 6 4026 4035 4036 4027
4887 3 2 6 6 4027 4036 4037 4028
4888 3 2 6 6 4028 4037 4038 4029
4889 3 2 6 6 4029 4038 4039 4030
4890 3 2 6 6 4030 4039 4040 4031
4891 3 2 6 6 4031 4040 4041 4032
4892 3 2 2 2 4032 4041 3726 3717
4893 3 2 3 3 3718 3727 4042 4033
4894 3 2 6 6 4033 4042 4043 4034
4895 3 2 6 6 4034 4043 4044 4035
4896 3 2 6 6 4035 4044 4045 4036
4897 3 2 6 6 4036 4045 4046 4037
4898 3 2 6 6 4037 4046 4047 4038
4899 3 2 6 6 4038 4047 4048 4039
4900 3 2 6 6 4039 4048 4049 4040
4901 3 2 6 6 4040 4049 4050 4041
4902 3 2 2 2 4041 4050 3735 3726
4903 3 2 3 3 3727 3736 4051 4042
4904 3 2 6 6 4042 4051 4052 4043
4905 3 2 6 6 4043 4052 4053 4044
4906 3 2 6 6 4044 4053 4054 4045
4907 3 2 6 6 4045 4054 4055 4046
4908 3 2 6 6 4046 4055 4056 4047
4909 3 2 6 6 4047 4056 4057 4048
4910 3 2 6 6 4048 4057 4058 4049
4911 3 2 6 6 4049 4058 4059 4050
4912 3 2 2 2 4050 4059 3744 3735
4913 3 2 3 3 3736 3745 4060 4051
4914 3 2 6 6 4051 4060 4061 4052
4915 3 2 6 6 4052 4061 4062 4053
4916 3 2 6 6 4053 4062 4063 4054
4917 3 2 6 6 4054 4063 4064 4055
4918 3 2 6 6 4055 4064 4065 4056
4919 3 2 6 6 4056 4065 4066 4057
4920 3 2 6 6 4057 4066 4067 4058
4921 3 2 6 6 4058 4067 4068 4059
4922 3 2 2 2 4059 4068 3753 3744
4923 3 2 3 3 3745 3754 4069 4060
4924 3 2 6 6 4060 4069 4070 4061
4925 3 2 6 6 4061 4070 4071 4062
4926 3 2 6 6 4062 4071 4072 4063
4927 3 2 6 6 4063 4072 4073 4064
4928 3 2 6 6 4064 4073 4074 4065
4929 3 2 6 6 4065 4074 4075 4066
4930 3 2 6 6 4066 4075 4076 4067
4931 3 2 6 6 4067 4076 4077 4068
4932 3 2 2 2 4068 4077 3762 3753
4933 3 2 3 3 3754 3763 4078 4069
4934 3 2 6 6 4069 4078 4079 4070
4935 3 2 6 6 4070 4079 4080 4071
4936 3 2 6 6 4071 4080 4081 4072
4937 3 2 6 6 4072 4081 4082 4073
4938 3 2 6 6 4073 4082 4083 4074
4939 3 2 6 6 4074 4083 4084 4075
4940 3 2 6 6 4075 4084 4085 4076
4941 3 2 6 6 4076 4085 4086 4077
4942 3 2 2 2 4077 4086 3771 3762
4943 3 2 3 3 3763 3772 4087 4078
4944 3 2 6 6 4078 4087 4088 4079
4945 3 2 6 6 4079 4088 4089 4080
4946 3 2 6 6 4080 4089 4090 4081
4947 3 2 6 6 4081 4090 4091 4082
4948 3 2 6 6 4082 4091 4092 4083
4949 3 2 6 6 4083 4092 4093 4084
4950 3 2 6 6 4084 4093 4094 4085
4951 3 2 6 6 4085 4094 4095 4086
4952 3 2 2 2 4086 4095 3780 3771
4953 3 2 3 3 3772 3781 4096 4087
4954 3 2 6 6 4087 4096 4097 4088
4955 3 2 6 6 4088 4097 4098 4089
4956 3 2 6 6 4089 4098 4099 4090
4957 3 2 6 6 4090 4099 4100 4091
4958 3 2 6 6 4091 4100 4101 4092
4959 3 2 6 6 4092 4101 4102 4093
4960 3 2 6 6 4093 4102 4103 4094
4961 3 2 6 6 4094 4103 4104 4095
4962 3 2 2 2 4095 4104 3789 3780
4963 3 2 3 3 3781 3790 4105 4096
4964 3 2 6 6 4096 4105 4106 4097
4965 3 2 6 6 4097 4106 4107 4098
4966 3 2 6 6 4098 4107 4108 4099
4967 3 2 6 6 4099 4108 4109 4100
4968 3 2 6 6 4100 4109 4110 4101
4969 3 2 6 6 4101 4110 4111 4102
4970 3 2 6 6 4102 4111 4112 4103
4971 3 2 6 6 4103 4112 4113 4104
4972 3 2 2 2 4104 4113 3798 3789
4973 3 2 3 3 3790 3799 4114 4105
4974 3 2 6 6 4105 4114 4115 4106
4975 3 2 6 6 4106 4115 4116 4107
4976 3 2 6 6 4107 4116 4117 4108
4977 3 2 6 6 4108 4117 4118 4109
4978 3 2 6 6 4109 4118 4119 4110
4979 3 2 6 6 4110 4119 4120 4111
4980 3 2 6 6 4111 4120 4121 4112
4981 3 2 6 6 4112 4121 4122 4113
4982 3 2 2 2 4113 4122 3807 3798
4983 3 2 3 3 3799 3808 4123 4114
4984 3 2 6 6 4114 4123 4124 4115
4985 3 2 6 6 4115 4124 4125 4116
4986 3 2 6 6 4116 4125 4126 4117
4987 3 2 6 6 4117 4126 4127 4118
4988 3 2 6 6 4118 4127 4128 4119
4989 3 2 6 6 4119 4128 4129 4120
4990 3 2 6 6 4120 4129 4130 4121
4991 3 2 6 6 4121 4130 4131 4122
4992 3 2 2 2 4122 4131 3816 3807
4993 3 2 3 3 3808 3817 4132 4123
4994 3 2 6 6 4123 4132 4133 4124
4995 3 2 6 6 4124 4133 4134 4125
4996 3 2 6 6 4125 4134 4135 4126
4997 3 2 6 6 4126 4135 4136 4127
4998 3 2 6 6 4127 4136 4137 4128
4999 3 2 6 6 4128 4137 4138 4129
5000 3 2 6 6 4129 4138 4139 4130
5001 3 2 6 6 4130 4139 4140 4131
5002 3 2 2 2 4131 4140 3825 3816
5003 3 2 3 3 3817 3826 4141 4132
5004 3 2 6 6 4132 4141 4142 4133
5005 3 2 6 6 4133 4142 4143 4134
5006 3 2 6 6 4134 4143 4144 4135
5007 3 2 6 6 4135 4144 4145 4136
5008 3 2 6 6 4136 4145 4146 4137
5009 3 2 6 6 4137 4146 4147 4138
5010 3 2 6 6 4138 4147 4148 4139
5011 3 2 6 6 4139 4148 4149 4140
5012 3 2 2 2 4140 4149 3834 3825
5013 3 2 3 3 3826 3835 4150 4141
5014 3 2 6 6 4141 4150 4151 4142
5015 3 2 6 6 4142 4151 4152 4143
5016 3 2 6 6 4143 4152 4153 4144
5017 3 2 6 6 4144 4153 4154 4145
5018 3 2 6 6 4145 4154 4155 4146
5019 3 2 6 6 4146 4155 4156 4147
5020 3 2 6 6 4147 4156 4157 4148
5021 3 2 6 6 4148 4157 4158 4149
5022 3 2 2 2 4149 4158 3843 3834
5023 3 2 3 3 3835 3844 4159 4150
5024 3 2 6 6 4150 4159 4160 4151
5025 3 2 6 6 4151 4160 4161 4152
5026 3 2 6 6 4152 4161 4162 4153
5027 3 2 6 6 4153 4162 4163 4154
5028 3 2 6 6 4154 4163 4164 4155
5029 3 2 6 6 4155 4164 4165 4156
5030 3 2 6 6 4156 4165 4166 4157
5031 3 2 6 6 4157 4166 4167 4158
5032 3 2 2 2 4158 4167 3852 3843
5033 3 2 3 3 3844 3853 4168 4159
5034 3 2 6 6 4159 4168 4169 4160
5035 3 2 6 6 4160 4169 4170 4161
5036 3 2 6 6 4161 4170 4171 4162
5037 3 2 6 6 4162 4171 4172 4163
5038 3 2 6 6 4163 4172 4173 4164
5039 3 2 6 6 4164 4173 4174 4165
5040 3 2 6 6 4165 4174 4175 4166
5041 3 2 6 6 4166 4175 4176 4167
5042 3 2 2 2 4167 4176 3861 3852
5043 3 2 3 3 3853 3862 4177 4168
5044 3 2 6 6 4168 4177 4178 4169
5045 3 2 6 6 4169 4178 4179 4170
5046 3 2 6 6 4170 4179 4180 4171
5047 3 2 6 6 4171 4180 4181 4172
5048 3 2 6 6 4172 4181 4182 4173
5049 3 2 6 6 4173 4182 4183 4174
5050 3 2 6 6 4174 4183 4184 4175
5051 3 2 6 6 4175 4184 4185 4176
5052 3 2 2 2 4176 4185 3870 3861
5053 3 2 3 3 3862 3871 4186 4177
5054 3 2 6 6 4177 4186 4187 4178
5055 3 2 6 6 4178 4187 4188 4179
5056 3 2 6 6 4179 4188 4189 4180
5057 3 2 6 6 4180 4189 4190 4181
5058 3 2 6 6 4181 4190 4191 4182
5059 3 2 6 6 4182 4191 4192 4183
5060 3 2 6 6 4183 4192 4193 4184
5061 3 2 6 6 4184 4193 4194 4185
5062 3 2 2 2 4185 4194 3879 3870
5063 3 2 3 3 3871 3880 4195 4186
5064 3 2 6 6 4186 4195 4196 4187
5065 3 2 6 6 4187 4196 4197 4188
5066 3 2 6 6 4188 4197 4198 4189
5067 3 2 6 6 4189 4198 4199 4190
5068 3 2 6 6 4190 4199 4200 4191
5069 3 2 6 6 4191 4200 4201 4192
5070 3 2 6 6 4192 4201 4202 4193
5071 3 2 6 6 4193 4202 4203 4194
5072 3 2 2 2 4194 4203 3888 3879
5073 3 2 4 4 3889 3890 4205 4204
5074 3 2 3 3 3880 3889 4204 4195
5075 3 2 6 6 4195 4204 4205 4196
5076 3 2 4 4 3890 3891 4206 4205
5077 3 2 6 6 4196 4205 4206 4197
5078 3 2 4 4 3891 3892 4207 4206
5079 3 2 6 6 4197 4206 4207 4198
5080 3 2 4 4 3892 3893 4208 4207
5081 3 2 6 6 4198 4207 4208 4199
5082 3 2 4 4 3893 3894 4209 4208
5083 3 2 6 6 4199 4208 4209 4200
5084 3 2 4 4 3894 3895 4210 4209
5085 3 2 6 6 4200 4209 4210 4201
5086 3 2 4 4 3895 3896 4211 4210
5087 3 2 6 6 4201 4210 4211 4202
5088 3 2 4 4 3896 3897 4212 4211
5089 3 2 6 6 4202 4211 4212 4203
5090 3 2 2 2 4203 4212 3897 3888
$EndElements
