$MeshFormat
2.2 0 8
$EndMeshFormat
$Nodes
10296
1 73.5489620117 -19.1455004374 -16.03
2 73.4206066589 -19.6319769213 -15.773287603
3 73.4206066589 -19.6319769213 -15.5
4 73.5489620117 -19.1455004374 -15.5
5 74.0328367618 -19.2714576771 -16.03
6 73.9036369659 -19.7611346642 -15.773287603
7 73.9036369659 -19.7611346642 -15.5
8 74.0328367618 -19.2714576771 -15.5
9 74.5167115119 -19.3974149168 -16.03
10 74.3866672728 -19.8902924071 -15.773287603
11 74.3866672728 -19.8902924071 -15.5
12 74.5167115119 -19.3974149168 -15.5
13 75.000586262 -19.5233721565 -16.03
14 74.8696975798 -20.01945015 -15.773287603
15 74.8696975798 -20.01945015 -15.5
16 75.000586262 -19.5233721565 -15.5
17 75.484461012 -19.6493293962 -16.03
18 75.3527278868 -20.1486078929 -15.773287603
19 75.3527278868 -20.1486078929 -15.5
20 75.484461012 -19.6493293962 -15.5
21 75.9683357621 -19.775286636 -16.03
22 75.8357581937 -20.2777656358 -15.773287603
23 75.8357581937 -20.2777656358 -15.5
24 75.9683357621 -19.775286636 -15.5
25 76.4522105122 -19.9012438757 -16.03
26 76.3187885007 -20.4069233787 -15.773287603
27 76.3187885007 -20.4069233787 -15.5
28 76.4522105122 -19.9012438757 -15.5
29 76.9360852623 -20.0272011154 -16.03
30 76.8018188077 -20.5360811216 -15.773287603
31 76.8018188077 -20.5360811216 -15.5
32 76.9360852623 -20.0272011154 -15.5
33 77.4199600123 -20.1531583551 -16.03
34 77.2848491146 -20.6652388645 -15.773287603
35 77.2848491146 -20.6652388645 -15.5
36 77.4199600123 -20.1531583551 -15.5
37 73.4206066589 -19.6319769213 -15
38 73.5489620117 -19.1455004374 -15
39 73.9036369659 -19.7611346642 -15
40 74.0328367618 -19.2714576771 -15
41 74.3866672728 -19.8902924071 -15
42 74.5167115119 -19.3974149168 -15
43 74.8696975798 -20.01945015 -15
44 75.000586262 -19.5233721565 -15
45 75.3527278868 -20.1486078929 -15
46 75.484461012 -19.6493293962 -15
47 75.8357581937 -20.2777656358 -15
48 75.9683357621 -19.775286636 -15
49 76.3187885007 -20.4069233787 -15
50 76.4522105122 -19.9012438757 -15
51 76.8018188077 -20.5360811216 -15
52 76.9360852623 -20.0272011154 -15
53 77.2848491146 -20.6652388645 -15
54 77.4199600123 -20.1531583551 -15
55 73.4206066589 -19.6319769213 -14.5
56 73.5489620117 -19.1455004374 -14.5
57 73.9036369659 -19.7611346642 -14.5
58 74.0328367618 -19.2714576771 -14.5
59 74.3866672728 -19.8902924071 -14.5
60 74.5167115119 -19.3974149168 -14.5
61 74.8696975798 -20.01945015 -14.5
62 75.000586262 -19.5233721565 -14.5
63 75.3527278868 -20.1486078929 -14.5
64 75.484461012 -19.6493293962 -14.5
65 75.8357581937 -20.2777656358 -14.5
66 75.9683357621 -19.775286636 -14.5
67 76.3187885007 -20.4069233787 -14.5
68 76.4522105122 -19.9012438757 -14.5
69 76.8018188077 -20.5360811216 -14.5
70 76.9360852623 -20.0272011154 -14.5
71 77.2848491146 -20.6652388645 -14.5
72 77.4199600123 -20.1531583551 -14.5
73 73.4206066589 -19.6319769213 -14
74 73.5489620117 -19.1455004374 -14
75 73.9036369659 -19.7611346642 -14
76 74.0328367618 -19.2714576771 -14
77 74.3866672728 -19.8902924071 -14
78 74.5167115119 -19.3974149168 -14
79 74.8696975798 -20.01945015 -14
80 75.000586262 -19.5233721565 -14
81 75.3527278868 -20.1486078929 -14
82 75.484461012 -19.6493293962 -14
83 75.8357581937 -20.2777656358 -14
84 75.9683357621 -19.775286636 -14
85 76.3187885007 -20.4069233787 -14
86 76.4522105122 -19.9012438757 -14
87 76.8018188077 -20.5360811216 -14
88 76.9360852623 -20.0272011154 -14
89 77.2848491146 -20.6652388645 -14
90 77.4199600123 -20.1531583551 -14
91 73.4206066589 -19.6319769213 -13.5
92 73.5489620117 -19.1455004374 -13.5
93 73.9036369659 -19.7611346642 -13.5
94 74.0328367618 -19.2714576771 -13.5
95 74.3866672728 -19.8902924071 -13.5
96 74.5167115119 -19.3974149168 -13.5
97 74.8696975798 -20.01945015 -13.5
98 75.000586262 -19.5233721565 -13.5
99 75.3527278868 -20.1486078929 -13.5
100 75.484461012 -19.6493293962 -13.5
101 75.8357581937 -20.2777656358 -13.5
102 75.9683357621 -19.775286636 -13.5
103 76.3187885007 -20.4069233787 -13.5
104 76.4522105122 -19.9012438757 -13.5
105 76.8018188077 -20.5360811216 -13.5
106 76.9360852623 -20.0272011154 -13.5
107 77.2848491146 -20.6652388645 -13.5
108 77.4199600123 -20.1531583551 -13.5
109 73.4206066589 -19.6319769213 -13
110 73.5489620117 -19.1455004374 -13
111 73.9036369659 -19.7611346642 -13
112 74.0328367618 -19.2714576771 -13
113 74.3866672728 -19.8902924071 -13
114 74.5167115119 -19.3974149168 -13
115 74.8696975798 -20.01945015 -13
116 75.000586262 -19.5233721565 -13
117 75.3527278868 -20.1486078929 -13
118 75.484461012 -19.6493293962 -13
119 75.8357581937 -20.2777656358 -13
120 75.9683357621 -19.775286636 -13
121 76.3187885007 -20.4069233787 -13
122 76.4522105122 -19.9012438757 -13
123 76.8018188077 -20.5360811216 -13
124 76.9360852623 -20.0272011154 -13
125 77.2848491146 -20.6652388645 -13
126 77.4199600123 -20.1531583551 -13
127 73.4206066589 -19.6319769213 -12.5
128 73.5489620117 -19.1455004374 -12.5
129 73.9036369659 -19.7611346642 -12.5
130 74.0328367618 -19.2714576771 -12.5
131 74.3866672728 -19.8902924071 -12.5
132 74.5167115119 -19.3974149168 -12.5
133 74.8696975798 -20.01945015 -12.5
134 75.000586262 -19.5233721565 -12.5
135 75.3527278868 -20.1486078929 -12.5
136 75.484461012 -19.6493293962 -12.5
137 75.8357581937 -20.2777656358 -12.5
138 75.9683357621 -19.775286636 -12.5
139 76.3187885007 -20.4069233787 -12.5
140 76.4522105122 -19.9012438757 -12.5
141 76.8018188077 -20.5360811216 -12.5
142 76.9360852623 -20.0272011154 -12.5
143 77.2848491146 -20.6652388645 -12.5
144 77.4199600123 -20.1531583551 -12.5
145 73.4206066589 -19.6319769213 -12
146 73.5489620117 -19.1455004374 -12
147 73.9036369659 -19.7611346642 -12
148 74.0328367618 -19.2714576771 -12
149 74.3866672728 -19.8902924071 -12
150 74.5167115119 -19.3974149168 -12
151 74.8696975798 -20.01945015 -12
152 75.000586262 -19.5233721565 -12
153 75.3527278868 -20.1486078929 -12
154 75.484461012 -19.6493293962 -12
155 75.8357581937 -20.2777656358 -12
156 75.9683357621 -19.775286636 -12
157 76.3187885007 -20.4069233787 -12
158 76.4522105122 -19.9012438757 -12
159 76.8018188077 -20.5360811216 -12
160 76.9360852623 -20.0272011154 -12
161 77.2848491146 -20.6652388645 -12
162 77.4199600123 -20.1531583551 -12
163 73.4206066589 -19.6319769213 -11.5
164 73.5489620117 -19.1455004374 -11.5
165 73.9036369659 -19.7611346642 -11.5
166 74.0328367618 -19.2714576771 -11.5
167 74.3866672728 -19.8902924071 -11.5
168 74.5167115119 -19.3974149168 -11.5
169 74.8696975798 -20.01945015 -11.5
170 75.000586262 -19.5233721565 -11.5
171 75.3527278868 -20.1486078929 -11.5
172 75.484461012 -19.6493293962 -11.5
173 75.8357581937 -20.2777656358 -11.5
174 75.9683357621 -19.775286636 -11.5
175 76.3187885007 -20.4069233787 -11.5
176 76.4522105122 -19.9012438757 -11.5
177 76.8018188077 -20.5360811216 -11.5
178 76.9360852623 -20.0272011154 -11.5
179 77.2848491146 -20.6652388645 -11.5
180 77.4199600123 -20.1531583551 -11.5
181 73.4206066589 -19.6319769213 -11
182 73.5489620117 -19.1455004374 -11
183 73.9036369659 -19.7611346642 -11
184 74.0328367618 -19.2714576771 -11
185 74.3866672728 -19.8902924071 -11
186 74.5167115119 -19.3974149168 -11
187 74.8696975798 -20.01945015 -11
188 75.000586262 -19.5233721565 -11
189 75.3527278868 -20.1486078929 -11
190 75.484461012 -19.6493293962 -11
191 75.8357581937 -20.2777656358 -11
192 75.9683357621 -19.775286636 -11
193 76.3187885007 -20.4069233787 -11
194 76.4522105122 -19.9012438757 -11
195 76.8018188077 -20.5360811216 -11
196 76.9360852623 -20.0272011154 -11
197 77.2848491146 -20.6652388645 -11
198 77.4199600123 -20.1531583551 -11
199 73.4206066589 -19.6319769213 -10.5
200 73.5489620117 -19.1455004374 -10.5
201 73.9036369659 -19.7611346642 -10.5
202 74.0328367618 -19.2714576771 -10.5
203 74.3866672728 -19.8902924071 -10.5
204 74.5167115119 -19.3974149168 -10.5
205 74.8696975798 -20.01945015 -10.5
206 75.000586262 -19.5233721565 -10.5
207 75.3527278868 -20.1486078929 -10.5
208 75.484461012 -19.6493293962 -10.5
209 75.8357581937 -20.2777656358 -10.5
210 75.9683357621 -19.775286636 -10.5
211 76.3187885007 -20.4069233787 -10.5
212 76.4522105122 -19.9012438757 -10.5
213 76.8018188077 -20.5360811216 -10.5
214 76.9360852623 -20.0272011154 -10.5
215 77.2848491146 -20.6652388645 -10.5
216 77.4199600123 -20.1531583551 -10.5
217 73.4206066589 -19.6319769213 -10
218 73.5489620117 -19.1455004374 -10
219 73.9036369659 -19.7611346642 -10
220 74.0328367618 -19.2714576771 -10
221 74.3866672728 -19.8902924071 -10
222 74.5167115119 -19.3974149168 -10
223 74.8696975798 -20.01945015 -10
224 75.000586262 -19.5233721565 -10
225 75.3527278868 -20.1486078929 -10
226 75.484461012 -19.6493293962 -10
227 75.8357581937 -20.2777656358 -10
228 75.9683357621 -19.775286636 -10
229 76.3187885007 -20.4069233787 -10
230 76.4522105122 -19.9012438757 -10
231 76.8018188077 -20.5360811216 -10
232 76.9360852623 -20.0272011154 -10
233 77.2848491146 -20.6652388645 -10
234 77.4199600123 -20.1531583551 -10
235 73.4206066589 -19.6319769213 -9.5
236 73.5489620117 -19.1455004374 -9.5
237 73.9036369659 -19.7611346642 -9.5
238 74.0328367618 -19.2714576771 -9.5
239 74.3866672728 -19.8902924071 -9.5
240 74.5167115119 -19.3974149168 -9.5
241 74.8696975798 -20.01945015 -9.5
242 75.000586262 -19.5233721565 -9.5
243 75.3527278868 -20.1486078929 -9.5
244 75.484461012 -19.6493293962 -9.5
245 75.8357581937 -20.2777656358 -9.5
246 75.9683357621 -19.775286636 -9.5
247 76.3187885007 -20.4069233787 -9.5
248 76.4522105122 -19.9012438757 -9.5
249 76.8018188077 -20.5360811216 -9.5
250 76.9360852623 -20.0272011154 -9.5
251 77.2848491146 -20.6652388645 -9.5
252 77.4199600123 -20.1531583551 -9.5
253 73.4206066589 -19.6319769213 -9
254 73.5489620117 -19.1455004374 -9
255 73.9036369659 -19.7611346642 -9
256 74.0328367618 -19.2714576771 -9
257 74.3866672728 -19.8902924071 -9
258 74.5167115119 -19.3974149168 -9
259 74.8696975798 -20.01945015 -9
260 75.000586262 -19.5233721565 -9
261 75.3527278868 -20.1486078929 -9
262 75.484461012 -19.6493293962 -9
263 75.8357581937 -20.2777656358 -9
264 75.9683357621 -19.775286636 -9
265 76.3187885007 -20.4069233787 -9
266 76.4522105122 -19.9012438757 -9
267 76.8018188077 -20.5360811216 -9
268 76.9360852623 -20.0272011154 -9
269 77.2848491146 -20.6652388645 -9
270 77.4199600123 -20.1531583551 -9
271 73.4206066589 -19.6319769213 -8.5
272 73.5489620117 -19.1455004374 -8.5
273 73.9036369659 -19.7611346642 -8.5
274 74.0328367618 -19.2714576771 -8.5
275 74.3866672728 -19.8902924071 -8.5
276 74.5167115119 -19.3974149168 -8.5
277 74.8696975798 -20.01945015 -8.5
278 75.000586262 -19.5233721565 -8.5
279 75.3527278868 -20.1486078929 -8.5
280 75.484461012 -19.6493293962 -8.5
281 75.8357581937 -20.2777656358 -8.5
282 75.9683357621 -19.775286636 -8.5
283 76.3187885007 -20.4069233787 -8.5
284 76.4522105122 -19.9012438757 -8.5
285 76.8018188077 -20.5360811216 -8.5
286 76.9360852623 -20.0272011154 -8.5
287 77.2848491146 -20.6652388645 -8.5
288 77.4199600123 -20.1531583551 -8.5
289 73.4206066589 -19.6319769213 -8
290 73.5489620117 -19.1455004374 -8
291 73.9036369659 -19.7611346642 -8
292 74.0328367618 -19.2714576771 -8
293 74.3866672728 -19.8902924071 -8
294 74.5167115119 -19.3974149168 -8
295 74.8696975798 -20.01945015 -8
296 75.000586262 -19.5233721565 -8
297 75.3527278868 -20.1486078929 -8
298 75.484461012 -19.6493293962 -8
299 75.8357581937 -20.2777656358 -8
300 75.9683357621 -19.775286636 -8
301 76.3187885007 -20.4069233787 -8
302 76.4522105122 -19.9012438757 -8
303 76.8018188077 -20.5360811216 -8
304 76.9360852623 -20.0272011154 -8
305 77.2848491146 -20.6652388645 -8
306 77.4199600123 -20.1531583551 -8
307 73.4206066589 -19.6319769213 -7.5
308 73.5489620117 -19.1455004374 -7.5
309 73.9036369659 -19.7611346642 -7.5
310 74.0328367618 -19.2714576771 -7.5
311 74.3866672728 -19.8902924071 -7.5
312 74.5167115119 -19.3974149168 -7.5
313 74.8696975798 -20.01945015 -7.5
314 75.000586262 -19.5233721565 -7.5
315 75.3527278868 -20.1486078929 -7.5
316 75.484461012 -19.6493293962 -7.5
317 75.8357581937 -20.2777656358 -7.5
318 75.9683357621 -19.775286636 -7.5
319 76.3187885007 -20.4069233787 -7.5
320 76.4522105122 -19.9012438757 -7.5
321 76.8018188077 -20.5360811216 -7.5
322 76.9360852623 -20.0272011154 -7.5
323 77.2848491146 -20.6652388645 -7.5
324 77.4199600123 -20.1531583551 -7.5
325 73.4206066589 -19.6319769213 -7
326 73.5489620117 -19.1455004374 -7
327 73.9036369659 -19.7611346642 -7
328 74.0328367618 -19.2714576771 -7
329 74.3866672728 -19.8902924071 -7
330 74.5167115119 -19.3974149168 -7
331 74.8696975798 -20.01945015 -7
332 75.000586262 -19.5233721565 -7
333 75.3527278868 -20.1486078929 -7
334 75.484461012 -19.6493293962 -7
335 75.8357581937 -20.2777656358 -7
336 75.9683357621 -19.775286636 -7
337 76.3187885007 -20.4069233787 -7
338 76.4522105122 -19.9012438757 -7
339 76.8018188077 -20.5360811216 -7
340 76.9360852623 -20.0272011154 -7
341 77.2848491146 -20.6652388645 -7
342 77.4199600123 -20.1531583551 -7
343 73.4206066589 -19.6319769213 -6.5
344 73.5489620117 -19.1455004374 -6.5
345 73.9036369659 -19.7611346642 -6.5
346 74.0328367618 -19.2714576771 -6.5
347 74.3866672728 -19.8902924071 -6.5
348 74.5167115119 -19.3974149168 -6.5
349 74.8696975798 -20.01945015 -6.5
350 75.000586262 -19.5233721565 -6.5
351 75.3527278868 -20.1486078929 -6.5
352 75.484461012 -19.6493293962 -6.5
353 75.8357581937 -20.2777656358 -6.5
354 75.9683357621 -19.775286636 -6.5
355 76.3187885007 -20.4069233787 -6.5
356 76.4522105122 -19.9012438757 -6.5
357 76.8018188077 -20.5360811216 -6.5
358 76.9360852623 -20.0272011154 -6.5
359 77.2848491146 -20.6652388645 -6.5
360 77.4199600123 -20.1531583551 -6.5
361 73.4206066589 -19.6319769213 -6
362 73.5489620117 -19.1455004374 -6
363 73.9036369659 -19.7611346642 -6
364 74.0328367618 -19.2714576771 -6
365 74.3866672728 -19.8902924071 -6
366 74.5167115119 -19.3974149168 -6
367 74.8696975798 -20.01945015 -6
368 75.000586262 -19.5233721565 -6
369 75.3527278868 -20.1486078929 -6
370 75.484461012 -19.6493293962 -6
371 75.8357581937 -20.2777656358 -6
372 75.9683357621 -19.775286636 -6
373 76.3187885007 -20.4069233787 -6
374 76.4522105122 -19.9012438757 -6
375 76.8018188077 -20.5360811216 -6
376 76.9360852623 -20.0272011154 -6
377 77.2848491146 -20.6652388645 -6
378 77.4199600123 -20.1531583551 -6
379 73.4206066589 -19.6319769213 -5.5
380 73.5489620117 -19.1455004374 -5.5
381 73.9036369659 -19.7611346642 -5.5
382 74.0328367618 -19.2714576771 -5.5
383 74.3866672728 -19.8902924071 -5.5
384 74.5167115119 -19.3974149168 -5.5
385 74.8696975798 -20.01945015 -5.5
386 75.000586262 -19.5233721565 -5.5
387 75.3527278868 -20.1486078929 -5.5
388 75.484461012 -19.6493293962 -5.5
389 75.8357581937 -20.2777656358 -5.5
390 75.9683357621 -19.775286636 -5.5
391 76.3187885007 -20.4069233787 -5.5
392 76.4522105122 -19.9012438757 -5.5
393 76.8018188077 -20.5360811216 -5.5
394 76.9360852623 -20.0272011154 -5.5
395 77.2848491146 -20.6652388645 -5.5
396 77.4199600123 -20.1531583551 -5.5
397 73.4206066589 -19.6319769213 -5
398 73.5489620117 -19.1455004374 -5
399 73.9036369659 -19.7611346642 -5
400 74.0328367618 -19.2714576771 -5
401 74.3866672728 -19.8902924071 -5
402 74.5167115119 -19.3974149168 -5
403 74.8696975798 -20.01945015 -5
404 75.000586262 -19.5233721565 -5
405 75.3527278868 -20.1486078929 -5
406 75.484461012 -19.6493293962 -5
407 75.8357581937 -20.2777656358 -5
408 75.9683357621 -19.775286636 -5
409 76.3187885007 -20.4069233787 -5
410 76.4522105122 -19.9012438757 -5
411 76.8018188077 -20.5360811216 -5
412 76.9360852623 -20.0272011154 -5
413 77.2848491146 -20.6652388645 -5
414 77.4199600123 -20.1531583551 -5
415 73.4206066589 -19.6319769213 -4.5
416 73.5489620117 -19.1455004374 -4.5
417 73.9036369659 -19.7611346642 -4.5
418 74.0328367618 -19.2714576771 -4.5
419 74.3866672728 -19.8902924071 -4.5
420 74.5167115119 -19.3974149168 -4.5
421 74.8696975798 -20.01945015 -4.5
422 75.000586262 -19.5233721565 -4.5
423 75.3527278868 -20.1486078929 -4.5
424 75.484461012 -19.6493293962 -4.5
425 75.8357581937 -20.2777656358 -4.5
426 75.9683357621 -19.775286636 -4.5
427 76.3187885007 -20.4069233787 -4.5
428 76.4522105122 -19.9012438757 -4.5
429 76.8018188077 -20.5360811216 -4.5
430 76.9360852623 -20.0272011154 -4.5
431 77.2848491146 -20.6652388645 -4.5
432 77.4199600123 -20.1531583551 -4.5
433 73.4206066589 -19.6319769213 -4
434 73.5489620117 -19.1455004374 -4
435 73.9036369659 -19.7611346642 -4
436 74.0328367618 -19.2714576771 -4
437 74.3866672728 -19.8902924071 -4
438 74.5167115119 -19.3974149168 -4
439 74.8696975798 -20.01945015 -4
440 75.000586262 -19.5233721565 -4
441 75.3527278868 -20.1486078929 -4
442 75.484461012 -19.6493293962 -4
443 75.8357581937 -20.2777656358 -4
444 75.9683357621 -19.775286636 -4
445 76.3187885007 -20.4069233787 -4
446 76.4522105122 -19.9012438757 -4
447 76.8018188077 -20.5360811216 -4
448 76.9360852623 -20.0272011154 -4
449 77.2848491146 -20.6652388645 -4
450 77.4199600123 -20.1531583551 -4
451 73.4206066589 -19.6319769213 -3.5
452 73.5489620117 -19.1455004374 -3.5
453 73.9036369659 -19.7611346642 -3.5
454 74.0328367618 -19.2714576771 -3.5
455 74.3866672728 -19.8902924071 -3.5
456 74.5167115119 -19.3974149168 -3.5
457 74.8696975798 -20.01945015 -3.5
458 75.000586262 -19.5233721565 -3.5
459 75.3527278868 -20.1486078929 -3.5
460 75.484461012 -19.6493293962 -3.5
461 75.8357581937 -20.2777656358 -3.5
462 75.9683357621 -19.775286636 -3.5
463 76.3187885007 -20.4069233787 -3.5
464 76.4522105122 -19.9012438757 -3.5
465 76.8018188077 -20.5360811216 -3.5
466 76.9360852623 -20.0272011154 -3.5
467 77.2848491146 -20.6652388645 -3.5
468 77.4199600123 -20.1531583551 -3.5
469 73.4206066589 -19.6319769213 -3
470 73.5489620117 -19.1455004374 -3
471 73.9036369659 -19.7611346642 -3
472 74.0328367618 -19.2714576771 -3
473 74.3866672728 -19.8902924071 -3
474 74.5167115119 -19.3974149168 -3
475 74.8696975798 -20.01945015 -3
476 75.000586262 -19.5233721565 -3
477 75.3527278868 -20.1486078929 -3
478 75.484461012 -19.6493293962 -3
479 75.8357581937 -20.2777656358 -3
480 75.9683357621 -19.775286636 -3
481 76.3187885007 -20.4069233787 -3
482 76.4522105122 -19.9012438757 -3
483 76.8018188077 -20.5360811216 -3
484 76.9360852623 -20.0272011154 -3
485 77.2848491146 -20.6652388645 -3
486 77.4199600123 -20.1531583551 -3
487 73.4206066589 -19.6319769213 -2.5
488 73.5489620117 -19.1455004374 -2.5
489 73.9036369659 -19.7611346642 -2.5
490 74.0328367618 -19.2714576771 -2.5
491 74.3866672728 -19.8902924071 -2.5
492 74.5167115119 -19.3974149168 -2.5
493 74.8696975798 -20.01945015 -2.5
494 75.000586262 -19.5233721565 -2.5
495 75.3527278868 -20.1486078929 -2.5
496 75.484461012 -19.6493293962 -2.5
497 75.8357581937 -20.2777656358 -2.5
498 75.9683357621 -19.775286636 -2.5
499 76.3187885007 -20.4069233787 -2.5
500 76.4522105122 -19.9012438757 -2.5
501 76.8018188077 -20.5360811216 -2.5
502 76.9360852623 -20.0272011154 -2.5
503 77.2848491146 -20.6652388645 -2.5
504 77.4199600123 -20.1531583551 -2.5
505 73.4206066589 -19.6319769213 -2
506 73.5489620117 -19.1455004374 -2
507 73.9036369659 -19.7611346642 -2
508 74.0328367618 -19.2714576771 -2
509 74.3866672728 -19.8902924071 -2
510 74.5167115119 -19.3974149168 -2
511 74.8696975798 -20.01945015 -2
512 75.000586262 -19.5233721565 -2
513 75.3527278868 -20.1486078929 -2
514 75.484461012 -19.6493293962 -2
515 75.8357581937 -20.2777656358 -2
516 75.9683357621 -19.775286636 -2
517 76.3187885007 -20.4069233787 -2
518 76.4522105122 -19.9012438757 -2
519 76.8018188077 -20.5360811216 -2
520 76.9360852623 -20.0272011154 -2
521 77.2848491146 -20.6652388645 -2
522 77.4199600123 -20.1531583551 -2
523 73.4206066589 -19.6319769213 -1.5
524 73.5489620117 -19.1455004374 -1.5
525 73.9036369659 -19.7611346642 -1.5
526 74.0328367618 -19.2714576771 -1.5
527 74.3866672728 -19.8902924071 -1.5
528 74.5167115119 -19.3974149168 -1.5
529 74.8696975798 -20.01945015 -1.5
530 75.000586262 -19.5233721565 -1.5
531 75.3527278868 -20.1486078929 -1.5
532 75.484461012 -19.6493293962 -1.5
533 75.8357581937 -20.2777656358 -1.5
534 75.9683357621 -19.775286636 -1.5
535 76.3187885007 -20.4069233787 -1.5
536 76.4522105122 -19.9012438757 -1.5
537 76.8018188077 -20.5360811216 -1.5
538 76.9360852623 -20.0272011154 -1.5
539 77.2848491146 -20.6652388645 -1.5
540 77.4199600123 -20.1531583551 -1.5
541 73.4206066589 -19.6319769213 -1
542 73.5489620117 -19.1455004374 -1
543 73.9036369659 -19.7611346642 -1
544 74.0328367618 -19.2714576771 -1
545 74.3866672728 -19.8902924071 -1
546 74.5167115119 -19.3974149168 -1
547 74.8696975798 -20.01945015 -1
548 75.000586262 -19.5233721565 -1
549 75.3527278868 -20.1486078929 -1
550 75.484461012 -19.6493293962 -1
551 75.8357581937 -20.2777656358 -1
552 75.9683357621 -19.775286636 -1
553 76.3187885007 -20.4069233787 -1
554 76.4522105122 -19.9012438757 -1
555 76.8018188077 -20.5360811216 -1
556 76.9360852623 -20.0272011154 -1
557 77.2848491146 -20.6652388645 -1
558 77.4199600123 -20.1531583551 -1
559 73.4206066589 -19.6319769213 -0.5
560 73.5489620117 -19.1455004374 -0.5
561 73.9036369659 -19.7611346642 -0.5
562 74.0328367618 -19.2714576771 -0.5
563 74.3866672728 -19.8902924071 -0.5
564 74.5167115119 -19.3974149168 -0.5
565 74.8696975798 -20.01945015 -0.5
566 75.000586262 -19.5233721565 -0.5
567 75.3527278868 -20.1486078929 -0.5
568 75.484461012 -19.6493293962 -0.5
569 75.8357581937 -20.2777656358 -0.5
570 75.9683357621 -19.775286636 -0.5
571 76.3187885007 -20.4069233787 -0.5
572 76.4522105122 -19.9012438757 -0.5
573 76.8018188077 -20.5360811216 -0.5
574 76.9360852623 -20.0272011154 -0.5
575 77.2848491146 -20.6652388645 -0.5
576 77.4199600123 -20.1531583551 -0.5
577 73.4206066589 -19.6319769213 0
578 73.5489620117 -19.1455004374 0
579 73.9036369659 -19.7611346642 0
580 74.0328367618 -19.2714576771 0
581 74.3866672728 -19.8902924071 0
582 74.5167115119 -19.3974149168 0
583 74.8696975798 -20.01945015 0
584 75.000586262 -19.5233721565 0
585 75.3527278868 -20.1486078929 0
586 75.484461012 -19.6493293962 0
587 75.8357581937 -20.2777656358 0
588 75.9683357621 -19.775286636 0
589 76.3187885007 -20.4069233787 0
590 76.4522105122 -19.9012438757 0
591 76.8018188077 -20.5360811216 0
592 76.9360852623 -20.0272011154 0
593 77.2848491146 -20.6652388645 0
594 77.4199600123 -20.1531583551 0
595 73.2890336319 -20.1175930295 -15.516803028
596 73.2890336319 -20.1175930295 -15.5
597 73.7711983268 -20.2499456153 -15.516803028
598 73.7711983268 -20.2499456153 -15.5
599 74.2533630218 -20.382298201 -15.516803028
600 74.2533630218 -20.382298201 -15.5
601 74.7355277167 -20.5146507867 -15.516803028
602 74.7355277167 -20.5146507867 -15.5
603 75.2176924117 -20.6470033724 -15.516803028
604 75.2176924117 -20.6470033724 -15.5
605 75.6998571066 -20.7793559581 -15.516803028
606 75.6998571066 -20.7793559581 -15.5
607 76.1820218016 -20.9117085439 -15.516803028
608 76.1820218016 -20.9117085439 -15.5
609 76.6641864965 -21.0440611296 -15.516803028
610 76.6641864965 -21.0440611296 -15.5
611 77.1463511915 -21.1764137153 -15.516803028
612 77.1463511915 -21.1764137153 -15.5
613 73.2890336319 -20.1175930295 -15
614 73.7711983268 -20.2499456153 -15
615 74.2533630218 -20.382298201 -15
616 74.7355277167 -20.5146507867 -15
617 75.2176924117 -20.6470033724 -15
618 75.6998571066 -20.7793559581 -15
619 76.1820218016 -20.9117085439 -15
620 76.6641864965 -21.0440611296 -15
621 77.1463511915 -21.1764137153 -15
622 73.2890336319 -20.1175930295 -14.5
623 73.7711983268 -20.2499456153 -14.5
624 74.2533630218 -20.382298201 -14.5
625 74.7355277167 -20.5146507867 -14.5
626 75.2176924117 -20.6470033724 -14.5
627 75.6998571066 -20.7793559581 -14.5
628 76.1820218016 -20.9117085439 -14.5
629 76.6641864965 -21.0440611296 -14.5
630 77.1463511915 -21.1764137153 -14.5
631 73.2890336319 -20.1175930295 -14
632 73.7711983268 -20.2499456153 -14
633 74.2533630218 -20.382298201 -14
634 74.7355277167 -20.5146507867 -14
635 75.2176924117 -20.6470033724 -14
636 75.6998571066 -20.7793559581 -14
637 76.1820218016 -20.9117085439 -14
638 76.6641864965 -21.0440611296 -14
639 77.1463511915 -21.1764137153 -14
640 73.2890336319 -20.1175930295 -13.5
641 73.7711983268 -20.2499456153 -13.5
642 74.2533630218 -20.382298201 -13.5
643 74.7355277167 -20.5146507867 -13.5
644 75.2176924117 -20.6470033724 -13.5
645 75.6998571066 -20.7793559581 -13.5
646 76.1820218016 -20.9117085439 -13.5
647 76.6641864965 -21.0440611296 -13.5
648 77.1463511915 -21.1764137153 -13.5
649 73.2890336319 -20.1175930295 -13
650 73.7711983268 -20.2499456153 -13
651 74.2533630218 -20.382298201 -13
652 74.7355277167 -20.5146507867 -13
653 75.2176924117 -20.6470033724 -13
654 75.6998571066 -20.7793559581 -13
655 76.1820218016 -20.9117085439 -13
656 76.6641864965 -21.0440611296 -13
657 77.1463511915 -21.1764137153 -13
658 73.2890336319 -20.1175930295 -12.5
659 73.7711983268 -20.2499456153 -12.5
660 74.2533630218 -20.382298201 -12.5
661 74.7355277167 -20.5146507867 -12.5
662 75.2176924117 -20.6470033724 -12.5
663 75.6998571066 -20.7793559581 -12.5
664 76.1820218016 -20.9117085439 -12.5
665 76.6641864965 -21.0440611296 -12.5
666 77.1463511915 -21.1764137153 -12.5
667 73.2890336319 -20.1175930295 -12
668 73.7711983268 -20.2499456153 -12
669 74.2533630218 -20.382298201 -12
670 74.7355277167 -20.5146507867 -12
671 75.2176924117 -20.6470033724 -12
672 75.6998571066 -20.7793559581 -12
673 76.1820218016 -20.9117085439 -12
674 76.6641864965 -21.0440611296 -12
675 77.1463511915 -21.1764137153 -12
676 73.2890336319 -20.1175930295 -11.5
677 73.7711983268 -20.2499456153 -11.5
678 74.2533630218 -20.382298201 -11.5
679 74.7355277167 -20.5146507867 -11.5
680 75.2176924117 -20.6470033724 -11.5
681 75.6998571066 -20.7793559581 -11.5
682 76.1820218016 -20.9117085439 -11.5
683 76.6641864965 -21.0440611296 -11.5
684 77.1463511915 -21.1764137153 -11.5
685 73.2890336319 -20.1175930295 -11
686 73.7711983268 -20.2499456153 -11
687 74.2533630218 -20.382298201 -11
688 74.7355277167 -20.5146507867 -11
689 75.2176924117 -20.6470033724 -11
690 75.6998571066 -20.7793559581 -11
691 76.1820218016 -20.9117085439 -11
692 76.6641864965 -21.0440611296 -11
693 77.1463511915 -21.1764137153 -11
694 73.2890336319 -20.1175930295 -10.5
695 73.7711983268 -20.2499456153 -10.5
696 74.2533630218 -20.382298201 -10.5
697 74.7355277167 -20.5146507867 -10.5
698 75.2176924117 -20.6470033724 -10.5
699 75.6998571066 -20.7793559581 -10.5
700 76.1820218016 -20.9117085439 -10.5
701 76.6641864965 -21.0440611296 -10.5
702 77.1463511915 -21.1764137153 -10.5
703 73.2890336319 -20.1175930295 -10
704 73.7711983268 -20.2499456153 -10
705 74.2533630218 -20.382298201 -10
706 74.7355277167 -20.5146507867 -10
707 75.2176924117 -20.6470033724 -10
708 75.6998571066 -20.7793559581 -10
709 76.1820218016 -20.9117085439 -10
710 76.6641864965 -21.0440611296 -10
711 77.1463511915 -21.1764137153 -10
712 73.2890336319 -20.1175930295 -9.5
713 73.7711983268 -20.2499456153 -9.5
714 74.2533630218 -20.382298201 -9.5
715 74.7355277167 -20.5146507867 -9.5
716 75.2176924117 -20.6470033724 -9.5
717 75.6998571066 -20.7793559581 -9.5
718 76.1820218016 -20.9117085439 -9.5
719 76.6641864965 -21.0440611296 -9.5
720 77.1463511915 -21.1764137153 -9.5
721 73.2890336319 -20.1175930295 -9
722 73.7711983268 -20.2499456153 -9
723 74.2533630218 -20.382298201 -9
724 74.7355277167 -20.5146507867 -9
725 75.2176924117 -20.6470033724 -9
726 75.6998571066 -20.7793559581 -9
727 76.1820218016 -20.9117085439 -9
728 76.6641864965 -21.0440611296 -9
729 77.1463511915 -21.1764137153 -9
730 73.2890336319 -20.1175930295 -8.5
731 73.7711983268 -20.2499456153 -8.5
732 74.2533630218 -20.382298201 -8.5
733 74.7355277167 -20.5146507867 -8.5
734 75.2176924117 -20.6470033724 -8.5
735 75.6998571066 -20.7793559581 -8.5
736 76.1820218016 -20.9117085439 -8.5
737 76.6641864965 -21.0440611296 -8.5
738 77.1463511915 -21.1764137153 -8.5
739 73.2890336319 -20.1175930295 -8
740 73.7711983268 -20.2499456153 -8
741 74.2533630218 -20.382298201 -8
742 74.7355277167 -20.5146507867 -8
743 75.2176924117 -20.6470033724 -8
744 75.6998571066 -20.7793559581 -8
745 76.1820218016 -20.9117085439 -8
746 76.6641864965 -21.0440611296 -8
747 77.1463511915 -21.1764137153 -8
748 73.2890336319 -20.1175930295 -7.5
749 73.7711983268 -20.2499456153 -7.5
750 74.2533630218 -20.382298201 -7.5
751 74.7355277167 -20.5146507867 -7.5
752 75.2176924117 -20.6470033724 -7.5
753 75.6998571066 -20.7793559581 -7.5
754 76.1820218016 -20.9117085439 -7.5
755 76.6641864965 -21.0440611296 -7.5
756 77.1463511915 -21.1764137153 -7.5
757 73.2890336319 -20.1175930295 -7
758 73.7711983268 -20.2499456153 -7
759 74.2533630218 -20.382298201 -7
760 74.7355277167 -20.5146507867 -7
761 75.2176924117 -20.6470033724 -7
762 75.6998571066 -20.7793559581 -7
763 76.1820218016 -20.9117085439 -7
764 76.6641864965 -21.0440611296 -7
765 77.1463511915 -21.1764137153 -7
766 73.2890336319 -20.1175930295 -6.5
767 73.7711983268 -20.2499456153 -6.5
768 74.2533630218 -20.382298201 -6.5
769 74.7355277167 -20.5146507867 -6.5
770 75.2176924117 -20.6470033724 -6.5
771 75.6998571066 -20.7793559581 -6.5
772 76.1820218016 -20.9117085439 -6.5
773 76.6641864965 -21.0440611296 -6.5
774 77.1463511915 -21.1764137153 -6.5
775 73.2890336319 -20.1175930295 -6
776 73.7711983268 -20.2499456153 -6
777 74.2533630218 -20.382298201 -6
778 74.7355277167 -20.5146507867 -6
779 75.2176924117 -20.6470033724 -6
780 75.6998571066 -20.7793559581 -6
781 76.1820218016 -20.9117085439 -6
782 76.6641864965 -21.0440611296 -6
783 77.1463511915 -21.1764137153 -6
784 73.2890336319 -20.1175930295 -5.5
785 73.7711983268 -20.2499456153 -5.5
786 74.2533630218 -20.382298201 -5.5
787 74.7355277167 -20.5146507867 -5.5
788 75.2176924117 -20.6470033724 -5.5
789 75.6998571066 -20.7793559581 -5.5
790 76.1820218016 -20.9117085439 -5.5
791 76.6641864965 -21.0440611296 -5.5
792 77.1463511915 -21.1764137153 -5.5
793 73.2890336319 -20.1175930295 -5
794 73.7711983268 -20.2499456153 -5
795 74.2533630218 -20.382298201 -5
796 74.7355277167 -20.5146507867 -5
797 75.2176924117 -20.6470033724 -5
798 75.6998571066 -20.7793559581 -5
799 76.1820218016 -20.9117085439 -5
800 76.6641864965 -21.0440611296 -5
801 77.1463511915 -21.1764137153 -5
802 73.2890336319 -20.1175930295 -4.5
803 73.7711983268 -20.2499456153 -4.5
804 74.2533630218 -20.382298201 -4.5
805 74.7355277167 -20.5146507867 -4.5
806 75.2176924117 -20.6470033724 -4.5
807 75.6998571066 -20.7793559581 -4.5
808 76.1820218016 -20.9117085439 -4.5
809 76.6641864965 -21.0440611296 -4.5
810 77.1463511915 -21.1764137153 -4.5
811 73.2890336319 -20.1175930295 -4
812 73.7711983268 -20.2499456153 -4
813 74.2533630218 -20.382298201 -4
814 74.7355277167 -20.5146507867 -4
815 75.2176924117 -20.6470033724 -4
816 75.6998571066 -20.7793559581 -4
817 76.1820218016 -20.9117085439 -4
818 76.6641864965 -21.0440611296 -4
819 77.1463511915 -21.1764137153 -4
820 73.2890336319 -20.1175930295 -3.5
821 73.7711983268 -20.2499456153 -3.5
822 74.2533630218 -20.382298201 -3.5
823 74.7355277167 -20.5146507867 -3.5
824 75.2176924117 -20.6470033724 -3.5
825 75.6998571066 -20.7793559581 -3.5
826 76.1820218016 -20.9117085439 -3.5
827 76.6641864965 -21.0440611296 -3.5
828 77.1463511915 -21.1764137153 -3.5
829 73.2890336319 -20.1175930295 -3
830 73.7711983268 -20.2499456153 -3
831 74.2533630218 -20.382298201 -3
832 74.7355277167 -20.5146507867 -3
833 75.2176924117 -20.6470033724 -3
834 75.6998571066 -20.7793559581 -3
835 76.1820218016 -20.9117085439 -3
836 76.6641864965 -21.0440611296 -3
837 77.1463511915 -21.1764137153 -3
838 73.2890336319 -20.1175930295 -2.5
839 73.7711983268 -20.2499456153 -2.5
840 74.2533630218 -20.382298201 -2.5
841 74.7355277167 -20.5146507867 -2.5
842 75.2176924117 -20.6470033724 -2.5
843 75.6998571066 -20.7793559581 -2.5
844 76.1820218016 -20.9117085439 -2.5
845 76.6641864965 -21.0440611296 -2.5
846 77.1463511915 -21.1764137153 -2.5
847 73.2890336319 -20.1175930295 -2
848 73.7711983268 -20.2499456153 -2
849 74.2533630218 -20.382298201 -2
850 74.7355277167 -20.5146507867 -2
851 75.2176924117 -20.6470033724 -2
852 75.6998571066 -20.7793559581 -2
853 76.1820218016 -20.9117085439 -2
854 76.6641864965 -21.0440611296 -2
855 77.1463511915 -21.1764137153 -2
856 73.2890336319 -20.1175930295 -1.5
857 73.7711983268 -20.2499456153 -1.5
858 74.2533630218 -20.382298201 -1.5
859 74.7355277167 -20.5146507867 -1.5
860 75.2176924117 -20.6470033724 -1.5
861 75.6998571066 -20.7793559581 -1.5
862 76.1820218016 -20.9117085439 -1.5
863 76.6641864965 -21.0440611296 -1.5
864 77.1463511915 -21.1764137153 -1.5
865 73.2890336319 -20.1175930295 -1
866 73.7711983268 -20.2499456153 -1
867 74.2533630218 -20.382298201 -1
868 74.7355277167 -20.5146507867 -1
869 75.2176924117 -20.6470033724 -1
870 75.6998571066 -20.7793559581 -1
871 76.1820218016 -20.9117085439 -1
872 76.6641864965 -21.0440611296 -1
873 77.1463511915 -21.1764137153 -1
874 73.2890336319 -20.1175930295 -0.5
875 73.7711983268 -20.2499456153 -0.5
876 74.2533630218 -20.382298201 -0.5
877 74.7355277167 -20.5146507867 -0.5
878 75.2176924117 -20.6470033724 -0.5
879 75.6998571066 -20.7793559581 -0.5
880 76.1820218016 -20.9117085439 -0.5
881 76.6641864965 -21.0440611296 -0.5
882 77.1463511915 -21.1764137153 -0.5
883 73.2890336319 -20.1175930295 0
884 73.7711983268 -20.2499456153 0
885 74.2533630218 -20.382298201 0
886 74.7355277167 -20.5146507867 0
887 75.2176924117 -20.6470033724 0
888 75.6998571066 -20.7793559581 0
889 76.1820218016 -20.9117085439 0
890 76.6641864965 -21.0440611296 0
891 77.1463511915 -21.1764137153 0
892 73.1542486969 -20.6023274799 -15.2606092041
893 73.6355266489 -20.737869108 -15.2606092041
894 74.1168046008 -20.8734107362 -15.2606092041
895 74.5980825528 -21.0089523643 -15.2606092041
896 75.0793605047 -21.1444939925 -15.2606092041
897 75.5606384567 -21.2800356207 -15.2606092041
898 76.0419164087 -21.4155772488 -15.2606092041
899 76.5231943606 -21.551118877 -15.2606092041
900 77.0044723126 -21.6866605051 -15.2606092041
901 73.1542486969 -20.6023274799 -15
902 73.6355266489 -20.737869108 -15
903 74.1168046008 -20.8734107362 -15
904 74.5980825528 -21.0089523643 -15
905 75.0793605047 -21.1444939925 -15
906 75.5606384567 -21.2800356207 -15
907 76.0419164087 -21.4155772488 -15
908 76.5231943606 -21.551118877 -15
909 77.0044723126 -21.6866605051 -15
910 73.1542486969 -20.6023274799 -14.5
911 73.6355266489 -20.737869108 -14.5
912 74.1168046008 -20.8734107362 -14.5
913 74.5980825528 -21.0089523643 -14.5
914 75.0793605047 -21.1444939925 -14.5
915 75.5606384567 -21.2800356207 -14.5
916 76.0419164087 -21.4155772488 -14.5
917 76.5231943606 -21.551118877 -14.5
918 77.0044723126 -21.6866605051 -14.5
919 73.1542486969 -20.6023274799 -14
920 73.6355266489 -20.737869108 -14
921 74.1168046008 -20.8734107362 -14
922 74.5980825528 -21.0089523643 -14
923 75.0793605047 -21.1444939925 -14
924 75.5606384567 -21.2800356207 -14
925 76.0419164087 -21.4155772488 -14
926 76.5231943606 -21.551118877 -14
927 77.0044723126 -21.6866605051 -14
928 73.1542486969 -20.6023274799 -13.5
929 73.6355266489 -20.737869108 -13.5
930 74.1168046008 -20.8734107362 -13.5
931 74.5980825528 -21.0089523643 -13.5
932 75.0793605047 -21.1444939925 -13.5
933 75.5606384567 -21.2800356207 -13.5
934 76.0419164087 -21.4155772488 -13.5
935 76.5231943606 -21.551118877 -13.5
936 77.0044723126 -21.6866605051 -13.5
937 73.1542486969 -20.6023274799 -13
938 73.6355266489 -20.737869108 -13
939 74.1168046008 -20.8734107362 -13
940 74.5980825528 -21.0089523643 -13
941 75.0793605047 -21.1444939925 -13
942 75.5606384567 -21.2800356207 -13
943 76.0419164087 -21.4155772488 -13
944 76.5231943606 -21.551118877 -13
945 77.0044723126 -21.6866605051 -13
946 73.1542486969 -20.6023274799 -12.5
947 73.6355266489 -20.737869108 -12.5
948 74.1168046008 -20.8734107362 -12.5
949 74.5980825528 -21.0089523643 -12.5
950 75.0793605047 -21.1444939925 -12.5
951 75.5606384567 -21.2800356207 -12.5
952 76.0419164087 -21.4155772488 -12.5
953 76.5231943606 -21.551118877 -12.5
954 77.0044723126 -21.6866605051 -12.5
955 73.1542486969 -20.6023274799 -12
956 73.6355266489 -20.737869108 -12
957 74.1168046008 -20.8734107362 -12
958 74.5980825528 -21.0089523643 -12
959 75.0793605047 -21.1444939925 -12
960 75.5606384567 -21.2800356207 -12
961 76.0419164087 -21.4155772488 -12
962 76.5231943606 -21.551118877 -12
963 77.0044723126 -21.6866605051 -12
964 73.1542486969 -20.6023274799 -11.5
965 73.6355266489 -20.737869108 -11.5
966 74.1168046008 -20.8734107362 -11.5
967 74.5980825528 -21.0089523643 -11.5
968 75.0793605047 -21.1444939925 -11.5
969 75.5606384567 -21.2800356207 -11.5
970 76.0419164087 -21.4155772488 -11.5
971 76.5231943606 -21.551118877 -11.5
972 77.0044723126 -21.6866605051 -11.5
973 73.1542486969 -20.6023274799 -11
974 73.6355266489 -20.737869108 -11
975 74.1168046008 -20.8734107362 -11
976 74.5980825528 -21.0089523643 -11
977 75.0793605047 -21.1444939925 -11
978 75.5606384567 -21.2800356207 -11
979 76.0419164087 -21.4155772488 -11
980 76.5231943606 -21.551118877 -11
981 77.0044723126 -21.6866605051 -11
982 73.1542486969 -20.6023274799 -10.5
983 73.6355266489 -20.737869108 -10.5
984 74.1168046008 -20.8734107362 -10.5
985 74.5980825528 -21.0089523643 -10.5
986 75.0793605047 -21.1444939925 -10.5
987 75.5606384567 -21.2800356207 -10.5
988 76.0419164087 -21.4155772488 -10.5
989 76.5231943606 -21.551118877 -10.5
990 77.0044723126 -21.6866605051 -10.5
991 73.1542486969 -20.6023274799 -10
992 73.6355266489 -20.737869108 -10
993 74.1168046008 -20.8734107362 -10
994 74.5980825528 -21.0089523643 -10
995 75.0793605047 -21.1444939925 -10
996 75.5606384567 -21.2800356207 -10
997 76.0419164087 -21.4155772488 -10
998 76.5231943606 -21.551118877 -10
999 77.0044723126 -21.6866605051 -10
1000 73.1542486969 -20.6023274799 -9.5
1001 73.6355266489 -20.737869108 -9.5
1002 74.1168046008 -20.8734107362 -9.5
1003 74.5980825528 -21.0089523643 -9.5
1004 75.0793605047 -21.1444939925 -9.5
1005 75.5606384567 -21.2800356207 -9.5
1006 76.0419164087 -21.4155772488 -9.5
1007 76.5231943606 -21.551118877 -9.5
1008 77.0044723126 -21.6866605051 -9.5
1009 73.1542486969 -20.6023274799 -9
1010 73.6355266489 -20.737869108 -9
1011 74.1168046008 -20.8734107362 -9
1012 74.5980825528 -21.0089523643 -9
1013 75.0793605047 -21.1444939925 -9
1014 75.5606384567 -21.2800356207 -9
1015 76.0419164087 -21.4155772488 -9
1016 76.5231943606 -21.551118877 -9
1017 77.0044723126 -21.6866605051 -9
1018 73.1542486969 -20.6023274799 -8.5
1019 73.6355266489 -20.737869108 -8.5
1020 74.1168046008 -20.8734107362 -8.5
1021 74.5980825528 -21.0089523643 -8.5
1022 75.0793605047 -21.1444939925 -8.5
1023 75.5606384567 -21.2800356207 -8.5
1024 76.0419164087 -21.4155772488 -8.5
1025 76.5231943606 -21.551118877 -8.5
1026 77.0044723126 -21.6866605051 -8.5
1027 73.1542486969 -20.6023274799 -8
1028 73.6355266489 -20.737869108 -8
1029 74.1168046008 -20.8734107362 -8
1030 74.5980825528 -21.0089523643 -8
1031 75.0793605047 -21.1444939925 -8
1032 75.5606384567 -21.2800356207 -8
1033 76.0419164087 -21.4155772488 -8
1034 76.5231943606 -21.551118877 -8
1035 77.0044723126 -21.6866605051 -8
1036 73.1542486969 -20.6023274799 -7.5
1037 73.6355266489 -20.737869108 -7.5
1038 74.1168046008 -20.8734107362 -7.5
1039 74.5980825528 -21.0089523643 -7.5
1040 75.0793605047 -21.1444939925 -7.5
1041 75.5606384567 -21.2800356207 -7.5
1042 76.0419164087 -21.4155772488 -7.5
1043 76.5231943606 -21.551118877 -7.5
1044 77.0044723126 -21.6866605051 -7.5
1045 73.1542486969 -20.6023274799 -7
1046 73.6355266489 -20.737869108 -7
1047 74.1168046008 -20.8734107362 -7
1048 74.5980825528 -21.0089523643 -7
1049 75.0793605047 -21.1444939925 -7
1050 75.5606384567 -21.2800356207 -7
1051 76.0419164087 -21.4155772488 -7
1052 76.5231943606 -21.551118877 -7
1053 77.0044723126 -21.6866605051 -7
1054 73.1542486969 -20.6023274799 -6.5
1055 73.6355266489 -20.737869108 -6.5
1056 74.1168046008 -20.8734107362 -6.5
1057 74.5980825528 -21.0089523643 -6.5
1058 75.0793605047 -21.1444939925 -6.5
1059 75.5606384567 -21.2800356207 -6.5
1060 76.0419164087 -21.4155772488 -6.5
1061 76.5231943606 -21.551118877 -6.5
1062 77.0044723126 -21.6866605051 -6.5
1063 73.1542486969 -20.6023274799 -6
1064 73.6355266489 -20.737869108 -6
1065 74.1168046008 -20.8734107362 -6
1066 74.5980825528 -21.0089523643 -6
1067 75.0793605047 -21.1444939925 -6
1068 75.5606384567 -21.2800356207 -6
1069 76.0419164087 -21.4155772488 -6
1070 76.5231943606 -21.551118877 -6
1071 77.0044723126 -21.6866605051 -6
1072 73.1542486969 -20.6023274799 -5.5
1073 73.6355266489 -20.737869108 -5.5
1074 74.1168046008 -20.8734107362 -5.5
1075 74.5980825528 -21.0089523643 -5.5
1076 75.0793605047 -21.1444939925 -5.5
1077 75.5606384567 -21.2800356207 -5.5
1078 76.0419164087 -21.4155772488 -5.5
1079 76.5231943606 -21.551118877 -5.5
1080 77.0044723126 -21.6866605051 -5.5
1081 73.1542486969 -20.6023274799 -5
1082 73.6355266489 -20.737869108 -5
1083 74.1168046008 -20.8734107362 -5
1084 74.5980825528 -21.0089523643 -5
1085 75.0793605047 -21.1444939925 -5
1086 75.5606384567 -21.2800356207 -5
1087 76.0419164087 -21.4155772488 -5
1088 76.5231943606 -21.551118877 -5
1089 77.0044723126 -21.6866605051 -5
1090 73.1542486969 -20.6023274799 -4.5
1091 73.6355266489 -20.737869108 -4.5
1092 74.1168046008 -20.8734107362 -4.5
1093 74.5980825528 -21.0089523643 -4.5
1094 75.0793605047 -21.1444939925 -4.5
1095 75.5606384567 -21.2800356207 -4.5
1096 76.0419164087 -21.4155772488 -4.5
1097 76.5231943606 -21.551118877 -4.5
1098 77.0044723126 -21.6866605051 -4.5
1099 73.1542486969 -20.6023274799 -4
1100 73.6355266489 -20.737869108 -4
1101 74.1168046008 -20.8734107362 -4
1102 74.5980825528 -21.0089523643 -4
1103 75.0793605047 -21.1444939925 -4
1104 75.5606384567 -21.2800356207 -4
1105 76.0419164087 -21.4155772488 -4
1106 76.5231943606 -21.551118877 -4
1107 77.0044723126 -21.6866605051 -4
1108 73.1542486969 -20.6023274799 -3.5
1109 73.6355266489 -20.737869108 -3.5
1110 74.1168046008 -20.8734107362 -3.5
1111 74.5980825528 -21.0089523643 -3.5
1112 75.0793605047 -21.1444939925 -3.5
1113 75.5606384567 -21.2800356207 -3.5
1114 76.0419164087 -21.4155772488 -3.5
1115 76.5231943606 -21.551118877 -3.5
1116 77.0044723126 -21.6866605051 -3.5
1117 73.1542486969 -20.6023274799 -3
1118 73.6355266489 -20.737869108 -3
1119 74.1168046008 -20.8734107362 -3
1120 74.5980825528 -21.0089523643 -3
1121 75.0793605047 -21.1444939925 -3
1122 75.5606384567 -21.2800356207 -3
1123 76.0419164087 -21.4155772488 -3
1124 76.5231943606 -21.551118877 -3
1125 77.0044723126 -21.6866605051 -3
1126 73.1542486969 -20.6023274799 -2.5
1127 73.6355266489 -20.737869108 -2.5
1128 74.1168046008 -20.8734107362 -2.5
1129 74.5980825528 -21.0089523643 -2.5
1130 75.0793605047 -21.1444939925 -2.5
1131 75.5606384567 -21.2800356207 -2.5
1132 76.0419164087 -21.4155772488 -2.5
1133 76.5231943606 -21.551118877 -2.5
1134 77.0044723126 -21.6866605051 -2.5
1135 73.1542486969 -20.6023274799 -2
1136 73.6355266489 -20.737869108 -2
1137 74.1168046008 -20.8734107362 -2
1138 74.5980825528 -21.0089523643 -2
1139 75.0793605047 -21.1444939925 -2
1140 75.5606384567 -21.2800356207 -2
1141 76.0419164087 -21.4155772488 -2
1142 76.5231943606 -21.551118877 -2
1143 77.0044723126 -21.6866605051 -2
1144 73.1542486969 -20.6023274799 -1.5
1145 73.6355266489 -20.737869108 -1.5
1146 74.1168046008 -20.8734107362 -1.5
1147 74.5980825528 -21.0089523643 -1.5
1148 75.0793605047 -21.1444939925 -1.5
1149 75.5606384567 -21.2800356207 -1.5
1150 76.0419164087 -21.4155772488 -1.5
1151 76.5231943606 -21.551118877 -1.5
1152 77.0044723126 -21.6866605051 -1.5
1153 73.1542486969 -20.6023274799 -1
1154 73.6355266489 -20.737869108 -1
1155 74.1168046008 -20.8734107362 -1
1156 74.5980825528 -21.0089523643 -1
1157 75.0793605047 -21.1444939925 -1
1158 75.5606384567 -21.2800356207 -1
1159 76.0419164087 -21.4155772488 -1
1160 76.5231943606 -21.551118877 -1
1161 77.0044723126 -21.6866605051 -1
1162 73.1542486969 -20.6023274799 -0.5
1163 73.6355266489 -20.737869108 -0.5
1164 74.1168046008 -20.8734107362 -0.5
1165 74.5980825528 -21.0089523643 -0.5
1166 75.0793605047 -21.1444939925 -0.5
1167 75.5606384567 -21.2800356207 -0.5
1168 76.0419164087 -21.4155772488 -0.5
1169 76.5231943606 -21.551118877 -0.5
1170 77.0044723126 -21.6866605051 -0.5
1171 73.1542486969 -20.6023274799 0
1172 73.6355266489 -20.737869108 0
1173 74.1168046008 -20.8734107362 0
1174 74.5980825528 -21.0089523643 0
1175 75.0793605047 -21.1444939925 0
1176 75.5606384567 -21.2800356207 0
1177 76.0419164087 -21.4155772488 0
1178 76.5231943606 -21.551118877 0
1179 77.0044723126 -21.6866605051 0
1180 73.016257761 -21.0861590287 -15.0047690604
1181 73.016257761 -21.0861590287 -15
1182 73.4966278778 -21.2248837591 -15.0047690604
1183 73.4966278778 -21.2248837591 -15
1184 73.9769979947 -21.3636084896 -15.0047690604
1185 73.9769979947 -21.3636084896 -15
1186 74.4573681115 -21.50233322 -15.0047690604
1187 74.4573681115 -21.50233322 -15
1188 74.9377382284 -21.6410579505 -15.0047690604
1189 74.9377382284 -21.6410579505 -15
1190 75.4181083452 -21.7797826809 -15.0047690604
1191 75.4181083452 -21.7797826809 -15
1192 75.8984784621 -21.9185074114 -15.0047690604
1193 75.8984784621 -21.9185074114 -15
1194 76.3788485789 -22.0572321418 -15.0047690604
1195 76.3788485789 -22.0572321418 -15
1196 76.8592186958 -22.1959568723 -15.0047690604
1197 76.8592186958 -22.1959568723 -15
1198 73.016257761 -21.0861590287 -14.5
1199 73.4966278778 -21.2248837591 -14.5
1200 73.9769979947 -21.3636084896 -14.5
1201 74.4573681115 -21.50233322 -14.5
1202 74.9377382284 -21.6410579505 -14.5
1203 75.4181083452 -21.7797826809 -14.5
1204 75.8984784621 -21.9185074114 -14.5
1205 76.3788485789 -22.0572321418 -14.5
1206 76.8592186958 -22.1959568723 -14.5
1207 73.016257761 -21.0861590287 -14
1208 73.4966278778 -21.2248837591 -14
1209 73.9769979947 -21.3636084896 -14
1210 74.4573681115 -21.50233322 -14
1211 74.9377382284 -21.6410579505 -14
1212 75.4181083452 -21.7797826809 -14
1213 75.8984784621 -21.9185074114 -14
1214 76.3788485789 -22.0572321418 -14
1215 76.8592186958 -22.1959568723 -14
1216 73.016257761 -21.0861590287 -13.5
1217 73.4966278778 -21.2248837591 -13.5
1218 73.9769979947 -21.3636084896 -13.5
1219 74.4573681115 -21.50233322 -13.5
1220 74.9377382284 -21.6410579505 -13.5
1221 75.4181083452 -21.7797826809 -13.5
1222 75.8984784621 -21.9185074114 -13.5
1223 76.3788485789 -22.0572321418 -13.5
1224 76.8592186958 -22.1959568723 -13.5
1225 73.016257761 -21.0861590287 -13
1226 73.4966278778 -21.2248837591 -13
1227 73.9769979947 -21.3636084896 -13
1228 74.4573681115 -21.50233322 -13
1229 74.9377382284 -21.6410579505 -13
1230 75.4181083452 -21.7797826809 -13
1231 75.8984784621 -21.9185074114 -13
1232 76.3788485789 -22.0572321418 -13
1233 76.8592186958 -22.1959568723 -13
1234 73.016257761 -21.0861590287 -12.5
1235 73.4966278778 -21.2248837591 -12.5
1236 73.9769979947 -21.3636084896 -12.5
1237 74.4573681115 -21.50233322 -12.5
1238 74.9377382284 -21.6410579505 -12.5
1239 75.4181083452 -21.7797826809 -12.5
1240 75.8984784621 -21.9185074114 -12.5
1241 76.3788485789 -22.0572321418 -12.5
1242 76.8592186958 -22.1959568723 -12.5
1243 73.016257761 -21.0861590287 -12
1244 73.4966278778 -21.2248837591 -12
1245 73.9769979947 -21.3636084896 -12
1246 74.4573681115 -21.50233322 -12
1247 74.9377382284 -21.6410579505 -12
1248 75.4181083452 -21.7797826809 -12
1249 75.8984784621 -21.9185074114 -12
1250 76.3788485789 -22.0572321418 -12
1251 76.8592186958 -22.1959568723 -12
1252 73.016257761 -21.0861590287 -11.5
1253 73.4966278778 -21.2248837591 -11.5
1254 73.9769979947 -21.3636084896 -11.5
1255 74.4573681115 -21.50233322 -11.5
1256 74.9377382284 -21.6410579505 -11.5
1257 75.4181083452 -21.7797826809 -11.5
1258 75.8984784621 -21.9185074114 -11.5
1259 76.3788485789 -22.0572321418 -11.5
1260 76.8592186958 -22.1959568723 -11.5
1261 73.016257761 -21.0861590287 -11
1262 73.4966278778 -21.2248837591 -11
1263 73.9769979947 -21.3636084896 -11
1264 74.4573681115 -21.50233322 -11
1265 74.9377382284 -21.6410579505 -11
1266 75.4181083452 -21.7797826809 -11
1267 75.8984784621 -21.9185074114 -11
1268 76.3788485789 -22.0572321418 -11
1269 76.8592186958 -22.1959568723 -11
1270 73.016257761 -21.0861590287 -10.5
1271 73.4966278778 -21.2248837591 -10.5
1272 73.9769979947 -21.3636084896 -10.5
1273 74.4573681115 -21.50233322 -10.5
1274 74.9377382284 -21.6410579505 -10.5
1275 75.4181083452 -21.7797826809 -10.5
1276 75.8984784621 -21.9185074114 -10.5
1277 76.3788485789 -22.0572321418 -10.5
1278 76.8592186958 -22.1959568723 -10.5
1279 73.016257761 -21.0861590287 -10
1280 73.4966278778 -21.2248837591 -10
1281 73.9769979947 -21.3636084896 -10
1282 74.4573681115 -21.50233322 -10
1283 74.9377382284 -21.6410579505 -10
1284 75.4181083452 -21.7797826809 -10
1285 75.8984784621 -21.9185074114 -10
1286 76.3788485789 -22.0572321418 -10
1287 76.8592186958 -22.1959568723 -10
1288 73.016257761 -21.0861590287 -9.5
1289 73.4966278778 -21.2248837591 -9.5
1290 73.9769979947 -21.3636084896 -9.5
1291 74.4573681115 -21.50233322 -9.5
1292 74.9377382284 -21.6410579505 -9.5
1293 75.4181083452 -21.7797826809 -9.5
1294 75.8984784621 -21.9185074114 -9.5
1295 76.3788485789 -22.0572321418 -9.5
1296 76.8592186958 -22.1959568723 -9.5
1297 73.016257761 -21.0861590287 -9
1298 73.4966278778 -21.2248837591 -9
1299 73.9769979947 -21.3636084896 -9
1300 74.4573681115 -21.50233322 -9
1301 74.9377382284 -21.6410579505 -9
1302 75.4181083452 -21.7797826809 -9
1303 75.8984784621 -21.9185074114 -9
1304 76.3788485789 -22.0572321418 -9
1305 76.8592186958 -22.1959568723 -9
1306 73.016257761 -21.0861590287 -8.5
1307 73.4966278778 -21.2248837591 -8.5
1308 73.9769979947 -21.3636084896 -8.5
1309 74.4573681115 -21.50233322 -8.5
1310 74.9377382284 -21.6410579505 -8.5
1311 75.4181083452 -21.7797826809 -8.5
1312 75.8984784621 -21.9185074114 -8.5
1313 76.3788485789 -22.0572321418 -8.5
1314 76.8592186958 -22.1959568723 -8.5
1315 73.016257761 -21.0861590287 -8
1316 73.4966278778 -21.2248837591 -8
1317 73.9769979947 -21.3636084896 -8
1318 74.4573681115 -21.50233322 -8
1319 74.9377382284 -21.6410579505 -8
1320 75.4181083452 -21.7797826809 -8
1321 75.8984784621 -21.9185074114 -8
1322 76.3788485789 -22.0572321418 -8
1323 76.8592186958 -22.1959568723 -8
1324 73.016257761 -21.0861590287 -7.5
1325 73.4966278778 -21.2248837591 -7.5
1326 73.9769979947 -21.3636084896 -7.5
1327 74.4573681115 -21.50233322 -7.5
1328 74.9377382284 -21.6410579505 -7.5
1329 75.4181083452 -21.7797826809 -7.5
1330 75.8984784621 -21.9185074114 -7.5
1331 76.3788485789 -22.0572321418 -7.5
1332 76.8592186958 -22.1959568723 -7.5
1333 73.016257761 -21.0861590287 -7
1334 73.4966278778 -21.2248837591 -7
1335 73.9769979947 -21.3636084896 -7
1336 74.4573681115 -21.50233322 -7
1337 74.9377382284 -21.6410579505 -7
1338 75.4181083452 -21.7797826809 -7
1339 75.8984784621 -21.9185074114 -7
1340 76.3788485789 -22.0572321418 -7
1341 76.8592186958 -22.1959568723 -7
1342 73.016257761 -21.0861590287 -6.5
1343 73.4966278778 -21.2248837591 -6.5
1344 73.9769979947 -21.3636084896 -6.5
1345 74.4573681115 -21.50233322 -6.5
1346 74.9377382284 -21.6410579505 -6.5
1347 75.4181083452 -21.7797826809 -6.5
1348 75.8984784621 -21.9185074114 -6.5
1349 76.3788485789 -22.0572321418 -6.5
1350 76.8592186958 -22.1959568723 -6.5
1351 73.016257761 -21.0861590287 -6
1352 73.4966278778 -21.2248837591 -6
1353 73.9769979947 -21.3636084896 -6
1354 74.4573681115 -21.50233322 -6
1355 74.9377382284 -21.6410579505 -6
1356 75.4181083452 -21.7797826809 -6
1357 75.8984784621 -21.9185074114 -6
1358 76.3788485789 -22.0572321418 -6
1359 76.8592186958 -22.1959568723 -6
1360 73.016257761 -21.0861590287 -5.5
1361 73.4966278778 -21.2248837591 -5.5
1362 73.9769979947 -21.3636084896 -5.5
1363 74.4573681115 -21.50233322 -5.5
1364 74.9377382284 -21.6410579505 -5.5
1365 75.4181083452 -21.7797826809 -5.5
1366 75.8984784621 -21.9185074114 -5.5
1367 76.3788485789 -22.0572321418 -5.5
1368 76.8592186958 -22.1959568723 -5.5
1369 73.016257761 -21.0861590287 -5
1370 73.4966278778 -21.2248837591 -5
1371 73.9769979947 -21.3636084896 -5
1372 74.4573681115 -21.50233322 -5
1373 74.9377382284 -21.6410579505 -5
1374 75.4181083452 -21.7797826809 -5
1375 75.8984784621 -21.9185074114 -5
1376 76.3788485789 -22.0572321418 -5
1377 76.8592186958 -22.1959568723 -5
1378 73.016257761 -21.0861590287 -4.5
1379 73.4966278778 -21.2248837591 -4.5
1380 73.9769979947 -21.3636084896 -4.5
1381 74.4573681115 -21.50233322 -4.5
1382 74.9377382284 -21.6410579505 -4.5
1383 75.4181083452 -21.7797826809 -4.5
1384 75.8984784621 -21.9185074114 -4.5
1385 76.3788485789 -22.0572321418 -4.5
1386 76.8592186958 -22.1959568723 -4.5
1387 73.016257761 -21.0861590287 -4
1388 73.4966278778 -21.2248837591 -4
1389 73.9769979947 -21.3636084896 -4
1390 74.4573681115 -21.50233322 -4
1391 74.9377382284 -21.6410579505 -4
1392 75.4181083452 -21.7797826809 -4
1393 75.8984784621 -21.9185074114 -4
1394 76.3788485789 -22.0572321418 -4
1395 76.8592186958 -22.1959568723 -4
1396 73.016257761 -21.0861590287 -3.5
1397 73.4966278778 -21.2248837591 -3.5
1398 73.9769979947 -21.3636084896 -3.5
1399 74.4573681115 -21.50233322 -3.5
1400 74.9377382284 -21.6410579505 -3.5
1401 75.4181083452 -21.7797826809 -3.5
1402 75.8984784621 -21.9185074114 -3.5
1403 76.3788485789 -22.0572321418 -3.5
1404 76.8592186958 -22.1959568723 -3.5
1405 73.016257761 -21.0861590287 -3
1406 73.4966278778 -21.2248837591 -3
1407 73.9769979947 -21.3636084896 -3
1408 74.4573681115 -21.50233322 -3
1409 74.9377382284 -21.6410579505 -3
1410 75.4181083452 -21.7797826809 -3
1411 75.8984784621 -21.9185074114 -3
1412 76.3788485789 -22.0572321418 -3
1413 76.8592186958 -22.1959568723 -3
1414 73.016257761 -21.0861590287 -2.5
1415 73.4966278778 -21.2248837591 -2.5
1416 73.9769979947 -21.3636084896 -2.5
1417 74.4573681115 -21.50233322 -2.5
1418 74.9377382284 -21.6410579505 -2.5
1419 75.4181083452 -21.7797826809 -2.5
1420 75.8984784621 -21.9185074114 -2.5
1421 76.3788485789 -22.0572321418 -2.5
1422 76.8592186958 -22.1959568723 -2.5
1423 73.016257761 -21.0861590287 -2
1424 73.4966278778 -21.2248837591 -2
1425 73.9769979947 -21.3636084896 -2
1426 74.4573681115 -21.50233322 -2
1427 74.9377382284 -21.6410579505 -2
1428 75.4181083452 -21.7797826809 -2
1429 75.8984784621 -21.9185074114 -2
1430 76.3788485789 -22.0572321418 -2
1431 76.8592186958 -22.1959568723 -2
1432 73.016257761 -21.0861590287 -1.5
1433 73.4966278778 -21.2248837591 -1.5
1434 73.9769979947 -21.3636084896 -1.5
1435 74.4573681115 -21.50233322 -1.5
1436 74.9377382284 -21.6410579505 -1.5
1437 75.4181083452 -21.7797826809 -1.5
1438 75.8984784621 -21.9185074114 -1.5
1439 76.3788485789 -22.0572321418 -1.5
1440 76.8592186958 -22.1959568723 -1.5
1441 73.016257761 -21.0861590287 -1
1442 73.4966278778 -21.2248837591 -1
1443 73.9769979947 -21.3636084896 -1
1444 74.4573681115 -21.50233322 -1
1445 74.9377382284 -21.6410579505 -1
1446 75.4181083452 -21.7797826809 -1
1447 75.8984784621 -21.9185074114 -1
1448 76.3788485789 -22.0572321418 -1
1449 76.8592186958 -22.1959568723 -1
1450 73.016257761 -21.0861590287 -0.5
1451 73.4966278778 -21.2248837591 -0.5
1452 73.9769979947 -21.3636084896 -0.5
1453 74.4573681115 -21.50233322 -0.5
1454 74.9377382284 -21.6410579505 -0.5
1455 75.4181083452 -21.7797826809 -0.5
1456 75.8984784621 -21.9185074114 -0.5
1457 76.3788485789 -22.0572321418 -0.5
1458 76.8592186958 -22.1959568723 -0.5
1459 73.016257761 -21.0861590287 0
1460 73.4966278778 -21.2248837591 0
1461 73.9769979947 -21.3636084896 0
1462 74.4573681115 -21.50233322 0
1463 74.9377382284 -21.6410579505 0
1464 75.4181083452 -21.7797826809 0
1465 75.8984784621 -21.9185074114 0
1466 76.3788485789 -22.0572321418 0
1467 76.8592186958 -22.1959568723 0
1468 72.8750668715 -21.5690664719 -14.7493455257
1469 73.3545081009 -21.710968225 -14.7493455257
1470 73.8339493304 -21.8528699781 -14.7493455257
1471 74.3133905598 -21.9947717312 -14.7493455257
1472 74.7928317892 -22.1366734844 -14.7493455257
1473 75.2722730186 -22.2785752375 -14.7493455257
1474 75.751714248 -22.4204769906 -14.7493455257
1475 76.2311554775 -22.5623787437 -14.7493455257
1476 76.7105967069 -22.7042804968 -14.7493455257
1477 72.8750668715 -21.5690664719 -14.5
1478 73.3545081009 -21.710968225 -14.5
1479 73.8339493304 -21.8528699781 -14.5
1480 74.3133905598 -21.9947717312 -14.5
1481 74.7928317892 -22.1366734844 -14.5
1482 75.2722730186 -22.2785752375 -14.5
1483 75.751714248 -22.4204769906 -14.5
1484 76.2311554775 -22.5623787437 -14.5
1485 76.7105967069 -22.7042804968 -14.5
1486 72.8750668715 -21.5690664719 -14
1487 73.3545081009 -21.710968225 -14
1488 73.8339493304 -21.8528699781 -14
1489 74.3133905598 -21.9947717312 -14
1490 74.7928317892 -22.1366734844 -14
1491 75.2722730186 -22.2785752375 -14
1492 75.751714248 -22.4204769906 -14
1493 76.2311554775 -22.5623787437 -14
1494 76.7105967069 -22.7042804968 -14
1495 72.8750668715 -21.5690664719 -13.5
1496 73.3545081009 -21.710968225 -13.5
1497 73.8339493304 -21.8528699781 -13.5
1498 74.3133905598 -21.9947717312 -13.5
1499 74.7928317892 -22.1366734844 -13.5
1500 75.2722730186 -22.2785752375 -13.5
1501 75.751714248 -22.4204769906 -13.5
1502 76.2311554775 -22.5623787437 -13.5
1503 76.7105967069 -22.7042804968 -13.5
1504 72.8750668715 -21.5690664719 -13
1505 73.3545081009 -21.710968225 -13
1506 73.8339493304 -21.8528699781 -13
1507 74.3133905598 -21.9947717312 -13
1508 74.7928317892 -22.1366734844 -13
1509 75.2722730186 -22.2785752375 -13
1510 75.751714248 -22.4204769906 -13
1511 76.2311554775 -22.5623787437 -13
1512 76.7105967069 -22.7042804968 -13
1513 72.8750668715 -21.5690664719 -12.5
1514 73.3545081009 -21.710968225 -12.5
1515 73.8339493304 -21.8528699781 -12.5
1516 74.3133905598 -21.9947717312 -12.5
1517 74.7928317892 -22.1366734844 -12.5
1518 75.2722730186 -22.2785752375 -12.5
1519 75.751714248 -22.4204769906 -12.5
1520 76.2311554775 -22.5623787437 -12.5
1521 76.7105967069 -22.7042804968 -12.5
1522 72.8750668715 -21.5690664719 -12
1523 73.3545081009 -21.710968225 -12
1524 73.8339493304 -21.8528699781 -12
1525 74.3133905598 -21.9947717312 -12
1526 74.7928317892 -22.1366734844 -12
1527 75.2722730186 -22.2785752375 -12
1528 75.751714248 -22.4204769906 -12
1529 76.2311554775 -22.5623787437 -12
1530 76.7105967069 -22.7042804968 -12
1531 72.8750668715 -21.5690664719 -11.5
1532 73.3545081009 -21.710968225 -11.5
1533 73.8339493304 -21.8528699781 -11.5
1534 74.3133905598 -21.9947717312 -11.5
1535 74.7928317892 -22.1366734844 -11.5
1536 75.2722730186 -22.2785752375 -11.5
1537 75.751714248 -22.4204769906 -11.5
1538 76.2311554775 -22.5623787437 -11.5
1539 76.7105967069 -22.7042804968 -11.5
1540 72.8750668715 -21.5690664719 -11
1541 73.3545081009 -21.710968225 -11
1542 73.8339493304 -21.8528699781 -11
1543 74.3133905598 -21.9947717312 -11
1544 74.7928317892 -22.1366734844 -11
1545 75.2722730186 -22.2785752375 -11
1546 75.751714248 -22.4204769906 -11
1547 76.2311554775 -22.5623787437 -11
1548 76.7105967069 -22.7042804968 -11
1549 72.8750668715 -21.5690664719 -10.5
1550 73.3545081009 -21.710968225 -10.5
1551 73.8339493304 -21.8528699781 -10.5
1552 74.3133905598 -21.9947717312 -10.5
1553 74.7928317892 -22.1366734844 -10.5
1554 75.2722730186 -22.2785752375 -10.5
1555 75.751714248 -22.4204769906 -10.5
1556 76.2311554775 -22.5623787437 -10.5
1557 76.7105967069 -22.7042804968 -10.5
1558 72.8750668715 -21.5690664719 -10
1559 73.3545081009 -21.710968225 -10
1560 73.8339493304 -21.8528699781 -10
1561 74.3133905598 -21.9947717312 -10
1562 74.7928317892 -22.1366734844 -10
1563 75.2722730186 -22.2785752375 -10
1564 75.751714248 -22.4204769906 -10
1565 76.2311554775 -22.5623787437 -10
1566 76.7105967069 -22.7042804968 -10
1567 72.8750668715 -21.5690664719 -9.5
1568 73.3545081009 -21.710968225 -9.5
1569 73.8339493304 -21.8528699781 -9.5
1570 74.3133905598 -21.9947717312 -9.5
1571 74.7928317892 -22.1366734844 -9.5
1572 75.2722730186 -22.2785752375 -9.5
1573 75.751714248 -22.4204769906 -9.5
1574 76.2311554775 -22.5623787437 -9.5
1575 76.7105967069 -22.7042804968 -9.5
1576 72.8750668715 -21.5690664719 -9
1577 73.3545081009 -21.710968225 -9
1578 73.8339493304 -21.8528699781 -9
1579 74.3133905598 -21.9947717312 -9
1580 74.7928317892 -22.1366734844 -9
1581 75.2722730186 -22.2785752375 -9
1582 75.751714248 -22.4204769906 -9
1583 76.2311554775 -22.5623787437 -9
1584 76.7105967069 -22.7042804968 -9
1585 72.8750668715 -21.5690664719 -8.5
1586 73.3545081009 -21.710968225 -8.5
1587 73.8339493304 -21.8528699781 -8.5
1588 74.3133905598 -21.9947717312 -8.5
1589 74.7928317892 -22.1366734844 -8.5
1590 75.2722730186 -22.2785752375 -8.5
1591 75.751714248 -22.4204769906 -8.5
1592 76.2311554775 -22.5623787437 -8.5
1593 76.7105967069 -22.7042804968 -8.5
1594 72.8750668715 -21.5690664719 -8
1595 73.3545081009 -21.710968225 -8
1596 73.8339493304 -21.8528699781 -8
1597 74.3133905598 -21.9947717312 -8
1598 74.7928317892 -22.1366734844 -8
1599 75.2722730186 -22.2785752375 -8
1600 75.751714248 -22.4204769906 -8
1601 76.2311554775 -22.5623787437 -8
1602 76.7105967069 -22.7042804968 -8
1603 72.8750668715 -21.5690664719 -7.5
1604 73.3545081009 -21.710968225 -7.5
1605 73.8339493304 -21.8528699781 -7.5
1606 74.3133905598 -21.9947717312 -7.5
1607 74.7928317892 -22.1366734844 -7.5
1608 75.2722730186 -22.2785752375 -7.5
1609 75.751714248 -22.4204769906 -7.5
1610 76.2311554775 -22.5623787437 -7.5
1611 76.7105967069 -22.7042804968 -7.5
1612 72.8750668715 -21.5690664719 -7
1613 73.3545081009 -21.710968225 -7
1614 73.8339493304 -21.8528699781 -7
1615 74.3133905598 -21.9947717312 -7
1616 74.7928317892 -22.1366734844 -7
1617 75.2722730186 -22.2785752375 -7
1618 75.751714248 -22.4204769906 -7
1619 76.2311554775 -22.5623787437 -7
1620 76.7105967069 -22.7042804968 -7
1621 72.8750668715 -21.5690664719 -6.5
1622 73.3545081009 -21.710968225 -6.5
1623 73.8339493304 -21.8528699781 -6.5
1624 74.3133905598 -21.9947717312 -6.5
1625 74.7928317892 -22.1366734844 -6.5
1626 75.2722730186 -22.2785752375 -6.5
1627 75.751714248 -22.4204769906 -6.5
1628 76.2311554775 -22.5623787437 -6.5
1629 76.7105967069 -22.7042804968 -6.5
1630 72.8750668715 -21.5690664719 -6
1631 73.3545081009 -21.710968225 -6
1632 73.8339493304 -21.8528699781 -6
1633 74.3133905598 -21.9947717312 -6
1634 74.7928317892 -22.1366734844 -6
1635 75.2722730186 -22.2785752375 -6
1636 75.751714248 -22.4204769906 -6
1637 76.2311554775 -22.5623787437 -6
1638 76.7105967069 -22.7042804968 -6
1639 72.8750668715 -21.5690664719 -5.5
1640 73.3545081009 -21.710968225 -5.5
1641 73.8339493304 -21.8528699781 -5.5
1642 74.3133905598 -21.9947717312 -5.5
1643 74.7928317892 -22.1366734844 -5.5
1644 75.2722730186 -22.2785752375 -5.5
1645 75.751714248 -22.4204769906 -5.5
1646 76.2311554775 -22.5623787437 -5.5
1647 76.7105967069 -22.7042804968 -5.5
1648 72.8750668715 -21.5690664719 -5
1649 73.3545081009 -21.710968225 -5
1650 73.8339493304 -21.8528699781 -5
1651 74.3133905598 -21.9947717312 -5
1652 74.7928317892 -22.1366734844 -5
1653 75.2722730186 -22.2785752375 -5
1654 75.751714248 -22.4204769906 -5
1655 76.2311554775 -22.5623787437 -5
1656 76.7105967069 -22.7042804968 -5
1657 72.8750668715 -21.5690664719 -4.5
1658 73.3545081009 -21.710968225 -4.5
1659 73.8339493304 -21.8528699781 -4.5
1660 74.3133905598 -21.9947717312 -4.5
1661 74.7928317892 -22.1366734844 -4.5
1662 75.2722730186 -22.2785752375 -4.5
1663 75.751714248 -22.4204769906 -4.5
1664 76.2311554775 -22.5623787437 -4.5
1665 76.7105967069 -22.7042804968 -4.5
1666 72.8750668715 -21.5690664719 -4
1667 73.3545081009 -21.710968225 -4
1668 73.8339493304 -21.8528699781 -4
1669 74.3133905598 -21.9947717312 -4
1670 74.7928317892 -22.1366734844 -4
1671 75.2722730186 -22.2785752375 -4
1672 75.751714248 -22.4204769906 -4
1673 76.2311554775 -22.5623787437 -4
1674 76.7105967069 -22.7042804968 -4
1675 72.8750668715 -21.5690664719 -3.5
1676 73.3545081009 -21.710968225 -3.5
1677 73.8339493304 -21.8528699781 -3.5
1678 74.3133905598 -21.9947717312 -3.5
1679 74.7928317892 -22.1366734844 -3.5
1680 75.2722730186 -22.2785752375 -3.5
1681 75.751714248 -22.4204769906 -3.5
1682 76.2311554775 -22.5623787437 -3.5
1683 76.7105967069 -22.7042804968 -3.5
1684 72.8750668715 -21.5690664719 -3
1685 73.3545081009 -21.710968225 -3
1686 73.8339493304 -21.8528699781 -3
1687 74.3133905598 -21.9947717312 -3
1688 74.7928317892 -22.1366734844 -3
1689 75.2722730186 -22.2785752375 -3
1690 75.751714248 -22.4204769906 -3
1691 76.2311554775 -22.5623787437 -3
1692 76.7105967069 -22.7042804968 -3
1693 72.8750668715 -21.5690664719 -2.5
1694 73.3545081009 -21.710968225 -2.5
1695 73.8339493304 -21.8528699781 -2.5
1696 74.3133905598 -21.9947717312 -2.5
1697 74.7928317892 -22.1366734844 -2.5
1698 75.2722730186 -22.2785752375 -2.5
1699 75.751714248 -22.4204769906 -2.5
1700 76.2311554775 -22.5623787437 -2.5
1701 76.7105967069 -22.7042804968 -2.5
1702 72.8750668715 -21.5690664719 -2
1703 73.3545081009 -21.710968225 -2
1704 73.8339493304 -21.8528699781 -2
1705 74.3133905598 -21.9947717312 -2
1706 74.7928317892 -22.1366734844 -2
1707 75.2722730186 -22.2785752375 -2
1708 75.751714248 -22.4204769906 -2
1709 76.2311554775 -22.5623787437 -2
1710 76.7105967069 -22.7042804968 -2
1711 72.8750668715 -21.5690664719 -1.5
1712 73.3545081009 -21.710968225 -1.5
1713 73.8339493304 -21.8528699781 -1.5
1714 74.3133905598 -21.9947717312 -1.5
1715 74.7928317892 -22.1366734844 -1.5
1716 75.2722730186 -22.2785752375 -1.5
1717 75.751714248 -22.4204769906 -1.5
1718 76.2311554775 -22.5623787437 -1.5
1719 76.7105967069 -22.7042804968 -1.5
1720 72.8750668715 -21.5690664719 -1
1721 73.3545081009 -21.710968225 -1
1722 73.8339493304 -21.8528699781 -1
1723 74.3133905598 -21.9947717312 -1
1724 74.7928317892 -22.1366734844 -1
1725 75.2722730186 -22.2785752375 -1
1726 75.751714248 -22.4204769906 -1
1727 76.2311554775 -22.5623787437 -1
1728 76.7105967069 -22.7042804968 -1
1729 72.8750668715 -21.5690664719 -0.5
1730 73.3545081009 -21.710968225 -0.5
1731 73.8339493304 -21.8528699781 -0.5
1732 74.3133905598 -21.9947717312 -0.5
1733 74.7928317892 -22.1366734844 -0.5
1734 75.2722730186 -22.2785752375 -0.5
1735 75.751714248 -22.4204769906 -0.5
1736 76.2311554775 -22.5623787437 -0.5
1737 76.7105967069 -22.7042804968 -0.5
1738 72.8750668715 -21.5690664719 0
1739 73.3545081009 -21.710968225 0
1740 73.8339493304 -21.8528699781 0
1741 74.3133905598 -21.9947717312 0
1742 74.7928317892 -22.1366734844 0
1743 75.2722730186 -22.2785752375 0
1744 75.751714248 -22.4204769906 0
1745 76.2311554775 -22.5623787437 0
1746 76.7105967069 -22.7042804968 0
1747 72.7306822163 -22.0510286461 -14.4944015293
1748 73.2091735467 -22.196101203 -14.4944015293
1749 73.687664877 -22.3411737599 -14.4944015293
1750 74.1661562074 -22.4862463168 -14.4944015293
1751 74.6446475378 -22.6313188737 -14.4944015293
1752 75.1231388681 -22.7763914305 -14.4944015293
1753 75.6016301985 -22.9214639874 -14.4944015293
1754 76.0801215289 -23.0665365443 -14.4944015293
1755 76.5586128593 -23.2116091012 -14.4944015293
1756 72.7306822163 -22.0510286461 -14
1757 73.2091735467 -22.196101203 -14
1758 73.687664877 -22.3411737599 -14
1759 74.1661562074 -22.4862463168 -14
1760 74.6446475378 -22.6313188737 -14
1761 75.1231388681 -22.7763914305 -14
1762 75.6016301985 -22.9214639874 -14
1763 76.0801215289 -23.0665365443 -14
1764 76.5586128593 -23.2116091012 -14
1765 72.7306822163 -22.0510286461 -13.5
1766 73.2091735467 -22.196101203 -13.5
1767 73.687664877 -22.3411737599 -13.5
1768 74.1661562074 -22.4862463168 -13.5
1769 74.6446475378 -22.6313188737 -13.5
1770 75.1231388681 -22.7763914305 -13.5
1771 75.6016301985 -22.9214639874 -13.5
1772 76.0801215289 -23.0665365443 -13.5
1773 76.5586128593 -23.2116091012 -13.5
1774 72.7306822163 -22.0510286461 -13
1775 73.2091735467 -22.196101203 -13
1776 73.687664877 -22.3411737599 -13
1777 74.1661562074 -22.4862463168 -13
1778 74.6446475378 -22.6313188737 -13
1779 75.1231388681 -22.7763914305 -13
1780 75.6016301985 -22.9214639874 -13
1781 76.0801215289 -23.0665365443 -13
1782 76.5586128593 -23.2116091012 -13
1783 72.7306822163 -22.0510286461 -12.5
1784 73.2091735467 -22.196101203 -12.5
1785 73.687664877 -22.3411737599 -12.5
1786 74.1661562074 -22.4862463168 -12.5
1787 74.6446475378 -22.6313188737 -12.5
1788 75.1231388681 -22.7763914305 -12.5
1789 75.6016301985 -22.9214639874 -12.5
1790 76.0801215289 -23.0665365443 -12.5
1791 76.5586128593 -23.2116091012 -12.5
1792 72.7306822163 -22.0510286461 -12
1793 73.2091735467 -22.196101203 -12
1794 73.687664877 -22.3411737599 -12
1795 74.1661562074 -22.4862463168 -12
1796 74.6446475378 -22.6313188737 -12
1797 75.1231388681 -22.7763914305 -12
1798 75.6016301985 -22.9214639874 -12
1799 76.0801215289 -23.0665365443 -12
1800 76.5586128593 -23.2116091012 -12
1801 72.7306822163 -22.0510286461 -11.5
1802 73.2091735467 -22.196101203 -11.5
1803 73.687664877 -22.3411737599 -11.5
1804 74.1661562074 -22.4862463168 -11.5
1805 74.6446475378 -22.6313188737 -11.5
1806 75.1231388681 -22.7763914305 -11.5
1807 75.6016301985 -22.9214639874 -11.5
1808 76.0801215289 -23.0665365443 -11.5
1809 76.5586128593 -23.2116091012 -11.5
1810 72.7306822163 -22.0510286461 -11
1811 73.2091735467 -22.196101203 -11
1812 73.687664877 -22.3411737599 -11
1813 74.1661562074 -22.4862463168 -11
1814 74.6446475378 -22.6313188737 -11
1815 75.1231388681 -22.7763914305 -11
1816 75.6016301985 -22.9214639874 -11
1817 76.0801215289 -23.0665365443 -11
1818 76.5586128593 -23.2116091012 -11
1819 72.7306822163 -22.0510286461 -10.5
1820 73.2091735467 -22.196101203 -10.5
1821 73.687664877 -22.3411737599 -10.5
1822 74.1661562074 -22.4862463168 -10.5
1823 74.6446475378 -22.6313188737 -10.5
1824 75.1231388681 -22.7763914305 -10.5
1825 75.6016301985 -22.9214639874 -10.5
1826 76.0801215289 -23.0665365443 -10.5
1827 76.5586128593 -23.2116091012 -10.5
1828 72.7306822163 -22.0510286461 -10
1829 73.2091735467 -22.196101203 -10
1830 73.687664877 -22.3411737599 -10
1831 74.1661562074 -22.4862463168 -10
1832 74.6446475378 -22.6313188737 -10
1833 75.1231388681 -22.7763914305 -10
1834 75.6016301985 -22.9214639874 -10
1835 76.0801215289 -23.0665365443 -10
1836 76.5586128593 -23.2116091012 -10
1837 72.7306822163 -22.0510286461 -9.5
1838 73.2091735467 -22.196101203 -9.5
1839 73.687664877 -22.3411737599 -9.5
1840 74.1661562074 -22.4862463168 -9.5
1841 74.6446475378 -22.6313188737 -9.5
1842 75.1231388681 -22.7763914305 -9.5
1843 75.6016301985 -22.9214639874 -9.5
1844 76.0801215289 -23.0665365443 -9.5
1845 76.5586128593 -23.2116091012 -9.5
1846 72.7306822163 -22.0510286461 -9
1847 73.2091735467 -22.196101203 -9
1848 73.687664877 -22.3411737599 -9
1849 74.1661562074 -22.4862463168 -9
1850 74.6446475378 -22.6313188737 -9
1851 75.1231388681 -22.7763914305 -9
1852 75.6016301985 -22.9214639874 -9
1853 76.0801215289 -23.0665365443 -9
1854 76.5586128593 -23.2116091012 -9
1855 72.7306822163 -22.0510286461 -8.5
1856 73.2091735467 -22.196101203 -8.5
1857 73.687664877 -22.3411737599 -8.5
1858 74.1661562074 -22.4862463168 -8.5
1859 74.6446475378 -22.6313188737 -8.5
1860 75.1231388681 -22.7763914305 -8.5
1861 75.6016301985 -22.9214639874 -8.5
1862 76.0801215289 -23.0665365443 -8.5
1863 76.5586128593 -23.2116091012 -8.5
1864 72.7306822163 -22.0510286461 -8
1865 73.2091735467 -22.196101203 -8
1866 73.687664877 -22.3411737599 -8
1867 74.1661562074 -22.4862463168 -8
1868 74.6446475378 -22.6313188737 -8
1869 75.1231388681 -22.7763914305 -8
1870 75.6016301985 -22.9214639874 -8
1871 76.0801215289 -23.0665365443 -8
1872 76.5586128593 -23.2116091012 -8
1873 72.7306822163 -22.0510286461 -7.5
1874 73.2091735467 -22.196101203 -7.5
1875 73.687664877 -22.3411737599 -7.5
1876 74.1661562074 -22.4862463168 -7.5
1877 74.6446475378 -22.6313188737 -7.5
1878 75.1231388681 -22.7763914305 -7.5
1879 75.6016301985 -22.9214639874 -7.5
1880 76.0801215289 -23.0665365443 -7.5
1881 76.5586128593 -23.2116091012 -7.5
1882 72.7306822163 -22.0510286461 -7
1883 73.2091735467 -22.196101203 -7
1884 73.687664877 -22.3411737599 -7
1885 74.1661562074 -22.4862463168 -7
1886 74.6446475378 -22.6313188737 -7
1887 75.1231388681 -22.7763914305 -7
1888 75.6016301985 -22.9214639874 -7
1889 76.0801215289 -23.0665365443 -7
1890 76.5586128593 -23.2116091012 -7
1891 72.7306822163 -22.0510286461 -6.5
1892 73.2091735467 -22.196101203 -6.5
1893 73.687664877 -22.3411737599 -6.5
1894 74.1661562074 -22.4862463168 -6.5
1895 74.6446475378 -22.6313188737 -6.5
1896 75.1231388681 -22.7763914305 -6.5
1897 75.6016301985 -22.9214639874 -6.5
1898 76.0801215289 -23.0665365443 -6.5
1899 76.5586128593 -23.2116091012 -6.5
1900 72.7306822163 -22.0510286461 -6
1901 73.2091735467 -22.196101203 -6
1902 73.687664877 -22.3411737599 -6
1903 74.1661562074 -22.4862463168 -6
1904 74.6446475378 -22.6313188737 -6
1905 75.1231388681 -22.7763914305 -6
1906 75.6016301985 -22.9214639874 -6
1907 76.0801215289 -23.0665365443 -6
1908 76.5586128593 -23.2116091012 -6
1909 72.7306822163 -22.0510286461 -5.5
1910 73.2091735467 -22.196101203 -5.5
1911 73.687664877 -22.3411737599 -5.5
1912 74.1661562074 -22.4862463168 -5.5
1913 74.6446475378 -22.6313188737 -5.5
1914 75.1231388681 -22.7763914305 -5.5
1915 75.6016301985 -22.9214639874 -5.5
1916 76.0801215289 -23.0665365443 -5.5
1917 76.5586128593 -23.2116091012 -5.5
1918 72.7306822163 -22.0510286461 -5
1919 73.2091735467 -22.196101203 -5
1920 73.687664877 -22.3411737599 -5
1921 74.1661562074 -22.4862463168 -5
1922 74.6446475378 -22.6313188737 -5
1923 75.1231388681 -22.7763914305 -5
1924 75.6016301985 -22.9214639874 -5
1925 76.0801215289 -23.0665365443 -5
1926 76.5586128593 -23.2116091012 -5
1927 72.7306822163 -22.0510286461 -4.5
1928 73.2091735467 -22.196101203 -4.5
1929 73.687664877 -22.3411737599 -4.5
1930 74.1661562074 -22.4862463168 -4.5
1931 74.6446475378 -22.6313188737 -4.5
1932 75.1231388681 -22.7763914305 -4.5
1933 75.6016301985 -22.9214639874 -4.5
1934 76.0801215289 -23.0665365443 -4.5
1935 76.5586128593 -23.2116091012 -4.5
1936 72.7306822163 -22.0510286461 -4
1937 73.2091735467 -22.196101203 -4
1938 73.687664877 -22.3411737599 -4
1939 74.1661562074 -22.4862463168 -4
1940 74.6446475378 -22.6313188737 -4
1941 75.1231388681 -22.7763914305 -4
1942 75.6016301985 -22.9214639874 -4
1943 76.0801215289 -23.0665365443 -4
1944 76.5586128593 -23.2116091012 -4
1945 72.7306822163 -22.0510286461 -3.5
1946 73.2091735467 -22.196101203 -3.5
1947 73.687664877 -22.3411737599 -3.5
1948 74.1661562074 -22.4862463168 -3.5
1949 74.6446475378 -22.6313188737 -3.5
1950 75.1231388681 -22.7763914305 -3.5
1951 75.6016301985 -22.9214639874 -3.5
1952 76.0801215289 -23.0665365443 -3.5
1953 76.5586128593 -23.2116091012 -3.5
1954 72.7306822163 -22.0510286461 -3
1955 73.2091735467 -22.196101203 -3
1956 73.687664877 -22.3411737599 -3
1957 74.1661562074 -22.4862463168 -3
1958 74.6446475378 -22.6313188737 -3
1959 75.1231388681 -22.7763914305 -3
1960 75.6016301985 -22.9214639874 -3
1961 76.0801215289 -23.0665365443 -3
1962 76.5586128593 -23.2116091012 -3
1963 72.7306822163 -22.0510286461 -2.5
1964 73.2091735467 -22.196101203 -2.5
1965 73.687664877 -22.3411737599 -2.5
1966 74.1661562074 -22.4862463168 -2.5
1967 74.6446475378 -22.6313188737 -2.5
1968 75.1231388681 -22.7763914305 -2.5
1969 75.6016301985 -22.9214639874 -2.5
1970 76.0801215289 -23.0665365443 -2.5
1971 76.5586128593 -23.2116091012 -2.5
1972 72.7306822163 -22.0510286461 -2
1973 73.2091735467 -22.196101203 -2
1974 73.687664877 -22.3411737599 -2
1975 74.1661562074 -22.4862463168 -2
1976 74.6446475378 -22.6313188737 -2
1977 75.1231388681 -22.7763914305 -2
1978 75.6016301985 -22.9214639874 -2
1979 76.0801215289 -23.0665365443 -2
1980 76.5586128593 -23.2116091012 -2
1981 72.7306822163 -22.0510286461 -1.5
1982 73.2091735467 -22.196101203 -1.5
1983 73.687664877 -22.3411737599 -1.5
1984 74.1661562074 -22.4862463168 -1.5
1985 74.6446475378 -22.6313188737 -1.5
1986 75.1231388681 -22.7763914305 -1.5
1987 75.6016301985 -22.9214639874 -1.5
1988 76.0801215289 -23.0665365443 -1.5
1989 76.5586128593 -23.2116091012 -1.5
1990 72.7306822163 -22.0510286461 -1
1991 73.2091735467 -22.196101203 -1
1992 73.687664877 -22.3411737599 -1
1993 74.1661562074 -22.4862463168 -1
1994 74.6446475378 -22.6313188737 -1
1995 75.1231388681 -22.7763914305 -1
1996 75.6016301985 -22.9214639874 -1
1997 76.0801215289 -23.0665365443 -1
1998 76.5586128593 -23.2116091012 -1
1999 72.7306822163 -22.0510286461 -0.5
2000 73.2091735467 -22.196101203 -0.5
2001 73.687664877 -22.3411737599 -0.5
2002 74.1661562074 -22.4862463168 -0.5
2003 74.6446475378 -22.6313188737 -0.5
2004 75.1231388681 -22.7763914305 -0.5
2005 75.6016301985 -22.9214639874 -0.5
2006 76.0801215289 -23.0665365443 -0.5
2007 76.5586128593 -23.2116091012 -0.5
2008 72.7306822163 -22.0510286461 0
2009 73.2091735467 -22.196101203 0
2010 73.687664877 -22.3411737599 0
2011 74.1661562074 -22.4862463168 0
2012 74.6446475378 -22.6313188737 0
2013 75.1231388681 -22.7763914305 0
2014 75.6016301985 -22.9214639874 0
2015 76.0801215289 -23.0665365443 0
2016 76.5586128593 -23.2116091012 0
2017 72.583110123 -22.5320244292 -14.24
2018 72.583110123 -22.5320244292 -14
2019 73.0606305843 -22.680261432 -14.24
2020 73.0606305843 -22.680261432 -14
2021 73.5381510456 -22.8284984348 -14.24
2022 73.5381510456 -22.8284984348 -14
2023 74.015671507 -22.9767354376 -14.24
2024 74.015671507 -22.9767354376 -14
2025 74.4931919683 -23.1249724405 -14.24
2026 74.4931919683 -23.1249724405 -14
2027 74.9707124296 -23.2732094433 -14.24
2028 74.9707124296 -23.2732094433 -14
2029 75.448232891 -23.4214464461 -14.24
2030 75.448232891 -23.4214464461 -14
2031 75.9257533523 -23.5696834489 -14.24
2032 75.9257533523 -23.5696834489 -14
2033 76.4032738137 -23.7179204518 -14.24
2034 76.4032738137 -23.7179204518 -14
2035 72.583110123 -22.5320244292 -13.5
2036 73.0606305843 -22.680261432 -13.5
2037 73.5381510456 -22.8284984348 -13.5
2038 74.015671507 -22.9767354376 -13.5
2039 74.4931919683 -23.1249724405 -13.5
2040 74.9707124296 -23.2732094433 -13.5
2041 75.448232891 -23.4214464461 -13.5
2042 75.9257533523 -23.5696834489 -13.5
2043 76.4032738137 -23.7179204518 -13.5
2044 72.583110123 -22.5320244292 -13
2045 73.0606305843 -22.680261432 -13
2046 73.5381510456 -22.8284984348 -13
2047 74.015671507 -22.9767354376 -13
2048 74.4931919683 -23.1249724405 -13
2049 74.9707124296 -23.2732094433 -13
2050 75.448232891 -23.4214464461 -13
2051 75.9257533523 -23.5696834489 -13
2052 76.4032738137 -23.7179204518 -13
2053 72.583110123 -22.5320244292 -12.5
2054 73.0606305843 -22.680261432 -12.5
2055 73.5381510456 -22.8284984348 -12.5
2056 74.015671507 -22.9767354376 -12.5
2057 74.4931919683 -23.1249724405 -12.5
2058 74.9707124296 -23.2732094433 -12.5
2059 75.448232891 -23.4214464461 -12.5
2060 75.9257533523 -23.5696834489 -12.5
2061 76.4032738137 -23.7179204518 -12.5
2062 72.583110123 -22.5320244292 -12
2063 73.0606305843 -22.680261432 -12
2064 73.5381510456 -22.8284984348 -12
2065 74.015671507 -22.9767354376 -12
2066 74.4931919683 -23.1249724405 -12
2067 74.9707124296 -23.2732094433 -12
2068 75.448232891 -23.4214464461 -12
2069 75.9257533523 -23.5696834489 -12
2070 76.4032738137 -23.7179204518 -12
2071 72.583110123 -22.5320244292 -11.5
2072 73.0606305843 -22.680261432 -11.5
2073 73.5381510456 -22.8284984348 -11.5
2074 74.015671507 -22.9767354376 -11.5
2075 74.4931919683 -23.1249724405 -11.5
2076 74.9707124296 -23.2732094433 -11.5
2077 75.448232891 -23.4214464461 -11.5
2078 75.9257533523 -23.5696834489 -11.5
2079 76.4032738137 -23.7179204518 -11.5
2080 72.583110123 -22.5320244292 -11
2081 73.0606305843 -22.680261432 -11
2082 73.5381510456 -22.8284984348 -11
2083 74.015671507 -22.9767354376 -11
2084 74.4931919683 -23.1249724405 -11
2085 74.9707124296 -23.2732094433 -11
2086 75.448232891 -23.4214464461 -11
2087 75.9257533523 -23.5696834489 -11
2088 76.4032738137 -23.7179204518 -11
2089 72.583110123 -22.5320244292 -10.5
2090 73.0606305843 -22.680261432 -10.5
2091 73.5381510456 -22.8284984348 -10.5
2092 74.015671507 -22.9767354376 -10.5
2093 74.4931919683 -23.1249724405 -10.5
2094 74.9707124296 -23.2732094433 -10.5
2095 75.448232891 -23.4214464461 -10.5
2096 75.9257533523 -23.5696834489 -10.5
2097 76.4032738137 -23.7179204518 -10.5
2098 72.583110123 -22.5320244292 -10
2099 73.0606305843 -22.680261432 -10
2100 73.5381510456 -22.8284984348 -10
2101 74.015671507 -22.9767354376 -10
2102 74.4931919683 -23.1249724405 -10
2103 74.9707124296 -23.2732094433 -10
2104 75.448232891 -23.4214464461 -10
2105 75.9257533523 -23.5696834489 -10
2106 76.4032738137 -23.7179204518 -10
2107 72.583110123 -22.5320244292 -9.5
2108 73.0606305843 -22.680261432 -9.5
2109 73.5381510456 -22.8284984348 -9.5
2110 74.015671507 -22.9767354376 -9.5
2111 74.4931919683 -23.1249724405 -9.5
2112 74.9707124296 -23.2732094433 -9.5
2113 75.448232891 -23.4214464461 -9.5
2114 75.9257533523 -23.5696834489 -9.5
2115 76.4032738137 -23.7179204518 -9.5
2116 72.583110123 -22.5320244292 -9
2117 73.0606305843 -22.680261432 -9
2118 73.5381510456 -22.8284984348 -9
2119 74.015671507 -22.9767354376 -9
2120 74.4931919683 -23.1249724405 -9
2121 74.9707124296 -23.2732094433 -9
2122 75.448232891 -23.4214464461 -9
2123 75.9257533523 -23.5696834489 -9
2124 76.4032738137 -23.7179204518 -9
2125 72.583110123 -22.5320244292 -8.5
2126 73.0606305843 -22.680261432 -8.5
2127 73.5381510456 -22.8284984348 -8.5
2128 74.015671507 -22.9767354376 -8.5
2129 74.4931919683 -23.1249724405 -8.5
2130 74.9707124296 -23.2732094433 -8.5
2131 75.448232891 -23.4214464461 -8.5
2132 75.9257533523 -23.5696834489 -8.5
2133 76.4032738137 -23.7179204518 -8.5
2134 72.583110123 -22.5320244292 -8
2135 73.0606305843 -22.680261432 -8
2136 73.5381510456 -22.8284984348 -8
2137 74.015671507 -22.9767354376 -8
2138 74.4931919683 -23.1249724405 -8
2139 74.9707124296 -23.2732094433 -8
2140 75.448232891 -23.4214464461 -8
2141 75.9257533523 -23.5696834489 -8
2142 76.4032738137 -23.7179204518 -8
2143 72.583110123 -22.5320244292 -7.5
2144 73.0606305843 -22.680261432 -7.5
2145 73.5381510456 -22.8284984348 -7.5
2146 74.015671507 -22.9767354376 -7.5
2147 74.4931919683 -23.1249724405 -7.5
2148 74.9707124296 -23.2732094433 -7.5
2149 75.448232891 -23.4214464461 -7.5
2150 75.9257533523 -23.5696834489 -7.5
2151 76.4032738137 -23.7179204518 -7.5
2152 72.583110123 -22.5320244292 -7
2153 73.0606305843 -22.680261432 -7
2154 73.5381510456 -22.8284984348 -7
2155 74.015671507 -22.9767354376 -7
2156 74.4931919683 -23.1249724405 -7
2157 74.9707124296 -23.2732094433 -7
2158 75.448232891 -23.4214464461 -7
2159 75.9257533523 -23.5696834489 -7
2160 76.4032738137 -23.7179204518 -7
2161 72.583110123 -22.5320244292 -6.5
2162 73.0606305843 -22.680261432 -6.5
2163 73.5381510456 -22.8284984348 -6.5
2164 74.015671507 -22.9767354376 -6.5
2165 74.4931919683 -23.1249724405 -6.5
2166 74.9707124296 -23.2732094433 -6.5
2167 75.448232891 -23.4214464461 -6.5
2168 75.9257533523 -23.5696834489 -6.5
2169 76.4032738137 -23.7179204518 -6.5
2170 72.583110123 -22.5320244292 -6
2171 73.0606305843 -22.680261432 -6
2172 73.5381510456 -22.8284984348 -6
2173 74.015671507 -22.9767354376 -6
2174 74.4931919683 -23.1249724405 -6
2175 74.9707124296 -23.2732094433 -6
2176 75.448232891 -23.4214464461 -6
2177 75.9257533523 -23.5696834489 -6
2178 76.4032738137 -23.7179204518 -6
2179 72.583110123 -22.5320244292 -5.5
2180 73.0606305843 -22.680261432 -5.5
2181 73.5381510456 -22.8284984348 -5.5
2182 74.015671507 -22.9767354376 -5.5
2183 74.4931919683 -23.1249724405 -5.5
2184 74.9707124296 -23.2732094433 -5.5
2185 75.448232891 -23.4214464461 -5.5
2186 75.9257533523 -23.5696834489 -5.5
2187 76.4032738137 -23.7179204518 -5.5
2188 72.583110123 -22.5320244292 -5
2189 73.0606305843 -22.680261432 -5
2190 73.5381510456 -22.8284984348 -5
2191 74.015671507 -22.9767354376 -5
2192 74.4931919683 -23.1249724405 -5
2193 74.9707124296 -23.2732094433 -5
2194 75.448232891 -23.4214464461 -5
2195 75.9257533523 -23.5696834489 -5
2196 76.4032738137 -23.7179204518 -5
2197 72.583110123 -22.5320244292 -4.5
2198 73.0606305843 -22.680261432 -4.5
2199 73.5381510456 -22.8284984348 -4.5
2200 74.015671507 -22.9767354376 -4.5
2201 74.4931919683 -23.1249724405 -4.5
2202 74.9707124296 -23.2732094433 -4.5
2203 75.448232891 -23.4214464461 -4.5
2204 75.9257533523 -23.5696834489 -4.5
2205 76.4032738137 -23.7179204518 -4.5
2206 72.583110123 -22.5320244292 -4
2207 73.0606305843 -22.680261432 -4
2208 73.5381510456 -22.8284984348 -4
2209 74.015671507 -22.9767354376 -4
2210 74.4931919683 -23.1249724405 -4
2211 74.9707124296 -23.2732094433 -4
2212 75.448232891 -23.4214464461 -4
2213 75.9257533523 -23.5696834489 -4
2214 76.4032738137 -23.7179204518 -4
2215 72.583110123 -22.5320244292 -3.5
2216 73.0606305843 -22.680261432 -3.5
2217 73.5381510456 -22.8284984348 -3.5
2218 74.015671507 -22.9767354376 -3.5
2219 74.4931919683 -23.1249724405 -3.5
2220 74.9707124296 -23.2732094433 -3.5
2221 75.448232891 -23.4214464461 -3.5
2222 75.9257533523 -23.5696834489 -3.5
2223 76.4032738137 -23.7179204518 -3.5
2224 72.583110123 -22.5320244292 -3
2225 73.0606305843 -22.680261432 -3
2226 73.5381510456 -22.8284984348 -3
2227 74.015671507 -22.9767354376 -3
2228 74.4931919683 -23.1249724405 -3
2229 74.9707124296 -23.2732094433 -3
2230 75.448232891 -23.4214464461 -3
2231 75.9257533523 -23.5696834489 -3
2232 76.4032738137 -23.7179204518 -3
2233 72.583110123 -22.5320244292 -2.5
2234 73.0606305843 -22.680261432 -2.5
2235 73.5381510456 -22.8284984348 -2.5
2236 74.015671507 -22.9767354376 -2.5
2237 74.4931919683 -23.1249724405 -2.5
2238 74.9707124296 -23.2732094433 -2.5
2239 75.448232891 -23.4214464461 -2.5
2240 75.9257533523 -23.5696834489 -2.5
2241 76.4032738137 -23.7179204518 -2.5
2242 72.583110123 -22.5320244292 -2
2243 73.0606305843 -22.680261432 -2
2244 73.5381510456 -22.8284984348 -2
2245 74.015671507 -22.9767354376 -2
2246 74.4931919683 -23.1249724405 -2
2247 74.9707124296 -23.2732094433 -2
2248 75.448232891 -23.4214464461 -2
2249 75.9257533523 -23.5696834489 -2
2250 76.4032738137 -23.7179204518 -2
2251 72.583110123 -22.5320244292 -1.5
2252 73.0606305843 -22.680261432 -1.5
2253 73.5381510456 -22.8284984348 -1.5
2254 74.015671507 -22.9767354376 -1.5
2255 74.4931919683 -23.1249724405 -1.5
2256 74.9707124296 -23.2732094433 -1.5
2257 75.448232891 -23.4214464461 -1.5
2258 75.9257533523 -23.5696834489 -1.5
2259 76.4032738137 -23.7179204518 -1.5
2260 72.583110123 -22.5320244292 -1
2261 73.0606305843 -22.680261432 -1
2262 73.5381510456 -22.8284984348 -1
2263 74.015671507 -22.9767354376 -1
2264 74.4931919683 -23.1249724405 -1
2265 74.9707124296 -23.2732094433 -1
2266 75.448232891 -23.4214464461 -1
2267 75.9257533523 -23.5696834489 -1
2268 76.4032738137 -23.7179204518 -1
2269 72.583110123 -22.5320244292 -0.5
2270 73.0606305843 -22.680261432 -0.5
2271 73.5381510456 -22.8284984348 -0.5
2272 74.015671507 -22.9767354376 -0.5
2273 74.4931919683 -23.1249724405 -0.5
2274 74.9707124296 -23.2732094433 -0.5
2275 75.448232891 -23.4214464461 -0.5
2276 75.9257533523 -23.5696834489 -0.5
2277 76.4032738137 -23.7179204518 -0.5
2278 72.583110123 -22.5320244292 0
2279 73.0606305843 -22.680261432 0
2280 73.5381510456 -22.8284984348 0
2281 74.015671507 -22.9767354376 0
2282 74.4931919683 -23.1249724405 0
2283 74.9707124296 -23.2732094433 0
2284 75.448232891 -23.4214464461 0
2285 75.9257533523 -23.5696834489 0
2286 76.4032738137 -23.7179204518 0
2287 72.4371837929 -22.9968346552 -13.9939331522
2288 72.9137442126 -23.14812962 -13.9939331522
2289 73.3903046323 -23.2994245848 -13.9939331522
2290 73.866865052 -23.4507195497 -13.9939331522
2291 74.3434254716 -23.6020145145 -13.9939331522
2292 74.8199858913 -23.7533094793 -13.9939331522
2293 75.296546311 -23.9046044442 -13.9939331522
2294 75.7731067307 -24.055899409 -13.9939331522
2295 76.2496671504 -24.2071943738 -13.9939331522
2296 72.4371837929 -22.9968346552 -13.5
2297 72.9137442126 -23.14812962 -13.5
2298 73.3903046323 -23.2994245848 -13.5
2299 73.866865052 -23.4507195497 -13.5
2300 74.3434254716 -23.6020145145 -13.5
2301 74.8199858913 -23.7533094793 -13.5
2302 75.296546311 -23.9046044442 -13.5
2303 75.7731067307 -24.055899409 -13.5
2304 76.2496671504 -24.2071943738 -13.5
2305 72.4371837929 -22.9968346552 -13
2306 72.9137442126 -23.14812962 -13
2307 73.3903046323 -23.2994245848 -13
2308 73.866865052 -23.4507195497 -13
2309 74.3434254716 -23.6020145145 -13
2310 74.8199858913 -23.7533094793 -13
2311 75.296546311 -23.9046044442 -13
2312 75.7731067307 -24.055899409 -13
2313 76.2496671504 -24.2071943738 -13
2314 72.4371837929 -22.9968346552 -12.5
2315 72.9137442126 -23.14812962 -12.5
2316 73.3903046323 -23.2994245848 -12.5
2317 73.866865052 -23.4507195497 -12.5
2318 74.3434254716 -23.6020145145 -12.5
2319 74.8199858913 -23.7533094793 -12.5
2320 75.296546311 -23.9046044442 -12.5
2321 75.7731067307 -24.055899409 -12.5
2322 76.2496671504 -24.2071943738 -12.5
2323 72.4371837929 -22.9968346552 -12
2324 72.9137442126 -23.14812962 -12
2325 73.3903046323 -23.2994245848 -12
2326 73.866865052 -23.4507195497 -12
2327 74.3434254716 -23.6020145145 -12
2328 74.8199858913 -23.7533094793 -12
2329 75.296546311 -23.9046044442 -12
2330 75.7731067307 -24.055899409 -12
2331 76.2496671504 -24.2071943738 -12
2332 72.4371837929 -22.9968346552 -11.5
2333 72.9137442126 -23.14812962 -11.5
2334 73.3903046323 -23.2994245848 -11.5
2335 73.866865052 -23.4507195497 -11.5
2336 74.3434254716 -23.6020145145 -11.5
2337 74.8199858913 -23.7533094793 -11.5
2338 75.296546311 -23.9046044442 -11.5
2339 75.7731067307 -24.055899409 -11.5
2340 76.2496671504 -24.2071943738 -11.5
2341 72.4371837929 -22.9968346552 -11
2342 72.9137442126 -23.14812962 -11
2343 73.3903046323 -23.2994245848 -11
2344 73.866865052 -23.4507195497 -11
2345 74.3434254716 -23.6020145145 -11
2346 74.8199858913 -23.7533094793 -11
2347 75.296546311 -23.9046044442 -11
2348 75.7731067307 -24.055899409 -11
2349 76.2496671504 -24.2071943738 -11
2350 72.4371837929 -22.9968346552 -10.5
2351 72.9137442126 -23.14812962 -10.5
2352 73.3903046323 -23.2994245848 -10.5
2353 73.866865052 -23.4507195497 -10.5
2354 74.3434254716 -23.6020145145 -10.5
2355 74.8199858913 -23.7533094793 -10.5
2356 75.296546311 -23.9046044442 -10.5
2357 75.7731067307 -24.055899409 -10.5
2358 76.2496671504 -24.2071943738 -10.5
2359 72.4371837929 -22.9968346552 -10
2360 72.9137442126 -23.14812962 -10
2361 73.3903046323 -23.2994245848 -10
2362 73.866865052 -23.4507195497 -10
2363 74.3434254716 -23.6020145145 -10
2364 74.8199858913 -23.7533094793 -10
2365 75.296546311 -23.9046044442 -10
2366 75.7731067307 -24.055899409 -10
2367 76.2496671504 -24.2071943738 -10
2368 72.4371837929 -22.9968346552 -9.5
2369 72.9137442126 -23.14812962 -9.5
2370 73.3903046323 -23.2994245848 -9.5
2371 73.866865052 -23.4507195497 -9.5
2372 74.3434254716 -23.6020145145 -9.5
2373 74.8199858913 -23.7533094793 -9.5
2374 75.296546311 -23.9046044442 -9.5
2375 75.7731067307 -24.055899409 -9.5
2376 76.2496671504 -24.2071943738 -9.5
2377 72.4371837929 -22.9968346552 -9
2378 72.9137442126 -23.14812962 -9
2379 73.3903046323 -23.2994245848 -9
2380 73.866865052 -23.4507195497 -9
2381 74.3434254716 -23.6020145145 -9
2382 74.8199858913 -23.7533094793 -9
2383 75.296546311 -23.9046044442 -9
2384 75.7731067307 -24.055899409 -9
2385 76.2496671504 -24.2071943738 -9
2386 72.4371837929 -22.9968346552 -8.5
2387 72.9137442126 -23.14812962 -8.5
2388 73.3903046323 -23.2994245848 -8.5
2389 73.866865052 -23.4507195497 -8.5
2390 74.3434254716 -23.6020145145 -8.5
2391 74.8199858913 -23.7533094793 -8.5
2392 75.296546311 -23.9046044442 -8.5
2393 75.7731067307 -24.055899409 -8.5
2394 76.2496671504 -24.2071943738 -8.5
2395 72.4371837929 -22.9968346552 -8
2396 72.9137442126 -23.14812962 -8
2397 73.3903046323 -23.2994245848 -8
2398 73.866865052 -23.4507195497 -8
2399 74.3434254716 -23.6020145145 -8
2400 74.8199858913 -23.7533094793 -8
2401 75.296546311 -23.9046044442 -8
2402 75.7731067307 -24.055899409 -8
2403 76.2496671504 -24.2071943738 -8
2404 72.4371837929 -22.9968346552 -7.5
2405 72.9137442126 -23.14812962 -7.5
2406 73.3903046323 -23.2994245848 -7.5
2407 73.866865052 -23.4507195497 -7.5
2408 74.3434254716 -23.6020145145 -7.5
2409 74.8199858913 -23.7533094793 -7.5
2410 75.296546311 -23.9046044442 -7.5
2411 75.7731067307 -24.055899409 -7.5
2412 76.2496671504 -24.2071943738 -7.5
2413 72.4371837929 -22.9968346552 -7
2414 72.9137442126 -23.14812962 -7
2415 73.3903046323 -23.2994245848 -7
2416 73.866865052 -23.4507195497 -7
2417 74.3434254716 -23.6020145145 -7
2418 74.8199858913 -23.7533094793 -7
2419 75.296546311 -23.9046044442 -7
2420 75.7731067307 -24.055899409 -7
2421 76.2496671504 -24.2071943738 -7
2422 72.4371837929 -22.9968346552 -6.5
2423 72.9137442126 -23.14812962 -6.5
2424 73.3903046323 -23.2994245848 -6.5
2425 73.866865052 -23.4507195497 -6.5
2426 74.3434254716 -23.6020145145 -6.5
2427 74.8199858913 -23.7533094793 -6.5
2428 75.296546311 -23.9046044442 -6.5
2429 75.7731067307 -24.055899409 -6.5
2430 76.2496671504 -24.2071943738 -6.5
2431 72.4371837929 -22.9968346552 -6
2432 72.9137442126 -23.14812962 -6
2433 73.3903046323 -23.2994245848 -6
2434 73.866865052 -23.4507195497 -6
2435 74.3434254716 -23.6020145145 -6
2436 74.8199858913 -23.7533094793 -6
2437 75.296546311 -23.9046044442 -6
2438 75.7731067307 -24.055899409 -6
2439 76.2496671504 -24.2071943738 -6
2440 72.4371837929 -22.9968346552 -5.5
2441 72.9137442126 -23.14812962 -5.5
2442 73.3903046323 -23.2994245848 -5.5
2443 73.866865052 -23.4507195497 -5.5
2444 74.3434254716 -23.6020145145 -5.5
2445 74.8199858913 -23.7533094793 -5.5
2446 75.296546311 -23.9046044442 -5.5
2447 75.7731067307 -24.055899409 -5.5
2448 76.2496671504 -24.2071943738 -5.5
2449 72.4371837929 -22.9968346552 -5
2450 72.9137442126 -23.14812962 -5
2451 73.3903046323 -23.2994245848 -5
2452 73.866865052 -23.4507195497 -5
2453 74.3434254716 -23.6020145145 -5
2454 74.8199858913 -23.7533094793 -5
2455 75.296546311 -23.9046044442 -5
2456 75.7731067307 -24.055899409 -5
2457 76.2496671504 -24.2071943738 -5
2458 72.4371837929 -22.9968346552 -4.5
2459 72.9137442126 -23.14812962 -4.5
2460 73.3903046323 -23.2994245848 -4.5
2461 73.866865052 -23.4507195497 -4.5
2462 74.3434254716 -23.6020145145 -4.5
2463 74.8199858913 -23.7533094793 -4.5
2464 75.296546311 -23.9046044442 -4.5
2465 75.7731067307 -24.055899409 -4.5
2466 76.2496671504 -24.2071943738 -4.5
2467 72.4371837929 -22.9968346552 -4
2468 72.9137442126 -23.14812962 -4
2469 73.3903046323 -23.2994245848 -4
2470 73.866865052 -23.4507195497 -4
2471 74.3434254716 -23.6020145145 -4
2472 74.8199858913 -23.7533094793 -4
2473 75.296546311 -23.9046044442 -4
2474 75.7731067307 -24.055899409 -4
2475 76.2496671504 -24.2071943738 -4
2476 72.4371837929 -22.9968346552 -3.5
2477 72.9137442126 -23.14812962 -3.5
2478 73.3903046323 -23.2994245848 -3.5
2479 73.866865052 -23.4507195497 -3.5
2480 74.3434254716 -23.6020145145 -3.5
2481 74.8199858913 -23.7533094793 -3.5
2482 75.296546311 -23.9046044442 -3.5
2483 75.7731067307 -24.055899409 -3.5
2484 76.2496671504 -24.2071943738 -3.5
2485 72.4371837929 -22.9968346552 -3
2486 72.9137442126 -23.14812962 -3
2487 73.3903046323 -23.2994245848 -3
2488 73.866865052 -23.4507195497 -3
2489 74.3434254716 -23.6020145145 -3
2490 74.8199858913 -23.7533094793 -3
2491 75.296546311 -23.9046044442 -3
2492 75.7731067307 -24.055899409 -3
2493 76.2496671504 -24.2071943738 -3
2494 72.4371837929 -22.9968346552 -2.5
2495 72.9137442126 -23.14812962 -2.5
2496 73.3903046323 -23.2994245848 -2.5
2497 73.866865052 -23.4507195497 -2.5
2498 74.3434254716 -23.6020145145 -2.5
2499 74.8199858913 -23.7533094793 -2.5
2500 75.296546311 -23.9046044442 -2.5
2501 75.7731067307 -24.055899409 -2.5
2502 76.2496671504 -24.2071943738 -2.5
2503 72.4371837929 -22.9968346552 -2
2504 72.9137442126 -23.14812962 -2
2505 73.3903046323 -23.2994245848 -2
2506 73.866865052 -23.4507195497 -2
2507 74.3434254716 -23.6020145145 -2
2508 74.8199858913 -23.7533094793 -2
2509 75.296546311 -23.9046044442 -2
2510 75.7731067307 -24.055899409 -2
2511 76.2496671504 -24.2071943738 -2
2512 72.4371837929 -22.9968346552 -1.5
2513 72.9137442126 -23.14812962 -1.5
2514 73.3903046323 -23.2994245848 -1.5
2515 73.866865052 -23.4507195497 -1.5
2516 74.3434254716 -23.6020145145 -1.5
2517 74.8199858913 -23.7533094793 -1.5
2518 75.296546311 -23.9046044442 -1.5
2519 75.7731067307 -24.055899409 -1.5
2520 76.2496671504 -24.2071943738 -1.5
2521 72.4371837929 -22.9968346552 -1
2522 72.9137442126 -23.14812962 -1
2523 73.3903046323 -23.2994245848 -1
2524 73.866865052 -23.4507195497 -1
2525 74.3434254716 -23.6020145145 -1
2526 74.8199858913 -23.7533094793 -1
2527 75.296546311 -23.9046044442 -1
2528 75.7731067307 -24.055899409 -1
2529 76.2496671504 -24.2071943738 -1
2530 72.4371837929 -22.9968346552 -0.5
2531 72.9137442126 -23.14812962 -0.5
2532 73.3903046323 -23.2994245848 -0.5
2533 73.866865052 -23.4507195497 -0.5
2534 74.3434254716 -23.6020145145 -0.5
2535 74.8199858913 -23.7533094793 -0.5
2536 75.296546311 -23.9046044442 -0.5
2537 75.7731067307 -24.055899409 -0.5
2538 76.2496671504 -24.2071943738 -0.5
2539 72.4371837929 -22.9968346552 0
2540 72.9137442126 -23.14812962 0
2541 73.3903046323 -23.2994245848 0
2542 73.866865052 -23.4507195497 0
2543 74.3434254716 -23.6020145145 0
2544 74.8199858913 -23.7533094793 0
2545 75.296546311 -23.9046044442 0
2546 75.7731067307 -24.055899409 0
2547 76.2496671504 -24.2071943738 0
2548 72.2882809286 -23.4606999125 -13.7478456283
2549 72.2882809286 -23.4606999125 -13.5
2550 72.7638617242 -23.6150466225 -13.7478456283
2551 72.7638617242 -23.6150466225 -13.5
2552 73.2394425198 -23.7693933324 -13.7478456283
2553 73.2394425198 -23.7693933324 -13.5
2554 73.7150233154 -23.9237400424 -13.7478456283
2555 73.7150233154 -23.9237400424 -13.5
2556 74.1906041109 -24.0780867523 -13.7478456283
2557 74.1906041109 -24.0780867523 -13.5
2558 74.6661849065 -24.2324334623 -13.7478456283
2559 74.6661849065 -24.2324334623 -13.5
2560 75.1417657021 -24.3867801722 -13.7478456283
2561 75.1417657021 -24.3867801722 -13.5
2562 75.6173464977 -24.5411268822 -13.7478456283
2563 75.6173464977 -24.5411268822 -13.5
2564 76.0929272933 -24.6954735921 -13.7478456283
2565 76.0929272933 -24.6954735921 -13.5
2566 72.2882809286 -23.4606999125 -13
2567 72.7638617242 -23.6150466225 -13
2568 73.2394425198 -23.7693933324 -13
2569 73.7150233154 -23.9237400424 -13
2570 74.1906041109 -24.0780867523 -13
2571 74.6661849065 -24.2324334623 -13
2572 75.1417657021 -24.3867801722 -13
2573 75.6173464977 -24.5411268822 -13
2574 76.0929272933 -24.6954735921 -13
2575 72.2882809286 -23.4606999125 -12.5
2576 72.7638617242 -23.6150466225 -12.5
2577 73.2394425198 -23.7693933324 -12.5
2578 73.7150233154 -23.9237400424 -12.5
2579 74.1906041109 -24.0780867523 -12.5
2580 74.6661849065 -24.2324334623 -12.5
2581 75.1417657021 -24.3867801722 -12.5
2582 75.6173464977 -24.5411268822 -12.5
2583 76.0929272933 -24.6954735921 -12.5
2584 72.2882809286 -23.4606999125 -12
2585 72.7638617242 -23.6150466225 -12
2586 73.2394425198 -23.7693933324 -12
2587 73.7150233154 -23.9237400424 -12
2588 74.1906041109 -24.0780867523 -12
2589 74.6661849065 -24.2324334623 -12
2590 75.1417657021 -24.3867801722 -12
2591 75.6173464977 -24.5411268822 -12
2592 76.0929272933 -24.6954735921 -12
2593 72.2882809286 -23.4606999125 -11.5
2594 72.7638617242 -23.6150466225 -11.5
2595 73.2394425198 -23.7693933324 -11.5
2596 73.7150233154 -23.9237400424 -11.5
2597 74.1906041109 -24.0780867523 -11.5
2598 74.6661849065 -24.2324334623 -11.5
2599 75.1417657021 -24.3867801722 -11.5
2600 75.6173464977 -24.5411268822 -11.5
2601 76.0929272933 -24.6954735921 -11.5
2602 72.2882809286 -23.4606999125 -11
2603 72.7638617242 -23.6150466225 -11
2604 73.2394425198 -23.7693933324 -11
2605 73.7150233154 -23.9237400424 -11
2606 74.1906041109 -24.0780867523 -11
2607 74.6661849065 -24.2324334623 -11
2608 75.1417657021 -24.3867801722 -11
2609 75.6173464977 -24.5411268822 -11
2610 76.0929272933 -24.6954735921 -11
2611 72.2882809286 -23.4606999125 -10.5
2612 72.7638617242 -23.6150466225 -10.5
2613 73.2394425198 -23.7693933324 -10.5
2614 73.7150233154 -23.9237400424 -10.5
2615 74.1906041109 -24.0780867523 -10.5
2616 74.6661849065 -24.2324334623 -10.5
2617 75.1417657021 -24.3867801722 -10.5
2618 75.6173464977 -24.5411268822 -10.5
2619 76.0929272933 -24.6954735921 -10.5
2620 72.2882809286 -23.4606999125 -10
2621 72.7638617242 -23.6150466225 -10
2622 73.2394425198 -23.7693933324 -10
2623 73.7150233154 -23.9237400424 -10
2624 74.1906041109 -24.0780867523 -10
2625 74.6661849065 -24.2324334623 -10
2626 75.1417657021 -24.3867801722 -10
2627 75.6173464977 -24.5411268822 -10
2628 76.0929272933 -24.6954735921 -10
2629 72.2882809286 -23.4606999125 -9.5
2630 72.7638617242 -23.6150466225 -9.5
2631 73.2394425198 -23.7693933324 -9.5
2632 73.7150233154 -23.9237400424 -9.5
2633 74.1906041109 -24.0780867523 -9.5
2634 74.6661849065 -24.2324334623 -9.5
2635 75.1417657021 -24.3867801722 -9.5
2636 75.6173464977 -24.5411268822 -9.5
2637 76.0929272933 -24.6954735921 -9.5
2638 72.2882809286 -23.4606999125 -9
2639 72.7638617242 -23.6150466225 -9
2640 73.2394425198 -23.7693933324 -9
2641 73.7150233154 -23.9237400424 -9
2642 74.1906041109 -24.0780867523 -9
2643 74.6661849065 -24.2324334623 -9
2644 75.1417657021 -24.3867801722 -9
2645 75.6173464977 -24.5411268822 -9
2646 76.0929272933 -24.6954735921 -9
2647 72.2882809286 -23.4606999125 -8.5
2648 72.7638617242 -23.6150466225 -8.5
2649 73.2394425198 -23.7693933324 -8.5
2650 73.7150233154 -23.9237400424 -8.5
2651 74.1906041109 -24.0780867523 -8.5
2652 74.6661849065 -24.2324334623 -8.5
2653 75.1417657021 -24.3867801722 -8.5
2654 75.6173464977 -24.5411268822 -8.5
2655 76.0929272933 -24.6954735921 -8.5
2656 72.2882809286 -23.4606999125 -8
2657 72.7638617242 -23.6150466225 -8
2658 73.2394425198 -23.7693933324 -8
2659 73.7150233154 -23.9237400424 -8
2660 74.1906041109 -24.0780867523 -8
2661 74.6661849065 -24.2324334623 -8
2662 75.1417657021 -24.3867801722 -8
2663 75.6173464977 -24.5411268822 -8
2664 76.0929272933 -24.6954735921 -8
2665 72.2882809286 -23.4606999125 -7.5
2666 72.7638617242 -23.6150466225 -7.5
2667 73.2394425198 -23.7693933324 -7.5
2668 73.7150233154 -23.9237400424 -7.5
2669 74.1906041109 -24.0780867523 -7.5
2670 74.6661849065 -24.2324334623 -7.5
2671 75.1417657021 -24.3867801722 -7.5
2672 75.6173464977 -24.5411268822 -7.5
2673 76.0929272933 -24.6954735921 -7.5
2674 72.2882809286 -23.4606999125 -7
2675 72.7638617242 -23.6150466225 -7
2676 73.2394425198 -23.7693933324 -7
2677 73.7150233154 -23.9237400424 -7
2678 74.1906041109 -24.0780867523 -7
2679 74.6661849065 -24.2324334623 -7
2680 75.1417657021 -24.3867801722 -7
2681 75.6173464977 -24.5411268822 -7
2682 76.0929272933 -24.6954735921 -7
2683 72.2882809286 -23.4606999125 -6.5
2684 72.7638617242 -23.6150466225 -6.5
2685 73.2394425198 -23.7693933324 -6.5
2686 73.7150233154 -23.9237400424 -6.5
2687 74.1906041109 -24.0780867523 -6.5
2688 74.6661849065 -24.2324334623 -6.5
2689 75.1417657021 -24.3867801722 -6.5
2690 75.6173464977 -24.5411268822 -6.5
2691 76.0929272933 -24.6954735921 -6.5
2692 72.2882809286 -23.4606999125 -6
2693 72.7638617242 -23.6150466225 -6
2694 73.2394425198 -23.7693933324 -6
2695 73.7150233154 -23.9237400424 -6
2696 74.1906041109 -24.0780867523 -6
2697 74.6661849065 -24.2324334623 -6
2698 75.1417657021 -24.3867801722 -6
2699 75.6173464977 -24.5411268822 -6
2700 76.0929272933 -24.6954735921 -6
2701 72.2882809286 -23.4606999125 -5.5
2702 72.7638617242 -23.6150466225 -5.5
2703 73.2394425198 -23.7693933324 -5.5
2704 73.7150233154 -23.9237400424 -5.5
2705 74.1906041109 -24.0780867523 -5.5
2706 74.6661849065 -24.2324334623 -5.5
2707 75.1417657021 -24.3867801722 -5.5
2708 75.6173464977 -24.5411268822 -5.5
2709 76.0929272933 -24.6954735921 -5.5
2710 72.2882809286 -23.4606999125 -5
2711 72.7638617242 -23.6150466225 -5
2712 73.2394425198 -23.7693933324 -5
2713 73.7150233154 -23.9237400424 -5
2714 74.1906041109 -24.0780867523 -5
2715 74.6661849065 -24.2324334623 -5
2716 75.1417657021 -24.3867801722 -5
2717 75.6173464977 -24.5411268822 -5
2718 76.0929272933 -24.6954735921 -5
2719 72.2882809286 -23.4606999125 -4.5
2720 72.7638617242 -23.6150466225 -4.5
2721 73.2394425198 -23.7693933324 -4.5
2722 73.7150233154 -23.9237400424 -4.5
2723 74.1906041109 -24.0780867523 -4.5
2724 74.6661849065 -24.2324334623 -4.5
2725 75.1417657021 -24.3867801722 -4.5
2726 75.6173464977 -24.5411268822 -4.5
2727 76.0929272933 -24.6954735921 -4.5
2728 72.2882809286 -23.4606999125 -4
2729 72.7638617242 -23.6150466225 -4
2730 73.2394425198 -23.7693933324 -4
2731 73.7150233154 -23.9237400424 -4
2732 74.1906041109 -24.0780867523 -4
2733 74.6661849065 -24.2324334623 -4
2734 75.1417657021 -24.3867801722 -4
2735 75.6173464977 -24.5411268822 -4
2736 76.0929272933 -24.6954735921 -4
2737 72.2882809286 -23.4606999125 -3.5
2738 72.7638617242 -23.6150466225 -3.5
2739 73.2394425198 -23.7693933324 -3.5
2740 73.7150233154 -23.9237400424 -3.5
2741 74.1906041109 -24.0780867523 -3.5
2742 74.6661849065 -24.2324334623 -3.5
2743 75.1417657021 -24.3867801722 -3.5
2744 75.6173464977 -24.5411268822 -3.5
2745 76.0929272933 -24.6954735921 -3.5
2746 72.2882809286 -23.4606999125 -3
2747 72.7638617242 -23.6150466225 -3
2748 73.2394425198 -23.7693933324 -3
2749 73.7150233154 -23.9237400424 -3
2750 74.1906041109 -24.0780867523 -3
2751 74.6661849065 -24.2324334623 -3
2752 75.1417657021 -24.3867801722 -3
2753 75.6173464977 -24.5411268822 -3
2754 76.0929272933 -24.6954735921 -3
2755 72.2882809286 -23.4606999125 -2.5
2756 72.7638617242 -23.6150466225 -2.5
2757 73.2394425198 -23.7693933324 -2.5
2758 73.7150233154 -23.9237400424 -2.5
2759 74.1906041109 -24.0780867523 -2.5
2760 74.6661849065 -24.2324334623 -2.5
2761 75.1417657021 -24.3867801722 -2.5
2762 75.6173464977 -24.5411268822 -2.5
2763 76.0929272933 -24.6954735921 -2.5
2764 72.2882809286 -23.4606999125 -2
2765 72.7638617242 -23.6150466225 -2
2766 73.2394425198 -23.7693933324 -2
2767 73.7150233154 -23.9237400424 -2
2768 74.1906041109 -24.0780867523 -2
2769 74.6661849065 -24.2324334623 -2
2770 75.1417657021 -24.3867801722 -2
2771 75.6173464977 -24.5411268822 -2
2772 76.0929272933 -24.6954735921 -2
2773 72.2882809286 -23.4606999125 -1.5
2774 72.7638617242 -23.6150466225 -1.5
2775 73.2394425198 -23.7693933324 -1.5
2776 73.7150233154 -23.9237400424 -1.5
2777 74.1906041109 -24.0780867523 -1.5
2778 74.6661849065 -24.2324334623 -1.5
2779 75.1417657021 -24.3867801722 -1.5
2780 75.6173464977 -24.5411268822 -1.5
2781 76.0929272933 -24.6954735921 -1.5
2782 72.2882809286 -23.4606999125 -1
2783 72.7638617242 -23.6150466225 -1
2784 73.2394425198 -23.7693933324 -1
2785 73.7150233154 -23.9237400424 -1
2786 74.1906041109 -24.0780867523 -1
2787 74.6661849065 -24.2324334623 -1
2788 75.1417657021 -24.3867801722 -1
2789 75.6173464977 -24.5411268822 -1
2790 76.0929272933 -24.6954735921 -1
2791 72.2882809286 -23.4606999125 -0.5
2792 72.7638617242 -23.6150466225 -0.5
2793 73.2394425198 -23.7693933324 -0.5
2794 73.7150233154 -23.9237400424 -0.5
2795 74.1906041109 -24.0780867523 -0.5
2796 74.6661849065 -24.2324334623 -0.5
2797 75.1417657021 -24.3867801722 -0.5
2798 75.6173464977 -24.5411268822 -0.5
2799 76.0929272933 -24.6954735921 -0.5
2800 72.2882809286 -23.4606999125 0
2801 72.7638617242 -23.6150466225 0
2802 73.2394425198 -23.7693933324 0
2803 73.7150233154 -23.9237400424 0
2804 74.1906041109 -24.0780867523 0
2805 74.6661849065 -24.2324334623 0
2806 75.1417657021 -24.3867801722 0
2807 75.6173464977 -24.5411268822 0
2808 76.0929272933 -24.6954735921 0
2809 72.1364076488 -23.9236011405 -13.5017403287
2810 72.1364076488 -23.9236011405 -13.5
2811 72.610989278 -24.0809932533 -13.5017403287
2812 72.610989278 -24.0809932533 -13.5
2813 73.0855709073 -24.2383853661 -13.5017403287
2814 73.0855709073 -24.2383853661 -13.5
2815 73.5601525366 -24.3957774788 -13.5017403287
2816 73.5601525366 -24.3957774788 -13.5
2817 74.0347341658 -24.5531695916 -13.5017403287
2818 74.0347341658 -24.5531695916 -13.5
2819 74.5093157951 -24.7105617044 -13.5017403287
2820 74.5093157951 -24.7105617044 -13.5
2821 74.9838974244 -24.8679538171 -13.5017403287
2822 74.9838974244 -24.8679538171 -13.5
2823 75.4584790536 -25.0253459299 -13.5017403287
2824 75.4584790536 -25.0253459299 -13.5
2825 75.9330606829 -25.1827380427 -13.5017403287
2826 75.9330606829 -25.1827380427 -13.5
2827 72.1364076488 -23.9236011405 -13
2828 72.610989278 -24.0809932533 -13
2829 73.0855709073 -24.2383853661 -13
2830 73.5601525366 -24.3957774788 -13
2831 74.0347341658 -24.5531695916 -13
2832 74.5093157951 -24.7105617044 -13
2833 74.9838974244 -24.8679538171 -13
2834 75.4584790536 -25.0253459299 -13
2835 75.9330606829 -25.1827380427 -13
2836 72.1364076488 -23.9236011405 -12.5
2837 72.610989278 -24.0809932533 -12.5
2838 73.0855709073 -24.2383853661 -12.5
2839 73.5601525366 -24.3957774788 -12.5
2840 74.0347341658 -24.5531695916 -12.5
2841 74.5093157951 -24.7105617044 -12.5
2842 74.9838974244 -24.8679538171 -12.5
2843 75.4584790536 -25.0253459299 -12.5
2844 75.9330606829 -25.1827380427 -12.5
2845 72.1364076488 -23.9236011405 -12
2846 72.610989278 -24.0809932533 -12
2847 73.0855709073 -24.2383853661 -12
2848 73.5601525366 -24.3957774788 -12
2849 74.0347341658 -24.5531695916 -12
2850 74.5093157951 -24.7105617044 -12
2851 74.9838974244 -24.8679538171 -12
2852 75.4584790536 -25.0253459299 -12
2853 75.9330606829 -25.1827380427 -12
2854 72.1364076488 -23.9236011405 -11.5
2855 72.610989278 -24.0809932533 -11.5
2856 73.0855709073 -24.2383853661 -11.5
2857 73.5601525366 -24.3957774788 -11.5
2858 74.0347341658 -24.5531695916 -11.5
2859 74.5093157951 -24.7105617044 -11.5
2860 74.9838974244 -24.8679538171 -11.5
2861 75.4584790536 -25.0253459299 -11.5
2862 75.9330606829 -25.1827380427 -11.5
2863 72.1364076488 -23.9236011405 -11
2864 72.610989278 -24.0809932533 -11
2865 73.0855709073 -24.2383853661 -11
2866 73.5601525366 -24.3957774788 -11
2867 74.0347341658 -24.5531695916 -11
2868 74.5093157951 -24.7105617044 -11
2869 74.9838974244 -24.8679538171 -11
2870 75.4584790536 -25.0253459299 -11
2871 75.9330606829 -25.1827380427 -11
2872 72.1364076488 -23.9236011405 -10.5
2873 72.610989278 -24.0809932533 -10.5
2874 73.0855709073 -24.2383853661 -10.5
2875 73.5601525366 -24.3957774788 -10.5
2876 74.0347341658 -24.5531695916 -10.5
2877 74.5093157951 -24.7105617044 -10.5
2878 74.9838974244 -24.8679538171 -10.5
2879 75.4584790536 -25.0253459299 -10.5
2880 75.9330606829 -25.1827380427 -10.5
2881 72.1364076488 -23.9236011405 -10
2882 72.610989278 -24.0809932533 -10
2883 73.0855709073 -24.2383853661 -10
2884 73.5601525366 -24.3957774788 -10
2885 74.0347341658 -24.5531695916 -10
2886 74.5093157951 -24.7105617044 -10
2887 74.9838974244 -24.8679538171 -10
2888 75.4584790536 -25.0253459299 -10
2889 75.9330606829 -25.1827380427 -10
2890 72.1364076488 -23.9236011405 -9.5
2891 72.610989278 -24.0809932533 -9.5
2892 73.0855709073 -24.2383853661 -9.5
2893 73.5601525366 -24.3957774788 -9.5
2894 74.0347341658 -24.5531695916 -9.5
2895 74.5093157951 -24.7105617044 -9.5
2896 74.9838974244 -24.8679538171 -9.5
2897 75.4584790536 -25.0253459299 -9.5
2898 75.9330606829 -25.1827380427 -9.5
2899 72.1364076488 -23.9236011405 -9
2900 72.610989278 -24.0809932533 -9
2901 73.0855709073 -24.2383853661 -9
2902 73.5601525366 -24.3957774788 -9
2903 74.0347341658 -24.5531695916 -9
2904 74.5093157951 -24.7105617044 -9
2905 74.9838974244 -24.8679538171 -9
2906 75.4584790536 -25.0253459299 -9
2907 75.9330606829 -25.1827380427 -9
2908 72.1364076488 -23.9236011405 -8.5
2909 72.610989278 -24.0809932533 -8.5
2910 73.0855709073 -24.2383853661 -8.5
2911 73.5601525366 -24.3957774788 -8.5
2912 74.0347341658 -24.5531695916 -8.5
2913 74.5093157951 -24.7105617044 -8.5
2914 74.9838974244 -24.8679538171 -8.5
2915 75.4584790536 -25.0253459299 -8.5
2916 75.9330606829 -25.1827380427 -8.5
2917 72.1364076488 -23.9236011405 -8
2918 72.610989278 -24.0809932533 -8
2919 73.0855709073 -24.2383853661 -8
2920 73.5601525366 -24.3957774788 -8
2921 74.0347341658 -24.5531695916 -8
2922 74.5093157951 -24.7105617044 -8
2923 74.9838974244 -24.8679538171 -8
2924 75.4584790536 -25.0253459299 -8
2925 75.9330606829 -25.1827380427 -8
2926 72.1364076488 -23.9236011405 -7.5
2927 72.610989278 -24.0809932533 -7.5
2928 73.0855709073 -24.2383853661 -7.5
2929 73.5601525366 -24.3957774788 -7.5
2930 74.0347341658 -24.5531695916 -7.5
2931 74.5093157951 -24.7105617044 -7.5
2932 74.9838974244 -24.8679538171 -7.5
2933 75.4584790536 -25.0253459299 -7.5
2934 75.9330606829 -25.1827380427 -7.5
2935 72.1364076488 -23.9236011405 -7
2936 72.610989278 -24.0809932533 -7
2937 73.0855709073 -24.2383853661 -7
2938 73.5601525366 -24.3957774788 -7
2939 74.0347341658 -24.5531695916 -7
2940 74.5093157951 -24.7105617044 -7
2941 74.9838974244 -24.8679538171 -7
2942 75.4584790536 -25.0253459299 -7
2943 75.9330606829 -25.1827380427 -7
2944 72.1364076488 -23.9236011405 -6.5
2945 72.610989278 -24.0809932533 -6.5
2946 73.0855709073 -24.2383853661 -6.5
2947 73.5601525366 -24.3957774788 -6.5
2948 74.0347341658 -24.5531695916 -6.5
2949 74.5093157951 -24.7105617044 -6.5
2950 74.9838974244 -24.8679538171 -6.5
2951 75.4584790536 -25.0253459299 -6.5
2952 75.9330606829 -25.1827380427 -6.5
2953 72.1364076488 -23.9236011405 -6
2954 72.610989278 -24.0809932533 -6
2955 73.0855709073 -24.2383853661 -6
2956 73.5601525366 -24.3957774788 -6
2957 74.0347341658 -24.5531695916 -6
2958 74.5093157951 -24.7105617044 -6
2959 74.9838974244 -24.8679538171 -6
2960 75.4584790536 -25.0253459299 -6
2961 75.9330606829 -25.1827380427 -6
2962 72.1364076488 -23.9236011405 -5.5
2963 72.610989278 -24.0809932533 -5.5
2964 73.0855709073 -24.2383853661 -5.5
2965 73.5601525366 -24.3957774788 -5.5
2966 74.0347341658 -24.5531695916 -5.5
2967 74.5093157951 -24.7105617044 -5.5
2968 74.9838974244 -24.8679538171 -5.5
2969 75.4584790536 -25.0253459299 -5.5
2970 75.9330606829 -25.1827380427 -5.5
2971 72.1364076488 -23.9236011405 -5
2972 72.610989278 -24.0809932533 -5
2973 73.0855709073 -24.2383853661 -5
2974 73.5601525366 -24.3957774788 -5
2975 74.0347341658 -24.5531695916 -5
2976 74.5093157951 -24.7105617044 -5
2977 74.9838974244 -24.8679538171 -5
2978 75.4584790536 -25.0253459299 -5
2979 75.9330606829 -25.1827380427 -5
2980 72.1364076488 -23.9236011405 -4.5
2981 72.610989278 -24.0809932533 -4.5
2982 73.0855709073 -24.2383853661 -4.5
2983 73.5601525366 -24.3957774788 -4.5
2984 74.0347341658 -24.5531695916 -4.5
2985 74.5093157951 -24.7105617044 -4.5
2986 74.9838974244 -24.8679538171 -4.5
2987 75.4584790536 -25.0253459299 -4.5
2988 75.9330606829 -25.1827380427 -4.5
2989 72.1364076488 -23.9236011405 -4
2990 72.610989278 -24.0809932533 -4
2991 73.0855709073 -24.2383853661 -4
2992 73.5601525366 -24.3957774788 -4
2993 74.0347341658 -24.5531695916 -4
2994 74.5093157951 -24.7105617044 -4
2995 74.9838974244 -24.8679538171 -4
2996 75.4584790536 -25.0253459299 -4
2997 75.9330606829 -25.1827380427 -4
2998 72.1364076488 -23.9236011405 -3.5
2999 72.610989278 -24.0809932533 -3.5
3000 73.0855709073 -24.2383853661 -3.5
3001 73.5601525366 -24.3957774788 -3.5
3002 74.0347341658 -24.5531695916 -3.5
3003 74.5093157951 -24.7105617044 -3.5
3004 74.9838974244 -24.8679538171 -3.5
3005 75.4584790536 -25.0253459299 -3.5
3006 75.9330606829 -25.1827380427 -3.5
3007 72.1364076488 -23.9236011405 -3
3008 72.610989278 -24.0809932533 -3
3009 73.0855709073 -24.2383853661 -3
3010 73.5601525366 -24.3957774788 -3
3011 74.0347341658 -24.5531695916 -3
3012 74.5093157951 -24.7105617044 -3
3013 74.9838974244 -24.8679538171 -3
3014 75.4584790536 -25.0253459299 -3
3015 75.9330606829 -25.1827380427 -3
3016 72.1364076488 -23.9236011405 -2.5
3017 72.610989278 -24.0809932533 -2.5
3018 73.0855709073 -24.2383853661 -2.5
3019 73.5601525366 -24.3957774788 -2.5
3020 74.0347341658 -24.5531695916 -2.5
3021 74.5093157951 -24.7105617044 -2.5
3022 74.9838974244 -24.8679538171 -2.5
3023 75.4584790536 -25.0253459299 -2.5
3024 75.9330606829 -25.1827380427 -2.5
3025 72.1364076488 -23.9236011405 -2
3026 72.610989278 -24.0809932533 -2
3027 73.0855709073 -24.2383853661 -2
3028 73.5601525366 -24.3957774788 -2
3029 74.0347341658 -24.5531695916 -2
3030 74.5093157951 -24.7105617044 -2
3031 74.9838974244 -24.8679538171 -2
3032 75.4584790536 -25.0253459299 -2
3033 75.9330606829 -25.1827380427 -2
3034 72.1364076488 -23.9236011405 -1.5
3035 72.610989278 -24.0809932533 -1.5
3036 73.0855709073 -24.2383853661 -1.5
3037 73.5601525366 -24.3957774788 -1.5
3038 74.0347341658 -24.5531695916 -1.5
3039 74.5093157951 -24.7105617044 -1.5
3040 74.9838974244 -24.8679538171 -1.5
3041 75.4584790536 -25.0253459299 -1.5
3042 75.9330606829 -25.1827380427 -1.5
3043 72.1364076488 -23.9236011405 -1
3044 72.610989278 -24.0809932533 -1
3045 73.0855709073 -24.2383853661 -1
3046 73.5601525366 -24.3957774788 -1
3047 74.0347341658 -24.5531695916 -1
3048 74.5093157951 -24.7105617044 -1
3049 74.9838974244 -24.8679538171 -1
3050 75.4584790536 -25.0253459299 -1
3051 75.9330606829 -25.1827380427 -1
3052 72.1364076488 -23.9236011405 -0.5
3053 72.610989278 -24.0809932533 -0.5
3054 73.0855709073 -24.2383853661 -0.5
3055 73.5601525366 -24.3957774788 -0.5
3056 74.0347341658 -24.5531695916 -0.5
3057 74.5093157951 -24.7105617044 -0.5
3058 74.9838974244 -24.8679538171 -0.5
3059 75.4584790536 -25.0253459299 -0.5
3060 75.9330606829 -25.1827380427 -0.5
3061 72.1364076488 -23.9236011405 0
3062 72.610989278 -24.0809932533 0
3063 73.0855709073 -24.2383853661 0
3064 73.5601525366 -24.3957774788 0
3065 74.0347341658 -24.5531695916 0
3066 74.5093157951 -24.7105617044 0
3067 74.9838974244 -24.8679538171 0
3068 75.4584790536 -25.0253459299 0
3069 75.9330606829 -25.1827380427 0
3070 71.981570194 -24.3855193179 -13.2556201538
3071 72.4551331558 -24.5459503661 -13.2556201538
3072 72.9286961176 -24.7063814142 -13.2556201538
3073 73.4022590794 -24.8668124623 -13.2556201538
3074 73.8758220412 -25.0272435105 -13.2556201538
3075 74.349385003 -25.1876745586 -13.2556201538
3076 74.8229479648 -25.3481056068 -13.2556201538
3077 75.2965109266 -25.5085366549 -13.2556201538
3078 75.7700738884 -25.6689677031 -13.2556201538
3079 71.981570194 -24.3855193179 -13
3080 72.4551331558 -24.5459503661 -13
3081 72.9286961176 -24.7063814142 -13
3082 73.4022590794 -24.8668124623 -13
3083 73.8758220412 -25.0272435105 -13
3084 74.349385003 -25.1876745586 -13
3085 74.8229479648 -25.3481056068 -13
3086 75.2965109266 -25.5085366549 -13
3087 75.7700738884 -25.6689677031 -13
3088 71.981570194 -24.3855193179 -12.5
3089 72.4551331558 -24.5459503661 -12.5
3090 72.9286961176 -24.7063814142 -12.5
3091 73.4022590794 -24.8668124623 -12.5
3092 73.8758220412 -25.0272435105 -12.5
3093 74.349385003 -25.1876745586 -12.5
3094 74.8229479648 -25.3481056068 -12.5
3095 75.2965109266 -25.5085366549 -12.5
3096 75.7700738884 -25.6689677031 -12.5
3097 71.981570194 -24.3855193179 -12
3098 72.4551331558 -24.5459503661 -12
3099 72.9286961176 -24.7063814142 -12
3100 73.4022590794 -24.8668124623 -12
3101 73.8758220412 -25.0272435105 -12
3102 74.349385003 -25.1876745586 -12
3103 74.8229479648 -25.3481056068 -12
3104 75.2965109266 -25.5085366549 -12
3105 75.7700738884 -25.6689677031 -12
3106 71.981570194 -24.3855193179 -11.5
3107 72.4551331558 -24.5459503661 -11.5
3108 72.9286961176 -24.7063814142 -11.5
3109 73.4022590794 -24.8668124623 -11.5
3110 73.8758220412 -25.0272435105 -11.5
3111 74.349385003 -25.1876745586 -11.5
3112 74.8229479648 -25.3481056068 -11.5
3113 75.2965109266 -25.5085366549 -11.5
3114 75.7700738884 -25.6689677031 -11.5
3115 71.981570194 -24.3855193179 -11
3116 72.4551331558 -24.5459503661 -11
3117 72.9286961176 -24.7063814142 -11
3118 73.4022590794 -24.8668124623 -11
3119 73.8758220412 -25.0272435105 -11
3120 74.349385003 -25.1876745586 -11
3121 74.8229479648 -25.3481056068 -11
3122 75.2965109266 -25.5085366549 -11
3123 75.7700738884 -25.6689677031 -11
3124 71.981570194 -24.3855193179 -10.5
3125 72.4551331558 -24.5459503661 -10.5
3126 72.9286961176 -24.7063814142 -10.5
3127 73.4022590794 -24.8668124623 -10.5
3128 73.8758220412 -25.0272435105 -10.5
3129 74.349385003 -25.1876745586 -10.5
3130 74.8229479648 -25.3481056068 -10.5
3131 75.2965109266 -25.5085366549 -10.5
3132 75.7700738884 -25.6689677031 -10.5
3133 71.981570194 -24.3855193179 -10
3134 72.4551331558 -24.5459503661 -10
3135 72.9286961176 -24.7063814142 -10
3136 73.4022590794 -24.8668124623 -10
3137 73.8758220412 -25.0272435105 -10
3138 74.349385003 -25.1876745586 -10
3139 74.8229479648 -25.3481056068 -10
3140 75.2965109266 -25.5085366549 -10
3141 75.7700738884 -25.6689677031 -10
3142 71.981570194 -24.3855193179 -9.5
3143 72.4551331558 -24.5459503661 -9.5
3144 72.9286961176 -24.7063814142 -9.5
3145 73.4022590794 -24.8668124623 -9.5
3146 73.8758220412 -25.0272435105 -9.5
3147 74.349385003 -25.1876745586 -9.5
3148 74.8229479648 -25.3481056068 -9.5
3149 75.2965109266 -25.5085366549 -9.5
3150 75.7700738884 -25.6689677031 -9.5
3151 71.981570194 -24.3855193179 -9
3152 72.4551331558 -24.5459503661 -9
3153 72.9286961176 -24.7063814142 -9
3154 73.4022590794 -24.8668124623 -9
3155 73.8758220412 -25.0272435105 -9
3156 74.349385003 -25.1876745586 -9
3157 74.8229479648 -25.3481056068 -9
3158 75.2965109266 -25.5085366549 -9
3159 75.7700738884 -25.6689677031 -9
3160 71.981570194 -24.3855193179 -8.5
3161 72.4551331558 -24.5459503661 -8.5
3162 72.9286961176 -24.7063814142 -8.5
3163 73.4022590794 -24.8668124623 -8.5
3164 73.8758220412 -25.0272435105 -8.5
3165 74.349385003 -25.1876745586 -8.5
3166 74.8229479648 -25.3481056068 -8.5
3167 75.2965109266 -25.5085366549 -8.5
3168 75.7700738884 -25.6689677031 -8.5
3169 71.981570194 -24.3855193179 -8
3170 72.4551331558 -24.5459503661 -8
3171 72.9286961176 -24.7063814142 -8
3172 73.4022590794 -24.8668124623 -8
3173 73.8758220412 -25.0272435105 -8
3174 74.349385003 -25.1876745586 -8
3175 74.8229479648 -25.3481056068 -8
3176 75.2965109266 -25.5085366549 -8
3177 75.7700738884 -25.6689677031 -8
3178 71.981570194 -24.3855193179 -7.5
3179 72.4551331558 -24.5459503661 -7.5
3180 72.9286961176 -24.7063814142 -7.5
3181 73.4022590794 -24.8668124623 -7.5
3182 73.8758220412 -25.0272435105 -7.5
3183 74.349385003 -25.1876745586 -7.5
3184 74.8229479648 -25.3481056068 -7.5
3185 75.2965109266 -25.5085366549 -7.5
3186 75.7700738884 -25.6689677031 -7.5
3187 71.981570194 -24.3855193179 -7
3188 72.4551331558 -24.5459503661 -7
3189 72.9286961176 -24.7063814142 -7
3190 73.4022590794 -24.8668124623 -7
3191 73.8758220412 -25.0272435105 -7
3192 74.349385003 -25.1876745586 -7
3193 74.8229479648 -25.3481056068 -7
3194 75.2965109266 -25.5085366549 -7
3195 75.7700738884 -25.6689677031 -7
3196 71.981570194 -24.3855193179 -6.5
3197 72.4551331558 -24.5459503661 -6.5
3198 72.9286961176 -24.7063814142 -6.5
3199 73.4022590794 -24.8668124623 -6.5
3200 73.8758220412 -25.0272435105 -6.5
3201 74.349385003 -25.1876745586 -6.5
3202 74.8229479648 -25.3481056068 -6.5
3203 75.2965109266 -25.5085366549 -6.5
3204 75.7700738884 -25.6689677031 -6.5
3205 71.981570194 -24.3855193179 -6
3206 72.4551331558 -24.5459503661 -6
3207 72.9286961176 -24.7063814142 -6
3208 73.4022590794 -24.8668124623 -6
3209 73.8758220412 -25.0272435105 -6
3210 74.349385003 -25.1876745586 -6
3211 74.8229479648 -25.3481056068 -6
3212 75.2965109266 -25.5085366549 -6
3213 75.7700738884 -25.6689677031 -6
3214 71.981570194 -24.3855193179 -5.5
3215 72.4551331558 -24.5459503661 -5.5
3216 72.9286961176 -24.7063814142 -5.5
3217 73.4022590794 -24.8668124623 -5.5
3218 73.8758220412 -25.0272435105 -5.5
3219 74.349385003 -25.1876745586 -5.5
3220 74.8229479648 -25.3481056068 -5.5
3221 75.2965109266 -25.5085366549 -5.5
3222 75.7700738884 -25.6689677031 -5.5
3223 71.981570194 -24.3855193179 -5
3224 72.4551331558 -24.5459503661 -5
3225 72.9286961176 -24.7063814142 -5
3226 73.4022590794 -24.8668124623 -5
3227 73.8758220412 -25.0272435105 -5
3228 74.349385003 -25.1876745586 -5
3229 74.8229479648 -25.3481056068 -5
3230 75.2965109266 -25.5085366549 -5
3231 75.7700738884 -25.6689677031 -5
3232 71.981570194 -24.3855193179 -4.5
3233 72.4551331558 -24.5459503661 -4.5
3234 72.9286961176 -24.7063814142 -4.5
3235 73.4022590794 -24.8668124623 -4.5
3236 73.8758220412 -25.0272435105 -4.5
3237 74.349385003 -25.1876745586 -4.5
3238 74.8229479648 -25.3481056068 -4.5
3239 75.2965109266 -25.5085366549 -4.5
3240 75.7700738884 -25.6689677031 -4.5
3241 71.981570194 -24.3855193179 -4
3242 72.4551331558 -24.5459503661 -4
3243 72.9286961176 -24.7063814142 -4
3244 73.4022590794 -24.8668124623 -4
3245 73.8758220412 -25.0272435105 -4
3246 74.349385003 -25.1876745586 -4
3247 74.8229479648 -25.3481056068 -4
3248 75.2965109266 -25.5085366549 -4
3249 75.7700738884 -25.6689677031 -4
3250 71.981570194 -24.3855193179 -3.5
3251 72.4551331558 -24.5459503661 -3.5
3252 72.9286961176 -24.7063814142 -3.5
3253 73.4022590794 -24.8668124623 -3.5
3254 73.8758220412 -25.0272435105 -3.5
3255 74.349385003 -25.1876745586 -3.5
3256 74.8229479648 -25.3481056068 -3.5
3257 75.2965109266 -25.5085366549 -3.5
3258 75.7700738884 -25.6689677031 -3.5
3259 71.981570194 -24.3855193179 -3
3260 72.4551331558 -24.5459503661 -3
3261 72.9286961176 -24.7063814142 -3
3262 73.4022590794 -24.8668124623 -3
3263 73.8758220412 -25.0272435105 -3
3264 74.349385003 -25.1876745586 -3
3265 74.8229479648 -25.3481056068 -3
3266 75.2965109266 -25.5085366549 -3
3267 75.7700738884 -25.6689677031 -3
3268 71.981570194 -24.3855193179 -2.5
3269 72.4551331558 -24.5459503661 -2.5
3270 72.9286961176 -24.7063814142 -2.5
3271 73.4022590794 -24.8668124623 -2.5
3272 73.8758220412 -25.0272435105 -2.5
3273 74.349385003 -25.1876745586 -2.5
3274 74.8229479648 -25.3481056068 -2.5
3275 75.2965109266 -25.5085366549 -2.5
3276 75.7700738884 -25.6689677031 -2.5
3277 71.981570194 -24.3855193179 -2
3278 72.4551331558 -24.5459503661 -2
3279 72.9286961176 -24.7063814142 -2
3280 73.4022590794 -24.8668124623 -2
3281 73.8758220412 -25.0272435105 -2
3282 74.349385003 -25.1876745586 -2
3283 74.8229479648 -25.3481056068 -2
3284 75.2965109266 -25.5085366549 -2
3285 75.7700738884 -25.6689677031 -2
3286 71.981570194 -24.3855193179 -1.5
3287 72.4551331558 -24.5459503661 -1.5
3288 72.9286961176 -24.7063814142 -1.5
3289 73.4022590794 -24.8668124623 -1.5
3290 73.8758220412 -25.0272435105 -1.5
3291 74.349385003 -25.1876745586 -1.5
3292 74.8229479648 -25.3481056068 -1.5
3293 75.2965109266 -25.5085366549 -1.5
3294 75.7700738884 -25.6689677031 -1.5
3295 71.981570194 -24.3855193179 -1
3296 72.4551331558 -24.5459503661 -1
3297 72.9286961176 -24.7063814142 -1
3298 73.4022590794 -24.8668124623 -1
3299 73.8758220412 -25.0272435105 -1
3300 74.349385003 -25.1876745586 -1
3301 74.8229479648 -25.3481056068 -1
3302 75.2965109266 -25.5085366549 -1
3303 75.7700738884 -25.6689677031 -1
3304 71.981570194 -24.3855193179 -0.5
3305 72.4551331558 -24.5459503661 -0.5
3306 72.9286961176 -24.7063814142 -0.5
3307 73.4022590794 -24.8668124623 -0.5
3308 73.8758220412 -25.0272435105 -0.5
3309 74.349385003 -25.1876745586 -0.5
3310 74.8229479648 -25.3481056068 -0.5
3311 75.2965109266 -25.5085366549 -0.5
3312 75.7700738884 -25.6689677031 -0.5
3313 71.981570194 -24.3855193179 0
3314 72.4551331558 -24.5459503661 0
3315 72.9286961176 -24.7063814142 0
3316 73.4022590794 -24.8668124623 0
3317 73.8758220412 -25.0272435105 0
3318 74.349385003 -25.1876745586 0
3319 74.8229479648 -25.3481056068 0
3320 75.2965109266 -25.5085366549 0
3321 75.7700738884 -25.6689677031 0
3322 71.8237749268 -24.8464354639 -13.009488004
3323 71.8237749268 -24.8464354639 -13
3324 72.2962997619 -25.0098988551 -13.009488004
3325 72.2962997619 -25.0098988551 -13
3326 72.7688245969 -25.1733622463 -13.009488004
3327 72.7688245969 -25.1733622463 -13
3328 73.2413494319 -25.3368256375 -13.009488004
3329 73.2413494319 -25.3368256375 -13
3330 73.713874267 -25.5002890288 -13.009488004
3331 73.713874267 -25.5002890288 -13
3332 74.186399102 -25.66375242 -13.009488004
3333 74.186399102 -25.66375242 -13
3334 74.6589239371 -25.8272158112 -13.009488004
3335 74.6589239371 -25.8272158112 -13
3336 75.1314487721 -25.9906792024 -13.009488004
3337 75.1314487721 -25.9906792024 -13
3338 75.6039736072 -26.1541425936 -13.009488004
3339 75.6039736072 -26.1541425936 -13
3340 71.8237749268 -24.8464354639 -12.5
3341 72.2962997619 -25.0098988551 -12.5
3342 72.7688245969 -25.1733622463 -12.5
3343 73.2413494319 -25.3368256375 -12.5
3344 73.713874267 -25.5002890288 -12.5
3345 74.186399102 -25.66375242 -12.5
3346 74.6589239371 -25.8272158112 -12.5
3347 75.1314487721 -25.9906792024 -12.5
3348 75.6039736072 -26.1541425936 -12.5
3349 71.8237749268 -24.8464354639 -12
3350 72.2962997619 -25.0098988551 -12
3351 72.7688245969 -25.1733622463 -12
3352 73.2413494319 -25.3368256375 -12
3353 73.713874267 -25.5002890288 -12
3354 74.186399102 -25.66375242 -12
3355 74.6589239371 -25.8272158112 -12
3356 75.1314487721 -25.9906792024 -12
3357 75.6039736072 -26.1541425936 -12
3358 71.8237749268 -24.8464354639 -11.5
3359 72.2962997619 -25.0098988551 -11.5
3360 72.7688245969 -25.1733622463 -11.5
3361 73.2413494319 -25.3368256375 -11.5
3362 73.713874267 -25.5002890288 -11.5
3363 74.186399102 -25.66375242 -11.5
3364 74.6589239371 -25.8272158112 -11.5
3365 75.1314487721 -25.9906792024 -11.5
3366 75.6039736072 -26.1541425936 -11.5
3367 71.8237749268 -24.8464354639 -11
3368 72.2962997619 -25.0098988551 -11
3369 72.7688245969 -25.1733622463 -11
3370 73.2413494319 -25.3368256375 -11
3371 73.713874267 -25.5002890288 -11
3372 74.186399102 -25.66375242 -11
3373 74.6589239371 -25.8272158112 -11
3374 75.1314487721 -25.9906792024 -11
3375 75.6039736072 -26.1541425936 -11
3376 71.8237749268 -24.8464354639 -10.5
3377 72.2962997619 -25.0098988551 -10.5
3378 72.7688245969 -25.1733622463 -10.5
3379 73.2413494319 -25.3368256375 -10.5
3380 73.713874267 -25.5002890288 -10.5
3381 74.186399102 -25.66375242 -10.5
3382 74.6589239371 -25.8272158112 -10.5
3383 75.1314487721 -25.9906792024 -10.5
3384 75.6039736072 -26.1541425936 -10.5
3385 71.8237749268 -24.8464354639 -10
3386 72.2962997619 -25.0098988551 -10
3387 72.7688245969 -25.1733622463 -10
3388 73.2413494319 -25.3368256375 -10
3389 73.713874267 -25.5002890288 -10
3390 74.186399102 -25.66375242 -10
3391 74.6589239371 -25.8272158112 -10
3392 75.1314487721 -25.9906792024 -10
3393 75.6039736072 -26.1541425936 -10
3394 71.8237749268 -24.8464354639 -9.5
3395 72.2962997619 -25.0098988551 -9.5
3396 72.7688245969 -25.1733622463 -9.5
3397 73.2413494319 -25.3368256375 -9.5
3398 73.713874267 -25.5002890288 -9.5
3399 74.186399102 -25.66375242 -9.5
3400 74.6589239371 -25.8272158112 -9.5
3401 75.1314487721 -25.9906792024 -9.5
3402 75.6039736072 -26.1541425936 -9.5
3403 71.8237749268 -24.8464354639 -9
3404 72.2962997619 -25.0098988551 -9
3405 72.7688245969 -25.1733622463 -9
3406 73.2413494319 -25.3368256375 -9
3407 73.713874267 -25.5002890288 -9
3408 74.186399102 -25.66375242 -9
3409 74.6589239371 -25.8272158112 -9
3410 75.1314487721 -25.9906792024 -9
3411 75.6039736072 -26.1541425936 -9
3412 71.8237749268 -24.8464354639 -8.5
3413 72.2962997619 -25.0098988551 -8.5
3414 72.7688245969 -25.1733622463 -8.5
3415 73.2413494319 -25.3368256375 -8.5
3416 73.713874267 -25.5002890288 -8.5
3417 74.186399102 -25.66375242 -8.5
3418 74.6589239371 -25.8272158112 -8.5
3419 75.1314487721 -25.9906792024 -8.5
3420 75.6039736072 -26.1541425936 -8.5
3421 71.8237749268 -24.8464354639 -8
3422 72.2962997619 -25.0098988551 -8
3423 72.7688245969 -25.1733622463 -8
3424 73.2413494319 -25.3368256375 -8
3425 73.713874267 -25.5002890288 -8
3426 74.186399102 -25.66375242 -8
3427 74.6589239371 -25.8272158112 -8
3428 75.1314487721 -25.9906792024 -8
3429 75.6039736072 -26.1541425936 -8
3430 71.8237749268 -24.8464354639 -7.5
3431 72.2962997619 -25.0098988551 -7.5
3432 72.7688245969 -25.1733622463 -7.5
3433 73.2413494319 -25.3368256375 -7.5
3434 73.713874267 -25.5002890288 -7.5
3435 74.186399102 -25.66375242 -7.5
3436 74.6589239371 -25.8272158112 -7.5
3437 75.1314487721 -25.9906792024 -7.5
3438 75.6039736072 -26.1541425936 -7.5
3439 71.8237749268 -24.8464354639 -7
3440 72.2962997619 -25.0098988551 -7
3441 72.7688245969 -25.1733622463 -7
3442 73.2413494319 -25.3368256375 -7
3443 73.713874267 -25.5002890288 -7
3444 74.186399102 -25.66375242 -7
3445 74.6589239371 -25.8272158112 -7
3446 75.1314487721 -25.9906792024 -7
3447 75.6039736072 -26.1541425936 -7
3448 71.8237749268 -24.8464354639 -6.5
3449 72.2962997619 -25.0098988551 -6.5
3450 72.7688245969 -25.1733622463 -6.5
3451 73.2413494319 -25.3368256375 -6.5
3452 73.713874267 -25.5002890288 -6.5
3453 74.186399102 -25.66375242 -6.5
3454 74.6589239371 -25.8272158112 -6.5
3455 75.1314487721 -25.9906792024 -6.5
3456 75.6039736072 -26.1541425936 -6.5
3457 71.8237749268 -24.8464354639 -6
3458 72.2962997619 -25.0098988551 -6
3459 72.7688245969 -25.1733622463 -6
3460 73.2413494319 -25.3368256375 -6
3461 73.713874267 -25.5002890288 -6
3462 74.186399102 -25.66375242 -6
3463 74.6589239371 -25.8272158112 -6
3464 75.1314487721 -25.9906792024 -6
3465 75.6039736072 -26.1541425936 -6
3466 71.8237749268 -24.8464354639 -5.5
3467 72.2962997619 -25.0098988551 -5.5
3468 72.7688245969 -25.1733622463 -5.5
3469 73.2413494319 -25.3368256375 -5.5
3470 73.713874267 -25.5002890288 -5.5
3471 74.186399102 -25.66375242 -5.5
3472 74.6589239371 -25.8272158112 -5.5
3473 75.1314487721 -25.9906792024 -5.5
3474 75.6039736072 -26.1541425936 -5.5
3475 71.8237749268 -24.8464354639 -5
3476 72.2962997619 -25.0098988551 -5
3477 72.7688245969 -25.1733622463 -5
3478 73.2413494319 -25.3368256375 -5
3479 73.713874267 -25.5002890288 -5
3480 74.186399102 -25.66375242 -5
3481 74.6589239371 -25.8272158112 -5
3482 75.1314487721 -25.9906792024 -5
3483 75.6039736072 -26.1541425936 -5
3484 71.8237749268 -24.8464354639 -4.5
3485 72.2962997619 -25.0098988551 -4.5
3486 72.7688245969 -25.1733622463 -4.5
3487 73.2413494319 -25.3368256375 -4.5
3488 73.713874267 -25.5002890288 -4.5
3489 74.186399102 -25.66375242 -4.5
3490 74.6589239371 -25.8272158112 -4.5
3491 75.1314487721 -25.9906792024 -4.5
3492 75.6039736072 -26.1541425936 -4.5
3493 71.8237749268 -24.8464354639 -4
3494 72.2962997619 -25.0098988551 -4
3495 72.7688245969 -25.1733622463 -4
3496 73.2413494319 -25.3368256375 -4
3497 73.713874267 -25.5002890288 -4
3498 74.186399102 -25.66375242 -4
3499 74.6589239371 -25.8272158112 -4
3500 75.1314487721 -25.9906792024 -4
3501 75.6039736072 -26.1541425936 -4
3502 71.8237749268 -24.8464354639 -3.5
3503 72.2962997619 -25.0098988551 -3.5
3504 72.7688245969 -25.1733622463 -3.5
3505 73.2413494319 -25.3368256375 -3.5
3506 73.713874267 -25.5002890288 -3.5
3507 74.186399102 -25.66375242 -3.5
3508 74.6589239371 -25.8272158112 -3.5
3509 75.1314487721 -25.9906792024 -3.5
3510 75.6039736072 -26.1541425936 -3.5
3511 71.8237749268 -24.8464354639 -3
3512 72.2962997619 -25.0098988551 -3
3513 72.7688245969 -25.1733622463 -3
3514 73.2413494319 -25.3368256375 -3
3515 73.713874267 -25.5002890288 -3
3516 74.186399102 -25.66375242 -3
3517 74.6589239371 -25.8272158112 -3
3518 75.1314487721 -25.9906792024 -3
3519 75.6039736072 -26.1541425936 -3
3520 71.8237749268 -24.8464354639 -2.5
3521 72.2962997619 -25.0098988551 -2.5
3522 72.7688245969 -25.1733622463 -2.5
3523 73.2413494319 -25.3368256375 -2.5
3524 73.713874267 -25.5002890288 -2.5
3525 74.186399102 -25.66375242 -2.5
3526 74.6589239371 -25.8272158112 -2.5
3527 75.1314487721 -25.9906792024 -2.5
3528 75.6039736072 -26.1541425936 -2.5
3529 71.8237749268 -24.8464354639 -2
3530 72.2962997619 -25.0098988551 -2
3531 72.7688245969 -25.1733622463 -2
3532 73.2413494319 -25.3368256375 -2
3533 73.713874267 -25.5002890288 -2
3534 74.186399102 -25.66375242 -2
3535 74.6589239371 -25.8272158112 -2
3536 75.1314487721 -25.9906792024 -2
3537 75.6039736072 -26.1541425936 -2
3538 71.8237749268 -24.8464354639 -1.5
3539 72.2962997619 -25.0098988551 -1.5
3540 72.7688245969 -25.1733622463 -1.5
3541 73.2413494319 -25.3368256375 -1.5
3542 73.713874267 -25.5002890288 -1.5
3543 74.186399102 -25.66375242 -1.5
3544 74.6589239371 -25.8272158112 -1.5
3545 75.1314487721 -25.9906792024 -1.5
3546 75.6039736072 -26.1541425936 -1.5
3547 71.8237749268 -24.8464354639 -1
3548 72.2962997619 -25.0098988551 -1
3549 72.7688245969 -25.1733622463 -1
3550 73.2413494319 -25.3368256375 -1
3551 73.713874267 -25.5002890288 -1
3552 74.186399102 -25.66375242 -1
3553 74.6589239371 -25.8272158112 -1
3554 75.1314487721 -25.9906792024 -1
3555 75.6039736072 -26.1541425936 -1
3556 71.8237749268 -24.8464354639 -0.5
3557 72.2962997619 -25.0098988551 -0.5
3558 72.7688245969 -25.1733622463 -0.5
3559 73.2413494319 -25.3368256375 -0.5
3560 73.713874267 -25.5002890288 -0.5
3561 74.186399102 -25.66375242 -0.5
3562 74.6589239371 -25.8272158112 -0.5
3563 75.1314487721 -25.9906792024 -0.5
3564 75.6039736072 -26.1541425936 -0.5
3565 71.8237749268 -24.8464354639 0
3566 72.2962997619 -25.0098988551 0
3567 72.7688245969 -25.1733622463 0
3568 73.2413494319 -25.3368256375 0
3569 73.713874267 -25.5002890288 0
3570 74.186399102 -25.66375242 0
3571 74.6589239371 -25.8272158112 0
3572 75.1314487721 -25.9906792024 0
3573 75.6039736072 -26.1541425936 0
3574 71.6630283312 -25.3063306389 -12.7633467795
3575 72.1344956228 -25.4728196563 -12.7633467795
3576 72.6059629145 -25.6393086736 -12.7633467795
3577 73.0774302061 -25.805797691 -12.7633467795
3578 73.5488974978 -25.9722867084 -12.7633467795
3579 74.0203647894 -26.1387757257 -12.7633467795
3580 74.4918320811 -26.3052647431 -12.7633467795
3581 74.9632993727 -26.4717537604 -12.7633467795
3582 75.4347666644 -26.6382427778 -12.7633467795
3583 71.6630283312 -25.3063306389 -12.5
3584 72.1344956228 -25.4728196563 -12.5
3585 72.6059629145 -25.6393086736 -12.5
3586 73.0774302061 -25.805797691 -12.5
3587 73.5488974978 -25.9722867084 -12.5
3588 74.0203647894 -26.1387757257 -12.5
3589 74.4918320811 -26.3052647431 -12.5
3590 74.9632993727 -26.4717537604 -12.5
3591 75.4347666644 -26.6382427778 -12.5
3592 71.6630283312 -25.3063306389 -12
3593 72.1344956228 -25.4728196563 -12
3594 72.6059629145 -25.6393086736 -12
3595 73.0774302061 -25.805797691 -12
3596 73.5488974978 -25.9722867084 -12
3597 74.0203647894 -26.1387757257 -12
3598 74.4918320811 -26.3052647431 -12
3599 74.9632993727 -26.4717537604 -12
3600 75.4347666644 -26.6382427778 -12
3601 71.6630283312 -25.3063306389 -11.5
3602 72.1344956228 -25.4728196563 -11.5
3603 72.6059629145 -25.6393086736 -11.5
3604 73.0774302061 -25.805797691 -11.5
3605 73.5488974978 -25.9722867084 -11.5
3606 74.0203647894 -26.1387757257 -11.5
3607 74.4918320811 -26.3052647431 -11.5
3608 74.9632993727 -26.4717537604 -11.5
3609 75.4347666644 -26.6382427778 -11.5
3610 71.6630283312 -25.3063306389 -11
3611 72.1344956228 -25.4728196563 -11
3612 72.6059629145 -25.6393086736 -11
3613 73.0774302061 -25.805797691 -11
3614 73.5488974978 -25.9722867084 -11
3615 74.0203647894 -26.1387757257 -11
3616 74.4918320811 -26.3052647431 -11
3617 74.9632993727 -26.4717537604 -11
3618 75.4347666644 -26.6382427778 -11
3619 71.6630283312 -25.3063306389 -10.5
3620 72.1344956228 -25.4728196563 -10.5
3621 72.6059629145 -25.6393086736 -10.5
3622 73.0774302061 -25.805797691 -10.5
3623 73.5488974978 -25.9722867084 -10.5
3624 74.0203647894 -26.1387757257 -10.5
3625 74.4918320811 -26.3052647431 -10.5
3626 74.9632993727 -26.4717537604 -10.5
3627 75.4347666644 -26.6382427778 -10.5
3628 71.6630283312 -25.3063306389 -10
3629 72.1344956228 -25.4728196563 -10
3630 72.6059629145 -25.6393086736 -10
3631 73.0774302061 -25.805797691 -10
3632 73.5488974978 -25.9722867084 -10
3633 74.0203647894 -26.1387757257 -10
3634 74.4918320811 -26.3052647431 -10
3635 74.9632993727 -26.4717537604 -10
3636 75.4347666644 -26.6382427778 -10
3637 71.6630283312 -25.3063306389 -9.5
3638 72.1344956228 -25.4728196563 -9.5
3639 72.6059629145 -25.6393086736 -9.5
3640 73.0774302061 -25.805797691 -9.5
3641 73.5488974978 -25.9722867084 -9.5
3642 74.0203647894 -26.1387757257 -9.5
3643 74.4918320811 -26.3052647431 -9.5
3644 74.9632993727 -26.4717537604 -9.5
3645 75.4347666644 -26.6382427778 -9.5
3646 71.6630283312 -25.3063306389 -9
3647 72.1344956228 -25.4728196563 -9
3648 72.6059629145 -25.6393086736 -9
3649 73.0774302061 -25.805797691 -9
3650 73.5488974978 -25.9722867084 -9
3651 74.0203647894 -26.1387757257 -9
3652 74.4918320811 -26.3052647431 -9
3653 74.9632993727 -26.4717537604 -9
3654 75.4347666644 -26.6382427778 -9
3655 71.6630283312 -25.3063306389 -8.5
3656 72.1344956228 -25.4728196563 -8.5
3657 72.6059629145 -25.6393086736 -8.5
3658 73.0774302061 -25.805797691 -8.5
3659 73.5488974978 -25.9722867084 -8.5
3660 74.0203647894 -26.1387757257 -8.5
3661 74.4918320811 -26.3052647431 -8.5
3662 74.9632993727 -26.4717537604 -8.5
3663 75.4347666644 -26.6382427778 -8.5
3664 71.6630283312 -25.3063306389 -8
3665 72.1344956228 -25.4728196563 -8
3666 72.6059629145 -25.6393086736 -8
3667 73.0774302061 -25.805797691 -8
3668 73.5488974978 -25.9722867084 -8
3669 74.0203647894 -26.1387757257 -8
3670 74.4918320811 -26.3052647431 -8
3671 74.9632993727 -26.4717537604 -8
3672 75.4347666644 -26.6382427778 -8
3673 71.6630283312 -25.3063306389 -7.5
3674 72.1344956228 -25.4728196563 -7.5
3675 72.6059629145 -25.6393086736 -7.5
3676 73.0774302061 -25.805797691 -7.5
3677 73.5488974978 -25.9722867084 -7.5
3678 74.0203647894 -26.1387757257 -7.5
3679 74.4918320811 -26.3052647431 -7.5
3680 74.9632993727 -26.4717537604 -7.5
3681 75.4347666644 -26.6382427778 -7.5
3682 71.6630283312 -25.3063306389 -7
3683 72.1344956228 -25.4728196563 -7
3684 72.6059629145 -25.6393086736 -7
3685 73.0774302061 -25.805797691 -7
3686 73.5488974978 -25.9722867084 -7
3687 74.0203647894 -26.1387757257 -7
3688 74.4918320811 -26.3052647431 -7
3689 74.9632993727 -26.4717537604 -7
3690 75.4347666644 -26.6382427778 -7
3691 71.6630283312 -25.3063306389 -6.5
3692 72.1344956228 -25.4728196563 -6.5
3693 72.6059629145 -25.6393086736 -6.5
3694 73.0774302061 -25.805797691 -6.5
3695 73.5488974978 -25.9722867084 -6.5
3696 74.0203647894 -26.1387757257 -6.5
3697 74.4918320811 -26.3052647431 -6.5
3698 74.9632993727 -26.4717537604 -6.5
3699 75.4347666644 -26.6382427778 -6.5
3700 71.6630283312 -25.3063306389 -6
3701 72.1344956228 -25.4728196563 -6
3702 72.6059629145 -25.6393086736 -6
3703 73.0774302061 -25.805797691 -6
3704 73.5488974978 -25.9722867084 -6
3705 74.0203647894 -26.1387757257 -6
3706 74.4918320811 -26.3052647431 -6
3707 74.9632993727 -26.4717537604 -6
3708 75.4347666644 -26.6382427778 -6
3709 71.6630283312 -25.3063306389 -5.5
3710 72.1344956228 -25.4728196563 -5.5
3711 72.6059629145 -25.6393086736 -5.5
3712 73.0774302061 -25.805797691 -5.5
3713 73.5488974978 -25.9722867084 -5.5
3714 74.0203647894 -26.1387757257 -5.5
3715 74.4918320811 -26.3052647431 -5.5
3716 74.9632993727 -26.4717537604 -5.5
3717 75.4347666644 -26.6382427778 -5.5
3718 71.6630283312 -25.3063306389 -5
3719 72.1344956228 -25.4728196563 -5
3720 72.6059629145 -25.6393086736 -5
3721 73.0774302061 -25.805797691 -5
3722 73.5488974978 -25.9722867084 -5
3723 74.0203647894 -26.1387757257 -5
3724 74.4918320811 -26.3052647431 -5
3725 74.9632993727 -26.4717537604 -5
3726 75.4347666644 -26.6382427778 -5
3727 71.6630283312 -25.3063306389 -4.5
3728 72.1344956228 -25.4728196563 -4.5
3729 72.6059629145 -25.6393086736 -4.5
3730 73.0774302061 -25.805797691 -4.5
3731 73.5488974978 -25.9722867084 -4.5
3732 74.0203647894 -26.1387757257 -4.5
3733 74.4918320811 -26.3052647431 -4.5
3734 74.9632993727 -26.4717537604 -4.5
3735 75.4347666644 -26.6382427778 -4.5
3736 71.6630283312 -25.3063306389 -4
3737 72.1344956228 -25.4728196563 -4
3738 72.6059629145 -25.6393086736 -4
3739 73.0774302061 -25.805797691 -4
3740 73.5488974978 -25.9722867084 -4
3741 74.0203647894 -26.1387757257 -4
3742 74.4918320811 -26.3052647431 -4
3743 74.9632993727 -26.4717537604 -4
3744 75.4347666644 -26.6382427778 -4
3745 71.6630283312 -25.3063306389 -3.5
3746 72.1344956228 -25.4728196563 -3.5
3747 72.6059629145 -25.6393086736 -3.5
3748 73.0774302061 -25.805797691 -3.5
3749 73.5488974978 -25.9722867084 -3.5
3750 74.0203647894 -26.1387757257 -3.5
3751 74.4918320811 -26.3052647431 -3.5
3752 74.9632993727 -26.4717537604 -3.5
3753 75.4347666644 -26.6382427778 -3.5
3754 71.6630283312 -25.3063306389 -3
3755 72.1344956228 -25.4728196563 -3
3756 72.6059629145 -25.6393086736 -3
3757 73.0774302061 -25.805797691 -3
3758 73.5488974978 -25.9722867084 -3
3759 74.0203647894 -26.1387757257 -3
3760 74.4918320811 -26.3052647431 -3
3761 74.9632993727 -26.4717537604 -3
3762 75.4347666644 -26.6382427778 -3
3763 71.6630283312 -25.3063306389 -2.5
3764 72.1344956228 -25.4728196563 -2.5
3765 72.6059629145 -25.6393086736 -2.5
3766 73.0774302061 -25.805797691 -2.5
3767 73.5488974978 -25.9722867084 -2.5
3768 74.0203647894 -26.1387757257 -2.5
3769 74.4918320811 -26.3052647431 -2.5
3770 74.9632993727 -26.4717537604 -2.5
3771 75.4347666644 -26.6382427778 -2.5
3772 71.6630283312 -25.3063306389 -2
3773 72.1344956228 -25.4728196563 -2
3774 72.6059629145 -25.6393086736 -2
3775 73.0774302061 -25.805797691 -2
3776 73.5488974978 -25.9722867084 -2
3777 74.0203647894 -26.1387757257 -2
3778 74.4918320811 -26.3052647431 -2
3779 74.9632993727 -26.4717537604 -2
3780 75.4347666644 -26.6382427778 -2
3781 71.6630283312 -25.3063306389 -1.5
3782 72.1344956228 -25.4728196563 -1.5
3783 72.6059629145 -25.6393086736 -1.5
3784 73.0774302061 -25.805797691 -1.5
3785 73.5488974978 -25.9722867084 -1.5
3786 74.0203647894 -26.1387757257 -1.5
3787 74.4918320811 -26.3052647431 -1.5
3788 74.9632993727 -26.4717537604 -1.5
3789 75.4347666644 -26.6382427778 -1.5
3790 71.6630283312 -25.3063306389 -1
3791 72.1344956228 -25.4728196563 -1
3792 72.6059629145 -25.6393086736 -1
3793 73.0774302061 -25.805797691 -1
3794 73.5488974978 -25.9722867084 -1
3795 74.0203647894 -26.1387757257 -1
3796 74.4918320811 -26.3052647431 -1
3797 74.9632993727 -26.4717537604 -1
3798 75.4347666644 -26.6382427778 -1
3799 71.6630283312 -25.3063306389 -0.5
3800 72.1344956228 -25.4728196563 -0.5
3801 72.6059629145 -25.6393086736 -0.5
3802 73.0774302061 -25.805797691 -0.5
3803 73.5488974978 -25.9722867084 -0.5
3804 74.0203647894 -26.1387757257 -0.5
3805 74.4918320811 -26.3052647431 -0.5
3806 74.9632993727 -26.4717537604 -0.5
3807 75.4347666644 -26.6382427778 -0.5
3808 71.6630283312 -25.3063306389 0
3809 72.1344956228 -25.4728196563 0
3810 72.6059629145 -25.6393086736 0
3811 73.0774302061 -25.805797691 0
3812 73.5488974978 -25.9722867084 0
3813 74.0203647894 -26.1387757257 0
3814 74.4918320811 -26.3052647431 0
3815 74.9632993727 -26.4717537604 0
3816 75.4347666644 -26.6382427778 0
3817 71.4993370124 -25.7651859452 -12.5171993808
3818 71.4993370124 -25.7651859452 -12.5
3819 71.9697273874 -25.9346937475 -12.5171993808
3820 71.9697273874 -25.9346937475 -12.5
3821 72.4401177625 -26.1042015498 -12.5171993808
3822 72.4401177625 -26.1042015498 -12.5
3823 72.9105081376 -26.2737093521 -12.5171993808
3824 72.9105081376 -26.2737093521 -12.5
3825 73.3808985127 -26.4432171543 -12.5171993808
3826 73.3808985127 -26.4432171543 -12.5
3827 73.8512888878 -26.6127249566 -12.5171993808
3828 73.8512888878 -26.6127249566 -12.5
3829 74.3216792629 -26.7822327589 -12.5171993808
3830 74.3216792629 -26.7822327589 -12.5
3831 74.7920696379 -26.9517405611 -12.5171993808
3832 74.7920696379 -26.9517405611 -12.5
3833 75.262460013 -27.1212483634 -12.5171993808
3834 75.262460013 -27.1212483634 -12.5
3835 71.4993370124 -25.7651859452 -12
3836 71.9697273874 -25.9346937475 -12
3837 72.4401177625 -26.1042015498 -12
3838 72.9105081376 -26.2737093521 -12
3839 73.3808985127 -26.4432171543 -12
3840 73.8512888878 -26.6127249566 -12
3841 74.3216792629 -26.7822327589 -12
3842 74.7920696379 -26.9517405611 -12
3843 75.262460013 -27.1212483634 -12
3844 71.4993370124 -25.7651859452 -11.5
3845 71.9697273874 -25.9346937475 -11.5
3846 72.4401177625 -26.1042015498 -11.5
3847 72.9105081376 -26.2737093521 -11.5
3848 73.3808985127 -26.4432171543 -11.5
3849 73.8512888878 -26.6127249566 -11.5
3850 74.3216792629 -26.7822327589 -11.5
3851 74.7920696379 -26.9517405611 -11.5
3852 75.262460013 -27.1212483634 -11.5
3853 71.4993370124 -25.7651859452 -11
3854 71.9697273874 -25.9346937475 -11
3855 72.4401177625 -26.1042015498 -11
3856 72.9105081376 -26.2737093521 -11
3857 73.3808985127 -26.4432171543 -11
3858 73.8512888878 -26.6127249566 -11
3859 74.3216792629 -26.7822327589 -11
3860 74.7920696379 -26.9517405611 -11
3861 75.262460013 -27.1212483634 -11
3862 71.4993370124 -25.7651859452 -10.5
3863 71.9697273874 -25.9346937475 -10.5
3864 72.4401177625 -26.1042015498 -10.5
3865 72.9105081376 -26.2737093521 -10.5
3866 73.3808985127 -26.4432171543 -10.5
3867 73.8512888878 -26.6127249566 -10.5
3868 74.3216792629 -26.7822327589 -10.5
3869 74.7920696379 -26.9517405611 -10.5
3870 75.262460013 -27.1212483634 -10.5
3871 71.4993370124 -25.7651859452 -10
3872 71.9697273874 -25.9346937475 -10
3873 72.4401177625 -26.1042015498 -10
3874 72.9105081376 -26.2737093521 -10
3875 73.3808985127 -26.4432171543 -10
3876 73.8512888878 -26.6127249566 -10
3877 74.3216792629 -26.7822327589 -10
3878 74.7920696379 -26.9517405611 -10
3879 75.262460013 -27.1212483634 -10
3880 71.4993370124 -25.7651859452 -9.5
3881 71.9697273874 -25.9346937475 -9.5
3882 72.4401177625 -26.1042015498 -9.5
3883 72.9105081376 -26.2737093521 -9.5
3884 73.3808985127 -26.4432171543 -9.5
3885 73.8512888878 -26.6127249566 -9.5
3886 74.3216792629 -26.7822327589 -9.5
3887 74.7920696379 -26.9517405611 -9.5
3888 75.262460013 -27.1212483634 -9.5
3889 71.4993370124 -25.7651859452 -9
3890 71.9697273874 -25.9346937475 -9
3891 72.4401177625 -26.1042015498 -9
3892 72.9105081376 -26.2737093521 -9
3893 73.3808985127 -26.4432171543 -9
3894 73.8512888878 -26.6127249566 -9
3895 74.3216792629 -26.7822327589 -9
3896 74.7920696379 -26.9517405611 -9
3897 75.262460013 -27.1212483634 -9
3898 71.4993370124 -25.7651859452 -8.5
3899 71.9697273874 -25.9346937475 -8.5
3900 72.4401177625 -26.1042015498 -8.5
3901 72.9105081376 -26.2737093521 -8.5
3902 73.3808985127 -26.4432171543 -8.5
3903 73.8512888878 -26.6127249566 -8.5
3904 74.3216792629 -26.7822327589 -8.5
3905 74.7920696379 -26.9517405611 -8.5
3906 75.262460013 -27.1212483634 -8.5
3907 71.4993370124 -25.7651859452 -8
3908 71.9697273874 -25.9346937475 -8
3909 72.4401177625 -26.1042015498 -8
3910 72.9105081376 -26.2737093521 -8
3911 73.3808985127 -26.4432171543 -8
3912 73.8512888878 -26.6127249566 -8
3913 74.3216792629 -26.7822327589 -8
3914 74.7920696379 -26.9517405611 -8
3915 75.262460013 -27.1212483634 -8
3916 71.4993370124 -25.7651859452 -7.5
3917 71.9697273874 -25.9346937475 -7.5
3918 72.4401177625 -26.1042015498 -7.5
3919 72.9105081376 -26.2737093521 -7.5
3920 73.3808985127 -26.4432171543 -7.5
3921 73.8512888878 -26.6127249566 -7.5
3922 74.3216792629 -26.7822327589 -7.5
3923 74.7920696379 -26.9517405611 -7.5
3924 75.262460013 -27.1212483634 -7.5
3925 71.4993370124 -25.7651859452 -7
3926 71.9697273874 -25.9346937475 -7
3927 72.4401177625 -26.1042015498 -7
3928 72.9105081376 -26.2737093521 -7
3929 73.3808985127 -26.4432171543 -7
3930 73.8512888878 -26.6127249566 -7
3931 74.3216792629 -26.7822327589 -7
3932 74.7920696379 -26.9517405611 -7
3933 75.262460013 -27.1212483634 -7
3934 71.4993370124 -25.7651859452 -6.5
3935 71.9697273874 -25.9346937475 -6.5
3936 72.4401177625 -26.1042015498 -6.5
3937 72.9105081376 -26.2737093521 -6.5
3938 73.3808985127 -26.4432171543 -6.5
3939 73.8512888878 -26.6127249566 -6.5
3940 74.3216792629 -26.7822327589 -6.5
3941 74.7920696379 -26.9517405611 -6.5
3942 75.262460013 -27.1212483634 -6.5
3943 71.4993370124 -25.7651859452 -6
3944 71.9697273874 -25.9346937475 -6
3945 72.4401177625 -26.1042015498 -6
3946 72.9105081376 -26.2737093521 -6
3947 73.3808985127 -26.4432171543 -6
3948 73.8512888878 -26.6127249566 -6
3949 74.3216792629 -26.7822327589 -6
3950 74.7920696379 -26.9517405611 -6
3951 75.262460013 -27.1212483634 -6
3952 71.4993370124 -25.7651859452 -5.5
3953 71.9697273874 -25.9346937475 -5.5
3954 72.4401177625 -26.1042015498 -5.5
3955 72.9105081376 -26.2737093521 -5.5
3956 73.3808985127 -26.4432171543 -5.5
3957 73.8512888878 -26.6127249566 -5.5
3958 74.3216792629 -26.7822327589 -5.5
3959 74.7920696379 -26.9517405611 -5.5
3960 75.262460013 -27.1212483634 -5.5
3961 71.4993370124 -25.7651859452 -5
3962 71.9697273874 -25.9346937475 -5
3963 72.4401177625 -26.1042015498 -5
3964 72.9105081376 -26.2737093521 -5
3965 73.3808985127 -26.4432171543 -5
3966 73.8512888878 -26.6127249566 -5
3967 74.3216792629 -26.7822327589 -5
3968 74.7920696379 -26.9517405611 -5
3969 75.262460013 -27.1212483634 -5
3970 71.4993370124 -25.7651859452 -4.5
3971 71.9697273874 -25.9346937475 -4.5
3972 72.4401177625 -26.1042015498 -4.5
3973 72.9105081376 -26.2737093521 -4.5
3974 73.3808985127 -26.4432171543 -4.5
3975 73.8512888878 -26.6127249566 -4.5
3976 74.3216792629 -26.7822327589 -4.5
3977 74.7920696379 -26.9517405611 -4.5
3978 75.262460013 -27.1212483634 -4.5
3979 71.4993370124 -25.7651859452 -4
3980 71.9697273874 -25.9346937475 -4
3981 72.4401177625 -26.1042015498 -4
3982 72.9105081376 -26.2737093521 -4
3983 73.3808985127 -26.4432171543 -4
3984 73.8512888878 -26.6127249566 -4
3985 74.3216792629 -26.7822327589 -4
3986 74.7920696379 -26.9517405611 -4
3987 75.262460013 -27.1212483634 -4
3988 71.4993370124 -25.7651859452 -3.5
3989 71.9697273874 -25.9346937475 -3.5
3990 72.4401177625 -26.1042015498 -3.5
3991 72.9105081376 -26.2737093521 -3.5
3992 73.3808985127 -26.4432171543 -3.5
3993 73.8512888878 -26.6127249566 -3.5
3994 74.3216792629 -26.7822327589 -3.5
3995 74.7920696379 -26.9517405611 -3.5
3996 75.262460013 -27.1212483634 -3.5
3997 71.4993370124 -25.7651859452 -3
3998 71.9697273874 -25.9346937475 -3
3999 72.4401177625 -26.1042015498 -3
4000 72.9105081376 -26.2737093521 -3
4001 73.3808985127 -26.4432171543 -3
4002 73.8512888878 -26.6127249566 -3
4003 74.3216792629 -26.7822327589 -3
4004 74.7920696379 -26.9517405611 -3
4005 75.262460013 -27.1212483634 -3
4006 71.4993370124 -25.7651859452 -2.5
4007 71.9697273874 -25.9346937475 -2.5
4008 72.4401177625 -26.1042015498 -2.5
4009 72.9105081376 -26.2737093521 -2.5
4010 73.3808985127 -26.4432171543 -2.5
4011 73.8512888878 -26.6127249566 -2.5
4012 74.3216792629 -26.7822327589 -2.5
4013 74.7920696379 -26.9517405611 -2.5
4014 75.262460013 -27.1212483634 -2.5
4015 71.4993370124 -25.7651859452 -2
4016 71.9697273874 -25.9346937475 -2
4017 72.4401177625 -26.1042015498 -2
4018 72.9105081376 -26.2737093521 -2
4019 73.3808985127 -26.4432171543 -2
4020 73.8512888878 -26.6127249566 -2
4021 74.3216792629 -26.7822327589 -2
4022 74.7920696379 -26.9517405611 -2
4023 75.262460013 -27.1212483634 -2
4024 71.4993370124 -25.7651859452 -1.5
4025 71.9697273874 -25.9346937475 -1.5
4026 72.4401177625 -26.1042015498 -1.5
4027 72.9105081376 -26.2737093521 -1.5
4028 73.3808985127 -26.4432171543 -1.5
4029 73.8512888878 -26.6127249566 -1.5
4030 74.3216792629 -26.7822327589 -1.5
4031 74.7920696379 -26.9517405611 -1.5
4032 75.262460013 -27.1212483634 -1.5
4033 71.4993370124 -25.7651859452 -1
4034 71.9697273874 -25.9346937475 -1
4035 72.4401177625 -26.1042015498 -1
4036 72.9105081376 -26.2737093521 -1
4037 73.3808985127 -26.4432171543 -1
4038 73.8512888878 -26.6127249566 -1
4039 74.3216792629 -26.7822327589 -1
4040 74.7920696379 -26.9517405611 -1
4041 75.262460013 -27.1212483634 -1
4042 71.4993370124 -25.7651859452 -0.5
4043 71.9697273874 -25.9346937475 -0.5
4044 72.4401177625 -26.1042015498 -0.5
4045 72.9105081376 -26.2737093521 -0.5
4046 73.3808985127 -26.4432171543 -0.5
4047 73.8512888878 -26.6127249566 -0.5
4048 74.3216792629 -26.7822327589 -0.5
4049 74.7920696379 -26.9517405611 -0.5
4050 75.262460013 -27.1212483634 -0.5
4051 71.4993370124 -25.7651859452 0
4052 71.9697273874 -25.9346937475 0
4053 72.4401177625 -26.1042015498 0
4054 72.9105081376 -26.2737093521 0
4055 73.3808985127 -26.4432171543 0
4056 73.8512888878 -26.6127249566 0
4057 74.3216792629 -26.7822327589 0
4058 74.7920696379 -26.9517405611 0
4059 75.262460013 -27.1212483634 0
4060 71.3327076967 -26.222982528 -12.2710487082
4061 71.8020018263 -26.3955021499 -12.2710487082
4062 72.2712959558 -26.5680217717 -12.2710487082
4063 72.7405900854 -26.7405413936 -12.2710487082
4064 73.209884215 -26.9130610155 -12.2710487082
4065 73.6791783446 -27.0855806374 -12.2710487082
4066 74.1484724742 -27.2581002593 -12.2710487082
4067 74.6177666038 -27.4306198812 -12.2710487082
4068 75.0870607333 -27.6031395031 -12.2710487082
4069 71.3327076967 -26.222982528 -12
4070 71.8020018263 -26.3955021499 -12
4071 72.2712959558 -26.5680217717 -12
4072 72.7405900854 -26.7405413936 -12
4073 73.209884215 -26.9130610155 -12
4074 73.6791783446 -27.0855806374 -12
4075 74.1484724742 -27.2581002593 -12
4076 74.6177666038 -27.4306198812 -12
4077 75.0870607333 -27.6031395031 -12
4078 71.3327076967 -26.222982528 -11.5
4079 71.8020018263 -26.3955021499 -11.5
4080 72.2712959558 -26.5680217717 -11.5
4081 72.7405900854 -26.7405413936 -11.5
4082 73.209884215 -26.9130610155 -11.5
4083 73.6791783446 -27.0855806374 -11.5
4084 74.1484724742 -27.2581002593 -11.5
4085 74.6177666038 -27.4306198812 -11.5
4086 75.0870607333 -27.6031395031 -11.5
4087 71.3327076967 -26.222982528 -11
4088 71.8020018263 -26.3955021499 -11
4089 72.2712959558 -26.5680217717 -11
4090 72.7405900854 -26.7405413936 -11
4091 73.209884215 -26.9130610155 -11
4092 73.6791783446 -27.0855806374 -11
4093 74.1484724742 -27.2581002593 -11
4094 74.6177666038 -27.4306198812 -11
4095 75.0870607333 -27.6031395031 -11
4096 71.3327076967 -26.222982528 -10.5
4097 71.8020018263 -26.3955021499 -10.5
4098 72.2712959558 -26.5680217717 -10.5
4099 72.7405900854 -26.7405413936 -10.5
4100 73.209884215 -26.9130610155 -10.5
4101 73.6791783446 -27.0855806374 -10.5
4102 74.1484724742 -27.2581002593 -10.5
4103 74.6177666038 -27.4306198812 -10.5
4104 75.0870607333 -27.6031395031 -10.5
4105 71.3327076967 -26.222982528 -10
4106 71.8020018263 -26.3955021499 -10
4107 72.2712959558 -26.5680217717 -10
4108 72.7405900854 -26.7405413936 -10
4109 73.209884215 -26.9130610155 -10
4110 73.6791783446 -27.0855806374 -10
4111 74.1484724742 -27.2581002593 -10
4112 74.6177666038 -27.4306198812 -10
4113 75.0870607333 -27.6031395031 -10
4114 71.3327076967 -26.222982528 -9.5
4115 71.8020018263 -26.3955021499 -9.5
4116 72.2712959558 -26.5680217717 -9.5
4117 72.7405900854 -26.7405413936 -9.5
4118 73.209884215 -26.9130610155 -9.5
4119 73.6791783446 -27.0855806374 -9.5
4120 74.1484724742 -27.2581002593 -9.5
4121 74.6177666038 -27.4306198812 -9.5
4122 75.0870607333 -27.6031395031 -9.5
4123 71.3327076967 -26.222982528 -9
4124 71.8020018263 -26.3955021499 -9
4125 72.2712959558 -26.5680217717 -9
4126 72.7405900854 -26.7405413936 -9
4127 73.209884215 -26.9130610155 -9
4128 73.6791783446 -27.0855806374 -9
4129 74.1484724742 -27.2581002593 -9
4130 74.6177666038 -27.4306198812 -9
4131 75.0870607333 -27.6031395031 -9
4132 71.3327076967 -26.222982528 -8.5
4133 71.8020018263 -26.3955021499 -8.5
4134 72.2712959558 -26.5680217717 -8.5
4135 72.7405900854 -26.7405413936 -8.5
4136 73.209884215 -26.9130610155 -8.5
4137 73.6791783446 -27.0855806374 -8.5
4138 74.1484724742 -27.2581002593 -8.5
4139 74.6177666038 -27.4306198812 -8.5
4140 75.0870607333 -27.6031395031 -8.5
4141 71.3327076967 -26.222982528 -8
4142 71.8020018263 -26.3955021499 -8
4143 72.2712959558 -26.5680217717 -8
4144 72.7405900854 -26.7405413936 -8
4145 73.209884215 -26.9130610155 -8
4146 73.6791783446 -27.0855806374 -8
4147 74.1484724742 -27.2581002593 -8
4148 74.6177666038 -27.4306198812 -8
4149 75.0870607333 -27.6031395031 -8
4150 71.3327076967 -26.222982528 -7.5
4151 71.8020018263 -26.3955021499 -7.5
4152 72.2712959558 -26.5680217717 -7.5
4153 72.7405900854 -26.7405413936 -7.5
4154 73.209884215 -26.9130610155 -7.5
4155 73.6791783446 -27.0855806374 -7.5
4156 74.1484724742 -27.2581002593 -7.5
4157 74.6177666038 -27.4306198812 -7.5
4158 75.0870607333 -27.6031395031 -7.5
4159 71.3327076967 -26.222982528 -7
4160 71.8020018263 -26.3955021499 -7
4161 72.2712959558 -26.5680217717 -7
4162 72.7405900854 -26.7405413936 -7
4163 73.209884215 -26.9130610155 -7
4164 73.6791783446 -27.0855806374 -7
4165 74.1484724742 -27.2581002593 -7
4166 74.6177666038 -27.4306198812 -7
4167 75.0870607333 -27.6031395031 -7
4168 71.3327076967 -26.222982528 -6.5
4169 71.8020018263 -26.3955021499 -6.5
4170 72.2712959558 -26.5680217717 -6.5
4171 72.7405900854 -26.7405413936 -6.5
4172 73.209884215 -26.9130610155 -6.5
4173 73.6791783446 -27.0855806374 -6.5
4174 74.1484724742 -27.2581002593 -6.5
4175 74.6177666038 -27.4306198812 -6.5
4176 75.0870607333 -27.6031395031 -6.5
4177 71.3327076967 -26.222982528 -6
4178 71.8020018263 -26.3955021499 -6
4179 72.2712959558 -26.5680217717 -6
4180 72.7405900854 -26.7405413936 -6
4181 73.209884215 -26.9130610155 -6
4182 73.6791783446 -27.0855806374 -6
4183 74.1484724742 -27.2581002593 -6
4184 74.6177666038 -27.4306198812 -6
4185 75.0870607333 -27.6031395031 -6
4186 71.3327076967 -26.222982528 -5.5
4187 71.8020018263 -26.3955021499 -5.5
4188 72.2712959558 -26.5680217717 -5.5
4189 72.7405900854 -26.7405413936 -5.5
4190 73.209884215 -26.9130610155 -5.5
4191 73.6791783446 -27.0855806374 -5.5
4192 74.1484724742 -27.2581002593 -5.5
4193 74.6177666038 -27.4306198812 -5.5
4194 75.0870607333 -27.6031395031 -5.5
4195 71.3327076967 -26.222982528 -5
4196 71.8020018263 -26.3955021499 -5
4197 72.2712959558 -26.5680217717 -5
4198 72.7405900854 -26.7405413936 -5
4199 73.209884215 -26.9130610155 -5
4200 73.6791783446 -27.0855806374 -5
4201 74.1484724742 -27.2581002593 -5
4202 74.6177666038 -27.4306198812 -5
4203 75.0870607333 -27.6031395031 -5
4204 71.3327076967 -26.222982528 -4.5
4205 71.8020018263 -26.3955021499 -4.5
4206 72.2712959558 -26.5680217717 -4.5
4207 72.7405900854 -26.7405413936 -4.5
4208 73.209884215 -26.9130610155 -4.5
4209 73.6791783446 -27.0855806374 -4.5
4210 74.1484724742 -27.2581002593 -4.5
4211 74.6177666038 -27.4306198812 -4.5
4212 75.0870607333 -27.6031395031 -4.5
4213 71.3327076967 -26.222982528 -4
4214 71.8020018263 -26.3955021499 -4
4215 72.2712959558 -26.5680217717 -4
4216 72.7405900854 -26.7405413936 -4
4217 73.209884215 -26.9130610155 -4
4218 73.6791783446 -27.0855806374 -4
4219 74.1484724742 -27.2581002593 -4
4220 74.6177666038 -27.4306198812 -4
4221 75.0870607333 -27.6031395031 -4
4222 71.3327076967 -26.222982528 -3.5
4223 71.8020018263 -26.3955021499 -3.5
4224 72.2712959558 -26.5680217717 -3.5
4225 72.7405900854 -26.7405413936 -3.5
4226 73.209884215 -26.9130610155 -3.5
4227 73.6791783446 -27.0855806374 -3.5
4228 74.1484724742 -27.2581002593 -3.5
4229 74.6177666038 -27.4306198812 -3.5
4230 75.0870607333 -27.6031395031 -3.5
4231 71.3327076967 -26.222982528 -3
4232 71.8020018263 -26.3955021499 -3
4233 72.2712959558 -26.5680217717 -3
4234 72.7405900854 -26.7405413936 -3
4235 73.209884215 -26.9130610155 -3
4236 73.6791783446 -27.0855806374 -3
4237 74.1484724742 -27.2581002593 -3
4238 74.6177666038 -27.4306198812 -3
4239 75.0870607333 -27.6031395031 -3
4240 71.3327076967 -26.222982528 -2.5
4241 71.8020018263 -26.3955021499 -2.5
4242 72.2712959558 -26.5680217717 -2.5
4243 72.7405900854 -26.7405413936 -2.5
4244 73.209884215 -26.9130610155 -2.5
4245 73.6791783446 -27.0855806374 -2.5
4246 74.1484724742 -27.2581002593 -2.5
4247 74.6177666038 -27.4306198812 -2.5
4248 75.0870607333 -27.6031395031 -2.5
4249 71.3327076967 -26.222982528 -2
4250 71.8020018263 -26.3955021499 -2
4251 72.2712959558 -26.5680217717 -2
4252 72.7405900854 -26.7405413936 -2
4253 73.209884215 -26.9130610155 -2
4254 73.6791783446 -27.0855806374 -2
4255 74.1484724742 -27.2581002593 -2
4256 74.6177666038 -27.4306198812 -2
4257 75.0870607333 -27.6031395031 -2
4258 71.3327076967 -26.222982528 -1.5
4259 71.8020018263 -26.3955021499 -1.5
4260 72.2712959558 -26.5680217717 -1.5
4261 72.7405900854 -26.7405413936 -1.5
4262 73.209884215 -26.9130610155 -1.5
4263 73.6791783446 -27.0855806374 -1.5
4264 74.1484724742 -27.2581002593 -1.5
4265 74.6177666038 -27.4306198812 -1.5
4266 75.0870607333 -27.6031395031 -1.5
4267 71.3327076967 -26.222982528 -1
4268 71.8020018263 -26.3955021499 -1
4269 72.2712959558 -26.5680217717 -1
4270 72.7405900854 -26.7405413936 -1
4271 73.209884215 -26.9130610155 -1
4272 73.6791783446 -27.0855806374 -1
4273 74.1484724742 -27.2581002593 -1
4274 74.6177666038 -27.4306198812 -1
4275 75.0870607333 -27.6031395031 -1
4276 71.3327076967 -26.222982528 -0.5
4277 71.8020018263 -26.3955021499 -0.5
4278 72.2712959558 -26.5680217717 -0.5
4279 72.7405900854 -26.7405413936 -0.5
4280 73.209884215 -26.9130610155 -0.5
4281 73.6791783446 -27.0855806374 -0.5
4282 74.1484724742 -27.2581002593 -0.5
4283 74.6177666038 -27.4306198812 -0.5
4284 75.0870607333 -27.6031395031 -0.5
4285 71.3327076967 -26.222982528 0
4286 71.8020018263 -26.3955021499 0
4287 72.2712959558 -26.5680217717 0
4288 72.7405900854 -26.7405413936 0
4289 73.209884215 -26.9130610155 0
4290 73.6791783446 -27.0855806374 0
4291 74.1484724742 -27.2581002593 0
4292 74.6177666038 -27.4306198812 0
4293 75.0870607333 -27.6031395031 0
4294 71.1631472311 -26.6797015756 -12.0248976622
4295 71.1631472311 -26.6797015756 -12
4296 71.6313258313 -26.8552259281 -12.0248976622
4297 71.6313258313 -26.8552259281 -12
4298 72.0995044315 -27.0307502806 -12.0248976622
4299 72.0995044315 -27.0307502806 -12
4300 72.5676830317 -27.206274633 -12.0248976622
4301 72.5676830317 -27.206274633 -12
4302 73.0358616319 -27.3817989855 -12.0248976622
4303 73.0358616319 -27.3817989855 -12
4304 73.5040402321 -27.557323338 -12.0248976622
4305 73.5040402321 -27.557323338 -12
4306 73.9722188323 -27.7328476905 -12.0248976622
4307 73.9722188323 -27.7328476905 -12
4308 74.4403974325 -27.9083720429 -12.0248976622
4309 74.4403974325 -27.9083720429 -12
4310 74.9085760327 -28.0838963954 -12.0248976622
4311 74.9085760327 -28.0838963954 -12
4312 71.1631472311 -26.6797015756 -11.5
4313 71.6313258313 -26.8552259281 -11.5
4314 72.0995044315 -27.0307502806 -11.5
4315 72.5676830317 -27.206274633 -11.5
4316 73.0358616319 -27.3817989855 -11.5
4317 73.5040402321 -27.557323338 -11.5
4318 73.9722188323 -27.7328476905 -11.5
4319 74.4403974325 -27.9083720429 -11.5
4320 74.9085760327 -28.0838963954 -11.5
4321 71.1631472311 -26.6797015756 -11
4322 71.6313258313 -26.8552259281 -11
4323 72.0995044315 -27.0307502806 -11
4324 72.5676830317 -27.206274633 -11
4325 73.0358616319 -27.3817989855 -11
4326 73.5040402321 -27.557323338 -11
4327 73.9722188323 -27.7328476905 -11
4328 74.4403974325 -27.9083720429 -11
4329 74.9085760327 -28.0838963954 -11
4330 71.1631472311 -26.6797015756 -10.5
4331 71.6313258313 -26.8552259281 -10.5
4332 72.0995044315 -27.0307502806 -10.5
4333 72.5676830317 -27.206274633 -10.5
4334 73.0358616319 -27.3817989855 -10.5
4335 73.5040402321 -27.557323338 -10.5
4336 73.9722188323 -27.7328476905 -10.5
4337 74.4403974325 -27.9083720429 -10.5
4338 74.9085760327 -28.0838963954 -10.5
4339 71.1631472311 -26.6797015756 -10
4340 71.6313258313 -26.8552259281 -10
4341 72.0995044315 -27.0307502806 -10
4342 72.5676830317 -27.206274633 -10
4343 73.0358616319 -27.3817989855 -10
4344 73.5040402321 -27.557323338 -10
4345 73.9722188323 -27.7328476905 -10
4346 74.4403974325 -27.9083720429 -10
4347 74.9085760327 -28.0838963954 -10
4348 71.1631472311 -26.6797015756 -9.5
4349 71.6313258313 -26.8552259281 -9.5
4350 72.0995044315 -27.0307502806 -9.5
4351 72.5676830317 -27.206274633 -9.5
4352 73.0358616319 -27.3817989855 -9.5
4353 73.5040402321 -27.557323338 -9.5
4354 73.9722188323 -27.7328476905 -9.5
4355 74.4403974325 -27.9083720429 -9.5
4356 74.9085760327 -28.0838963954 -9.5
4357 71.1631472311 -26.6797015756 -9
4358 71.6313258313 -26.8552259281 -9
4359 72.0995044315 -27.0307502806 -9
4360 72.5676830317 -27.206274633 -9
4361 73.0358616319 -27.3817989855 -9
4362 73.5040402321 -27.557323338 -9
4363 73.9722188323 -27.7328476905 -9
4364 74.4403974325 -27.9083720429 -9
4365 74.9085760327 -28.0838963954 -9
4366 71.1631472311 -26.6797015756 -8.5
4367 71.6313258313 -26.8552259281 -8.5
4368 72.0995044315 -27.0307502806 -8.5
4369 72.5676830317 -27.206274633 -8.5
4370 73.0358616319 -27.3817989855 -8.5
4371 73.5040402321 -27.557323338 -8.5
4372 73.9722188323 -27.7328476905 -8.5
4373 74.4403974325 -27.9083720429 -8.5
4374 74.9085760327 -28.0838963954 -8.5
4375 71.1631472311 -26.6797015756 -8
4376 71.6313258313 -26.8552259281 -8
4377 72.0995044315 -27.0307502806 -8
4378 72.5676830317 -27.206274633 -8
4379 73.0358616319 -27.3817989855 -8
4380 73.5040402321 -27.557323338 -8
4381 73.9722188323 -27.7328476905 -8
4382 74.4403974325 -27.9083720429 -8
4383 74.9085760327 -28.0838963954 -8
4384 71.1631472311 -26.6797015756 -7.5
4385 71.6313258313 -26.8552259281 -7.5
4386 72.0995044315 -27.0307502806 -7.5
4387 72.5676830317 -27.206274633 -7.5
4388 73.0358616319 -27.3817989855 -7.5
4389 73.5040402321 -27.557323338 -7.5
4390 73.9722188323 -27.7328476905 -7.5
4391 74.4403974325 -27.9083720429 -7.5
4392 74.9085760327 -28.0838963954 -7.5
4393 71.1631472311 -26.6797015756 -7
4394 71.6313258313 -26.8552259281 -7
4395 72.0995044315 -27.0307502806 -7
4396 72.5676830317 -27.206274633 -7
4397 73.0358616319 -27.3817989855 -7
4398 73.5040402321 -27.557323338 -7
4399 73.9722188323 -27.7328476905 -7
4400 74.4403974325 -27.9083720429 -7
4401 74.9085760327 -28.0838963954 -7
4402 71.1631472311 -26.6797015756 -6.5
4403 71.6313258313 -26.8552259281 -6.5
4404 72.0995044315 -27.0307502806 -6.5
4405 72.5676830317 -27.206274633 -6.5
4406 73.0358616319 -27.3817989855 -6.5
4407 73.5040402321 -27.557323338 -6.5
4408 73.9722188323 -27.7328476905 -6.5
4409 74.4403974325 -27.9083720429 -6.5
4410 74.9085760327 -28.0838963954 -6.5
4411 71.1631472311 -26.6797015756 -6
4412 71.6313258313 -26.8552259281 -6
4413 72.0995044315 -27.0307502806 -6
4414 72.5676830317 -27.206274633 -6
4415 73.0358616319 -27.3817989855 -6
4416 73.5040402321 -27.557323338 -6
4417 73.9722188323 -27.7328476905 -6
4418 74.4403974325 -27.9083720429 -6
4419 74.9085760327 -28.0838963954 -6
4420 71.1631472311 -26.6797015756 -5.5
4421 71.6313258313 -26.8552259281 -5.5
4422 72.0995044315 -27.0307502806 -5.5
4423 72.5676830317 -27.206274633 -5.5
4424 73.0358616319 -27.3817989855 -5.5
4425 73.5040402321 -27.557323338 -5.5
4426 73.9722188323 -27.7328476905 -5.5
4427 74.4403974325 -27.9083720429 -5.5
4428 74.9085760327 -28.0838963954 -5.5
4429 71.1631472311 -26.6797015756 -5
4430 71.6313258313 -26.8552259281 -5
4431 72.0995044315 -27.0307502806 -5
4432 72.5676830317 -27.206274633 -5
4433 73.0358616319 -27.3817989855 -5
4434 73.5040402321 -27.557323338 -5
4435 73.9722188323 -27.7328476905 -5
4436 74.4403974325 -27.9083720429 -5
4437 74.9085760327 -28.0838963954 -5
4438 71.1631472311 -26.6797015756 -4.5
4439 71.6313258313 -26.8552259281 -4.5
4440 72.0995044315 -27.0307502806 -4.5
4441 72.5676830317 -27.206274633 -4.5
4442 73.0358616319 -27.3817989855 -4.5
4443 73.5040402321 -27.557323338 -4.5
4444 73.9722188323 -27.7328476905 -4.5
4445 74.4403974325 -27.9083720429 -4.5
4446 74.9085760327 -28.0838963954 -4.5
4447 71.1631472311 -26.6797015756 -4
4448 71.6313258313 -26.8552259281 -4
4449 72.0995044315 -27.0307502806 -4
4450 72.5676830317 -27.206274633 -4
4451 73.0358616319 -27.3817989855 -4
4452 73.5040402321 -27.557323338 -4
4453 73.9722188323 -27.7328476905 -4
4454 74.4403974325 -27.9083720429 -4
4455 74.9085760327 -28.0838963954 -4
4456 71.1631472311 -26.6797015756 -3.5
4457 71.6313258313 -26.8552259281 -3.5
4458 72.0995044315 -27.0307502806 -3.5
4459 72.5676830317 -27.206274633 -3.5
4460 73.0358616319 -27.3817989855 -3.5
4461 73.5040402321 -27.557323338 -3.5
4462 73.9722188323 -27.7328476905 -3.5
4463 74.4403974325 -27.9083720429 -3.5
4464 74.9085760327 -28.0838963954 -3.5
4465 71.1631472311 -26.6797015756 -3
4466 71.6313258313 -26.8552259281 -3
4467 72.0995044315 -27.0307502806 -3
4468 72.5676830317 -27.206274633 -3
4469 73.0358616319 -27.3817989855 -3
4470 73.5040402321 -27.557323338 -3
4471 73.9722188323 -27.7328476905 -3
4472 74.4403974325 -27.9083720429 -3
4473 74.9085760327 -28.0838963954 -3
4474 71.1631472311 -26.6797015756 -2.5
4475 71.6313258313 -26.8552259281 -2.5
4476 72.0995044315 -27.0307502806 -2.5
4477 72.5676830317 -27.206274633 -2.5
4478 73.0358616319 -27.3817989855 -2.5
4479 73.5040402321 -27.557323338 -2.5
4480 73.9722188323 -27.7328476905 -2.5
4481 74.4403974325 -27.9083720429 -2.5
4482 74.9085760327 -28.0838963954 -2.5
4483 71.1631472311 -26.6797015756 -2
4484 71.6313258313 -26.8552259281 -2
4485 72.0995044315 -27.0307502806 -2
4486 72.5676830317 -27.206274633 -2
4487 73.0358616319 -27.3817989855 -2
4488 73.5040402321 -27.557323338 -2
4489 73.9722188323 -27.7328476905 -2
4490 74.4403974325 -27.9083720429 -2
4491 74.9085760327 -28.0838963954 -2
4492 71.1631472311 -26.6797015756 -1.5
4493 71.6313258313 -26.8552259281 -1.5
4494 72.0995044315 -27.0307502806 -1.5
4495 72.5676830317 -27.206274633 -1.5
4496 73.0358616319 -27.3817989855 -1.5
4497 73.5040402321 -27.557323338 -1.5
4498 73.9722188323 -27.7328476905 -1.5
4499 74.4403974325 -27.9083720429 -1.5
4500 74.9085760327 -28.0838963954 -1.5
4501 71.1631472311 -26.6797015756 -1
4502 71.6313258313 -26.8552259281 -1
4503 72.0995044315 -27.0307502806 -1
4504 72.5676830317 -27.206274633 -1
4505 73.0358616319 -27.3817989855 -1
4506 73.5040402321 -27.557323338 -1
4507 73.9722188323 -27.7328476905 -1
4508 74.4403974325 -27.9083720429 -1
4509 74.9085760327 -28.0838963954 -1
4510 71.1631472311 -26.6797015756 -0.5
4511 71.6313258313 -26.8552259281 -0.5
4512 72.0995044315 -27.0307502806 -0.5
4513 72.5676830317 -27.206274633 -0.5
4514 73.0358616319 -27.3817989855 -0.5
4515 73.5040402321 -27.557323338 -0.5
4516 73.9722188323 -27.7328476905 -0.5
4517 74.4403974325 -27.9083720429 -0.5
4518 74.9085760327 -28.0838963954 -0.5
4519 71.1631472311 -26.6797015756 0
4520 71.6313258313 -26.8552259281 0
4521 72.0995044315 -27.0307502806 0
4522 72.5676830317 -27.206274633 0
4523 73.0358616319 -27.3817989855 0
4524 73.5040402321 -27.557323338 0
4525 73.9722188323 -27.7328476905 0
4526 74.4403974325 -27.9083720429 0
4527 74.9085760327 -28.0838963954 0
4528 70.9906625831 -27.1353243211 -11.778749143
4529 71.4577064159 -27.3138461917 -11.778749143
4530 71.9247502487 -27.4923680622 -11.778749143
4531 72.3917940815 -27.6708899327 -11.778749143
4532 72.8588379142 -27.8494118033 -11.778749143
4533 73.325881747 -28.0279336738 -11.778749143
4534 73.7929255798 -28.2064555443 -11.778749143
4535 74.2599694126 -28.3849774149 -11.778749143
4536 74.7270132454 -28.5634992854 -11.778749143
4537 70.9906625831 -27.1353243211 -11.5
4538 71.4577064159 -27.3138461917 -11.5
4539 71.9247502487 -27.4923680622 -11.5
4540 72.3917940815 -27.6708899327 -11.5
4541 72.8588379142 -27.8494118033 -11.5
4542 73.325881747 -28.0279336738 -11.5
4543 73.7929255798 -28.2064555443 -11.5
4544 74.2599694126 -28.3849774149 -11.5
4545 74.7270132454 -28.5634992854 -11.5
4546 70.9906625831 -27.1353243211 -11
4547 71.4577064159 -27.3138461917 -11
4548 71.9247502487 -27.4923680622 -11
4549 72.3917940815 -27.6708899327 -11
4550 72.8588379142 -27.8494118033 -11
4551 73.325881747 -28.0279336738 -11
4552 73.7929255798 -28.2064555443 -11
4553 74.2599694126 -28.3849774149 -11
4554 74.7270132454 -28.5634992854 -11
4555 70.9906625831 -27.1353243211 -10.5
4556 71.4577064159 -27.3138461917 -10.5
4557 71.9247502487 -27.4923680622 -10.5
4558 72.3917940815 -27.6708899327 -10.5
4559 72.8588379142 -27.8494118033 -10.5
4560 73.325881747 -28.0279336738 -10.5
4561 73.7929255798 -28.2064555443 -10.5
4562 74.2599694126 -28.3849774149 -10.5
4563 74.7270132454 -28.5634992854 -10.5
4564 70.9906625831 -27.1353243211 -10
4565 71.4577064159 -27.3138461917 -10
4566 71.9247502487 -27.4923680622 -10
4567 72.3917940815 -27.6708899327 -10
4568 72.8588379142 -27.8494118033 -10
4569 73.325881747 -28.0279336738 -10
4570 73.7929255798 -28.2064555443 -10
4571 74.2599694126 -28.3849774149 -10
4572 74.7270132454 -28.5634992854 -10
4573 70.9906625831 -27.1353243211 -9.5
4574 71.4577064159 -27.3138461917 -9.5
4575 71.9247502487 -27.4923680622 -9.5
4576 72.3917940815 -27.6708899327 -9.5
4577 72.8588379142 -27.8494118033 -9.5
4578 73.325881747 -28.0279336738 -9.5
4579 73.7929255798 -28.2064555443 -9.5
4580 74.2599694126 -28.3849774149 -9.5
4581 74.7270132454 -28.5634992854 -9.5
4582 70.9906625831 -27.1353243211 -9
4583 71.4577064159 -27.3138461917 -9
4584 71.9247502487 -27.4923680622 -9
4585 72.3917940815 -27.6708899327 -9
4586 72.8588379142 -27.8494118033 -9
4587 73.325881747 -28.0279336738 -9
4588 73.7929255798 -28.2064555443 -9
4589 74.2599694126 -28.3849774149 -9
4590 74.7270132454 -28.5634992854 -9
4591 70.9906625831 -27.1353243211 -8.5
4592 71.4577064159 -27.3138461917 -8.5
4593 71.9247502487 -27.4923680622 -8.5
4594 72.3917940815 -27.6708899327 -8.5
4595 72.8588379142 -27.8494118033 -8.5
4596 73.325881747 -28.0279336738 -8.5
4597 73.7929255798 -28.2064555443 -8.5
4598 74.2599694126 -28.3849774149 -8.5
4599 74.7270132454 -28.5634992854 -8.5
4600 70.9906625831 -27.1353243211 -8
4601 71.4577064159 -27.3138461917 -8
4602 71.9247502487 -27.4923680622 -8
4603 72.3917940815 -27.6708899327 -8
4604 72.8588379142 -27.8494118033 -8
4605 73.325881747 -28.0279336738 -8
4606 73.7929255798 -28.2064555443 -8
4607 74.2599694126 -28.3849774149 -8
4608 74.7270132454 -28.5634992854 -8
4609 70.9906625831 -27.1353243211 -7.5
4610 71.4577064159 -27.3138461917 -7.5
4611 71.9247502487 -27.4923680622 -7.5
4612 72.3917940815 -27.6708899327 -7.5
4613 72.8588379142 -27.8494118033 -7.5
4614 73.325881747 -28.0279336738 -7.5
4615 73.7929255798 -28.2064555443 -7.5
4616 74.2599694126 -28.3849774149 -7.5
4617 74.7270132454 -28.5634992854 -7.5
4618 70.9906625831 -27.1353243211 -7
4619 71.4577064159 -27.3138461917 -7
4620 71.9247502487 -27.4923680622 -7
4621 72.3917940815 -27.6708899327 -7
4622 72.8588379142 -27.8494118033 -7
4623 73.325881747 -28.0279336738 -7
4624 73.7929255798 -28.2064555443 -7
4625 74.2599694126 -28.3849774149 -7
4626 74.7270132454 -28.5634992854 -7
4627 70.9906625831 -27.1353243211 -6.5
4628 71.4577064159 -27.3138461917 -6.5
4629 71.9247502487 -27.4923680622 -6.5
4630 72.3917940815 -27.6708899327 -6.5
4631 72.8588379142 -27.8494118033 -6.5
4632 73.325881747 -28.0279336738 -6.5
4633 73.7929255798 -28.2064555443 -6.5
4634 74.2599694126 -28.3849774149 -6.5
4635 74.7270132454 -28.5634992854 -6.5
4636 70.9906625831 -27.1353243211 -6
4637 71.4577064159 -27.3138461917 -6
4638 71.9247502487 -27.4923680622 -6
4639 72.3917940815 -27.6708899327 -6
4640 72.8588379142 -27.8494118033 -6
4641 73.325881747 -28.0279336738 -6
4642 73.7929255798 -28.2064555443 -6
4643 74.2599694126 -28.3849774149 -6
4644 74.7270132454 -28.5634992854 -6
4645 70.9906625831 -27.1353243211 -5.5
4646 71.4577064159 -27.3138461917 -5.5
4647 71.9247502487 -27.4923680622 -5.5
4648 72.3917940815 -27.6708899327 -5.5
4649 72.8588379142 -27.8494118033 -5.5
4650 73.325881747 -28.0279336738 -5.5
4651 73.7929255798 -28.2064555443 -5.5
4652 74.2599694126 -28.3849774149 -5.5
4653 74.7270132454 -28.5634992854 -5.5
4654 70.9906625831 -27.1353243211 -5
4655 71.4577064159 -27.3138461917 -5
4656 71.9247502487 -27.4923680622 -5
4657 72.3917940815 -27.6708899327 -5
4658 72.8588379142 -27.8494118033 -5
4659 73.325881747 -28.0279336738 -5
4660 73.7929255798 -28.2064555443 -5
4661 74.2599694126 -28.3849774149 -5
4662 74.7270132454 -28.5634992854 -5
4663 70.9906625831 -27.1353243211 -4.5
4664 71.4577064159 -27.3138461917 -4.5
4665 71.9247502487 -27.4923680622 -4.5
4666 72.3917940815 -27.6708899327 -4.5
4667 72.8588379142 -27.8494118033 -4.5
4668 73.325881747 -28.0279336738 -4.5
4669 73.7929255798 -28.2064555443 -4.5
4670 74.2599694126 -28.3849774149 -4.5
4671 74.7270132454 -28.5634992854 -4.5
4672 70.9906625831 -27.1353243211 -4
4673 71.4577064159 -27.3138461917 -4
4674 71.9247502487 -27.4923680622 -4
4675 72.3917940815 -27.6708899327 -4
4676 72.8588379142 -27.8494118033 -4
4677 73.325881747 -28.0279336738 -4
4678 73.7929255798 -28.2064555443 -4
4679 74.2599694126 -28.3849774149 -4
4680 74.7270132454 -28.5634992854 -4
4681 70.9906625831 -27.1353243211 -3.5
4682 71.4577064159 -27.3138461917 -3.5
4683 71.9247502487 -27.4923680622 -3.5
4684 72.3917940815 -27.6708899327 -3.5
4685 72.8588379142 -27.8494118033 -3.5
4686 73.325881747 -28.0279336738 -3.5
4687 73.7929255798 -28.2064555443 -3.5
4688 74.2599694126 -28.3849774149 -3.5
4689 74.7270132454 -28.5634992854 -3.5
4690 70.9906625831 -27.1353243211 -3
4691 71.4577064159 -27.3138461917 -3
4692 71.9247502487 -27.4923680622 -3
4693 72.3917940815 -27.6708899327 -3
4694 72.8588379142 -27.8494118033 -3
4695 73.325881747 -28.0279336738 -3
4696 73.7929255798 -28.2064555443 -3
4697 74.2599694126 -28.3849774149 -3
4698 74.7270132454 -28.5634992854 -3
4699 70.9906625831 -27.1353243211 -2.5
4700 71.4577064159 -27.3138461917 -2.5
4701 71.9247502487 -27.4923680622 -2.5
4702 72.3917940815 -27.6708899327 -2.5
4703 72.8588379142 -27.8494118033 -2.5
4704 73.325881747 -28.0279336738 -2.5
4705 73.7929255798 -28.2064555443 -2.5
4706 74.2599694126 -28.3849774149 -2.5
4707 74.7270132454 -28.5634992854 -2.5
4708 70.9906625831 -27.1353243211 -2
4709 71.4577064159 -27.3138461917 -2
4710 71.9247502487 -27.4923680622 -2
4711 72.3917940815 -27.6708899327 -2
4712 72.8588379142 -27.8494118033 -2
4713 73.325881747 -28.0279336738 -2
4714 73.7929255798 -28.2064555443 -2
4715 74.2599694126 -28.3849774149 -2
4716 74.7270132454 -28.5634992854 -2
4717 70.9906625831 -27.1353243211 -1.5
4718 71.4577064159 -27.3138461917 -1.5
4719 71.9247502487 -27.4923680622 -1.5
4720 72.3917940815 -27.6708899327 -1.5
4721 72.8588379142 -27.8494118033 -1.5
4722 73.325881747 -28.0279336738 -1.5
4723 73.7929255798 -28.2064555443 -1.5
4724 74.2599694126 -28.3849774149 -1.5
4725 74.7270132454 -28.5634992854 -1.5
4726 70.9906625831 -27.1353243211 -1
4727 71.4577064159 -27.3138461917 -1
4728 71.9247502487 -27.4923680622 -1
4729 72.3917940815 -27.6708899327 -1
4730 72.8588379142 -27.8494118033 -1
4731 73.325881747 -28.0279336738 -1
4732 73.7929255798 -28.2064555443 -1
4733 74.2599694126 -28.3849774149 -1
4734 74.7270132454 -28.5634992854 -1
4735 70.9906625831 -27.1353243211 -0.5
4736 71.4577064159 -27.3138461917 -0.5
4737 71.9247502487 -27.4923680622 -0.5
4738 72.3917940815 -27.6708899327 -0.5
4739 72.8588379142 -27.8494118033 -0.5
4740 73.325881747 -28.0279336738 -0.5
4741 73.7929255798 -28.2064555443 -0.5
4742 74.2599694126 -28.3849774149 -0.5
4743 74.7270132454 -28.5634992854 -0.5
4744 70.9906625831 -27.1353243211 0
4745 71.4577064159 -27.3138461917 0
4746 71.9247502487 -27.4923680622 0
4747 72.3917940815 -27.6708899327 0
4748 72.8588379142 -27.8494118033 0
4749 73.325881747 -28.0279336738 0
4750 73.7929255798 -28.2064555443 0
4751 74.2599694126 -28.3849774149 0
4752 74.7270132454 -28.5634992854 0
4753 70.8152608403 -27.5898320423 -11.532606051
4754 70.8152608403 -27.5898320423 -11.5
4755 71.2811507142 -27.7713440952 -11.532606051
4756 71.2811507142 -27.7713440952 -11.5
4757 71.7470405882 -27.9528561481 -11.532606051
4758 71.7470405882 -27.9528561481 -11.5
4759 72.2129304621 -28.134368201 -11.532606051
4760 72.2129304621 -28.134368201 -11.5
4761 72.6788203361 -28.3158802539 -11.532606051
4762 72.6788203361 -28.3158802539 -11.5
4763 73.14471021 -28.4973923069 -11.532606051
4764 73.14471021 -28.4973923069 -11.5
4765 73.610600084 -28.6789043598 -11.532606051
4766 73.610600084 -28.6789043598 -11.5
4767 74.0764899579 -28.8604164127 -11.532606051
4768 74.0764899579 -28.8604164127 -11.5
4769 74.5423798319 -29.0419284656 -11.532606051
4770 74.5423798319 -29.0419284656 -11.5
4771 70.8152608403 -27.5898320423 -11
4772 71.2811507142 -27.7713440952 -11
4773 71.7470405882 -27.9528561481 -11
4774 72.2129304621 -28.134368201 -11
4775 72.6788203361 -28.3158802539 -11
4776 73.14471021 -28.4973923069 -11
4777 73.610600084 -28.6789043598 -11
4778 74.0764899579 -28.8604164127 -11
4779 74.5423798319 -29.0419284656 -11
4780 70.8152608403 -27.5898320423 -10.5
4781 71.2811507142 -27.7713440952 -10.5
4782 71.7470405882 -27.9528561481 -10.5
4783 72.2129304621 -28.134368201 -10.5
4784 72.6788203361 -28.3158802539 -10.5
4785 73.14471021 -28.4973923069 -10.5
4786 73.610600084 -28.6789043598 -10.5
4787 74.0764899579 -28.8604164127 -10.5
4788 74.5423798319 -29.0419284656 -10.5
4789 70.8152608403 -27.5898320423 -10
4790 71.2811507142 -27.7713440952 -10
4791 71.7470405882 -27.9528561481 -10
4792 72.2129304621 -28.134368201 -10
4793 72.6788203361 -28.3158802539 -10
4794 73.14471021 -28.4973923069 -10
4795 73.610600084 -28.6789043598 -10
4796 74.0764899579 -28.8604164127 -10
4797 74.5423798319 -29.0419284656 -10
4798 70.8152608403 -27.5898320423 -9.5
4799 71.2811507142 -27.7713440952 -9.5
4800 71.7470405882 -27.9528561481 -9.5
4801 72.2129304621 -28.134368201 -9.5
4802 72.6788203361 -28.3158802539 -9.5
4803 73.14471021 -28.4973923069 -9.5
4804 73.610600084 -28.6789043598 -9.5
4805 74.0764899579 -28.8604164127 -9.5
4806 74.5423798319 -29.0419284656 -9.5
4807 70.8152608403 -27.5898320423 -9
4808 71.2811507142 -27.7713440952 -9
4809 71.7470405882 -27.9528561481 -9
4810 72.2129304621 -28.134368201 -9
4811 72.6788203361 -28.3158802539 -9
4812 73.14471021 -28.4973923069 -9
4813 73.610600084 -28.6789043598 -9
4814 74.0764899579 -28.8604164127 -9
4815 74.5423798319 -29.0419284656 -9
4816 70.8152608403 -27.5898320423 -8.5
4817 71.2811507142 -27.7713440952 -8.5
4818 71.7470405882 -27.9528561481 -8.5
4819 72.2129304621 -28.134368201 -8.5
4820 72.6788203361 -28.3158802539 -8.5
4821 73.14471021 -28.4973923069 -8.5
4822 73.610600084 -28.6789043598 -8.5
4823 74.0764899579 -28.8604164127 -8.5
4824 74.5423798319 -29.0419284656 -8.5
4825 70.8152608403 -27.5898320423 -8
4826 71.2811507142 -27.7713440952 -8
4827 71.7470405882 -27.9528561481 -8
4828 72.2129304621 -28.134368201 -8
4829 72.6788203361 -28.3158802539 -8
4830 73.14471021 -28.4973923069 -8
4831 73.610600084 -28.6789043598 -8
4832 74.0764899579 -28.8604164127 -8
4833 74.5423798319 -29.0419284656 -8
4834 70.8152608403 -27.5898320423 -7.5
4835 71.2811507142 -27.7713440952 -7.5
4836 71.7470405882 -27.9528561481 -7.5
4837 72.2129304621 -28.134368201 -7.5
4838 72.6788203361 -28.3158802539 -7.5
4839 73.14471021 -28.4973923069 -7.5
4840 73.610600084 -28.6789043598 -7.5
4841 74.0764899579 -28.8604164127 -7.5
4842 74.5423798319 -29.0419284656 -7.5
4843 70.8152608403 -27.5898320423 -7
4844 71.2811507142 -27.7713440952 -7
4845 71.7470405882 -27.9528561481 -7
4846 72.2129304621 -28.134368201 -7
4847 72.6788203361 -28.3158802539 -7
4848 73.14471021 -28.4973923069 -7
4849 73.610600084 -28.6789043598 -7
4850 74.0764899579 -28.8604164127 -7
4851 74.5423798319 -29.0419284656 -7
4852 70.8152608403 -27.5898320423 -6.5
4853 71.2811507142 -27.7713440952 -6.5
4854 71.7470405882 -27.9528561481 -6.5
4855 72.2129304621 -28.134368201 -6.5
4856 72.6788203361 -28.3158802539 -6.5
4857 73.14471021 -28.4973923069 -6.5
4858 73.610600084 -28.6789043598 -6.5
4859 74.0764899579 -28.8604164127 -6.5
4860 74.5423798319 -29.0419284656 -6.5
4861 70.8152608403 -27.5898320423 -6
4862 71.2811507142 -27.7713440952 -6
4863 71.7470405882 -27.9528561481 -6
4864 72.2129304621 -28.134368201 -6
4865 72.6788203361 -28.3158802539 -6
4866 73.14471021 -28.4973923069 -6
4867 73.610600084 -28.6789043598 -6
4868 74.0764899579 -28.8604164127 -6
4869 74.5423798319 -29.0419284656 -6
4870 70.8152608403 -27.5898320423 -5.5
4871 71.2811507142 -27.7713440952 -5.5
4872 71.7470405882 -27.9528561481 -5.5
4873 72.2129304621 -28.134368201 -5.5
4874 72.6788203361 -28.3158802539 -5.5
4875 73.14471021 -28.4973923069 -5.5
4876 73.610600084 -28.6789043598 -5.5
4877 74.0764899579 -28.8604164127 -5.5
4878 74.5423798319 -29.0419284656 -5.5
4879 70.8152608403 -27.5898320423 -5
4880 71.2811507142 -27.7713440952 -5
4881 71.7470405882 -27.9528561481 -5
4882 72.2129304621 -28.134368201 -5
4883 72.6788203361 -28.3158802539 -5
4884 73.14471021 -28.4973923069 -5
4885 73.610600084 -28.6789043598 -5
4886 74.0764899579 -28.8604164127 -5
4887 74.5423798319 -29.0419284656 -5
4888 70.8152608403 -27.5898320423 -4.5
4889 71.2811507142 -27.7713440952 -4.5
4890 71.7470405882 -27.9528561481 -4.5
4891 72.2129304621 -28.134368201 -4.5
4892 72.6788203361 -28.3158802539 -4.5
4893 73.14471021 -28.4973923069 -4.5
4894 73.610600084 -28.6789043598 -4.5
4895 74.0764899579 -28.8604164127 -4.5
4896 74.5423798319 -29.0419284656 -4.5
4897 70.8152608403 -27.5898320423 -4
4898 71.2811507142 -27.7713440952 -4
4899 71.7470405882 -27.9528561481 -4
4900 72.2129304621 -28.134368201 -4
4901 72.6788203361 -28.3158802539 -4
4902 73.14471021 -28.4973923069 -4
4903 73.610600084 -28.6789043598 -4
4904 74.0764899579 -28.8604164127 -4
4905 74.5423798319 -29.0419284656 -4
4906 70.8152608403 -27.5898320423 -3.5
4907 71.2811507142 -27.7713440952 -3.5
4908 71.7470405882 -27.9528561481 -3.5
4909 72.2129304621 -28.134368201 -3.5
4910 72.6788203361 -28.3158802539 -3.5
4911 73.14471021 -28.4973923069 -3.5
4912 73.610600084 -28.6789043598 -3.5
4913 74.0764899579 -28.8604164127 -3.5
4914 74.5423798319 -29.0419284656 -3.5
4915 70.8152608403 -27.5898320423 -3
4916 71.2811507142 -27.7713440952 -3
4917 71.7470405882 -27.9528561481 -3
4918 72.2129304621 -28.134368201 -3
4919 72.6788203361 -28.3158802539 -3
4920 73.14471021 -28.4973923069 -3
4921 73.610600084 -28.6789043598 -3
4922 74.0764899579 -28.8604164127 -3
4923 74.5423798319 -29.0419284656 -3
4924 70.8152608403 -27.5898320423 -2.5
4925 71.2811507142 -27.7713440952 -2.5
4926 71.7470405882 -27.9528561481 -2.5
4927 72.2129304621 -28.134368201 -2.5
4928 72.6788203361 -28.3158802539 -2.5
4929 73.14471021 -28.4973923069 -2.5
4930 73.610600084 -28.6789043598 -2.5
4931 74.0764899579 -28.8604164127 -2.5
4932 74.5423798319 -29.0419284656 -2.5
4933 70.8152608403 -27.5898320423 -2
4934 71.2811507142 -27.7713440952 -2
4935 71.7470405882 -27.9528561481 -2
4936 72.2129304621 -28.134368201 -2
4937 72.6788203361 -28.3158802539 -2
4938 73.14471021 -28.4973923069 -2
4939 73.610600084 -28.6789043598 -2
4940 74.0764899579 -28.8604164127 -2
4941 74.5423798319 -29.0419284656 -2
4942 70.8152608403 -27.5898320423 -1.5
4943 71.2811507142 -27.7713440952 -1.5
4944 71.7470405882 -27.9528561481 -1.5
4945 72.2129304621 -28.134368201 -1.5
4946 72.6788203361 -28.3158802539 -1.5
4947 73.14471021 -28.4973923069 -1.5
4948 73.610600084 -28.6789043598 -1.5
4949 74.0764899579 -28.8604164127 -1.5
4950 74.5423798319 -29.0419284656 -1.5
4951 70.8152608403 -27.5898320423 -1
4952 71.2811507142 -27.7713440952 -1
4953 71.7470405882 -27.9528561481 -1
4954 72.2129304621 -28.134368201 -1
4955 72.6788203361 -28.3158802539 -1
4956 73.14471021 -28.4973923069 -1
4957 73.610600084 -28.6789043598 -1
4958 74.0764899579 -28.8604164127 -1
4959 74.5423798319 -29.0419284656 -1
4960 70.8152608403 -27.5898320423 -0.5
4961 71.2811507142 -27.7713440952 -0.5
4962 71.7470405882 -27.9528561481 -0.5
4963 72.2129304621 -28.134368201 -0.5
4964 72.6788203361 -28.3158802539 -0.5
4965 73.14471021 -28.4973923069 -0.5
4966 73.610600084 -28.6789043598 -0.5
4967 74.0764899579 -28.8604164127 -0.5
4968 74.5423798319 -29.0419284656 -0.5
4969 70.8152608403 -27.5898320423 0
4970 71.2811507142 -27.7713440952 0
4971 71.7470405882 -27.9528561481 0
4972 72.2129304621 -28.134368201 0
4973 72.6788203361 -28.3158802539 0
4974 73.14471021 -28.4973923069 0
4975 73.610600084 -28.6789043598 0
4976 74.0764899579 -28.8604164127 0
4977 74.5423798319 -29.0419284656 0
4978 70.6369492101 -28.0432060629 -11.2864712866
4979 71.1016659812 -28.2277008396 -11.2864712866
4980 71.5663827524 -28.4121956164 -11.2864712866
4981 72.0310995235 -28.5966903931 -11.2864712866
4982 72.4958162946 -28.7811851698 -11.2864712866
4983 72.9605330657 -28.9656799465 -11.2864712866
4984 73.4252498368 -29.1501747233 -11.2864712866
4985 73.889966608 -29.3346695 -11.2864712866
4986 74.3546833791 -29.5191642767 -11.2864712866
4987 70.6369492101 -28.0432060629 -11
4988 71.1016659812 -28.2277008396 -11
4989 71.5663827524 -28.4121956164 -11
4990 72.0310995235 -28.5966903931 -11
4991 72.4958162946 -28.7811851698 -11
4992 72.9605330657 -28.9656799465 -11
4993 73.4252498368 -29.1501747233 -11
4994 73.889966608 -29.3346695 -11
4995 74.3546833791 -29.5191642767 -11
4996 70.6369492101 -28.0432060629 -10.5
4997 71.1016659812 -28.2277008396 -10.5
4998 71.5663827524 -28.4121956164 -10.5
4999 72.0310995235 -28.5966903931 -10.5
5000 72.4958162946 -28.7811851698 -10.5
5001 72.9605330657 -28.9656799465 -10.5
5002 73.4252498368 -29.1501747233 -10.5
5003 73.889966608 -29.3346695 -10.5
5004 74.3546833791 -29.5191642767 -10.5
5005 70.6369492101 -28.0432060629 -10
5006 71.1016659812 -28.2277008396 -10
5007 71.5663827524 -28.4121956164 -10
5008 72.0310995235 -28.5966903931 -10
5009 72.4958162946 -28.7811851698 -10
5010 72.9605330657 -28.9656799465 -10
5011 73.4252498368 -29.1501747233 -10
5012 73.889966608 -29.3346695 -10
5013 74.3546833791 -29.5191642767 -10
5014 70.6369492101 -28.0432060629 -9.5
5015 71.1016659812 -28.2277008396 -9.5
5016 71.5663827524 -28.4121956164 -9.5
5017 72.0310995235 -28.5966903931 -9.5
5018 72.4958162946 -28.7811851698 -9.5
5019 72.9605330657 -28.9656799465 -9.5
5020 73.4252498368 -29.1501747233 -9.5
5021 73.889966608 -29.3346695 -9.5
5022 74.3546833791 -29.5191642767 -9.5
5023 70.6369492101 -28.0432060629 -9
5024 71.1016659812 -28.2277008396 -9
5025 71.5663827524 -28.4121956164 -9
5026 72.0310995235 -28.5966903931 -9
5027 72.4958162946 -28.7811851698 -9
5028 72.9605330657 -28.9656799465 -9
5029 73.4252498368 -29.1501747233 -9
5030 73.889966608 -29.3346695 -9
5031 74.3546833791 -29.5191642767 -9
5032 70.6369492101 -28.0432060629 -8.5
5033 71.1016659812 -28.2277008396 -8.5
5034 71.5663827524 -28.4121956164 -8.5
5035 72.0310995235 -28.5966903931 -8.5
5036 72.4958162946 -28.7811851698 -8.5
5037 72.9605330657 -28.9656799465 -8.5
5038 73.4252498368 -29.1501747233 -8.5
5039 73.889966608 -29.3346695 -8.5
5040 74.3546833791 -29.5191642767 -8.5
5041 70.6369492101 -28.0432060629 -8
5042 71.1016659812 -28.2277008396 -8
5043 71.5663827524 -28.4121956164 -8
5044 72.0310995235 -28.5966903931 -8
5045 72.4958162946 -28.7811851698 -8
5046 72.9605330657 -28.9656799465 -8
5047 73.4252498368 -29.1501747233 -8
5048 73.889966608 -29.3346695 -8
5049 74.3546833791 -29.5191642767 -8
5050 70.6369492101 -28.0432060629 -7.5
5051 71.1016659812 -28.2277008396 -7.5
5052 71.5663827524 -28.4121956164 -7.5
5053 72.0310995235 -28.5966903931 -7.5
5054 72.4958162946 -28.7811851698 -7.5
5055 72.9605330657 -28.9656799465 -7.5
5056 73.4252498368 -29.1501747233 -7.5
5057 73.889966608 -29.3346695 -7.5
5058 74.3546833791 -29.5191642767 -7.5
5059 70.6369492101 -28.0432060629 -7
5060 71.1016659812 -28.2277008396 -7
5061 71.5663827524 -28.4121956164 -7
5062 72.0310995235 -28.5966903931 -7
5063 72.4958162946 -28.7811851698 -7
5064 72.9605330657 -28.9656799465 -7
5065 73.4252498368 -29.1501747233 -7
5066 73.889966608 -29.3346695 -7
5067 74.3546833791 -29.5191642767 -7
5068 70.6369492101 -28.0432060629 -6.5
5069 71.1016659812 -28.2277008396 -6.5
5070 71.5663827524 -28.4121956164 -6.5
5071 72.0310995235 -28.5966903931 -6.5
5072 72.4958162946 -28.7811851698 -6.5
5073 72.9605330657 -28.9656799465 -6.5
5074 73.4252498368 -29.1501747233 -6.5
5075 73.889966608 -29.3346695 -6.5
5076 74.3546833791 -29.5191642767 -6.5
5077 70.6369492101 -28.0432060629 -6
5078 71.1016659812 -28.2277008396 -6
5079 71.5663827524 -28.4121956164 -6
5080 72.0310995235 -28.5966903931 -6
5081 72.4958162946 -28.7811851698 -6
5082 72.9605330657 -28.9656799465 -6
5083 73.4252498368 -29.1501747233 -6
5084 73.889966608 -29.3346695 -6
5085 74.3546833791 -29.5191642767 -6
5086 70.6369492101 -28.0432060629 -5.5
5087 71.1016659812 -28.2277008396 -5.5
5088 71.5663827524 -28.4121956164 -5.5
5089 72.0310995235 -28.5966903931 -5.5
5090 72.4958162946 -28.7811851698 -5.5
5091 72.9605330657 -28.9656799465 -5.5
5092 73.4252498368 -29.1501747233 -5.5
5093 73.889966608 -29.3346695 -5.5
5094 74.3546833791 -29.5191642767 -5.5
5095 70.6369492101 -28.0432060629 -5
5096 71.1016659812 -28.2277008396 -5
5097 71.5663827524 -28.4121956164 -5
5098 72.0310995235 -28.5966903931 -5
5099 72.4958162946 -28.7811851698 -5
5100 72.9605330657 -28.9656799465 -5
5101 73.4252498368 -29.1501747233 -5
5102 73.889966608 -29.3346695 -5
5103 74.3546833791 -29.5191642767 -5
5104 70.6369492101 -28.0432060629 -4.5
5105 71.1016659812 -28.2277008396 -4.5
5106 71.5663827524 -28.4121956164 -4.5
5107 72.0310995235 -28.5966903931 -4.5
5108 72.4958162946 -28.7811851698 -4.5
5109 72.9605330657 -28.9656799465 -4.5
5110 73.4252498368 -29.1501747233 -4.5
5111 73.889966608 -29.3346695 -4.5
5112 74.3546833791 -29.5191642767 -4.5
5113 70.6369492101 -28.0432060629 -4
5114 71.1016659812 -28.2277008396 -4
5115 71.5663827524 -28.4121956164 -4
5116 72.0310995235 -28.5966903931 -4
5117 72.4958162946 -28.7811851698 -4
5118 72.9605330657 -28.9656799465 -4
5119 73.4252498368 -29.1501747233 -4
5120 73.889966608 -29.3346695 -4
5121 74.3546833791 -29.5191642767 -4
5122 70.6369492101 -28.0432060629 -3.5
5123 71.1016659812 -28.2277008396 -3.5
5124 71.5663827524 -28.4121956164 -3.5
5125 72.0310995235 -28.5966903931 -3.5
5126 72.4958162946 -28.7811851698 -3.5
5127 72.9605330657 -28.9656799465 -3.5
5128 73.4252498368 -29.1501747233 -3.5
5129 73.889966608 -29.3346695 -3.5
5130 74.3546833791 -29.5191642767 -3.5
5131 70.6369492101 -28.0432060629 -3
5132 71.1016659812 -28.2277008396 -3
5133 71.5663827524 -28.4121956164 -3
5134 72.0310995235 -28.5966903931 -3
5135 72.4958162946 -28.7811851698 -3
5136 72.9605330657 -28.9656799465 -3
5137 73.4252498368 -29.1501747233 -3
5138 73.889966608 -29.3346695 -3
5139 74.3546833791 -29.5191642767 -3
5140 70.6369492101 -28.0432060629 -2.5
5141 71.1016659812 -28.2277008396 -2.5
5142 71.5663827524 -28.4121956164 -2.5
5143 72.0310995235 -28.5966903931 -2.5
5144 72.4958162946 -28.7811851698 -2.5
5145 72.9605330657 -28.9656799465 -2.5
5146 73.4252498368 -29.1501747233 -2.5
5147 73.889966608 -29.3346695 -2.5
5148 74.3546833791 -29.5191642767 -2.5
5149 70.6369492101 -28.0432060629 -2
5150 71.1016659812 -28.2277008396 -2
5151 71.5663827524 -28.4121956164 -2
5152 72.0310995235 -28.5966903931 -2
5153 72.4958162946 -28.7811851698 -2
5154 72.9605330657 -28.9656799465 -2
5155 73.4252498368 -29.1501747233 -2
5156 73.889966608 -29.3346695 -2
5157 74.3546833791 -29.5191642767 -2
5158 70.6369492101 -28.0432060629 -1.5
5159 71.1016659812 -28.2277008396 -1.5
5160 71.5663827524 -28.4121956164 -1.5
5161 72.0310995235 -28.5966903931 -1.5
5162 72.4958162946 -28.7811851698 -1.5
5163 72.9605330657 -28.9656799465 -1.5
5164 73.4252498368 -29.1501747233 -1.5
5165 73.889966608 -29.3346695 -1.5
5166 74.3546833791 -29.5191642767 -1.5
5167 70.6369492101 -28.0432060629 -1
5168 71.1016659812 -28.2277008396 -1
5169 71.5663827524 -28.4121956164 -1
5170 72.0310995235 -28.5966903931 -1
5171 72.4958162946 -28.7811851698 -1
5172 72.9605330657 -28.9656799465 -1
5173 73.4252498368 -29.1501747233 -1
5174 73.889966608 -29.3346695 -1
5175 74.3546833791 -29.5191642767 -1
5176 70.6369492101 -28.0432060629 -0.5
5177 71.1016659812 -28.2277008396 -0.5
5178 71.5663827524 -28.4121956164 -0.5
5179 72.0310995235 -28.5966903931 -0.5
5180 72.4958162946 -28.7811851698 -0.5
5181 72.9605330657 -28.9656799465 -0.5
5182 73.4252498368 -29.1501747233 -0.5
5183 73.889966608 -29.3346695 -0.5
5184 74.3546833791 -29.5191642767 -0.5
5185 70.6369492101 -28.0432060629 0
5186 71.1016659812 -28.2277008396 0
5187 71.5663827524 -28.4121956164 0
5188 72.0310995235 -28.5966903931 0
5189 72.4958162946 -28.7811851698 0
5190 72.9605330657 -28.9656799465 0
5191 73.4252498368 -29.1501747233 0
5192 73.889966608 -29.3346695 0
5193 74.3546833791 -29.5191642767 0
5194 70.4557350197 -28.4954277532 -11.0403477502
5195 70.4557350197 -28.4954277532 -11
5196 70.9192595922 -28.6828976726 -11.0403477502
5197 70.9192595922 -28.6828976726 -11
5198 71.3827841647 -28.870367592 -11.0403477502
5199 71.3827841647 -28.870367592 -11
5200 71.8463087372 -29.0578375115 -11.0403477502
5201 71.8463087372 -29.0578375115 -11
5202 72.3098333097 -29.2453074309 -11.0403477502
5203 72.3098333097 -29.2453074309 -11
5204 72.7733578822 -29.4327773503 -11.0403477502
5205 72.7733578822 -29.4327773503 -11
5206 73.2368824547 -29.6202472698 -11.0403477502
5207 73.2368824547 -29.6202472698 -11
5208 73.7004070272 -29.8077171892 -11.0403477502
5209 73.7004070272 -29.8077171892 -11
5210 74.1639315997 -29.9951871086 -11.0403477502
5211 74.1639315997 -29.9951871086 -11
5212 70.4557350197 -28.4954277532 -10.5
5213 70.9192595922 -28.6828976726 -10.5
5214 71.3827841647 -28.870367592 -10.5
5215 71.8463087372 -29.0578375115 -10.5
5216 72.3098333097 -29.2453074309 -10.5
5217 72.7733578822 -29.4327773503 -10.5
5218 73.2368824547 -29.6202472698 -10.5
5219 73.7004070272 -29.8077171892 -10.5
5220 74.1639315997 -29.9951871086 -10.5
5221 70.4557350197 -28.4954277532 -10
5222 70.9192595922 -28.6828976726 -10
5223 71.3827841647 -28.870367592 -10
5224 71.8463087372 -29.0578375115 -10
5225 72.3098333097 -29.2453074309 -10
5226 72.7733578822 -29.4327773503 -10
5227 73.2368824547 -29.6202472698 -10
5228 73.7004070272 -29.8077171892 -10
5229 74.1639315997 -29.9951871086 -10
5230 70.4557350197 -28.4954277532 -9.5
5231 70.9192595922 -28.6828976726 -9.5
5232 71.3827841647 -28.870367592 -9.5
5233 71.8463087372 -29.0578375115 -9.5
5234 72.3098333097 -29.2453074309 -9.5
5235 72.7733578822 -29.4327773503 -9.5
5236 73.2368824547 -29.6202472698 -9.5
5237 73.7004070272 -29.8077171892 -9.5
5238 74.1639315997 -29.9951871086 -9.5
5239 70.4557350197 -28.4954277532 -9
5240 70.9192595922 -28.6828976726 -9
5241 71.3827841647 -28.870367592 -9
5242 71.8463087372 -29.0578375115 -9
5243 72.3098333097 -29.2453074309 -9
5244 72.7733578822 -29.4327773503 -9
5245 73.2368824547 -29.6202472698 -9
5246 73.7004070272 -29.8077171892 -9
5247 74.1639315997 -29.9951871086 -9
5248 70.4557350197 -28.4954277532 -8.5
5249 70.9192595922 -28.6828976726 -8.5
5250 71.3827841647 -28.870367592 -8.5
5251 71.8463087372 -29.0578375115 -8.5
5252 72.3098333097 -29.2453074309 -8.5
5253 72.7733578822 -29.4327773503 -8.5
5254 73.2368824547 -29.6202472698 -8.5
5255 73.7004070272 -29.8077171892 -8.5
5256 74.1639315997 -29.9951871086 -8.5
5257 70.4557350197 -28.4954277532 -8
5258 70.9192595922 -28.6828976726 -8
5259 71.3827841647 -28.870367592 -8
5260 71.8463087372 -29.0578375115 -8
5261 72.3098333097 -29.2453074309 -8
5262 72.7733578822 -29.4327773503 -8
5263 73.2368824547 -29.6202472698 -8
5264 73.7004070272 -29.8077171892 -8
5265 74.1639315997 -29.9951871086 -8
5266 70.4557350197 -28.4954277532 -7.5
5267 70.9192595922 -28.6828976726 -7.5
5268 71.3827841647 -28.870367592 -7.5
5269 71.8463087372 -29.0578375115 -7.5
5270 72.3098333097 -29.2453074309 -7.5
5271 72.7733578822 -29.4327773503 -7.5
5272 73.2368824547 -29.6202472698 -7.5
5273 73.7004070272 -29.8077171892 -7.5
5274 74.1639315997 -29.9951871086 -7.5
5275 70.4557350197 -28.4954277532 -7
5276 70.9192595922 -28.6828976726 -7
5277 71.3827841647 -28.870367592 -7
5278 71.8463087372 -29.0578375115 -7
5279 72.3098333097 -29.2453074309 -7
5280 72.7733578822 -29.4327773503 -7
5281 73.2368824547 -29.6202472698 -7
5282 73.7004070272 -29.8077171892 -7
5283 74.1639315997 -29.9951871086 -7
5284 70.4557350197 -28.4954277532 -6.5
5285 70.9192595922 -28.6828976726 -6.5
5286 71.3827841647 -28.870367592 -6.5
5287 71.8463087372 -29.0578375115 -6.5
5288 72.3098333097 -29.2453074309 -6.5
5289 72.7733578822 -29.4327773503 -6.5
5290 73.2368824547 -29.6202472698 -6.5
5291 73.7004070272 -29.8077171892 -6.5
5292 74.1639315997 -29.9951871086 -6.5
5293 70.4557350197 -28.4954277532 -6
5294 70.9192595922 -28.6828976726 -6
5295 71.3827841647 -28.870367592 -6
5296 71.8463087372 -29.0578375115 -6
5297 72.3098333097 -29.2453074309 -6
5298 72.7733578822 -29.4327773503 -6
5299 73.2368824547 -29.6202472698 -6
5300 73.7004070272 -29.8077171892 -6
5301 74.1639315997 -29.9951871086 -6
5302 70.4557350197 -28.4954277532 -5.5
5303 70.9192595922 -28.6828976726 -5.5
5304 71.3827841647 -28.870367592 -5.5
5305 71.8463087372 -29.0578375115 -5.5
5306 72.3098333097 -29.2453074309 -5.5
5307 72.7733578822 -29.4327773503 -5.5
5308 73.2368824547 -29.6202472698 -5.5
5309 73.7004070272 -29.8077171892 -5.5
5310 74.1639315997 -29.9951871086 -5.5
5311 70.4557350197 -28.4954277532 -5
5312 70.9192595922 -28.6828976726 -5
5313 71.3827841647 -28.870367592 -5
5314 71.8463087372 -29.0578375115 -5
5315 72.3098333097 -29.2453074309 -5
5316 72.7733578822 -29.4327773503 -5
5317 73.2368824547 -29.6202472698 -5
5318 73.7004070272 -29.8077171892 -5
5319 74.1639315997 -29.9951871086 -5
5320 70.4557350197 -28.4954277532 -4.5
5321 70.9192595922 -28.6828976726 -4.5
5322 71.3827841647 -28.870367592 -4.5
5323 71.8463087372 -29.0578375115 -4.5
5324 72.3098333097 -29.2453074309 -4.5
5325 72.7733578822 -29.4327773503 -4.5
5326 73.2368824547 -29.6202472698 -4.5
5327 73.7004070272 -29.8077171892 -4.5
5328 74.1639315997 -29.9951871086 -4.5
5329 70.4557350197 -28.4954277532 -4
5330 70.9192595922 -28.6828976726 -4
5331 71.3827841647 -28.870367592 -4
5332 71.8463087372 -29.0578375115 -4
5333 72.3098333097 -29.2453074309 -4
5334 72.7733578822 -29.4327773503 -4
5335 73.2368824547 -29.6202472698 -4
5336 73.7004070272 -29.8077171892 -4
5337 74.1639315997 -29.9951871086 -4
5338 70.4557350197 -28.4954277532 -3.5
5339 70.9192595922 -28.6828976726 -3.5
5340 71.3827841647 -28.870367592 -3.5
5341 71.8463087372 -29.0578375115 -3.5
5342 72.3098333097 -29.2453074309 -3.5
5343 72.7733578822 -29.4327773503 -3.5
5344 73.2368824547 -29.6202472698 -3.5
5345 73.7004070272 -29.8077171892 -3.5
5346 74.1639315997 -29.9951871086 -3.5
5347 70.4557350197 -28.4954277532 -3
5348 70.9192595922 -28.6828976726 -3
5349 71.3827841647 -28.870367592 -3
5350 71.8463087372 -29.0578375115 -3
5351 72.3098333097 -29.2453074309 -3
5352 72.7733578822 -29.4327773503 -3
5353 73.2368824547 -29.6202472698 -3
5354 73.7004070272 -29.8077171892 -3
5355 74.1639315997 -29.9951871086 -3
5356 70.4557350197 -28.4954277532 -2.5
5357 70.9192595922 -28.6828976726 -2.5
5358 71.3827841647 -28.870367592 -2.5
5359 71.8463087372 -29.0578375115 -2.5
5360 72.3098333097 -29.2453074309 -2.5
5361 72.7733578822 -29.4327773503 -2.5
5362 73.2368824547 -29.6202472698 -2.5
5363 73.7004070272 -29.8077171892 -2.5
5364 74.1639315997 -29.9951871086 -2.5
5365 70.4557350197 -28.4954277532 -2
5366 70.9192595922 -28.6828976726 -2
5367 71.3827841647 -28.870367592 -2
5368 71.8463087372 -29.0578375115 -2
5369 72.3098333097 -29.2453074309 -2
5370 72.7733578822 -29.4327773503 -2
5371 73.2368824547 -29.6202472698 -2
5372 73.7004070272 -29.8077171892 -2
5373 74.1639315997 -29.9951871086 -2
5374 70.4557350197 -28.4954277532 -1.5
5375 70.9192595922 -28.6828976726 -1.5
5376 71.3827841647 -28.870367592 -1.5
5377 71.8463087372 -29.0578375115 -1.5
5378 72.3098333097 -29.2453074309 -1.5
5379 72.7733578822 -29.4327773503 -1.5
5380 73.2368824547 -29.6202472698 -1.5
5381 73.7004070272 -29.8077171892 -1.5
5382 74.1639315997 -29.9951871086 -1.5
5383 70.4557350197 -28.4954277532 -1
5384 70.9192595922 -28.6828976726 -1
5385 71.3827841647 -28.870367592 -1
5386 71.8463087372 -29.0578375115 -1
5387 72.3098333097 -29.2453074309 -1
5388 72.7733578822 -29.4327773503 -1
5389 73.2368824547 -29.6202472698 -1
5390 73.7004070272 -29.8077171892 -1
5391 74.1639315997 -29.9951871086 -1
5392 70.4557350197 -28.4954277532 -0.5
5393 70.9192595922 -28.6828976726 -0.5
5394 71.3827841647 -28.870367592 -0.5
5395 71.8463087372 -29.0578375115 -0.5
5396 72.3098333097 -29.2453074309 -0.5
5397 72.7733578822 -29.4327773503 -0.5
5398 73.2368824547 -29.6202472698 -0.5
5399 73.7004070272 -29.8077171892 -0.5
5400 74.1639315997 -29.9951871086 -0.5
5401 70.4557350197 -28.4954277532 0
5402 70.9192595922 -28.6828976726 0
5403 71.3827841647 -28.870367592 0
5404 71.8463087372 -29.0578375115 0
5405 72.3098333097 -29.2453074309 0
5406 72.7733578822 -29.4327773503 0
5407 73.2368824547 -29.6202472698 0
5408 73.7004070272 -29.8077171892 0
5409 74.1639315997 -29.9951871086 0
5410 70.2716257152 -28.9464785308 -10.794238342
5411 70.7339390423 -29.1369158896 -10.794238342
5412 71.1962523694 -29.3273532484 -10.794238342
5413 71.6585656965 -29.5177906071 -10.794238342
5414 72.1208790235 -29.7082279659 -10.794238342
5415 72.5831923506 -29.8986653246 -10.794238342
5416 73.0455056777 -30.0891026834 -10.794238342
5417 73.5078190048 -30.2795400421 -10.794238342
5418 73.9701323318 -30.4699774009 -10.794238342
5419 70.2716257152 -28.9464785308 -10.5
5420 70.7339390423 -29.1369158896 -10.5
5421 71.1962523694 -29.3273532484 -10.5
5422 71.6585656965 -29.5177906071 -10.5
5423 72.1208790235 -29.7082279659 -10.5
5424 72.5831923506 -29.8986653246 -10.5
5425 73.0455056777 -30.0891026834 -10.5
5426 73.5078190048 -30.2795400421 -10.5
5427 73.9701323318 -30.4699774009 -10.5
5428 70.2716257152 -28.9464785308 -10
5429 70.7339390423 -29.1369158896 -10
5430 71.1962523694 -29.3273532484 -10
5431 71.6585656965 -29.5177906071 -10
5432 72.1208790235 -29.7082279659 -10
5433 72.5831923506 -29.8986653246 -10
5434 73.0455056777 -30.0891026834 -10
5435 73.5078190048 -30.2795400421 -10
5436 73.9701323318 -30.4699774009 -10
5437 70.2716257152 -28.9464785308 -9.5
5438 70.7339390423 -29.1369158896 -9.5
5439 71.1962523694 -29.3273532484 -9.5
5440 71.6585656965 -29.5177906071 -9.5
5441 72.1208790235 -29.7082279659 -9.5
5442 72.5831923506 -29.8986653246 -9.5
5443 73.0455056777 -30.0891026834 -9.5
5444 73.5078190048 -30.2795400421 -9.5
5445 73.9701323318 -30.4699774009 -9.5
5446 70.2716257152 -28.9464785308 -9
5447 70.7339390423 -29.1369158896 -9
5448 71.1962523694 -29.3273532484 -9
5449 71.6585656965 -29.5177906071 -9
5450 72.1208790235 -29.7082279659 -9
5451 72.5831923506 -29.8986653246 -9
5452 73.0455056777 -30.0891026834 -9
5453 73.5078190048 -30.2795400421 -9
5454 73.9701323318 -30.4699774009 -9
5455 70.2716257152 -28.9464785308 -8.5
5456 70.7339390423 -29.1369158896 -8.5
5457 71.1962523694 -29.3273532484 -8.5
5458 71.6585656965 -29.5177906071 -8.5
5459 72.1208790235 -29.7082279659 -8.5
5460 72.5831923506 -29.8986653246 -8.5
5461 73.0455056777 -30.0891026834 -8.5
5462 73.5078190048 -30.2795400421 -8.5
5463 73.9701323318 -30.4699774009 -8.5
5464 70.2716257152 -28.9464785308 -8
5465 70.7339390423 -29.1369158896 -8
5466 71.1962523694 -29.3273532484 -8
5467 71.6585656965 -29.5177906071 -8
5468 72.1208790235 -29.7082279659 -8
5469 72.5831923506 -29.8986653246 -8
5470 73.0455056777 -30.0891026834 -8
5471 73.5078190048 -30.2795400421 -8
5472 73.9701323318 -30.4699774009 -8
5473 70.2716257152 -28.9464785308 -7.5
5474 70.7339390423 -29.1369158896 -7.5
5475 71.1962523694 -29.3273532484 -7.5
5476 71.6585656965 -29.5177906071 -7.5
5477 72.1208790235 -29.7082279659 -7.5
5478 72.5831923506 -29.8986653246 -7.5
5479 73.0455056777 -30.0891026834 -7.5
5480 73.5078190048 -30.2795400421 -7.5
5481 73.9701323318 -30.4699774009 -7.5
5482 70.2716257152 -28.9464785308 -7
5483 70.7339390423 -29.1369158896 -7
5484 71.1962523694 -29.3273532484 -7
5485 71.6585656965 -29.5177906071 -7
5486 72.1208790235 -29.7082279659 -7
5487 72.5831923506 -29.8986653246 -7
5488 73.0455056777 -30.0891026834 -7
5489 73.5078190048 -30.2795400421 -7
5490 73.9701323318 -30.4699774009 -7
5491 70.2716257152 -28.9464785308 -6.5
5492 70.7339390423 -29.1369158896 -6.5
5493 71.1962523694 -29.3273532484 -6.5
5494 71.6585656965 -29.5177906071 -6.5
5495 72.1208790235 -29.7082279659 -6.5
5496 72.5831923506 -29.8986653246 -6.5
5497 73.0455056777 -30.0891026834 -6.5
5498 73.5078190048 -30.2795400421 -6.5
5499 73.9701323318 -30.4699774009 -6.5
5500 70.2716257152 -28.9464785308 -6
5501 70.7339390423 -29.1369158896 -6
5502 71.1962523694 -29.3273532484 -6
5503 71.6585656965 -29.5177906071 -6
5504 72.1208790235 -29.7082279659 -6
5505 72.5831923506 -29.8986653246 -6
5506 73.0455056777 -30.0891026834 -6
5507 73.5078190048 -30.2795400421 -6
5508 73.9701323318 -30.4699774009 -6
5509 70.2716257152 -28.9464785308 -5.5
5510 70.7339390423 -29.1369158896 -5.5
5511 71.1962523694 -29.3273532484 -5.5
5512 71.6585656965 -29.5177906071 -5.5
5513 72.1208790235 -29.7082279659 -5.5
5514 72.5831923506 -29.8986653246 -5.5
5515 73.0455056777 -30.0891026834 -5.5
5516 73.5078190048 -30.2795400421 -5.5
5517 73.9701323318 -30.4699774009 -5.5
5518 70.2716257152 -28.9464785308 -5
5519 70.7339390423 -29.1369158896 -5
5520 71.1962523694 -29.3273532484 -5
5521 71.6585656965 -29.5177906071 -5
5522 72.1208790235 -29.7082279659 -5
5523 72.5831923506 -29.8986653246 -5
5524 73.0455056777 -30.0891026834 -5
5525 73.5078190048 -30.2795400421 -5
5526 73.9701323318 -30.4699774009 -5
5527 70.2716257152 -28.9464785308 -4.5
5528 70.7339390423 -29.1369158896 -4.5
5529 71.1962523694 -29.3273532484 -4.5
5530 71.6585656965 -29.5177906071 -4.5
5531 72.1208790235 -29.7082279659 -4.5
5532 72.5831923506 -29.8986653246 -4.5
5533 73.0455056777 -30.0891026834 -4.5
5534 73.5078190048 -30.2795400421 -4.5
5535 73.9701323318 -30.4699774009 -4.5
5536 70.2716257152 -28.9464785308 -4
5537 70.7339390423 -29.1369158896 -4
5538 71.1962523694 -29.3273532484 -4
5539 71.6585656965 -29.5177906071 -4
5540 72.1208790235 -29.7082279659 -4
5541 72.5831923506 -29.8986653246 -4
5542 73.0455056777 -30.0891026834 -4
5543 73.5078190048 -30.2795400421 -4
5544 73.9701323318 -30.4699774009 -4
5545 70.2716257152 -28.9464785308 -3.5
5546 70.7339390423 -29.1369158896 -3.5
5547 71.1962523694 -29.3273532484 -3.5
5548 71.6585656965 -29.5177906071 -3.5
5549 72.1208790235 -29.7082279659 -3.5
5550 72.5831923506 -29.8986653246 -3.5
5551 73.0455056777 -30.0891026834 -3.5
5552 73.5078190048 -30.2795400421 -3.5
5553 73.9701323318 -30.4699774009 -3.5
5554 70.2716257152 -28.9464785308 -3
5555 70.7339390423 -29.1369158896 -3
5556 71.1962523694 -29.3273532484 -3
5557 71.6585656965 -29.5177906071 -3
5558 72.1208790235 -29.7082279659 -3
5559 72.5831923506 -29.8986653246 -3
5560 73.0455056777 -30.0891026834 -3
5561 73.5078190048 -30.2795400421 -3
5562 73.9701323318 -30.4699774009 -3
5563 70.2716257152 -28.9464785308 -2.5
5564 70.7339390423 -29.1369158896 -2.5
5565 71.1962523694 -29.3273532484 -2.5
5566 71.6585656965 -29.5177906071 -2.5
5567 72.1208790235 -29.7082279659 -2.5
5568 72.5831923506 -29.8986653246 -2.5
5569 73.0455056777 -30.0891026834 -2.5
5570 73.5078190048 -30.2795400421 -2.5
5571 73.9701323318 -30.4699774009 -2.5
5572 70.2716257152 -28.9464785308 -2
5573 70.7339390423 -29.1369158896 -2
5574 71.1962523694 -29.3273532484 -2
5575 71.6585656965 -29.5177906071 -2
5576 72.1208790235 -29.7082279659 -2
5577 72.5831923506 -29.8986653246 -2
5578 73.0455056777 -30.0891026834 -2
5579 73.5078190048 -30.2795400421 -2
5580 73.9701323318 -30.4699774009 -2
5581 70.2716257152 -28.9464785308 -1.5
5582 70.7339390423 -29.1369158896 -1.5
5583 71.1962523694 -29.3273532484 -1.5
5584 71.6585656965 -29.5177906071 -1.5
5585 72.1208790235 -29.7082279659 -1.5
5586 72.5831923506 -29.8986653246 -1.5
5587 73.0455056777 -30.0891026834 -1.5
5588 73.5078190048 -30.2795400421 -1.5
5589 73.9701323318 -30.4699774009 -1.5
5590 70.2716257152 -28.9464785308 -1
5591 70.7339390423 -29.1369158896 -1
5592 71.1962523694 -29.3273532484 -1
5593 71.6585656965 -29.5177906071 -1
5594 72.1208790235 -29.7082279659 -1
5595 72.5831923506 -29.8986653246 -1
5596 73.0455056777 -30.0891026834 -1
5597 73.5078190048 -30.2795400421 -1
5598 73.9701323318 -30.4699774009 -1
5599 70.2716257152 -28.9464785308 -0.5
5600 70.7339390423 -29.1369158896 -0.5
5601 71.1962523694 -29.3273532484 -0.5
5602 71.6585656965 -29.5177906071 -0.5
5603 72.1208790235 -29.7082279659 -0.5
5604 72.5831923506 -29.8986653246 -0.5
5605 73.0455056777 -30.0891026834 -0.5
5606 73.5078190048 -30.2795400421 -0.5
5607 73.9701323318 -30.4699774009 -0.5
5608 70.2716257152 -28.9464785308 0
5609 70.7339390423 -29.1369158896 0
5610 71.1962523694 -29.3273532484 0
5611 71.6585656965 -29.5177906071 0
5612 72.1208790235 -29.7082279659 0
5613 72.5831923506 -29.8986653246 0
5614 73.0455056777 -30.0891026834 0
5615 73.5078190048 -30.2795400421 0
5616 73.9701323318 -30.4699774009 0
5617 70.0846288621 -29.3963398616 -10.5481459626
5618 70.0846288621 -29.3963398616 -10.5
5619 70.5457119467 -29.5897368344 -10.5481459626
5620 70.5457119467 -29.5897368344 -10.5
5621 71.0067950314 -29.7831338072 -10.5481459626
5622 71.0067950314 -29.7831338072 -10.5
5623 71.467878116 -29.9765307799 -10.5481459626
5624 71.467878116 -29.9765307799 -10.5
5625 71.9289612006 -30.1699277527 -10.5481459626
5626 71.9289612006 -30.1699277527 -10.5
5627 72.3900442852 -30.3633247255 -10.5481459626
5628 72.3900442852 -30.3633247255 -10.5
5629 72.8511273698 -30.5567216982 -10.5481459626
5630 72.8511273698 -30.5567216982 -10.5
5631 73.3122104545 -30.750118671 -10.5481459626
5632 73.3122104545 -30.750118671 -10.5
5633 73.7732935391 -30.9435156438 -10.5481459626
5634 73.7732935391 -30.9435156438 -10.5
5635 70.0846288621 -29.3963398616 -10
5636 70.5457119467 -29.5897368344 -10
5637 71.0067950314 -29.7831338072 -10
5638 71.467878116 -29.9765307799 -10
5639 71.9289612006 -30.1699277527 -10
5640 72.3900442852 -30.3633247255 -10
5641 72.8511273698 -30.5567216982 -10
5642 73.3122104545 -30.750118671 -10
5643 73.7732935391 -30.9435156438 -10
5644 70.0846288621 -29.3963398616 -9.5
5645 70.5457119467 -29.5897368344 -9.5
5646 71.0067950314 -29.7831338072 -9.5
5647 71.467878116 -29.9765307799 -9.5
5648 71.9289612006 -30.1699277527 -9.5
5649 72.3900442852 -30.3633247255 -9.5
5650 72.8511273698 -30.5567216982 -9.5
5651 73.3122104545 -30.750118671 -9.5
5652 73.7732935391 -30.9435156438 -9.5
5653 70.0846288621 -29.3963398616 -9
5654 70.5457119467 -29.5897368344 -9
5655 71.0067950314 -29.7831338072 -9
5656 71.467878116 -29.9765307799 -9
5657 71.9289612006 -30.1699277527 -9
5658 72.3900442852 -30.3633247255 -9
5659 72.8511273698 -30.5567216982 -9
5660 73.3122104545 -30.750118671 -9
5661 73.7732935391 -30.9435156438 -9
5662 70.0846288621 -29.3963398616 -8.5
5663 70.5457119467 -29.5897368344 -8.5
5664 71.0067950314 -29.7831338072 -8.5
5665 71.467878116 -29.9765307799 -8.5
5666 71.9289612006 -30.1699277527 -8.5
5667 72.3900442852 -30.3633247255 -8.5
5668 72.8511273698 -30.5567216982 -8.5
5669 73.3122104545 -30.750118671 -8.5
5670 73.7732935391 -30.9435156438 -8.5
5671 70.0846288621 -29.3963398616 -8
5672 70.5457119467 -29.5897368344 -8
5673 71.0067950314 -29.7831338072 -8
5674 71.467878116 -29.9765307799 -8
5675 71.9289612006 -30.1699277527 -8
5676 72.3900442852 -30.3633247255 -8
5677 72.8511273698 -30.5567216982 -8
5678 73.3122104545 -30.750118671 -8
5679 73.7732935391 -30.9435156438 -8
5680 70.0846288621 -29.3963398616 -7.5
5681 70.5457119467 -29.5897368344 -7.5
5682 71.0067950314 -29.7831338072 -7.5
5683 71.467878116 -29.9765307799 -7.5
5684 71.9289612006 -30.1699277527 -7.5
5685 72.3900442852 -30.3633247255 -7.5
5686 72.8511273698 -30.5567216982 -7.5
5687 73.3122104545 -30.750118671 -7.5
5688 73.7732935391 -30.9435156438 -7.5
5689 70.0846288621 -29.3963398616 -7
5690 70.5457119467 -29.5897368344 -7
5691 71.0067950314 -29.7831338072 -7
5692 71.467878116 -29.9765307799 -7
5693 71.9289612006 -30.1699277527 -7
5694 72.3900442852 -30.3633247255 -7
5695 72.8511273698 -30.5567216982 -7
5696 73.3122104545 -30.750118671 -7
5697 73.7732935391 -30.9435156438 -7
5698 70.0846288621 -29.3963398616 -6.5
5699 70.5457119467 -29.5897368344 -6.5
5700 71.0067950314 -29.7831338072 -6.5
5701 71.467878116 -29.9765307799 -6.5
5702 71.9289612006 -30.1699277527 -6.5
5703 72.3900442852 -30.3633247255 -6.5
5704 72.8511273698 -30.5567216982 -6.5
5705 73.3122104545 -30.750118671 -6.5
5706 73.7732935391 -30.9435156438 -6.5
5707 70.0846288621 -29.3963398616 -6
5708 70.5457119467 -29.5897368344 -6
5709 71.0067950314 -29.7831338072 -6
5710 71.467878116 -29.9765307799 -6
5711 71.9289612006 -30.1699277527 -6
5712 72.3900442852 -30.3633247255 -6
5713 72.8511273698 -30.5567216982 -6
5714 73.3122104545 -30.750118671 -6
5715 73.7732935391 -30.9435156438 -6
5716 70.0846288621 -29.3963398616 -5.5
5717 70.5457119467 -29.5897368344 -5.5
5718 71.0067950314 -29.7831338072 -5.5
5719 71.467878116 -29.9765307799 -5.5
5720 71.9289612006 -30.1699277527 -5.5
5721 72.3900442852 -30.3633247255 -5.5
5722 72.8511273698 -30.5567216982 -5.5
5723 73.3122104545 -30.750118671 -5.5
5724 73.7732935391 -30.9435156438 -5.5
5725 70.0846288621 -29.3963398616 -5
5726 70.5457119467 -29.5897368344 -5
5727 71.0067950314 -29.7831338072 -5
5728 71.467878116 -29.9765307799 -5
5729 71.9289612006 -30.1699277527 -5
5730 72.3900442852 -30.3633247255 -5
5731 72.8511273698 -30.5567216982 -5
5732 73.3122104545 -30.750118671 -5
5733 73.7732935391 -30.9435156438 -5
5734 70.0846288621 -29.3963398616 -4.5
5735 70.5457119467 -29.5897368344 -4.5
5736 71.0067950314 -29.7831338072 -4.5
5737 71.467878116 -29.9765307799 -4.5
5738 71.9289612006 -30.1699277527 -4.5
5739 72.3900442852 -30.3633247255 -4.5
5740 72.8511273698 -30.5567216982 -4.5
5741 73.3122104545 -30.750118671 -4.5
5742 73.7732935391 -30.9435156438 -4.5
5743 70.0846288621 -29.3963398616 -4
5744 70.5457119467 -29.5897368344 -4
5745 71.0067950314 -29.7831338072 -4
5746 71.467878116 -29.9765307799 -4
5747 71.9289612006 -30.1699277527 -4
5748 72.3900442852 -30.3633247255 -4
5749 72.8511273698 -30.5567216982 -4
5750 73.3122104545 -30.750118671 -4
5751 73.7732935391 -30.9435156438 -4
5752 70.0846288621 -29.3963398616 -3.5
5753 70.5457119467 -29.5897368344 -3.5
5754 71.0067950314 -29.7831338072 -3.5
5755 71.467878116 -29.9765307799 -3.5
5756 71.9289612006 -30.1699277527 -3.5
5757 72.3900442852 -30.3633247255 -3.5
5758 72.8511273698 -30.5567216982 -3.5
5759 73.3122104545 -30.750118671 -3.5
5760 73.7732935391 -30.9435156438 -3.5
5761 70.0846288621 -29.3963398616 -3
5762 70.5457119467 -29.5897368344 -3
5763 71.0067950314 -29.7831338072 -3
5764 71.467878116 -29.9765307799 -3
5765 71.9289612006 -30.1699277527 -3
5766 72.3900442852 -30.3633247255 -3
5767 72.8511273698 -30.5567216982 -3
5768 73.3122104545 -30.750118671 -3
5769 73.7732935391 -30.9435156438 -3
5770 70.0846288621 -29.3963398616 -2.5
5771 70.5457119467 -29.5897368344 -2.5
5772 71.0067950314 -29.7831338072 -2.5
5773 71.467878116 -29.9765307799 -2.5
5774 71.9289612006 -30.1699277527 -2.5
5775 72.3900442852 -30.3633247255 -2.5
5776 72.8511273698 -30.5567216982 -2.5
5777 73.3122104545 -30.750118671 -2.5
5778 73.7732935391 -30.9435156438 -2.5
5779 70.0846288621 -29.3963398616 -2
5780 70.5457119467 -29.5897368344 -2
5781 71.0067950314 -29.7831338072 -2
5782 71.467878116 -29.9765307799 -2
5783 71.9289612006 -30.1699277527 -2
5784 72.3900442852 -30.3633247255 -2
5785 72.8511273698 -30.5567216982 -2
5786 73.3122104545 -30.750118671 -2
5787 73.7732935391 -30.9435156438 -2
5788 70.0846288621 -29.3963398616 -1.5
5789 70.5457119467 -29.5897368344 -1.5
5790 71.0067950314 -29.7831338072 -1.5
5791 71.467878116 -29.9765307799 -1.5
5792 71.9289612006 -30.1699277527 -1.5
5793 72.3900442852 -30.3633247255 -1.5
5794 72.8511273698 -30.5567216982 -1.5
5795 73.3122104545 -30.750118671 -1.5
5796 73.7732935391 -30.9435156438 -1.5
5797 70.0846288621 -29.3963398616 -1
5798 70.5457119467 -29.5897368344 -1
5799 71.0067950314 -29.7831338072 -1
5800 71.467878116 -29.9765307799 -1
5801 71.9289612006 -30.1699277527 -1
5802 72.3900442852 -30.3633247255 -1
5803 72.8511273698 -30.5567216982 -1
5804 73.3122104545 -30.750118671 -1
5805 73.7732935391 -30.9435156438 -1
5806 70.0846288621 -29.3963398616 -0.5
5807 70.5457119467 -29.5897368344 -0.5
5808 71.0067950314 -29.7831338072 -0.5
5809 71.467878116 -29.9765307799 -0.5
5810 71.9289612006 -30.1699277527 -0.5
5811 72.3900442852 -30.3633247255 -0.5
5812 72.8511273698 -30.5567216982 -0.5
5813 73.3122104545 -30.750118671 -0.5
5814 73.7732935391 -30.9435156438 -0.5
5815 70.0846288621 -29.3963398616 0
5816 70.5457119467 -29.5897368344 0
5817 71.0067950314 -29.7831338072 0
5818 71.467878116 -29.9765307799 0
5819 71.9289612006 -30.1699277527 0
5820 72.3900442852 -30.3633247255 0
5821 72.8511273698 -30.5567216982 0
5822 73.3122104545 -30.750118671 0
5823 73.7732935391 -30.9435156438 0
5824 69.8947521442 -29.8449932601 -10.3020735122
5825 70.3545860399 -30.0413419 -10.3020735122
5826 70.8144199356 -30.2376905399 -10.3020735122
5827 71.2742538313 -30.4340391797 -10.3020735122
5828 71.734087727 -30.6303878196 -10.3020735122
5829 72.1939216227 -30.8267364595 -10.3020735122
5830 72.6537555183 -31.0230850993 -10.3020735122
5831 73.113589414 -31.2194337392 -10.3020735122
5832 73.5734233097 -31.4157823791 -10.3020735122
5833 69.8947521442 -29.8449932601 -10
5834 70.3545860399 -30.0413419 -10
5835 70.8144199356 -30.2376905399 -10
5836 71.2742538313 -30.4340391797 -10
5837 71.734087727 -30.6303878196 -10
5838 72.1939216227 -30.8267364595 -10
5839 72.6537555183 -31.0230850993 -10
5840 73.113589414 -31.2194337392 -10
5841 73.5734233097 -31.4157823791 -10
5842 69.8947521442 -29.8449932601 -9.5
5843 70.3545860399 -30.0413419 -9.5
5844 70.8144199356 -30.2376905399 -9.5
5845 71.2742538313 -30.4340391797 -9.5
5846 71.734087727 -30.6303878196 -9.5
5847 72.1939216227 -30.8267364595 -9.5
5848 72.6537555183 -31.0230850993 -9.5
5849 73.113589414 -31.2194337392 -9.5
5850 73.5734233097 -31.4157823791 -9.5
5851 69.8947521442 -29.8449932601 -9
5852 70.3545860399 -30.0413419 -9
5853 70.8144199356 -30.2376905399 -9
5854 71.2742538313 -30.4340391797 -9
5855 71.734087727 -30.6303878196 -9
5856 72.1939216227 -30.8267364595 -9
5857 72.6537555183 -31.0230850993 -9
5858 73.113589414 -31.2194337392 -9
5859 73.5734233097 -31.4157823791 -9
5860 69.8947521442 -29.8449932601 -8.5
5861 70.3545860399 -30.0413419 -8.5
5862 70.8144199356 -30.2376905399 -8.5
5863 71.2742538313 -30.4340391797 -8.5
5864 71.734087727 -30.6303878196 -8.5
5865 72.1939216227 -30.8267364595 -8.5
5866 72.6537555183 -31.0230850993 -8.5
5867 73.113589414 -31.2194337392 -8.5
5868 73.5734233097 -31.4157823791 -8.5
5869 69.8947521442 -29.8449932601 -8
5870 70.3545860399 -30.0413419 -8
5871 70.8144199356 -30.2376905399 -8
5872 71.2742538313 -30.4340391797 -8
5873 71.734087727 -30.6303878196 -8
5874 72.1939216227 -30.8267364595 -8
5875 72.6537555183 -31.0230850993 -8
5876 73.113589414 -31.2194337392 -8
5877 73.5734233097 -31.4157823791 -8
5878 69.8947521442 -29.8449932601 -7.5
5879 70.3545860399 -30.0413419 -7.5
5880 70.8144199356 -30.2376905399 -7.5
5881 71.2742538313 -30.4340391797 -7.5
5882 71.734087727 -30.6303878196 -7.5
5883 72.1939216227 -30.8267364595 -7.5
5884 72.6537555183 -31.0230850993 -7.5
5885 73.113589414 -31.2194337392 -7.5
5886 73.5734233097 -31.4157823791 -7.5
5887 69.8947521442 -29.8449932601 -7
5888 70.3545860399 -30.0413419 -7
5889 70.8144199356 -30.2376905399 -7
5890 71.2742538313 -30.4340391797 -7
5891 71.734087727 -30.6303878196 -7
5892 72.1939216227 -30.8267364595 -7
5893 72.6537555183 -31.0230850993 -7
5894 73.113589414 -31.2194337392 -7
5895 73.5734233097 -31.4157823791 -7
5896 69.8947521442 -29.8449932601 -6.5
5897 70.3545860399 -30.0413419 -6.5
5898 70.8144199356 -30.2376905399 -6.5
5899 71.2742538313 -30.4340391797 -6.5
5900 71.734087727 -30.6303878196 -6.5
5901 72.1939216227 -30.8267364595 -6.5
5902 72.6537555183 -31.0230850993 -6.5
5903 73.113589414 -31.2194337392 -6.5
5904 73.5734233097 -31.4157823791 -6.5
5905 69.8947521442 -29.8449932601 -6
5906 70.3545860399 -30.0413419 -6
5907 70.8144199356 -30.2376905399 -6
5908 71.2742538313 -30.4340391797 -6
5909 71.734087727 -30.6303878196 -6
5910 72.1939216227 -30.8267364595 -6
5911 72.6537555183 -31.0230850993 -6
5912 73.113589414 -31.2194337392 -6
5913 73.5734233097 -31.4157823791 -6
5914 69.8947521442 -29.8449932601 -5.5
5915 70.3545860399 -30.0413419 -5.5
5916 70.8144199356 -30.2376905399 -5.5
5917 71.2742538313 -30.4340391797 -5.5
5918 71.734087727 -30.6303878196 -5.5
5919 72.1939216227 -30.8267364595 -5.5
5920 72.6537555183 -31.0230850993 -5.5
5921 73.113589414 -31.2194337392 -5.5
5922 73.5734233097 -31.4157823791 -5.5
5923 69.8947521442 -29.8449932601 -5
5924 70.3545860399 -30.0413419 -5
5925 70.8144199356 -30.2376905399 -5
5926 71.2742538313 -30.4340391797 -5
5927 71.734087727 -30.6303878196 -5
5928 72.1939216227 -30.8267364595 -5
5929 72.6537555183 -31.0230850993 -5
5930 73.113589414 -31.2194337392 -5
5931 73.5734233097 -31.4157823791 -5
5932 69.8947521442 -29.8449932601 -4.5
5933 70.3545860399 -30.0413419 -4.5
5934 70.8144199356 -30.2376905399 -4.5
5935 71.2742538313 -30.4340391797 -4.5
5936 71.734087727 -30.6303878196 -4.5
5937 72.1939216227 -30.8267364595 -4.5
5938 72.6537555183 -31.0230850993 -4.5
5939 73.113589414 -31.2194337392 -4.5
5940 73.5734233097 -31.4157823791 -4.5
5941 69.8947521442 -29.8449932601 -4
5942 70.3545860399 -30.0413419 -4
5943 70.8144199356 -30.2376905399 -4
5944 71.2742538313 -30.4340391797 -4
5945 71.734087727 -30.6303878196 -4
5946 72.1939216227 -30.8267364595 -4
5947 72.6537555183 -31.0230850993 -4
5948 73.113589414 -31.2194337392 -4
5949 73.5734233097 -31.4157823791 -4
5950 69.8947521442 -29.8449932601 -3.5
5951 70.3545860399 -30.0413419 -3.5
5952 70.8144199356 -30.2376905399 -3.5
5953 71.2742538313 -30.4340391797 -3.5
5954 71.734087727 -30.6303878196 -3.5
5955 72.1939216227 -30.8267364595 -3.5
5956 72.6537555183 -31.0230850993 -3.5
5957 73.113589414 -31.2194337392 -3.5
5958 73.5734233097 -31.4157823791 -3.5
5959 69.8947521442 -29.8449932601 -3
5960 70.3545860399 -30.0413419 -3
5961 70.8144199356 -30.2376905399 -3
5962 71.2742538313 -30.4340391797 -3
5963 71.734087727 -30.6303878196 -3
5964 72.1939216227 -30.8267364595 -3
5965 72.6537555183 -31.0230850993 -3
5966 73.113589414 -31.2194337392 -3
5967 73.5734233097 -31.4157823791 -3
5968 69.8947521442 -29.8449932601 -2.5
5969 70.3545860399 -30.0413419 -2.5
5970 70.8144199356 -30.2376905399 -2.5
5971 71.2742538313 -30.4340391797 -2.5
5972 71.734087727 -30.6303878196 -2.5
5973 72.1939216227 -30.8267364595 -2.5
5974 72.6537555183 -31.0230850993 -2.5
5975 73.113589414 -31.2194337392 -2.5
5976 73.5734233097 -31.4157823791 -2.5
5977 69.8947521442 -29.8449932601 -2
5978 70.3545860399 -30.0413419 -2
5979 70.8144199356 -30.2376905399 -2
5980 71.2742538313 -30.4340391797 -2
5981 71.734087727 -30.6303878196 -2
5982 72.1939216227 -30.8267364595 -2
5983 72.6537555183 -31.0230850993 -2
5984 73.113589414 -31.2194337392 -2
5985 73.5734233097 -31.4157823791 -2
5986 69.8947521442 -29.8449932601 -1.5
5987 70.3545860399 -30.0413419 -1.5
5988 70.8144199356 -30.2376905399 -1.5
5989 71.2742538313 -30.4340391797 -1.5
5990 71.734087727 -30.6303878196 -1.5
5991 72.1939216227 -30.8267364595 -1.5
5992 72.6537555183 -31.0230850993 -1.5
5993 73.113589414 -31.2194337392 -1.5
5994 73.5734233097 -31.4157823791 -1.5
5995 69.8947521442 -29.8449932601 -1
5996 70.3545860399 -30.0413419 -1
5997 70.8144199356 -30.2376905399 -1
5998 71.2742538313 -30.4340391797 -1
5999 71.734087727 -30.6303878196 -1
6000 72.1939216227 -30.8267364595 -1
6001 72.6537555183 -31.0230850993 -1
6002 73.113589414 -31.2194337392 -1
6003 73.5734233097 -31.4157823791 -1
6004 69.8947521442 -29.8449932601 -0.5
6005 70.3545860399 -30.0413419 -0.5
6006 70.8144199356 -30.2376905399 -0.5
6007 71.2742538313 -30.4340391797 -0.5
6008 71.734087727 -30.6303878196 -0.5
6009 72.1939216227 -30.8267364595 -0.5
6010 72.6537555183 -31.0230850993 -0.5
6011 73.113589414 -31.2194337392 -0.5
6012 73.5734233097 -31.4157823791 -0.5
6013 69.8947521442 -29.8449932601 0
6014 70.3545860399 -30.0413419 0
6015 70.8144199356 -30.2376905399 0
6016 71.2742538313 -30.4340391797 0
6017 71.734087727 -30.6303878196 0
6018 72.1939216227 -30.8267364595 0
6019 72.6537555183 -31.0230850993 0
6020 73.113589414 -31.2194337392 0
6021 73.5734233097 -31.4157823791 0
6022 69.7020033638 -30.2924202907 -10.0560238912
6023 69.7020033638 -30.2924202907 -10
6024 70.1605691755 -30.4917125294 -10.0560238912
6025 70.1605691755 -30.4917125294 -10
6026 70.6191349871 -30.6910047682 -10.0560238912
6027 70.6191349871 -30.6910047682 -10
6028 71.0777007987 -30.8902970069 -10.0560238912
6029 71.0777007987 -30.8902970069 -10
6030 71.5362666103 -31.0895892457 -10.0560238912
6031 71.5362666103 -31.0895892457 -10
6032 71.9948324219 -31.2888814844 -10.0560238912
6033 71.9948324219 -31.2888814844 -10
6034 72.4533982335 -31.4881737232 -10.0560238912
6035 72.4533982335 -31.4881737232 -10
6036 72.9119640451 -31.6874659619 -10.0560238912
6037 72.9119640451 -31.6874659619 -10
6038 73.3705298567 -31.8867582007 -10.0560238912
6039 73.3705298567 -31.8867582007 -10
6040 69.7020033638 -30.2924202907 -9.5
6041 70.1605691755 -30.4917125294 -9.5
6042 70.6191349871 -30.6910047682 -9.5
6043 71.0777007987 -30.8902970069 -9.5
6044 71.5362666103 -31.0895892457 -9.5
6045 71.9948324219 -31.2888814844 -9.5
6046 72.4533982335 -31.4881737232 -9.5
6047 72.9119640451 -31.6874659619 -9.5
6048 73.3705298567 -31.8867582007 -9.5
6049 69.7020033638 -30.2924202907 -9
6050 70.1605691755 -30.4917125294 -9
6051 70.6191349871 -30.6910047682 -9
6052 71.0777007987 -30.8902970069 -9
6053 71.5362666103 -31.0895892457 -9
6054 71.9948324219 -31.2888814844 -9
6055 72.4533982335 -31.4881737232 -9
6056 72.9119640451 -31.6874659619 -9
6057 73.3705298567 -31.8867582007 -9
6058 69.7020033638 -30.2924202907 -8.5
6059 70.1605691755 -30.4917125294 -8.5
6060 70.6191349871 -30.6910047682 -8.5
6061 71.0777007987 -30.8902970069 -8.5
6062 71.5362666103 -31.0895892457 -8.5
6063 71.9948324219 -31.2888814844 -8.5
6064 72.4533982335 -31.4881737232 -8.5
6065 72.9119640451 -31.6874659619 -8.5
6066 73.3705298567 -31.8867582007 -8.5
6067 69.7020033638 -30.2924202907 -8
6068 70.1605691755 -30.4917125294 -8
6069 70.6191349871 -30.6910047682 -8
6070 71.0777007987 -30.8902970069 -8
6071 71.5362666103 -31.0895892457 -8
6072 71.9948324219 -31.2888814844 -8
6073 72.4533982335 -31.4881737232 -8
6074 72.9119640451 -31.6874659619 -8
6075 73.3705298567 -31.8867582007 -8
6076 69.7020033638 -30.2924202907 -7.5
6077 70.1605691755 -30.4917125294 -7.5
6078 70.6191349871 -30.6910047682 -7.5
6079 71.0777007987 -30.8902970069 -7.5
6080 71.5362666103 -31.0895892457 -7.5
6081 71.9948324219 -31.2888814844 -7.5
6082 72.4533982335 -31.4881737232 -7.5
6083 72.9119640451 -31.6874659619 -7.5
6084 73.3705298567 -31.8867582007 -7.5
6085 69.7020033638 -30.2924202907 -7
6086 70.1605691755 -30.4917125294 -7
6087 70.6191349871 -30.6910047682 -7
6088 71.0777007987 -30.8902970069 -7
6089 71.5362666103 -31.0895892457 -7
6090 71.9948324219 -31.2888814844 -7
6091 72.4533982335 -31.4881737232 -7
6092 72.9119640451 -31.6874659619 -7
6093 73.3705298567 -31.8867582007 -7
6094 69.7020033638 -30.2924202907 -6.5
6095 70.1605691755 -30.4917125294 -6.5
6096 70.6191349871 -30.6910047682 -6.5
6097 71.0777007987 -30.8902970069 -6.5
6098 71.5362666103 -31.0895892457 -6.5
6099 71.9948324219 -31.2888814844 -6.5
6100 72.4533982335 -31.4881737232 -6.5
6101 72.9119640451 -31.6874659619 -6.5
6102 73.3705298567 -31.8867582007 -6.5
6103 69.7020033638 -30.2924202907 -6
6104 70.1605691755 -30.4917125294 -6
6105 70.6191349871 -30.6910047682 -6
6106 71.0777007987 -30.8902970069 -6
6107 71.5362666103 -31.0895892457 -6
6108 71.9948324219 -31.2888814844 -6
6109 72.4533982335 -31.4881737232 -6
6110 72.9119640451 -31.6874659619 -6
6111 73.3705298567 -31.8867582007 -6
6112 69.7020033638 -30.2924202907 -5.5
6113 70.1605691755 -30.4917125294 -5.5
6114 70.6191349871 -30.6910047682 -5.5
6115 71.0777007987 -30.8902970069 -5.5
6116 71.5362666103 -31.0895892457 -5.5
6117 71.9948324219 -31.2888814844 -5.5
6118 72.4533982335 -31.4881737232 -5.5
6119 72.9119640451 -31.6874659619 -5.5
6120 73.3705298567 -31.8867582007 -5.5
6121 69.7020033638 -30.2924202907 -5
6122 70.1605691755 -30.4917125294 -5
6123 70.6191349871 -30.6910047682 -5
6124 71.0777007987 -30.8902970069 -5
6125 71.5362666103 -31.0895892457 -5
6126 71.9948324219 -31.2888814844 -5
6127 72.4533982335 -31.4881737232 -5
6128 72.9119640451 -31.6874659619 -5
6129 73.3705298567 -31.8867582007 -5
6130 69.7020033638 -30.2924202907 -4.5
6131 70.1605691755 -30.4917125294 -4.5
6132 70.6191349871 -30.6910047682 -4.5
6133 71.0777007987 -30.8902970069 -4.5
6134 71.5362666103 -31.0895892457 -4.5
6135 71.9948324219 -31.2888814844 -4.5
6136 72.4533982335 -31.4881737232 -4.5
6137 72.9119640451 -31.6874659619 -4.5
6138 73.3705298567 -31.8867582007 -4.5
6139 69.7020033638 -30.2924202907 -4
6140 70.1605691755 -30.4917125294 -4
6141 70.6191349871 -30.6910047682 -4
6142 71.0777007987 -30.8902970069 -4
6143 71.5362666103 -31.0895892457 -4
6144 71.9948324219 -31.2888814844 -4
6145 72.4533982335 -31.4881737232 -4
6146 72.9119640451 -31.6874659619 -4
6147 73.3705298567 -31.8867582007 -4
6148 69.7020033638 -30.2924202907 -3.5
6149 70.1605691755 -30.4917125294 -3.5
6150 70.6191349871 -30.6910047682 -3.5
6151 71.0777007987 -30.8902970069 -3.5
6152 71.5362666103 -31.0895892457 -3.5
6153 71.9948324219 -31.2888814844 -3.5
6154 72.4533982335 -31.4881737232 -3.5
6155 72.9119640451 -31.6874659619 -3.5
6156 73.3705298567 -31.8867582007 -3.5
6157 69.7020033638 -30.2924202907 -3
6158 70.1605691755 -30.4917125294 -3
6159 70.6191349871 -30.6910047682 -3
6160 71.0777007987 -30.8902970069 -3
6161 71.5362666103 -31.0895892457 -3
6162 71.9948324219 -31.2888814844 -3
6163 72.4533982335 -31.4881737232 -3
6164 72.9119640451 -31.6874659619 -3
6165 73.3705298567 -31.8867582007 -3
6166 69.7020033638 -30.2924202907 -2.5
6167 70.1605691755 -30.4917125294 -2.5
6168 70.6191349871 -30.6910047682 -2.5
6169 71.0777007987 -30.8902970069 -2.5
6170 71.5362666103 -31.0895892457 -2.5
6171 71.9948324219 -31.2888814844 -2.5
6172 72.4533982335 -31.4881737232 -2.5
6173 72.9119640451 -31.6874659619 -2.5
6174 73.3705298567 -31.8867582007 -2.5
6175 69.7020033638 -30.2924202907 -2
6176 70.1605691755 -30.4917125294 -2
6177 70.6191349871 -30.6910047682 -2
6178 71.0777007987 -30.8902970069 -2
6179 71.5362666103 -31.0895892457 -2
6180 71.9948324219 -31.2888814844 -2
6181 72.4533982335 -31.4881737232 -2
6182 72.9119640451 -31.6874659619 -2
6183 73.3705298567 -31.8867582007 -2
6184 69.7020033638 -30.2924202907 -1.5
6185 70.1605691755 -30.4917125294 -1.5
6186 70.6191349871 -30.6910047682 -1.5
6187 71.0777007987 -30.8902970069 -1.5
6188 71.5362666103 -31.0895892457 -1.5
6189 71.9948324219 -31.2888814844 -1.5
6190 72.4533982335 -31.4881737232 -1.5
6191 72.9119640451 -31.6874659619 -1.5
6192 73.3705298567 -31.8867582007 -1.5
6193 69.7020033638 -30.2924202907 -1
6194 70.1605691755 -30.4917125294 -1
6195 70.6191349871 -30.6910047682 -1
6196 71.0777007987 -30.8902970069 -1
6197 71.5362666103 -31.0895892457 -1
6198 71.9948324219 -31.2888814844 -1
6199 72.4533982335 -31.4881737232 -1
6200 72.9119640451 -31.6874659619 -1
6201 73.3705298567 -31.8867582007 -1
6202 69.7020033638 -30.2924202907 -0.5
6203 70.1605691755 -30.4917125294 -0.5
6204 70.6191349871 -30.6910047682 -0.5
6205 71.0777007987 -30.8902970069 -0.5
6206 71.5362666103 -31.0895892457 -0.5
6207 71.9948324219 -31.2888814844 -0.5
6208 72.4533982335 -31.4881737232 -0.5
6209 72.9119640451 -31.6874659619 -0.5
6210 73.3705298567 -31.8867582007 -0.5
6211 69.7020033638 -30.2924202907 0
6212 70.1605691755 -30.4917125294 0
6213 70.6191349871 -30.6910047682 0
6214 71.0777007987 -30.8902970069 0
6215 71.5362666103 -31.0895892457 0
6216 71.9948324219 -31.2888814844 0
6217 72.4533982335 -31.4881737232 0
6218 72.9119640451 -31.6874659619 0
6219 73.3705298567 -31.8867582007 0
6220 69.5063904413 -30.7386025679 -9.81
6221 69.9636693257 -30.9408302164 -9.81
6222 70.4209482102 -31.1430578648 -9.81
6223 70.8782270947 -31.3452855133 -9.81
6224 71.3355059792 -31.5475131618 -9.81
6225 71.7927848637 -31.7497408103 -9.81
6226 72.2500637482 -31.9519684587 -9.81
6227 72.7073426326 -32.1541961072 -9.81
6228 73.1646215171 -32.3564237557 -9.81
6229 69.5063904413 -30.7386025679 -9.5
6230 69.9636693257 -30.9408302164 -9.5
6231 70.4209482102 -31.1430578648 -9.5
6232 70.8782270947 -31.3452855133 -9.5
6233 71.3355059792 -31.5475131618 -9.5
6234 71.7927848637 -31.7497408103 -9.5
6235 72.2500637482 -31.9519684587 -9.5
6236 72.7073426326 -32.1541961072 -9.5
6237 73.1646215171 -32.3564237557 -9.5
6238 69.5063904413 -30.7386025679 -9
6239 69.9636693257 -30.9408302164 -9
6240 70.4209482102 -31.1430578648 -9
6241 70.8782270947 -31.3452855133 -9
6242 71.3355059792 -31.5475131618 -9
6243 71.7927848637 -31.7497408103 -9
6244 72.2500637482 -31.9519684587 -9
6245 72.7073426326 -32.1541961072 -9
6246 73.1646215171 -32.3564237557 -9
6247 69.5063904413 -30.7386025679 -8.5
6248 69.9636693257 -30.9408302164 -8.5
6249 70.4209482102 -31.1430578648 -8.5
6250 70.8782270947 -31.3452855133 -8.5
6251 71.3355059792 -31.5475131618 -8.5
6252 71.7927848637 -31.7497408103 -8.5
6253 72.2500637482 -31.9519684587 -8.5
6254 72.7073426326 -32.1541961072 -8.5
6255 73.1646215171 -32.3564237557 -8.5
6256 69.5063904413 -30.7386025679 -8
6257 69.9636693257 -30.9408302164 -8
6258 70.4209482102 -31.1430578648 -8
6259 70.8782270947 -31.3452855133 -8
6260 71.3355059792 -31.5475131618 -8
6261 71.7927848637 -31.7497408103 -8
6262 72.2500637482 -31.9519684587 -8
6263 72.7073426326 -32.1541961072 -8
6264 73.1646215171 -32.3564237557 -8
6265 69.5063904413 -30.7386025679 -7.5
6266 69.9636693257 -30.9408302164 -7.5
6267 70.4209482102 -31.1430578648 -7.5
6268 70.8782270947 -31.3452855133 -7.5
6269 71.3355059792 -31.5475131618 -7.5
6270 71.7927848637 -31.7497408103 -7.5
6271 72.2500637482 -31.9519684587 -7.5
6272 72.7073426326 -32.1541961072 -7.5
6273 73.1646215171 -32.3564237557 -7.5
6274 69.5063904413 -30.7386025679 -7
6275 69.9636693257 -30.9408302164 -7
6276 70.4209482102 -31.1430578648 -7
6277 70.8782270947 -31.3452855133 -7
6278 71.3355059792 -31.5475131618 -7
6279 71.7927848637 -31.7497408103 -7
6280 72.2500637482 -31.9519684587 -7
6281 72.7073426326 -32.1541961072 -7
6282 73.1646215171 -32.3564237557 -7
6283 69.5063904413 -30.7386025679 -6.5
6284 69.9636693257 -30.9408302164 -6.5
6285 70.4209482102 -31.1430578648 -6.5
6286 70.8782270947 -31.3452855133 -6.5
6287 71.3355059792 -31.5475131618 -6.5
6288 71.7927848637 -31.7497408103 -6.5
6289 72.2500637482 -31.9519684587 -6.5
6290 72.7073426326 -32.1541961072 -6.5
6291 73.1646215171 -32.3564237557 -6.5
6292 69.5063904413 -30.7386025679 -6
6293 69.9636693257 -30.9408302164 -6
6294 70.4209482102 -31.1430578648 -6
6295 70.8782270947 -31.3452855133 -6
6296 71.3355059792 -31.5475131618 -6
6297 71.7927848637 -31.7497408103 -6
6298 72.2500637482 -31.9519684587 -6
6299 72.7073426326 -32.1541961072 -6
6300 73.1646215171 -32.3564237557 -6
6301 69.5063904413 -30.7386025679 -5.5
6302 69.9636693257 -30.9408302164 -5.5
6303 70.4209482102 -31.1430578648 -5.5
6304 70.8782270947 -31.3452855133 -5.5
6305 71.3355059792 -31.5475131618 -5.5
6306 71.7927848637 -31.7497408103 -5.5
6307 72.2500637482 -31.9519684587 -5.5
6308 72.7073426326 -32.1541961072 -5.5
6309 73.1646215171 -32.3564237557 -5.5
6310 69.5063904413 -30.7386025679 -5
6311 69.9636693257 -30.9408302164 -5
6312 70.4209482102 -31.1430578648 -5
6313 70.8782270947 -31.3452855133 -5
6314 71.3355059792 -31.5475131618 -5
6315 71.7927848637 -31.7497408103 -5
6316 72.2500637482 -31.9519684587 -5
6317 72.7073426326 -32.1541961072 -5
6318 73.1646215171 -32.3564237557 -5
6319 69.5063904413 -30.7386025679 -4.5
6320 69.9636693257 -30.9408302164 -4.5
6321 70.4209482102 -31.1430578648 -4.5
6322 70.8782270947 -31.3452855133 -4.5
6323 71.3355059792 -31.5475131618 -4.5
6324 71.7927848637 -31.7497408103 -4.5
6325 72.2500637482 -31.9519684587 -4.5
6326 72.7073426326 -32.1541961072 -4.5
6327 73.1646215171 -32.3564237557 -4.5
6328 69.5063904413 -30.7386025679 -4
6329 69.9636693257 -30.9408302164 -4
6330 70.4209482102 -31.1430578648 -4
6331 70.8782270947 -31.3452855133 -4
6332 71.3355059792 -31.5475131618 -4
6333 71.7927848637 -31.7497408103 -4
6334 72.2500637482 -31.9519684587 -4
6335 72.7073426326 -32.1541961072 -4
6336 73.1646215171 -32.3564237557 -4
6337 69.5063904413 -30.7386025679 -3.5
6338 69.9636693257 -30.9408302164 -3.5
6339 70.4209482102 -31.1430578648 -3.5
6340 70.8782270947 -31.3452855133 -3.5
6341 71.3355059792 -31.5475131618 -3.5
6342 71.7927848637 -31.7497408103 -3.5
6343 72.2500637482 -31.9519684587 -3.5
6344 72.7073426326 -32.1541961072 -3.5
6345 73.1646215171 -32.3564237557 -3.5
6346 69.5063904413 -30.7386025679 -3
6347 69.9636693257 -30.9408302164 -3
6348 70.4209482102 -31.1430578648 -3
6349 70.8782270947 -31.3452855133 -3
6350 71.3355059792 -31.5475131618 -3
6351 71.7927848637 -31.7497408103 -3
6352 72.2500637482 -31.9519684587 -3
6353 72.7073426326 -32.1541961072 -3
6354 73.1646215171 -32.3564237557 -3
6355 69.5063904413 -30.7386025679 -2.5
6356 69.9636693257 -30.9408302164 -2.5
6357 70.4209482102 -31.1430578648 -2.5
6358 70.8782270947 -31.3452855133 -2.5
6359 71.3355059792 -31.5475131618 -2.5
6360 71.7927848637 -31.7497408103 -2.5
6361 72.2500637482 -31.9519684587 -2.5
6362 72.7073426326 -32.1541961072 -2.5
6363 73.1646215171 -32.3564237557 -2.5
6364 69.5063904413 -30.7386025679 -2
6365 69.9636693257 -30.9408302164 -2
6366 70.4209482102 -31.1430578648 -2
6367 70.8782270947 -31.3452855133 -2
6368 71.3355059792 -31.5475131618 -2
6369 71.7927848637 -31.7497408103 -2
6370 72.2500637482 -31.9519684587 -2
6371 72.7073426326 -32.1541961072 -2
6372 73.1646215171 -32.3564237557 -2
6373 69.5063904413 -30.7386025679 -1.5
6374 69.9636693257 -30.9408302164 -1.5
6375 70.4209482102 -31.1430578648 -1.5
6376 70.8782270947 -31.3452855133 -1.5
6377 71.3355059792 -31.5475131618 -1.5
6378 71.7927848637 -31.7497408103 -1.5
6379 72.2500637482 -31.9519684587 -1.5
6380 72.7073426326 -32.1541961072 -1.5
6381 73.1646215171 -32.3564237557 -1.5
6382 69.5063904413 -30.7386025679 -1
6383 69.9636693257 -30.9408302164 -1
6384 70.4209482102 -31.1430578648 -1
6385 70.8782270947 -31.3452855133 -1
6386 71.3355059792 -31.5475131618 -1
6387 71.7927848637 -31.7497408103 -1
6388 72.2500637482 -31.9519684587 -1
6389 72.7073426326 -32.1541961072 -1
6390 73.1646215171 -32.3564237557 -1
6391 69.5063904413 -30.7386025679 -0.5
6392 69.9636693257 -30.9408302164 -0.5
6393 70.4209482102 -31.1430578648 -0.5
6394 70.8782270947 -31.3452855133 -0.5
6395 71.3355059792 -31.5475131618 -0.5
6396 71.7927848637 -31.7497408103 -0.5
6397 72.2500637482 -31.9519684587 -0.5
6398 72.7073426326 -32.1541961072 -0.5
6399 73.1646215171 -32.3564237557 -0.5
6400 69.5063904413 -30.7386025679 0
6401 69.9636693257 -30.9408302164 0
6402 70.4209482102 -31.1430578648 0
6403 70.8782270947 -31.3452855133 0
6404 71.3355059792 -31.5475131618 0
6405 71.7927848637 -31.7497408103 0
6406 72.2500637482 -31.9519684587 0
6407 72.7073426326 -32.1541961072 0
6408 73.1646215171 -32.3564237557 0
6409 69.3079214144 -31.1835217576 -9.56459477033
6410 69.3079214144 -31.1835217576 -9.5
6411 69.7638945816 -31.388676506 -9.56459477033
6412 69.7638945816 -31.388676506 -9.5
6413 70.2198677488 -31.5938312544 -9.56459477033
6414 70.2198677488 -31.5938312544 -9.5
6415 70.6758409161 -31.7989860028 -9.56459477033
6416 70.6758409161 -31.7989860028 -9.5
6417 71.1318140833 -32.0041407513 -9.56459477033
6418 71.1318140833 -32.0041407513 -9.5
6419 71.5877872505 -32.2092954997 -9.56459477033
6420 71.5877872505 -32.2092954997 -9.5
6421 72.0437604177 -32.4144502481 -9.56459477033
6422 72.0437604177 -32.4144502481 -9.5
6423 72.4997335849 -32.6196049965 -9.56459477033
6424 72.4997335849 -32.6196049965 -9.5
6425 72.9557067521 -32.8247597449 -9.56459477033
6426 72.9557067521 -32.8247597449 -9.5
6427 69.3079214144 -31.1835217576 -9
6428 69.7638945816 -31.388676506 -9
6429 70.2198677488 -31.5938312544 -9
6430 70.6758409161 -31.7989860028 -9
6431 71.1318140833 -32.0041407513 -9
6432 71.5877872505 -32.2092954997 -9
6433 72.0437604177 -32.4144502481 -9
6434 72.4997335849 -32.6196049965 -9
6435 72.9557067521 -32.8247597449 -9
6436 69.3079214144 -31.1835217576 -8.5
6437 69.7638945816 -31.388676506 -8.5
6438 70.2198677488 -31.5938312544 -8.5
6439 70.6758409161 -31.7989860028 -8.5
6440 71.1318140833 -32.0041407513 -8.5
6441 71.5877872505 -32.2092954997 -8.5
6442 72.0437604177 -32.4144502481 -8.5
6443 72.4997335849 -32.6196049965 -8.5
6444 72.9557067521 -32.8247597449 -8.5
6445 69.3079214144 -31.1835217576 -8
6446 69.7638945816 -31.388676506 -8
6447 70.2198677488 -31.5938312544 -8
6448 70.6758409161 -31.7989860028 -8
6449 71.1318140833 -32.0041407513 -8
6450 71.5877872505 -32.2092954997 -8
6451 72.0437604177 -32.4144502481 -8
6452 72.4997335849 -32.6196049965 -8
6453 72.9557067521 -32.8247597449 -8
6454 69.3079214144 -31.1835217576 -7.5
6455 69.7638945816 -31.388676506 -7.5
6456 70.2198677488 -31.5938312544 -7.5
6457 70.6758409161 -31.7989860028 -7.5
6458 71.1318140833 -32.0041407513 -7.5
6459 71.5877872505 -32.2092954997 -7.5
6460 72.0437604177 -32.4144502481 -7.5
6461 72.4997335849 -32.6196049965 -7.5
6462 72.9557067521 -32.8247597449 -7.5
6463 69.3079214144 -31.1835217576 -7
6464 69.7638945816 -31.388676506 -7
6465 70.2198677488 -31.5938312544 -7
6466 70.6758409161 -31.7989860028 -7
6467 71.1318140833 -32.0041407513 -7
6468 71.5877872505 -32.2092954997 -7
6469 72.0437604177 -32.4144502481 -7
6470 72.4997335849 -32.6196049965 -7
6471 72.9557067521 -32.8247597449 -7
6472 69.3079214144 -31.1835217576 -6.5
6473 69.7638945816 -31.388676506 -6.5
6474 70.2198677488 -31.5938312544 -6.5
6475 70.6758409161 -31.7989860028 -6.5
6476 71.1318140833 -32.0041407513 -6.5
6477 71.5877872505 -32.2092954997 -6.5
6478 72.0437604177 -32.4144502481 -6.5
6479 72.4997335849 -32.6196049965 -6.5
6480 72.9557067521 -32.8247597449 -6.5
6481 69.3079214144 -31.1835217576 -6
6482 69.7638945816 -31.388676506 -6
6483 70.2198677488 -31.5938312544 -6
6484 70.6758409161 -31.7989860028 -6
6485 71.1318140833 -32.0041407513 -6
6486 71.5877872505 -32.2092954997 -6
6487 72.0437604177 -32.4144502481 -6
6488 72.4997335849 -32.6196049965 -6
6489 72.9557067521 -32.8247597449 -6
6490 69.3079214144 -31.1835217576 -5.5
6491 69.7638945816 -31.388676506 -5.5
6492 70.2198677488 -31.5938312544 -5.5
6493 70.6758409161 -31.7989860028 -5.5
6494 71.1318140833 -32.0041407513 -5.5
6495 71.5877872505 -32.2092954997 -5.5
6496 72.0437604177 -32.4144502481 -5.5
6497 72.4997335849 -32.6196049965 -5.5
6498 72.9557067521 -32.8247597449 -5.5
6499 69.3079214144 -31.1835217576 -5
6500 69.7638945816 -31.388676506 -5
6501 70.2198677488 -31.5938312544 -5
6502 70.6758409161 -31.7989860028 -5
6503 71.1318140833 -32.0041407513 -5
6504 71.5877872505 -32.2092954997 -5
6505 72.0437604177 -32.4144502481 -5
6506 72.4997335849 -32.6196049965 -5
6507 72.9557067521 -32.8247597449 -5
6508 69.3079214144 -31.1835217576 -4.5
6509 69.7638945816 -31.388676506 -4.5
6510 70.2198677488 -31.5938312544 -4.5
6511 70.6758409161 -31.7989860028 -4.5
6512 71.1318140833 -32.0041407513 -4.5
6513 71.5877872505 -32.2092954997 -4.5
6514 72.0437604177 -32.4144502481 -4.5
6515 72.4997335849 -32.6196049965 -4.5
6516 72.9557067521 -32.8247597449 -4.5
6517 69.3079214144 -31.1835217576 -4
6518 69.7638945816 -31.388676506 -4
6519 70.2198677488 -31.5938312544 -4
6520 70.6758409161 -31.7989860028 -4
6521 71.1318140833 -32.0041407513 -4
6522 71.5877872505 -32.2092954997 -4
6523 72.0437604177 -32.4144502481 -4
6524 72.4997335849 -32.6196049965 -4
6525 72.9557067521 -32.8247597449 -4
6526 69.3079214144 -31.1835217576 -3.5
6527 69.7638945816 -31.388676506 -3.5
6528 70.2198677488 -31.5938312544 -3.5
6529 70.6758409161 -31.7989860028 -3.5
6530 71.1318140833 -32.0041407513 -3.5
6531 71.5877872505 -32.2092954997 -3.5
6532 72.0437604177 -32.4144502481 -3.5
6533 72.4997335849 -32.6196049965 -3.5
6534 72.9557067521 -32.8247597449 -3.5
6535 69.3079214144 -31.1835217576 -3
6536 69.7638945816 -31.388676506 -3
6537 70.2198677488 -31.5938312544 -3
6538 70.6758409161 -31.7989860028 -3
6539 71.1318140833 -32.0041407513 -3
6540 71.5877872505 -32.2092954997 -3
6541 72.0437604177 -32.4144502481 -3
6542 72.4997335849 -32.6196049965 -3
6543 72.9557067521 -32.8247597449 -3
6544 69.3079214144 -31.1835217576 -2.5
6545 69.7638945816 -31.388676506 -2.5
6546 70.2198677488 -31.5938312544 -2.5
6547 70.6758409161 -31.7989860028 -2.5
6548 71.1318140833 -32.0041407513 -2.5
6549 71.5877872505 -32.2092954997 -2.5
6550 72.0437604177 -32.4144502481 -2.5
6551 72.4997335849 -32.6196049965 -2.5
6552 72.9557067521 -32.8247597449 -2.5
6553 69.3079214144 -31.1835217576 -2
6554 69.7638945816 -31.388676506 -2
6555 70.2198677488 -31.5938312544 -2
6556 70.6758409161 -31.7989860028 -2
6557 71.1318140833 -32.0041407513 -2
6558 71.5877872505 -32.2092954997 -2
6559 72.0437604177 -32.4144502481 -2
6560 72.4997335849 -32.6196049965 -2
6561 72.9557067521 -32.8247597449 -2
6562 69.3079214144 -31.1835217576 -1.5
6563 69.7638945816 -31.388676506 -1.5
6564 70.2198677488 -31.5938312544 -1.5
6565 70.6758409161 -31.7989860028 -1.5
6566 71.1318140833 -32.0041407513 -1.5
6567 71.5877872505 -32.2092954997 -1.5
6568 72.0437604177 -32.4144502481 -1.5
6569 72.4997335849 -32.6196049965 -1.5
6570 72.9557067521 -32.8247597449 -1.5
6571 69.3079214144 -31.1835217576 -1
6572 69.7638945816 -31.388676506 -1
6573 70.2198677488 -31.5938312544 -1
6574 70.6758409161 -31.7989860028 -1
6575 71.1318140833 -32.0041407513 -1
6576 71.5877872505 -32.2092954997 -1
6577 72.0437604177 -32.4144502481 -1
6578 72.4997335849 -32.6196049965 -1
6579 72.9557067521 -32.8247597449 -1
6580 69.3079214144 -31.1835217576 -0.5
6581 69.7638945816 -31.388676506 -0.5
6582 70.2198677488 -31.5938312544 -0.5
6583 70.6758409161 -31.7989860028 -0.5
6584 71.1318140833 -32.0041407513 -0.5
6585 71.5877872505 -32.2092954997 -0.5
6586 72.0437604177 -32.4144502481 -0.5
6587 72.4997335849 -32.6196049965 -0.5
6588 72.9557067521 -32.8247597449 -0.5
6589 69.3079214144 -31.1835217576 0
6590 69.7638945816 -31.388676506 0
6591 70.2198677488 -31.5938312544 0
6592 70.6758409161 -31.7989860028 0
6593 71.1318140833 -32.0041407513 0
6594 71.5877872505 -32.2092954997 0
6595 72.0437604177 -32.4144502481 0
6596 72.4997335849 -32.6196049965 0
6597 72.9557067521 -32.8247597449 0
6598 69.1066044388 -31.6271595776 -9.32028486887
6599 69.5612531522 -31.8352329959 -9.32028486887
6600 70.0159018656 -32.0433064141 -9.32028486887
6601 70.470550579 -32.2513798324 -9.32028486887
6602 70.9251992924 -32.4594532507 -9.32028486887
6603 71.3798480058 -32.667526669 -9.32028486887
6604 71.8344967192 -32.8756000872 -9.32028486887
6605 72.2891454326 -33.0836735055 -9.32028486887
6606 72.7437941461 -33.2917469238 -9.32028486887
6607 69.1066044388 -31.6271595776 -9
6608 69.5612531522 -31.8352329959 -9
6609 70.0159018656 -32.0433064141 -9
6610 70.470550579 -32.2513798324 -9
6611 70.9251992924 -32.4594532507 -9
6612 71.3798480058 -32.667526669 -9
6613 71.8344967192 -32.8756000872 -9
6614 72.2891454326 -33.0836735055 -9
6615 72.7437941461 -33.2917469238 -9
6616 69.1066044388 -31.6271595776 -8.5
6617 69.5612531522 -31.8352329959 -8.5
6618 70.0159018656 -32.0433064141 -8.5
6619 70.470550579 -32.2513798324 -8.5
6620 70.9251992924 -32.4594532507 -8.5
6621 71.3798480058 -32.667526669 -8.5
6622 71.8344967192 -32.8756000872 -8.5
6623 72.2891454326 -33.0836735055 -8.5
6624 72.7437941461 -33.2917469238 -8.5
6625 69.1066044388 -31.6271595776 -8
6626 69.5612531522 -31.8352329959 -8
6627 70.0159018656 -32.0433064141 -8
6628 70.470550579 -32.2513798324 -8
6629 70.9251992924 -32.4594532507 -8
6630 71.3798480058 -32.667526669 -8
6631 71.8344967192 -32.8756000872 -8
6632 72.2891454326 -33.0836735055 -8
6633 72.7437941461 -33.2917469238 -8
6634 69.1066044388 -31.6271595776 -7.5
6635 69.5612531522 -31.8352329959 -7.5
6636 70.0159018656 -32.0433064141 -7.5
6637 70.470550579 -32.2513798324 -7.5
6638 70.9251992924 -32.4594532507 -7.5
6639 71.3798480058 -32.667526669 -7.5
6640 71.8344967192 -32.8756000872 -7.5
6641 72.2891454326 -33.0836735055 -7.5
6642 72.7437941461 -33.2917469238 -7.5
6643 69.1066044388 -31.6271595776 -7
6644 69.5612531522 -31.8352329959 -7
6645 70.0159018656 -32.0433064141 -7
6646 70.470550579 -32.2513798324 -7
6647 70.9251992924 -32.4594532507 -7
6648 71.3798480058 -32.667526669 -7
6649 71.8344967192 -32.8756000872 -7
6650 72.2891454326 -33.0836735055 -7
6651 72.7437941461 -33.2917469238 -7
6652 69.1066044388 -31.6271595776 -6.5
6653 69.5612531522 -31.8352329959 -6.5
6654 70.0159018656 -32.0433064141 -6.5
6655 70.470550579 -32.2513798324 -6.5
6656 70.9251992924 -32.4594532507 -6.5
6657 71.3798480058 -32.667526669 -6.5
6658 71.8344967192 -32.8756000872 -6.5
6659 72.2891454326 -33.0836735055 -6.5
6660 72.7437941461 -33.2917469238 -6.5
6661 69.1066044388 -31.6271595776 -6
6662 69.5612531522 -31.8352329959 -6
6663 70.0159018656 -32.0433064141 -6
6664 70.470550579 -32.2513798324 -6
6665 70.9251992924 -32.4594532507 -6
6666 71.3798480058 -32.667526669 -6
6667 71.8344967192 -32.8756000872 -6
6668 72.2891454326 -33.0836735055 -6
6669 72.7437941461 -33.2917469238 -6
6670 69.1066044388 -31.6271595776 -5.5
6671 69.5612531522 -31.8352329959 -5.5
6672 70.0159018656 -32.0433064141 -5.5
6673 70.470550579 -32.2513798324 -5.5
6674 70.9251992924 -32.4594532507 -5.5
6675 71.3798480058 -32.667526669 -5.5
6676 71.8344967192 -32.8756000872 -5.5
6677 72.2891454326 -33.0836735055 -5.5
6678 72.7437941461 -33.2917469238 -5.5
6679 69.1066044388 -31.6271595776 -5
6680 69.5612531522 -31.8352329959 -5
6681 70.0159018656 -32.0433064141 -5
6682 70.470550579 -32.2513798324 -5
6683 70.9251992924 -32.4594532507 -5
6684 71.3798480058 -32.667526669 -5
6685 71.8344967192 -32.8756000872 -5
6686 72.2891454326 -33.0836735055 -5
6687 72.7437941461 -33.2917469238 -5
6688 69.1066044388 -31.6271595776 -4.5
6689 69.5612531522 -31.8352329959 -4.5
6690 70.0159018656 -32.0433064141 -4.5
6691 70.470550579 -32.2513798324 -4.5
6692 70.9251992924 -32.4594532507 -4.5
6693 71.3798480058 -32.667526669 -4.5
6694 71.8344967192 -32.8756000872 -4.5
6695 72.2891454326 -33.0836735055 -4.5
6696 72.7437941461 -33.2917469238 -4.5
6697 69.1066044388 -31.6271595776 -4
6698 69.5612531522 -31.8352329959 -4
6699 70.0159018656 -32.0433064141 -4
6700 70.470550579 -32.2513798324 -4
6701 70.9251992924 -32.4594532507 -4
6702 71.3798480058 -32.667526669 -4
6703 71.8344967192 -32.8756000872 -4
6704 72.2891454326 -33.0836735055 -4
6705 72.7437941461 -33.2917469238 -4
6706 69.1066044388 -31.6271595776 -3.5
6707 69.5612531522 -31.8352329959 -3.5
6708 70.0159018656 -32.0433064141 -3.5
6709 70.470550579 -32.2513798324 -3.5
6710 70.9251992924 -32.4594532507 -3.5
6711 71.3798480058 -32.667526669 -3.5
6712 71.8344967192 -32.8756000872 -3.5
6713 72.2891454326 -33.0836735055 -3.5
6714 72.7437941461 -33.2917469238 -3.5
6715 69.1066044388 -31.6271595776 -3
6716 69.5612531522 -31.8352329959 -3
6717 70.0159018656 -32.0433064141 -3
6718 70.470550579 -32.2513798324 -3
6719 70.9251992924 -32.4594532507 -3
6720 71.3798480058 -32.667526669 -3
6721 71.8344967192 -32.8756000872 -3
6722 72.2891454326 -33.0836735055 -3
6723 72.7437941461 -33.2917469238 -3
6724 69.1066044388 -31.6271595776 -2.5
6725 69.5612531522 -31.8352329959 -2.5
6726 70.0159018656 -32.0433064141 -2.5
6727 70.470550579 -32.2513798324 -2.5
6728 70.9251992924 -32.4594532507 -2.5
6729 71.3798480058 -32.667526669 -2.5
6730 71.8344967192 -32.8756000872 -2.5
6731 72.2891454326 -33.0836735055 -2.5
6732 72.7437941461 -33.2917469238 -2.5
6733 69.1066044388 -31.6271595776 -2
6734 69.5612531522 -31.8352329959 -2
6735 70.0159018656 -32.0433064141 -2
6736 70.470550579 -32.2513798324 -2
6737 70.9251992924 -32.4594532507 -2
6738 71.3798480058 -32.667526669 -2
6739 71.8344967192 -32.8756000872 -2
6740 72.2891454326 -33.0836735055 -2
6741 72.7437941461 -33.2917469238 -2
6742 69.1066044388 -31.6271595776 -1.5
6743 69.5612531522 -31.8352329959 -1.5
6744 70.0159018656 -32.0433064141 -1.5
6745 70.470550579 -32.2513798324 -1.5
6746 70.9251992924 -32.4594532507 -1.5
6747 71.3798480058 -32.667526669 -1.5
6748 71.8344967192 -32.8756000872 -1.5
6749 72.2891454326 -33.0836735055 -1.5
6750 72.7437941461 -33.2917469238 -1.5
6751 69.1066044388 -31.6271595776 -1
6752 69.5612531522 -31.8352329959 -1
6753 70.0159018656 -32.0433064141 -1
6754 70.470550579 -32.2513798324 -1
6755 70.9251992924 -32.4594532507 -1
6756 71.3798480058 -32.667526669 -1
6757 71.8344967192 -32.8756000872 -1
6758 72.2891454326 -33.0836735055 -1
6759 72.7437941461 -33.2917469238 -1
6760 69.1066044388 -31.6271595776 -0.5
6761 69.5612531522 -31.8352329959 -0.5
6762 70.0159018656 -32.0433064141 -0.5
6763 70.470550579 -32.2513798324 -0.5
6764 70.9251992924 -32.4594532507 -0.5
6765 71.3798480058 -32.667526669 -0.5
6766 71.8344967192 -32.8756000872 -0.5
6767 72.2891454326 -33.0836735055 -0.5
6768 72.7437941461 -33.2917469238 -0.5
6769 69.1066044388 -31.6271595776 0
6770 69.5612531522 -31.8352329959 0
6771 70.0159018656 -32.0433064141 0
6772 70.470550579 -32.2513798324 0
6773 70.9251992924 -32.4594532507 0
6774 71.3798480058 -32.667526669 0
6775 71.8344967192 -32.8756000872 0
6776 72.2891454326 -33.0836735055 0
6777 72.7437941461 -33.2917469238 0
6778 68.9024477865 -32.0694977981 -9.07689879839
6779 68.9024477865 -32.0694977981 -9
6780 69.3557533641 -32.2804813363 -9.07689879839
6781 69.3557533641 -32.2804813363 -9
6782 69.8090589416 -32.4914648744 -9.07689879839
6783 69.8090589416 -32.4914648744 -9
6784 70.2623645192 -32.7024484126 -9.07689879839
6785 70.2623645192 -32.7024484126 -9
6786 70.7156700967 -32.9134319507 -9.07689879839
6787 70.7156700967 -32.9134319507 -9
6788 71.1689756742 -33.1244154889 -9.07689879839
6789 71.1689756742 -33.1244154889 -9
6790 71.6222812518 -33.335399027 -9.07689879839
6791 71.6222812518 -33.335399027 -9
6792 72.0755868293 -33.5463825651 -9.07689879839
6793 72.0755868293 -33.5463825651 -9
6794 72.5288924069 -33.7573661033 -9.07689879839
6795 72.5288924069 -33.7573661033 -9
6796 68.9024477865 -32.0694977981 -8.5
6797 69.3557533641 -32.2804813363 -8.5
6798 69.8090589416 -32.4914648744 -8.5
6799 70.2623645192 -32.7024484126 -8.5
6800 70.7156700967 -32.9134319507 -8.5
6801 71.1689756742 -33.1244154889 -8.5
6802 71.6222812518 -33.335399027 -8.5
6803 72.0755868293 -33.5463825651 -8.5
6804 72.5288924069 -33.7573661033 -8.5
6805 68.9024477865 -32.0694977981 -8
6806 69.3557533641 -32.2804813363 -8
6807 69.8090589416 -32.4914648744 -8
6808 70.2623645192 -32.7024484126 -8
6809 70.7156700967 -32.9134319507 -8
6810 71.1689756742 -33.1244154889 -8
6811 71.6222812518 -33.335399027 -8
6812 72.0755868293 -33.5463825651 -8
6813 72.5288924069 -33.7573661033 -8
6814 68.9024477865 -32.0694977981 -7.5
6815 69.3557533641 -32.2804813363 -7.5
6816 69.8090589416 -32.4914648744 -7.5
6817 70.2623645192 -32.7024484126 -7.5
6818 70.7156700967 -32.9134319507 -7.5
6819 71.1689756742 -33.1244154889 -7.5
6820 71.6222812518 -33.335399027 -7.5
6821 72.0755868293 -33.5463825651 -7.5
6822 72.5288924069 -33.7573661033 -7.5
6823 68.9024477865 -32.0694977981 -7
6824 69.3557533641 -32.2804813363 -7
6825 69.8090589416 -32.4914648744 -7
6826 70.2623645192 -32.7024484126 -7
6827 70.7156700967 -32.9134319507 -7
6828 71.1689756742 -33.1244154889 -7
6829 71.6222812518 -33.335399027 -7
6830 72.0755868293 -33.5463825651 -7
6831 72.5288924069 -33.7573661033 -7
6832 68.9024477865 -32.0694977981 -6.5
6833 69.3557533641 -32.2804813363 -6.5
6834 69.8090589416 -32.4914648744 -6.5
6835 70.2623645192 -32.7024484126 -6.5
6836 70.7156700967 -32.9134319507 -6.5
6837 71.1689756742 -33.1244154889 -6.5
6838 71.6222812518 -33.335399027 -6.5
6839 72.0755868293 -33.5463825651 -6.5
6840 72.5288924069 -33.7573661033 -6.5
6841 68.9024477865 -32.0694977981 -6
6842 69.3557533641 -32.2804813363 -6
6843 69.8090589416 -32.4914648744 -6
6844 70.2623645192 -32.7024484126 -6
6845 70.7156700967 -32.9134319507 -6
6846 71.1689756742 -33.1244154889 -6
6847 71.6222812518 -33.335399027 -6
6848 72.0755868293 -33.5463825651 -6
6849 72.5288924069 -33.7573661033 -6
6850 68.9024477865 -32.0694977981 -5.5
6851 69.3557533641 -32.2804813363 -5.5
6852 69.8090589416 -32.4914648744 -5.5
6853 70.2623645192 -32.7024484126 -5.5
6854 70.7156700967 -32.9134319507 -5.5
6855 71.1689756742 -33.1244154889 -5.5
6856 71.6222812518 -33.335399027 -5.5
6857 72.0755868293 -33.5463825651 -5.5
6858 72.5288924069 -33.7573661033 -5.5
6859 68.9024477865 -32.0694977981 -5
6860 69.3557533641 -32.2804813363 -5
6861 69.8090589416 -32.4914648744 -5
6862 70.2623645192 -32.7024484126 -5
6863 70.7156700967 -32.9134319507 -5
6864 71.1689756742 -33.1244154889 -5
6865 71.6222812518 -33.335399027 -5
6866 72.0755868293 -33.5463825651 -5
6867 72.5288924069 -33.7573661033 -5
6868 68.9024477865 -32.0694977981 -4.5
6869 69.3557533641 -32.2804813363 -4.5
6870 69.8090589416 -32.4914648744 -4.5
6871 70.2623645192 -32.7024484126 -4.5
6872 70.7156700967 -32.9134319507 -4.5
6873 71.1689756742 -33.1244154889 -4.5
6874 71.6222812518 -33.335399027 -4.5
6875 72.0755868293 -33.5463825651 -4.5
6876 72.5288924069 -33.7573661033 -4.5
6877 68.9024477865 -32.0694977981 -4
6878 69.3557533641 -32.2804813363 -4
6879 69.8090589416 -32.4914648744 -4
6880 70.2623645192 -32.7024484126 -4
6881 70.7156700967 -32.9134319507 -4
6882 71.1689756742 -33.1244154889 -4
6883 71.6222812518 -33.335399027 -4
6884 72.0755868293 -33.5463825651 -4
6885 72.5288924069 -33.7573661033 -4
6886 68.9024477865 -32.0694977981 -3.5
6887 69.3557533641 -32.2804813363 -3.5
6888 69.8090589416 -32.4914648744 -3.5
6889 70.2623645192 -32.7024484126 -3.5
6890 70.7156700967 -32.9134319507 -3.5
6891 71.1689756742 -33.1244154889 -3.5
6892 71.6222812518 -33.335399027 -3.5
6893 72.0755868293 -33.5463825651 -3.5
6894 72.5288924069 -33.7573661033 -3.5
6895 68.9024477865 -32.0694977981 -3
6896 69.3557533641 -32.2804813363 -3
6897 69.8090589416 -32.4914648744 -3
6898 70.2623645192 -32.7024484126 -3
6899 70.7156700967 -32.9134319507 -3
6900 71.1689756742 -33.1244154889 -3
6901 71.6222812518 -33.335399027 -3
6902 72.0755868293 -33.5463825651 -3
6903 72.5288924069 -33.7573661033 -3
6904 68.9024477865 -32.0694977981 -2.5
6905 69.3557533641 -32.2804813363 -2.5
6906 69.8090589416 -32.4914648744 -2.5
6907 70.2623645192 -32.7024484126 -2.5
6908 70.7156700967 -32.9134319507 -2.5
6909 71.1689756742 -33.1244154889 -2.5
6910 71.6222812518 -33.335399027 -2.5
6911 72.0755868293 -33.5463825651 -2.5
6912 72.5288924069 -33.7573661033 -2.5
6913 68.9024477865 -32.0694977981 -2
6914 69.3557533641 -32.2804813363 -2
6915 69.8090589416 -32.4914648744 -2
6916 70.2623645192 -32.7024484126 -2
6917 70.7156700967 -32.9134319507 -2
6918 71.1689756742 -33.1244154889 -2
6919 71.6222812518 -33.335399027 -2
6920 72.0755868293 -33.5463825651 -2
6921 72.5288924069 -33.7573661033 -2
6922 68.9024477865 -32.0694977981 -1.5
6923 69.3557533641 -32.2804813363 -1.5
6924 69.8090589416 -32.4914648744 -1.5
6925 70.2623645192 -32.7024484126 -1.5
6926 70.7156700967 -32.9134319507 -1.5
6927 71.1689756742 -33.1244154889 -1.5
6928 71.6222812518 -33.335399027 -1.5
6929 72.0755868293 -33.5463825651 -1.5
6930 72.5288924069 -33.7573661033 -1.5
6931 68.9024477865 -32.0694977981 -1
6932 69.3557533641 -32.2804813363 -1
6933 69.8090589416 -32.4914648744 -1
6934 70.2623645192 -32.7024484126 -1
6935 70.7156700967 -32.9134319507 -1
6936 71.1689756742 -33.1244154889 -1
6937 71.6222812518 -33.335399027 -1
6938 72.0755868293 -33.5463825651 -1
6939 72.5288924069 -33.7573661033 -1
6940 68.9024477865 -32.0694977981 -0.5
6941 69.3557533641 -32.2804813363 -0.5
6942 69.8090589416 -32.4914648744 -0.5
6943 70.2623645192 -32.7024484126 -0.5
6944 70.7156700967 -32.9134319507 -0.5
6945 71.1689756742 -33.1244154889 -0.5
6946 71.6222812518 -33.335399027 -0.5
6947 72.0755868293 -33.5463825651 -0.5
6948 72.5288924069 -33.7573661033 -0.5
6949 68.9024477865 -32.0694977981 0
6950 69.3557533641 -32.2804813363 0
6951 69.8090589416 -32.4914648744 0
6952 70.2623645192 -32.7024484126 0
6953 70.7156700967 -32.9134319507 0
6954 71.1689756742 -33.1244154889 0
6955 71.6222812518 -33.335399027 0
6956 72.0755868293 -33.5463825651 0
6957 72.5288924069 -33.7573661033 0
6958 68.6954598468 -32.510518243 -8.83426506163
6959 69.1474036616 -32.7244032315 -8.83426506163
6960 69.5993474764 -32.9382882199 -8.83426506163
6961 70.0512912912 -33.1521732083 -8.83426506163
6962 70.503235106 -33.3660581968 -8.83426506163
6963 70.9551789208 -33.5799431852 -8.83426506163
6964 71.4071227355 -33.7938281737 -8.83426506163
6965 71.8590665503 -34.0077131621 -8.83426506163
6966 72.3110103651 -34.2215981506 -8.83426506163
6967 68.6954598468 -32.510518243 -8.5
6968 69.1474036616 -32.7244032315 -8.5
6969 69.5993474764 -32.9382882199 -8.5
6970 70.0512912912 -33.1521732083 -8.5
6971 70.503235106 -33.3660581968 -8.5
6972 70.9551789208 -33.5799431852 -8.5
6973 71.4071227355 -33.7938281737 -8.5
6974 71.8590665503 -34.0077131621 -8.5
6975 72.3110103651 -34.2215981506 -8.5
6976 68.6954598468 -32.510518243 -8
6977 69.1474036616 -32.7244032315 -8
6978 69.5993474764 -32.9382882199 -8
6979 70.0512912912 -33.1521732083 -8
6980 70.503235106 -33.3660581968 -8
6981 70.9551789208 -33.5799431852 -8
6982 71.4071227355 -33.7938281737 -8
6983 71.8590665503 -34.0077131621 -8
6984 72.3110103651 -34.2215981506 -8
6985 68.6954598468 -32.510518243 -7.5
6986 69.1474036616 -32.7244032315 -7.5
6987 69.5993474764 -32.9382882199 -7.5
6988 70.0512912912 -33.1521732083 -7.5
6989 70.503235106 -33.3660581968 -7.5
6990 70.9551789208 -33.5799431852 -7.5
6991 71.4071227355 -33.7938281737 -7.5
6992 71.8590665503 -34.0077131621 -7.5
6993 72.3110103651 -34.2215981506 -7.5
6994 68.6954598468 -32.510518243 -7
6995 69.1474036616 -32.7244032315 -7
6996 69.5993474764 -32.9382882199 -7
6997 70.0512912912 -33.1521732083 -7
6998 70.503235106 -33.3660581968 -7
6999 70.9551789208 -33.5799431852 -7
7000 71.4071227355 -33.7938281737 -7
7001 71.8590665503 -34.0077131621 -7
7002 72.3110103651 -34.2215981506 -7
7003 68.6954598468 -32.510518243 -6.5
7004 69.1474036616 -32.7244032315 -6.5
7005 69.5993474764 -32.9382882199 -6.5
7006 70.0512912912 -33.1521732083 -6.5
7007 70.503235106 -33.3660581968 -6.5
7008 70.9551789208 -33.5799431852 -6.5
7009 71.4071227355 -33.7938281737 -6.5
7010 71.8590665503 -34.0077131621 -6.5
7011 72.3110103651 -34.2215981506 -6.5
7012 68.6954598468 -32.510518243 -6
7013 69.1474036616 -32.7244032315 -6
7014 69.5993474764 -32.9382882199 -6
7015 70.0512912912 -33.1521732083 -6
7016 70.503235106 -33.3660581968 -6
7017 70.9551789208 -33.5799431852 -6
7018 71.4071227355 -33.7938281737 -6
7019 71.8590665503 -34.0077131621 -6
7020 72.3110103651 -34.2215981506 -6
7021 68.6954598468 -32.510518243 -5.5
7022 69.1474036616 -32.7244032315 -5.5
7023 69.5993474764 -32.9382882199 -5.5
7024 70.0512912912 -33.1521732083 -5.5
7025 70.503235106 -33.3660581968 -5.5
7026 70.9551789208 -33.5799431852 -5.5
7027 71.4071227355 -33.7938281737 -5.5
7028 71.8590665503 -34.0077131621 -5.5
7029 72.3110103651 -34.2215981506 -5.5
7030 68.6954598468 -32.510518243 -5
7031 69.1474036616 -32.7244032315 -5
7032 69.5993474764 -32.9382882199 -5
7033 70.0512912912 -33.1521732083 -5
7034 70.503235106 -33.3660581968 -5
7035 70.9551789208 -33.5799431852 -5
7036 71.4071227355 -33.7938281737 -5
7037 71.8590665503 -34.0077131621 -5
7038 72.3110103651 -34.2215981506 -5
7039 68.6954598468 -32.510518243 -4.5
7040 69.1474036616 -32.7244032315 -4.5
7041 69.5993474764 -32.9382882199 -4.5
7042 70.0512912912 -33.1521732083 -4.5
7043 70.503235106 -33.3660581968 -4.5
7044 70.9551789208 -33.5799431852 -4.5
7045 71.4071227355 -33.7938281737 -4.5
7046 71.8590665503 -34.0077131621 -4.5
7047 72.3110103651 -34.2215981506 -4.5
7048 68.6954598468 -32.510518243 -4
7049 69.1474036616 -32.7244032315 -4
7050 69.5993474764 -32.9382882199 -4
7051 70.0512912912 -33.1521732083 -4
7052 70.503235106 -33.3660581968 -4
7053 70.9551789208 -33.5799431852 -4
7054 71.4071227355 -33.7938281737 -4
7055 71.8590665503 -34.0077131621 -4
7056 72.3110103651 -34.2215981506 -4
7057 68.6954598468 -32.510518243 -3.5
7058 69.1474036616 -32.7244032315 -3.5
7059 69.5993474764 -32.9382882199 -3.5
7060 70.0512912912 -33.1521732083 -3.5
7061 70.503235106 -33.3660581968 -3.5
7062 70.9551789208 -33.5799431852 -3.5
7063 71.4071227355 -33.7938281737 -3.5
7064 71.8590665503 -34.0077131621 -3.5
7065 72.3110103651 -34.2215981506 -3.5
7066 68.6954598468 -32.510518243 -3
7067 69.1474036616 -32.7244032315 -3
7068 69.5993474764 -32.9382882199 -3
7069 70.0512912912 -33.1521732083 -3
7070 70.503235106 -33.3660581968 -3
7071 70.9551789208 -33.5799431852 -3
7072 71.4071227355 -33.7938281737 -3
7073 71.8590665503 -34.0077131621 -3
7074 72.3110103651 -34.2215981506 -3
7075 68.6954598468 -32.510518243 -2.5
7076 69.1474036616 -32.7244032315 -2.5
7077 69.5993474764 -32.9382882199 -2.5
7078 70.0512912912 -33.1521732083 -2.5
7079 70.503235106 -33.3660581968 -2.5
7080 70.9551789208 -33.5799431852 -2.5
7081 71.4071227355 -33.7938281737 -2.5
7082 71.8590665503 -34.0077131621 -2.5
7083 72.3110103651 -34.2215981506 -2.5
7084 68.6954598468 -32.510518243 -2
7085 69.1474036616 -32.7244032315 -2
7086 69.5993474764 -32.9382882199 -2
7087 70.0512912912 -33.1521732083 -2
7088 70.503235106 -33.3660581968 -2
7089 70.9551789208 -33.5799431852 -2
7090 71.4071227355 -33.7938281737 -2
7091 71.8590665503 -34.0077131621 -2
7092 72.3110103651 -34.2215981506 -2
7093 68.6954598468 -32.510518243 -1.5
7094 69.1474036616 -32.7244032315 -1.5
7095 69.5993474764 -32.9382882199 -1.5
7096 70.0512912912 -33.1521732083 -1.5
7097 70.503235106 -33.3660581968 -1.5
7098 70.9551789208 -33.5799431852 -1.5
7099 71.4071227355 -33.7938281737 -1.5
7100 71.8590665503 -34.0077131621 -1.5
7101 72.3110103651 -34.2215981506 -1.5
7102 68.6954598468 -32.510518243 -1
7103 69.1474036616 -32.7244032315 -1
7104 69.5993474764 -32.9382882199 -1
7105 70.0512912912 -33.1521732083 -1
7106 70.503235106 -33.3660581968 -1
7107 70.9551789208 -33.5799431852 -1
7108 71.4071227355 -33.7938281737 -1
7109 71.8590665503 -34.0077131621 -1
7110 72.3110103651 -34.2215981506 -1
7111 68.6954598468 -32.510518243 -0.5
7112 69.1474036616 -32.7244032315 -0.5
7113 69.5993474764 -32.9382882199 -0.5
7114 70.0512912912 -33.1521732083 -0.5
7115 70.503235106 -33.3660581968 -0.5
7116 70.9551789208 -33.5799431852 -0.5
7117 71.4071227355 -33.7938281737 -0.5
7118 71.8590665503 -34.0077131621 -0.5
7119 72.3110103651 -34.2215981506 -0.5
7120 68.6954598468 -32.510518243 0
7121 69.1474036616 -32.7244032315 0
7122 69.5993474764 -32.9382882199 0
7123 70.0512912912 -33.1521732083 0
7124 70.503235106 -33.3660581968 0
7125 70.9551789208 -33.5799431852 0
7126 71.4071227355 -33.7938281737 0
7127 71.8590665503 -34.0077131621 0
7128 72.3110103651 -34.2215981506 0
7129 68.4856491251 -32.9502027902 -8.59221216134
7130 68.4856491251 -32.9502027902 -8.5
7131 68.9362126062 -33.1669804401 -8.59221216134
7132 68.9362126062 -33.1669804401 -8.5
7133 69.3867760873 -33.3837580901 -8.59221216134
7134 69.3867760873 -33.3837580901 -8.5
7135 69.8373395683 -33.60053574 -8.59221216134
7136 69.8373395683 -33.60053574 -8.5
7137 70.2879030494 -33.81731339 -8.59221216134
7138 70.2879030494 -33.81731339 -8.5
7139 70.7384665305 -34.0340910399 -8.59221216134
7140 70.7384665305 -34.0340910399 -8.5
7141 71.1890300116 -34.2508686898 -8.59221216134
7142 71.1890300116 -34.2508686898 -8.5
7143 71.6395934927 -34.4676463398 -8.59221216134
7144 71.6395934927 -34.4676463398 -8.5
7145 72.0901569738 -34.6844239897 -8.59221216134
7146 72.0901569738 -34.6844239897 -8.5
7147 68.4856491251 -32.9502027902 -8
7148 68.9362126062 -33.1669804401 -8
7149 69.3867760873 -33.3837580901 -8
7150 69.8373395683 -33.60053574 -8
7151 70.2879030494 -33.81731339 -8
7152 70.7384665305 -34.0340910399 -8
7153 71.1890300116 -34.2508686898 -8
7154 71.6395934927 -34.4676463398 -8
7155 72.0901569738 -34.6844239897 -8
7156 68.4856491251 -32.9502027902 -7.5
7157 68.9362126062 -33.1669804401 -7.5
7158 69.3867760873 -33.3837580901 -7.5
7159 69.8373395683 -33.60053574 -7.5
7160 70.2879030494 -33.81731339 -7.5
7161 70.7384665305 -34.0340910399 -7.5
7162 71.1890300116 -34.2508686898 -7.5
7163 71.6395934927 -34.4676463398 -7.5
7164 72.0901569738 -34.6844239897 -7.5
7165 68.4856491251 -32.9502027902 -7
7166 68.9362126062 -33.1669804401 -7
7167 69.3867760873 -33.3837580901 -7
7168 69.8373395683 -33.60053574 -7
7169 70.2879030494 -33.81731339 -7
7170 70.7384665305 -34.0340910399 -7
7171 71.1890300116 -34.2508686898 -7
7172 71.6395934927 -34.4676463398 -7
7173 72.0901569738 -34.6844239897 -7
7174 68.4856491251 -32.9502027902 -6.5
7175 68.9362126062 -33.1669804401 -6.5
7176 69.3867760873 -33.3837580901 -6.5
7177 69.8373395683 -33.60053574 -6.5
7178 70.2879030494 -33.81731339 -6.5
7179 70.7384665305 -34.0340910399 -6.5
7180 71.1890300116 -34.2508686898 -6.5
7181 71.6395934927 -34.4676463398 -6.5
7182 72.0901569738 -34.6844239897 -6.5
7183 68.4856491251 -32.9502027902 -6
7184 68.9362126062 -33.1669804401 -6
7185 69.3867760873 -33.3837580901 -6
7186 69.8373395683 -33.60053574 -6
7187 70.2879030494 -33.81731339 -6
7188 70.7384665305 -34.0340910399 -6
7189 71.1890300116 -34.2508686898 -6
7190 71.6395934927 -34.4676463398 -6
7191 72.0901569738 -34.6844239897 -6
7192 68.4856491251 -32.9502027902 -5.5
7193 68.9362126062 -33.1669804401 -5.5
7194 69.3867760873 -33.3837580901 -5.5
7195 69.8373395683 -33.60053574 -5.5
7196 70.2879030494 -33.81731339 -5.5
7197 70.7384665305 -34.0340910399 -5.5
7198 71.1890300116 -34.2508686898 -5.5
7199 71.6395934927 -34.4676463398 -5.5
7200 72.0901569738 -34.6844239897 -5.5
7201 68.4856491251 -32.9502027902 -5
7202 68.9362126062 -33.1669804401 -5
7203 69.3867760873 -33.3837580901 -5
7204 69.8373395683 -33.60053574 -5
7205 70.2879030494 -33.81731339 -5
7206 70.7384665305 -34.0340910399 -5
7207 71.1890300116 -34.2508686898 -5
7208 71.6395934927 -34.4676463398 -5
7209 72.0901569738 -34.6844239897 -5
7210 68.4856491251 -32.9502027902 -4.5
7211 68.9362126062 -33.1669804401 -4.5
7212 69.3867760873 -33.3837580901 -4.5
7213 69.8373395683 -33.60053574 -4.5
7214 70.2879030494 -33.81731339 -4.5
7215 70.7384665305 -34.0340910399 -4.5
7216 71.1890300116 -34.2508686898 -4.5
7217 71.6395934927 -34.4676463398 -4.5
7218 72.0901569738 -34.6844239897 -4.5
7219 68.4856491251 -32.9502027902 -4
7220 68.9362126062 -33.1669804401 -4
7221 69.3867760873 -33.3837580901 -4
7222 69.8373395683 -33.60053574 -4
7223 70.2879030494 -33.81731339 -4
7224 70.7384665305 -34.0340910399 -4
7225 71.1890300116 -34.2508686898 -4
7226 71.6395934927 -34.4676463398 -4
7227 72.0901569738 -34.6844239897 -4
7228 68.4856491251 -32.9502027902 -3.5
7229 68.9362126062 -33.1669804401 -3.5
7230 69.3867760873 -33.3837580901 -3.5
7231 69.8373395683 -33.60053574 -3.5
7232 70.2879030494 -33.81731339 -3.5
7233 70.7384665305 -34.0340910399 -3.5
7234 71.1890300116 -34.2508686898 -3.5
7235 71.6395934927 -34.4676463398 -3.5
7236 72.0901569738 -34.6844239897 -3.5
7237 68.4856491251 -32.9502027902 -3
7238 68.9362126062 -33.1669804401 -3
7239 69.3867760873 -33.3837580901 -3
7240 69.8373395683 -33.60053574 -3
7241 70.2879030494 -33.81731339 -3
7242 70.7384665305 -34.0340910399 -3
7243 71.1890300116 -34.2508686898 -3
7244 71.6395934927 -34.4676463398 -3
7245 72.0901569738 -34.6844239897 -3
7246 68.4856491251 -32.9502027902 -2.5
7247 68.9362126062 -33.1669804401 -2.5
7248 69.3867760873 -33.3837580901 -2.5
7249 69.8373395683 -33.60053574 -2.5
7250 70.2879030494 -33.81731339 -2.5
7251 70.7384665305 -34.0340910399 -2.5
7252 71.1890300116 -34.2508686898 -2.5
7253 71.6395934927 -34.4676463398 -2.5
7254 72.0901569738 -34.6844239897 -2.5
7255 68.4856491251 -32.9502027902 -2
7256 68.9362126062 -33.1669804401 -2
7257 69.3867760873 -33.3837580901 -2
7258 69.8373395683 -33.60053574 -2
7259 70.2879030494 -33.81731339 -2
7260 70.7384665305 -34.0340910399 -2
7261 71.1890300116 -34.2508686898 -2
7262 71.6395934927 -34.4676463398 -2
7263 72.0901569738 -34.6844239897 -2
7264 68.4856491251 -32.9502027902 -1.5
7265 68.9362126062 -33.1669804401 -1.5
7266 69.3867760873 -33.3837580901 -1.5
7267 69.8373395683 -33.60053574 -1.5
7268 70.2879030494 -33.81731339 -1.5
7269 70.7384665305 -34.0340910399 -1.5
7270 71.1890300116 -34.2508686898 -1.5
7271 71.6395934927 -34.4676463398 -1.5
7272 72.0901569738 -34.6844239897 -1.5
7273 68.4856491251 -32.9502027902 -1
7274 68.9362126062 -33.1669804401 -1
7275 69.3867760873 -33.3837580901 -1
7276 69.8373395683 -33.60053574 -1
7277 70.2879030494 -33.81731339 -1
7278 70.7384665305 -34.0340910399 -1
7279 71.1890300116 -34.2508686898 -1
7280 71.6395934927 -34.4676463398 -1
7281 72.0901569738 -34.6844239897 -1
7282 68.4856491251 -32.9502027902 -0.5
7283 68.9362126062 -33.1669804401 -0.5
7284 69.3867760873 -33.3837580901 -0.5
7285 69.8373395683 -33.60053574 -0.5
7286 70.2879030494 -33.81731339 -0.5
7287 70.7384665305 -34.0340910399 -0.5
7288 71.1890300116 -34.2508686898 -0.5
7289 71.6395934927 -34.4676463398 -0.5
7290 72.0901569738 -34.6844239897 -0.5
7291 68.4856491251 -32.9502027902 0
7292 68.9362126062 -33.1669804401 0
7293 69.3867760873 -33.3837580901 0
7294 69.8373395683 -33.60053574 0
7295 70.2879030494 -33.81731339 0
7296 70.7384665305 -34.0340910399 0
7297 71.1890300116 -34.2508686898 0
7298 71.6395934927 -34.4676463398 0
7299 72.0901569738 -34.6844239897 0
7300 68.2730242426 -33.3885333725 -8.35056860026
7301 68.7221888758 -33.6081947763 -8.35056860026
7302 69.171353509 -33.82785618 -8.35056860026
7303 69.6205181422 -34.0475175838 -8.35056860026
7304 70.0696827753 -34.2671789875 -8.35056860026
7305 70.5188474085 -34.4868403913 -8.35056860026
7306 70.9680120417 -34.7065017951 -8.35056860026
7307 71.4171766749 -34.9261631988 -8.35056860026
7308 71.866341308 -35.1458246026 -8.35056860026
7309 68.2730242426 -33.3885333725 -8
7310 68.7221888758 -33.6081947763 -8
7311 69.171353509 -33.82785618 -8
7312 69.6205181422 -34.0475175838 -8
7313 70.0696827753 -34.2671789875 -8
7314 70.5188474085 -34.4868403913 -8
7315 70.9680120417 -34.7065017951 -8
7316 71.4171766749 -34.9261631988 -8
7317 71.866341308 -35.1458246026 -8
7318 68.2730242426 -33.3885333725 -7.5
7319 68.7221888758 -33.6081947763 -7.5
7320 69.171353509 -33.82785618 -7.5
7321 69.6205181422 -34.0475175838 -7.5
7322 70.0696827753 -34.2671789875 -7.5
7323 70.5188474085 -34.4868403913 -7.5
7324 70.9680120417 -34.7065017951 -7.5
7325 71.4171766749 -34.9261631988 -7.5
7326 71.866341308 -35.1458246026 -7.5
7327 68.2730242426 -33.3885333725 -7
7328 68.7221888758 -33.6081947763 -7
7329 69.171353509 -33.82785618 -7
7330 69.6205181422 -34.0475175838 -7
7331 70.0696827753 -34.2671789875 -7
7332 70.5188474085 -34.4868403913 -7
7333 70.9680120417 -34.7065017951 -7
7334 71.4171766749 -34.9261631988 -7
7335 71.866341308 -35.1458246026 -7
7336 68.2730242426 -33.3885333725 -6.5
7337 68.7221888758 -33.6081947763 -6.5
7338 69.171353509 -33.82785618 -6.5
7339 69.6205181422 -34.0475175838 -6.5
7340 70.0696827753 -34.2671789875 -6.5
7341 70.5188474085 -34.4868403913 -6.5
7342 70.9680120417 -34.7065017951 -6.5
7343 71.4171766749 -34.9261631988 -6.5
7344 71.866341308 -35.1458246026 -6.5
7345 68.2730242426 -33.3885333725 -6
7346 68.7221888758 -33.6081947763 -6
7347 69.171353509 -33.82785618 -6
7348 69.6205181422 -34.0475175838 -6
7349 70.0696827753 -34.2671789875 -6
7350 70.5188474085 -34.4868403913 -6
7351 70.9680120417 -34.7065017951 -6
7352 71.4171766749 -34.9261631988 -6
7353 71.866341308 -35.1458246026 -6
7354 68.2730242426 -33.3885333725 -5.5
7355 68.7221888758 -33.6081947763 -5.5
7356 69.171353509 -33.82785618 -5.5
7357 69.6205181422 -34.0475175838 -5.5
7358 70.0696827753 -34.2671789875 -5.5
7359 70.5188474085 -34.4868403913 -5.5
7360 70.9680120417 -34.7065017951 -5.5
7361 71.4171766749 -34.9261631988 -5.5
7362 71.866341308 -35.1458246026 -5.5
7363 68.2730242426 -33.3885333725 -5
7364 68.7221888758 -33.6081947763 -5
7365 69.171353509 -33.82785618 -5
7366 69.6205181422 -34.0475175838 -5
7367 70.0696827753 -34.2671789875 -5
7368 70.5188474085 -34.4868403913 -5
7369 70.9680120417 -34.7065017951 -5
7370 71.4171766749 -34.9261631988 -5
7371 71.866341308 -35.1458246026 -5
7372 68.2730242426 -33.3885333725 -4.5
7373 68.7221888758 -33.6081947763 -4.5
7374 69.171353509 -33.82785618 -4.5
7375 69.6205181422 -34.0475175838 -4.5
7376 70.0696827753 -34.2671789875 -4.5
7377 70.5188474085 -34.4868403913 -4.5
7378 70.9680120417 -34.7065017951 -4.5
7379 71.4171766749 -34.9261631988 -4.5
7380 71.866341308 -35.1458246026 -4.5
7381 68.2730242426 -33.3885333725 -4
7382 68.7221888758 -33.6081947763 -4
7383 69.171353509 -33.82785618 -4
7384 69.6205181422 -34.0475175838 -4
7385 70.0696827753 -34.2671789875 -4
7386 70.5188474085 -34.4868403913 -4
7387 70.9680120417 -34.7065017951 -4
7388 71.4171766749 -34.9261631988 -4
7389 71.866341308 -35.1458246026 -4
7390 68.2730242426 -33.3885333725 -3.5
7391 68.7221888758 -33.6081947763 -3.5
7392 69.171353509 -33.82785618 -3.5
7393 69.6205181422 -34.0475175838 -3.5
7394 70.0696827753 -34.2671789875 -3.5
7395 70.5188474085 -34.4868403913 -3.5
7396 70.9680120417 -34.7065017951 -3.5
7397 71.4171766749 -34.9261631988 -3.5
7398 71.866341308 -35.1458246026 -3.5
7399 68.2730242426 -33.3885333725 -3
7400 68.7221888758 -33.6081947763 -3
7401 69.171353509 -33.82785618 -3
7402 69.6205181422 -34.0475175838 -3
7403 70.0696827753 -34.2671789875 -3
7404 70.5188474085 -34.4868403913 -3
7405 70.9680120417 -34.7065017951 -3
7406 71.4171766749 -34.9261631988 -3
7407 71.866341308 -35.1458246026 -3
7408 68.2730242426 -33.3885333725 -2.5
7409 68.7221888758 -33.6081947763 -2.5
7410 69.171353509 -33.82785618 -2.5
7411 69.6205181422 -34.0475175838 -2.5
7412 70.0696827753 -34.2671789875 -2.5
7413 70.5188474085 -34.4868403913 -2.5
7414 70.9680120417 -34.7065017951 -2.5
7415 71.4171766749 -34.9261631988 -2.5
7416 71.866341308 -35.1458246026 -2.5
7417 68.2730242426 -33.3885333725 -2
7418 68.7221888758 -33.6081947763 -2
7419 69.171353509 -33.82785618 -2
7420 69.6205181422 -34.0475175838 -2
7421 70.0696827753 -34.2671789875 -2
7422 70.5188474085 -34.4868403913 -2
7423 70.9680120417 -34.7065017951 -2
7424 71.4171766749 -34.9261631988 -2
7425 71.866341308 -35.1458246026 -2
7426 68.2730242426 -33.3885333725 -1.5
7427 68.7221888758 -33.6081947763 -1.5
7428 69.171353509 -33.82785618 -1.5
7429 69.6205181422 -34.0475175838 -1.5
7430 70.0696827753 -34.2671789875 -1.5
7431 70.5188474085 -34.4868403913 -1.5
7432 70.9680120417 -34.7065017951 -1.5
7433 71.4171766749 -34.9261631988 -1.5
7434 71.866341308 -35.1458246026 -1.5
7435 68.2730242426 -33.3885333725 -1
7436 68.7221888758 -33.6081947763 -1
7437 69.171353509 -33.82785618 -1
7438 69.6205181422 -34.0475175838 -1
7439 70.0696827753 -34.2671789875 -1
7440 70.5188474085 -34.4868403913 -1
7441 70.9680120417 -34.7065017951 -1
7442 71.4171766749 -34.9261631988 -1
7443 71.866341308 -35.1458246026 -1
7444 68.2730242426 -33.3885333725 -0.5
7445 68.7221888758 -33.6081947763 -0.5
7446 69.171353509 -33.82785618 -0.5
7447 69.6205181422 -34.0475175838 -0.5
7448 70.0696827753 -34.2671789875 -0.5
7449 70.5188474085 -34.4868403913 -0.5
7450 70.9680120417 -34.7065017951 -0.5
7451 71.4171766749 -34.9261631988 -0.5
7452 71.866341308 -35.1458246026 -0.5
7453 68.2730242426 -33.3885333725 0
7454 68.7221888758 -33.6081947763 0
7455 69.171353509 -33.82785618 0
7456 69.6205181422 -34.0475175838 0
7457 70.0696827753 -34.2671789875 0
7458 70.5188474085 -34.4868403913 0
7459 70.9680120417 -34.7065017951 0
7460 71.4171766749 -34.9261631988 0
7461 71.866341308 -35.1458246026 0
7462 68.0575939365 -33.8254919783 -8.10916288116
7463 68.0575939365 -33.8254919783 -8
7464 68.505341265 -34.0480281097 -8.10916288116
7465 68.505341265 -34.0480281097 -8
7466 68.9530885936 -34.2705642412 -8.10916288116
7467 68.9530885936 -34.2705642412 -8
7468 69.4008359221 -34.4931003726 -8.10916288116
7469 69.4008359221 -34.4931003726 -8
7470 69.8485832506 -34.715636504 -8.10916288116
7471 69.8485832506 -34.715636504 -8
7472 70.2963305791 -34.9381726355 -8.10916288116
7473 70.2963305791 -34.9381726355 -8
7474 70.7440779077 -35.1607087669 -8.10916288116
7475 70.7440779077 -35.1607087669 -8
7476 71.1918252362 -35.3832448984 -8.10916288116
7477 71.1918252362 -35.3832448984 -8
7478 71.6395725647 -35.6057810298 -8.10916288116
7479 71.6395725647 -35.6057810298 -8
7480 68.0575939365 -33.8254919783 -7.5
7481 68.505341265 -34.0480281097 -7.5
7482 68.9530885936 -34.2705642412 -7.5
7483 69.4008359221 -34.4931003726 -7.5
7484 69.8485832506 -34.715636504 -7.5
7485 70.2963305791 -34.9381726355 -7.5
7486 70.7440779077 -35.1607087669 -7.5
7487 71.1918252362 -35.3832448984 -7.5
7488 71.6395725647 -35.6057810298 -7.5
7489 68.0575939365 -33.8254919783 -7
7490 68.505341265 -34.0480281097 -7
7491 68.9530885936 -34.2705642412 -7
7492 69.4008359221 -34.4931003726 -7
7493 69.8485832506 -34.715636504 -7
7494 70.2963305791 -34.9381726355 -7
7495 70.7440779077 -35.1607087669 -7
7496 71.1918252362 -35.3832448984 -7
7497 71.6395725647 -35.6057810298 -7
7498 68.0575939365 -33.8254919783 -6.5
7499 68.505341265 -34.0480281097 -6.5
7500 68.9530885936 -34.2705642412 -6.5
7501 69.4008359221 -34.4931003726 -6.5
7502 69.8485832506 -34.715636504 -6.5
7503 70.2963305791 -34.9381726355 -6.5
7504 70.7440779077 -35.1607087669 -6.5
7505 71.1918252362 -35.3832448984 -6.5
7506 71.6395725647 -35.6057810298 -6.5
7507 68.0575939365 -33.8254919783 -6
7508 68.505341265 -34.0480281097 -6
7509 68.9530885936 -34.2705642412 -6
7510 69.4008359221 -34.4931003726 -6
7511 69.8485832506 -34.715636504 -6
7512 70.2963305791 -34.9381726355 -6
7513 70.7440779077 -35.1607087669 -6
7514 71.1918252362 -35.3832448984 -6
7515 71.6395725647 -35.6057810298 -6
7516 68.0575939365 -33.8254919783 -5.5
7517 68.505341265 -34.0480281097 -5.5
7518 68.9530885936 -34.2705642412 -5.5
7519 69.4008359221 -34.4931003726 -5.5
7520 69.8485832506 -34.715636504 -5.5
7521 70.2963305791 -34.9381726355 -5.5
7522 70.7440779077 -35.1607087669 -5.5
7523 71.1918252362 -35.3832448984 -5.5
7524 71.6395725647 -35.6057810298 -5.5
7525 68.0575939365 -33.8254919783 -5
7526 68.505341265 -34.0480281097 -5
7527 68.9530885936 -34.2705642412 -5
7528 69.4008359221 -34.4931003726 -5
7529 69.8485832506 -34.715636504 -5
7530 70.2963305791 -34.9381726355 -5
7531 70.7440779077 -35.1607087669 -5
7532 71.1918252362 -35.3832448984 -5
7533 71.6395725647 -35.6057810298 -5
7534 68.0575939365 -33.8254919783 -4.5
7535 68.505341265 -34.0480281097 -4.5
7536 68.9530885936 -34.2705642412 -4.5
7537 69.4008359221 -34.4931003726 -4.5
7538 69.8485832506 -34.715636504 -4.5
7539 70.2963305791 -34.9381726355 -4.5
7540 70.7440779077 -35.1607087669 -4.5
7541 71.1918252362 -35.3832448984 -4.5
7542 71.6395725647 -35.6057810298 -4.5
7543 68.0575939365 -33.8254919783 -4
7544 68.505341265 -34.0480281097 -4
7545 68.9530885936 -34.2705642412 -4
7546 69.4008359221 -34.4931003726 -4
7547 69.8485832506 -34.715636504 -4
7548 70.2963305791 -34.9381726355 -4
7549 70.7440779077 -35.1607087669 -4
7550 71.1918252362 -35.3832448984 -4
7551 71.6395725647 -35.6057810298 -4
7552 68.0575939365 -33.8254919783 -3.5
7553 68.505341265 -34.0480281097 -3.5
7554 68.9530885936 -34.2705642412 -3.5
7555 69.4008359221 -34.4931003726 -3.5
7556 69.8485832506 -34.715636504 -3.5
7557 70.2963305791 -34.9381726355 -3.5
7558 70.7440779077 -35.1607087669 -3.5
7559 71.1918252362 -35.3832448984 -3.5
7560 71.6395725647 -35.6057810298 -3.5
7561 68.0575939365 -33.8254919783 -3
7562 68.505341265 -34.0480281097 -3
7563 68.9530885936 -34.2705642412 -3
7564 69.4008359221 -34.4931003726 -3
7565 69.8485832506 -34.715636504 -3
7566 70.2963305791 -34.9381726355 -3
7567 70.7440779077 -35.1607087669 -3
7568 71.1918252362 -35.3832448984 -3
7569 71.6395725647 -35.6057810298 -3
7570 68.0575939365 -33.8254919783 -2.5
7571 68.505341265 -34.0480281097 -2.5
7572 68.9530885936 -34.2705642412 -2.5
7573 69.4008359221 -34.4931003726 -2.5
7574 69.8485832506 -34.715636504 -2.5
7575 70.2963305791 -34.9381726355 -2.5
7576 70.7440779077 -35.1607087669 -2.5
7577 71.1918252362 -35.3832448984 -2.5
7578 71.6395725647 -35.6057810298 -2.5
7579 68.0575939365 -33.8254919783 -2
7580 68.505341265 -34.0480281097 -2
7581 68.9530885936 -34.2705642412 -2
7582 69.4008359221 -34.4931003726 -2
7583 69.8485832506 -34.715636504 -2
7584 70.2963305791 -34.9381726355 -2
7585 70.7440779077 -35.1607087669 -2
7586 71.1918252362 -35.3832448984 -2
7587 71.6395725647 -35.6057810298 -2
7588 68.0575939365 -33.8254919783 -1.5
7589 68.505341265 -34.0480281097 -1.5
7590 68.9530885936 -34.2705642412 -1.5
7591 69.4008359221 -34.4931003726 -1.5
7592 69.8485832506 -34.715636504 -1.5
7593 70.2963305791 -34.9381726355 -1.5
7594 70.7440779077 -35.1607087669 -1.5
7595 71.1918252362 -35.3832448984 -1.5
7596 71.6395725647 -35.6057810298 -1.5
7597 68.0575939365 -33.8254919783 -1
7598 68.505341265 -34.0480281097 -1
7599 68.9530885936 -34.2705642412 -1
7600 69.4008359221 -34.4931003726 -1
7601 69.8485832506 -34.715636504 -1
7602 70.2963305791 -34.9381726355 -1
7603 70.7440779077 -35.1607087669 -1
7604 71.1918252362 -35.3832448984 -1
7605 71.6395725647 -35.6057810298 -1
7606 68.0575939365 -33.8254919783 -0.5
7607 68.505341265 -34.0480281097 -0.5
7608 68.9530885936 -34.2705642412 -0.5
7609 69.4008359221 -34.4931003726 -0.5
7610 69.8485832506 -34.715636504 -0.5
7611 70.2963305791 -34.9381726355 -0.5
7612 70.7440779077 -35.1607087669 -0.5
7613 71.1918252362 -35.3832448984 -0.5
7614 71.6395725647 -35.6057810298 -0.5
7615 68.0575939365 -33.8254919783 0
7616 68.505341265 -34.0480281097 0
7617 68.9530885936 -34.2705642412 0
7618 69.4008359221 -34.4931003726 0
7619 69.8485832506 -34.715636504 0
7620 70.2963305791 -34.9381726355 0
7621 70.7440779077 -35.1607087669 0
7622 71.1918252362 -35.3832448984 0
7623 71.6395725647 -35.6057810298 0
7624 67.839367059 -34.2610606525 -7.86782350676
7625 68.2856786844 -34.4864623673 -7.86782350676
7626 68.7319903098 -34.7118640821 -7.86782350676
7627 69.1783019352 -34.9372657969 -7.86782350676
7628 69.6246135606 -35.1626675118 -7.86782350676
7629 70.0709251859 -35.3880692266 -7.86782350676
7630 70.5172368113 -35.6134709414 -7.86782350676
7631 70.9635484367 -35.8388726562 -7.86782350676
7632 71.4098600621 -36.064274371 -7.86782350676
7633 67.839367059 -34.2610606525 -7.5
7634 68.2856786844 -34.4864623673 -7.5
7635 68.7319903098 -34.7118640821 -7.5
7636 69.1783019352 -34.9372657969 -7.5
7637 69.6246135606 -35.1626675118 -7.5
7638 70.0709251859 -35.3880692266 -7.5
7639 70.5172368113 -35.6134709414 -7.5
7640 70.9635484367 -35.8388726562 -7.5
7641 71.4098600621 -36.064274371 -7.5
7642 67.839367059 -34.2610606525 -7
7643 68.2856786844 -34.4864623673 -7
7644 68.7319903098 -34.7118640821 -7
7645 69.1783019352 -34.9372657969 -7
7646 69.6246135606 -35.1626675118 -7
7647 70.0709251859 -35.3880692266 -7
7648 70.5172368113 -35.6134709414 -7
7649 70.9635484367 -35.8388726562 -7
7650 71.4098600621 -36.064274371 -7
7651 67.839367059 -34.2610606525 -6.5
7652 68.2856786844 -34.4864623673 -6.5
7653 68.7319903098 -34.7118640821 -6.5
7654 69.1783019352 -34.9372657969 -6.5
7655 69.6246135606 -35.1626675118 -6.5
7656 70.0709251859 -35.3880692266 -6.5
7657 70.5172368113 -35.6134709414 -6.5
7658 70.9635484367 -35.8388726562 -6.5
7659 71.4098600621 -36.064274371 -6.5
7660 67.839367059 -34.2610606525 -6
7661 68.2856786844 -34.4864623673 -6
7662 68.7319903098 -34.7118640821 -6
7663 69.1783019352 -34.9372657969 -6
7664 69.6246135606 -35.1626675118 -6
7665 70.0709251859 -35.3880692266 -6
7666 70.5172368113 -35.6134709414 -6
7667 70.9635484367 -35.8388726562 -6
7668 71.4098600621 -36.064274371 -6
7669 67.839367059 -34.2610606525 -5.5
7670 68.2856786844 -34.4864623673 -5.5
7671 68.7319903098 -34.7118640821 -5.5
7672 69.1783019352 -34.9372657969 -5.5
7673 69.6246135606 -35.1626675118 -5.5
7674 70.0709251859 -35.3880692266 -5.5
7675 70.5172368113 -35.6134709414 -5.5
7676 70.9635484367 -35.8388726562 -5.5
7677 71.4098600621 -36.064274371 -5.5
7678 67.839367059 -34.2610606525 -5
7679 68.2856786844 -34.4864623673 -5
7680 68.7319903098 -34.7118640821 -5
7681 69.1783019352 -34.9372657969 -5
7682 69.6246135606 -35.1626675118 -5
7683 70.0709251859 -35.3880692266 -5
7684 70.5172368113 -35.6134709414 -5
7685 70.9635484367 -35.8388726562 -5
7686 71.4098600621 -36.064274371 -5
7687 67.839367059 -34.2610606525 -4.5
7688 68.2856786844 -34.4864623673 -4.5
7689 68.7319903098 -34.7118640821 -4.5
7690 69.1783019352 -34.9372657969 -4.5
7691 69.6246135606 -35.1626675118 -4.5
7692 70.0709251859 -35.3880692266 -4.5
7693 70.5172368113 -35.6134709414 -4.5
7694 70.9635484367 -35.8388726562 -4.5
7695 71.4098600621 -36.064274371 -4.5
7696 67.839367059 -34.2610606525 -4
7697 68.2856786844 -34.4864623673 -4
7698 68.7319903098 -34.7118640821 -4
7699 69.1783019352 -34.9372657969 -4
7700 69.6246135606 -35.1626675118 -4
7701 70.0709251859 -35.3880692266 -4
7702 70.5172368113 -35.6134709414 -4
7703 70.9635484367 -35.8388726562 -4
7704 71.4098600621 -36.064274371 -4
7705 67.839367059 -34.2610606525 -3.5
7706 68.2856786844 -34.4864623673 -3.5
7707 68.7319903098 -34.7118640821 -3.5
7708 69.1783019352 -34.9372657969 -3.5
7709 69.6246135606 -35.1626675118 -3.5
7710 70.0709251859 -35.3880692266 -3.5
7711 70.5172368113 -35.6134709414 -3.5
7712 70.9635484367 -35.8388726562 -3.5
7713 71.4098600621 -36.064274371 -3.5
7714 67.839367059 -34.2610606525 -3
7715 68.2856786844 -34.4864623673 -3
7716 68.7319903098 -34.7118640821 -3
7717 69.1783019352 -34.9372657969 -3
7718 69.6246135606 -35.1626675118 -3
7719 70.0709251859 -35.3880692266 -3
7720 70.5172368113 -35.6134709414 -3
7721 70.9635484367 -35.8388726562 -3
7722 71.4098600621 -36.064274371 -3
7723 67.839367059 -34.2610606525 -2.5
7724 68.2856786844 -34.4864623673 -2.5
7725 68.7319903098 -34.7118640821 -2.5
7726 69.1783019352 -34.9372657969 -2.5
7727 69.6246135606 -35.1626675118 -2.5
7728 70.0709251859 -35.3880692266 -2.5
7729 70.5172368113 -35.6134709414 -2.5
7730 70.9635484367 -35.8388726562 -2.5
7731 71.4098600621 -36.064274371 -2.5
7732 67.839367059 -34.2610606525 -2
7733 68.2856786844 -34.4864623673 -2
7734 68.7319903098 -34.7118640821 -2
7735 69.1783019352 -34.9372657969 -2
7736 69.6246135606 -35.1626675118 -2
7737 70.0709251859 -35.3880692266 -2
7738 70.5172368113 -35.6134709414 -2
7739 70.9635484367 -35.8388726562 -2
7740 71.4098600621 -36.064274371 -2
7741 67.839367059 -34.2610606525 -1.5
7742 68.2856786844 -34.4864623673 -1.5
7743 68.7319903098 -34.7118640821 -1.5
7744 69.1783019352 -34.9372657969 -1.5
7745 69.6246135606 -35.1626675118 -1.5
7746 70.0709251859 -35.3880692266 -1.5
7747 70.5172368113 -35.6134709414 -1.5
7748 70.9635484367 -35.8388726562 -1.5
7749 71.4098600621 -36.064274371 -1.5
7750 67.839367059 -34.2610606525 -1
7751 68.2856786844 -34.4864623673 -1
7752 68.7319903098 -34.7118640821 -1
7753 69.1783019352 -34.9372657969 -1
7754 69.6246135606 -35.1626675118 -1
7755 70.0709251859 -35.3880692266 -1
7756 70.5172368113 -35.6134709414 -1
7757 70.9635484367 -35.8388726562 -1
7758 71.4098600621 -36.064274371 -1
7759 67.839367059 -34.2610606525 -0.5
7760 68.2856786844 -34.4864623673 -0.5
7761 68.7319903098 -34.7118640821 -0.5
7762 69.1783019352 -34.9372657969 -0.5
7763 69.6246135606 -35.1626675118 -0.5
7764 70.0709251859 -35.3880692266 -0.5
7765 70.5172368113 -35.6134709414 -0.5
7766 70.9635484367 -35.8388726562 -0.5
7767 71.4098600621 -36.064274371 -0.5
7768 67.839367059 -34.2610606525 0
7769 68.2856786844 -34.4864623673 0
7770 68.7319903098 -34.7118640821 0
7771 69.1783019352 -34.9372657969 0
7772 69.6246135606 -35.1626675118 0
7773 70.0709251859 -35.3880692266 0
7774 70.5172368113 -35.6134709414 0
7775 70.9635484367 -35.8388726562 0
7776 71.4098600621 -36.064274371 0
7777 67.6183525773 -34.695221497 -7.62637897984
7778 67.6183525773 -34.695221497 -7.5
7779 68.0632101601 -34.9234795332 -7.62637897984
7780 68.0632101601 -34.9234795332 -7.5
7781 68.5080677428 -35.1517375693 -7.62637897984
7782 68.5080677428 -35.1517375693 -7.5
7783 68.9529253256 -35.3799956055 -7.62637897984
7784 68.9529253256 -35.3799956055 -7.5
7785 69.3977829083 -35.6082536416 -7.62637897984
7786 69.3977829083 -35.6082536416 -7.5
7787 69.8426404911 -35.8365116778 -7.62637897984
7788 69.8426404911 -35.8365116778 -7.5
7789 70.2874980738 -36.064769714 -7.62637897984
7790 70.2874980738 -36.064769714 -7.5
7791 70.7323556566 -36.2930277501 -7.62637897984
7792 70.7323556566 -36.2930277501 -7.5
7793 71.1772132393 -36.5212857863 -7.62637897984
7794 71.1772132393 -36.5212857863 -7.5
7795 67.6183525773 -34.695221497 -7
7796 68.0632101601 -34.9234795332 -7
7797 68.5080677428 -35.1517375693 -7
7798 68.9529253256 -35.3799956055 -7
7799 69.3977829083 -35.6082536416 -7
7800 69.8426404911 -35.8365116778 -7
7801 70.2874980738 -36.064769714 -7
7802 70.7323556566 -36.2930277501 -7
7803 71.1772132393 -36.5212857863 -7
7804 67.6183525773 -34.695221497 -6.5
7805 68.0632101601 -34.9234795332 -6.5
7806 68.5080677428 -35.1517375693 -6.5
7807 68.9529253256 -35.3799956055 -6.5
7808 69.3977829083 -35.6082536416 -6.5
7809 69.8426404911 -35.8365116778 -6.5
7810 70.2874980738 -36.064769714 -6.5
7811 70.7323556566 -36.2930277501 -6.5
7812 71.1772132393 -36.5212857863 -6.5
7813 67.6183525773 -34.695221497 -6
7814 68.0632101601 -34.9234795332 -6
7815 68.5080677428 -35.1517375693 -6
7816 68.9529253256 -35.3799956055 -6
7817 69.3977829083 -35.6082536416 -6
7818 69.8426404911 -35.8365116778 -6
7819 70.2874980738 -36.064769714 -6
7820 70.7323556566 -36.2930277501 -6
7821 71.1772132393 -36.5212857863 -6
7822 67.6183525773 -34.695221497 -5.5
7823 68.0632101601 -34.9234795332 -5.5
7824 68.5080677428 -35.1517375693 -5.5
7825 68.9529253256 -35.3799956055 -5.5
7826 69.3977829083 -35.6082536416 -5.5
7827 69.8426404911 -35.8365116778 -5.5
7828 70.2874980738 -36.064769714 -5.5
7829 70.7323556566 -36.2930277501 -5.5
7830 71.1772132393 -36.5212857863 -5.5
7831 67.6183525773 -34.695221497 -5
7832 68.0632101601 -34.9234795332 -5
7833 68.5080677428 -35.1517375693 -5
7834 68.9529253256 -35.3799956055 -5
7835 69.3977829083 -35.6082536416 -5
7836 69.8426404911 -35.8365116778 -5
7837 70.2874980738 -36.064769714 -5
7838 70.7323556566 -36.2930277501 -5
7839 71.1772132393 -36.5212857863 -5
7840 67.6183525773 -34.695221497 -4.5
7841 68.0632101601 -34.9234795332 -4.5
7842 68.5080677428 -35.1517375693 -4.5
7843 68.9529253256 -35.3799956055 -4.5
7844 69.3977829083 -35.6082536416 -4.5
7845 69.8426404911 -35.8365116778 -4.5
7846 70.2874980738 -36.064769714 -4.5
7847 70.7323556566 -36.2930277501 -4.5
7848 71.1772132393 -36.5212857863 -4.5
7849 67.6183525773 -34.695221497 -4
7850 68.0632101601 -34.9234795332 -4
7851 68.5080677428 -35.1517375693 -4
7852 68.9529253256 -35.3799956055 -4
7853 69.3977829083 -35.6082536416 -4
7854 69.8426404911 -35.8365116778 -4
7855 70.2874980738 -36.064769714 -4
7856 70.7323556566 -36.2930277501 -4
7857 71.1772132393 -36.5212857863 -4
7858 67.6183525773 -34.695221497 -3.5
7859 68.0632101601 -34.9234795332 -3.5
7860 68.5080677428 -35.1517375693 -3.5
7861 68.9529253256 -35.3799956055 -3.5
7862 69.3977829083 -35.6082536416 -3.5
7863 69.8426404911 -35.8365116778 -3.5
7864 70.2874980738 -36.064769714 -3.5
7865 70.7323556566 -36.2930277501 -3.5
7866 71.1772132393 -36.5212857863 -3.5
7867 67.6183525773 -34.695221497 -3
7868 68.0632101601 -34.9234795332 -3
7869 68.5080677428 -35.1517375693 -3
7870 68.9529253256 -35.3799956055 -3
7871 69.3977829083 -35.6082536416 -3
7872 69.8426404911 -35.8365116778 -3
7873 70.2874980738 -36.064769714 -3
7874 70.7323556566 -36.2930277501 -3
7875 71.1772132393 -36.5212857863 -3
7876 67.6183525773 -34.695221497 -2.5
7877 68.0632101601 -34.9234795332 -2.5
7878 68.5080677428 -35.1517375693 -2.5
7879 68.9529253256 -35.3799956055 -2.5
7880 69.3977829083 -35.6082536416 -2.5
7881 69.8426404911 -35.8365116778 -2.5
7882 70.2874980738 -36.064769714 -2.5
7883 70.7323556566 -36.2930277501 -2.5
7884 71.1772132393 -36.5212857863 -2.5
7885 67.6183525773 -34.695221497 -2
7886 68.0632101601 -34.9234795332 -2
7887 68.5080677428 -35.1517375693 -2
7888 68.9529253256 -35.3799956055 -2
7889 69.3977829083 -35.6082536416 -2
7890 69.8426404911 -35.8365116778 -2
7891 70.2874980738 -36.064769714 -2
7892 70.7323556566 -36.2930277501 -2
7893 71.1772132393 -36.5212857863 -2
7894 67.6183525773 -34.695221497 -1.5
7895 68.0632101601 -34.9234795332 -1.5
7896 68.5080677428 -35.1517375693 -1.5
7897 68.9529253256 -35.3799956055 -1.5
7898 69.3977829083 -35.6082536416 -1.5
7899 69.8426404911 -35.8365116778 -1.5
7900 70.2874980738 -36.064769714 -1.5
7901 70.7323556566 -36.2930277501 -1.5
7902 71.1772132393 -36.5212857863 -1.5
7903 67.6183525773 -34.695221497 -1
7904 68.0632101601 -34.9234795332 -1
7905 68.5080677428 -35.1517375693 -1
7906 68.9529253256 -35.3799956055 -1
7907 69.3977829083 -35.6082536416 -1
7908 69.8426404911 -35.8365116778 -1
7909 70.2874980738 -36.064769714 -1
7910 70.7323556566 -36.2930277501 -1
7911 71.1772132393 -36.5212857863 -1
7912 67.6183525773 -34.695221497 -0.5
7913 68.0632101601 -34.9234795332 -0.5
7914 68.5080677428 -35.1517375693 -0.5
7915 68.9529253256 -35.3799956055 -0.5
7916 69.3977829083 -35.6082536416 -0.5
7917 69.8426404911 -35.8365116778 -0.5
7918 70.2874980738 -36.064769714 -0.5
7919 70.7323556566 -36.2930277501 -0.5
7920 71.1772132393 -36.5212857863 -0.5
7921 67.6183525773 -34.695221497 0
7922 68.0632101601 -34.9234795332 0
7923 68.5080677428 -35.1517375693 0
7924 68.9529253256 -35.3799956055 0
7925 69.3977829083 -35.6082536416 0
7926 69.8426404911 -35.8365116778 0
7927 70.2874980738 -36.064769714 0
7928 70.7323556566 -36.2930277501 0
7929 71.1772132393 -36.5212857863 0
7930 67.3945595733 -35.1279566716 -7.38465780313
7931 67.8379448336 -35.3590616497 -7.38465780313
7932 68.281330094 -35.5901666278 -7.38465780313
7933 68.7247153544 -35.8212716059 -7.38465780313
7934 69.1681006147 -36.052376584 -7.38465780313
7935 69.6114858751 -36.2834815621 -7.38465780313
7936 70.0548711354 -36.5145865402 -7.38465780313
7937 70.4982563958 -36.7456915183 -7.38465780313
7938 70.9416416561 -36.9767964964 -7.38465780313
7939 67.3945595733 -35.1279566716 -7
7940 67.8379448336 -35.3590616497 -7
7941 68.281330094 -35.5901666278 -7
7942 68.7247153544 -35.8212716059 -7
7943 69.1681006147 -36.052376584 -7
7944 69.6114858751 -36.2834815621 -7
7945 70.0548711354 -36.5145865402 -7
7946 70.4982563958 -36.7456915183 -7
7947 70.9416416561 -36.9767964964 -7
7948 67.3945595733 -35.1279566716 -6.5
7949 67.8379448336 -35.3590616497 -6.5
7950 68.281330094 -35.5901666278 -6.5
7951 68.7247153544 -35.8212716059 -6.5
7952 69.1681006147 -36.052376584 -6.5
7953 69.6114858751 -36.2834815621 -6.5
7954 70.0548711354 -36.5145865402 -6.5
7955 70.4982563958 -36.7456915183 -6.5
7956 70.9416416561 -36.9767964964 -6.5
7957 67.3945595733 -35.1279566716 -6
7958 67.8379448336 -35.3590616497 -6
7959 68.281330094 -35.5901666278 -6
7960 68.7247153544 -35.8212716059 -6
7961 69.1681006147 -36.052376584 -6
7962 69.6114858751 -36.2834815621 -6
7963 70.0548711354 -36.5145865402 -6
7964 70.4982563958 -36.7456915183 -6
7965 70.9416416561 -36.9767964964 -6
7966 67.3945595733 -35.1279566716 -5.5
7967 67.8379448336 -35.3590616497 -5.5
7968 68.281330094 -35.5901666278 -5.5
7969 68.7247153544 -35.8212716059 -5.5
7970 69.1681006147 -36.052376584 -5.5
7971 69.6114858751 -36.2834815621 -5.5
7972 70.0548711354 -36.5145865402 -5.5
7973 70.4982563958 -36.7456915183 -5.5
7974 70.9416416561 -36.9767964964 -5.5
7975 67.3945595733 -35.1279566716 -5
7976 67.8379448336 -35.3590616497 -5
7977 68.281330094 -35.5901666278 -5
7978 68.7247153544 -35.8212716059 -5
7979 69.1681006147 -36.052376584 -5
7980 69.6114858751 -36.2834815621 -5
7981 70.0548711354 -36.5145865402 -5
7982 70.4982563958 -36.7456915183 -5
7983 70.9416416561 -36.9767964964 -5
7984 67.3945595733 -35.1279566716 -4.5
7985 67.8379448336 -35.3590616497 -4.5
7986 68.281330094 -35.5901666278 -4.5
7987 68.7247153544 -35.8212716059 -4.5
7988 69.1681006147 -36.052376584 -4.5
7989 69.6114858751 -36.2834815621 -4.5
7990 70.0548711354 -36.5145865402 -4.5
7991 70.4982563958 -36.7456915183 -4.5
7992 70.9416416561 -36.9767964964 -4.5
7993 67.3945595733 -35.1279566716 -4
7994 67.8379448336 -35.3590616497 -4
7995 68.281330094 -35.5901666278 -4
7996 68.7247153544 -35.8212716059 -4
7997 69.1681006147 -36.052376584 -4
7998 69.6114858751 -36.2834815621 -4
7999 70.0548711354 -36.5145865402 -4
8000 70.4982563958 -36.7456915183 -4
8001 70.9416416561 -36.9767964964 -4
8002 67.3945595733 -35.1279566716 -3.5
8003 67.8379448336 -35.3590616497 -3.5
8004 68.281330094 -35.5901666278 -3.5
8005 68.7247153544 -35.8212716059 -3.5
8006 69.1681006147 -36.052376584 -3.5
8007 69.6114858751 -36.2834815621 -3.5
8008 70.0548711354 -36.5145865402 -3.5
8009 70.4982563958 -36.7456915183 -3.5
8010 70.9416416561 -36.9767964964 -3.5
8011 67.3945595733 -35.1279566716 -3
8012 67.8379448336 -35.3590616497 -3
8013 68.281330094 -35.5901666278 -3
8014 68.7247153544 -35.8212716059 -3
8015 69.1681006147 -36.052376584 -3
8016 69.6114858751 -36.2834815621 -3
8017 70.0548711354 -36.5145865402 -3
8018 70.4982563958 -36.7456915183 -3
8019 70.9416416561 -36.9767964964 -3
8020 67.3945595733 -35.1279566716 -2.5
8021 67.8379448336 -35.3590616497 -2.5
8022 68.281330094 -35.5901666278 -2.5
8023 68.7247153544 -35.8212716059 -2.5
8024 69.1681006147 -36.052376584 -2.5
8025 69.6114858751 -36.2834815621 -2.5
8026 70.0548711354 -36.5145865402 -2.5
8027 70.4982563958 -36.7456915183 -2.5
8028 70.9416416561 -36.9767964964 -2.5
8029 67.3945595733 -35.1279566716 -2
8030 67.8379448336 -35.3590616497 -2
8031 68.281330094 -35.5901666278 -2
8032 68.7247153544 -35.8212716059 -2
8033 69.1681006147 -36.052376584 -2
8034 69.6114858751 -36.2834815621 -2
8035 70.0548711354 -36.5145865402 -2
8036 70.4982563958 -36.7456915183 -2
8037 70.9416416561 -36.9767964964 -2
8038 67.3945595733 -35.1279566716 -1.5
8039 67.8379448336 -35.3590616497 -1.5
8040 68.281330094 -35.5901666278 -1.5
8041 68.7247153544 -35.8212716059 -1.5
8042 69.1681006147 -36.052376584 -1.5
8043 69.6114858751 -36.2834815621 -1.5
8044 70.0548711354 -36.5145865402 -1.5
8045 70.4982563958 -36.7456915183 -1.5
8046 70.9416416561 -36.9767964964 -1.5
8047 67.3945595733 -35.1279566716 -1
8048 67.8379448336 -35.3590616497 -1
8049 68.281330094 -35.5901666278 -1
8050 68.7247153544 -35.8212716059 -1
8051 69.1681006147 -36.052376584 -1
8052 69.6114858751 -36.2834815621 -1
8053 70.0548711354 -36.5145865402 -1
8054 70.4982563958 -36.7456915183 -1
8055 70.9416416561 -36.9767964964 -1
8056 67.3945595733 -35.1279566716 -0.5
8057 67.8379448336 -35.3590616497 -0.5
8058 68.281330094 -35.5901666278 -0.5
8059 68.7247153544 -35.8212716059 -0.5
8060 69.1681006147 -36.052376584 -0.5
8061 69.6114858751 -36.2834815621 -0.5
8062 70.0548711354 -36.5145865402 -0.5
8063 70.4982563958 -36.7456915183 -0.5
8064 70.9416416561 -36.9767964964 -0.5
8065 67.3945595733 -35.1279566716 0
8066 67.8379448336 -35.3590616497 0
8067 68.281330094 -35.5901666278 0
8068 68.7247153544 -35.8212716059 0
8069 69.1681006147 -36.052376584 0
8070 69.6114858751 -36.2834815621 0
8071 70.0548711354 -36.5145865402 0
8072 70.4982563958 -36.7456915183 0
8073 70.9416416561 -36.9767964964 0
8074 67.1679972428 -35.5592483947 -7.14248847938
8075 67.1679972428 -35.5592483947 -7
8076 67.6098919615 -35.7931908183 -7.14248847938
8077 67.6098919615 -35.7931908183 -7
8078 68.0517866802 -36.027133242 -7.14248847938
8079 68.0517866802 -36.027133242 -7
8080 68.4936813989 -36.2610756656 -7.14248847938
8081 68.4936813989 -36.2610756656 -7
8082 68.9355761176 -36.4950180893 -7.14248847938
8083 68.9355761176 -36.4950180893 -7
8084 69.3774708363 -36.7289605129 -7.14248847938
8085 69.3774708363 -36.7289605129 -7
8086 69.819365555 -36.9629029366 -7.14248847938
8087 69.819365555 -36.9629029366 -7
8088 70.2612602737 -37.1968453602 -7.14248847938
8089 70.2612602737 -37.1968453602 -7
8090 70.7031549924 -37.4307877839 -7.14248847938
8091 70.7031549924 -37.4307877839 -7
8092 67.1679972428 -35.5592483947 -6.5
8093 67.6098919615 -35.7931908183 -6.5
8094 68.0517866802 -36.027133242 -6.5
8095 68.4936813989 -36.2610756656 -6.5
8096 68.9355761176 -36.4950180893 -6.5
8097 69.3774708363 -36.7289605129 -6.5
8098 69.819365555 -36.9629029366 -6.5
8099 70.2612602737 -37.1968453602 -6.5
8100 70.7031549924 -37.4307877839 -6.5
8101 67.1679972428 -35.5592483947 -6
8102 67.6098919615 -35.7931908183 -6
8103 68.0517866802 -36.027133242 -6
8104 68.4936813989 -36.2610756656 -6
8105 68.9355761176 -36.4950180893 -6
8106 69.3774708363 -36.7289605129 -6
8107 69.819365555 -36.9629029366 -6
8108 70.2612602737 -37.1968453602 -6
8109 70.7031549924 -37.4307877839 -6
8110 67.1679972428 -35.5592483947 -5.5
8111 67.6098919615 -35.7931908183 -5.5
8112 68.0517866802 -36.027133242 -5.5
8113 68.4936813989 -36.2610756656 -5.5
8114 68.9355761176 -36.4950180893 -5.5
8115 69.3774708363 -36.7289605129 -5.5
8116 69.819365555 -36.9629029366 -5.5
8117 70.2612602737 -37.1968453602 -5.5
8118 70.7031549924 -37.4307877839 -5.5
8119 67.1679972428 -35.5592483947 -5
8120 67.6098919615 -35.7931908183 -5
8121 68.0517866802 -36.027133242 -5
8122 68.4936813989 -36.2610756656 -5
8123 68.9355761176 -36.4950180893 -5
8124 69.3774708363 -36.7289605129 -5
8125 69.819365555 -36.9629029366 -5
8126 70.2612602737 -37.1968453602 -5
8127 70.7031549924 -37.4307877839 -5
8128 67.1679972428 -35.5592483947 -4.5
8129 67.6098919615 -35.7931908183 -4.5
8130 68.0517866802 -36.027133242 -4.5
8131 68.4936813989 -36.2610756656 -4.5
8132 68.9355761176 -36.4950180893 -4.5
8133 69.3774708363 -36.7289605129 -4.5
8134 69.819365555 -36.9629029366 -4.5
8135 70.2612602737 -37.1968453602 -4.5
8136 70.7031549924 -37.4307877839 -4.5
8137 67.1679972428 -35.5592483947 -4
8138 67.6098919615 -35.7931908183 -4
8139 68.0517866802 -36.027133242 -4
8140 68.4936813989 -36.2610756656 -4
8141 68.9355761176 -36.4950180893 -4
8142 69.3774708363 -36.7289605129 -4
8143 69.819365555 -36.9629029366 -4
8144 70.2612602737 -37.1968453602 -4
8145 70.7031549924 -37.4307877839 -4
8146 67.1679972428 -35.5592483947 -3.5
8147 67.6098919615 -35.7931908183 -3.5
8148 68.0517866802 -36.027133242 -3.5
8149 68.4936813989 -36.2610756656 -3.5
8150 68.9355761176 -36.4950180893 -3.5
8151 69.3774708363 -36.7289605129 -3.5
8152 69.819365555 -36.9629029366 -3.5
8153 70.2612602737 -37.1968453602 -3.5
8154 70.7031549924 -37.4307877839 -3.5
8155 67.1679972428 -35.5592483947 -3
8156 67.6098919615 -35.7931908183 -3
8157 68.0517866802 -36.027133242 -3
8158 68.4936813989 -36.2610756656 -3
8159 68.9355761176 -36.4950180893 -3
8160 69.3774708363 -36.7289605129 -3
8161 69.819365555 -36.9629029366 -3
8162 70.2612602737 -37.1968453602 -3
8163 70.7031549924 -37.4307877839 -3
8164 67.1679972428 -35.5592483947 -2.5
8165 67.6098919615 -35.7931908183 -2.5
8166 68.0517866802 -36.027133242 -2.5
8167 68.4936813989 -36.2610756656 -2.5
8168 68.9355761176 -36.4950180893 -2.5
8169 69.3774708363 -36.7289605129 -2.5
8170 69.819365555 -36.9629029366 -2.5
8171 70.2612602737 -37.1968453602 -2.5
8172 70.7031549924 -37.4307877839 -2.5
8173 67.1679972428 -35.5592483947 -2
8174 67.6098919615 -35.7931908183 -2
8175 68.0517866802 -36.027133242 -2
8176 68.4936813989 -36.2610756656 -2
8177 68.9355761176 -36.4950180893 -2
8178 69.3774708363 -36.7289605129 -2
8179 69.819365555 -36.9629029366 -2
8180 70.2612602737 -37.1968453602 -2
8181 70.7031549924 -37.4307877839 -2
8182 67.1679972428 -35.5592483947 -1.5
8183 67.6098919615 -35.7931908183 -1.5
8184 68.0517866802 -36.027133242 -1.5
8185 68.4936813989 -36.2610756656 -1.5
8186 68.9355761176 -36.4950180893 -1.5
8187 69.3774708363 -36.7289605129 -1.5
8188 69.819365555 -36.9629029366 -1.5
8189 70.2612602737 -37.1968453602 -1.5
8190 70.7031549924 -37.4307877839 -1.5
8191 67.1679972428 -35.5592483947 -1
8192 67.6098919615 -35.7931908183 -1
8193 68.0517866802 -36.027133242 -1
8194 68.4936813989 -36.2610756656 -1
8195 68.9355761176 -36.4950180893 -1
8196 69.3774708363 -36.7289605129 -1
8197 69.819365555 -36.9629029366 -1
8198 70.2612602737 -37.1968453602 -1
8199 70.7031549924 -37.4307877839 -1
8200 67.1679972428 -35.5592483947 -0.5
8201 67.6098919615 -35.7931908183 -0.5
8202 68.0517866802 -36.027133242 -0.5
8203 68.4936813989 -36.2610756656 -0.5
8204 68.9355761176 -36.4950180893 -0.5
8205 69.3774708363 -36.7289605129 -0.5
8206 69.819365555 -36.9629029366 -0.5
8207 70.2612602737 -37.1968453602 -0.5
8208 70.7031549924 -37.4307877839 -0.5
8209 67.1679972428 -35.5592483947 0
8210 67.6098919615 -35.7931908183 0
8211 68.0517866802 -36.027133242 0
8212 68.4936813989 -36.2610756656 0
8213 68.9355761176 -36.4950180893 0
8214 69.3774708363 -36.7289605129 0
8215 69.819365555 -36.9629029366 0
8216 70.2612602737 -37.1968453602 0
8217 70.7031549924 -37.4307877839 0
8218 66.9386748955 -35.9890789439 -6.89969951135
8219 67.3790609146 -36.2258492001 -6.89969951135
8220 67.8194469336 -36.4626194563 -6.89969951135
8221 68.2598329527 -36.6993897125 -6.89969951135
8222 68.7002189717 -36.9361599687 -6.89969951135
8223 69.1406049908 -37.1729302249 -6.89969951135
8224 69.5809910098 -37.4097004811 -6.89969951135
8225 70.0213770289 -37.6464707374 -6.89969951135
8226 70.4617630479 -37.8832409936 -6.89969951135
8227 66.9386748955 -35.9890789439 -6.5
8228 67.3790609146 -36.2258492001 -6.5
8229 67.8194469336 -36.4626194563 -6.5
8230 68.2598329527 -36.6993897125 -6.5
8231 68.7002189717 -36.9361599687 -6.5
8232 69.1406049908 -37.1729302249 -6.5
8233 69.5809910098 -37.4097004811 -6.5
8234 70.0213770289 -37.6464707374 -6.5
8235 70.4617630479 -37.8832409936 -6.5
8236 66.9386748955 -35.9890789439 -6
8237 67.3790609146 -36.2258492001 -6
8238 67.8194469336 -36.4626194563 -6
8239 68.2598329527 -36.6993897125 -6
8240 68.7002189717 -36.9361599687 -6
8241 69.1406049908 -37.1729302249 -6
8242 69.5809910098 -37.4097004811 -6
8243 70.0213770289 -37.6464707374 -6
8244 70.4617630479 -37.8832409936 -6
8245 66.9386748955 -35.9890789439 -5.5
8246 67.3790609146 -36.2258492001 -5.5
8247 67.8194469336 -36.4626194563 -5.5
8248 68.2598329527 -36.6993897125 -5.5
8249 68.7002189717 -36.9361599687 -5.5
8250 69.1406049908 -37.1729302249 -5.5
8251 69.5809910098 -37.4097004811 -5.5
8252 70.0213770289 -37.6464707374 -5.5
8253 70.4617630479 -37.8832409936 -5.5
8254 66.9386748955 -35.9890789439 -5
8255 67.3790609146 -36.2258492001 -5
8256 67.8194469336 -36.4626194563 -5
8257 68.2598329527 -36.6993897125 -5
8258 68.7002189717 -36.9361599687 -5
8259 69.1406049908 -37.1729302249 -5
8260 69.5809910098 -37.4097004811 -5
8261 70.0213770289 -37.6464707374 -5
8262 70.4617630479 -37.8832409936 -5
8263 66.9386748955 -35.9890789439 -4.5
8264 67.3790609146 -36.2258492001 -4.5
8265 67.8194469336 -36.4626194563 -4.5
8266 68.2598329527 -36.6993897125 -4.5
8267 68.7002189717 -36.9361599687 -4.5
8268 69.1406049908 -37.1729302249 -4.5
8269 69.5809910098 -37.4097004811 -4.5
8270 70.0213770289 -37.6464707374 -4.5
8271 70.4617630479 -37.8832409936 -4.5
8272 66.9386748955 -35.9890789439 -4
8273 67.3790609146 -36.2258492001 -4
8274 67.8194469336 -36.4626194563 -4
8275 68.2598329527 -36.6993897125 -4
8276 68.7002189717 -36.9361599687 -4
8277 69.1406049908 -37.1729302249 -4
8278 69.5809910098 -37.4097004811 -4
8279 70.0213770289 -37.6464707374 -4
8280 70.4617630479 -37.8832409936 -4
8281 66.9386748955 -35.9890789439 -3.5
8282 67.3790609146 -36.2258492001 -3.5
8283 67.8194469336 -36.4626194563 -3.5
8284 68.2598329527 -36.6993897125 -3.5
8285 68.7002189717 -36.9361599687 -3.5
8286 69.1406049908 -37.1729302249 -3.5
8287 69.5809910098 -37.4097004811 -3.5
8288 70.0213770289 -37.6464707374 -3.5
8289 70.4617630479 -37.8832409936 -3.5
8290 66.9386748955 -35.9890789439 -3
8291 67.3790609146 -36.2258492001 -3
8292 67.8194469336 -36.4626194563 -3
8293 68.2598329527 -36.6993897125 -3
8294 68.7002189717 -36.9361599687 -3
8295 69.1406049908 -37.1729302249 -3
8296 69.5809910098 -37.4097004811 -3
8297 70.0213770289 -37.6464707374 -3
8298 70.4617630479 -37.8832409936 -3
8299 66.9386748955 -35.9890789439 -2.5
8300 67.3790609146 -36.2258492001 -2.5
8301 67.8194469336 -36.4626194563 -2.5
8302 68.2598329527 -36.6993897125 -2.5
8303 68.7002189717 -36.9361599687 -2.5
8304 69.1406049908 -37.1729302249 -2.5
8305 69.5809910098 -37.4097004811 -2.5
8306 70.0213770289 -37.6464707374 -2.5
8307 70.4617630479 -37.8832409936 -2.5
8308 66.9386748955 -35.9890789439 -2
8309 67.3790609146 -36.2258492001 -2
8310 67.8194469336 -36.4626194563 -2
8311 68.2598329527 -36.6993897125 -2
8312 68.7002189717 -36.9361599687 -2
8313 69.1406049908 -37.1729302249 -2
8314 69.5809910098 -37.4097004811 -2
8315 70.0213770289 -37.6464707374 -2
8316 70.4617630479 -37.8832409936 -2
8317 66.9386748955 -35.9890789439 -1.5
8318 67.3790609146 -36.2258492001 -1.5
8319 67.8194469336 -36.4626194563 -1.5
8320 68.2598329527 -36.6993897125 -1.5
8321 68.7002189717 -36.9361599687 -1.5
8322 69.1406049908 -37.1729302249 -1.5
8323 69.5809910098 -37.4097004811 -1.5
8324 70.0213770289 -37.6464707374 -1.5
8325 70.4617630479 -37.8832409936 -1.5
8326 66.9386748955 -35.9890789439 -1
8327 67.3790609146 -36.2258492001 -1
8328 67.8194469336 -36.4626194563 -1
8329 68.2598329527 -36.6993897125 -1
8330 68.7002189717 -36.9361599687 -1
8331 69.1406049908 -37.1729302249 -1
8332 69.5809910098 -37.4097004811 -1
8333 70.0213770289 -37.6464707374 -1
8334 70.4617630479 -37.8832409936 -1
8335 66.9386748955 -35.9890789439 -0.5
8336 67.3790609146 -36.2258492001 -0.5
8337 67.8194469336 -36.4626194563 -0.5
8338 68.2598329527 -36.6993897125 -0.5
8339 68.7002189717 -36.9361599687 -0.5
8340 69.1406049908 -37.1729302249 -0.5
8341 69.5809910098 -37.4097004811 -0.5
8342 70.0213770289 -37.6464707374 -0.5
8343 70.4617630479 -37.8832409936 -0.5
8344 66.9386748955 -35.9890789439 0
8345 67.3790609146 -36.2258492001 0
8346 67.8194469336 -36.4626194563 0
8347 68.2598329527 -36.6993897125 0
8348 68.7002189717 -36.9361599687 0
8349 69.1406049908 -37.1729302249 0
8350 69.5809910098 -37.4097004811 0
8351 70.0213770289 -37.6464707374 0
8352 70.4617630479 -37.8832409936 0
8353 66.7066019547 -36.417430657 -6.65611940178
8354 66.7066019547 -36.417430657 -6.5
8355 67.1454611781 -36.6570190166 -6.65611940178
8356 67.1454611781 -36.6570190166 -6.5
8357 67.5843204015 -36.8966073762 -6.65611940178
8358 67.5843204015 -36.8966073762 -6.5
8359 68.0231796249 -37.1361957358 -6.65611940178
8360 68.0231796249 -37.1361957358 -6.5
8361 68.4620388482 -37.3757840953 -6.65611940178
8362 68.4620388482 -37.3757840953 -6.5
8363 68.9008980716 -37.6153724549 -6.65611940178
8364 68.9008980716 -37.6153724549 -6.5
8365 69.339757295 -37.8549608145 -6.65611940178
8366 69.339757295 -37.8549608145 -6.5
8367 69.7786165184 -38.0945491741 -6.65611940178
8368 69.7786165184 -38.0945491741 -6.5
8369 70.2174757418 -38.3341375337 -6.65611940178
8370 70.2174757418 -38.3341375337 -6.5
8371 66.7066019547 -36.417430657 -6
8372 67.1454611781 -36.6570190166 -6
8373 67.5843204015 -36.8966073762 -6
8374 68.0231796249 -37.1361957358 -6
8375 68.4620388482 -37.3757840953 -6
8376 68.9008980716 -37.6153724549 -6
8377 69.339757295 -37.8549608145 -6
8378 69.7786165184 -38.0945491741 -6
8379 70.2174757418 -38.3341375337 -6
8380 66.7066019547 -36.417430657 -5.5
8381 67.1454611781 -36.6570190166 -5.5
8382 67.5843204015 -36.8966073762 -5.5
8383 68.0231796249 -37.1361957358 -5.5
8384 68.4620388482 -37.3757840953 -5.5
8385 68.9008980716 -37.6153724549 -5.5
8386 69.339757295 -37.8549608145 -5.5
8387 69.7786165184 -38.0945491741 -5.5
8388 70.2174757418 -38.3341375337 -5.5
8389 66.7066019547 -36.417430657 -5
8390 67.1454611781 -36.6570190166 -5
8391 67.5843204015 -36.8966073762 -5
8392 68.0231796249 -37.1361957358 -5
8393 68.4620388482 -37.3757840953 -5
8394 68.9008980716 -37.6153724549 -5
8395 69.339757295 -37.8549608145 -5
8396 69.7786165184 -38.0945491741 -5
8397 70.2174757418 -38.3341375337 -5
8398 66.7066019547 -36.417430657 -4.5
8399 67.1454611781 -36.6570190166 -4.5
8400 67.5843204015 -36.8966073762 -4.5
8401 68.0231796249 -37.1361957358 -4.5
8402 68.4620388482 -37.3757840953 -4.5
8403 68.9008980716 -37.6153724549 -4.5
8404 69.339757295 -37.8549608145 -4.5
8405 69.7786165184 -38.0945491741 -4.5
8406 70.2174757418 -38.3341375337 -4.5
8407 66.7066019547 -36.417430657 -4
8408 67.1454611781 -36.6570190166 -4
8409 67.5843204015 -36.8966073762 -4
8410 68.0231796249 -37.1361957358 -4
8411 68.4620388482 -37.3757840953 -4
8412 68.9008980716 -37.6153724549 -4
8413 69.339757295 -37.8549608145 -4
8414 69.7786165184 -38.0945491741 -4
8415 70.2174757418 -38.3341375337 -4
8416 66.7066019547 -36.417430657 -3.5
8417 67.1454611781 -36.6570190166 -3.5
8418 67.5843204015 -36.8966073762 -3.5
8419 68.0231796249 -37.1361957358 -3.5
8420 68.4620388482 -37.3757840953 -3.5
8421 68.9008980716 -37.6153724549 -3.5
8422 69.339757295 -37.8549608145 -3.5
8423 69.7786165184 -38.0945491741 -3.5
8424 70.2174757418 -38.3341375337 -3.5
8425 66.7066019547 -36.417430657 -3
8426 67.1454611781 -36.6570190166 -3
8427 67.5843204015 -36.8966073762 -3
8428 68.0231796249 -37.1361957358 -3
8429 68.4620388482 -37.3757840953 -3
8430 68.9008980716 -37.6153724549 -3
8431 69.339757295 -37.8549608145 -3
8432 69.7786165184 -38.0945491741 -3
8433 70.2174757418 -38.3341375337 -3
8434 66.7066019547 -36.417430657 -2.5
8435 67.1454611781 -36.6570190166 -2.5
8436 67.5843204015 -36.8966073762 -2.5
8437 68.0231796249 -37.1361957358 -2.5
8438 68.4620388482 -37.3757840953 -2.5
8439 68.9008980716 -37.6153724549 -2.5
8440 69.339757295 -37.8549608145 -2.5
8441 69.7786165184 -38.0945491741 -2.5
8442 70.2174757418 -38.3341375337 -2.5
8443 66.7066019547 -36.417430657 -2
8444 67.1454611781 -36.6570190166 -2
8445 67.5843204015 -36.8966073762 -2
8446 68.0231796249 -37.1361957358 -2
8447 68.4620388482 -37.3757840953 -2
8448 68.9008980716 -37.6153724549 -2
8449 69.339757295 -37.8549608145 -2
8450 69.7786165184 -38.0945491741 -2
8451 70.2174757418 -38.3341375337 -2
8452 66.7066019547 -36.417430657 -1.5
8453 67.1454611781 -36.6570190166 -1.5
8454 67.5843204015 -36.8966073762 -1.5
8455 68.0231796249 -37.1361957358 -1.5
8456 68.4620388482 -37.3757840953 -1.5
8457 68.9008980716 -37.6153724549 -1.5
8458 69.339757295 -37.8549608145 -1.5
8459 69.7786165184 -38.0945491741 -1.5
8460 70.2174757418 -38.3341375337 -1.5
8461 66.7066019547 -36.417430657 -1
8462 67.1454611781 -36.6570190166 -1
8463 67.5843204015 -36.8966073762 -1
8464 68.0231796249 -37.1361957358 -1
8465 68.4620388482 -37.3757840953 -1
8466 68.9008980716 -37.6153724549 -1
8467 69.339757295 -37.8549608145 -1
8468 69.7786165184 -38.0945491741 -1
8469 70.2174757418 -38.3341375337 -1
8470 66.7066019547 -36.417430657 -0.5
8471 67.1454611781 -36.6570190166 -0.5
8472 67.5843204015 -36.8966073762 -0.5
8473 68.0231796249 -37.1361957358 -0.5
8474 68.4620388482 -37.3757840953 -0.5
8475 68.9008980716 -37.6153724549 -0.5
8476 69.339757295 -37.8549608145 -0.5
8477 69.7786165184 -38.0945491741 -0.5
8478 70.2174757418 -38.3341375337 -0.5
8479 66.7066019547 -36.417430657 0
8480 67.1454611781 -36.6570190166 0
8481 67.5843204015 -36.8966073762 0
8482 68.0231796249 -37.1361957358 0
8483 68.4620388482 -37.3757840953 0
8484 68.9008980716 -37.6153724549 0
8485 69.339757295 -37.8549608145 0
8486 69.7786165184 -38.0945491741 0
8487 70.2174757418 -38.3341375337 0
8488 66.4717879564 -36.8442859325 -6.41157665341
8489 66.9091023509 -37.0866825505 -6.41157665341
8490 67.3464167453 -37.3290791684 -6.41157665341
8491 67.7837311398 -37.5714757864 -6.41157665341
8492 68.2210455342 -37.8138724044 -6.41157665341
8493 68.6583599287 -38.0562690224 -6.41157665341
8494 69.0956743231 -38.2986656404 -6.41157665341
8495 69.5329887176 -38.5410622583 -6.41157665341
8496 69.970303112 -38.7834588763 -6.41157665341
8497 66.4717879564 -36.8442859325 -6
8498 66.9091023509 -37.0866825505 -6
8499 67.3464167453 -37.3290791684 -6
8500 67.7837311398 -37.5714757864 -6
8501 68.2210455342 -37.8138724044 -6
8502 68.6583599287 -38.0562690224 -6
8503 69.0956743231 -38.2986656404 -6
8504 69.5329887176 -38.5410622583 -6
8505 69.970303112 -38.7834588763 -6
8506 66.4717879564 -36.8442859325 -5.5
8507 66.9091023509 -37.0866825505 -5.5
8508 67.3464167453 -37.3290791684 -5.5
8509 67.7837311398 -37.5714757864 -5.5
8510 68.2210455342 -37.8138724044 -5.5
8511 68.6583599287 -38.0562690224 -5.5
8512 69.0956743231 -38.2986656404 -5.5
8513 69.5329887176 -38.5410622583 -5.5
8514 69.970303112 -38.7834588763 -5.5
8515 66.4717879564 -36.8442859325 -5
8516 66.9091023509 -37.0866825505 -5
8517 67.3464167453 -37.3290791684 -5
8518 67.7837311398 -37.5714757864 -5
8519 68.2210455342 -37.8138724044 -5
8520 68.6583599287 -38.0562690224 -5
8521 69.0956743231 -38.2986656404 -5
8522 69.5329887176 -38.5410622583 -5
8523 69.970303112 -38.7834588763 -5
8524 66.4717879564 -36.8442859325 -4.5
8525 66.9091023509 -37.0866825505 -4.5
8526 67.3464167453 -37.3290791684 -4.5
8527 67.7837311398 -37.5714757864 -4.5
8528 68.2210455342 -37.8138724044 -4.5
8529 68.6583599287 -38.0562690224 -4.5
8530 69.0956743231 -38.2986656404 -4.5
8531 69.5329887176 -38.5410622583 -4.5
8532 69.970303112 -38.7834588763 -4.5
8533 66.4717879564 -36.8442859325 -4
8534 66.9091023509 -37.0866825505 -4
8535 67.3464167453 -37.3290791684 -4
8536 67.7837311398 -37.5714757864 -4
8537 68.2210455342 -37.8138724044 -4
8538 68.6583599287 -38.0562690224 -4
8539 69.0956743231 -38.2986656404 -4
8540 69.5329887176 -38.5410622583 -4
8541 69.970303112 -38.7834588763 -4
8542 66.4717879564 -36.8442859325 -3.5
8543 66.9091023509 -37.0866825505 -3.5
8544 67.3464167453 -37.3290791684 -3.5
8545 67.7837311398 -37.5714757864 -3.5
8546 68.2210455342 -37.8138724044 -3.5
8547 68.6583599287 -38.0562690224 -3.5
8548 69.0956743231 -38.2986656404 -3.5
8549 69.5329887176 -38.5410622583 -3.5
8550 69.970303112 -38.7834588763 -3.5
8551 66.4717879564 -36.8442859325 -3
8552 66.9091023509 -37.0866825505 -3
8553 67.3464167453 -37.3290791684 -3
8554 67.7837311398 -37.5714757864 -3
8555 68.2210455342 -37.8138724044 -3
8556 68.6583599287 -38.0562690224 -3
8557 69.0956743231 -38.2986656404 -3
8558 69.5329887176 -38.5410622583 -3
8559 69.970303112 -38.7834588763 -3
8560 66.4717879564 -36.8442859325 -2.5
8561 66.9091023509 -37.0866825505 -2.5
8562 67.3464167453 -37.3290791684 -2.5
8563 67.7837311398 -37.5714757864 -2.5
8564 68.2210455342 -37.8138724044 -2.5
8565 68.6583599287 -38.0562690224 -2.5
8566 69.0956743231 -38.2986656404 -2.5
8567 69.5329887176 -38.5410622583 -2.5
8568 69.970303112 -38.7834588763 -2.5
8569 66.4717879564 -36.8442859325 -2
8570 66.9091023509 -37.0866825505 -2
8571 67.3464167453 -37.3290791684 -2
8572 67.7837311398 -37.5714757864 -2
8573 68.2210455342 -37.8138724044 -2
8574 68.6583599287 -38.0562690224 -2
8575 69.0956743231 -38.2986656404 -2
8576 69.5329887176 -38.5410622583 -2
8577 69.970303112 -38.7834588763 -2
8578 66.4717879564 -36.8442859325 -1.5
8579 66.9091023509 -37.0866825505 -1.5
8580 67.3464167453 -37.3290791684 -1.5
8581 67.7837311398 -37.5714757864 -1.5
8582 68.2210455342 -37.8138724044 -1.5
8583 68.6583599287 -38.0562690224 -1.5
8584 69.0956743231 -38.2986656404 -1.5
8585 69.5329887176 -38.5410622583 -1.5
8586 69.970303112 -38.7834588763 -1.5
8587 66.4717879564 -36.8442859325 -1
8588 66.9091023509 -37.0866825505 -1
8589 67.3464167453 -37.3290791684 -1
8590 67.7837311398 -37.5714757864 -1
8591 68.2210455342 -37.8138724044 -1
8592 68.6583599287 -38.0562690224 -1
8593 69.0956743231 -38.2986656404 -1
8594 69.5329887176 -38.5410622583 -1
8595 69.970303112 -38.7834588763 -1
8596 66.4717879564 -36.8442859325 -0.5
8597 66.9091023509 -37.0866825505 -0.5
8598 67.3464167453 -37.3290791684 -0.5
8599 67.7837311398 -37.5714757864 -0.5
8600 68.2210455342 -37.8138724044 -0.5
8601 68.6583599287 -38.0562690224 -0.5
8602 69.0956743231 -38.2986656404 -0.5
8603 69.5329887176 -38.5410622583 -0.5
8604 69.970303112 -38.7834588763 -0.5
8605 66.4717879564 -36.8442859325 0
8606 66.9091023509 -37.0866825505 0
8607 67.3464167453 -37.3290791684 0
8608 67.7837311398 -37.5714757864 0
8609 68.2210455342 -37.8138724044 0
8610 68.6583599287 -38.0562690224 0
8611 69.0956743231 -38.2986656404 0
8612 69.5329887176 -38.5410622583 0
8613 69.970303112 -38.7834588763 0
8614 66.2342425495 -37.2696272303 -6.16589976901
8615 66.2342425495 -37.2696272303 -6
8616 66.6699941453 -37.5148221463 -6.16589976901
8617 66.6699941453 -37.5148221463 -6
8618 67.105745741 -37.7600170623 -6.16589976901
8619 67.105745741 -37.7600170623 -6
8620 67.5414973367 -38.0052119783 -6.16589976901
8621 67.5414973367 -38.0052119783 -6
8622 67.9772489324 -38.2504068943 -6.16589976901
8623 67.9772489324 -38.2504068943 -6
8624 68.4130005281 -38.4956018103 -6.16589976901
8625 68.4130005281 -38.4956018103 -6
8626 68.8487521239 -38.7407967263 -6.16589976901
8627 68.8487521239 -38.7407967263 -6
8628 69.2845037196 -38.9859916423 -6.16589976901
8629 69.2845037196 -38.9859916423 -6
8630 69.7202553153 -39.2311865583 -6.16589976901
8631 69.7202553153 -39.2311865583 -6
8632 66.2342425495 -37.2696272303 -5.5
8633 66.6699941453 -37.5148221463 -5.5
8634 67.105745741 -37.7600170623 -5.5
8635 67.5414973367 -38.0052119783 -5.5
8636 67.9772489324 -38.2504068943 -5.5
8637 68.4130005281 -38.4956018103 -5.5
8638 68.8487521239 -38.7407967263 -5.5
8639 69.2845037196 -38.9859916423 -5.5
8640 69.7202553153 -39.2311865583 -5.5
8641 66.2342425495 -37.2696272303 -5
8642 66.6699941453 -37.5148221463 -5
8643 67.105745741 -37.7600170623 -5
8644 67.5414973367 -38.0052119783 -5
8645 67.9772489324 -38.2504068943 -5
8646 68.4130005281 -38.4956018103 -5
8647 68.8487521239 -38.7407967263 -5
8648 69.2845037196 -38.9859916423 -5
8649 69.7202553153 -39.2311865583 -5
8650 66.2342425495 -37.2696272303 -4.5
8651 66.6699941453 -37.5148221463 -4.5
8652 67.105745741 -37.7600170623 -4.5
8653 67.5414973367 -38.0052119783 -4.5
8654 67.9772489324 -38.2504068943 -4.5
8655 68.4130005281 -38.4956018103 -4.5
8656 68.8487521239 -38.7407967263 -4.5
8657 69.2845037196 -38.9859916423 -4.5
8658 69.7202553153 -39.2311865583 -4.5
8659 66.2342425495 -37.2696272303 -4
8660 66.6699941453 -37.5148221463 -4
8661 67.105745741 -37.7600170623 -4
8662 67.5414973367 -38.0052119783 -4
8663 67.9772489324 -38.2504068943 -4
8664 68.4130005281 -38.4956018103 -4
8665 68.8487521239 -38.7407967263 -4
8666 69.2845037196 -38.9859916423 -4
8667 69.7202553153 -39.2311865583 -4
8668 66.2342425495 -37.2696272303 -3.5
8669 66.6699941453 -37.5148221463 -3.5
8670 67.105745741 -37.7600170623 -3.5
8671 67.5414973367 -38.0052119783 -3.5
8672 67.9772489324 -38.2504068943 -3.5
8673 68.4130005281 -38.4956018103 -3.5
8674 68.8487521239 -38.7407967263 -3.5
8675 69.2845037196 -38.9859916423 -3.5
8676 69.7202553153 -39.2311865583 -3.5
8677 66.2342425495 -37.2696272303 -3
8678 66.6699941453 -37.5148221463 -3
8679 67.105745741 -37.7600170623 -3
8680 67.5414973367 -38.0052119783 -3
8681 67.9772489324 -38.2504068943 -3
8682 68.4130005281 -38.4956018103 -3
8683 68.8487521239 -38.7407967263 -3
8684 69.2845037196 -38.9859916423 -3
8685 69.7202553153 -39.2311865583 -3
8686 66.2342425495 -37.2696272303 -2.5
8687 66.6699941453 -37.5148221463 -2.5
8688 67.105745741 -37.7600170623 -2.5
8689 67.5414973367 -38.0052119783 -2.5
8690 67.9772489324 -38.2504068943 -2.5
8691 68.4130005281 -38.4956018103 -2.5
8692 68.8487521239 -38.7407967263 -2.5
8693 69.2845037196 -38.9859916423 -2.5
8694 69.7202553153 -39.2311865583 -2.5
8695 66.2342425495 -37.2696272303 -2
8696 66.6699941453 -37.5148221463 -2
8697 67.105745741 -37.7600170623 -2
8698 67.5414973367 -38.0052119783 -2
8699 67.9772489324 -38.2504068943 -2
8700 68.4130005281 -38.4956018103 -2
8701 68.8487521239 -38.7407967263 -2
8702 69.2845037196 -38.9859916423 -2
8703 69.7202553153 -39.2311865583 -2
8704 66.2342425495 -37.2696272303 -1.5
8705 66.6699941453 -37.5148221463 -1.5
8706 67.105745741 -37.7600170623 -1.5
8707 67.5414973367 -38.0052119783 -1.5
8708 67.9772489324 -38.2504068943 -1.5
8709 68.4130005281 -38.4956018103 -1.5
8710 68.8487521239 -38.7407967263 -1.5
8711 69.2845037196 -38.9859916423 -1.5
8712 69.7202553153 -39.2311865583 -1.5
8713 66.2342425495 -37.2696272303 -1
8714 66.6699941453 -37.5148221463 -1
8715 67.105745741 -37.7600170623 -1
8716 67.5414973367 -38.0052119783 -1
8717 67.9772489324 -38.2504068943 -1
8718 68.4130005281 -38.4956018103 -1
8719 68.8487521239 -38.7407967263 -1
8720 69.2845037196 -38.9859916423 -1
8721 69.7202553153 -39.2311865583 -1
8722 66.2342425495 -37.2696272303 -0.5
8723 66.6699941453 -37.5148221463 -0.5
8724 67.105745741 -37.7600170623 -0.5
8725 67.5414973367 -38.0052119783 -0.5
8726 67.9772489324 -38.2504068943 -0.5
8727 68.4130005281 -38.4956018103 -0.5
8728 68.8487521239 -38.7407967263 -0.5
8729 69.2845037196 -38.9859916423 -0.5
8730 69.7202553153 -39.2311865583 -0.5
8731 66.2342425495 -37.2696272303 0
8732 66.6699941453 -37.5148221463 0
8733 67.105745741 -37.7600170623 0
8734 67.5414973367 -38.0052119783 0
8735 67.9772489324 -38.2504068943 0
8736 68.4130005281 -38.4956018103 0
8737 68.8487521239 -38.7407967263 0
8738 69.2845037196 -38.9859916423 0
8739 69.7202553153 -39.2311865583 0
8740 65.9939754951 -37.6934370728 -5.91891725132
8741 66.4281463865 -37.9414202114 -5.91891725132
8742 66.8623172779 -38.18940335 -5.91891725132
8743 67.2964881693 -38.4373864887 -5.91891725132
8744 67.7306590607 -38.6853696273 -5.91891725132
8745 68.1648299521 -38.9333527659 -5.91891725132
8746 68.5990008435 -39.1813359046 -5.91891725132
8747 69.033171735 -39.4293190432 -5.91891725132
8748 69.4673426264 -39.6773021819 -5.91891725132
8749 65.9939754951 -37.6934370728 -5.5
8750 66.4281463865 -37.9414202114 -5.5
8751 66.8623172779 -38.18940335 -5.5
8752 67.2964881693 -38.4373864887 -5.5
8753 67.7306590607 -38.6853696273 -5.5
8754 68.1648299521 -38.9333527659 -5.5
8755 68.5990008435 -39.1813359046 -5.5
8756 69.033171735 -39.4293190432 -5.5
8757 69.4673426264 -39.6773021819 -5.5
8758 65.9939754951 -37.6934370728 -5
8759 66.4281463865 -37.9414202114 -5
8760 66.8623172779 -38.18940335 -5
8761 67.2964881693 -38.4373864887 -5
8762 67.7306590607 -38.6853696273 -5
8763 68.1648299521 -38.9333527659 -5
8764 68.5990008435 -39.1813359046 -5
8765 69.033171735 -39.4293190432 -5
8766 69.4673426264 -39.6773021819 -5
8767 65.9939754951 -37.6934370728 -4.5
8768 66.4281463865 -37.9414202114 -4.5
8769 66.8623172779 -38.18940335 -4.5
8770 67.2964881693 -38.4373864887 -4.5
8771 67.7306590607 -38.6853696273 -4.5
8772 68.1648299521 -38.9333527659 -4.5
8773 68.5990008435 -39.1813359046 -4.5
8774 69.033171735 -39.4293190432 -4.5
8775 69.4673426264 -39.6773021819 -4.5
8776 65.9939754951 -37.6934370728 -4
8777 66.4281463865 -37.9414202114 -4
8778 66.8623172779 -38.18940335 -4
8779 67.2964881693 -38.4373864887 -4
8780 67.7306590607 -38.6853696273 -4
8781 68.1648299521 -38.9333527659 -4
8782 68.5990008435 -39.1813359046 -4
8783 69.033171735 -39.4293190432 -4
8784 69.4673426264 -39.6773021819 -4
8785 65.9939754951 -37.6934370728 -3.5
8786 66.4281463865 -37.9414202114 -3.5
8787 66.8623172779 -38.18940335 -3.5
8788 67.2964881693 -38.4373864887 -3.5
8789 67.7306590607 -38.6853696273 -3.5
8790 68.1648299521 -38.9333527659 -3.5
8791 68.5990008435 -39.1813359046 -3.5
8792 69.033171735 -39.4293190432 -3.5
8793 69.4673426264 -39.6773021819 -3.5
8794 65.9939754951 -37.6934370728 -3
8795 66.4281463865 -37.9414202114 -3
8796 66.8623172779 -38.18940335 -3
8797 67.2964881693 -38.4373864887 -3
8798 67.7306590607 -38.6853696273 -3
8799 68.1648299521 -38.9333527659 -3
8800 68.5990008435 -39.1813359046 -3
8801 69.033171735 -39.4293190432 -3
8802 69.4673426264 -39.6773021819 -3
8803 65.9939754951 -37.6934370728 -2.5
8804 66.4281463865 -37.9414202114 -2.5
8805 66.8623172779 -38.18940335 -2.5
8806 67.2964881693 -38.4373864887 -2.5
8807 67.7306590607 -38.6853696273 -2.5
8808 68.1648299521 -38.9333527659 -2.5
8809 68.5990008435 -39.1813359046 -2.5
8810 69.033171735 -39.4293190432 -2.5
8811 69.4673426264 -39.6773021819 -2.5
8812 65.9939754951 -37.6934370728 -2
8813 66.4281463865 -37.9414202114 -2
8814 66.8623172779 -38.18940335 -2
8815 67.2964881693 -38.4373864887 -2
8816 67.7306590607 -38.6853696273 -2
8817 68.1648299521 -38.9333527659 -2
8818 68.5990008435 -39.1813359046 -2
8819 69.033171735 -39.4293190432 -2
8820 69.4673426264 -39.6773021819 -2
8821 65.9939754951 -37.6934370728 -1.5
8822 66.4281463865 -37.9414202114 -1.5
8823 66.8623172779 -38.18940335 -1.5
8824 67.2964881693 -38.4373864887 -1.5
8825 67.7306590607 -38.6853696273 -1.5
8826 68.1648299521 -38.9333527659 -1.5
8827 68.5990008435 -39.1813359046 -1.5
8828 69.033171735 -39.4293190432 -1.5
8829 69.4673426264 -39.6773021819 -1.5
8830 65.9939754951 -37.6934370728 -1
8831 66.4281463865 -37.9414202114 -1
8832 66.8623172779 -38.18940335 -1
8833 67.2964881693 -38.4373864887 -1
8834 67.7306590607 -38.6853696273 -1
8835 68.1648299521 -38.9333527659 -1
8836 68.5990008435 -39.1813359046 -1
8837 69.033171735 -39.4293190432 -1
8838 69.4673426264 -39.6773021819 -1
8839 65.9939754951 -37.6934370728 -0.5
8840 66.4281463865 -37.9414202114 -0.5
8841 66.8623172779 -38.18940335 -0.5
8842 67.2964881693 -38.4373864887 -0.5
8843 67.7306590607 -38.6853696273 -0.5
8844 68.1648299521 -38.9333527659 -0.5
8845 68.5990008435 -39.1813359046 -0.5
8846 69.033171735 -39.4293190432 -0.5
8847 69.4673426264 -39.6773021819 -0.5
8848 65.9939754951 -37.6934370728 0
8849 66.4281463865 -37.9414202114 0
8850 66.8623172779 -38.18940335 0
8851 67.2964881693 -38.4373864887 0
8852 67.7306590607 -38.6853696273 0
8853 68.1648299521 -38.9333527659 0
8854 68.5990008435 -39.1813359046 0
8855 69.033171735 -39.4293190432 0
8856 69.4673426264 -39.6773021819 0
8857 65.7509966659 -38.1156980449 -5.67045760308
8858 65.7509966659 -38.1156980449 -5.5
8859 66.1835690123 -38.3664592162 -5.67045760308
8860 66.1835690123 -38.3664592162 -5.5
8861 66.6161413588 -38.6172203876 -5.67045760308
8862 66.6161413588 -38.6172203876 -5.5
8863 67.0487137053 -38.8679815589 -5.67045760308
8864 67.0487137053 -38.8679815589 -5.5
8865 67.4812860518 -39.1187427303 -5.67045760308
8866 67.4812860518 -39.1187427303 -5.5
8867 67.9138583983 -39.3695039016 -5.67045760308
8868 67.9138583983 -39.3695039016 -5.5
8869 68.3464307448 -39.6202650729 -5.67045760308
8870 68.3464307448 -39.6202650729 -5.5
8871 68.7790030913 -39.8710262443 -5.67045760308
8872 68.7790030913 -39.8710262443 -5.5
8873 69.2115754377 -40.1217874156 -5.67045760308
8874 69.2115754377 -40.1217874156 -5.5
8875 65.7509966659 -38.1156980449 -5
8876 66.1835690123 -38.3664592162 -5
8877 66.6161413588 -38.6172203876 -5
8878 67.0487137053 -38.8679815589 -5
8879 67.4812860518 -39.1187427303 -5
8880 67.9138583983 -39.3695039016 -5
8881 68.3464307448 -39.6202650729 -5
8882 68.7790030913 -39.8710262443 -5
8883 69.2115754377 -40.1217874156 -5
8884 65.7509966659 -38.1156980449 -4.5
8885 66.1835690123 -38.3664592162 -4.5
8886 66.6161413588 -38.6172203876 -4.5
8887 67.0487137053 -38.8679815589 -4.5
8888 67.4812860518 -39.1187427303 -4.5
8889 67.9138583983 -39.3695039016 -4.5
8890 68.3464307448 -39.6202650729 -4.5
8891 68.7790030913 -39.8710262443 -4.5
8892 69.2115754377 -40.1217874156 -4.5
8893 65.7509966659 -38.1156980449 -4
8894 66.1835690123 -38.3664592162 -4
8895 66.6161413588 -38.6172203876 -4
8896 67.0487137053 -38.8679815589 -4
8897 67.4812860518 -39.1187427303 -4
8898 67.9138583983 -39.3695039016 -4
8899 68.3464307448 -39.6202650729 -4
8900 68.7790030913 -39.8710262443 -4
8901 69.2115754377 -40.1217874156 -4
8902 65.7509966659 -38.1156980449 -3.5
8903 66.1835690123 -38.3664592162 -3.5
8904 66.6161413588 -38.6172203876 -3.5
8905 67.0487137053 -38.8679815589 -3.5
8906 67.4812860518 -39.1187427303 -3.5
8907 67.9138583983 -39.3695039016 -3.5
8908 68.3464307448 -39.6202650729 -3.5
8909 68.7790030913 -39.8710262443 -3.5
8910 69.2115754377 -40.1217874156 -3.5
8911 65.7509966659 -38.1156980449 -3
8912 66.1835690123 -38.3664592162 -3
8913 66.6161413588 -38.6172203876 -3
8914 67.0487137053 -38.8679815589 -3
8915 67.4812860518 -39.1187427303 -3
8916 67.9138583983 -39.3695039016 -3
8917 68.3464307448 -39.6202650729 -3
8918 68.7790030913 -39.8710262443 -3
8919 69.2115754377 -40.1217874156 -3
8920 65.7509966659 -38.1156980449 -2.5
8921 66.1835690123 -38.3664592162 -2.5
8922 66.6161413588 -38.6172203876 -2.5
8923 67.0487137053 -38.8679815589 -2.5
8924 67.4812860518 -39.1187427303 -2.5
8925 67.9138583983 -39.3695039016 -2.5
8926 68.3464307448 -39.6202650729 -2.5
8927 68.7790030913 -39.8710262443 -2.5
8928 69.2115754377 -40.1217874156 -2.5
8929 65.7509966659 -38.1156980449 -2
8930 66.1835690123 -38.3664592162 -2
8931 66.6161413588 -38.6172203876 -2
8932 67.0487137053 -38.8679815589 -2
8933 67.4812860518 -39.1187427303 -2
8934 67.9138583983 -39.3695039016 -2
8935 68.3464307448 -39.6202650729 -2
8936 68.7790030913 -39.8710262443 -2
8937 69.2115754377 -40.1217874156 -2
8938 65.7509966659 -38.1156980449 -1.5
8939 66.1835690123 -38.3664592162 -1.5
8940 66.6161413588 -38.6172203876 -1.5
8941 67.0487137053 -38.8679815589 -1.5
8942 67.4812860518 -39.1187427303 -1.5
8943 67.9138583983 -39.3695039016 -1.5
8944 68.3464307448 -39.6202650729 -1.5
8945 68.7790030913 -39.8710262443 -1.5
8946 69.2115754377 -40.1217874156 -1.5
8947 65.7509966659 -38.1156980449 -1
8948 66.1835690123 -38.3664592162 -1
8949 66.6161413588 -38.6172203876 -1
8950 67.0487137053 -38.8679815589 -1
8951 67.4812860518 -39.1187427303 -1
8952 67.9138583983 -39.3695039016 -1
8953 68.3464307448 -39.6202650729 -1
8954 68.7790030913 -39.8710262443 -1
8955 69.2115754377 -40.1217874156 -1
8956 65.7509966659 -38.1156980449 -0.5
8957 66.1835690123 -38.3664592162 -0.5
8958 66.6161413588 -38.6172203876 -0.5
8959 67.0487137053 -38.8679815589 -0.5
8960 67.4812860518 -39.1187427303 -0.5
8961 67.9138583983 -39.3695039016 -0.5
8962 68.3464307448 -39.6202650729 -0.5
8963 68.7790030913 -39.8710262443 -0.5
8964 69.2115754377 -40.1217874156 -0.5
8965 65.7509966659 -38.1156980449 0
8966 66.1835690123 -38.3664592162 0
8967 66.6161413588 -38.6172203876 0
8968 67.0487137053 -38.8679815589 0
8969 67.4812860518 -39.1187427303 0
8970 67.9138583983 -39.3695039016 0
8971 68.3464307448 -39.6202650729 0
8972 68.7790030913 -39.8710262443 0
8973 69.2115754377 -40.1217874156 0
8974 65.5053160462 -38.5363927954 -5.42034932706
8975 65.9362720729 -38.7899216954 -5.42034932706
8976 66.3672280995 -39.0434505954 -5.42034932706
8977 66.7981841261 -39.2969794953 -5.42034932706
8978 67.2291401527 -39.5505083953 -5.42034932706
8979 67.6600961793 -39.8040372953 -5.42034932706
8980 68.091052206 -40.0575661952 -5.42034932706
8981 68.5220082326 -40.3110950952 -5.42034932706
8982 68.9529642592 -40.5646239952 -5.42034932706
8983 65.5053160462 -38.5363927954 -5
8984 65.9362720729 -38.7899216954 -5
8985 66.3672280995 -39.0434505954 -5
8986 66.7981841261 -39.2969794953 -5
8987 67.2291401527 -39.5505083953 -5
8988 67.6600961793 -39.8040372953 -5
8989 68.091052206 -40.0575661952 -5
8990 68.5220082326 -40.3110950952 -5
8991 68.9529642592 -40.5646239952 -5
8992 65.5053160462 -38.5363927954 -4.5
8993 65.9362720729 -38.7899216954 -4.5
8994 66.3672280995 -39.0434505954 -4.5
8995 66.7981841261 -39.2969794953 -4.5
8996 67.2291401527 -39.5505083953 -4.5
8997 67.6600961793 -39.8040372953 -4.5
8998 68.091052206 -40.0575661952 -4.5
8999 68.5220082326 -40.3110950952 -4.5
9000 68.9529642592 -40.5646239952 -4.5
9001 65.5053160462 -38.5363927954 -4
9002 65.9362720729 -38.7899216954 -4
9003 66.3672280995 -39.0434505954 -4
9004 66.7981841261 -39.2969794953 -4
9005 67.2291401527 -39.5505083953 -4
9006 67.6600961793 -39.8040372953 -4
9007 68.091052206 -40.0575661952 -4
9008 68.5220082326 -40.3110950952 -4
9009 68.9529642592 -40.5646239952 -4
9010 65.5053160462 -38.5363927954 -3.5
9011 65.9362720729 -38.7899216954 -3.5
9012 66.3672280995 -39.0434505954 -3.5
9013 66.7981841261 -39.2969794953 -3.5
9014 67.2291401527 -39.5505083953 -3.5
9015 67.6600961793 -39.8040372953 -3.5
9016 68.091052206 -40.0575661952 -3.5
9017 68.5220082326 -40.3110950952 -3.5
9018 68.9529642592 -40.5646239952 -3.5
9019 65.5053160462 -38.5363927954 -3
9020 65.9362720729 -38.7899216954 -3
9021 66.3672280995 -39.0434505954 -3
9022 66.7981841261 -39.2969794953 -3
9023 67.2291401527 -39.5505083953 -3
9024 67.6600961793 -39.8040372953 -3
9025 68.091052206 -40.0575661952 -3
9026 68.5220082326 -40.3110950952 -3
9027 68.9529642592 -40.5646239952 -3
9028 65.5053160462 -38.5363927954 -2.5
9029 65.9362720729 -38.7899216954 -2.5
9030 66.3672280995 -39.0434505954 -2.5
9031 66.7981841261 -39.2969794953 -2.5
9032 67.2291401527 -39.5505083953 -2.5
9033 67.6600961793 -39.8040372953 -2.5
9034 68.091052206 -40.0575661952 -2.5
9035 68.5220082326 -40.3110950952 -2.5
9036 68.9529642592 -40.5646239952 -2.5
9037 65.5053160462 -38.5363927954 -2
9038 65.9362720729 -38.7899216954 -2
9039 66.3672280995 -39.0434505954 -2
9040 66.7981841261 -39.2969794953 -2
9041 67.2291401527 -39.5505083953 -2
9042 67.6600961793 -39.8040372953 -2
9043 68.091052206 -40.0575661952 -2
9044 68.5220082326 -40.3110950952 -2
9045 68.9529642592 -40.5646239952 -2
9046 65.5053160462 -38.5363927954 -1.5
9047 65.9362720729 -38.7899216954 -1.5
9048 66.3672280995 -39.0434505954 -1.5
9049 66.7981841261 -39.2969794953 -1.5
9050 67.2291401527 -39.5505083953 -1.5
9051 67.6600961793 -39.8040372953 -1.5
9052 68.091052206 -40.0575661952 -1.5
9053 68.5220082326 -40.3110950952 -1.5
9054 68.9529642592 -40.5646239952 -1.5
9055 65.5053160462 -38.5363927954 -1
9056 65.9362720729 -38.7899216954 -1
9057 66.3672280995 -39.0434505954 -1
9058 66.7981841261 -39.2969794953 -1
9059 67.2291401527 -39.5505083953 -1
9060 67.6600961793 -39.8040372953 -1
9061 68.091052206 -40.0575661952 -1
9062 68.5220082326 -40.3110950952 -1
9063 68.9529642592 -40.5646239952 -1
9064 65.5053160462 -38.5363927954 -0.5
9065 65.9362720729 -38.7899216954 -0.5
9066 66.3672280995 -39.0434505954 -0.5
9067 66.7981841261 -39.2969794953 -0.5
9068 67.2291401527 -39.5505083953 -0.5
9069 67.6600961793 -39.8040372953 -0.5
9070 68.091052206 -40.0575661952 -0.5
9071 68.5220082326 -40.3110950952 -0.5
9072 68.9529642592 -40.5646239952 -0.5
9073 65.5053160462 -38.5363927954 0
9074 65.9362720729 -38.7899216954 0
9075 66.3672280995 -39.0434505954 0
9076 66.7981841261 -39.2969794953 0
9077 67.2291401527 -39.5505083953 0
9078 67.6600961793 -39.8040372953 0
9079 68.091052206 -40.0575661952 0
9080 68.5220082326 -40.3110950952 0
9081 68.9529642592 -40.5646239952 0
9082 65.2569437315 -38.9555040376 -5.16842092599
9083 65.2569437315 -38.9555040376 -5
9084 65.6862657298 -39.2117902483 -5.16842092599
9085 65.6862657298 -39.2117902483 -5
9086 66.115587728 -39.4680764591 -5.16842092599
9087 66.115587728 -39.4680764591 -5
9088 66.5449097262 -39.7243626699 -5.16842092599
9089 66.5449097262 -39.7243626699 -5
9090 66.9742317245 -39.9806488806 -5.16842092599
9091 66.9742317245 -39.9806488806 -5
9092 67.4035537227 -40.2369350914 -5.16842092599
9093 67.4035537227 -40.2369350914 -5
9094 67.8328757209 -40.4932213022 -5.16842092599
9095 67.8328757209 -40.4932213022 -5
9096 68.2621977192 -40.749507513 -5.16842092599
9097 68.2621977192 -40.749507513 -5
9098 68.6915197174 -41.0057937237 -5.16842092599
9099 68.6915197174 -41.0057937237 -5
9100 65.2569437315 -38.9555040376 -4.5
9101 65.6862657298 -39.2117902483 -4.5
9102 66.115587728 -39.4680764591 -4.5
9103 66.5449097262 -39.7243626699 -4.5
9104 66.9742317245 -39.9806488806 -4.5
9105 67.4035537227 -40.2369350914 -4.5
9106 67.8328757209 -40.4932213022 -4.5
9107 68.2621977192 -40.749507513 -4.5
9108 68.6915197174 -41.0057937237 -4.5
9109 65.2569437315 -38.9555040376 -4
9110 65.6862657298 -39.2117902483 -4
9111 66.115587728 -39.4680764591 -4
9112 66.5449097262 -39.7243626699 -4
9113 66.9742317245 -39.9806488806 -4
9114 67.4035537227 -40.2369350914 -4
9115 67.8328757209 -40.4932213022 -4
9116 68.2621977192 -40.749507513 -4
9117 68.6915197174 -41.0057937237 -4
9118 65.2569437315 -38.9555040376 -3.5
9119 65.6862657298 -39.2117902483 -3.5
9120 66.115587728 -39.4680764591 -3.5
9121 66.5449097262 -39.7243626699 -3.5
9122 66.9742317245 -39.9806488806 -3.5
9123 67.4035537227 -40.2369350914 -3.5
9124 67.8328757209 -40.4932213022 -3.5
9125 68.2621977192 -40.749507513 -3.5
9126 68.6915197174 -41.0057937237 -3.5
9127 65.2569437315 -38.9555040376 -3
9128 65.6862657298 -39.2117902483 -3
9129 66.115587728 -39.4680764591 -3
9130 66.5449097262 -39.7243626699 -3
9131 66.9742317245 -39.9806488806 -3
9132 67.4035537227 -40.2369350914 -3
9133 67.8328757209 -40.4932213022 -3
9134 68.2621977192 -40.749507513 -3
9135 68.6915197174 -41.0057937237 -3
9136 65.2569437315 -38.9555040376 -2.5
9137 65.6862657298 -39.2117902483 -2.5
9138 66.115587728 -39.4680764591 -2.5
9139 66.5449097262 -39.7243626699 -2.5
9140 66.9742317245 -39.9806488806 -2.5
9141 67.4035537227 -40.2369350914 -2.5
9142 67.8328757209 -40.4932213022 -2.5
9143 68.2621977192 -40.749507513 -2.5
9144 68.6915197174 -41.0057937237 -2.5
9145 65.2569437315 -38.9555040376 -2
9146 65.6862657298 -39.2117902483 -2
9147 66.115587728 -39.4680764591 -2
9148 66.5449097262 -39.7243626699 -2
9149 66.9742317245 -39.9806488806 -2
9150 67.4035537227 -40.2369350914 -2
9151 67.8328757209 -40.4932213022 -2
9152 68.2621977192 -40.749507513 -2
9153 68.6915197174 -41.0057937237 -2
9154 65.2569437315 -38.9555040376 -1.5
9155 65.6862657298 -39.2117902483 -1.5
9156 66.115587728 -39.4680764591 -1.5
9157 66.5449097262 -39.7243626699 -1.5
9158 66.9742317245 -39.9806488806 -1.5
9159 67.4035537227 -40.2369350914 -1.5
9160 67.8328757209 -40.4932213022 -1.5
9161 68.2621977192 -40.749507513 -1.5
9162 68.6915197174 -41.0057937237 -1.5
9163 65.2569437315 -38.9555040376 -1
9164 65.6862657298 -39.2117902483 -1
9165 66.115587728 -39.4680764591 -1
9166 66.5449097262 -39.7243626699 -1
9167 66.9742317245 -39.9806488806 -1
9168 67.4035537227 -40.2369350914 -1
9169 67.8328757209 -40.4932213022 -1
9170 68.2621977192 -40.749507513 -1
9171 68.6915197174 -41.0057937237 -1
9172 65.2569437315 -38.9555040376 -0.5
9173 65.6862657298 -39.2117902483 -0.5
9174 66.115587728 -39.4680764591 -0.5
9175 66.5449097262 -39.7243626699 -0.5
9176 66.9742317245 -39.9806488806 -0.5
9177 67.4035537227 -40.2369350914 -0.5
9178 67.8328757209 -40.4932213022 -0.5
9179 68.2621977192 -40.749507513 -0.5
9180 68.6915197174 -41.0057937237 -0.5
9181 65.2569437315 -38.9555040376 0
9182 65.6862657298 -39.2117902483 0
9183 66.115587728 -39.4680764591 0
9184 66.5449097262 -39.7243626699 0
9185 66.9742317245 -39.9806488806 0
9186 67.4035537227 -40.2369350914 0
9187 67.8328757209 -40.4932213022 0
9188 68.2621977192 -40.749507513 0
9189 68.6915197174 -41.0057937237 0
9190 65.0058899277 -39.3730145495 -4.91450090262
9191 65.4335602561 -39.6320475399 -4.91450090262
9192 65.8612305846 -39.8910805304 -4.91450090262
9193 66.2889009131 -40.1501135208 -4.91450090262
9194 66.7165712415 -40.4091465113 -4.91450090262
9195 67.14424157 -40.6681795018 -4.91450090262
9196 67.5719118985 -40.9272124922 -4.91450090262
9197 67.999582227 -41.1862454827 -4.91450090262
9198 68.4272525554 -41.4452784731 -4.91450090262
9199 65.0058899277 -39.3730145495 -4.5
9200 65.4335602561 -39.6320475399 -4.5
9201 65.8612305846 -39.8910805304 -4.5
9202 66.2889009131 -40.1501135208 -4.5
9203 66.7165712415 -40.4091465113 -4.5
9204 67.14424157 -40.6681795018 -4.5
9205 67.5719118985 -40.9272124922 -4.5
9206 67.999582227 -41.1862454827 -4.5
9207 68.4272525554 -41.4452784731 -4.5
9208 65.0058899277 -39.3730145495 -4
9209 65.4335602561 -39.6320475399 -4
9210 65.8612305846 -39.8910805304 -4
9211 66.2889009131 -40.1501135208 -4
9212 66.7165712415 -40.4091465113 -4
9213 67.14424157 -40.6681795018 -4
9214 67.5719118985 -40.9272124922 -4
9215 67.999582227 -41.1862454827 -4
9216 68.4272525554 -41.4452784731 -4
9217 65.0058899277 -39.3730145495 -3.5
9218 65.4335602561 -39.6320475399 -3.5
9219 65.8612305846 -39.8910805304 -3.5
9220 66.2889009131 -40.1501135208 -3.5
9221 66.7165712415 -40.4091465113 -3.5
9222 67.14424157 -40.6681795018 -3.5
9223 67.5719118985 -40.9272124922 -3.5
9224 67.999582227 -41.1862454827 -3.5
9225 68.4272525554 -41.4452784731 -3.5
9226 65.0058899277 -39.3730145495 -3
9227 65.4335602561 -39.6320475399 -3
9228 65.8612305846 -39.8910805304 -3
9229 66.2889009131 -40.1501135208 -3
9230 66.7165712415 -40.4091465113 -3
9231 67.14424157 -40.6681795018 -3
9232 67.5719118985 -40.9272124922 -3
9233 67.999582227 -41.1862454827 -3
9234 68.4272525554 -41.4452784731 -3
9235 65.0058899277 -39.3730145495 -2.5
9236 65.4335602561 -39.6320475399 -2.5
9237 65.8612305846 -39.8910805304 -2.5
9238 66.2889009131 -40.1501135208 -2.5
9239 66.7165712415 -40.4091465113 -2.5
9240 67.14424157 -40.6681795018 -2.5
9241 67.5719118985 -40.9272124922 -2.5
9242 67.999582227 -41.1862454827 -2.5
9243 68.4272525554 -41.4452784731 -2.5
9244 65.0058899277 -39.3730145495 -2
9245 65.4335602561 -39.6320475399 -2
9246 65.8612305846 -39.8910805304 -2
9247 66.2889009131 -40.1501135208 -2
9248 66.7165712415 -40.4091465113 -2
9249 67.14424157 -40.6681795018 -2
9250 67.5719118985 -40.9272124922 -2
9251 67.999582227 -41.1862454827 -2
9252 68.4272525554 -41.4452784731 -2
9253 65.0058899277 -39.3730145495 -1.5
9254 65.4335602561 -39.6320475399 -1.5
9255 65.8612305846 -39.8910805304 -1.5
9256 66.2889009131 -40.1501135208 -1.5
9257 66.7165712415 -40.4091465113 -1.5
9258 67.14424157 -40.6681795018 -1.5
9259 67.5719118985 -40.9272124922 -1.5
9260 67.999582227 -41.1862454827 -1.5
9261 68.4272525554 -41.4452784731 -1.5
9262 65.0058899277 -39.3730145495 -1
9263 65.4335602561 -39.6320475399 -1
9264 65.8612305846 -39.8910805304 -1
9265 66.2889009131 -40.1501135208 -1
9266 66.7165712415 -40.4091465113 -1
9267 67.14424157 -40.6681795018 -1
9268 67.5719118985 -40.9272124922 -1
9269 67.999582227 -41.1862454827 -1
9270 68.4272525554 -41.4452784731 -1
9271 65.0058899277 -39.3730145495 -0.5
9272 65.4335602561 -39.6320475399 -0.5
9273 65.8612305846 -39.8910805304 -0.5
9274 66.2889009131 -40.1501135208 -0.5
9275 66.7165712415 -40.4091465113 -0.5
9276 67.14424157 -40.6681795018 -0.5
9277 67.5719118985 -40.9272124922 -0.5
9278 67.999582227 -41.1862454827 -0.5
9279 68.4272525554 -41.4452784731 -0.5
9280 65.0058899277 -39.3730145495 0
9281 65.4335602561 -39.6320475399 0
9282 65.8612305846 -39.8910805304 0
9283 66.2889009131 -40.1501135208 0
9284 66.7165712415 -40.4091465113 0
9285 67.14424157 -40.6681795018 0
9286 67.5719118985 -40.9272124922 0
9287 67.999582227 -41.1862454827 0
9288 68.4272525554 -41.4452784731 0
9289 64.7521649507 -39.7889071751 -4.65841775971
9290 64.7521649507 -39.7889071751 -4.5
9291 65.1781660359 -40.0506763013 -4.65841775971
9292 65.1781660359 -40.0506763013 -4.5
9293 65.6041671211 -40.3124454274 -4.65841775971
9294 65.6041671211 -40.3124454274 -4.5
9295 66.0301682064 -40.5742145536 -4.65841775971
9296 66.0301682064 -40.5742145536 -4.5
9297 66.4561692916 -40.8359836797 -4.65841775971
9298 66.4561692916 -40.8359836797 -4.5
9299 66.8821703768 -41.0977528059 -4.65841775971
9300 66.8821703768 -41.0977528059 -4.5
9301 67.308171462 -41.359521932 -4.65841775971
9302 67.308171462 -41.359521932 -4.5
9303 67.7341725472 -41.6212910582 -4.65841775971
9304 67.7341725472 -41.6212910582 -4.5
9305 68.1601736324 -41.8830601844 -4.65841775971
9306 68.1601736324 -41.8830601844 -4.5
9307 64.7521649507 -39.7889071751 -4
9308 65.1781660359 -40.0506763013 -4
9309 65.6041671211 -40.3124454274 -4
9310 66.0301682064 -40.5742145536 -4
9311 66.4561692916 -40.8359836797 -4
9312 66.8821703768 -41.0977528059 -4
9313 67.308171462 -41.359521932 -4
9314 67.7341725472 -41.6212910582 -4
9315 68.1601736324 -41.8830601844 -4
9316 64.7521649507 -39.7889071751 -3.5
9317 65.1781660359 -40.0506763013 -3.5
9318 65.6041671211 -40.3124454274 -3.5
9319 66.0301682064 -40.5742145536 -3.5
9320 66.4561692916 -40.8359836797 -3.5
9321 66.8821703768 -41.0977528059 -3.5
9322 67.308171462 -41.359521932 -3.5
9323 67.7341725472 -41.6212910582 -3.5
9324 68.1601736324 -41.8830601844 -3.5
9325 64.7521649507 -39.7889071751 -3
9326 65.1781660359 -40.0506763013 -3
9327 65.6041671211 -40.3124454274 -3
9328 66.0301682064 -40.5742145536 -3
9329 66.4561692916 -40.8359836797 -3
9330 66.8821703768 -41.0977528059 -3
9331 67.308171462 -41.359521932 -3
9332 67.7341725472 -41.6212910582 -3
9333 68.1601736324 -41.8830601844 -3
9334 64.7521649507 -39.7889071751 -2.5
9335 65.1781660359 -40.0506763013 -2.5
9336 65.6041671211 -40.3124454274 -2.5
9337 66.0301682064 -40.5742145536 -2.5
9338 66.4561692916 -40.8359836797 -2.5
9339 66.8821703768 -41.0977528059 -2.5
9340 67.308171462 -41.359521932 -2.5
9341 67.7341725472 -41.6212910582 -2.5
9342 68.1601736324 -41.8830601844 -2.5
9343 64.7521649507 -39.7889071751 -2
9344 65.1781660359 -40.0506763013 -2
9345 65.6041671211 -40.3124454274 -2
9346 66.0301682064 -40.5742145536 -2
9347 66.4561692916 -40.8359836797 -2
9348 66.8821703768 -41.0977528059 -2
9349 67.308171462 -41.359521932 -2
9350 67.7341725472 -41.6212910582 -2
9351 68.1601736324 -41.8830601844 -2
9352 64.7521649507 -39.7889071751 -1.5
9353 65.1781660359 -40.0506763013 -1.5
9354 65.6041671211 -40.3124454274 -1.5
9355 66.0301682064 -40.5742145536 -1.5
9356 66.4561692916 -40.8359836797 -1.5
9357 66.8821703768 -41.0977528059 -1.5
9358 67.308171462 -41.359521932 -1.5
9359 67.7341725472 -41.6212910582 -1.5
9360 68.1601736324 -41.8830601844 -1.5
9361 64.7521649507 -39.7889071751 -1
9362 65.1781660359 -40.0506763013 -1
9363 65.6041671211 -40.3124454274 -1
9364 66.0301682064 -40.5742145536 -1
9365 66.4561692916 -40.8359836797 -1
9366 66.8821703768 -41.0977528059 -1
9367 67.308171462 -41.359521932 -1
9368 67.7341725472 -41.6212910582 -1
9369 68.1601736324 -41.8830601844 -1
9370 64.7521649507 -39.7889071751 -0.5
9371 65.1781660359 -40.0506763013 -0.5
9372 65.6041671211 -40.3124454274 -0.5
9373 66.0301682064 -40.5742145536 -0.5
9374 66.4561692916 -40.8359836797 -0.5
9375 66.8821703768 -41.0977528059 -0.5
9376 67.308171462 -41.359521932 -0.5
9377 67.7341725472 -41.6212910582 -0.5
9378 68.1601736324 -41.8830601844 -0.5
9379 64.7521649507 -39.7889071751 0
9380 65.1781660359 -40.0506763013 0
9381 65.6041671211 -40.3124454274 0
9382 66.0301682064 -40.5742145536 0
9383 66.4561692916 -40.8359836797 0
9384 66.8821703768 -41.0977528059 0
9385 67.308171462 -41.359521932 0
9386 67.7341725472 -41.6212910582 0
9387 68.1601736324 -41.8830601844 0
9388 64.4957792267 -40.203164825 -4.4
9389 64.9200935637 -40.4676593304 -4.4
9390 65.3444079007 -40.7321538359 -4.4
9391 65.7687222377 -40.9966483413 -4.4
9392 66.1930365747 -41.2611428467 -4.4
9393 66.6173509117 -41.5256373521 -4.4
9394 67.0416652488 -41.7901318576 -4.4
9395 67.4659795858 -42.054626363 -4.4
9396 67.8902939228 -42.3191208684 -4.4
9397 64.4957792267 -40.203164825 -4
9398 64.9200935637 -40.4676593304 -4
9399 65.3444079007 -40.7321538359 -4
9400 65.7687222377 -40.9966483413 -4
9401 66.1930365747 -41.2611428467 -4
9402 66.6173509117 -41.5256373521 -4
9403 67.0416652488 -41.7901318576 -4
9404 67.4659795858 -42.054626363 -4
9405 67.8902939228 -42.3191208684 -4
9406 64.4957792267 -40.203164825 -3.5
9407 64.9200935637 -40.4676593304 -3.5
9408 65.3444079007 -40.7321538359 -3.5
9409 65.7687222377 -40.9966483413 -3.5
9410 66.1930365747 -41.2611428467 -3.5
9411 66.6173509117 -41.5256373521 -3.5
9412 67.0416652488 -41.7901318576 -3.5
9413 67.4659795858 -42.054626363 -3.5
9414 67.8902939228 -42.3191208684 -3.5
9415 64.4957792267 -40.203164825 -3
9416 64.9200935637 -40.4676593304 -3
9417 65.3444079007 -40.7321538359 -3
9418 65.7687222377 -40.9966483413 -3
9419 66.1930365747 -41.2611428467 -3
9420 66.6173509117 -41.5256373521 -3
9421 67.0416652488 -41.7901318576 -3
9422 67.4659795858 -42.054626363 -3
9423 67.8902939228 -42.3191208684 -3
9424 64.4957792267 -40.203164825 -2.5
9425 64.9200935637 -40.4676593304 -2.5
9426 65.3444079007 -40.7321538359 -2.5
9427 65.7687222377 -40.9966483413 -2.5
9428 66.1930365747 -41.2611428467 -2.5
9429 66.6173509117 -41.5256373521 -2.5
9430 67.0416652488 -41.7901318576 -2.5
9431 67.4659795858 -42.054626363 -2.5
9432 67.8902939228 -42.3191208684 -2.5
9433 64.4957792267 -40.203164825 -2
9434 64.9200935637 -40.4676593304 -2
9435 65.3444079007 -40.7321538359 -2
9436 65.7687222377 -40.9966483413 -2
9437 66.1930365747 -41.2611428467 -2
9438 66.6173509117 -41.5256373521 -2
9439 67.0416652488 -41.7901318576 -2
9440 67.4659795858 -42.054626363 -2
9441 67.8902939228 -42.3191208684 -2
9442 64.4957792267 -40.203164825 -1.5
9443 64.9200935637 -40.4676593304 -1.5
9444 65.3444079007 -40.7321538359 -1.5
9445 65.7687222377 -40.9966483413 -1.5
9446 66.1930365747 -41.2611428467 -1.5
9447 66.6173509117 -41.5256373521 -1.5
9448 67.0416652488 -41.7901318576 -1.5
9449 67.4659795858 -42.054626363 -1.5
9450 67.8902939228 -42.3191208684 -1.5
9451 64.4957792267 -40.203164825 -1
9452 64.9200935637 -40.4676593304 -1
9453 65.3444079007 -40.7321538359 -1
9454 65.7687222377 -40.9966483413 -1
9455 66.1930365747 -41.2611428467 -1
9456 66.6173509117 -41.5256373521 -1
9457 67.0416652488 -41.7901318576 -1
9458 67.4659795858 -42.054626363 -1
9459 67.8902939228 -42.3191208684 -1
9460 64.4957792267 -40.203164825 -0.5
9461 64.9200935637 -40.4676593304 -0.5
9462 65.3444079007 -40.7321538359 -0.5
9463 65.7687222377 -40.9966483413 -0.5
9464 66.1930365747 -41.2611428467 -0.5
9465 66.6173509117 -41.5256373521 -0.5
9466 67.0416652488 -41.7901318576 -0.5
9467 67.4659795858 -42.054626363 -0.5
9468 67.8902939228 -42.3191208684 -0.5
9469 64.4957792267 -40.203164825 0
9470 64.9200935637 -40.4676593304 0
9471 65.3444079007 -40.7321538359 0
9472 65.7687222377 -40.9966483413 0
9473 66.1930365747 -41.2611428467 0
9474 66.6173509117 -41.5256373521 0
9475 67.0416652488 -41.7901318576 0
9476 67.4659795858 -42.054626363 0
9477 67.8902939228 -42.3191208684 0
9478 64.2367432906 -40.6157704767 -4.13849803665
9479 64.2367432906 -40.6157704767 -4
9480 64.6593534438 -40.882979493 -4.13849803665
9481 64.6593534438 -40.882979493 -4
9482 65.0819635971 -41.1501885093 -4.13849803665
9483 65.0819635971 -41.1501885093 -4
9484 65.5045737503 -41.4173975256 -4.13849803665
9485 65.5045737503 -41.4173975256 -4
9486 65.9271839035 -41.6846065419 -4.13849803665
9487 65.9271839035 -41.6846065419 -4
9488 66.3497940567 -41.9518155582 -4.13849803665
9489 66.3497940567 -41.9518155582 -4
9490 66.77240421 -42.2190245745 -4.13849803665
9491 66.77240421 -42.2190245745 -4
9492 67.1950143632 -42.4862335908 -4.13849803665
9493 67.1950143632 -42.4862335908 -4
9494 67.6176245164 -42.7534426071 -4.13849803665
9495 67.6176245164 -42.7534426071 -4
9496 64.2367432906 -40.6157704767 -3.5
9497 64.6593534438 -40.882979493 -3.5
9498 65.0819635971 -41.1501885093 -3.5
9499 65.5045737503 -41.4173975256 -3.5
9500 65.9271839035 -41.6846065419 -3.5
9501 66.3497940567 -41.9518155582 -3.5
9502 66.77240421 -42.2190245745 -3.5
9503 67.1950143632 -42.4862335908 -3.5
9504 67.6176245164 -42.7534426071 -3.5
9505 64.2367432906 -40.6157704767 -3
9506 64.6593534438 -40.882979493 -3
9507 65.0819635971 -41.1501885093 -3
9508 65.5045737503 -41.4173975256 -3
9509 65.9271839035 -41.6846065419 -3
9510 66.3497940567 -41.9518155582 -3
9511 66.77240421 -42.2190245745 -3
9512 67.1950143632 -42.4862335908 -3
9513 67.6176245164 -42.7534426071 -3
9514 64.2367432906 -40.6157704767 -2.5
9515 64.6593534438 -40.882979493 -2.5
9516 65.0819635971 -41.1501885093 -2.5
9517 65.5045737503 -41.4173975256 -2.5
9518 65.9271839035 -41.6846065419 -2.5
9519 66.3497940567 -41.9518155582 -2.5
9520 66.77240421 -42.2190245745 -2.5
9521 67.1950143632 -42.4862335908 -2.5
9522 67.6176245164 -42.7534426071 -2.5
9523 64.2367432906 -40.6157704767 -2
9524 64.6593534438 -40.882979493 -2
9525 65.0819635971 -41.1501885093 -2
9526 65.5045737503 -41.4173975256 -2
9527 65.9271839035 -41.6846065419 -2
9528 66.3497940567 -41.9518155582 -2
9529 66.77240421 -42.2190245745 -2
9530 67.1950143632 -42.4862335908 -2
9531 67.6176245164 -42.7534426071 -2
9532 64.2367432906 -40.6157704767 -1.5
9533 64.6593534438 -40.882979493 -1.5
9534 65.0819635971 -41.1501885093 -1.5
9535 65.5045737503 -41.4173975256 -1.5
9536 65.9271839035 -41.6846065419 -1.5
9537 66.3497940567 -41.9518155582 -1.5
9538 66.77240421 -42.2190245745 -1.5
9539 67.1950143632 -42.4862335908 -1.5
9540 67.6176245164 -42.7534426071 -1.5
9541 64.2367432906 -40.6157704767 -1
9542 64.6593534438 -40.882979493 -1
9543 65.0819635971 -41.1501885093 -1
9544 65.5045737503 -41.4173975256 -1
9545 65.9271839035 -41.6846065419 -1
9546 66.3497940567 -41.9518155582 -1
9547 66.77240421 -42.2190245745 -1
9548 67.1950143632 -42.4862335908 -1
9549 67.6176245164 -42.7534426071 -1
9550 64.2367432906 -40.6157704767 -0.5
9551 64.6593534438 -40.882979493 -0.5
9552 65.0819635971 -41.1501885093 -0.5
9553 65.5045737503 -41.4173975256 -0.5
9554 65.9271839035 -41.6846065419 -0.5
9555 66.3497940567 -41.9518155582 -0.5
9556 66.77240421 -42.2190245745 -0.5
9557 67.1950143632 -42.4862335908 -0.5
9558 67.6176245164 -42.7534426071 -0.5
9559 64.2367432906 -40.6157704767 0
9560 64.6593534438 -40.882979493 0
9561 65.0819635971 -41.1501885093 0
9562 65.5045737503 -41.4173975256 0
9563 65.9271839035 -41.6846065419 0
9564 66.3497940567 -41.9518155582 0
9565 66.77240421 -42.2190245745 0
9566 67.1950143632 -42.4862335908 0
9567 67.6176245164 -42.7534426071 0
9568 63.9750677867 -41.0267071758 -3.87351657941
9569 64.3959563905 -41.296619723 -3.87351657941
9570 64.8168449944 -41.5665322702 -3.87351657941
9571 65.2377335983 -41.8364448174 -3.87351657941
9572 65.6586222021 -42.1063573646 -3.87351657941
9573 66.079510806 -42.3762699119 -3.87351657941
9574 66.5003994098 -42.6461824591 -3.87351657941
9575 66.9212880137 -42.9160950063 -3.87351657941
9576 67.3421766176 -43.1860075535 -3.87351657941
9577 63.9750677867 -41.0267071758 -3.5
9578 64.3959563905 -41.296619723 -3.5
9579 64.8168449944 -41.5665322702 -3.5
9580 65.2377335983 -41.8364448174 -3.5
9581 65.6586222021 -42.1063573646 -3.5
9582 66.079510806 -42.3762699119 -3.5
9583 66.5003994098 -42.6461824591 -3.5
9584 66.9212880137 -42.9160950063 -3.5
9585 67.3421766176 -43.1860075535 -3.5
9586 63.9750677867 -41.0267071758 -3
9587 64.3959563905 -41.296619723 -3
9588 64.8168449944 -41.5665322702 -3
9589 65.2377335983 -41.8364448174 -3
9590 65.6586222021 -42.1063573646 -3
9591 66.079510806 -42.3762699119 -3
9592 66.5003994098 -42.6461824591 -3
9593 66.9212880137 -42.9160950063 -3
9594 67.3421766176 -43.1860075535 -3
9595 63.9750677867 -41.0267071758 -2.5
9596 64.3959563905 -41.296619723 -2.5
9597 64.8168449944 -41.5665322702 -2.5
9598 65.2377335983 -41.8364448174 -2.5
9599 65.6586222021 -42.1063573646 -2.5
9600 66.079510806 -42.3762699119 -2.5
9601 66.5003994098 -42.6461824591 -2.5
9602 66.9212880137 -42.9160950063 -2.5
9603 67.3421766176 -43.1860075535 -2.5
9604 63.9750677867 -41.0267071758 -2
9605 64.3959563905 -41.296619723 -2
9606 64.8168449944 -41.5665322702 -2
9607 65.2377335983 -41.8364448174 -2
9608 65.6586222021 -42.1063573646 -2
9609 66.079510806 -42.3762699119 -2
9610 66.5003994098 -42.6461824591 -2
9611 66.9212880137 -42.9160950063 -2
9612 67.3421766176 -43.1860075535 -2
9613 63.9750677867 -41.0267071758 -1.5
9614 64.3959563905 -41.296619723 -1.5
9615 64.8168449944 -41.5665322702 -1.5
9616 65.2377335983 -41.8364448174 -1.5
9617 65.6586222021 -42.1063573646 -1.5
9618 66.079510806 -42.3762699119 -1.5
9619 66.5003994098 -42.6461824591 -1.5
9620 66.9212880137 -42.9160950063 -1.5
9621 67.3421766176 -43.1860075535 -1.5
9622 63.9750677867 -41.0267071758 -1
9623 64.3959563905 -41.296619723 -1
9624 64.8168449944 -41.5665322702 -1
9625 65.2377335983 -41.8364448174 -1
9626 65.6586222021 -42.1063573646 -1
9627 66.079510806 -42.3762699119 -1
9628 66.5003994098 -42.6461824591 -1
9629 66.9212880137 -42.9160950063 -1
9630 67.3421766176 -43.1860075535 -1
9631 63.9750677867 -41.0267071758 -0.5
9632 64.3959563905 -41.296619723 -0.5
9633 64.8168449944 -41.5665322702 -0.5
9634 65.2377335983 -41.8364448174 -0.5
9635 65.6586222021 -42.1063573646 -0.5
9636 66.079510806 -42.3762699119 -0.5
9637 66.5003994098 -42.6461824591 -0.5
9638 66.9212880137 -42.9160950063 -0.5
9639 67.3421766176 -43.1860075535 -0.5
9640 63.9750677867 -41.0267071758 0
9641 64.3959563905 -41.296619723 0
9642 64.8168449944 -41.5665322702 0
9643 65.2377335983 -41.8364448174 0
9644 65.6586222021 -42.1063573646 0
9645 66.079510806 -42.3762699119 0
9646 66.5003994098 -42.6461824591 0
9647 66.9212880137 -42.9160950063 0
9648 67.3421766176 -43.1860075535 0
9649 63.7107634675 -41.4359580363 -3.60541557592
9650 63.7107634675 -41.4359580363 -3.5
9651 64.1299132271 -41.7085630234 -3.60541557592
9652 64.1299132271 -41.7085630234 -3.5
9653 64.5490629868 -41.9811680105 -3.60541557592
9654 64.5490629868 -41.9811680105 -3.5
9655 64.9682127465 -42.2537729976 -3.60541557592
9656 64.9682127465 -42.2537729976 -3.5
9657 65.3873625061 -42.5263779847 -3.60541557592
9658 65.3873625061 -42.5263779847 -3.5
9659 65.8065122658 -42.7989829717 -3.60541557592
9660 65.8065122658 -42.7989829717 -3.5
9661 66.2256620254 -43.0715879588 -3.60541557592
9662 66.2256620254 -43.0715879588 -3.5
9663 66.6448117851 -43.3441929459 -3.60541557592
9664 66.6448117851 -43.3441929459 -3.5
9665 67.0639615447 -43.616797933 -3.60541557592
9666 67.0639615447 -43.616797933 -3.5
9667 63.7107634675 -41.4359580363 -3
9668 64.1299132271 -41.7085630234 -3
9669 64.5490629868 -41.9811680105 -3
9670 64.9682127465 -42.2537729976 -3
9671 65.3873625061 -42.5263779847 -3
9672 65.8065122658 -42.7989829717 -3
9673 66.2256620254 -43.0715879588 -3
9674 66.6448117851 -43.3441929459 -3
9675 67.0639615447 -43.616797933 -3
9676 63.7107634675 -41.4359580363 -2.5
9677 64.1299132271 -41.7085630234 -2.5
9678 64.5490629868 -41.9811680105 -2.5
9679 64.9682127465 -42.2537729976 -2.5
9680 65.3873625061 -42.5263779847 -2.5
9681 65.8065122658 -42.7989829717 -2.5
9682 66.2256620254 -43.0715879588 -2.5
9683 66.6448117851 -43.3441929459 -2.5
9684 67.0639615447 -43.616797933 -2.5
9685 63.7107634675 -41.4359580363 -2
9686 64.1299132271 -41.7085630234 -2
9687 64.5490629868 -41.9811680105 -2
9688 64.9682127465 -42.2537729976 -2
9689 65.3873625061 -42.5263779847 -2
9690 65.8065122658 -42.7989829717 -2
9691 66.2256620254 -43.0715879588 -2
9692 66.6448117851 -43.3441929459 -2
9693 67.0639615447 -43.616797933 -2
9694 63.7107634675 -41.4359580363 -1.5
9695 64.1299132271 -41.7085630234 -1.5
9696 64.5490629868 -41.9811680105 -1.5
9697 64.9682127465 -42.2537729976 -1.5
9698 65.3873625061 -42.5263779847 -1.5
9699 65.8065122658 -42.7989829717 -1.5
9700 66.2256620254 -43.0715879588 -1.5
9701 66.6448117851 -43.3441929459 -1.5
9702 67.0639615447 -43.616797933 -1.5
9703 63.7107634675 -41.4359580363 -1
9704 64.1299132271 -41.7085630234 -1
9705 64.5490629868 -41.9811680105 -1
9706 64.9682127465 -42.2537729976 -1
9707 65.3873625061 -42.5263779847 -1
9708 65.8065122658 -42.7989829717 -1
9709 66.2256620254 -43.0715879588 -1
9710 66.6448117851 -43.3441929459 -1
9711 67.0639615447 -43.616797933 -1
9712 63.7107634675 -41.4359580363 -0.5
9713 64.1299132271 -41.7085630234 -0.5
9714 64.5490629868 -41.9811680105 -0.5
9715 64.9682127465 -42.2537729976 -0.5
9716 65.3873625061 -42.5263779847 -0.5
9717 65.8065122658 -42.7989829717 -0.5
9718 66.2256620254 -43.0715879588 -0.5
9719 66.6448117851 -43.3441929459 -0.5
9720 67.0639615447 -43.616797933 -0.5
9721 63.7107634675 -41.4359580363 0
9722 64.1299132271 -41.7085630234 0
9723 64.5490629868 -41.9811680105 0
9724 64.9682127465 -42.2537729976 0
9725 65.3873625061 -42.5263779847 0
9726 65.8065122658 -42.7989829717 0
9727 66.2256620254 -43.0715879588 0
9728 66.6448117851 -43.3441929459 0
9729 67.0639615447 -43.616797933 0
9730 63.4438411936 -41.8435062417 -3.33455497382
9731 63.8612348857 -42.118792467 -3.33455497382
9732 64.2786285777 -42.3940786923 -3.33455497382
9733 64.6960222698 -42.6693649175 -3.33455497382
9734 65.1134159619 -42.9446511428 -3.33455497382
9735 65.5308096539 -43.2199373681 -3.33455497382
9736 65.948203346 -43.4952235934 -3.33455497382
9737 66.365597038 -43.7705098186 -3.33455497382
9738 66.7829907301 -44.0457960439 -3.33455497382
9739 63.4438411936 -41.8435062417 -3
9740 63.8612348857 -42.118792467 -3
9741 64.2786285777 -42.3940786923 -3
9742 64.6960222698 -42.6693649175 -3
9743 65.1134159619 -42.9446511428 -3
9744 65.5308096539 -43.2199373681 -3
9745 65.948203346 -43.4952235934 -3
9746 66.365597038 -43.7705098186 -3
9747 66.7829907301 -44.0457960439 -3
9748 63.4438411936 -41.8435062417 -2.5
9749 63.8612348857 -42.118792467 -2.5
9750 64.2786285777 -42.3940786923 -2.5
9751 64.6960222698 -42.6693649175 -2.5
9752 65.1134159619 -42.9446511428 -2.5
9753 65.5308096539 -43.2199373681 -2.5
9754 65.948203346 -43.4952235934 -2.5
9755 66.365597038 -43.7705098186 -2.5
9756 66.7829907301 -44.0457960439 -2.5
9757 63.4438411936 -41.8435062417 -2
9758 63.8612348857 -42.118792467 -2
9759 64.2786285777 -42.3940786923 -2
9760 64.6960222698 -42.6693649175 -2
9761 65.1134159619 -42.9446511428 -2
9762 65.5308096539 -43.2199373681 -2
9763 65.948203346 -43.4952235934 -2
9764 66.365597038 -43.7705098186 -2
9765 66.7829907301 -44.0457960439 -2
9766 63.4438411936 -41.8435062417 -1.5
9767 63.8612348857 -42.118792467 -1.5
9768 64.2786285777 -42.3940786923 -1.5
9769 64.6960222698 -42.6693649175 -1.5
9770 65.1134159619 -42.9446511428 -1.5
9771 65.5308096539 -43.2199373681 -1.5
9772 65.948203346 -43.4952235934 -1.5
9773 66.365597038 -43.7705098186 -1.5
9774 66.7829907301 -44.0457960439 -1.5
9775 63.4438411936 -41.8435062417 -1
9776 63.8612348857 -42.118792467 -1
9777 64.2786285777 -42.3940786923 -1
9778 64.6960222698 -42.6693649175 -1
9779 65.1134159619 -42.9446511428 -1
9780 65.5308096539 -43.2199373681 -1
9781 65.948203346 -43.4952235934 -1
9782 66.365597038 -43.7705098186 -1
9783 66.7829907301 -44.0457960439 -1
9784 63.4438411936 -41.8435062417 -0.5
9785 63.8612348857 -42.118792467 -0.5
9786 64.2786285777 -42.3940786923 -0.5
9787 64.6960222698 -42.6693649175 -0.5
9788 65.1134159619 -42.9446511428 -0.5
9789 65.5308096539 -43.2199373681 -0.5
9790 65.948203346 -43.4952235934 -0.5
9791 66.365597038 -43.7705098186 -0.5
9792 66.7829907301 -44.0457960439 -0.5
9793 63.4438411936 -41.8435062417 0
9794 63.8612348857 -42.118792467 0
9795 64.2786285777 -42.3940786923 0
9796 64.6960222698 -42.6693649175 0
9797 65.1134159619 -42.9446511428 0
9798 65.5308096539 -43.2199373681 0
9799 65.948203346 -43.4952235934 0
9800 66.365597038 -43.7705098186 0
9801 66.7829907301 -44.0457960439 0
9802 63.1743119332 -42.2493350453 -3.06129472077
9803 63.1743119332 -42.2493350453 -3
9804 63.5899324064 -42.5272911969 -3.06129472077
9805 63.5899324064 -42.5272911969 -3
9806 64.0055528797 -42.8052473485 -3.06129472077
9807 64.0055528797 -42.8052473485 -3
9808 64.4211733529 -43.0832035001 -3.06129472077
9809 64.4211733529 -43.0832035001 -3
9810 64.8367938262 -43.3611596517 -3.06129472077
9811 64.8367938262 -43.3611596517 -3
9812 65.2524142994 -43.6391158033 -3.06129472077
9813 65.2524142994 -43.6391158033 -3
9814 65.6680347727 -43.9170719549 -3.06129472077
9815 65.6680347727 -43.9170719549 -3
9816 66.0836552459 -44.1950281066 -3.06129472077
9817 66.0836552459 -44.1950281066 -3
9818 66.4992757192 -44.4729842582 -3.06129472077
9819 66.4992757192 -44.4729842582 -3
9820 63.1743119332 -42.2493350453 -2.5
9821 63.5899324064 -42.5272911969 -2.5
9822 64.0055528797 -42.8052473485 -2.5
9823 64.4211733529 -43.0832035001 -2.5
9824 64.8367938262 -43.3611596517 -2.5
9825 65.2524142994 -43.6391158033 -2.5
9826 65.6680347727 -43.9170719549 -2.5
9827 66.0836552459 -44.1950281066 -2.5
9828 66.4992757192 -44.4729842582 -2.5
9829 63.1743119332 -42.2493350453 -2
9830 63.5899324064 -42.5272911969 -2
9831 64.0055528797 -42.8052473485 -2
9832 64.4211733529 -43.0832035001 -2
9833 64.8367938262 -43.3611596517 -2
9834 65.2524142994 -43.6391158033 -2
9835 65.6680347727 -43.9170719549 -2
9836 66.0836552459 -44.1950281066 -2
9837 66.4992757192 -44.4729842582 -2
9838 63.1743119332 -42.2493350453 -1.5
9839 63.5899324064 -42.5272911969 -1.5
9840 64.0055528797 -42.8052473485 -1.5
9841 64.4211733529 -43.0832035001 -1.5
9842 64.8367938262 -43.3611596517 -1.5
9843 65.2524142994 -43.6391158033 -1.5
9844 65.6680347727 -43.9170719549 -1.5
9845 66.0836552459 -44.1950281066 -1.5
9846 66.4992757192 -44.4729842582 -1.5
9847 63.1743119332 -42.2493350453 -1
9848 63.5899324064 -42.5272911969 -1
9849 64.0055528797 -42.8052473485 -1
9850 64.4211733529 -43.0832035001 -1
9851 64.8367938262 -43.3611596517 -1
9852 65.2524142994 -43.6391158033 -1
9853 65.6680347727 -43.9170719549 -1
9854 66.0836552459 -44.1950281066 -1
9855 66.4992757192 -44.4729842582 -1
9856 63.1743119332 -42.2493350453 -0.5
9857 63.5899324064 -42.5272911969 -0.5
9858 64.0055528797 -42.8052473485 -0.5
9859 64.4211733529 -43.0832035001 -0.5
9860 64.8367938262 -43.3611596517 -0.5
9861 65.2524142994 -43.6391158033 -0.5
9862 65.6680347727 -43.9170719549 -0.5
9863 66.0836552459 -44.1950281066 -0.5
9864 66.4992757192 -44.4729842582 -0.5
9865 63.1743119332 -42.2493350453 0
9866 63.5899324064 -42.5272911969 0
9867 64.0055528797 -42.8052473485 0
9868 64.4211733529 -43.0832035001 0
9869 64.8367938262 -43.3611596517 0
9870 65.2524142994 -43.6391158033 0
9871 65.6680347727 -43.9170719549 0
9872 66.0836552459 -44.1950281066 0
9873 66.4992757192 -44.4729842582 0
9874 62.9021867616 -42.653427771 -2.7859947644
9875 63.3160169376 -42.9340424273 -2.7859947644
9876 63.7298471137 -43.2146570837 -2.7859947644
9877 64.1436772898 -43.4952717401 -2.7859947644
9878 64.5575074658 -43.7758863965 -2.7859947644
9879 64.9713376419 -44.0565010529 -2.7859947644
9880 65.385167818 -44.3371157093 -2.7859947644
9881 65.798997994 -44.6177303657 -2.7859947644
9882 66.2128281701 -44.8983450221 -2.7859947644
9883 62.9021867616 -42.653427771 -2.5
9884 63.3160169376 -42.9340424273 -2.5
9885 63.7298471137 -43.2146570837 -2.5
9886 64.1436772898 -43.4952717401 -2.5
9887 64.5575074658 -43.7758863965 -2.5
9888 64.9713376419 -44.0565010529 -2.5
9889 65.385167818 -44.3371157093 -2.5
9890 65.798997994 -44.6177303657 -2.5
9891 66.2128281701 -44.8983450221 -2.5
9892 62.9021867616 -42.653427771 -2
9893 63.3160169376 -42.9340424273 -2
9894 63.7298471137 -43.2146570837 -2
9895 64.1436772898 -43.4952717401 -2
9896 64.5575074658 -43.7758863965 -2
9897 64.9713376419 -44.0565010529 -2
9898 65.385167818 -44.3371157093 -2
9899 65.798997994 -44.6177303657 -2
9900 66.2128281701 -44.8983450221 -2
9901 62.9021867616 -42.653427771 -1.5
9902 63.3160169376 -42.9340424273 -1.5
9903 63.7298471137 -43.2146570837 -1.5
9904 64.1436772898 -43.4952717401 -1.5
9905 64.5575074658 -43.7758863965 -1.5
9906 64.9713376419 -44.0565010529 -1.5
9907 65.385167818 -44.3371157093 -1.5
9908 65.798997994 -44.6177303657 -1.5
9909 66.2128281701 -44.8983450221 -1.5
9910 62.9021867616 -42.653427771 -1
9911 63.3160169376 -42.9340424273 -1
9912 63.7298471137 -43.2146570837 -1
9913 64.1436772898 -43.4952717401 -1
9914 64.5575074658 -43.7758863965 -1
9915 64.9713376419 -44.0565010529 -1
9916 65.385167818 -44.3371157093 -1
9917 65.798997994 -44.6177303657 -1
9918 66.2128281701 -44.8983450221 -1
9919 62.9021867616 -42.653427771 -0.5
9920 63.3160169376 -42.9340424273 -0.5
9921 63.7298471137 -43.2146570837 -0.5
9922 64.1436772898 -43.4952717401 -0.5
9923 64.5575074658 -43.7758863965 -0.5
9924 64.9713376419 -44.0565010529 -0.5
9925 65.385167818 -44.3371157093 -0.5
9926 65.798997994 -44.6177303657 -0.5
9927 66.2128281701 -44.8983450221 -0.5
9928 62.9021867616 -42.653427771 0
9929 63.3160169376 -42.9340424273 0
9930 63.7298471137 -43.2146570837 0
9931 64.1436772898 -43.4952717401 0
9932 64.5575074658 -43.7758863965 0
9933 64.9713376419 -44.0565010529 0
9934 65.385167818 -44.3371157093 0
9935 65.798997994 -44.6177303657 0
9936 66.2128281701 -44.8983450221 0
9937 62.6274768607 -43.0557678141 -2.50901505236
9938 62.6274768607 -43.0557678141 -2.5
9939 63.0394997348 -43.3390294445 -2.50901505236
9940 63.0394997348 -43.3390294445 -2.5
9941 63.4515226088 -43.6222910749 -2.50901505236
9942 63.4515226088 -43.6222910749 -2.5
9943 63.8635454829 -43.9055527052 -2.50901505236
9944 63.8635454829 -43.9055527052 -2.5
9945 64.275568357 -44.1888143356 -2.50901505236
9946 64.275568357 -44.1888143356 -2.5
9947 64.6875912311 -44.4720759659 -2.50901505236
9948 64.6875912311 -44.4720759659 -2.5
9949 65.0996141052 -44.7553375963 -2.50901505236
9950 65.0996141052 -44.7553375963 -2.5
9951 65.5116369793 -45.0385992266 -2.50901505236
9952 65.5116369793 -45.0385992266 -2.5
9953 65.9236598533 -45.321860857 -2.50901505236
9954 65.9236598533 -45.321860857 -2.5
9955 62.6274768607 -43.0557678141 -2
9956 63.0394997348 -43.3390294445 -2
9957 63.4515226088 -43.6222910749 -2
9958 63.8635454829 -43.9055527052 -2
9959 64.275568357 -44.1888143356 -2
9960 64.6875912311 -44.4720759659 -2
9961 65.0996141052 -44.7553375963 -2
9962 65.5116369793 -45.0385992266 -2
9963 65.9236598533 -45.321860857 -2
9964 62.6274768607 -43.0557678141 -1.5
9965 63.0394997348 -43.3390294445 -1.5
9966 63.4515226088 -43.6222910749 -1.5
9967 63.8635454829 -43.9055527052 -1.5
9968 64.275568357 -44.1888143356 -1.5
9969 64.6875912311 -44.4720759659 -1.5
9970 65.0996141052 -44.7553375963 -1.5
9971 65.5116369793 -45.0385992266 -1.5
9972 65.9236598533 -45.321860857 -1.5
9973 62.6274768607 -43.0557678141 -1
9974 63.0394997348 -43.3390294445 -1
9975 63.4515226088 -43.6222910749 -1
9976 63.8635454829 -43.9055527052 -1
9977 64.275568357 -44.1888143356 -1
9978 64.6875912311 -44.4720759659 -1
9979 65.0996141052 -44.7553375963 -1
9980 65.5116369793 -45.0385992266 -1
9981 65.9236598533 -45.321860857 -1
9982 62.6274768607 -43.0557678141 -0.5
9983 63.0394997348 -43.3390294445 -0.5
9984 63.4515226088 -43.6222910749 -0.5
9985 63.8635454829 -43.9055527052 -0.5
9986 64.275568357 -44.1888143356 -0.5
9987 64.6875912311 -44.4720759659 -0.5
9988 65.0996141052 -44.7553375963 -0.5
9989 65.5116369793 -45.0385992266 -0.5
9990 65.9236598533 -45.321860857 -0.5
9991 62.6274768607 -43.0557678141 0
9992 63.0394997348 -43.3390294445 0
9993 63.4515226088 -43.6222910749 0
9994 63.8635454829 -43.9055527052 0
9995 64.275568357 -44.1888143356 0
9996 64.6875912311 -44.4720759659 0
9997 65.0996141052 -44.7553375963 0
9998 65.5116369793 -45.0385992266 0
9999 65.9236598533 -45.321860857 0
10000 62.3501935187 -43.4563386422 -2.23071553229
10001 62.7603921603 -43.7422356069 -2.23071553229
10002 63.1705908018 -44.0281325717 -2.23071553229
10003 63.5807894434 -44.3140295364 -2.23071553229
10004 63.990988085 -44.5999265012 -2.23071553229
10005 64.4011867265 -44.8858234659 -2.23071553229
10006 64.8113853681 -45.1717204307 -2.23071553229
10007 65.2215840097 -45.4576173954 -2.23071553229
10008 65.6317826513 -45.7435143602 -2.23071553229
10009 62.3501935187 -43.4563386422 -2
10010 62.7603921603 -43.7422356069 -2
10011 63.1705908018 -44.0281325717 -2
10012 63.5807894434 -44.3140295364 -2
10013 63.990988085 -44.5999265012 -2
10014 64.4011867265 -44.8858234659 -2
10015 64.8113853681 -45.1717204307 -2
10016 65.2215840097 -45.4576173954 -2
10017 65.6317826513 -45.7435143602 -2
10018 62.3501935187 -43.4563386422 -1.5
10019 62.7603921603 -43.7422356069 -1.5
10020 63.1705908018 -44.0281325717 -1.5
10021 63.5807894434 -44.3140295364 -1.5
10022 63.990988085 -44.5999265012 -1.5
10023 64.4011867265 -44.8858234659 -1.5
10024 64.8113853681 -45.1717204307 -1.5
10025 65.2215840097 -45.4576173954 -1.5
10026 65.6317826513 -45.7435143602 -1.5
10027 62.3501935187 -43.4563386422 -1
10028 62.7603921603 -43.7422356069 -1
10029 63.1705908018 -44.0281325717 -1
10030 63.5807894434 -44.3140295364 -1
10031 63.990988085 -44.5999265012 -1
10032 64.4011867265 -44.8858234659 -1
10033 64.8113853681 -45.1717204307 -1
10034 65.2215840097 -45.4576173954 -1
10035 65.6317826513 -45.7435143602 -1
10036 62.3501935187 -43.4563386422 -0.5
10037 62.7603921603 -43.7422356069 -0.5
10038 63.1705908018 -44.0281325717 -0.5
10039 63.5807894434 -44.3140295364 -0.5
10040 63.990988085 -44.5999265012 -0.5
10041 64.4011867265 -44.8858234659 -0.5
10042 64.8113853681 -45.1717204307 -0.5
10043 65.2215840097 -45.4576173954 -0.5
10044 65.6317826513 -45.7435143602 -0.5
10045 62.3501935187 -43.4563386422 0
10046 62.7603921603 -43.7422356069 0
10047 63.1705908018 -44.0281325717 0
10048 63.5807894434 -44.3140295364 0
10049 63.990988085 -44.5999265012 0
10050 64.4011867265 -44.8858234659 0
10051 64.8113853681 -45.1717204307 0
10052 65.2215840097 -45.4576173954 0
10053 65.6317826513 -45.7435143602 0
10054 62.0703481295 -43.855123795 -1.95145615183
10055 62.478705683 -44.1436443463 -1.95145615183
10056 62.8870632365 -44.4321648976 -1.95145615183
10057 63.29542079 -44.7206854489 -1.95145615183
10058 63.7037783435 -45.0092060002 -1.95145615183
10059 64.112135897 -45.2977265515 -1.95145615183
10060 64.5204934504 -45.5862471027 -1.95145615183
10061 64.9288510039 -45.874767654 -1.95145615183
10062 65.3372085574 -46.1632882053 -1.95145615183
10063 62.0703481295 -43.855123795 -1.5
10064 62.478705683 -44.1436443463 -1.5
10065 62.8870632365 -44.4321648976 -1.5
10066 63.29542079 -44.7206854489 -1.5
10067 63.7037783435 -45.0092060002 -1.5
10068 64.112135897 -45.2977265515 -1.5
10069 64.5204934504 -45.5862471027 -1.5
10070 64.9288510039 -45.874767654 -1.5
10071 65.3372085574 -46.1632882053 -1.5
10072 62.0703481295 -43.855123795 -1
10073 62.478705683 -44.1436443463 -1
10074 62.8870632365 -44.4321648976 -1
10075 63.29542079 -44.7206854489 -1
10076 63.7037783435 -45.0092060002 -1
10077 64.112135897 -45.2977265515 -1
10078 64.5204934504 -45.5862471027 -1
10079 64.9288510039 -45.874767654 -1
10080 65.3372085574 -46.1632882053 -1
10081 62.0703481295 -43.855123795 -0.5
10082 62.478705683 -44.1436443463 -0.5
10083 62.8870632365 -44.4321648976 -0.5
10084 63.29542079 -44.7206854489 -0.5
10085 63.7037783435 -45.0092060002 -0.5
10086 64.112135897 -45.2977265515 -0.5
10087 64.5204934504 -45.5862471027 -0.5
10088 64.9288510039 -45.874767654 -0.5
10089 65.3372085574 -46.1632882053 -0.5
10090 62.0703481295 -43.855123795 0
10091 62.478705683 -44.1436443463 0
10092 62.8870632365 -44.4321648976 0
10093 63.29542079 -44.7206854489 0
10094 63.7037783435 -45.0092060002 0
10095 64.112135897 -45.2977265515 0
10096 64.5204934504 -45.5862471027 0
10097 64.9288510039 -45.874767654 0
10098 65.3372085574 -46.1632882053 0
10099 61.7879521924 -44.2521068862 -1.67159685864
10100 61.7879521924 -44.2521068862 -1.5
10101 62.1944518779 -44.5432391684 -1.67159685864
10102 62.1944518779 -44.5432391684 -1.5
10103 62.6009515634 -44.8343714505 -1.67159685864
10104 62.6009515634 -44.8343714505 -1.5
10105 63.0074512488 -45.1255037327 -1.67159685864
10106 63.0074512488 -45.1255037327 -1.5
10107 63.4139509343 -45.4166360148 -1.67159685864
10108 63.4139509343 -45.4166360148 -1.5
10109 63.8204506198 -45.707768297 -1.67159685864
10110 63.8204506198 -45.707768297 -1.5
10111 64.2269503053 -45.9989005791 -1.67159685864
10112 64.2269503053 -45.9989005791 -1.5
10113 64.6334499907 -46.2900328612 -1.67159685864
10114 64.6334499907 -46.2900328612 -1.5
10115 65.0399496762 -46.5811651434 -1.67159685864
10116 65.0399496762 -46.5811651434 -1.5
10117 61.7879521924 -44.2521068862 -1
10118 62.1944518779 -44.5432391684 -1
10119 62.6009515634 -44.8343714505 -1
10120 63.0074512488 -45.1255037327 -1
10121 63.4139509343 -45.4166360148 -1
10122 63.8204506198 -45.707768297 -1
10123 64.2269503053 -45.9989005791 -1
10124 64.6334499907 -46.2900328612 -1
10125 65.0399496762 -46.5811651434 -1
10126 61.7879521924 -44.2521068862 -0.5
10127 62.1944518779 -44.5432391684 -0.5
10128 62.6009515634 -44.8343714505 -0.5
10129 63.0074512488 -45.1255037327 -0.5
10130 63.4139509343 -45.4166360148 -0.5
10131 63.8204506198 -45.707768297 -0.5
10132 64.2269503053 -45.9989005791 -0.5
10133 64.6334499907 -46.2900328612 -0.5
10134 65.0399496762 -46.5811651434 -0.5
10135 61.7879521924 -44.2521068862 0
10136 62.1944518779 -44.5432391684 0
10137 62.6009515634 -44.8343714505 0
10138 63.0074512488 -45.1255037327 0
10139 63.4139509343 -45.4166360148 0
10140 63.8204506198 -45.707768297 0
10141 64.2269503053 -45.9989005791 0
10142 64.6334499907 -46.2900328612 0
10143 65.0399496762 -46.5811651434 0
10144 61.5030173113 -44.6472716032 -1.39149760035
10145 61.9076424252 -44.9410036532 -1.39149760035
10146 62.3122675391 -45.2347357032 -1.39149760035
10147 62.716892653 -45.5284677532 -1.39149760035
10148 63.1215177668 -45.8221998033 -1.39149760035
10149 63.5261428807 -46.1159318533 -1.39149760035
10150 63.9307679946 -46.4096639033 -1.39149760035
10151 64.3353931085 -46.7033959533 -1.39149760035
10152 64.7400182224 -46.9971280033 -1.39149760035
10153 61.5030173113 -44.6472716032 -1
10154 61.9076424252 -44.9410036532 -1
10155 62.3122675391 -45.2347357032 -1
10156 62.716892653 -45.5284677532 -1
10157 63.1215177668 -45.8221998033 -1
10158 63.5261428807 -46.1159318533 -1
10159 63.9307679946 -46.4096639033 -1
10160 64.3353931085 -46.7033959533 -1
10161 64.7400182224 -46.9971280033 -1
10162 61.5030173113 -44.6472716032 -0.5
10163 61.9076424252 -44.9410036532 -0.5
10164 62.3122675391 -45.2347357032 -0.5
10165 62.716892653 -45.5284677532 -0.5
10166 63.1215177668 -45.8221998033 -0.5
10167 63.5261428807 -46.1159318533 -0.5
10168 63.9307679946 -46.4096639033 -0.5
10169 64.3353931085 -46.7033959533 -0.5
10170 64.7400182224 -46.9971280033 -0.5
10171 61.5030173113 -44.6472716032 0
10172 61.9076424252 -44.9410036532 0
10173 62.3122675391 -45.2347357032 0
10174 62.716892653 -45.5284677532 0
10175 63.1215177668 -45.8221998033 0
10176 63.5261428807 -46.1159318533 0
10177 63.9307679946 -46.4096639033 0
10178 64.3353931085 -46.7033959533 0
10179 64.7400182224 -46.9971280033 0
10180 61.2155551945 -45.0406017081 -1.11151832461
10181 61.2155551945 -45.0406017081 -1
10182 61.6182891103 -45.3369214562 -1.11151832461
10183 61.6182891103 -45.3369214562 -1
10184 62.021023026 -45.6332412042 -1.11151832461
10185 62.021023026 -45.6332412042 -1
10186 62.4237569418 -45.9295609523 -1.11151832461
10187 62.4237569418 -45.9295609523 -1
10188 62.8264908575 -46.2258807004 -1.11151832461
10189 62.8264908575 -46.2258807004 -1
10190 63.2292247733 -46.5222004485 -1.11151832461
10191 63.2292247733 -46.5222004485 -1
10192 63.631958689 -46.8185201966 -1.11151832461
10193 63.631958689 -46.8185201966 -1
10194 64.0346926048 -47.1148399446 -1.11151832461
10195 64.0346926048 -47.1148399446 -1
10196 64.4374265206 -47.4111596927 -1.11151832461
10197 64.4374265206 -47.4111596927 -1
10198 61.2155551945 -45.0406017081 -0.5
10199 61.6182891103 -45.3369214562 -0.5
10200 62.021023026 -45.6332412042 -0.5
10201 62.4237569418 -45.9295609523 -0.5
10202 62.8264908575 -46.2258807004 -0.5
10203 63.2292247733 -46.5222004485 -0.5
10204 63.631958689 -46.8185201966 -0.5
10205 64.0346926048 -47.1148399446 -0.5
10206 64.4374265206 -47.4111596927 -0.5
10207 61.2155551945 -45.0406017081 0
10208 61.6182891103 -45.3369214562 0
10209 62.021023026 -45.6332412042 0
10210 62.4237569418 -45.9295609523 0
10211 62.8264908575 -46.2258807004 0
10212 63.2292247733 -46.5222004485 0
10213 63.631958689 -46.8185201966 0
10214 64.0346926048 -47.1148399446 0
10215 64.4374265206 -47.4111596927 0
10216 60.9255776543 -45.4320810385 -0.832018979058
10217 61.3264038231 -45.7309763085 -0.832018979058
10218 61.7272299919 -46.0298715785 -0.832018979058
10219 62.1280561606 -46.3287668485 -0.832018979058
10220 62.5288823294 -46.6276621185 -0.832018979058
10221 62.9297084982 -46.9265573885 -0.832018979058
10222 63.330534667 -47.2254526585 -0.832018979058
10223 63.7313608357 -47.5243479284 -0.832018979058
10224 64.1321870045 -47.8232431984 -0.832018979058
10225 60.9255776543 -45.4320810385 -0.5
10226 61.3264038231 -45.7309763085 -0.5
10227 61.7272299919 -46.0298715785 -0.5
10228 62.1280561606 -46.3287668485 -0.5
10229 62.5288823294 -46.6276621185 -0.5
10230 62.9297084982 -46.9265573885 -0.5
10231 63.330534667 -47.2254526585 -0.5
10232 63.7313608357 -47.5243479284 -0.5
10233 64.1321870045 -47.8232431984 -0.5
10234 60.9255776543 -45.4320810385 0
10235 61.3264038231 -45.7309763085 0
10236 61.7272299919 -46.0298715785 0
10237 62.1280561606 -46.3287668485 0
10238 62.5288823294 -46.6276621185 0
10239 62.9297084982 -46.9265573885 0
10240 63.330534667 -47.2254526585 0
10241 63.7313608357 -47.5243479284 0
10242 64.1321870045 -47.8232431984 0
10243 60.6330966061 -45.8216935081 -0.553359511344
10244 60.6330966061 -45.8216935081 -0.5
10245 61.0319985575 -46.123152018 -0.553359511344
10246 61.0319985575 -46.123152018 -0.5
10247 61.4309005088 -46.424610528 -0.553359511344
10248 61.4309005088 -46.424610528 -0.5
10249 61.8298024602 -46.7260690379 -0.553359511344
10250 61.8298024602 -46.7260690379 -0.5
10251 62.2287044116 -47.0275275478 -0.553359511344
10252 62.2287044116 -47.0275275478 -0.5
10253 62.6276063629 -47.3289860577 -0.553359511344
10254 62.6276063629 -47.3289860577 -0.5
10255 63.0265083143 -47.6304445676 -0.553359511344
10256 63.0265083143 -47.6304445676 -0.5
10257 63.4254102656 -47.9319030776 -0.553359511344
10258 63.4254102656 -47.9319030776 -0.5
10259 63.824312217 -48.2333615875 -0.553359511344
10260 63.824312217 -48.2333615875 -0.5
10261 60.6330966061 -45.8216935081 0
10262 61.0319985575 -46.123152018 0
10263 61.4309005088 -46.424610528 0
10264 61.8298024602 -46.7260690379 0
10265 62.2287044116 -47.0275275478 0
10266 62.6276063629 -47.3289860577 0
10267 63.0265083143 -47.6304445676 0
10268 63.4254102656 -47.9319030776 0
10269 63.824312217 -48.2333615875 0
10270 60.3381240685 -46.2094231072 -0.27589986911
10271 60.735085411 -46.5134324697 -0.27589986911
10272 61.1320467536 -46.8174418323 -0.27589986911
10273 61.5290080961 -47.1214511948 -0.27589986911
10274 61.9259694387 -47.4254605574 -0.27589986911
10275 62.3229307812 -47.7294699199 -0.27589986911
10276 62.7198921238 -48.0334792825 -0.27589986911
10277 63.1168534663 -48.337488645 -0.27589986911
10278 63.5138148089 -48.6414980076 -0.27589986911
10279 60.3381240685 -46.2094231072 0
10280 60.735085411 -46.5134324697 0
10281 61.1320467536 -46.8174418323 0
10282 61.5290080961 -47.1214511948 0
10283 61.9259694387 -47.4254605574 0
10284 62.3229307812 -47.7294699199 0
10285 62.7198921238 -48.0334792825 0
10286 63.1168534663 -48.337488645 0
10287 63.5138148089 -48.6414980076 0
10288 60.040672162 -46.5952539035 0
10289 60.4356765842 -46.9018016265 0
10290 60.8306810063 -47.2083493496 0
10291 61.2256854284 -47.5148970726 0
10292 61.6206898505 -47.8214447957 0
10293 62.0156942726 -48.1279925187 0
10294 62.4106986947 -48.4345402418 0
10295 62.8057031169 -48.7410879648 0
10296 63.200707539 -49.0476356879 0
$EndNodes
$Elements
12064
1 5 2 1 1 1 2 6 5 4 3 7 8
2 5 2 1 1 5 6 10 9 8 7 11 12
3 5 2 1 1 9 10 14 13 12 11 15 16
4 5 2 1 1 13 14 18 17 16 15 19 20
5 5 2 1 1 17 18 22 21 20 19 23 24
6 5 2 1 1 21 22 26 25 24 23 27 28
7 5 2 1 1 25 26 30 29 28 27 31 32
8 5 2 1 1 29 30 34 33 32 31 35 36
9 5 2 1 1 4 3 7 8 38 37 39 40
10 5 2 1 1 8 7 11 12 40 39 41 42
11 5 2 1 1 12 11 15 16 42 41 43 44
12 5 2 1 1 16 15 19 20 44 43 45 46
13 5 2 1 1 20 19 23 24 46 45 47 48
14 5 2 1 1 24 23 27 28 48 47 49 50
15 5 2 1 1 28 27 31 32 50 49 51 52
16 5 2 1 1 32 31 35 36 52 51 53 54
17 5 2 1 1 38 37 39 40 56 55 57 58
18 5 2 1 1 40 39 41 42 58 57 59 60
19 5 2 1 1 42 41 43 44 60 59 61 62
20 5 2 1 1 44 43 45 46 62 61 63 64
21 5 2 1 1 46 45 47 48 64 63 65 66
22 5 2 1 1 48 47 49 50 66 65 67 68
23 5 2 1 1 50 49 51 52 68 67 69 70
24 5 2 1 1 52 51 53 54 70 69 71 72
25 5 2 1 1 56 55 57 58 74 73 75 76
26 5 2 1 1 58 57 59 60 76 75 77 78
27 5 2 1 1 60 59 61 62 78 77 79 80
28 5 2 1 1 62 61 63 64 80 79 81 82
29 5 2 1 1 64 63 65 66 82 81 83 84
30 5 2 1 1 66 65 67 68 84 83 85 86
31 5 2 1 1 68 67 69 70 86 85 87 88
32 5 2 1 1 70 69 71 72 88 87 89 90
33 5 2 1 1 74 73 75 76 92 91 93 94
34 5 2 1 1 76 75 77 78 94 93 95 96
35 5 2 1 1 78 77 79 80 96 95 97 98
36 5 2 1 1 80 79 81 82 98 97 99 100
37 5 2 1 1 82 81 83 84 100 99 101 102
38 5 2 1 1 84 83 85 86 102 101 103 104
39 5 2 1 1 86 85 87 88 104 103 105 106
40 5 2 1 1 88 87 89 90 106 105 107 108
41 5 2 1 1 92 91 93 94 110 109 111 112
42 5 2 1 1 94 93 95 96 112 111 113 114
43 5 2 1 1 96 95 97 98 114 113 115 116
44 5 2 1 1 98 97 99 100 116 115 117 118
45 5 2 1 1 100 99 101 102 118 117 119 120
46 5 2 1 1 102 101 103 104 120 119 121 122
47 5 2 1 1 104 103 105 106 122 121 123 124
48 5 2 1 1 106 105 107 108 124 123 125 126
49 5 2 1 1 110 109 111 112 128 127 129 130
50 5 2 1 1 112 111 113 114 130 129 131 132
51 5 2 1 1 114 113 115 116 132 131 133 134
52 5 2 1 1 116 115 117 118 134 133 135 136
53 5 2 1 1 118 117 119 120 136 135 137 138
54 5 2 1 1 120 119 121 122 138 137 139 140
55 5 2 1 1 122 121 123 124 140 139 141 142
56 5 2 1 1 124 123 125 126 142 141 143 144
57 5 2 1 1 128 127 129 130 146 145 147 148
58 5 2 1 1 130 129 131 132 148 147 149 150
59 5 2 1 1 132 131 133 134 150 149 151 152
60 5 2 1 1 134 133 135 136 152 151 153 154
61 5 2 1 1 136 135 137 138 154 153 155 156
62 5 2 1 1 138 137 139 140 156 155 157 158
63 5 2 1 1 140 139 141 142 158 157 159 160
64 5 2 1 1 142 141 143 144 160 159 161 162
65 5 2 1 1 146 145 147 148 164 163 165 166
66 5 2 1 1 148 147 149 150 166 165 167 168
67 5 2 1 1 150 149 151 152 168 167 169 170
68 5 2 1 1 152 151 153 154 170 169 171 172
69 5 2 1 1 154 153 155 156 172 171 173 174
70 5 2 1 1 156 155 157 158 174 173 175 176
71 5 2 1 1 158 157 159 160 176 175 177 178
72 5 2 1 1 160 159 161 162 178 177 179 180
73 5 2 1 1 164 163 165 166 182 181 183 184
74 5 2 1 1 166 165 167 168 184 183 185 186
75 5 2 1 1 168 167 169 170 186 185 187 188
76 5 2 1 1 170 169 171 172 188 187 189 190
77 5 2 1 1 172 171 173 174 190 189 191 192
78 5 2 1 1 174 173 175 176 192 191 193 194
79 5 2 1 1 176 175 177 178 194 193 195 196
80 5 2 1 1 178 177 179 180 196 195 197 198
81 5 2 1 1 182 181 183 184 200 199 201 202
82 5 2 1 1 184 183 185 186 202 201 203 204
83 5 2 1 1 186 185 187 188 204 203 205 206
84 5 2 1 1 188 187 189 190 206 205 207 208
85 5 2 1 1 190 189 191 192 208 207 209 210
86 5 2 1 1 192 191 193 194 210 209 211 212
87 5 2 1 1 194 193 195 196 212 211 213 214
88 5 2 1 1 196 195 197 198 214 213 215 216
89 5 2 1 1 200 199 201 202 218 217 219 220
90 5 2 1 1 202 201 203 204 220 219 221 222
91 5 2 1 1 204 203 205 206 222 221 223 224
92 5 2 1 1 206 205 207 208 224 223 225 226
93 5 2 1 1 208 207 209 210 226 225 227 228
94 5 2 1 1 210 209 211 212 228 227 229 230
95 5 2 1 1 212 211 213 214 230 229 231 232
96 5 2 1 1 214 213 215 216 232 231 233 234
97 5 2 1 1 218 217 219 220 236 235 237 238
98 5 2 1 1 220 219 221 222 238 237 239 240
99 5 2 1 1 222 221 223 224 240 239 241 242
100 5 2 1 1 224 223 225 226 242 241 243 244
101 5 2 1 1 226 225 227 228 244 243 245 246
102 5 2 1 1 228 227 229 230 246 245 247 248
103 5 2 1 1 230 229 231 232 248 247 249 250
104 5 2 1 1 232 231 233 234 250 249 251 252
105 5 2 1 1 236 235 237 238 254 253 255 256
106 5 2 1 1 238 237 239 240 256 255 257 258
107 5 2 1 1 240 239 241 242 258 257 259 260
108 5 2 1 1 242 241 243 244 260 259 261 262
109 5 2 1 1 244 243 245 246 262 261 263 264
110 5 2 1 1 246 245 247 248 264 263 265 266
111 5 2 1 1 248 247 249 250 266 265 267 268
112 5 2 1 1 250 249 251 252 268 267 269 270
113 5 2 1 1 254 253 255 256 272 271 273 274
114 5 2 1 1 256 255 257 258 274 273 275 276
115 5 2 1 1 258 257 259 260 276 275 277 278
116 5 2 1 1 260 259 261 262 278 277 279 280
117 5 2 1 1 262 261 263 264 280 279 281 282
118 5 2 1 1 264 263 265 266 282 281 283 284
119 5 2 1 1 266 265 267 268 284 283 285 286
120 5 2 1 1 268 267 269 270 286 285 287 288
121 5 2 1 1 272 271 273 274 290 289 291 292
122 5 2 1 1 274 273 275 276 292 291 293 294
123 5 2 1 1 276 275 277 278 294 293 295 296
124 5 2 1 1 278 277 279 280 296 295 297 298
125 5 2 1 1 280 279 281 282 298 297 299 300
126 5 2 1 1 282 281 283 284 300 299 301 302
127 5 2 1 1 284 283 285 286 302 301 303 304
128 5 2 1 1 286 285 287 288 304 303 305 306
129 5 2 1 1 290 289 291 292 308 307 309 310
130 5 2 1 1 292 291 293 294 310 309 311 312
131 5 2 1 1 294 293 295 296 312 311 313 314
132 5 2 1 1 296 295 297 298 314 313 315 316
133 5 2 1 1 298 297 299 300 316 315 317 318
134 5 2 1 1 300 299 301 302 318 317 319 320
135 5 2 1 1 302 301 303 304 320 319 321 322
136 5 2 1 1 304 303 305 306 322 321 323 324
137 5 2 1 1 308 307 309 310 326 325 327 328
138 5 2 1 1 310 309 311 312 328 327 329 330
139 5 2 1 1 312 311 313 314 330 329 331 332
140 5 2 1 1 314 313 315 316 332 331 333 334
141 5 2 1 1 316 315 317 318 334 333 335 336
142 5 2 1 1 318 317 319 320 336 335 337 338
143 5 2 1 1 320 319 321 322 338 337 339 340
144 5 2 1 1 322 321 323 324 340 339 341 342
145 5 2 1 1 326 325 327 328 344 343 345 346
146 5 2 1 1 328 327 329 330 346 345 347 348
147 5 2 1 1 330 329 331 332 348 347 349 350
148 5 2 1 1 332 331 333 334 350 349 351 352
149 5 2 1 1 334 333 335 336 352 351 353 354
150 5 2 1 1 336 335 337 338 354 353 355 356
151 5 2 1 1 338 337 339 340 356 355 357 358
152 5 2 1 1 340 339 341 342 358 357 359 360
153 5 2 1 1 344 343 345 346 362 361 363 364
154 5 2 1 1 346 345 347 348 364 363 365 366
155 5 2 1 1 348 347 349 350 366 365 367 368
156 5 2 1 1 350 349 351 352 368 367 369 370
157 5 2 1 1 352 351 353 354 370 369 371 372
158 5 2 1 1 354 353 355 356 372 371 373 374
159 5 2 1 1 356 355 357 358 374 373 375 376
160 5 2 1 1 358 357 359 360 376 375 377 378
161 5 2 1 1 362 361 363 364 380 379 381 382
162 5 2 1 1 364 363 365 366 382 381 383 384
163 5 2 1 1 366 365 367 368 384 383 385 386
164 5 2 1 1 368 367 369 370 386 385 387 388
165 5 2 1 1 370 369 371 372 388 387 389 390
166 5 2 1 1 372 371 373 374 390 389 391 392
167 5 2 1 1 374 373 375 376 392 391 393 394
168 5 2 1 1 376 375 377 378 394 393 395 396
169 5 2 1 1 380 379 381 382 398 397 399 400
170 5 2 1 1 382 381 383 384 400 399 401 402
171 5 2 1 1 384 383 385 386 402 401 403 404
172 5 2 1 1 386 385 387 388 404 403 405 406
173 5 2 1 1 388 387 389 390 406 405 407 408
174 5 2 1 1 390 389 391 392 408 407 409 410
175 5 2 1 1 392 391 393 394 410 409 411 412
176 5 2 1 1 394 393 395 396 412 411 413 414
177 5 2 1 1 398 397 399 400 416 415 417 418
178 5 2 1 1 400 399 401 402 418 417 419 420
179 5 2 1 1 402 401 403 404 420 419 421 422
180 5 2 1 1 404 403 405 406 422 421 423 424
181 5 2 1 1 406 405 407 408 424 423 425 426
182 5 2 1 1 408 407 409 410 426 425 427 428
183 5 2 1 1 410 409 411 412 428 427 429 430
184 5 2 1 1 412 411 413 414 430 429 431 432
185 5 2 1 1 416 415 417 418 434 433 435 436
186 5 2 1 1 418 417 419 420 436 435 437 438
187 5 2 1 1 420 419 421 422 438 437 439 440
188 5 2 1 1 422 421 423 424 440 439 441 442
189 5 2 1 1 424 423 425 426 442 441 443 444
190 5 2 1 1 426 425 427 428 444 443 445 446
191 5 2 1 1 428 427 429 430 446 445 447 448
192 5 2 1 1 430 429 431 432 448 447 449 450
193 5 2 1 1 434 433 435 436 452 451 453 454
194 5 2 1 1 436 435 437 438 454 453 455 456
195 5 2 1 1 438 437 439 440 456 455 457 458
196 5 2 1 1 440 439 441 442 458 457 459 460
197 5 2 1 1 442 441 443 444 460 459 461 462
198 5 2 1 1 444 443 445 446 462 461 463 464
199 5 2 1 1 446 445 447 448 464 463 465 466
200 5 2 1 1 448 447 449 450 466 465 467 468
201 5 2 1 1 452 451 453 454 470 469 471 472
202 5 2 1 1 454 453 455 456 472 471 473 474
203 5 2 1 1 456 455 457 458 474 473 475 476
204 5 2 1 1 458 457 459 460 476 475 477 478
205 5 2 1 1 460 459 461 462 478 477 479 480
206 5 2 1 1 462 461 463 464 480 479 481 482
207 5 2 1 1 464 463 465 466 482 481 483 484
208 5 2 1 1 466 465 467 468 484 483 485 486
209 5 2 1 1 470 469 471 472 488 487 489 490
210 5 2 1 1 472 471 473 474 490 489 491 492
211 5 2 1 1 474 473 475 476 492 491 493 494
212 5 2 1 1 476 475 477 478 494 493 495 496
213 5 2 1 1 478 477 479 480 496 495 497 498
214 5 2 1 1 480 479 481 482 498 497 499 500
215 5 2 1 1 482 481 483 484 500 499 501 502
216 5 2 1 1 484 483 485 486 502 501 503 504
217 5 2 1 1 488 487 489 490 506 505 507 508
218 5 2 1 1 490 489 491 492 508 507 509 510
219 5 2 1 1 492 491 493 494 510 509 511 512
220 5 2 1 1 494 493 495 496 512 511 513 514
221 5 2 1 1 496 495 497 498 514 513 515 516
222 5 2 1 1 498 497 499 500 516 515 517 518
223 5 2 1 1 500 499 501 502 518 517 519 520
224 5 2 1 1 502 501 503 504 520 519 521 522
225 5 2 1 1 506 505 507 508 524 523 525 526
226 5 2 1 1 508 507 509 510 526 525 527 528
227 5 2 1 1 510 509 511 512 528 527 529 530
228 5 2 1 1 512 511 513 514 530 529 531 532
229 5 2 1 1 514 513 515 516 532 531 533 534
230 5 2 1 1 516 515 517 518 534 533 535 536
231 5 2 1 1 518 517 519 520 536 535 537 538
232 5 2 1 1 520 519 521 522 538 537 539 540
233 5 2 1 1 524 523 525 526 542 541 543 544
234 5 2 1 1 526 525 527 528 544 543 545 546
235 5 2 1 1 528 527 529 530 546 545 547 548
236 5 2 1 1 530 529 531 532 548 547 549 550
237 5 2 1 1 532 531 533 534 550 549 551 552
238 5 2 1 1 534 533 535 536 552 551 553 554
239 5 2 1 1 536 535 537 538 554 553 555 556
240 5 2 1 1 538 537 539 540 556 555 557 558
241 5 2 1 1 542 541 543 544 560 559 561 562
242 5 2 1 1 544 543 545 546 562 561 563 564
243 5 2 1 1 546 545 547 548 564 563 565 566
244 5 2 1 1 548 547 549 550 566 565 567 568
245 5 2 1 1 550 549 551 552 568 567 569 570
246 5 2 1 1 552 551 553 554 570 569 571 572
247 5 2 1 1 554 553 555 556 572 571 573 574
248 5 2 1 1 556 555 557 558 574 573 575 576
249 5 2 1 1 560 559 561 562 578 577 579 580
250 5 2 1 1 562 561 563 564 580 579 581 582
251 5 2 1 1 564 563 565 566 582 581 583 584
252 5 2 1 1 566 565 567 568 584 583 585 586
253 5 2 1 1 568 567 569 570 586 585 587 588
254 5 2 1 1 570 569 571 572 588 587 589 590
255 5 2 1 1 572 571 573 574 590 589 591 592
256 5 2 1 1 574 573 575 576 592 591 593 594
257 5 2 1 1 2 595 597 6 3 596 598 7
258 5 2 1 1 6 597 599 10 7 598 600 11
259 5 2 1 1 10 599 601 14 11 600 602 15
260 5 2 1 1 14 601 603 18 15 602 604 19
261 5 2 1 1 18 603 605 22 19 604 606 23
262 5 2 1 1 22 605 607 26 23 606 608 27
263 5 2 1 1 26 607 609 30 27 608 610 31
264 5 2 1 1 30 609 611 34 31 610 612 35
265 5 2 1 1 3 596 598 7 37 613 614 39
266 5 2 1 1 7 598 600 11 39 614 615 41
267 5 2 1 1 11 600 602 15 41 615 616 43
268 5 2 1 1 15 602 604 19 43 616 617 45
269 5 2 1 1 19 604 606 23 45 617 618 47
270 5 2 1 1 23 606 608 27 47 618 619 49
271 5 2 1 1 27 608 610 31 49 619 620 51
272 5 2 1 1 31 610 612 35 51 620 621 53
273 5 2 1 1 37 613 614 39 55 622 623 57
274 5 2 1 1 39 614 615 41 57 623 624 59
275 5 2 1 1 41 615 616 43 59 624 625 61
276 5 2 1 1 43 616 617 45 61 625 626 63
277 5 2 1 1 45 617 618 47 63 626 627 65
278 5 2 1 1 47 618 619 49 65 627 628 67
279 5 2 1 1 49 619 620 51 67 628 629 69
280 5 2 1 1 51 620 621 53 69 629 630 71
281 5 2 1 1 55 622 623 57 73 631 632 75
282 5 2 1 1 57 623 624 59 75 632 633 77
283 5 2 1 1 59 624 625 61 77 633 634 79
284 5 2 1 1 61 625 626 63 79 634 635 81
285 5 2 1 1 63 626 627 65 81 635 636 83
286 5 2 1 1 65 627 628 67 83 636 637 85
287 5 2 1 1 67 628 629 69 85 637 638 87
288 5 2 1 1 69 629 630 71 87 638 639 89
289 5 2 1 1 73 631 632 75 91 640 641 93
290 5 2 1 1 75 632 633 77 93 641 642 95
291 5 2 1 1 77 633 634 79 95 642 643 97
292 5 2 1 1 79 634 635 81 97 643 644 99
293 5 2 1 1 81 635 636 83 99 644 645 101
294 5 2 1 1 83 636 637 85 101 645 646 103
295 5 2 1 1 85 637 638 87 103 646 647 105
296 5 2 1 1 87 638 639 89 105 647 648 107
297 5 2 1 1 91 640 641 93 109 649 650 111
298 5 2 1 1 93 641 642 95 111 650 651 113
299 5 2 1 1 95 642 643 97 113 651 652 115
300 5 2 1 1 97 643 644 99 115 652 653 117
301 5 2 1 1 99 644 645 101 117 653 654 119
302 5 2 1 1 101 645 646 103 119 654 655 121
303 5 2 1 1 103 646 647 105 121 655 656 123
304 5 2 1 1 105 647 648 107 123 656 657 125
305 5 2 1 1 109 649 650 111 127 658 659 129
306 5 2 1 1 111 650 651 113 129 659 660 131
307 5 2 1 1 113 651 652 115 131 660 661 133
308 5 2 1 1 115 652 653 117 133 661 662 135
309 5 2 1 1 117 653 654 119 135 662 663 137
310 5 2 1 1 119 654 655 121 137 663 664 139
311 5 2 1 1 121 655 656 123 139 664 665 141
312 5 2 1 1 123 656 657 125 141 665 666 143
313 5 2 1 1 127 658 659 129 145 667 668 147
314 5 2 1 1 129 659 660 131 147 668 669 149
315 5 2 1 1 131 660 661 133 149 669 670 151
316 5 2 1 1 133 661 662 135 151 670 671 153
317 5 2 1 1 135 662 663 137 153 671 672 155
318 5 2 1 1 137 663 664 139 155 672 673 157
319 5 2 1 1 139 664 665 141 157 673 674 159
320 5 2 1 1 141 665 666 143 159 674 675 161
321 5 2 1 1 145 667 668 147 163 676 677 165
322 5 2 1 1 147 668 669 149 165 677 678 167
323 5 2 1 1 149 669 670 151 167 678 679 169
324 5 2 1 1 151 670 671 153 169 679 680 171
325 5 2 1 1 153 671 672 155 171 680 681 173
326 5 2 1 1 155 672 673 157 173 681 682 175
327 5 2 1 1 157 673 674 159 175 682 683 177
328 5 2 1 1 159 674 675 161 177 683 684 179
329 5 2 1 1 163 676 677 165 181 685 686 183
330 5 2 1 1 165 677 678 167 183 686 687 185
331 5 2 1 1 167 678 679 169 185 687 688 187
332 5 2 1 1 169 679 680 171 187 688 689 189
333 5 2 1 1 171 680 681 173 189 689 690 191
334 5 2 1 1 173 681 682 175 191 690 691 193
335 5 2 1 1 175 682 683 177 193 691 692 195
336 5 2 1 1 177 683 684 179 195 692 693 197
337 5 2 1 1 181 685 686 183 199 694 695 201
338 5 2 1 1 183 686 687 185 201 695 696 203
339 5 2 1 1 185 687 688 187 203 696 697 205
340 5 2 1 1 187 688 689 189 205 697 698 207
341 5 2 1 1 189 689 690 191 207 698 699 209
342 5 2 1 1 191 690 691 193 209 699 700 211
343 5 2 1 1 193 691 692 195 211 700 701 213
344 5 2 1 1 195 692 693 197 213 701 702 215
345 5 2 1 1 199 694 695 201 217 703 704 219
346 5 2 1 1 201 695 696 203 219 704 705 221
347 5 2 1 1 203 696 697 205 221 705 706 223
348 5 2 1 1 205 697 698 207 223 706 707 225
349 5 2 1 1 207 698 699 209 225 707 708 227
350 5 2 1 1 209 699 700 211 227 708 709 229
351 5 2 1 1 211 700 701 213 229 709 710 231
352 5 2 1 1 213 701 702 215 231 710 711 233
353 5 2 1 1 217 703 704 219 235 712 713 237
354 5 2 1 1 219 704 705 221 237 713 714 239
355 5 2 1 1 221 705 706 223 239 714 715 241
356 5 2 1 1 223 706 707 225 241 715 716 243
357 5 2 1 1 225 707 708 227 243 716 717 245
358 5 2 1 1 227 708 709 229 245 717 718 247
359 5 2 1 1 229 709 710 231 247 718 719 249
360 5 2 1 1 231 710 711 233 249 719 720 251
361 5 2 1 1 235 712 713 237 253 721 722 255
362 5 2 1 1 237 713 714 239 255 722 723 257
363 5 2 1 1 239 714 715 241 257 723 724 259
364 5 2 1 1 241 715 716 243 259 724 725 261
365 5 2 1 1 243 716 717 245 261 725 726 263
366 5 2 1 1 245 717 718 247 263 726 727 265
367 5 2 1 1 247 718 719 249 265 727 728 267
368 5 2 1 1 249 719 720 251 267 728 729 269
369 5 2 1 1 253 721 722 255 271 730 731 273
370 5 2 1 1 255 722 723 257 273 731 732 275
371 5 2 1 1 257 723 724 259 275 732 733 277
372 5 2 1 1 259 724 725 261 277 733 734 279
373 5 2 1 1 261 725 726 263 279 734 735 281
374 5 2 1 1 263 726 727 265 281 735 736 283
375 5 2 1 1 265 727 728 267 283 736 737 285
376 5 2 1 1 267 728 729 269 285 737 738 287
377 5 2 1 1 271 730 731 273 289 739 740 291
378 5 2 1 1 273 731 732 275 291 740 741 293
379 5 2 1 1 275 732 733 277 293 741 742 295
380 5 2 1 1 277 733 734 279 295 742 743 297
381 5 2 1 1 279 734 735 281 297 743 744 299
382 5 2 1 1 281 735 736 283 299 744 745 301
383 5 2 1 1 283 736 737 285 301 745 746 303
384 5 2 1 1 285 737 738 287 303 746 747 305
385 5 2 1 1 289 739 740 291 307 748 749 309
386 5 2 1 1 291 740 741 293 309 749 750 311
387 5 2 1 1 293 741 742 295 311 750 751 313
388 5 2 1 1 295 742 743 297 313 751 752 315
389 5 2 1 1 297 743 744 299 315 752 753 317
390 5 2 1 1 299 744 745 301 317 753 754 319
391 5 2 1 1 301 745 746 303 319 754 755 321
392 5 2 1 1 303 746 747 305 321 755 756 323
393 5 2 1 1 307 748 749 309 325 757 758 327
394 5 2 1 1 309 749 750 311 327 758 759 329
395 5 2 1 1 311 750 751 313 329 759 760 331
396 5 2 1 1 313 751 752 315 331 760 761 333
397 5 2 1 1 315 752 753 317 333 761 762 335
398 5 2 1 1 317 753 754 319 335 762 763 337
399 5 2 1 1 319 754 755 321 337 763 764 339
400 5 2 1 1 321 755 756 323 339 764 765 341
401 5 2 1 1 325 757 758 327 343 766 767 345
402 5 2 1 1 327 758 759 329 345 767 768 347
403 5 2 1 1 329 759 760 331 347 768 769 349
404 5 2 1 1 331 760 761 333 349 769 770 351
405 5 2 1 1 333 761 762 335 351 770 771 353
406 5 2 1 1 335 762 763 337 353 771 772 355
407 5 2 1 1 337 763 764 339 355 772 773 357
408 5 2 1 1 339 764 765 341 357 773 774 359
409 5 2 1 1 343 766 767 345 361 775 776 363
410 5 2 1 1 345 767 768 347 363 776 777 365
411 5 2 1 1 347 768 769 349 365 777 778 367
412 5 2 1 1 349 769 770 351 367 778 779 369
413 5 2 1 1 351 770 771 353 369 779 780 371
414 5 2 1 1 353 771 772 355 371 780 781 373
415 5 2 1 1 355 772 773 357 373 781 782 375
416 5 2 1 1 357 773 774 359 375 782 783 377
417 5 2 1 1 361 775 776 363 379 784 785 381
418 5 2 1 1 363 776 777 365 381 785 786 383
419 5 2 1 1 365 777 778 367 383 786 787 385
420 5 2 1 1 367 778 779 369 385 787 788 387
421 5 2 1 1 369 779 780 371 387 788 789 389
422 5 2 1 1 371 780 781 373 389 789 790 391
423 5 2 1 1 373 781 782 375 391 790 791 393
424 5 2 1 1 375 782 783 377 393 791 792 395
425 5 2 1 1 379 784 785 381 397 793 794 399
426 5 2 1 1 381 785 786 383 399 794 795 401
427 5 2 1 1 383 786 787 385 401 795 796 403
428 5 2 1 1 385 787 788 387 403 796 797 405
429 5 2 1 1 387 788 789 389 405 797 798 407
430 5 2 1 1 389 789 790 391 407 798 799 409
431 5 2 1 1 391 790 791 393 409 799 800 411
432 5 2 1 1 393 791 792 395 411 800 801 413
433 5 2 1 1 397 793 794 399 415 802 803 417
434 5 2 1 1 399 794 795 401 417 803 804 419
435 5 2 1 1 401 795 796 403 419 804 805 421
436 5 2 1 1 403 796 797 405 421 805 806 423
437 5 2 1 1 405 797 798 407 423 806 807 425
438 5 2 1 1 407 798 799 409 425 807 808 427
439 5 2 1 1 409 799 800 411 427 808 809 429
440 5 2 1 1 411 800 801 413 429 809 810 431
441 5 2 1 1 415 802 803 417 433 811 812 435
442 5 2 1 1 417 803 804 419 435 812 813 437
443 5 2 1 1 419 804 805 421 437 813 814 439
444 5 2 1 1 421 805 806 423 439 814 815 441
445 5 2 1 1 423 806 807 425 441 815 816 443
446 5 2 1 1 425 807 808 427 443 816 817 445
447 5 2 1 1 427 808 809 429 445 817 818 447
448 5 2 1 1 429 809 810 431 447 818 819 449
449 5 2 1 1 433 811 812 435 451 820 821 453
450 5 2 1 1 435 812 813 437 453 821 822 455
451 5 2 1 1 437 813 814 439 455 822 823 457
452 5 2 1 1 439 814 815 441 457 823 824 459
453 5 2 1 1 441 815 816 443 459 824 825 461
454 5 2 1 1 443 816 817 445 461 825 826 463
455 5 2 1 1 445 817 818 447 463 826 827 465
456 5 2 1 1 447 818 819 449 465 827 828 467
457 5 2 1 1 451 820 821 453 469 829 830 471
458 5 2 1 1 453 821 822 455 471 830 831 473
459 5 2 1 1 455 822 823 457 473 831 832 475
460 5 2 1 1 457 823 824 459 475 832 833 477
461 5 2 1 1 459 824 825 461 477 833 834 479
462 5 2 1 1 461 825 826 463 479 834 835 481
463 5 2 1 1 463 826 827 465 481 835 836 483
464 5 2 1 1 465 827 828 467 483 836 837 485
465 5 2 1 1 469 829 830 471 487 838 839 489
466 5 2 1 1 471 830 831 473 489 839 840 491
467 5 2 1 1 473 831 832 475 491 840 841 493
468 5 2 1 1 475 832 833 477 493 841 842 495
469 5 2 1 1 477 833 834 479 495 842 843 497
470 5 2 1 1 479 834 835 481 497 843 844 499
471 5 2 1 1 481 835 836 483 499 844 845 501
472 5 2 1 1 483 836 837 485 501 845 846 503
473 5 2 1 1 487 838 839 489 505 847 848 507
474 5 2 1 1 489 839 840 491 507 848 849 509
475 5 2 1 1 491 840 841 493 509 849 850 511
476 5 2 1 1 493 841 842 495 511 850 851 513
477 5 2 1 1 495 842 843 497 513 851 852 515
478 5 2 1 1 497 843 844 499 515 852 853 517
479 5 2 1 1 499 844 845 501 517 853 854 519
480 5 2 1 1 501 845 846 503 519 854 855 521
481 5 2 1 1 505 847 848 507 523 856 857 525
482 5 2 1 1 507 848 849 509 525 857 858 527
483 5 2 1 1 509 849 850 511 527 858 859 529
484 5 2 1 1 511 850 851 513 529 859 860 531
485 5 2 1 1 513 851 852 515 531 860 861 533
486 5 2 1 1 515 852 853 517 533 861 862 535
487 5 2 1 1 517 853 854 519 535 862 863 537
488 5 2 1 1 519 854 855 521 537 863 864 539
489 5 2 1 1 523 856 857 525 541 865 866 543
490 5 2 1 1 525 857 858 527 543 866 867 545
491 5 2 1 1 527 858 859 529 545 867 868 547
492 5 2 1 1 529 859 860 531 547 868 869 549
493 5 2 1 1 531 860 861 533 549 869 870 551
494 5 2 1 1 533 861 862 535 551 870 871 553
495 5 2 1 1 535 862 863 537 553 871 872 555
496 5 2 1 1 537 863 864 539 555 872 873 557
497 5 2 1 1 541 865 866 543 559 874 875 561
498 5 2 1 1 543 866 867 545 561 875 876 563
499 5 2 1 1 545 867 868 547 563 876 877 565
500 5 2 1 1 547 868 869 549 565 877 878 567
501 5 2 1 1 549 869 870 551 567 878 879 569
502 5 2 1 1 551 870 871 553 569 879 880 571
503 5 2 1 1 553 871 872 555 571 880 881 573
504 5 2 1 1 555 872 873 557 573 881 882 575
505 5 2 1 1 559 874 875 561 577 883 884 579
506 5 2 1 1 561 875 876 563 579 884 885 581
507 5 2 1 1 563 876 877 565 581 885 886 583
508 5 2 1 1 565 877 878 567 583 886 887 585
509 5 2 1 1 567 878 879 569 585 887 888 587
510 5 2 1 1 569 879 880 571 587 888 889 589
511 5 2 1 1 571 880 881 573 589 889 890 591
512 5 2 1 1 573 881 882 575 591 890 891 593
513 6 2 1 1 595 596 892 597 598 893
514 6 2 1 1 597 598 893 599 600 894
515 6 2 1 1 599 600 894 601 602 895
516 6 2 1 1 601 602 895 603 604 896
517 6 2 1 1 603 604 896 605 606 897
518 6 2 1 1 605 606 897 607 608 898
519 6 2 1 1 607 608 898 609 610 899
520 6 2 1 1 609 610 899 611 612 900
521 5 2 1 1 596 892 893 598 613 901 902 614
522 5 2 1 1 598 893 894 600 614 902 903 615
523 5 2 1 1 600 894 895 602 615 903 904 616
524 5 2 1 1 602 895 896 604 616 904 905 617
525 5 2 1 1 604 896 897 606 617 905 906 618
526 5 2 1 1 606 897 898 608 618 906 907 619
527 5 2 1 1 608 898 899 610 619 907 908 620
528 5 2 1 1 610 899 900 612 620 908 909 621
529 5 2 1 1 613 901 902 614 622 910 911 623
530 5 2 1 1 614 902 903 615 623 911 912 624
531 5 2 1 1 615 903 904 616 624 912 913 625
532 5 2 1 1 616 904 905 617 625 913 914 626
533 5 2 1 1 617 905 906 618 626 914 915 627
534 5 2 1 1 618 906 907 619 627 915 916 628
535 5 2 1 1 619 907 908 620 628 916 917 629
536 5 2 1 1 620 908 909 621 629 917 918 630
537 5 2 1 1 622 910 911 623 631 919 920 632
538 5 2 1 1 623 911 912 624 632 920 921 633
539 5 2 1 1 624 912 913 625 633 921 922 634
540 5 2 1 1 625 913 914 626 634 922 923 635
541 5 2 1 1 626 914 915 627 635 923 924 636
542 5 2 1 1 627 915 916 628 636 924 925 637
543 5 2 1 1 628 916 917 629 637 925 926 638
544 5 2 1 1 629 917 918 630 638 926 927 639
545 5 2 1 1 631 919 920 632 640 928 929 641
546 5 2 1 1 632 920 921 633 641 929 930 642
547 5 2 1 1 633 921 922 634 642 930 931 643
548 5 2 1 1 634 922 923 635 643 931 932 644
549 5 2 1 1 635 923 924 636 644 932 933 645
550 5 2 1 1 636 924 925 637 645 933 934 646
551 5 2 1 1 637 925 926 638 646 934 935 647
552 5 2 1 1 638 926 927 639 647 935 936 648
553 5 2 1 1 640 928 929 641 649 937 938 650
554 5 2 1 1 641 929 930 642 650 938 939 651
555 5 2 1 1 642 930 931 643 651 939 940 652
556 5 2 1 1 643 931 932 644 652 940 941 653
557 5 2 1 1 644 932 933 645 653 941 942 654
558 5 2 1 1 645 933 934 646 654 942 943 655
559 5 2 1 1 646 934 935 647 655 943 944 656
560 5 2 1 1 647 935 936 648 656 944 945 657
561 5 2 1 1 649 937 938 650 658 946 947 659
562 5 2 1 1 650 938 939 651 659 947 948 660
563 5 2 1 1 651 939 940 652 660 948 949 661
564 5 2 1 1 652 940 941 653 661 949 950 662
565 5 2 1 1 653 941 942 654 662 950 951 663
566 5 2 1 1 654 942 943 655 663 951 952 664
567 5 2 1 1 655 943 944 656 664 952 953 665
568 5 2 1 1 656 944 945 657 665 953 954 666
569 5 2 1 1 658 946 947 659 667 955 956 668
570 5 2 1 1 659 947 948 660 668 956 957 669
571 5 2 1 1 660 948 949 661 669 957 958 670
572 5 2 1 1 661 949 950 662 670 958 959 671
573 5 2 1 1 662 950 951 663 671 959 960 672
574 5 2 1 1 663 951 952 664 672 960 961 673
575 5 2 1 1 664 952 953 665 673 961 962 674
576 5 2 1 1 665 953 954 666 674 962 963 675
577 5 2 1 1 667 955 956 668 676 964 965 677
578 5 2 1 1 668 956 957 669 677 965 966 678
579 5 2 1 1 669 957 958 670 678 966 967 679
580 5 2 1 1 670 958 959 671 679 967 968 680
581 5 2 1 1 671 959 960 672 680 968 969 681
582 5 2 1 1 672 960 961 673 681 969 970 682
583 5 2 1 1 673 961 962 674 682 970 971 683
584 5 2 1 1 674 962 963 675 683 971 972 684
585 5 2 1 1 676 964 965 677 685 973 974 686
586 5 2 1 1 677 965 966 678 686 974 975 687
587 5 2 1 1 678 966 967 679 687 975 976 688
588 5 2 1 1 679 967 968 680 688 976 977 689
589 5 2 1 1 680 968 969 681 689 977 978 690
590 5 2 1 1 681 969 970 682 690 978 979 691
591 5 2 1 1 682 970 971 683 691 979 980 692
592 5 2 1 1 683 971 972 684 692 980 981 693
593 5 2 1 1 685 973 974 686 694 982 983 695
594 5 2 1 1 686 974 975 687 695 983 984 696
595 5 2 1 1 687 975 976 688 696 984 985 697
596 5 2 1 1 688 976 977 689 697 985 986 698
597 5 2 1 1 689 977 978 690 698 986 987 699
598 5 2 1 1 690 978 979 691 699 987 988 700
599 5 2 1 1 691 979 980 692 700 988 989 701
600 5 2 1 1 692 980 981 693 701 989 990 702
601 5 2 1 1 694 982 983 695 703 991 992 704
602 5 2 1 1 695 983 984 696 704 992 993 705
603 5 2 1 1 696 984 985 697 705 993 994 706
604 5 2 1 1 697 985 986 698 706 994 995 707
605 5 2 1 1 698 986 987 699 707 995 996 708
606 5 2 1 1 699 987 988 700 708 996 997 709
607 5 2 1 1 700 988 989 701 709 997 998 710
608 5 2 1 1 701 989 990 702 710 998 999 711
609 5 2 1 1 703 991 992 704 712 1000 1001 713
610 5 2 1 1 704 992 993 705 713 1001 1002 714
611 5 2 1 1 705 993 994 706 714 1002 1003 715
612 5 2 1 1 706 994 995 707 715 1003 1004 716
613 5 2 1 1 707 995 996 708 716 1004 1005 717
614 5 2 1 1 708 996 997 709 717 1005 1006 718
615 5 2 1 1 709 997 998 710 718 1006 1007 719
616 5 2 1 1 710 998 999 711 719 1007 1008 720
617 5 2 1 1 712 1000 1001 713 721 1009 1010 722
618 5 2 1 1 713 1001 1002 714 722 1010 1011 723
619 5 2 1 1 714 1002 1003 715 723 1011 1012 724
620 5 2 1 1 715 1003 1004 716 724 1012 1013 725
621 5 2 1 1 716 1004 1005 717 725 1013 1014 726
622 5 2 1 1 717 1005 1006 718 726 1014 1015 727
623 5 2 1 1 718 1006 1007 719 727 1015 1016 728
624 5 2 1 1 719 1007 1008 720 728 1016 1017 729
625 5 2 1 1 721 1009 1010 722 730 1018 1019 731
626 5 2 1 1 722 1010 1011 723 731 1019 1020 732
627 5 2 1 1 723 1011 1012 724 732 1020 1021 733
628 5 2 1 1 724 1012 1013 725 733 1021 1022 734
629 5 2 1 1 725 1013 1014 726 734 1022 1023 735
630 5 2 1 1 726 1014 1015 727 735 1023 1024 736
631 5 2 1 1 727 1015 1016 728 736 1024 1025 737
632 5 2 1 1 728 1016 1017 729 737 1025 1026 738
633 5 2 1 1 730 1018 1019 731 739 1027 1028 740
634 5 2 1 1 731 1019 1020 732 740 1028 1029 741
635 5 2 1 1 732 1020 1021 733 741 1029 1030 742
636 5 2 1 1 733 1021 1022 734 742 1030 1031 743
637 5 2 1 1 734 1022 1023 735 743 1031 1032 744
638 5 2 1 1 735 1023 1024 736 744 1032 1033 745
639 5 2 1 1 736 1024 1025 737 745 1033 1034 746
640 5 2 1 1 737 1025 1026 738 746 1034 1035 747
641 5 2 1 1 739 1027 1028 740 748 1036 1037 749
642 5 2 1 1 740 1028 1029 741 749 1037 1038 750
643 5 2 1 1 741 1029 1030 742 750 1038 1039 751
644 5 2 1 1 742 1030 1031 743 751 1039 1040 752
645 5 2 1 1 743 1031 1032 744 752 1040 1041 753
646 5 2 1 1 744 1032 1033 745 753 1041 1042 754
647 5 2 1 1 745 1033 1034 746 754 1042 1043 755
648 5 2 1 1 746 1034 1035 747 755 1043 1044 756
649 5 2 1 1 748 1036 1037 749 757 1045 1046 758
650 5 2 1 1 749 1037 1038 750 758 1046 1047 759
651 5 2 1 1 750 1038 1039 751 759 1047 1048 760
652 5 2 1 1 751 1039 1040 752 760 1048 1049 761
653 5 2 1 1 752 1040 1041 753 761 1049 1050 762
654 5 2 1 1 753 1041 1042 754 762 1050 1051 763
655 5 2 1 1 754 1042 1043 755 763 1051 1052 764
656 5 2 1 1 755 1043 1044 756 764 1052 1053 765
657 5 2 1 1 757 1045 1046 758 766 1054 1055 767
658 5 2 1 1 758 1046 1047 759 767 1055 1056 768
659 5 2 1 1 759 1047 1048 760 768 1056 1057 769
660 5 2 1 1 760 1048 1049 761 769 1057 1058 770
661 5 2 1 1 761 1049 1050 762 770 1058 1059 771
662 5 2 1 1 762 1050 1051 763 771 1059 1060 772
663 5 2 1 1 763 1051 1052 764 772 1060 1061 773
664 5 2 1 1 764 1052 1053 765 773 1061 1062 774
665 5 2 1 1 766 1054 1055 767 775 1063 1064 776
666 5 2 1 1 767 1055 1056 768 776 1064 1065 777
667 5 2 1 1 768 1056 1057 769 777 1065 1066 778
668 5 2 1 1 769 1057 1058 770 778 1066 1067 779
669 5 2 1 1 770 1058 1059 771 779 1067 1068 780
670 5 2 1 1 771 1059 1060 772 780 1068 1069 781
671 5 2 1 1 772 1060 1061 773 781 1069 1070 782
672 5 2 1 1 773 1061 1062 774 782 1070 1071 783
673 5 2 1 1 775 1063 1064 776 784 1072 1073 785
674 5 2 1 1 776 1064 1065 777 785 1073 1074 786
675 5 2 1 1 777 1065 1066 778 786 1074 1075 787
676 5 2 1 1 778 1066 1067 779 787 1075 1076 788
677 5 2 1 1 779 1067 1068 780 788 1076 1077 789
678 5 2 1 1 780 1068 1069 781 789 1077 1078 790
679 5 2 1 1 781 1069 1070 782 790 1078 1079 791
680 5 2 1 1 782 1070 1071 783 791 1079 1080 792
681 5 2 1 1 784 1072 1073 785 793 1081 1082 794
682 5 2 1 1 785 1073 1074 786 794 1082 1083 795
683 5 2 1 1 786 1074 1075 787 795 1083 1084 796
684 5 2 1 1 787 1075 1076 788 796 1084 1085 797
685 5 2 1 1 788 1076 1077 789 797 1085 1086 798
686 5 2 1 1 789 1077 1078 790 798 1086 1087 799
687 5 2 1 1 790 1078 1079 791 799 1087 1088 800
688 5 2 1 1 791 1079 1080 792 800 1088 1089 801
689 5 2 1 1 793 1081 1082 794 802 1090 1091 803
690 5 2 1 1 794 1082 1083 795 803 1091 1092 804
691 5 2 1 1 795 1083 1084 796 804 1092 1093 805
692 5 2 1 1 796 1084 1085 797 805 1093 1094 806
693 5 2 1 1 797 1085 1086 798 806 1094 1095 807
694 5 2 1 1 798 1086 1087 799 807 1095 1096 808
695 5 2 1 1 799 1087 1088 800 808 1096 1097 809
696 5 2 1 1 800 1088 1089 801 809 1097 1098 810
697 5 2 1 1 802 1090 1091 803 811 1099 1100 812
698 5 2 1 1 803 1091 1092 804 812 1100 1101 813
699 5 2 1 1 804 1092 1093 805 813 1101 1102 814
700 5 2 1 1 805 1093 1094 806 814 1102 1103 815
701 5 2 1 1 806 1094 1095 807 815 1103 1104 816
702 5 2 1 1 807 1095 1096 808 816 1104 1105 817
703 5 2 1 1 808 1096 1097 809 817 1105 1106 818
704 5 2 1 1 809 1097 1098 810 818 1106 1107 819
705 5 2 1 1 811 1099 1100 812 820 1108 1109 821
706 5 2 1 1 812 1100 1101 813 821 1109 1110 822
707 5 2 1 1 813 1101 1102 814 822 1110 1111 823
708 5 2 1 1 814 1102 1103 815 823 1111 1112 824
709 5 2 1 1 815 1103 1104 816 824 1112 1113 825
710 5 2 1 1 816 1104 1105 817 825 1113 1114 826
711 5 2 1 1 817 1105 1106 818 826 1114 1115 827
712 5 2 1 1 818 1106 1107 819 827 1115 1116 828
713 5 2 1 1 820 1108 1109 821 829 1117 1118 830
714 5 2 1 1 821 1109 1110 822 830 1118 1119 831
715 5 2 1 1 822 1110 1111 823 831 1119 1120 832
716 5 2 1 1 823 1111 1112 824 832 1120 1121 833
717 5 2 1 1 824 1112 1113 825 833 1121 1122 834
718 5 2 1 1 825 1113 1114 826 834 1122 1123 835
719 5 2 1 1 826 1114 1115 827 835 1123 1124 836
720 5 2 1 1 827 1115 1116 828 836 1124 1125 837
721 5 2 1 1 829 1117 1118 830 838 1126 1127 839
722 5 2 1 1 830 1118 1119 831 839 1127 1128 840
723 5 2 1 1 831 1119 1120 832 840 1128 1129 841
724 5 2 1 1 832 1120 1121 833 841 1129 1130 842
725 5 2 1 1 833 1121 1122 834 842 1130 1131 843
726 5 2 1 1 834 1122 1123 835 843 1131 1132 844
727 5 2 1 1 835 1123 1124 836 844 1132 1133 845
728 5 2 1 1 836 1124 1125 837 845 1133 1134 846
729 5 2 1 1 838 1126 1127 839 847 1135 1136 848
730 5 2 1 1 839 1127 1128 840 848 1136 1137 849
731 5 2 1 1 840 1128 1129 841 849 1137 1138 850
732 5 2 1 1 841 1129 1130 842 850 1138 1139 851
733 5 2 1 1 842 1130 1131 843 851 1139 1140 852
734 5 2 1 1 843 1131 1132 844 852 1140 1141 853
735 5 2 1 1 844 1132 1133 845 853 1141 1142 854
736 5 2 1 1 845 1133 1134 846 854 1142 1143 855
737 5 2 1 1 847 1135 1136 848 856 1144 1145 857
738 5 2 1 1 848 1136 1137 849 857 1145 1146 858
739 5 2 1 1 849 1137 1138 850 858 1146 1147 859
740 5 2 1 1 850 1138 1139 851 859 1147 1148 860
741 5 2 1 1 851 1139 1140 852 860 1148 1149 861
742 5 2 1 1 852 1140 1141 853 861 1149 1150 862
743 5 2 1 1 853 1141 1142 854 862 1150 1151 863
744 5 2 1 1 854 1142 1143 855 863 1151 1152 864
745 5 2 1 1 856 1144 1145 857 865 1153 1154 866
746 5 2 1 1 857 1145 1146 858 866 1154 1155 867
747 5 2 1 1 858 1146 1147 859 867 1155 1156 868
748 5 2 1 1 859 1147 1148 860 868 1156 1157 869
749 5 2 1 1 860 1148 1149 861 869 1157 1158 870
750 5 2 1 1 861 1149 1150 862 870 1158 1159 871
751 5 2 1 1 862 1150 1151 863 871 1159 1160 872
752 5 2 1 1 863 1151 1152 864 872 1160 1161 873
753 5 2 1 1 865 1153 1154 866 874 1162 1163 875
754 5 2 1 1 866 1154 1155 867 875 1163 1164 876
755 5 2 1 1 867 1155 1156 868 876 1164 1165 877
756 5 2 1 1 868 1156 1157 869 877 1165 1166 878
757 5 2 1 1 869 1157 1158 870 878 1166 1167 879
758 5 2 1 1 870 1158 1159 871 879 1167 1168 880
759 5 2 1 1 871 1159 1160 872 880 1168 1169 881
760 5 2 1 1 872 1160 1161 873 881 1169 1170 882
761 5 2 1 1 874 1162 1163 875 883 1171 1172 884
762 5 2 1 1 875 1163 1164 876 884 1172 1173 885
763 5 2 1 1 876 1164 1165 877 885 1173 1174 886
764 5 2 1 1 877 1165 1166 878 886 1174 1175 887
765 5 2 1 1 878 1166 1167 879 887 1175 1176 888
766 5 2 1 1 879 1167 1168 880 888 1176 1177 889
767 5 2 1 1 880 1168 1169 881 889 1177 1178 890
768 5 2 1 1 881 1169 1170 882 890 1178 1179 891
769 5 2 1 1 892 1180 1182 893 901 1181 1183 902
770 5 2 1 1 893 1182 1184 894 902 1183 1185 903
771 5 2 1 1 894 1184 1186 895 903 1185 1187 904
772 5 2 1 1 895 1186 1188 896 904 1187 1189 905
773 5 2 1 1 896 1188 1190 897 905 1189 1191 906
774 5 2 1 1 897 1190 1192 898 906 1191 1193 907
775 5 2 1 1 898 1192 1194 899 907 1193 1195 908
776 5 2 1 1 899 1194 1196 900 908 1195 1197 909
777 5 2 1 1 901 1181 1183 902 910 1198 1199 911
778 5 2 1 1 902 1183 1185 903 911 1199 1200 912
779 5 2 1 1 903 1185 1187 904 912 1200 1201 913
780 5 2 1 1 904 1187 1189 905 913 1201 1202 914
781 5 2 1 1 905 1189 1191 906 914 1202 1203 915
782 5 2 1 1 906 1191 1193 907 915 1203 1204 916
783 5 2 1 1 907 1193 1195 908 916 1204 1205 917
784 5 2 1 1 908 1195 1197 909 917 1205 1206 918
785 5 2 1 1 910 1198 1199 911 919 1207 1208 920
786 5 2 1 1 911 1199 1200 912 920 1208 1209 921
787 5 2 1 1 912 1200 1201 913 921 1209 1210 922
788 5 2 1 1 913 1201 1202 914 922 1210 1211 923
789 5 2 1 1 914 1202 1203 915 923 1211 1212 924
790 5 2 1 1 915 1203 1204 916 924 1212 1213 925
791 5 2 1 1 916 1204 1205 917 925 1213 1214 926
792 5 2 1 1 917 1205 1206 918 926 1214 1215 927
793 5 2 1 1 919 1207 1208 920 928 1216 1217 929
794 5 2 1 1 920 1208 1209 921 929 1217 1218 930
795 5 2 1 1 921 1209 1210 922 930 1218 1219 931
796 5 2 1 1 922 1210 1211 923 931 1219 1220 932
797 5 2 1 1 923 1211 1212 924 932 1220 1221 933
798 5 2 1 1 924 1212 1213 925 933 1221 1222 934
799 5 2 1 1 925 1213 1214 926 934 1222 1223 935
800 5 2 1 1 926 1214 1215 927 935 1223 1224 936
801 5 2 1 1 928 1216 1217 929 937 1225 1226 938
802 5 2 1 1 929 1217 1218 930 938 1226 1227 939
803 5 2 1 1 930 1218 1219 931 939 1227 1228 940
804 5 2 1 1 931 1219 1220 932 940 1228 1229 941
805 5 2 1 1 932 1220 1221 933 941 1229 1230 942
806 5 2 1 1 933 1221 1222 934 942 1230 1231 943
807 5 2 1 1 934 1222 1223 935 943 1231 1232 944
808 5 2 1 1 935 1223 1224 936 944 1232 1233 945
809 5 2 1 1 937 1225 1226 938 946 1234 1235 947
810 5 2 1 1 938 1226 1227 939 947 1235 1236 948
811 5 2 1 1 939 1227 1228 940 948 1236 1237 949
812 5 2 1 1 940 1228 1229 941 949 1237 1238 950
813 5 2 1 1 941 1229 1230 942 950 1238 1239 951
814 5 2 1 1 942 1230 1231 943 951 1239 1240 952
815 5 2 1 1 943 1231 1232 944 952 1240 1241 953
816 5 2 1 1 944 1232 1233 945 953 1241 1242 954
817 5 2 1 1 946 1234 1235 947 955 1243 1244 956
818 5 2 1 1 947 1235 1236 948 956 1244 1245 957
819 5 2 1 1 948 1236 1237 949 957 1245 1246 958
820 5 2 1 1 949 1237 1238 950 958 1246 1247 959
821 5 2 1 1 950 1238 1239 951 959 1247 1248 960
822 5 2 1 1 951 1239 1240 952 960 1248 1249 961
823 5 2 1 1 952 1240 1241 953 961 1249 1250 962
824 5 2 1 1 953 1241 1242 954 962 1250 1251 963
825 5 2 1 1 955 1243 1244 956 964 1252 1253 965
826 5 2 1 1 956 1244 1245 957 965 1253 1254 966
827 5 2 1 1 957 1245 1246 958 966 1254 1255 967
828 5 2 1 1 958 1246 1247 959 967 1255 1256 968
829 5 2 1 1 959 1247 1248 960 968 1256 1257 969
830 5 2 1 1 960 1248 1249 961 969 1257 1258 970
831 5 2 1 1 961 1249 1250 962 970 1258 1259 971
832 5 2 1 1 962 1250 1251 963 971 1259 1260 972
833 5 2 1 1 964 1252 1253 965 973 1261 1262 974
834 5 2 1 1 965 1253 1254 966 974 1262 1263 975
835 5 2 1 1 966 1254 1255 967 975 1263 1264 976
836 5 2 1 1 967 1255 1256 968 976 1264 1265 977
837 5 2 1 1 968 1256 1257 969 977 1265 1266 978
838 5 2 1 1 969 1257 1258 970 978 1266 1267 979
839 5 2 1 1 970 1258 1259 971 979 1267 1268 980
840 5 2 1 1 971 1259 1260 972 980 1268 1269 981
841 5 2 1 1 973 1261 1262 974 982 1270 1271 983
842 5 2 1 1 974 1262 1263 975 983 1271 1272 984
843 5 2 1 1 975 1263 1264 976 984 1272 1273 985
844 5 2 1 1 976 1264 1265 977 985 1273 1274 986
845 5 2 1 1 977 1265 1266 978 986 1274 1275 987
846 5 2 1 1 978 1266 1267 979 987 1275 1276 988
847 5 2 1 1 979 1267 1268 980 988 1276 1277 989
848 5 2 1 1 980 1268 1269 981 989 1277 1278 990
849 5 2 1 1 982 1270 1271 983 991 1279 1280 992
850 5 2 1 1 983 1271 1272 984 992 1280 1281 993
851 5 2 1 1 984 1272 1273 985 993 1281 1282 994
852 5 2 1 1 985 1273 1274 986 994 1282 1283 995
853 5 2 1 1 986 1274 1275 987 995 1283 1284 996
854 5 2 1 1 987 1275 1276 988 996 1284 1285 997
855 5 2 1 1 988 1276 1277 989 997 1285 1286 998
856 5 2 1 1 989 1277 1278 990 998 1286 1287 999
857 5 2 1 1 991 1279 1280 992 1000 1288 1289 1001
858 5 2 1 1 992 1280 1281 993 1001 1289 1290 1002
859 5 2 1 1 993 1281 1282 994 1002 1290 1291 1003
860 5 2 1 1 994 1282 1283 995 1003 1291 1292 1004
861 5 2 1 1 995 1283 1284 996 1004 1292 1293 1005
862 5 2 1 1 996 1284 1285 997 1005 1293 1294 1006
863 5 2 1 1 997 1285 1286 998 1006 1294 1295 1007
864 5 2 1 1 998 1286 1287 999 1007 1295 1296 1008
865 5 2 1 1 1000 1288 1289 1001 1009 1297 1298 1010
866 5 2 1 1 1001 1289 1290 1002 1010 1298 1299 1011
867 5 2 1 1 1002 1290 1291 1003 1011 1299 1300 1012
868 5 2 1 1 1003 1291 1292 1004 1012 1300 1301 1013
869 5 2 1 1 1004 1292 1293 1005 1013 1301 1302 1014
870 5 2 1 1 1005 1293 1294 1006 1014 1302 1303 1015
871 5 2 1 1 1006 1294 1295 1007 1015 1303 1304 1016
872 5 2 1 1 1007 1295 1296 1008 1016 1304 1305 1017
873 5 2 1 1 1009 1297 1298 1010 1018 1306 1307 1019
874 5 2 1 1 1010 1298 1299 1011 1019 1307 1308 1020
875 5 2 1 1 1011 1299 1300 1012 1020 1308 1309 1021
876 5 2 1 1 1012 1300 1301 1013 1021 1309 1310 1022
877 5 2 1 1 1013 1301 1302 1014 1022 1310 1311 1023
878 5 2 1 1 1014 1302 1303 1015 1023 1311 1312 1024
879 5 2 1 1 1015 1303 1304 1016 1024 1312 1313 1025
880 5 2 1 1 1016 1304 1305 1017 1025 1313 1314 1026
881 5 2 1 1 1018 1306 1307 1019 1027 1315 1316 1028
882 5 2 1 1 1019 1307 1308 1020 1028 1316 1317 1029
883 5 2 1 1 1020 1308 1309 1021 1029 1317 1318 1030
884 5 2 1 1 1021 1309 1310 1022 1030 1318 1319 1031
885 5 2 1 1 1022 1310 1311 1023 1031 1319 1320 1032
886 5 2 1 1 1023 1311 1312 1024 1032 1320 1321 1033
887 5 2 1 1 1024 1312 1313 1025 1033 1321 1322 1034
888 5 2 1 1 1025 1313 1314 1026 1034 1322 1323 1035
889 5 2 1 1 1027 1315 1316 1028 1036 1324 1325 1037
890 5 2 1 1 1028 1316 1317 1029 1037 1325 1326 1038
891 5 2 1 1 1029 1317 1318 1030 1038 1326 1327 1039
892 5 2 1 1 1030 1318 1319 1031 1039 1327 1328 1040
893 5 2 1 1 1031 1319 1320 1032 1040 1328 1329 1041
894 5 2 1 1 1032 1320 1321 1033 1041 1329 1330 1042
895 5 2 1 1 1033 1321 1322 1034 1042 1330 1331 1043
896 5 2 1 1 1034 1322 1323 1035 1043 1331 1332 1044
897 5 2 1 1 1036 1324 1325 1037 1045 1333 1334 1046
898 5 2 1 1 1037 1325 1326 1038 1046 1334 1335 1047
899 5 2 1 1 1038 1326 1327 1039 1047 1335 1336 1048
900 5 2 1 1 1039 1327 1328 1040 1048 1336 1337 1049
901 5 2 1 1 1040 1328 1329 1041 1049 1337 1338 1050
902 5 2 1 1 1041 1329 1330 1042 1050 1338 1339 1051
903 5 2 1 1 1042 1330 1331 1043 1051 1339 1340 1052
904 5 2 1 1 1043 1331 1332 1044 1052 1340 1341 1053
905 5 2 1 1 1045 1333 1334 1046 1054 1342 1343 1055
906 5 2 1 1 1046 1334 1335 1047 1055 1343 1344 1056
907 5 2 1 1 1047 1335 1336 1048 1056 1344 1345 1057
908 5 2 1 1 1048 1336 1337 1049 1057 1345 1346 1058
909 5 2 1 1 1049 1337 1338 1050 1058 1346 1347 1059
910 5 2 1 1 1050 1338 1339 1051 1059 1347 1348 1060
911 5 2 1 1 1051 1339 1340 1052 1060 1348 1349 1061
912 5 2 1 1 1052 1340 1341 1053 1061 1349 1350 1062
913 5 2 1 1 1054 1342 1343 1055 1063 1351 1352 1064
914 5 2 1 1 1055 1343 1344 1056 1064 1352 1353 1065
915 5 2 1 1 1056 1344 1345 1057 1065 1353 1354 1066
916 5 2 1 1 1057 1345 1346 1058 1066 1354 1355 1067
917 5 2 1 1 1058 1346 1347 1059 1067 1355 1356 1068
918 5 2 1 1 1059 1347 1348 1060 1068 1356 1357 1069
919 5 2 1 1 1060 1348 1349 1061 1069 1357 1358 1070
920 5 2 1 1 1061 1349 1350 1062 1070 1358 1359 1071
921 5 2 1 1 1063 1351 1352 1064 1072 1360 1361 1073
922 5 2 1 1 1064 1352 1353 1065 1073 1361 1362 1074
923 5 2 1 1 1065 1353 1354 1066 1074 1362 1363 1075
924 5 2 1 1 1066 1354 1355 1067 1075 1363 1364 1076
925 5 2 1 1 1067 1355 1356 1068 1076 1364 1365 1077
926 5 2 1 1 1068 1356 1357 1069 1077 1365 1366 1078
927 5 2 1 1 1069 1357 1358 1070 1078 1366 1367 1079
928 5 2 1 1 1070 1358 1359 1071 1079 1367 1368 1080
929 5 2 1 1 1072 1360 1361 1073 1081 1369 1370 1082
930 5 2 1 1 1073 1361 1362 1074 1082 1370 1371 1083
931 5 2 1 1 1074 1362 1363 1075 1083 1371 1372 1084
932 5 2 1 1 1075 1363 1364 1076 1084 1372 1373 1085
933 5 2 1 1 1076 1364 1365 1077 1085 1373 1374 1086
934 5 2 1 1 1077 1365 1366 1078 1086 1374 1375 1087
935 5 2 1 1 1078 1366 1367 1079 1087 1375 1376 1088
936 5 2 1 1 1079 1367 1368 1080 1088 1376 1377 1089
937 5 2 1 1 1081 1369 1370 1082 1090 1378 1379 1091
938 5 2 1 1 1082 1370 1371 1083 1091 1379 1380 1092
939 5 2 1 1 1083 1371 1372 1084 1092 1380 1381 1093
940 5 2 1 1 1084 1372 1373 1085 1093 1381 1382 1094
941 5 2 1 1 1085 1373 1374 1086 1094 1382 1383 1095
942 5 2 1 1 1086 1374 1375 1087 1095 1383 1384 1096
943 5 2 1 1 1087 1375 1376 1088 1096 1384 1385 1097
944 5 2 1 1 1088 1376 1377 1089 1097 1385 1386 1098
945 5 2 1 1 1090 1378 1379 1091 1099 1387 1388 1100
946 5 2 1 1 1091 1379 1380 1092 1100 1388 1389 1101
947 5 2 1 1 1092 1380 1381 1093 1101 1389 1390 1102
948 5 2 1 1 1093 1381 1382 1094 1102 1390 1391 1103
949 5 2 1 1 1094 1382 1383 1095 1103 1391 1392 1104
950 5 2 1 1 1095 1383 1384 1096 1104 1392 1393 1105
951 5 2 1 1 1096 1384 1385 1097 1105 1393 1394 1106
952 5 2 1 1 1097 1385 1386 1098 1106 1394 1395 1107
953 5 2 1 1 1099 1387 1388 1100 1108 1396 1397 1109
954 5 2 1 1 1100 1388 1389 1101 1109 1397 1398 1110
955 5 2 1 1 1101 1389 1390 1102 1110 1398 1399 1111
956 5 2 1 1 1102 1390 1391 1103 1111 1399 1400 1112
957 5 2 1 1 1103 1391 1392 1104 1112 1400 1401 1113
958 5 2 1 1 1104 1392 1393 1105 1113 1401 1402 1114
959 5 2 1 1 1105 1393 1394 1106 1114 1402 1403 1115
960 5 2 1 1 1106 1394 1395 1107 1115 1403 1404 1116
961 5 2 1 1 1108 1396 1397 1109 1117 1405 1406 1118
962 5 2 1 1 1109 1397 1398 1110 1118 1406 1407 1119
963 5 2 1 1 1110 1398 1399 1111 1119 1407 1408 1120
964 5 2 1 1 1111 1399 1400 1112 1120 1408 1409 1121
965 5 2 1 1 1112 1400 1401 1113 1121 1409 1410 1122
966 5 2 1 1 1113 1401 1402 1114 1122 1410 1411 1123
967 5 2 1 1 1114 1402 1403 1115 1123 1411 1412 1124
968 5 2 1 1 1115 1403 1404 1116 1124 1412 1413 1125
969 5 2 1 1 1117 1405 1406 1118 1126 1414 1415 1127
970 5 2 1 1 1118 1406 1407 1119 1127 1415 1416 1128
971 5 2 1 1 1119 1407 1408 1120 1128 1416 1417 1129
972 5 2 1 1 1120 1408 1409 1121 1129 1417 1418 1130
973 5 2 1 1 1121 1409 1410 1122 1130 1418 1419 1131
974 5 2 1 1 1122 1410 1411 1123 1131 1419 1420 1132
975 5 2 1 1 1123 1411 1412 1124 1132 1420 1421 1133
976 5 2 1 1 1124 1412 1413 1125 1133 1421 1422 1134
977 5 2 1 1 1126 1414 1415 1127 1135 1423 1424 1136
978 5 2 1 1 1127 1415 1416 1128 1136 1424 1425 1137
979 5 2 1 1 1128 1416 1417 1129 1137 1425 1426 1138
980 5 2 1 1 1129 1417 1418 1130 1138 1426 1427 1139
981 5 2 1 1 1130 1418 1419 1131 1139 1427 1428 1140
982 5 2 1 1 1131 1419 1420 1132 1140 1428 1429 1141
983 5 2 1 1 1132 1420 1421 1133 1141 1429 1430 1142
984 5 2 1 1 1133 1421 1422 1134 1142 1430 1431 1143
985 5 2 1 1 1135 1423 1424 1136 1144 1432 1433 1145
986 5 2 1 1 1136 1424 1425 1137 1145 1433 1434 1146
987 5 2 1 1 1137 1425 1426 1138 1146 1434 1435 1147
988 5 2 1 1 1138 1426 1427 1139 1147 1435 1436 1148
989 5 2 1 1 1139 1427 1428 1140 1148 1436 1437 1149
990 5 2 1 1 1140 1428 1429 1141 1149 1437 1438 1150
991 5 2 1 1 1141 1429 1430 1142 1150 1438 1439 1151
992 5 2 1 1 1142 1430 1431 1143 1151 1439 1440 1152
993 5 2 1 1 1144 1432 1433 1145 1153 1441 1442 1154
994 5 2 1 1 1145 1433 1434 1146 1154 1442 1443 1155
995 5 2 1 1 1146 1434 1435 1147 1155 1443 1444 1156
996 5 2 1 1 1147 1435 1436 1148 1156 1444 1445 1157
997 5 2 1 1 1148 1436 1437 1149 1157 1445 1446 1158
998 5 2 1 1 1149 1437 1438 1150 1158 1446 1447 1159
999 5 2 1 1 1150 1438 1439 1151 1159 1447 1448 1160
1000 5 2 1 1 1151 1439 1440 1152 1160 1448 1449 1161
1001 5 2 1 1 1153 1441 1442 1154 1162 1450 1451 1163
1002 5 2 1 1 1154 1442 1443 1155 1163 1451 1452 1164
1003 5 2 1 1 1155 1443 1444 1156 1164 1452 1453 1165
1004 5 2 1 1 1156 1444 1445 1157 1165 1453 1454 1166
1005 5 2 1 1 1157 1445 1446 1158 1166 1454 1455 1167
1006 5 2 1 1 1158 1446 1447 1159 1167 1455 1456 1168
1007 5 2 1 1 1159 1447 1448 1160 1168 1456 1457 1169
1008 5 2 1 1 1160 1448 1449 1161 1169 1457 1458 1170
1009 5 2 1 1 1162 1450 1451 1163 1171 1459 1460 1172
1010 5 2 1 1 1163 1451 1452 1164 1172 1460 1461 1173
1011 5 2 1 1 1164 1452 1453 1165 1173 1461 1462 1174
1012 5 2 1 1 1165 1453 1454 1166 1174 1462 1463 1175
1013 5 2 1 1 1166 1454 1455 1167 1175 1463 1464 1176
1014 5 2 1 1 1167 1455 1456 1168 1176 1464 1465 1177
1015 5 2 1 1 1168 1456 1457 1169 1177 1465 1466 1178
1016 5 2 1 1 1169 1457 1458 1170 1178 1466 1467 1179
1017 6 2 1 1 1180 1181 1468 1182 1183 1469
1018 6 2 1 1 1182 1183 1469 1184 1185 1470
1019 6 2 1 1 1184 1185 1470 1186 1187 1471
1020 6 2 1 1 1186 1187 1471 1188 1189 1472
1021 6 2 1 1 1188 1189 1472 1190 1191 1473
1022 6 2 1 1 1190 1191 1473 1192 1193 1474
1023 6 2 1 1 1192 1193 1474 1194 1195 1475
1024 6 2 1 1 1194 1195 1475 1196 1197 1476
1025 5 2 1 1 1181 1468 1469 1183 1198 1477 1478 1199
1026 5 2 1 1 1183 1469 1470 1185 1199 1478 1479 1200
1027 5 2 1 1 1185 1470 1471 1187 1200 1479 1480 1201
1028 5 2 1 1 1187 1471 1472 1189 1201 1480 1481 1202
1029 5 2 1 1 1189 1472 1473 1191 1202 1481 1482 1203
1030 5 2 1 1 1191 1473 1474 1193 1203 1482 1483 1204
1031 5 2 1 1 1193 1474 1475 1195 1204 1483 1484 1205
1032 5 2 1 1 1195 1475 1476 1197 1205 1484 1485 1206
1033 5 2 1 1 1198 1477 1478 1199 1207 1486 1487 1208
1034 5 2 1 1 1199 1478 1479 1200 1208 1487 1488 1209
1035 5 2 1 1 1200 1479 1480 1201 1209 1488 1489 1210
1036 5 2 1 1 1201 1480 1481 1202 1210 1489 1490 1211
1037 5 2 1 1 1202 1481 1482 1203 1211 1490 1491 1212
1038 5 2 1 1 1203 1482 1483 1204 1212 1491 1492 1213
1039 5 2 1 1 1204 1483 1484 1205 1213 1492 1493 1214
1040 5 2 1 1 1205 1484 1485 1206 1214 1493 1494 1215
1041 5 2 1 1 1207 1486 1487 1208 1216 1495 1496 1217
1042 5 2 1 1 1208 1487 1488 1209 1217 1496 1497 1218
1043 5 2 1 1 1209 1488 1489 1210 1218 1497 1498 1219
1044 5 2 1 1 1210 1489 1490 1211 1219 1498 1499 1220
1045 5 2 1 1 1211 1490 1491 1212 1220 1499 1500 1221
1046 5 2 1 1 1212 1491 1492 1213 1221 1500 1501 1222
1047 5 2 1 1 1213 1492 1493 1214 1222 1501 1502 1223
1048 5 2 1 1 1214 1493 1494 1215 1223 1502 1503 1224
1049 5 2 1 1 1216 1495 1496 1217 1225 1504 1505 1226
1050 5 2 1 1 1217 1496 1497 1218 1226 1505 1506 1227
1051 5 2 1 1 1218 1497 1498 1219 1227 1506 1507 1228
1052 5 2 1 1 1219 1498 1499 1220 1228 1507 1508 1229
1053 5 2 1 1 1220 1499 1500 1221 1229 1508 1509 1230
1054 5 2 1 1 1221 1500 1501 1222 1230 1509 1510 1231
1055 5 2 1 1 1222 1501 1502 1223 1231 1510 1511 1232
1056 5 2 1 1 1223 1502 1503 1224 1232 1511 1512 1233
1057 5 2 1 1 1225 1504 1505 1226 1234 1513 1514 1235
1058 5 2 1 1 1226 1505 1506 1227 1235 1514 1515 1236
1059 5 2 1 1 1227 1506 1507 1228 1236 1515 1516 1237
1060 5 2 1 1 1228 1507 1508 1229 1237 1516 1517 1238
1061 5 2 1 1 1229 1508 1509 1230 1238 1517 1518 1239
1062 5 2 1 1 1230 1509 1510 1231 1239 1518 1519 1240
1063 5 2 1 1 1231 1510 1511 1232 1240 1519 1520 1241
1064 5 2 1 1 1232 1511 1512 1233 1241 1520 1521 1242
1065 5 2 1 1 1234 1513 1514 1235 1243 1522 1523 1244
1066 5 2 1 1 1235 1514 1515 1236 1244 1523 1524 1245
1067 5 2 1 1 1236 1515 1516 1237 1245 1524 1525 1246
1068 5 2 1 1 1237 1516 1517 1238 1246 1525 1526 1247
1069 5 2 1 1 1238 1517 1518 1239 1247 1526 1527 1248
1070 5 2 1 1 1239 1518 1519 1240 1248 1527 1528 1249
1071 5 2 1 1 1240 1519 1520 1241 1249 1528 1529 1250
1072 5 2 1 1 1241 1520 1521 1242 1250 1529 1530 1251
1073 5 2 1 1 1243 1522 1523 1244 1252 1531 1532 1253
1074 5 2 1 1 1244 1523 1524 1245 1253 1532 1533 1254
1075 5 2 1 1 1245 1524 1525 1246 1254 1533 1534 1255
1076 5 2 1 1 1246 1525 1526 1247 1255 1534 1535 1256
1077 5 2 1 1 1247 1526 1527 1248 1256 1535 1536 1257
1078 5 2 1 1 1248 1527 1528 1249 1257 1536 1537 1258
1079 5 2 1 1 1249 1528 1529 1250 1258 1537 1538 1259
1080 5 2 1 1 1250 1529 1530 1251 1259 1538 1539 1260
1081 5 2 1 1 1252 1531 1532 1253 1261 1540 1541 1262
1082 5 2 1 1 1253 1532 1533 1254 1262 1541 1542 1263
1083 5 2 1 1 1254 1533 1534 1255 1263 1542 1543 1264
1084 5 2 1 1 1255 1534 1535 1256 1264 1543 1544 1265
1085 5 2 1 1 1256 1535 1536 1257 1265 1544 1545 1266
1086 5 2 1 1 1257 1536 1537 1258 1266 1545 1546 1267
1087 5 2 1 1 1258 1537 1538 1259 1267 1546 1547 1268
1088 5 2 1 1 1259 1538 1539 1260 1268 1547 1548 1269
1089 5 2 1 1 1261 1540 1541 1262 1270 1549 1550 1271
1090 5 2 1 1 1262 1541 1542 1263 1271 1550 1551 1272
1091 5 2 1 1 1263 1542 1543 1264 1272 1551 1552 1273
1092 5 2 1 1 1264 1543 1544 1265 1273 1552 1553 1274
1093 5 2 1 1 1265 1544 1545 1266 1274 1553 1554 1275
1094 5 2 1 1 1266 1545 1546 1267 1275 1554 1555 1276
1095 5 2 1 1 1267 1546 1547 1268 1276 1555 1556 1277
1096 5 2 1 1 1268 1547 1548 1269 1277 1556 1557 1278
1097 5 2 1 1 1270 1549 1550 1271 1279 1558 1559 1280
1098 5 2 1 1 1271 1550 1551 1272 1280 1559 1560 1281
1099 5 2 1 1 1272 1551 1552 1273 1281 1560 1561 1282
1100 5 2 1 1 1273 1552 1553 1274 1282 1561 1562 1283
1101 5 2 1 1 1274 1553 1554 1275 1283 1562 1563 1284
1102 5 2 1 1 1275 1554 1555 1276 1284 1563 1564 1285
1103 5 2 1 1 1276 1555 1556 1277 1285 1564 1565 1286
1104 5 2 1 1 1277 1556 1557 1278 1286 1565 1566 1287
1105 5 2 1 1 1279 1558 1559 1280 1288 1567 1568 1289
1106 5 2 1 1 1280 1559 1560 1281 1289 1568 1569 1290
1107 5 2 1 1 1281 1560 1561 1282 1290 1569 1570 1291
1108 5 2 1 1 1282 1561 1562 1283 1291 1570 1571 1292
1109 5 2 1 1 1283 1562 1563 1284 1292 1571 1572 1293
1110 5 2 1 1 1284 1563 1564 1285 1293 1572 1573 1294
1111 5 2 1 1 1285 1564 1565 1286 1294 1573 1574 1295
1112 5 2 1 1 1286 1565 1566 1287 1295 1574 1575 1296
1113 5 2 1 1 1288 1567 1568 1289 1297 1576 1577 1298
1114 5 2 1 1 1289 1568 1569 1290 1298 1577 1578 1299
1115 5 2 1 1 1290 1569 1570 1291 1299 1578 1579 1300
1116 5 2 1 1 1291 1570 1571 1292 1300 1579 1580 1301
1117 5 2 1 1 1292 1571 1572 1293 1301 1580 1581 1302
1118 5 2 1 1 1293 1572 1573 1294 1302 1581 1582 1303
1119 5 2 1 1 1294 1573 1574 1295 1303 1582 1583 1304
1120 5 2 1 1 1295 1574 1575 1296 1304 1583 1584 1305
1121 5 2 1 1 1297 1576 1577 1298 1306 1585 1586 1307
1122 5 2 1 1 1298 1577 1578 1299 1307 1586 1587 1308
1123 5 2 1 1 1299 1578 1579 1300 1308 1587 1588 1309
1124 5 2 1 1 1300 1579 1580 1301 1309 1588 1589 1310
1125 5 2 1 1 1301 1580 1581 1302 1310 1589 1590 1311
1126 5 2 1 1 1302 1581 1582 1303 1311 1590 1591 1312
1127 5 2 1 1 1303 1582 1583 1304 1312 1591 1592 1313
1128 5 2 1 1 1304 1583 1584 1305 1313 1592 1593 1314
1129 5 2 1 1 1306 1585 1586 1307 1315 1594 1595 1316
1130 5 2 1 1 1307 1586 1587 1308 1316 1595 1596 1317
1131 5 2 1 1 1308 1587 1588 1309 1317 1596 1597 1318
1132 5 2 1 1 1309 1588 1589 1310 1318 1597 1598 1319
1133 5 2 1 1 1310 1589 1590 1311 1319 1598 1599 1320
1134 5 2 1 1 1311 1590 1591 1312 1320 1599 1600 1321
1135 5 2 1 1 1312 1591 1592 1313 1321 1600 1601 1322
1136 5 2 1 1 1313 1592 1593 1314 1322 1601 1602 1323
1137 5 2 1 1 1315 1594 1595 1316 1324 1603 1604 1325
1138 5 2 1 1 1316 1595 1596 1317 1325 1604 1605 1326
1139 5 2 1 1 1317 1596 1597 1318 1326 1605 1606 1327
1140 5 2 1 1 1318 1597 1598 1319 1327 1606 1607 1328
1141 5 2 1 1 1319 1598 1599 1320 1328 1607 1608 1329
1142 5 2 1 1 1320 1599 1600 1321 1329 1608 1609 1330
1143 5 2 1 1 1321 1600 1601 1322 1330 1609 1610 1331
1144 5 2 1 1 1322 1601 1602 1323 1331 1610 1611 1332
1145 5 2 1 1 1324 1603 1604 1325 1333 1612 1613 1334
1146 5 2 1 1 1325 1604 1605 1326 1334 1613 1614 1335
1147 5 2 1 1 1326 1605 1606 1327 1335 1614 1615 1336
1148 5 2 1 1 1327 1606 1607 1328 1336 1615 1616 1337
1149 5 2 1 1 1328 1607 1608 1329 1337 1616 1617 1338
1150 5 2 1 1 1329 1608 1609 1330 1338 1617 1618 1339
1151 5 2 1 1 1330 1609 1610 1331 1339 1618 1619 1340
1152 5 2 1 1 1331 1610 1611 1332 1340 1619 1620 1341
1153 5 2 1 1 1333 1612 1613 1334 1342 1621 1622 1343
1154 5 2 1 1 1334 1613 1614 1335 1343 1622 1623 1344
1155 5 2 1 1 1335 1614 1615 1336 1344 1623 1624 1345
1156 5 2 1 1 1336 1615 1616 1337 1345 1624 1625 1346
1157 5 2 1 1 1337 1616 1617 1338 1346 1625 1626 1347
1158 5 2 1 1 1338 1617 1618 1339 1347 1626 1627 1348
1159 5 2 1 1 1339 1618 1619 1340 1348 1627 1628 1349
1160 5 2 1 1 1340 1619 1620 1341 1349 1628 1629 1350
1161 5 2 1 1 1342 1621 1622 1343 1351 1630 1631 1352
1162 5 2 1 1 1343 1622 1623 1344 1352 1631 1632 1353
1163 5 2 1 1 1344 1623 1624 1345 1353 1632 1633 1354
1164 5 2 1 1 1345 1624 1625 1346 1354 1633 1634 1355
1165 5 2 1 1 1346 1625 1626 1347 1355 1634 1635 1356
1166 5 2 1 1 1347 1626 1627 1348 1356 1635 1636 1357
1167 5 2 1 1 1348 1627 1628 1349 1357 1636 1637 1358
1168 5 2 1 1 1349 1628 1629 1350 1358 1637 1638 1359
1169 5 2 1 1 1351 1630 1631 1352 1360 1639 1640 1361
1170 5 2 1 1 1352 1631 1632 1353 1361 1640 1641 1362
1171 5 2 1 1 1353 1632 1633 1354 1362 1641 1642 1363
1172 5 2 1 1 1354 1633 1634 1355 1363 1642 1643 1364
1173 5 2 1 1 1355 1634 1635 1356 1364 1643 1644 1365
1174 5 2 1 1 1356 1635 1636 1357 1365 1644 1645 1366
1175 5 2 1 1 1357 1636 1637 1358 1366 1645 1646 1367
1176 5 2 1 1 1358 1637 1638 1359 1367 1646 1647 1368
1177 5 2 1 1 1360 1639 1640 1361 1369 1648 1649 1370
1178 5 2 1 1 1361 1640 1641 1362 1370 1649 1650 1371
1179 5 2 1 1 1362 1641 1642 1363 1371 1650 1651 1372
1180 5 2 1 1 1363 1642 1643 1364 1372 1651 1652 1373
1181 5 2 1 1 1364 1643 1644 1365 1373 1652 1653 1374
1182 5 2 1 1 1365 1644 1645 1366 1374 1653 1654 1375
1183 5 2 1 1 1366 1645 1646 1367 1375 1654 1655 1376
1184 5 2 1 1 1367 1646 1647 1368 1376 1655 1656 1377
1185 5 2 1 1 1369 1648 1649 1370 1378 1657 1658 1379
1186 5 2 1 1 1370 1649 1650 1371 1379 1658 1659 1380
1187 5 2 1 1 1371 1650 1651 1372 1380 1659 1660 1381
1188 5 2 1 1 1372 1651 1652 1373 1381 1660 1661 1382
1189 5 2 1 1 1373 1652 1653 1374 1382 1661 1662 1383
1190 5 2 1 1 1374 1653 1654 1375 1383 1662 1663 1384
1191 5 2 1 1 1375 1654 1655 1376 1384 1663 1664 1385
1192 5 2 1 1 1376 1655 1656 1377 1385 1664 1665 1386
1193 5 2 1 1 1378 1657 1658 1379 1387 1666 1667 1388
1194 5 2 1 1 1379 1658 1659 1380 1388 1667 1668 1389
1195 5 2 1 1 1380 1659 1660 1381 1389 1668 1669 1390
1196 5 2 1 1 1381 1660 1661 1382 1390 1669 1670 1391
1197 5 2 1 1 1382 1661 1662 1383 1391 1670 1671 1392
1198 5 2 1 1 1383 1662 1663 1384 1392 1671 1672 1393
1199 5 2 1 1 1384 1663 1664 1385 1393 1672 1673 1394
1200 5 2 1 1 1385 1664 1665 1386 1394 1673 1674 1395
1201 5 2 1 1 1387 1666 1667 1388 1396 1675 1676 1397
1202 5 2 1 1 1388 1667 1668 1389 1397 1676 1677 1398
1203 5 2 1 1 1389 1668 1669 1390 1398 1677 1678 1399
1204 5 2 1 1 1390 1669 1670 1391 1399 1678 1679 1400
1205 5 2 1 1 1391 1670 1671 1392 1400 1679 1680 1401
1206 5 2 1 1 1392 1671 1672 1393 1401 1680 1681 1402
1207 5 2 1 1 1393 1672 1673 1394 1402 1681 1682 1403
1208 5 2 1 1 1394 1673 1674 1395 1403 1682 1683 1404
1209 5 2 1 1 1396 1675 1676 1397 1405 1684 1685 1406
1210 5 2 1 1 1397 1676 1677 1398 1406 1685 1686 1407
1211 5 2 1 1 1398 1677 1678 1399 1407 1686 1687 1408
1212 5 2 1 1 1399 1678 1679 1400 1408 1687 1688 1409
1213 5 2 1 1 1400 1679 1680 1401 1409 1688 1689 1410
1214 5 2 1 1 1401 1680 1681 1402 1410 1689 1690 1411
1215 5 2 1 1 1402 1681 1682 1403 1411 1690 1691 1412
1216 5 2 1 1 1403 1682 1683 1404 1412 1691 1692 1413
1217 5 2 1 1 1405 1684 1685 1406 1414 1693 1694 1415
1218 5 2 1 1 1406 1685 1686 1407 1415 1694 1695 1416
1219 5 2 1 1 1407 1686 1687 1408 1416 1695 1696 1417
1220 5 2 1 1 1408 1687 1688 1409 1417 1696 1697 1418
1221 5 2 1 1 1409 1688 1689 1410 1418 1697 1698 1419
1222 5 2 1 1 1410 1689 1690 1411 1419 1698 1699 1420
1223 5 2 1 1 1411 1690 1691 1412 1420 1699 1700 1421
1224 5 2 1 1 1412 1691 1692 1413 1421 1700 1701 1422
1225 5 2 1 1 1414 1693 1694 1415 1423 1702 1703 1424
1226 5 2 1 1 1415 1694 1695 1416 1424 1703 1704 1425
1227 5 2 1 1 1416 1695 1696 1417 1425 1704 1705 1426
1228 5 2 1 1 1417 1696 1697 1418 1426 1705 1706 1427
1229 5 2 1 1 1418 1697 1698 1419 1427 1706 1707 1428
1230 5 2 1 1 1419 1698 1699 1420 1428 1707 1708 1429
1231 5 2 1 1 1420 1699 1700 1421 1429 1708 1709 1430
1232 5 2 1 1 1421 1700 1701 1422 1430 1709 1710 1431
1233 5 2 1 1 1423 1702 1703 1424 1432 1711 1712 1433
1234 5 2 1 1 1424 1703 1704 1425 1433 1712 1713 1434
1235 5 2 1 1 1425 1704 1705 1426 1434 1713 1714 1435
1236 5 2 1 1 1426 1705 1706 1427 1435 1714 1715 1436
1237 5 2 1 1 1427 1706 1707 1428 1436 1715 1716 1437
1238 5 2 1 1 1428 1707 1708 1429 1437 1716 1717 1438
1239 5 2 1 1 1429 1708 1709 1430 1438 1717 1718 1439
1240 5 2 1 1 1430 1709 1710 1431 1439 1718 1719 1440
1241 5 2 1 1 1432 1711 1712 1433 1441 1720 1721 1442
1242 5 2 1 1 1433 1712 1713 1434 1442 1721 1722 1443
1243 5 2 1 1 1434 1713 1714 1435 1443 1722 1723 1444
1244 5 2 1 1 1435 1714 1715 1436 1444 1723 1724 1445
1245 5 2 1 1 1436 1715 1716 1437 1445 1724 1725 1446
1246 5 2 1 1 1437 1716 1717 1438 1446 1725 1726 1447
1247 5 2 1 1 1438 1717 1718 1439 1447 1726 1727 1448
1248 5 2 1 1 1439 1718 1719 1440 1448 1727 1728 1449
1249 5 2 1 1 1441 1720 1721 1442 1450 1729 1730 1451
1250 5 2 1 1 1442 1721 1722 1443 1451 1730 1731 1452
1251 5 2 1 1 1443 1722 1723 1444 1452 1731 1732 1453
1252 5 2 1 1 1444 1723 1724 1445 1453 1732 1733 1454
1253 5 2 1 1 1445 1724 1725 1446 1454 1733 1734 1455
1254 5 2 1 1 1446 1725 1726 1447 1455 1734 1735 1456
1255 5 2 1 1 1447 1726 1727 1448 1456 1735 1736 1457
1256 5 2 1 1 1448 1727 1728 1449 1457 1736 1737 1458
1257 5 2 1 1 1450 1729 1730 1451 1459 1738 1739 1460
1258 5 2 1 1 1451 1730 1731 1452 1460 1739 1740 1461
1259 5 2 1 1 1452 1731 1732 1453 1461 1740 1741 1462
1260 5 2 1 1 1453 1732 1733 1454 1462 1741 1742 1463
1261 5 2 1 1 1454 1733 1734 1455 1463 1742 1743 1464
1262 5 2 1 1 1455 1734 1735 1456 1464 1743 1744 1465
1263 5 2 1 1 1456 1735 1736 1457 1465 1744 1745 1466
1264 5 2 1 1 1457 1736 1737 1458 1466 1745 1746 1467
1265 6 2 1 1 1468 1477 1747 1469 1478 1748
1266 6 2 1 1 1469 1478 1748 1470 1479 1749
1267 6 2 1 1 1470 1479 1749 1471 1480 1750
1268 6 2 1 1 1471 1480 1750 1472 1481 1751
1269 6 2 1 1 1472 1481 1751 1473 1482 1752
1270 6 2 1 1 1473 1482 1752 1474 1483 1753
1271 6 2 1 1 1474 1483 1753 1475 1484 1754
1272 6 2 1 1 1475 1484 1754 1476 1485 1755
1273 5 2 1 1 1477 1747 1748 1478 1486 1756 1757 1487
1274 5 2 1 1 1478 1748 1749 1479 1487 1757 1758 1488
1275 5 2 1 1 1479 1749 1750 1480 1488 1758 1759 1489
1276 5 2 1 1 1480 1750 1751 1481 1489 1759 1760 1490
1277 5 2 1 1 1481 1751 1752 1482 1490 1760 1761 1491
1278 5 2 1 1 1482 1752 1753 1483 1491 1761 1762 1492
1279 5 2 1 1 1483 1753 1754 1484 1492 1762 1763 1493
1280 5 2 1 1 1484 1754 1755 1485 1493 1763 1764 1494
1281 5 2 1 1 1486 1756 1757 1487 1495 1765 1766 1496
1282 5 2 1 1 1487 1757 1758 1488 1496 1766 1767 1497
1283 5 2 1 1 1488 1758 1759 1489 1497 1767 1768 1498
1284 5 2 1 1 1489 1759 1760 1490 1498 1768 1769 1499
1285 5 2 1 1 1490 1760 1761 1491 1499 1769 1770 1500
1286 5 2 1 1 1491 1761 1762 1492 1500 1770 1771 1501
1287 5 2 1 1 1492 1762 1763 1493 1501 1771 1772 1502
1288 5 2 1 1 1493 1763 1764 1494 1502 1772 1773 1503
1289 5 2 1 1 1495 1765 1766 1496 1504 1774 1775 1505
1290 5 2 1 1 1496 1766 1767 1497 1505 1775 1776 1506
1291 5 2 1 1 1497 1767 1768 1498 1506 1776 1777 1507
1292 5 2 1 1 1498 1768 1769 1499 1507 1777 1778 1508
1293 5 2 1 1 1499 1769 1770 1500 1508 1778 1779 1509
1294 5 2 1 1 1500 1770 1771 1501 1509 1779 1780 1510
1295 5 2 1 1 1501 1771 1772 1502 1510 1780 1781 1511
1296 5 2 1 1 1502 1772 1773 1503 1511 1781 1782 1512
1297 5 2 1 1 1504 1774 1775 1505 1513 1783 1784 1514
1298 5 2 1 1 1505 1775 1776 1506 1514 1784 1785 1515
1299 5 2 1 1 1506 1776 1777 1507 1515 1785 1786 1516
1300 5 2 1 1 1507 1777 1778 1508 1516 1786 1787 1517
1301 5 2 1 1 1508 1778 1779 1509 1517 1787 1788 1518
1302 5 2 1 1 1509 1779 1780 1510 1518 1788 1789 1519
1303 5 2 1 1 1510 1780 1781 1511 1519 1789 1790 1520
1304 5 2 1 1 1511 1781 1782 1512 1520 1790 1791 1521
1305 5 2 1 1 1513 1783 1784 1514 1522 1792 1793 1523
1306 5 2 1 1 1514 1784 1785 1515 1523 1793 1794 1524
1307 5 2 1 1 1515 1785 1786 1516 1524 1794 1795 1525
1308 5 2 1 1 1516 1786 1787 1517 1525 1795 1796 1526
1309 5 2 1 1 1517 1787 1788 1518 1526 1796 1797 1527
1310 5 2 1 1 1518 1788 1789 1519 1527 1797 1798 1528
1311 5 2 1 1 1519 1789 1790 1520 1528 1798 1799 1529
1312 5 2 1 1 1520 1790 1791 1521 1529 1799 1800 1530
1313 5 2 1 1 1522 1792 1793 1523 1531 1801 1802 1532
1314 5 2 1 1 1523 1793 1794 1524 1532 1802 1803 1533
1315 5 2 1 1 1524 1794 1795 1525 1533 1803 1804 1534
1316 5 2 1 1 1525 1795 1796 1526 1534 1804 1805 1535
1317 5 2 1 1 1526 1796 1797 1527 1535 1805 1806 1536
1318 5 2 1 1 1527 1797 1798 1528 1536 1806 1807 1537
1319 5 2 1 1 1528 1798 1799 1529 1537 1807 1808 1538
1320 5 2 1 1 1529 1799 1800 1530 1538 1808 1809 1539
1321 5 2 1 1 1531 1801 1802 1532 1540 1810 1811 1541
1322 5 2 1 1 1532 1802 1803 1533 1541 1811 1812 1542
1323 5 2 1 1 1533 1803 1804 1534 1542 1812 1813 1543
1324 5 2 1 1 1534 1804 1805 1535 1543 1813 1814 1544
1325 5 2 1 1 1535 1805 1806 1536 1544 1814 1815 1545
1326 5 2 1 1 1536 1806 1807 1537 1545 1815 1816 1546
1327 5 2 1 1 1537 1807 1808 1538 1546 1816 1817 1547
1328 5 2 1 1 1538 1808 1809 1539 1547 1817 1818 1548
1329 5 2 1 1 1540 1810 1811 1541 1549 1819 1820 1550
1330 5 2 1 1 1541 1811 1812 1542 1550 1820 1821 1551
1331 5 2 1 1 1542 1812 1813 1543 1551 1821 1822 1552
1332 5 2 1 1 1543 1813 1814 1544 1552 1822 1823 1553
1333 5 2 1 1 1544 1814 1815 1545 1553 1823 1824 1554
1334 5 2 1 1 1545 1815 1816 1546 1554 1824 1825 1555
1335 5 2 1 1 1546 1816 1817 1547 1555 1825 1826 1556
1336 5 2 1 1 1547 1817 1818 1548 1556 1826 1827 1557
1337 5 2 1 1 1549 1819 1820 1550 1558 1828 1829 1559
1338 5 2 1 1 1550 1820 1821 1551 1559 1829 1830 1560
1339 5 2 1 1 1551 1821 1822 1552 1560 1830 1831 1561
1340 5 2 1 1 1552 1822 1823 1553 1561 1831 1832 1562
1341 5 2 1 1 1553 1823 1824 1554 1562 1832 1833 1563
1342 5 2 1 1 1554 1824 1825 1555 1563 1833 1834 1564
1343 5 2 1 1 1555 1825 1826 1556 1564 1834 1835 1565
1344 5 2 1 1 1556 1826 1827 1557 1565 1835 1836 1566
1345 5 2 1 1 1558 1828 1829 1559 1567 1837 1838 1568
1346 5 2 1 1 1559 1829 1830 1560 1568 1838 1839 1569
1347 5 2 1 1 1560 1830 1831 1561 1569 1839 1840 1570
1348 5 2 1 1 1561 1831 1832 1562 1570 1840 1841 1571
1349 5 2 1 1 1562 1832 1833 1563 1571 1841 1842 1572
1350 5 2 1 1 1563 1833 1834 1564 1572 1842 1843 1573
1351 5 2 1 1 1564 1834 1835 1565 1573 1843 1844 1574
1352 5 2 1 1 1565 1835 1836 1566 1574 1844 1845 1575
1353 5 2 1 1 1567 1837 1838 1568 1576 1846 1847 1577
1354 5 2 1 1 1568 1838 1839 1569 1577 1847 1848 1578
1355 5 2 1 1 1569 1839 1840 1570 1578 1848 1849 1579
1356 5 2 1 1 1570 1840 1841 1571 1579 1849 1850 1580
1357 5 2 1 1 1571 1841 1842 1572 1580 1850 1851 1581
1358 5 2 1 1 1572 1842 1843 1573 1581 1851 1852 1582
1359 5 2 1 1 1573 1843 1844 1574 1582 1852 1853 1583
1360 5 2 1 1 1574 1844 1845 1575 1583 1853 1854 1584
1361 5 2 1 1 1576 1846 1847 1577 1585 1855 1856 1586
1362 5 2 1 1 1577 1847 1848 1578 1586 1856 1857 1587
1363 5 2 1 1 1578 1848 1849 1579 1587 1857 1858 1588
1364 5 2 1 1 1579 1849 1850 1580 1588 1858 1859 1589
1365 5 2 1 1 1580 1850 1851 1581 1589 1859 1860 1590
1366 5 2 1 1 1581 1851 1852 1582 1590 1860 1861 1591
1367 5 2 1 1 1582 1852 1853 1583 1591 1861 1862 1592
1368 5 2 1 1 1583 1853 1854 1584 1592 1862 1863 1593
1369 5 2 1 1 1585 1855 1856 1586 1594 1864 1865 1595
1370 5 2 1 1 1586 1856 1857 1587 1595 1865 1866 1596
1371 5 2 1 1 1587 1857 1858 1588 1596 1866 1867 1597
1372 5 2 1 1 1588 1858 1859 1589 1597 1867 1868 1598
1373 5 2 1 1 1589 1859 1860 1590 1598 1868 1869 1599
1374 5 2 1 1 1590 1860 1861 1591 1599 1869 1870 1600
1375 5 2 1 1 1591 1861 1862 1592 1600 1870 1871 1601
1376 5 2 1 1 1592 1862 1863 1593 1601 1871 1872 1602
1377 5 2 1 1 1594 1864 1865 1595 1603 1873 1874 1604
1378 5 2 1 1 1595 1865 1866 1596 1604 1874 1875 1605
1379 5 2 1 1 1596 1866 1867 1597 1605 1875 1876 1606
1380 5 2 1 1 1597 1867 1868 1598 1606 1876 1877 1607
1381 5 2 1 1 1598 1868 1869 1599 1607 1877 1878 1608
1382 5 2 1 1 1599 1869 1870 1600 1608 1878 1879 1609
1383 5 2 1 1 1600 1870 1871 1601 1609 1879 1880 1610
1384 5 2 1 1 1601 1871 1872 1602 1610 1880 1881 1611
1385 5 2 1 1 1603 1873 1874 1604 1612 1882 1883 1613
1386 5 2 1 1 1604 1874 1875 1605 1613 1883 1884 1614
1387 5 2 1 1 1605 1875 1876 1606 1614 1884 1885 1615
1388 5 2 1 1 1606 1876 1877 1607 1615 1885 1886 1616
1389 5 2 1 1 1607 1877 1878 1608 1616 1886 1887 1617
1390 5 2 1 1 1608 1878 1879 1609 1617 1887 1888 1618
1391 5 2 1 1 1609 1879 1880 1610 1618 1888 1889 1619
1392 5 2 1 1 1610 1880 1881 1611 1619 1889 1890 1620
1393 5 2 1 1 1612 1882 1883 1613 1621 1891 1892 1622
1394 5 2 1 1 1613 1883 1884 1614 1622 1892 1893 1623
1395 5 2 1 1 1614 1884 1885 1615 1623 1893 1894 1624
1396 5 2 1 1 1615 1885 1886 1616 1624 1894 1895 1625
1397 5 2 1 1 1616 1886 1887 1617 1625 1895 1896 1626
1398 5 2 1 1 1617 1887 1888 1618 1626 1896 1897 1627
1399 5 2 1 1 1618 1888 1889 1619 1627 1897 1898 1628
1400 5 2 1 1 1619 1889 1890 1620 1628 1898 1899 1629
1401 5 2 1 1 1621 1891 1892 1622 1630 1900 1901 1631
1402 5 2 1 1 1622 1892 1893 1623 1631 1901 1902 1632
1403 5 2 1 1 1623 1893 1894 1624 1632 1902 1903 1633
1404 5 2 1 1 1624 1894 1895 1625 1633 1903 1904 1634
1405 5 2 1 1 1625 1895 1896 1626 1634 1904 1905 1635
1406 5 2 1 1 1626 1896 1897 1627 1635 1905 1906 1636
1407 5 2 1 1 1627 1897 1898 1628 1636 1906 1907 1637
1408 5 2 1 1 1628 1898 1899 1629 1637 1907 1908 1638
1409 5 2 1 1 1630 1900 1901 1631 1639 1909 1910 1640
1410 5 2 1 1 1631 1901 1902 1632 1640 1910 1911 1641
1411 5 2 1 1 1632 1902 1903 1633 1641 1911 1912 1642
1412 5 2 1 1 1633 1903 1904 1634 1642 1912 1913 1643
1413 5 2 1 1 1634 1904 1905 1635 1643 1913 1914 1644
1414 5 2 1 1 1635 1905 1906 1636 1644 1914 1915 1645
1415 5 2 1 1 1636 1906 1907 1637 1645 1915 1916 1646
1416 5 2 1 1 1637 1907 1908 1638 1646 1916 1917 1647
1417 5 2 1 1 1639 1909 1910 1640 1648 1918 1919 1649
1418 5 2 1 1 1640 1910 1911 1641 1649 1919 1920 1650
1419 5 2 1 1 1641 1911 1912 1642 1650 1920 1921 1651
1420 5 2 1 1 1642 1912 1913 1643 1651 1921 1922 1652
1421 5 2 1 1 1643 1913 1914 1644 1652 1922 1923 1653
1422 5 2 1 1 1644 1914 1915 1645 1653 1923 1924 1654
1423 5 2 1 1 1645 1915 1916 1646 1654 1924 1925 1655
1424 5 2 1 1 1646 1916 1917 1647 1655 1925 1926 1656
1425 5 2 1 1 1648 1918 1919 1649 1657 1927 1928 1658
1426 5 2 1 1 1649 1919 1920 1650 1658 1928 1929 1659
1427 5 2 1 1 1650 1920 1921 1651 1659 1929 1930 1660
1428 5 2 1 1 1651 1921 1922 1652 1660 1930 1931 1661
1429 5 2 1 1 1652 1922 1923 1653 1661 1931 1932 1662
1430 5 2 1 1 1653 1923 1924 1654 1662 1932 1933 1663
1431 5 2 1 1 1654 1924 1925 1655 1663 1933 1934 1664
1432 5 2 1 1 1655 1925 1926 1656 1664 1934 1935 1665
1433 5 2 1 1 1657 1927 1928 1658 1666 1936 1937 1667
1434 5 2 1 1 1658 1928 1929 1659 1667 1937 1938 1668
1435 5 2 1 1 1659 1929 1930 1660 1668 1938 1939 1669
1436 5 2 1 1 1660 1930 1931 1661 1669 1939 1940 1670
1437 5 2 1 1 1661 1931 1932 1662 1670 1940 1941 1671
1438 5 2 1 1 1662 1932 1933 1663 1671 1941 1942 1672
1439 5 2 1 1 1663 1933 1934 1664 1672 1942 1943 1673
1440 5 2 1 1 1664 1934 1935 1665 1673 1943 1944 1674
1441 5 2 1 1 1666 1936 1937 1667 1675 1945 1946 1676
1442 5 2 1 1 1667 1937 1938 1668 1676 1946 1947 1677
1443 5 2 1 1 1668 1938 1939 1669 1677 1947 1948 1678
1444 5 2 1 1 1669 1939 1940 1670 1678 1948 1949 1679
1445 5 2 1 1 1670 1940 1941 1671 1679 1949 1950 1680
1446 5 2 1 1 1671 1941 1942 1672 1680 1950 1951 1681
1447 5 2 1 1 1672 1942 1943 1673 1681 1951 1952 1682
1448 5 2 1 1 1673 1943 1944 1674 1682 1952 1953 1683
1449 5 2 1 1 1675 1945 1946 1676 1684 1954 1955 1685
1450 5 2 1 1 1676 1946 1947 1677 1685 1955 1956 1686
1451 5 2 1 1 1677 1947 1948 1678 1686 1956 1957 1687
1452 5 2 1 1 1678 1948 1949 1679 1687 1957 1958 1688
1453 5 2 1 1 1679 1949 1950 1680 1688 1958 1959 1689
1454 5 2 1 1 1680 1950 1951 1681 1689 1959 1960 1690
1455 5 2 1 1 1681 1951 1952 1682 1690 1960 1961 1691
1456 5 2 1 1 1682 1952 1953 1683 1691 1961 1962 1692
1457 5 2 1 1 1684 1954 1955 1685 1693 1963 1964 1694
1458 5 2 1 1 1685 1955 1956 1686 1694 1964 1965 1695
1459 5 2 1 1 1686 1956 1957 1687 1695 1965 1966 1696
1460 5 2 1 1 1687 1957 1958 1688 1696 1966 1967 1697
1461 5 2 1 1 1688 1958 1959 1689 1697 1967 1968 1698
1462 5 2 1 1 1689 1959 1960 1690 1698 1968 1969 1699
1463 5 2 1 1 1690 1960 1961 1691 1699 1969 1970 1700
1464 5 2 1 1 1691 1961 1962 1692 1700 1970 1971 1701
1465 5 2 1 1 1693 1963 1964 1694 1702 1972 1973 1703
1466 5 2 1 1 1694 1964 1965 1695 1703 1973 1974 1704
1467 5 2 1 1 1695 1965 1966 1696 1704 1974 1975 1705
1468 5 2 1 1 1696 1966 1967 1697 1705 1975 1976 1706
1469 5 2 1 1 1697 1967 1968 1698 1706 1976 1977 1707
1470 5 2 1 1 1698 1968 1969 1699 1707 1977 1978 1708
1471 5 2 1 1 1699 1969 1970 1700 1708 1978 1979 1709
1472 5 2 1 1 1700 1970 1971 1701 1709 1979 1980 1710
1473 5 2 1 1 1702 1972 1973 1703 1711 1981 1982 1712
1474 5 2 1 1 1703 1973 1974 1704 1712 1982 1983 1713
1475 5 2 1 1 1704 1974 1975 1705 1713 1983 1984 1714
1476 5 2 1 1 1705 1975 1976 1706 1714 1984 1985 1715
1477 5 2 1 1 1706 1976 1977 1707 1715 1985 1986 1716
1478 5 2 1 1 1707 1977 1978 1708 1716 1986 1987 1717
1479 5 2 1 1 1708 1978 1979 1709 1717 1987 1988 1718
1480 5 2 1 1 1709 1979 1980 1710 1718 1988 1989 1719
1481 5 2 1 1 1711 1981 1982 1712 1720 1990 1991 1721
1482 5 2 1 1 1712 1982 1983 1713 1721 1991 1992 1722
1483 5 2 1 1 1713 1983 1984 1714 1722 1992 1993 1723
1484 5 2 1 1 1714 1984 1985 1715 1723 1993 1994 1724
1485 5 2 1 1 1715 1985 1986 1716 1724 1994 1995 1725
1486 5 2 1 1 1716 1986 1987 1717 1725 1995 1996 1726
1487 5 2 1 1 1717 1987 1988 1718 1726 1996 1997 1727
1488 5 2 1 1 1718 1988 1989 1719 1727 1997 1998 1728
1489 5 2 1 1 1720 1990 1991 1721 1729 1999 2000 1730
1490 5 2 1 1 1721 1991 1992 1722 1730 2000 2001 1731
1491 5 2 1 1 1722 1992 1993 1723 1731 2001 2002 1732
1492 5 2 1 1 1723 1993 1994 1724 1732 2002 2003 1733
1493 5 2 1 1 1724 1994 1995 1725 1733 2003 2004 1734
1494 5 2 1 1 1725 1995 1996 1726 1734 2004 2005 1735
1495 5 2 1 1 1726 1996 1997 1727 1735 2005 2006 1736
1496 5 2 1 1 1727 1997 1998 1728 1736 2006 2007 1737
1497 5 2 1 1 1729 1999 2000 1730 1738 2008 2009 1739
1498 5 2 1 1 1730 2000 2001 1731 1739 2009 2010 1740
1499 5 2 1 1 1731 2001 2002 1732 1740 2010 2011 1741
1500 5 2 1 1 1732 2002 2003 1733 1741 2011 2012 1742
1501 5 2 1 1 1733 2003 2004 1734 1742 2012 2013 1743
1502 5 2 1 1 1734 2004 2005 1735 1743 2013 2014 1744
1503 5 2 1 1 1735 2005 2006 1736 1744 2014 2015 1745
1504 5 2 1 1 1736 2006 2007 1737 1745 2015 2016 1746
1505 5 2 1 1 1747 2017 2019 1748 1756 2018 2020 1757
1506 5 2 1 1 1748 2019 2021 1749 1757 2020 2022 1758
1507 5 2 1 1 1749 2021 2023 1750 1758 2022 2024 1759
1508 5 2 1 1 1750 2023 2025 1751 1759 2024 2026 1760
1509 5 2 1 1 1751 2025 2027 1752 1760 2026 2028 1761
1510 5 2 1 1 1752 2027 2029 1753 1761 2028 2030 1762
1511 5 2 1 1 1753 2029 2031 1754 1762 2030 2032 1763
1512 5 2 1 1 1754 2031 2033 1755 1763 2032 2034 1764
1513 5 2 1 1 1756 2018 2020 1757 1765 2035 2036 1766
1514 5 2 1 1 1757 2020 2022 1758 1766 2036 2037 1767
1515 5 2 1 1 1758 2022 2024 1759 1767 2037 2038 1768
1516 5 2 1 1 1759 2024 2026 1760 1768 2038 2039 1769
1517 5 2 1 1 1760 2026 2028 1761 1769 2039 2040 1770
1518 5 2 1 1 1761 2028 2030 1762 1770 2040 2041 1771
1519 5 2 1 1 1762 2030 2032 1763 1771 2041 2042 1772
1520 5 2 1 1 1763 2032 2034 1764 1772 2042 2043 1773
1521 5 2 1 1 1765 2035 2036 1766 1774 2044 2045 1775
1522 5 2 1 1 1766 2036 2037 1767 1775 2045 2046 1776
1523 5 2 1 1 1767 2037 2038 1768 1776 2046 2047 1777
1524 5 2 1 1 1768 2038 2039 1769 1777 2047 2048 1778
1525 5 2 1 1 1769 2039 2040 1770 1778 2048 2049 1779
1526 5 2 1 1 1770 2040 2041 1771 1779 2049 2050 1780
1527 5 2 1 1 1771 2041 2042 1772 1780 2050 2051 1781
1528 5 2 1 1 1772 2042 2043 1773 1781 2051 2052 1782
1529 5 2 1 1 1774 2044 2045 1775 1783 2053 2054 1784
1530 5 2 1 1 1775 2045 2046 1776 1784 2054 2055 1785
1531 5 2 1 1 1776 2046 2047 1777 1785 2055 2056 1786
1532 5 2 1 1 1777 2047 2048 1778 1786 2056 2057 1787
1533 5 2 1 1 1778 2048 2049 1779 1787 2057 2058 1788
1534 5 2 1 1 1779 2049 2050 1780 1788 2058 2059 1789
1535 5 2 1 1 1780 2050 2051 1781 1789 2059 2060 1790
1536 5 2 1 1 1781 2051 2052 1782 1790 2060 2061 1791
1537 5 2 1 1 1783 2053 2054 1784 1792 2062 2063 1793
1538 5 2 1 1 1784 2054 2055 1785 1793 2063 2064 1794
1539 5 2 1 1 1785 2055 2056 1786 1794 2064 2065 1795
1540 5 2 1 1 1786 2056 2057 1787 1795 2065 2066 1796
1541 5 2 1 1 1787 2057 2058 1788 1796 2066 2067 1797
1542 5 2 1 1 1788 2058 2059 1789 1797 2067 2068 1798
1543 5 2 1 1 1789 2059 2060 1790 1798 2068 2069 1799
1544 5 2 1 1 1790 2060 2061 1791 1799 2069 2070 1800
1545 5 2 1 1 1792 2062 2063 1793 1801 2071 2072 1802
1546 5 2 1 1 1793 2063 2064 1794 1802 2072 2073 1803
1547 5 2 1 1 1794 2064 2065 1795 1803 2073 2074 1804
1548 5 2 1 1 1795 2065 2066 1796 1804 2074 2075 1805
1549 5 2 1 1 1796 2066 2067 1797 1805 2075 2076 1806
1550 5 2 1 1 1797 2067 2068 1798 1806 2076 2077 1807
1551 5 2 1 1 1798 2068 2069 1799 1807 2077 2078 1808
1552 5 2 1 1 1799 2069 2070 1800 1808 2078 2079 1809
1553 5 2 1 1 1801 2071 2072 1802 1810 2080 2081 1811
1554 5 2 1 1 1802 2072 2073 1803 1811 2081 2082 1812
1555 5 2 1 1 1803 2073 2074 1804 1812 2082 2083 1813
1556 5 2 1 1 1804 2074 2075 1805 1813 2083 2084 1814
1557 5 2 1 1 1805 2075 2076 1806 1814 2084 2085 1815
1558 5 2 1 1 1806 2076 2077 1807 1815 2085 2086 1816
1559 5 2 1 1 1807 2077 2078 1808 1816 2086 2087 1817
1560 5 2 1 1 1808 2078 2079 1809 1817 2087 2088 1818
1561 5 2 1 1 1810 2080 2081 1811 1819 2089 2090 1820
1562 5 2 1 1 1811 2081 2082 1812 1820 2090 2091 1821
1563 5 2 1 1 1812 2082 2083 1813 1821 2091 2092 1822
1564 5 2 1 1 1813 2083 2084 1814 1822 2092 2093 1823
1565 5 2 1 1 1814 2084 2085 1815 1823 2093 2094 1824
1566 5 2 1 1 1815 2085 2086 1816 1824 2094 2095 1825
1567 5 2 1 1 1816 2086 2087 1817 1825 2095 2096 1826
1568 5 2 1 1 1817 2087 2088 1818 1826 2096 2097 1827
1569 5 2 1 1 1819 2089 2090 1820 1828 2098 2099 1829
1570 5 2 1 1 1820 2090 2091 1821 1829 2099 2100 1830
1571 5 2 1 1 1821 2091 2092 1822 1830 2100 2101 1831
1572 5 2 1 1 1822 2092 2093 1823 1831 2101 2102 1832
1573 5 2 1 1 1823 2093 2094 1824 1832 2102 2103 1833
1574 5 2 1 1 1824 2094 2095 1825 1833 2103 2104 1834
1575 5 2 1 1 1825 2095 2096 1826 1834 2104 2105 1835
1576 5 2 1 1 1826 2096 2097 1827 1835 2105 2106 1836
1577 5 2 1 1 1828 2098 2099 1829 1837 2107 2108 1838
1578 5 2 1 1 1829 2099 2100 1830 1838 2108 2109 1839
1579 5 2 1 1 1830 2100 2101 1831 1839 2109 2110 1840
1580 5 2 1 1 1831 2101 2102 1832 1840 2110 2111 1841
1581 5 2 1 1 1832 2102 2103 1833 1841 2111 2112 1842
1582 5 2 1 1 1833 2103 2104 1834 1842 2112 2113 1843
1583 5 2 1 1 1834 2104 2105 1835 1843 2113 2114 1844
1584 5 2 1 1 1835 2105 2106 1836 1844 2114 2115 1845
1585 5 2 1 1 1837 2107 2108 1838 1846 2116 2117 1847
1586 5 2 1 1 1838 2108 2109 1839 1847 2117 2118 1848
1587 5 2 1 1 1839 2109 2110 1840 1848 2118 2119 1849
1588 5 2 1 1 1840 2110 2111 1841 1849 2119 2120 1850
1589 5 2 1 1 1841 2111 2112 1842 1850 2120 2121 1851
1590 5 2 1 1 1842 2112 2113 1843 1851 2121 2122 1852
1591 5 2 1 1 1843 2113 2114 1844 1852 2122 2123 1853
1592 5 2 1 1 1844 2114 2115 1845 1853 2123 2124 1854
1593 5 2 1 1 1846 2116 2117 1847 1855 2125 2126 1856
1594 5 2 1 1 1847 2117 2118 1848 1856 2126 2127 1857
1595 5 2 1 1 1848 2118 2119 1849 1857 2127 2128 1858
1596 5 2 1 1 1849 2119 2120 1850 1858 2128 2129 1859
1597 5 2 1 1 1850 2120 2121 1851 1859 2129 2130 1860
1598 5 2 1 1 1851 2121 2122 1852 1860 2130 2131 1861
1599 5 2 1 1 1852 2122 2123 1853 1861 2131 2132 1862
1600 5 2 1 1 1853 2123 2124 1854 1862 2132 2133 1863
1601 5 2 1 1 1855 2125 2126 1856 1864 2134 2135 1865
1602 5 2 1 1 1856 2126 2127 1857 1865 2135 2136 1866
1603 5 2 1 1 1857 2127 2128 1858 1866 2136 2137 1867
1604 5 2 1 1 1858 2128 2129 1859 1867 2137 2138 1868
1605 5 2 1 1 1859 2129 2130 1860 1868 2138 2139 1869
1606 5 2 1 1 1860 2130 2131 1861 1869 2139 2140 1870
1607 5 2 1 1 1861 2131 2132 1862 1870 2140 2141 1871
1608 5 2 1 1 1862 2132 2133 1863 1871 2141 2142 1872
1609 5 2 1 1 1864 2134 2135 1865 1873 2143 2144 1874
1610 5 2 1 1 1865 2135 2136 1866 1874 2144 2145 1875
1611 5 2 1 1 1866 2136 2137 1867 1875 2145 2146 1876
1612 5 2 1 1 1867 2137 2138 1868 1876 2146 2147 1877
1613 5 2 1 1 1868 2138 2139 1869 1877 2147 2148 1878
1614 5 2 1 1 1869 2139 2140 1870 1878 2148 2149 1879
1615 5 2 1 1 1870 2140 2141 1871 1879 2149 2150 1880
1616 5 2 1 1 1871 2141 2142 1872 1880 2150 2151 1881
1617 5 2 1 1 1873 2143 2144 1874 1882 2152 2153 1883
1618 5 2 1 1 1874 2144 2145 1875 1883 2153 2154 1884
1619 5 2 1 1 1875 2145 2146 1876 1884 2154 2155 1885
1620 5 2 1 1 1876 2146 2147 1877 1885 2155 2156 1886
1621 5 2 1 1 1877 2147 2148 1878 1886 2156 2157 1887
1622 5 2 1 1 1878 2148 2149 1879 1887 2157 2158 1888
1623 5 2 1 1 1879 2149 2150 1880 1888 2158 2159 1889
1624 5 2 1 1 1880 2150 2151 1881 1889 2159 2160 1890
1625 5 2 1 1 1882 2152 2153 1883 1891 2161 2162 1892
1626 5 2 1 1 1883 2153 2154 1884 1892 2162 2163 1893
1627 5 2 1 1 1884 2154 2155 1885 1893 2163 2164 1894
1628 5 2 1 1 1885 2155 2156 1886 1894 2164 2165 1895
1629 5 2 1 1 1886 2156 2157 1887 1895 2165 2166 1896
1630 5 2 1 1 1887 2157 2158 1888 1896 2166 2167 1897
1631 5 2 1 1 1888 2158 2159 1889 1897 2167 2168 1898
1632 5 2 1 1 1889 2159 2160 1890 1898 2168 2169 1899
1633 5 2 1 1 1891 2161 2162 1892 1900 2170 2171 1901
1634 5 2 1 1 1892 2162 2163 1893 1901 2171 2172 1902
1635 5 2 1 1 1893 2163 2164 1894 1902 2172 2173 1903
1636 5 2 1 1 1894 2164 2165 1895 1903 2173 2174 1904
1637 5 2 1 1 1895 2165 2166 1896 1904 2174 2175 1905
1638 5 2 1 1 1896 2166 2167 1897 1905 2175 2176 1906
1639 5 2 1 1 1897 2167 2168 1898 1906 2176 2177 1907
1640 5 2 1 1 1898 2168 2169 1899 1907 2177 2178 1908
1641 5 2 1 1 1900 2170 2171 1901 1909 2179 2180 1910
1642 5 2 1 1 1901 2171 2172 1902 1910 2180 2181 1911
1643 5 2 1 1 1902 2172 2173 1903 1911 2181 2182 1912
1644 5 2 1 1 1903 2173 2174 1904 1912 2182 2183 1913
1645 5 2 1 1 1904 2174 2175 1905 1913 2183 2184 1914
1646 5 2 1 1 1905 2175 2176 1906 1914 2184 2185 1915
1647 5 2 1 1 1906 2176 2177 1907 1915 2185 2186 1916
1648 5 2 1 1 1907 2177 2178 1908 1916 2186 2187 1917
1649 5 2 1 1 1909 2179 2180 1910 1918 2188 2189 1919
1650 5 2 1 1 1910 2180 2181 1911 1919 2189 2190 1920
1651 5 2 1 1 1911 2181 2182 1912 1920 2190 2191 1921
1652 5 2 1 1 1912 2182 2183 1913 1921 2191 2192 1922
1653 5 2 1 1 1913 2183 2184 1914 1922 2192 2193 1923
1654 5 2 1 1 1914 2184 2185 1915 1923 2193 2194 1924
1655 5 2 1 1 1915 2185 2186 1916 1924 2194 2195 1925
1656 5 2 1 1 1916 2186 2187 1917 1925 2195 2196 1926
1657 5 2 1 1 1918 2188 2189 1919 1927 2197 2198 1928
1658 5 2 1 1 1919 2189 2190 1920 1928 2198 2199 1929
1659 5 2 1 1 1920 2190 2191 1921 1929 2199 2200 1930
1660 5 2 1 1 1921 2191 2192 1922 1930 2200 2201 1931
1661 5 2 1 1 1922 2192 2193 1923 1931 2201 2202 1932
1662 5 2 1 1 1923 2193 2194 1924 1932 2202 2203 1933
1663 5 2 1 1 1924 2194 2195 1925 1933 2203 2204 1934
1664 5 2 1 1 1925 2195 2196 1926 1934 2204 2205 1935
1665 5 2 1 1 1927 2197 2198 1928 1936 2206 2207 1937
1666 5 2 1 1 1928 2198 2199 1929 1937 2207 2208 1938
1667 5 2 1 1 1929 2199 2200 1930 1938 2208 2209 1939
1668 5 2 1 1 1930 2200 2201 1931 1939 2209 2210 1940
1669 5 2 1 1 1931 2201 2202 1932 1940 2210 2211 1941
1670 5 2 1 1 1932 2202 2203 1933 1941 2211 2212 1942
1671 5 2 1 1 1933 2203 2204 1934 1942 2212 2213 1943
1672 5 2 1 1 1934 2204 2205 1935 1943 2213 2214 1944
1673 5 2 1 1 1936 2206 2207 1937 1945 2215 2216 1946
1674 5 2 1 1 1937 2207 2208 1938 1946 2216 2217 1947
1675 5 2 1 1 1938 2208 2209 1939 1947 2217 2218 1948
1676 5 2 1 1 1939 2209 2210 1940 1948 2218 2219 1949
1677 5 2 1 1 1940 2210 2211 1941 1949 2219 2220 1950
1678 5 2 1 1 1941 2211 2212 1942 1950 2220 2221 1951
1679 5 2 1 1 1942 2212 2213 1943 1951 2221 2222 1952
1680 5 2 1 1 1943 2213 2214 1944 1952 2222 2223 1953
1681 5 2 1 1 1945 2215 2216 1946 1954 2224 2225 1955
1682 5 2 1 1 1946 2216 2217 1947 1955 2225 2226 1956
1683 5 2 1 1 1947 2217 2218 1948 1956 2226 2227 1957
1684 5 2 1 1 1948 2218 2219 1949 1957 2227 2228 1958
1685 5 2 1 1 1949 2219 2220 1950 1958 2228 2229 1959
1686 5 2 1 1 1950 2220 2221 1951 1959 2229 2230 1960
1687 5 2 1 1 1951 2221 2222 1952 1960 2230 2231 1961
1688 5 2 1 1 1952 2222 2223 1953 1961 2231 2232 1962
1689 5 2 1 1 1954 2224 2225 1955 1963 2233 2234 1964
1690 5 2 1 1 1955 2225 2226 1956 1964 2234 2235 1965
1691 5 2 1 1 1956 2226 2227 1957 1965 2235 2236 1966
1692 5 2 1 1 1957 2227 2228 1958 1966 2236 2237 1967
1693 5 2 1 1 1958 2228 2229 1959 1967 2237 2238 1968
1694 5 2 1 1 1959 2229 2230 1960 1968 2238 2239 1969
1695 5 2 1 1 1960 2230 2231 1961 1969 2239 2240 1970
1696 5 2 1 1 1961 2231 2232 1962 1970 2240 2241 1971
1697 5 2 1 1 1963 2233 2234 1964 1972 2242 2243 1973
1698 5 2 1 1 1964 2234 2235 1965 1973 2243 2244 1974
1699 5 2 1 1 1965 2235 2236 1966 1974 2244 2245 1975
1700 5 2 1 1 1966 2236 2237 1967 1975 2245 2246 1976
1701 5 2 1 1 1967 2237 2238 1968 1976 2246 2247 1977
1702 5 2 1 1 1968 2238 2239 1969 1977 2247 2248 1978
1703 5 2 1 1 1969 2239 2240 1970 1978 2248 2249 1979
1704 5 2 1 1 1970 2240 2241 1971 1979 2249 2250 1980
1705 5 2 1 1 1972 2242 2243 1973 1981 2251 2252 1982
1706 5 2 1 1 1973 2243 2244 1974 1982 2252 2253 1983
1707 5 2 1 1 1974 2244 2245 1975 1983 2253 2254 1984
1708 5 2 1 1 1975 2245 2246 1976 1984 2254 2255 1985
1709 5 2 1 1 1976 2246 2247 1977 1985 2255 2256 1986
1710 5 2 1 1 1977 2247 2248 1978 1986 2256 2257 1987
1711 5 2 1 1 1978 2248 2249 1979 1987 2257 2258 1988
1712 5 2 1 1 1979 2249 2250 1980 1988 2258 2259 1989
1713 5 2 1 1 1981 2251 2252 1982 1990 2260 2261 1991
1714 5 2 1 1 1982 2252 2253 1983 1991 2261 2262 1992
1715 5 2 1 1 1983 2253 2254 1984 1992 2262 2263 1993
1716 5 2 1 1 1984 2254 2255 1985 1993 2263 2264 1994
1717 5 2 1 1 1985 2255 2256 1986 1994 2264 2265 1995
1718 5 2 1 1 1986 2256 2257 1987 1995 2265 2266 1996
1719 5 2 1 1 1987 2257 2258 1988 1996 2266 2267 1997
1720 5 2 1 1 1988 2258 2259 1989 1997 2267 2268 1998
1721 5 2 1 1 1990 2260 2261 1991 1999 2269 2270 2000
1722 5 2 1 1 1991 2261 2262 1992 2000 2270 2271 2001
1723 5 2 1 1 1992 2262 2263 1993 2001 2271 2272 2002
1724 5 2 1 1 1993 2263 2264 1994 2002 2272 2273 2003
1725 5 2 1 1 1994 2264 2265 1995 2003 2273 2274 2004
1726 5 2 1 1 1995 2265 2266 1996 2004 2274 2275 2005
1727 5 2 1 1 1996 2266 2267 1997 2005 2275 2276 2006
1728 5 2 1 1 1997 2267 2268 1998 2006 2276 2277 2007
1729 5 2 1 1 1999 2269 2270 2000 2008 2278 2279 2009
1730 5 2 1 1 2000 2270 2271 2001 2009 2279 2280 2010
1731 5 2 1 1 2001 2271 2272 2002 2010 2280 2281 2011
1732 5 2 1 1 2002 2272 2273 2003 2011 2281 2282 2012
1733 5 2 1 1 2003 2273 2274 2004 2012 2282 2283 2013
1734 5 2 1 1 2004 2274 2275 2005 2013 2283 2284 2014
1735 5 2 1 1 2005 2275 2276 2006 2014 2284 2285 2015
1736 5 2 1 1 2006 2276 2277 2007 2015 2285 2286 2016
1737 6 2 1 1 2017 2018 2287 2019 2020 2288
1738 6 2 1 1 2019 2020 2288 2021 2022 2289
1739 6 2 1 1 2021 2022 2289 2023 2024 2290
1740 6 2 1 1 2023 2024 2290 2025 2026 2291
1741 6 2 1 1 2025 2026 2291 2027 2028 2292
1742 6 2 1 1 2027 2028 2292 2029 2030 2293
1743 6 2 1 1 2029 2030 2293 2031 2032 2294
1744 6 2 1 1 2031 2032 2294 2033 2034 2295
1745 5 2 1 1 2018 2287 2288 2020 2035 2296 2297 2036
1746 5 2 1 1 2020 2288 2289 2022 2036 2297 2298 2037
1747 5 2 1 1 2022 2289 2290 2024 2037 2298 2299 2038
1748 5 2 1 1 2024 2290 2291 2026 2038 2299 2300 2039
1749 5 2 1 1 2026 2291 2292 2028 2039 2300 2301 2040
1750 5 2 1 1 2028 2292 2293 2030 2040 2301 2302 2041
1751 5 2 1 1 2030 2293 2294 2032 2041 2302 2303 2042
1752 5 2 1 1 2032 2294 2295 2034 2042 2303 2304 2043
1753 5 2 1 1 2035 2296 2297 2036 2044 2305 2306 2045
1754 5 2 1 1 2036 2297 2298 2037 2045 2306 2307 2046
1755 5 2 1 1 2037 2298 2299 2038 2046 2307 2308 2047
1756 5 2 1 1 2038 2299 2300 2039 2047 2308 2309 2048
1757 5 2 1 1 2039 2300 2301 2040 2048 2309 2310 2049
1758 5 2 1 1 2040 2301 2302 2041 2049 2310 2311 2050
1759 5 2 1 1 2041 2302 2303 2042 2050 2311 2312 2051
1760 5 2 1 1 2042 2303 2304 2043 2051 2312 2313 2052
1761 5 2 1 1 2044 2305 2306 2045 2053 2314 2315 2054
1762 5 2 1 1 2045 2306 2307 2046 2054 2315 2316 2055
1763 5 2 1 1 2046 2307 2308 2047 2055 2316 2317 2056
1764 5 2 1 1 2047 2308 2309 2048 2056 2317 2318 2057
1765 5 2 1 1 2048 2309 2310 2049 2057 2318 2319 2058
1766 5 2 1 1 2049 2310 2311 2050 2058 2319 2320 2059
1767 5 2 1 1 2050 2311 2312 2051 2059 2320 2321 2060
1768 5 2 1 1 2051 2312 2313 2052 2060 2321 2322 2061
1769 5 2 1 1 2053 2314 2315 2054 2062 2323 2324 2063
1770 5 2 1 1 2054 2315 2316 2055 2063 2324 2325 2064
1771 5 2 1 1 2055 2316 2317 2056 2064 2325 2326 2065
1772 5 2 1 1 2056 2317 2318 2057 2065 2326 2327 2066
1773 5 2 1 1 2057 2318 2319 2058 2066 2327 2328 2067
1774 5 2 1 1 2058 2319 2320 2059 2067 2328 2329 2068
1775 5 2 1 1 2059 2320 2321 2060 2068 2329 2330 2069
1776 5 2 1 1 2060 2321 2322 2061 2069 2330 2331 2070
1777 5 2 1 1 2062 2323 2324 2063 2071 2332 2333 2072
1778 5 2 1 1 2063 2324 2325 2064 2072 2333 2334 2073
1779 5 2 1 1 2064 2325 2326 2065 2073 2334 2335 2074
1780 5 2 1 1 2065 2326 2327 2066 2074 2335 2336 2075
1781 5 2 1 1 2066 2327 2328 2067 2075 2336 2337 2076
1782 5 2 1 1 2067 2328 2329 2068 2076 2337 2338 2077
1783 5 2 1 1 2068 2329 2330 2069 2077 2338 2339 2078
1784 5 2 1 1 2069 2330 2331 2070 2078 2339 2340 2079
1785 5 2 1 1 2071 2332 2333 2072 2080 2341 2342 2081
1786 5 2 1 1 2072 2333 2334 2073 2081 2342 2343 2082
1787 5 2 1 1 2073 2334 2335 2074 2082 2343 2344 2083
1788 5 2 1 1 2074 2335 2336 2075 2083 2344 2345 2084
1789 5 2 1 1 2075 2336 2337 2076 2084 2345 2346 2085
1790 5 2 1 1 2076 2337 2338 2077 2085 2346 2347 2086
1791 5 2 1 1 2077 2338 2339 2078 2086 2347 2348 2087
1792 5 2 1 1 2078 2339 2340 2079 2087 2348 2349 2088
1793 5 2 1 1 2080 2341 2342 2081 2089 2350 2351 2090
1794 5 2 1 1 2081 2342 2343 2082 2090 2351 2352 2091
1795 5 2 1 1 2082 2343 2344 2083 2091 2352 2353 2092
1796 5 2 1 1 2083 2344 2345 2084 2092 2353 2354 2093
1797 5 2 1 1 2084 2345 2346 2085 2093 2354 2355 2094
1798 5 2 1 1 2085 2346 2347 2086 2094 2355 2356 2095
1799 5 2 1 1 2086 2347 2348 2087 2095 2356 2357 2096
1800 5 2 1 1 2087 2348 2349 2088 2096 2357 2358 2097
1801 5 2 1 1 2089 2350 2351 2090 2098 2359 2360 2099
1802 5 2 1 1 2090 2351 2352 2091 2099 2360 2361 2100
1803 5 2 1 1 2091 2352 2353 2092 2100 2361 2362 2101
1804 5 2 1 1 2092 2353 2354 2093 2101 2362 2363 2102
1805 5 2 1 1 2093 2354 2355 2094 2102 2363 2364 2103
1806 5 2 1 1 2094 2355 2356 2095 2103 2364 2365 2104
1807 5 2 1 1 2095 2356 2357 2096 2104 2365 2366 2105
1808 5 2 1 1 2096 2357 2358 2097 2105 2366 2367 2106
1809 5 2 1 1 2098 2359 2360 2099 2107 2368 2369 2108
1810 5 2 1 1 2099 2360 2361 2100 2108 2369 2370 2109
1811 5 2 1 1 2100 2361 2362 2101 2109 2370 2371 2110
1812 5 2 1 1 2101 2362 2363 2102 2110 2371 2372 2111
1813 5 2 1 1 2102 2363 2364 2103 2111 2372 2373 2112
1814 5 2 1 1 2103 2364 2365 2104 2112 2373 2374 2113
1815 5 2 1 1 2104 2365 2366 2105 2113 2374 2375 2114
1816 5 2 1 1 2105 2366 2367 2106 2114 2375 2376 2115
1817 5 2 1 1 2107 2368 2369 2108 2116 2377 2378 2117
1818 5 2 1 1 2108 2369 2370 2109 2117 2378 2379 2118
1819 5 2 1 1 2109 2370 2371 2110 2118 2379 2380 2119
1820 5 2 1 1 2110 2371 2372 2111 2119 2380 2381 2120
1821 5 2 1 1 2111 2372 2373 2112 2120 2381 2382 2121
1822 5 2 1 1 2112 2373 2374 2113 2121 2382 2383 2122
1823 5 2 1 1 2113 2374 2375 2114 2122 2383 2384 2123
1824 5 2 1 1 2114 2375 2376 2115 2123 2384 2385 2124
1825 5 2 1 1 2116 2377 2378 2117 2125 2386 2387 2126
1826 5 2 1 1 2117 2378 2379 2118 2126 2387 2388 2127
1827 5 2 1 1 2118 2379 2380 2119 2127 2388 2389 2128
1828 5 2 1 1 2119 2380 2381 2120 2128 2389 2390 2129
1829 5 2 1 1 2120 2381 2382 2121 2129 2390 2391 2130
1830 5 2 1 1 2121 2382 2383 2122 2130 2391 2392 2131
1831 5 2 1 1 2122 2383 2384 2123 2131 2392 2393 2132
1832 5 2 1 1 2123 2384 2385 2124 2132 2393 2394 2133
1833 5 2 1 1 2125 2386 2387 2126 2134 2395 2396 2135
1834 5 2 1 1 2126 2387 2388 2127 2135 2396 2397 2136
1835 5 2 1 1 2127 2388 2389 2128 2136 2397 2398 2137
1836 5 2 1 1 2128 2389 2390 2129 2137 2398 2399 2138
1837 5 2 1 1 2129 2390 2391 2130 2138 2399 2400 2139
1838 5 2 1 1 2130 2391 2392 2131 2139 2400 2401 2140
1839 5 2 1 1 2131 2392 2393 2132 2140 2401 2402 2141
1840 5 2 1 1 2132 2393 2394 2133 2141 2402 2403 2142
1841 5 2 1 1 2134 2395 2396 2135 2143 2404 2405 2144
1842 5 2 1 1 2135 2396 2397 2136 2144 2405 2406 2145
1843 5 2 1 1 2136 2397 2398 2137 2145 2406 2407 2146
1844 5 2 1 1 2137 2398 2399 2138 2146 2407 2408 2147
1845 5 2 1 1 2138 2399 2400 2139 2147 2408 2409 2148
1846 5 2 1 1 2139 2400 2401 2140 2148 2409 2410 2149
1847 5 2 1 1 2140 2401 2402 2141 2149 2410 2411 2150
1848 5 2 1 1 2141 2402 2403 2142 2150 2411 2412 2151
1849 5 2 1 1 2143 2404 2405 2144 2152 2413 2414 2153
1850 5 2 1 1 2144 2405 2406 2145 2153 2414 2415 2154
1851 5 2 1 1 2145 2406 2407 2146 2154 2415 2416 2155
1852 5 2 1 1 2146 2407 2408 2147 2155 2416 2417 2156
1853 5 2 1 1 2147 2408 2409 2148 2156 2417 2418 2157
1854 5 2 1 1 2148 2409 2410 2149 2157 2418 2419 2158
1855 5 2 1 1 2149 2410 2411 2150 2158 2419 2420 2159
1856 5 2 1 1 2150 2411 2412 2151 2159 2420 2421 2160
1857 5 2 1 1 2152 2413 2414 2153 2161 2422 2423 2162
1858 5 2 1 1 2153 2414 2415 2154 2162 2423 2424 2163
1859 5 2 1 1 2154 2415 2416 2155 2163 2424 2425 2164
1860 5 2 1 1 2155 2416 2417 2156 2164 2425 2426 2165
1861 5 2 1 1 2156 2417 2418 2157 2165 2426 2427 2166
1862 5 2 1 1 2157 2418 2419 2158 2166 2427 2428 2167
1863 5 2 1 1 2158 2419 2420 2159 2167 2428 2429 2168
1864 5 2 1 1 2159 2420 2421 2160 2168 2429 2430 2169
1865 5 2 1 1 2161 2422 2423 2162 2170 2431 2432 2171
1866 5 2 1 1 2162 2423 2424 2163 2171 2432 2433 2172
1867 5 2 1 1 2163 2424 2425 2164 2172 2433 2434 2173
1868 5 2 1 1 2164 2425 2426 2165 2173 2434 2435 2174
1869 5 2 1 1 2165 2426 2427 2166 2174 2435 2436 2175
1870 5 2 1 1 2166 2427 2428 2167 2175 2436 2437 2176
1871 5 2 1 1 2167 2428 2429 2168 2176 2437 2438 2177
1872 5 2 1 1 2168 2429 2430 2169 2177 2438 2439 2178
1873 5 2 1 1 2170 2431 2432 2171 2179 2440 2441 2180
1874 5 2 1 1 2171 2432 2433 2172 2180 2441 2442 2181
1875 5 2 1 1 2172 2433 2434 2173 2181 2442 2443 2182
1876 5 2 1 1 2173 2434 2435 2174 2182 2443 2444 2183
1877 5 2 1 1 2174 2435 2436 2175 2183 2444 2445 2184
1878 5 2 1 1 2175 2436 2437 2176 2184 2445 2446 2185
1879 5 2 1 1 2176 2437 2438 2177 2185 2446 2447 2186
1880 5 2 1 1 2177 2438 2439 2178 2186 2447 2448 2187
1881 5 2 1 1 2179 2440 2441 2180 2188 2449 2450 2189
1882 5 2 1 1 2180 2441 2442 2181 2189 2450 2451 2190
1883 5 2 1 1 2181 2442 2443 2182 2190 2451 2452 2191
1884 5 2 1 1 2182 2443 2444 2183 2191 2452 2453 2192
1885 5 2 1 1 2183 2444 2445 2184 2192 2453 2454 2193
1886 5 2 1 1 2184 2445 2446 2185 2193 2454 2455 2194
1887 5 2 1 1 2185 2446 2447 2186 2194 2455 2456 2195
1888 5 2 1 1 2186 2447 2448 2187 2195 2456 2457 2196
1889 5 2 1 1 2188 2449 2450 2189 2197 2458 2459 2198
1890 5 2 1 1 2189 2450 2451 2190 2198 2459 2460 2199
1891 5 2 1 1 2190 2451 2452 2191 2199 2460 2461 2200
1892 5 2 1 1 2191 2452 2453 2192 2200 2461 2462 2201
1893 5 2 1 1 2192 2453 2454 2193 2201 2462 2463 2202
1894 5 2 1 1 2193 2454 2455 2194 2202 2463 2464 2203
1895 5 2 1 1 2194 2455 2456 2195 2203 2464 2465 2204
1896 5 2 1 1 2195 2456 2457 2196 2204 2465 2466 2205
1897 5 2 1 1 2197 2458 2459 2198 2206 2467 2468 2207
1898 5 2 1 1 2198 2459 2460 2199 2207 2468 2469 2208
1899 5 2 1 1 2199 2460 2461 2200 2208 2469 2470 2209
1900 5 2 1 1 2200 2461 2462 2201 2209 2470 2471 2210
1901 5 2 1 1 2201 2462 2463 2202 2210 2471 2472 2211
1902 5 2 1 1 2202 2463 2464 2203 2211 2472 2473 2212
1903 5 2 1 1 2203 2464 2465 2204 2212 2473 2474 2213
1904 5 2 1 1 2204 2465 2466 2205 2213 2474 2475 2214
1905 5 2 1 1 2206 2467 2468 2207 2215 2476 2477 2216
1906 5 2 1 1 2207 2468 2469 2208 2216 2477 2478 2217
1907 5 2 1 1 2208 2469 2470 2209 2217 2478 2479 2218
1908 5 2 1 1 2209 2470 2471 2210 2218 2479 2480 2219
1909 5 2 1 1 2210 2471 2472 2211 2219 2480 2481 2220
1910 5 2 1 1 2211 2472 2473 2212 2220 2481 2482 2221
1911 5 2 1 1 2212 2473 2474 2213 2221 2482 2483 2222
1912 5 2 1 1 2213 2474 2475 2214 2222 2483 2484 2223
1913 5 2 1 1 2215 2476 2477 2216 2224 2485 2486 2225
1914 5 2 1 1 2216 2477 2478 2217 2225 2486 2487 2226
1915 5 2 1 1 2217 2478 2479 2218 2226 2487 2488 2227
1916 5 2 1 1 2218 2479 2480 2219 2227 2488 2489 2228
1917 5 2 1 1 2219 2480 2481 2220 2228 2489 2490 2229
1918 5 2 1 1 2220 2481 2482 2221 2229 2490 2491 2230
1919 5 2 1 1 2221 2482 2483 2222 2230 2491 2492 2231
1920 5 2 1 1 2222 2483 2484 2223 2231 2492 2493 2232
1921 5 2 1 1 2224 2485 2486 2225 2233 2494 2495 2234
1922 5 2 1 1 2225 2486 2487 2226 2234 2495 2496 2235
1923 5 2 1 1 2226 2487 2488 2227 2235 2496 2497 2236
1924 5 2 1 1 2227 2488 2489 2228 2236 2497 2498 2237
1925 5 2 1 1 2228 2489 2490 2229 2237 2498 2499 2238
1926 5 2 1 1 2229 2490 2491 2230 2238 2499 2500 2239
1927 5 2 1 1 2230 2491 2492 2231 2239 2500 2501 2240
1928 5 2 1 1 2231 2492 2493 2232 2240 2501 2502 2241
1929 5 2 1 1 2233 2494 2495 2234 2242 2503 2504 2243
1930 5 2 1 1 2234 2495 2496 2235 2243 2504 2505 2244
1931 5 2 1 1 2235 2496 2497 2236 2244 2505 2506 2245
1932 5 2 1 1 2236 2497 2498 2237 2245 2506 2507 2246
1933 5 2 1 1 2237 2498 2499 2238 2246 2507 2508 2247
1934 5 2 1 1 2238 2499 2500 2239 2247 2508 2509 2248
1935 5 2 1 1 2239 2500 2501 2240 2248 2509 2510 2249
1936 5 2 1 1 2240 2501 2502 2241 2249 2510 2511 2250
1937 5 2 1 1 2242 2503 2504 2243 2251 2512 2513 2252
1938 5 2 1 1 2243 2504 2505 2244 2252 2513 2514 2253
1939 5 2 1 1 2244 2505 2506 2245 2253 2514 2515 2254
1940 5 2 1 1 2245 2506 2507 2246 2254 2515 2516 2255
1941 5 2 1 1 2246 2507 2508 2247 2255 2516 2517 2256
1942 5 2 1 1 2247 2508 2509 2248 2256 2517 2518 2257
1943 5 2 1 1 2248 2509 2510 2249 2257 2518 2519 2258
1944 5 2 1 1 2249 2510 2511 2250 2258 2519 2520 2259
1945 5 2 1 1 2251 2512 2513 2252 2260 2521 2522 2261
1946 5 2 1 1 2252 2513 2514 2253 2261 2522 2523 2262
1947 5 2 1 1 2253 2514 2515 2254 2262 2523 2524 2263
1948 5 2 1 1 2254 2515 2516 2255 2263 2524 2525 2264
1949 5 2 1 1 2255 2516 2517 2256 2264 2525 2526 2265
1950 5 2 1 1 2256 2517 2518 2257 2265 2526 2527 2266
1951 5 2 1 1 2257 2518 2519 2258 2266 2527 2528 2267
1952 5 2 1 1 2258 2519 2520 2259 2267 2528 2529 2268
1953 5 2 1 1 2260 2521 2522 2261 2269 2530 2531 2270
1954 5 2 1 1 2261 2522 2523 2262 2270 2531 2532 2271
1955 5 2 1 1 2262 2523 2524 2263 2271 2532 2533 2272
1956 5 2 1 1 2263 2524 2525 2264 2272 2533 2534 2273
1957 5 2 1 1 2264 2525 2526 2265 2273 2534 2535 2274
1958 5 2 1 1 2265 2526 2527 2266 2274 2535 2536 2275
1959 5 2 1 1 2266 2527 2528 2267 2275 2536 2537 2276
1960 5 2 1 1 2267 2528 2529 2268 2276 2537 2538 2277
1961 5 2 1 1 2269 2530 2531 2270 2278 2539 2540 2279
1962 5 2 1 1 2270 2531 2532 2271 2279 2540 2541 2280
1963 5 2 1 1 2271 2532 2533 2272 2280 2541 2542 2281
1964 5 2 1 1 2272 2533 2534 2273 2281 2542 2543 2282
1965 5 2 1 1 2273 2534 2535 2274 2282 2543 2544 2283
1966 5 2 1 1 2274 2535 2536 2275 2283 2544 2545 2284
1967 5 2 1 1 2275 2536 2537 2276 2284 2545 2546 2285
1968 5 2 1 1 2276 2537 2538 2277 2285 2546 2547 2286
1969 5 2 1 1 2287 2548 2550 2288 2296 2549 2551 2297
1970 5 2 1 1 2288 2550 2552 2289 2297 2551 2553 2298
1971 5 2 1 1 2289 2552 2554 2290 2298 2553 2555 2299
1972 5 2 1 1 2290 2554 2556 2291 2299 2555 2557 2300
1973 5 2 1 1 2291 2556 2558 2292 2300 2557 2559 2301
1974 5 2 1 1 2292 2558 2560 2293 2301 2559 2561 2302
1975 5 2 1 1 2293 2560 2562 2294 2302 2561 2563 2303
1976 5 2 1 1 2294 2562 2564 2295 2303 2563 2565 2304
1977 5 2 1 1 2296 2549 2551 2297 2305 2566 2567 2306
1978 5 2 1 1 2297 2551 2553 2298 2306 2567 2568 2307
1979 5 2 1 1 2298 2553 2555 2299 2307 2568 2569 2308
1980 5 2 1 1 2299 2555 2557 2300 2308 2569 2570 2309
1981 5 2 1 1 2300 2557 2559 2301 2309 2570 2571 2310
1982 5 2 1 1 2301 2559 2561 2302 2310 2571 2572 2311
1983 5 2 1 1 2302 2561 2563 2303 2311 2572 2573 2312
1984 5 2 1 1 2303 2563 2565 2304 2312 2573 2574 2313
1985 5 2 1 1 2305 2566 2567 2306 2314 2575 2576 2315
1986 5 2 1 1 2306 2567 2568 2307 2315 2576 2577 2316
1987 5 2 1 1 2307 2568 2569 2308 2316 2577 2578 2317
1988 5 2 1 1 2308 2569 2570 2309 2317 2578 2579 2318
1989 5 2 1 1 2309 2570 2571 2310 2318 2579 2580 2319
1990 5 2 1 1 2310 2571 2572 2311 2319 2580 2581 2320
1991 5 2 1 1 2311 2572 2573 2312 2320 2581 2582 2321
1992 5 2 1 1 2312 2573 2574 2313 2321 2582 2583 2322
1993 5 2 1 1 2314 2575 2576 2315 2323 2584 2585 2324
1994 5 2 1 1 2315 2576 2577 2316 2324 2585 2586 2325
1995 5 2 1 1 2316 2577 2578 2317 2325 2586 2587 2326
1996 5 2 1 1 2317 2578 2579 2318 2326 2587 2588 2327
1997 5 2 1 1 2318 2579 2580 2319 2327 2588 2589 2328
1998 5 2 1 1 2319 2580 2581 2320 2328 2589 2590 2329
1999 5 2 1 1 2320 2581 2582 2321 2329 2590 2591 2330
2000 5 2 1 1 2321 2582 2583 2322 2330 2591 2592 2331
2001 5 2 1 1 2323 2584 2585 2324 2332 2593 2594 2333
2002 5 2 1 1 2324 2585 2586 2325 2333 2594 2595 2334
2003 5 2 1 1 2325 2586 2587 2326 2334 2595 2596 2335
2004 5 2 1 1 2326 2587 2588 2327 2335 2596 2597 2336
2005 5 2 1 1 2327 2588 2589 2328 2336 2597 2598 2337
2006 5 2 1 1 2328 2589 2590 2329 2337 2598 2599 2338
2007 5 2 1 1 2329 2590 2591 2330 2338 2599 2600 2339
2008 5 2 1 1 2330 2591 2592 2331 2339 2600 2601 2340
2009 5 2 1 1 2332 2593 2594 2333 2341 2602 2603 2342
2010 5 2 1 1 2333 2594 2595 2334 2342 2603 2604 2343
2011 5 2 1 1 2334 2595 2596 2335 2343 2604 2605 2344
2012 5 2 1 1 2335 2596 2597 2336 2344 2605 2606 2345
2013 5 2 1 1 2336 2597 2598 2337 2345 2606 2607 2346
2014 5 2 1 1 2337 2598 2599 2338 2346 2607 2608 2347
2015 5 2 1 1 2338 2599 2600 2339 2347 2608 2609 2348
2016 5 2 1 1 2339 2600 2601 2340 2348 2609 2610 2349
2017 5 2 1 1 2341 2602 2603 2342 2350 2611 2612 2351
2018 5 2 1 1 2342 2603 2604 2343 2351 2612 2613 2352
2019 5 2 1 1 2343 2604 2605 2344 2352 2613 2614 2353
2020 5 2 1 1 2344 2605 2606 2345 2353 2614 2615 2354
2021 5 2 1 1 2345 2606 2607 2346 2354 2615 2616 2355
2022 5 2 1 1 2346 2607 2608 2347 2355 2616 2617 2356
2023 5 2 1 1 2347 2608 2609 2348 2356 2617 2618 2357
2024 5 2 1 1 2348 2609 2610 2349 2357 2618 2619 2358
2025 5 2 1 1 2350 2611 2612 2351 2359 2620 2621 2360
2026 5 2 1 1 2351 2612 2613 2352 2360 2621 2622 2361
2027 5 2 1 1 2352 2613 2614 2353 2361 2622 2623 2362
2028 5 2 1 1 2353 2614 2615 2354 2362 2623 2624 2363
2029 5 2 1 1 2354 2615 2616 2355 2363 2624 2625 2364
2030 5 2 1 1 2355 2616 2617 2356 2364 2625 2626 2365
2031 5 2 1 1 2356 2617 2618 2357 2365 2626 2627 2366
2032 5 2 1 1 2357 2618 2619 2358 2366 2627 2628 2367
2033 5 2 1 1 2359 2620 2621 2360 2368 2629 2630 2369
2034 5 2 1 1 2360 2621 2622 2361 2369 2630 2631 2370
2035 5 2 1 1 2361 2622 2623 2362 2370 2631 2632 2371
2036 5 2 1 1 2362 2623 2624 2363 2371 2632 2633 2372
2037 5 2 1 1 2363 2624 2625 2364 2372 2633 2634 2373
2038 5 2 1 1 2364 2625 2626 2365 2373 2634 2635 2374
2039 5 2 1 1 2365 2626 2627 2366 2374 2635 2636 2375
2040 5 2 1 1 2366 2627 2628 2367 2375 2636 2637 2376
2041 5 2 1 1 2368 2629 2630 2369 2377 2638 2639 2378
2042 5 2 1 1 2369 2630 2631 2370 2378 2639 2640 2379
2043 5 2 1 1 2370 2631 2632 2371 2379 2640 2641 2380
2044 5 2 1 1 2371 2632 2633 2372 2380 2641 2642 2381
2045 5 2 1 1 2372 2633 2634 2373 2381 2642 2643 2382
2046 5 2 1 1 2373 2634 2635 2374 2382 2643 2644 2383
2047 5 2 1 1 2374 2635 2636 2375 2383 2644 2645 2384
2048 5 2 1 1 2375 2636 2637 2376 2384 2645 2646 2385
2049 5 2 1 1 2377 2638 2639 2378 2386 2647 2648 2387
2050 5 2 1 1 2378 2639 2640 2379 2387 2648 2649 2388
2051 5 2 1 1 2379 2640 2641 2380 2388 2649 2650 2389
2052 5 2 1 1 2380 2641 2642 2381 2389 2650 2651 2390
2053 5 2 1 1 2381 2642 2643 2382 2390 2651 2652 2391
2054 5 2 1 1 2382 2643 2644 2383 2391 2652 2653 2392
2055 5 2 1 1 2383 2644 2645 2384 2392 2653 2654 2393
2056 5 2 1 1 2384 2645 2646 2385 2393 2654 2655 2394
2057 5 2 1 1 2386 2647 2648 2387 2395 2656 2657 2396
2058 5 2 1 1 2387 2648 2649 2388 2396 2657 2658 2397
2059 5 2 1 1 2388 2649 2650 2389 2397 2658 2659 2398
2060 5 2 1 1 2389 2650 2651 2390 2398 2659 2660 2399
2061 5 2 1 1 2390 2651 2652 2391 2399 2660 2661 2400
2062 5 2 1 1 2391 2652 2653 2392 2400 2661 2662 2401
2063 5 2 1 1 2392 2653 2654 2393 2401 2662 2663 2402
2064 5 2 1 1 2393 2654 2655 2394 2402 2663 2664 2403
2065 5 2 1 1 2395 2656 2657 2396 2404 2665 2666 2405
2066 5 2 1 1 2396 2657 2658 2397 2405 2666 2667 2406
2067 5 2 1 1 2397 2658 2659 2398 2406 2667 2668 2407
2068 5 2 1 1 2398 2659 2660 2399 2407 2668 2669 2408
2069 5 2 1 1 2399 2660 2661 2400 2408 2669 2670 2409
2070 5 2 1 1 2400 2661 2662 2401 2409 2670 2671 2410
2071 5 2 1 1 2401 2662 2663 2402 2410 2671 2672 2411
2072 5 2 1 1 2402 2663 2664 2403 2411 2672 2673 2412
2073 5 2 1 1 2404 2665 2666 2405 2413 2674 2675 2414
2074 5 2 1 1 2405 2666 2667 2406 2414 2675 2676 2415
2075 5 2 1 1 2406 2667 2668 2407 2415 2676 2677 2416
2076 5 2 1 1 2407 2668 2669 2408 2416 2677 2678 2417
2077 5 2 1 1 2408 2669 2670 2409 2417 2678 2679 2418
2078 5 2 1 1 2409 2670 2671 2410 2418 2679 2680 2419
2079 5 2 1 1 2410 2671 2672 2411 2419 2680 2681 2420
2080 5 2 1 1 2411 2672 2673 2412 2420 2681 2682 2421
2081 5 2 1 1 2413 2674 2675 2414 2422 2683 2684 2423
2082 5 2 1 1 2414 2675 2676 2415 2423 2684 2685 2424
2083 5 2 1 1 2415 2676 2677 2416 2424 2685 2686 2425
2084 5 2 1 1 2416 2677 2678 2417 2425 2686 2687 2426
2085 5 2 1 1 2417 2678 2679 2418 2426 2687 2688 2427
2086 5 2 1 1 2418 2679 2680 2419 2427 2688 2689 2428
2087 5 2 1 1 2419 2680 2681 2420 2428 2689 2690 2429
2088 5 2 1 1 2420 2681 2682 2421 2429 2690 2691 2430
2089 5 2 1 1 2422 2683 2684 2423 2431 2692 2693 2432
2090 5 2 1 1 2423 2684 2685 2424 2432 2693 2694 2433
2091 5 2 1 1 2424 2685 2686 2425 2433 2694 2695 2434
2092 5 2 1 1 2425 2686 2687 2426 2434 2695 2696 2435
2093 5 2 1 1 2426 2687 2688 2427 2435 2696 2697 2436
2094 5 2 1 1 2427 2688 2689 2428 2436 2697 2698 2437
2095 5 2 1 1 2428 2689 2690 2429 2437 2698 2699 2438
2096 5 2 1 1 2429 2690 2691 2430 2438 2699 2700 2439
2097 5 2 1 1 2431 2692 2693 2432 2440 2701 2702 2441
2098 5 2 1 1 2432 2693 2694 2433 2441 2702 2703 2442
2099 5 2 1 1 2433 2694 2695 2434 2442 2703 2704 2443
2100 5 2 1 1 2434 2695 2696 2435 2443 2704 2705 2444
2101 5 2 1 1 2435 2696 2697 2436 2444 2705 2706 2445
2102 5 2 1 1 2436 2697 2698 2437 2445 2706 2707 2446
2103 5 2 1 1 2437 2698 2699 2438 2446 2707 2708 2447
2104 5 2 1 1 2438 2699 2700 2439 2447 2708 2709 2448
2105 5 2 1 1 2440 2701 2702 2441 2449 2710 2711 2450
2106 5 2 1 1 2441 2702 2703 2442 2450 2711 2712 2451
2107 5 2 1 1 2442 2703 2704 2443 2451 2712 2713 2452
2108 5 2 1 1 2443 2704 2705 2444 2452 2713 2714 2453
2109 5 2 1 1 2444 2705 2706 2445 2453 2714 2715 2454
2110 5 2 1 1 2445 2706 2707 2446 2454 2715 2716 2455
2111 5 2 1 1 2446 2707 2708 2447 2455 2716 2717 2456
2112 5 2 1 1 2447 2708 2709 2448 2456 2717 2718 2457
2113 5 2 1 1 2449 2710 2711 2450 2458 2719 2720 2459
2114 5 2 1 1 2450 2711 2712 2451 2459 2720 2721 2460
2115 5 2 1 1 2451 2712 2713 2452 2460 2721 2722 2461
2116 5 2 1 1 2452 2713 2714 2453 2461 2722 2723 2462
2117 5 2 1 1 2453 2714 2715 2454 2462 2723 2724 2463
2118 5 2 1 1 2454 2715 2716 2455 2463 2724 2725 2464
2119 5 2 1 1 2455 2716 2717 2456 2464 2725 2726 2465
2120 5 2 1 1 2456 2717 2718 2457 2465 2726 2727 2466
2121 5 2 1 1 2458 2719 2720 2459 2467 2728 2729 2468
2122 5 2 1 1 2459 2720 2721 2460 2468 2729 2730 2469
2123 5 2 1 1 2460 2721 2722 2461 2469 2730 2731 2470
2124 5 2 1 1 2461 2722 2723 2462 2470 2731 2732 2471
2125 5 2 1 1 2462 2723 2724 2463 2471 2732 2733 2472
2126 5 2 1 1 2463 2724 2725 2464 2472 2733 2734 2473
2127 5 2 1 1 2464 2725 2726 2465 2473 2734 2735 2474
2128 5 2 1 1 2465 2726 2727 2466 2474 2735 2736 2475
2129 5 2 1 1 2467 2728 2729 2468 2476 2737 2738 2477
2130 5 2 1 1 2468 2729 2730 2469 2477 2738 2739 2478
2131 5 2 1 1 2469 2730 2731 2470 2478 2739 2740 2479
2132 5 2 1 1 2470 2731 2732 2471 2479 2740 2741 2480
2133 5 2 1 1 2471 2732 2733 2472 2480 2741 2742 2481
2134 5 2 1 1 2472 2733 2734 2473 2481 2742 2743 2482
2135 5 2 1 1 2473 2734 2735 2474 2482 2743 2744 2483
2136 5 2 1 1 2474 2735 2736 2475 2483 2744 2745 2484
2137 5 2 1 1 2476 2737 2738 2477 2485 2746 2747 2486
2138 5 2 1 1 2477 2738 2739 2478 2486 2747 2748 2487
2139 5 2 1 1 2478 2739 2740 2479 2487 2748 2749 2488
2140 5 2 1 1 2479 2740 2741 2480 2488 2749 2750 2489
2141 5 2 1 1 2480 2741 2742 2481 2489 2750 2751 2490
2142 5 2 1 1 2481 2742 2743 2482 2490 2751 2752 2491
2143 5 2 1 1 2482 2743 2744 2483 2491 2752 2753 2492
2144 5 2 1 1 2483 2744 2745 2484 2492 2753 2754 2493
2145 5 2 1 1 2485 2746 2747 2486 2494 2755 2756 2495
2146 5 2 1 1 2486 2747 2748 2487 2495 2756 2757 2496
2147 5 2 1 1 2487 2748 2749 2488 2496 2757 2758 2497
2148 5 2 1 1 2488 2749 2750 2489 2497 2758 2759 2498
2149 5 2 1 1 2489 2750 2751 2490 2498 2759 2760 2499
2150 5 2 1 1 2490 2751 2752 2491 2499 2760 2761 2500
2151 5 2 1 1 2491 2752 2753 2492 2500 2761 2762 2501
2152 5 2 1 1 2492 2753 2754 2493 2501 2762 2763 2502
2153 5 2 1 1 2494 2755 2756 2495 2503 2764 2765 2504
2154 5 2 1 1 2495 2756 2757 2496 2504 2765 2766 2505
2155 5 2 1 1 2496 2757 2758 2497 2505 2766 2767 2506
2156 5 2 1 1 2497 2758 2759 2498 2506 2767 2768 2507
2157 5 2 1 1 2498 2759 2760 2499 2507 2768 2769 2508
2158 5 2 1 1 2499 2760 2761 2500 2508 2769 2770 2509
2159 5 2 1 1 2500 2761 2762 2501 2509 2770 2771 2510
2160 5 2 1 1 2501 2762 2763 2502 2510 2771 2772 2511
2161 5 2 1 1 2503 2764 2765 2504 2512 2773 2774 2513
2162 5 2 1 1 2504 2765 2766 2505 2513 2774 2775 2514
2163 5 2 1 1 2505 2766 2767 2506 2514 2775 2776 2515
2164 5 2 1 1 2506 2767 2768 2507 2515 2776 2777 2516
2165 5 2 1 1 2507 2768 2769 2508 2516 2777 2778 2517
2166 5 2 1 1 2508 2769 2770 2509 2517 2778 2779 2518
2167 5 2 1 1 2509 2770 2771 2510 2518 2779 2780 2519
2168 5 2 1 1 2510 2771 2772 2511 2519 2780 2781 2520
2169 5 2 1 1 2512 2773 2774 2513 2521 2782 2783 2522
2170 5 2 1 1 2513 2774 2775 2514 2522 2783 2784 2523
2171 5 2 1 1 2514 2775 2776 2515 2523 2784 2785 2524
2172 5 2 1 1 2515 2776 2777 2516 2524 2785 2786 2525
2173 5 2 1 1 2516 2777 2778 2517 2525 2786 2787 2526
2174 5 2 1 1 2517 2778 2779 2518 2526 2787 2788 2527
2175 5 2 1 1 2518 2779 2780 2519 2527 2788 2789 2528
2176 5 2 1 1 2519 2780 2781 2520 2528 2789 2790 2529
2177 5 2 1 1 2521 2782 2783 2522 2530 2791 2792 2531
2178 5 2 1 1 2522 2783 2784 2523 2531 2792 2793 2532
2179 5 2 1 1 2523 2784 2785 2524 2532 2793 2794 2533
2180 5 2 1 1 2524 2785 2786 2525 2533 2794 2795 2534
2181 5 2 1 1 2525 2786 2787 2526 2534 2795 2796 2535
2182 5 2 1 1 2526 2787 2788 2527 2535 2796 2797 2536
2183 5 2 1 1 2527 2788 2789 2528 2536 2797 2798 2537
2184 5 2 1 1 2528 2789 2790 2529 2537 2798 2799 2538
2185 5 2 1 1 2530 2791 2792 2531 2539 2800 2801 2540
2186 5 2 1 1 2531 2792 2793 2532 2540 2801 2802 2541
2187 5 2 1 1 2532 2793 2794 2533 2541 2802 2803 2542
2188 5 2 1 1 2533 2794 2795 2534 2542 2803 2804 2543
2189 5 2 1 1 2534 2795 2796 2535 2543 2804 2805 2544
2190 5 2 1 1 2535 2796 2797 2536 2544 2805 2806 2545
2191 5 2 1 1 2536 2797 2798 2537 2545 2806 2807 2546
2192 5 2 1 1 2537 2798 2799 2538 2546 2807 2808 2547
2193 5 2 1 1 2548 2809 2811 2550 2549 2810 2812 2551
2194 5 2 1 1 2550 2811 2813 2552 2551 2812 2814 2553
2195 5 2 1 1 2552 2813 2815 2554 2553 2814 2816 2555
2196 5 2 1 1 2554 2815 2817 2556 2555 2816 2818 2557
2197 5 2 1 1 2556 2817 2819 2558 2557 2818 2820 2559
2198 5 2 1 1 2558 2819 2821 2560 2559 2820 2822 2561
2199 5 2 1 1 2560 2821 2823 2562 2561 2822 2824 2563
2200 5 2 1 1 2562 2823 2825 2564 2563 2824 2826 2565
2201 5 2 1 1 2549 2810 2812 2551 2566 2827 2828 2567
2202 5 2 1 1 2551 2812 2814 2553 2567 2828 2829 2568
2203 5 2 1 1 2553 2814 2816 2555 2568 2829 2830 2569
2204 5 2 1 1 2555 2816 2818 2557 2569 2830 2831 2570
2205 5 2 1 1 2557 2818 2820 2559 2570 2831 2832 2571
2206 5 2 1 1 2559 2820 2822 2561 2571 2832 2833 2572
2207 5 2 1 1 2561 2822 2824 2563 2572 2833 2834 2573
2208 5 2 1 1 2563 2824 2826 2565 2573 2834 2835 2574
2209 5 2 1 1 2566 2827 2828 2567 2575 2836 2837 2576
2210 5 2 1 1 2567 2828 2829 2568 2576 2837 2838 2577
2211 5 2 1 1 2568 2829 2830 2569 2577 2838 2839 2578
2212 5 2 1 1 2569 2830 2831 2570 2578 2839 2840 2579
2213 5 2 1 1 2570 2831 2832 2571 2579 2840 2841 2580
2214 5 2 1 1 2571 2832 2833 2572 2580 2841 2842 2581
2215 5 2 1 1 2572 2833 2834 2573 2581 2842 2843 2582
2216 5 2 1 1 2573 2834 2835 2574 2582 2843 2844 2583
2217 5 2 1 1 2575 2836 2837 2576 2584 2845 2846 2585
2218 5 2 1 1 2576 2837 2838 2577 2585 2846 2847 2586
2219 5 2 1 1 2577 2838 2839 2578 2586 2847 2848 2587
2220 5 2 1 1 2578 2839 2840 2579 2587 2848 2849 2588
2221 5 2 1 1 2579 2840 2841 2580 2588 2849 2850 2589
2222 5 2 1 1 2580 2841 2842 2581 2589 2850 2851 2590
2223 5 2 1 1 2581 2842 2843 2582 2590 2851 2852 2591
2224 5 2 1 1 2582 2843 2844 2583 2591 2852 2853 2592
2225 5 2 1 1 2584 2845 2846 2585 2593 2854 2855 2594
2226 5 2 1 1 2585 2846 2847 2586 2594 2855 2856 2595
2227 5 2 1 1 2586 2847 2848 2587 2595 2856 2857 2596
2228 5 2 1 1 2587 2848 2849 2588 2596 2857 2858 2597
2229 5 2 1 1 2588 2849 2850 2589 2597 2858 2859 2598
2230 5 2 1 1 2589 2850 2851 2590 2598 2859 2860 2599
2231 5 2 1 1 2590 2851 2852 2591 2599 2860 2861 2600
2232 5 2 1 1 2591 2852 2853 2592 2600 2861 2862 2601
2233 5 2 1 1 2593 2854 2855 2594 2602 2863 2864 2603
2234 5 2 1 1 2594 2855 2856 2595 2603 2864 2865 2604
2235 5 2 1 1 2595 2856 2857 2596 2604 2865 2866 2605
2236 5 2 1 1 2596 2857 2858 2597 2605 2866 2867 2606
2237 5 2 1 1 2597 2858 2859 2598 2606 2867 2868 2607
2238 5 2 1 1 2598 2859 2860 2599 2607 2868 2869 2608
2239 5 2 1 1 2599 2860 2861 2600 2608 2869 2870 2609
2240 5 2 1 1 2600 2861 2862 2601 2609 2870 2871 2610
2241 5 2 1 1 2602 2863 2864 2603 2611 2872 2873 2612
2242 5 2 1 1 2603 2864 2865 2604 2612 2873 2874 2613
2243 5 2 1 1 2604 2865 2866 2605 2613 2874 2875 2614
2244 5 2 1 1 2605 2866 2867 2606 2614 2875 2876 2615
2245 5 2 1 1 2606 2867 2868 2607 2615 2876 2877 2616
2246 5 2 1 1 2607 2868 2869 2608 2616 2877 2878 2617
2247 5 2 1 1 2608 2869 2870 2609 2617 2878 2879 2618
2248 5 2 1 1 2609 2870 2871 2610 2618 2879 2880 2619
2249 5 2 1 1 2611 2872 2873 2612 2620 2881 2882 2621
2250 5 2 1 1 2612 2873 2874 2613 2621 2882 2883 2622
2251 5 2 1 1 2613 2874 2875 2614 2622 2883 2884 2623
2252 5 2 1 1 2614 2875 2876 2615 2623 2884 2885 2624
2253 5 2 1 1 2615 2876 2877 2616 2624 2885 2886 2625
2254 5 2 1 1 2616 2877 2878 2617 2625 2886 2887 2626
2255 5 2 1 1 2617 2878 2879 2618 2626 2887 2888 2627
2256 5 2 1 1 2618 2879 2880 2619 2627 2888 2889 2628
2257 5 2 1 1 2620 2881 2882 2621 2629 2890 2891 2630
2258 5 2 1 1 2621 2882 2883 2622 2630 2891 2892 2631
2259 5 2 1 1 2622 2883 2884 2623 2631 2892 2893 2632
2260 5 2 1 1 2623 2884 2885 2624 2632 2893 2894 2633
2261 5 2 1 1 2624 2885 2886 2625 2633 2894 2895 2634
2262 5 2 1 1 2625 2886 2887 2626 2634 2895 2896 2635
2263 5 2 1 1 2626 2887 2888 2627 2635 2896 2897 2636
2264 5 2 1 1 2627 2888 2889 2628 2636 2897 2898 2637
2265 5 2 1 1 2629 2890 2891 2630 2638 2899 2900 2639
2266 5 2 1 1 2630 2891 2892 2631 2639 2900 2901 2640
2267 5 2 1 1 2631 2892 2893 2632 2640 2901 2902 2641
2268 5 2 1 1 2632 2893 2894 2633 2641 2902 2903 2642
2269 5 2 1 1 2633 2894 2895 2634 2642 2903 2904 2643
2270 5 2 1 1 2634 2895 2896 2635 2643 2904 2905 2644
2271 5 2 1 1 2635 2896 2897 2636 2644 2905 2906 2645
2272 5 2 1 1 2636 2897 2898 2637 2645 2906 2907 2646
2273 5 2 1 1 2638 2899 2900 2639 2647 2908 2909 2648
2274 5 2 1 1 2639 2900 2901 2640 2648 2909 2910 2649
2275 5 2 1 1 2640 2901 2902 2641 2649 2910 2911 2650
2276 5 2 1 1 2641 2902 2903 2642 2650 2911 2912 2651
2277 5 2 1 1 2642 2903 2904 2643 2651 2912 2913 2652
2278 5 2 1 1 2643 2904 2905 2644 2652 2913 2914 2653
2279 5 2 1 1 2644 2905 2906 2645 2653 2914 2915 2654
2280 5 2 1 1 2645 2906 2907 2646 2654 2915 2916 2655
2281 5 2 1 1 2647 2908 2909 2648 2656 2917 2918 2657
2282 5 2 1 1 2648 2909 2910 2649 2657 2918 2919 2658
2283 5 2 1 1 2649 2910 2911 2650 2658 2919 2920 2659
2284 5 2 1 1 2650 2911 2912 2651 2659 2920 2921 2660
2285 5 2 1 1 2651 2912 2913 2652 2660 2921 2922 2661
2286 5 2 1 1 2652 2913 2914 2653 2661 2922 2923 2662
2287 5 2 1 1 2653 2914 2915 2654 2662 2923 2924 2663
2288 5 2 1 1 2654 2915 2916 2655 2663 2924 2925 2664
2289 5 2 1 1 2656 2917 2918 2657 2665 2926 2927 2666
2290 5 2 1 1 2657 2918 2919 2658 2666 2927 2928 2667
2291 5 2 1 1 2658 2919 2920 2659 2667 2928 2929 2668
2292 5 2 1 1 2659 2920 2921 2660 2668 2929 2930 2669
2293 5 2 1 1 2660 2921 2922 2661 2669 2930 2931 2670
2294 5 2 1 1 2661 2922 2923 2662 2670 2931 2932 2671
2295 5 2 1 1 2662 2923 2924 2663 2671 2932 2933 2672
2296 5 2 1 1 2663 2924 2925 2664 2672 2933 2934 2673
2297 5 2 1 1 2665 2926 2927 2666 2674 2935 2936 2675
2298 5 2 1 1 2666 2927 2928 2667 2675 2936 2937 2676
2299 5 2 1 1 2667 2928 2929 2668 2676 2937 2938 2677
2300 5 2 1 1 2668 2929 2930 2669 2677 2938 2939 2678
2301 5 2 1 1 2669 2930 2931 2670 2678 2939 2940 2679
2302 5 2 1 1 2670 2931 2932 2671 2679 2940 2941 2680
2303 5 2 1 1 2671 2932 2933 2672 2680 2941 2942 2681
2304 5 2 1 1 2672 2933 2934 2673 2681 2942 2943 2682
2305 5 2 1 1 2674 2935 2936 2675 2683 2944 2945 2684
2306 5 2 1 1 2675 2936 2937 2676 2684 2945 2946 2685
2307 5 2 1 1 2676 2937 2938 2677 2685 2946 2947 2686
2308 5 2 1 1 2677 2938 2939 2678 2686 2947 2948 2687
2309 5 2 1 1 2678 2939 2940 2679 2687 2948 2949 2688
2310 5 2 1 1 2679 2940 2941 2680 2688 2949 2950 2689
2311 5 2 1 1 2680 2941 2942 2681 2689 2950 2951 2690
2312 5 2 1 1 2681 2942 2943 2682 2690 2951 2952 2691
2313 5 2 1 1 2683 2944 2945 2684 2692 2953 2954 2693
2314 5 2 1 1 2684 2945 2946 2685 2693 2954 2955 2694
2315 5 2 1 1 2685 2946 2947 2686 2694 2955 2956 2695
2316 5 2 1 1 2686 2947 2948 2687 2695 2956 2957 2696
2317 5 2 1 1 2687 2948 2949 2688 2696 2957 2958 2697
2318 5 2 1 1 2688 2949 2950 2689 2697 2958 2959 2698
2319 5 2 1 1 2689 2950 2951 2690 2698 2959 2960 2699
2320 5 2 1 1 2690 2951 2952 2691 2699 2960 2961 2700
2321 5 2 1 1 2692 2953 2954 2693 2701 2962 2963 2702
2322 5 2 1 1 2693 2954 2955 2694 2702 2963 2964 2703
2323 5 2 1 1 2694 2955 2956 2695 2703 2964 2965 2704
2324 5 2 1 1 2695 2956 2957 2696 2704 2965 2966 2705
2325 5 2 1 1 2696 2957 2958 2697 2705 2966 2967 2706
2326 5 2 1 1 2697 2958 2959 2698 2706 2967 2968 2707
2327 5 2 1 1 2698 2959 2960 2699 2707 2968 2969 2708
2328 5 2 1 1 2699 2960 2961 2700 2708 2969 2970 2709
2329 5 2 1 1 2701 2962 2963 2702 2710 2971 2972 2711
2330 5 2 1 1 2702 2963 2964 2703 2711 2972 2973 2712
2331 5 2 1 1 2703 2964 2965 2704 2712 2973 2974 2713
2332 5 2 1 1 2704 2965 2966 2705 2713 2974 2975 2714
2333 5 2 1 1 2705 2966 2967 2706 2714 2975 2976 2715
2334 5 2 1 1 2706 2967 2968 2707 2715 2976 2977 2716
2335 5 2 1 1 2707 2968 2969 2708 2716 2977 2978 2717
2336 5 2 1 1 2708 2969 2970 2709 2717 2978 2979 2718
2337 5 2 1 1 2710 2971 2972 2711 2719 2980 2981 2720
2338 5 2 1 1 2711 2972 2973 2712 2720 2981 2982 2721
2339 5 2 1 1 2712 2973 2974 2713 2721 2982 2983 2722
2340 5 2 1 1 2713 2974 2975 2714 2722 2983 2984 2723
2341 5 2 1 1 2714 2975 2976 2715 2723 2984 2985 2724
2342 5 2 1 1 2715 2976 2977 2716 2724 2985 2986 2725
2343 5 2 1 1 2716 2977 2978 2717 2725 2986 2987 2726
2344 5 2 1 1 2717 2978 2979 2718 2726 2987 2988 2727
2345 5 2 1 1 2719 2980 2981 2720 2728 2989 2990 2729
2346 5 2 1 1 2720 2981 2982 2721 2729 2990 2991 2730
2347 5 2 1 1 2721 2982 2983 2722 2730 2991 2992 2731
2348 5 2 1 1 2722 2983 2984 2723 2731 2992 2993 2732
2349 5 2 1 1 2723 2984 2985 2724 2732 2993 2994 2733
2350 5 2 1 1 2724 2985 2986 2725 2733 2994 2995 2734
2351 5 2 1 1 2725 2986 2987 2726 2734 2995 2996 2735
2352 5 2 1 1 2726 2987 2988 2727 2735 2996 2997 2736
2353 5 2 1 1 2728 2989 2990 2729 2737 2998 2999 2738
2354 5 2 1 1 2729 2990 2991 2730 2738 2999 3000 2739
2355 5 2 1 1 2730 2991 2992 2731 2739 3000 3001 2740
2356 5 2 1 1 2731 2992 2993 2732 2740 3001 3002 2741
2357 5 2 1 1 2732 2993 2994 2733 2741 3002 3003 2742
2358 5 2 1 1 2733 2994 2995 2734 2742 3003 3004 2743
2359 5 2 1 1 2734 2995 2996 2735 2743 3004 3005 2744
2360 5 2 1 1 2735 2996 2997 2736 2744 3005 3006 2745
2361 5 2 1 1 2737 2998 2999 2738 2746 3007 3008 2747
2362 5 2 1 1 2738 2999 3000 2739 2747 3008 3009 2748
2363 5 2 1 1 2739 3000 3001 2740 2748 3009 3010 2749
2364 5 2 1 1 2740 3001 3002 2741 2749 3010 3011 2750
2365 5 2 1 1 2741 3002 3003 2742 2750 3011 3012 2751
2366 5 2 1 1 2742 3003 3004 2743 2751 3012 3013 2752
2367 5 2 1 1 2743 3004 3005 2744 2752 3013 3014 2753
2368 5 2 1 1 2744 3005 3006 2745 2753 3014 3015 2754
2369 5 2 1 1 2746 3007 3008 2747 2755 3016 3017 2756
2370 5 2 1 1 2747 3008 3009 2748 2756 3017 3018 2757
2371 5 2 1 1 2748 3009 3010 2749 2757 3018 3019 2758
2372 5 2 1 1 2749 3010 3011 2750 2758 3019 3020 2759
2373 5 2 1 1 2750 3011 3012 2751 2759 3020 3021 2760
2374 5 2 1 1 2751 3012 3013 2752 2760 3021 3022 2761
2375 5 2 1 1 2752 3013 3014 2753 2761 3022 3023 2762
2376 5 2 1 1 2753 3014 3015 2754 2762 3023 3024 2763
2377 5 2 1 1 2755 3016 3017 2756 2764 3025 3026 2765
2378 5 2 1 1 2756 3017 3018 2757 2765 3026 3027 2766
2379 5 2 1 1 2757 3018 3019 2758 2766 3027 3028 2767
2380 5 2 1 1 2758 3019 3020 2759 2767 3028 3029 2768
2381 5 2 1 1 2759 3020 3021 2760 2768 3029 3030 2769
2382 5 2 1 1 2760 3021 3022 2761 2769 3030 3031 2770
2383 5 2 1 1 2761 3022 3023 2762 2770 3031 3032 2771
2384 5 2 1 1 2762 3023 3024 2763 2771 3032 3033 2772
2385 5 2 1 1 2764 3025 3026 2765 2773 3034 3035 2774
2386 5 2 1 1 2765 3026 3027 2766 2774 3035 3036 2775
2387 5 2 1 1 2766 3027 3028 2767 2775 3036 3037 2776
2388 5 2 1 1 2767 3028 3029 2768 2776 3037 3038 2777
2389 5 2 1 1 2768 3029 3030 2769 2777 3038 3039 2778
2390 5 2 1 1 2769 3030 3031 2770 2778 3039 3040 2779
2391 5 2 1 1 2770 3031 3032 2771 2779 3040 3041 2780
2392 5 2 1 1 2771 3032 3033 2772 2780 3041 3042 2781
2393 5 2 1 1 2773 3034 3035 2774 2782 3043 3044 2783
2394 5 2 1 1 2774 3035 3036 2775 2783 3044 3045 2784
2395 5 2 1 1 2775 3036 3037 2776 2784 3045 3046 2785
2396 5 2 1 1 2776 3037 3038 2777 2785 3046 3047 2786
2397 5 2 1 1 2777 3038 3039 2778 2786 3047 3048 2787
2398 5 2 1 1 2778 3039 3040 2779 2787 3048 3049 2788
2399 5 2 1 1 2779 3040 3041 2780 2788 3049 3050 2789
2400 5 2 1 1 2780 3041 3042 2781 2789 3050 3051 2790
2401 5 2 1 1 2782 3043 3044 2783 2791 3052 3053 2792
2402 5 2 1 1 2783 3044 3045 2784 2792 3053 3054 2793
2403 5 2 1 1 2784 3045 3046 2785 2793 3054 3055 2794
2404 5 2 1 1 2785 3046 3047 2786 2794 3055 3056 2795
2405 5 2 1 1 2786 3047 3048 2787 2795 3056 3057 2796
2406 5 2 1 1 2787 3048 3049 2788 2796 3057 3058 2797
2407 5 2 1 1 2788 3049 3050 2789 2797 3058 3059 2798
2408 5 2 1 1 2789 3050 3051 2790 2798 3059 3060 2799
2409 5 2 1 1 2791 3052 3053 2792 2800 3061 3062 2801
2410 5 2 1 1 2792 3053 3054 2793 2801 3062 3063 2802
2411 5 2 1 1 2793 3054 3055 2794 2802 3063 3064 2803
2412 5 2 1 1 2794 3055 3056 2795 2803 3064 3065 2804
2413 5 2 1 1 2795 3056 3057 2796 2804 3065 3066 2805
2414 5 2 1 1 2796 3057 3058 2797 2805 3066 3067 2806
2415 5 2 1 1 2797 3058 3059 2798 2806 3067 3068 2807
2416 5 2 1 1 2798 3059 3060 2799 2807 3068 3069 2808
2417 6 2 1 1 2809 2810 3070 2811 2812 3071
2418 6 2 1 1 2811 2812 3071 2813 2814 3072
2419 6 2 1 1 2813 2814 3072 2815 2816 3073
2420 6 2 1 1 2815 2816 3073 2817 2818 3074
2421 6 2 1 1 2817 2818 3074 2819 2820 3075
2422 6 2 1 1 2819 2820 3075 2821 2822 3076
2423 6 2 1 1 2821 2822 3076 2823 2824 3077
2424 6 2 1 1 2823 2824 3077 2825 2826 3078
2425 5 2 1 1 2810 3070 3071 2812 2827 3079 3080 2828
2426 5 2 1 1 2812 3071 3072 2814 2828 3080 3081 2829
2427 5 2 1 1 2814 3072 3073 2816 2829 3081 3082 2830
2428 5 2 1 1 2816 3073 3074 2818 2830 3082 3083 2831
2429 5 2 1 1 2818 3074 3075 2820 2831 3083 3084 2832
2430 5 2 1 1 2820 3075 3076 2822 2832 3084 3085 2833
2431 5 2 1 1 2822 3076 3077 2824 2833 3085 3086 2834
2432 5 2 1 1 2824 3077 3078 2826 2834 3086 3087 2835
2433 5 2 1 1 2827 3079 3080 2828 2836 3088 3089 2837
2434 5 2 1 1 2828 3080 3081 2829 2837 3089 3090 2838
2435 5 2 1 1 2829 3081 3082 2830 2838 3090 3091 2839
2436 5 2 1 1 2830 3082 3083 2831 2839 3091 3092 2840
2437 5 2 1 1 2831 3083 3084 2832 2840 3092 3093 2841
2438 5 2 1 1 2832 3084 3085 2833 2841 3093 3094 2842
2439 5 2 1 1 2833 3085 3086 2834 2842 3094 3095 2843
2440 5 2 1 1 2834 3086 3087 2835 2843 3095 3096 2844
2441 5 2 1 1 2836 3088 3089 2837 2845 3097 3098 2846
2442 5 2 1 1 2837 3089 3090 2838 2846 3098 3099 2847
2443 5 2 1 1 2838 3090 3091 2839 2847 3099 3100 2848
2444 5 2 1 1 2839 3091 3092 2840 2848 3100 3101 2849
2445 5 2 1 1 2840 3092 3093 2841 2849 3101 3102 2850
2446 5 2 1 1 2841 3093 3094 2842 2850 3102 3103 2851
2447 5 2 1 1 2842 3094 3095 2843 2851 3103 3104 2852
2448 5 2 1 1 2843 3095 3096 2844 2852 3104 3105 2853
2449 5 2 1 1 2845 3097 3098 2846 2854 3106 3107 2855
2450 5 2 1 1 2846 3098 3099 2847 2855 3107 3108 2856
2451 5 2 1 1 2847 3099 3100 2848 2856 3108 3109 2857
2452 5 2 1 1 2848 3100 3101 2849 2857 3109 3110 2858
2453 5 2 1 1 2849 3101 3102 2850 2858 3110 3111 2859
2454 5 2 1 1 2850 3102 3103 2851 2859 3111 3112 2860
2455 5 2 1 1 2851 3103 3104 2852 2860 3112 3113 2861
2456 5 2 1 1 2852 3104 3105 2853 2861 3113 3114 2862
2457 5 2 1 1 2854 3106 3107 2855 2863 3115 3116 2864
2458 5 2 1 1 2855 3107 3108 2856 2864 3116 3117 2865
2459 5 2 1 1 2856 3108 3109 2857 2865 3117 3118 2866
2460 5 2 1 1 2857 3109 3110 2858 2866 3118 3119 2867
2461 5 2 1 1 2858 3110 3111 2859 2867 3119 3120 2868
2462 5 2 1 1 2859 3111 3112 2860 2868 3120 3121 2869
2463 5 2 1 1 2860 3112 3113 2861 2869 3121 3122 2870
2464 5 2 1 1 2861 3113 3114 2862 2870 3122 3123 2871
2465 5 2 1 1 2863 3115 3116 2864 2872 3124 3125 2873
2466 5 2 1 1 2864 3116 3117 2865 2873 3125 3126 2874
2467 5 2 1 1 2865 3117 3118 2866 2874 3126 3127 2875
2468 5 2 1 1 2866 3118 3119 2867 2875 3127 3128 2876
2469 5 2 1 1 2867 3119 3120 2868 2876 3128 3129 2877
2470 5 2 1 1 2868 3120 3121 2869 2877 3129 3130 2878
2471 5 2 1 1 2869 3121 3122 2870 2878 3130 3131 2879
2472 5 2 1 1 2870 3122 3123 2871 2879 3131 3132 2880
2473 5 2 1 1 2872 3124 3125 2873 2881 3133 3134 2882
2474 5 2 1 1 2873 3125 3126 2874 2882 3134 3135 2883
2475 5 2 1 1 2874 3126 3127 2875 2883 3135 3136 2884
2476 5 2 1 1 2875 3127 3128 2876 2884 3136 3137 2885
2477 5 2 1 1 2876 3128 3129 2877 2885 3137 3138 2886
2478 5 2 1 1 2877 3129 3130 2878 2886 3138 3139 2887
2479 5 2 1 1 2878 3130 3131 2879 2887 3139 3140 2888
2480 5 2 1 1 2879 3131 3132 2880 2888 3140 3141 2889
2481 5 2 1 1 2881 3133 3134 2882 2890 3142 3143 2891
2482 5 2 1 1 2882 3134 3135 2883 2891 3143 3144 2892
2483 5 2 1 1 2883 3135 3136 2884 2892 3144 3145 2893
2484 5 2 1 1 2884 3136 3137 2885 2893 3145 3146 2894
2485 5 2 1 1 2885 3137 3138 2886 2894 3146 3147 2895
2486 5 2 1 1 2886 3138 3139 2887 2895 3147 3148 2896
2487 5 2 1 1 2887 3139 3140 2888 2896 3148 3149 2897
2488 5 2 1 1 2888 3140 3141 2889 2897 3149 3150 2898
2489 5 2 1 1 2890 3142 3143 2891 2899 3151 3152 2900
2490 5 2 1 1 2891 3143 3144 2892 2900 3152 3153 2901
2491 5 2 1 1 2892 3144 3145 2893 2901 3153 3154 2902
2492 5 2 1 1 2893 3145 3146 2894 2902 3154 3155 2903
2493 5 2 1 1 2894 3146 3147 2895 2903 3155 3156 2904
2494 5 2 1 1 2895 3147 3148 2896 2904 3156 3157 2905
2495 5 2 1 1 2896 3148 3149 2897 2905 3157 3158 2906
2496 5 2 1 1 2897 3149 3150 2898 2906 3158 3159 2907
2497 5 2 1 1 2899 3151 3152 2900 2908 3160 3161 2909
2498 5 2 1 1 2900 3152 3153 2901 2909 3161 3162 2910
2499 5 2 1 1 2901 3153 3154 2902 2910 3162 3163 2911
2500 5 2 1 1 2902 3154 3155 2903 2911 3163 3164 2912
2501 5 2 1 1 2903 3155 3156 2904 2912 3164 3165 2913
2502 5 2 1 1 2904 3156 3157 2905 2913 3165 3166 2914
2503 5 2 1 1 2905 3157 3158 2906 2914 3166 3167 2915
2504 5 2 1 1 2906 3158 3159 2907 2915 3167 3168 2916
2505 5 2 1 1 2908 3160 3161 2909 2917 3169 3170 2918
2506 5 2 1 1 2909 3161 3162 2910 2918 3170 3171 2919
2507 5 2 1 1 2910 3162 3163 2911 2919 3171 3172 2920
2508 5 2 1 1 2911 3163 3164 2912 2920 3172 3173 2921
2509 5 2 1 1 2912 3164 3165 2913 2921 3173 3174 2922
2510 5 2 1 1 2913 3165 3166 2914 2922 3174 3175 2923
2511 5 2 1 1 2914 3166 3167 2915 2923 3175 3176 2924
2512 5 2 1 1 2915 3167 3168 2916 2924 3176 3177 2925
2513 5 2 1 1 2917 3169 3170 2918 2926 3178 3179 2927
2514 5 2 1 1 2918 3170 3171 2919 2927 3179 3180 2928
2515 5 2 1 1 2919 3171 3172 2920 2928 3180 3181 2929
2516 5 2 1 1 2920 3172 3173 2921 2929 3181 3182 2930
2517 5 2 1 1 2921 3173 3174 2922 2930 3182 3183 2931
2518 5 2 1 1 2922 3174 3175 2923 2931 3183 3184 2932
2519 5 2 1 1 2923 3175 3176 2924 2932 3184 3185 2933
2520 5 2 1 1 2924 3176 3177 2925 2933 3185 3186 2934
2521 5 2 1 1 2926 3178 3179 2927 2935 3187 3188 2936
2522 5 2 1 1 2927 3179 3180 2928 2936 3188 3189 2937
2523 5 2 1 1 2928 3180 3181 2929 2937 3189 3190 2938
2524 5 2 1 1 2929 3181 3182 2930 2938 3190 3191 2939
2525 5 2 1 1 2930 3182 3183 2931 2939 3191 3192 2940
2526 5 2 1 1 2931 3183 3184 2932 2940 3192 3193 2941
2527 5 2 1 1 2932 3184 3185 2933 2941 3193 3194 2942
2528 5 2 1 1 2933 3185 3186 2934 2942 3194 3195 2943
2529 5 2 1 1 2935 3187 3188 2936 2944 3196 3197 2945
2530 5 2 1 1 2936 3188 3189 2937 2945 3197 3198 2946
2531 5 2 1 1 2937 3189 3190 2938 2946 3198 3199 2947
2532 5 2 1 1 2938 3190 3191 2939 2947 3199 3200 2948
2533 5 2 1 1 2939 3191 3192 2940 2948 3200 3201 2949
2534 5 2 1 1 2940 3192 3193 2941 2949 3201 3202 2950
2535 5 2 1 1 2941 3193 3194 2942 2950 3202 3203 2951
2536 5 2 1 1 2942 3194 3195 2943 2951 3203 3204 2952
2537 5 2 1 1 2944 3196 3197 2945 2953 3205 3206 2954
2538 5 2 1 1 2945 3197 3198 2946 2954 3206 3207 2955
2539 5 2 1 1 2946 3198 3199 2947 2955 3207 3208 2956
2540 5 2 1 1 2947 3199 3200 2948 2956 3208 3209 2957
2541 5 2 1 1 2948 3200 3201 2949 2957 3209 3210 2958
2542 5 2 1 1 2949 3201 3202 2950 2958 3210 3211 2959
2543 5 2 1 1 2950 3202 3203 2951 2959 3211 3212 2960
2544 5 2 1 1 2951 3203 3204 2952 2960 3212 3213 2961
2545 5 2 1 1 2953 3205 3206 2954 2962 3214 3215 2963
2546 5 2 1 1 2954 3206 3207 2955 2963 3215 3216 2964
2547 5 2 1 1 2955 3207 3208 2956 2964 3216 3217 2965
2548 5 2 1 1 2956 3208 3209 2957 2965 3217 3218 2966
2549 5 2 1 1 2957 3209 3210 2958 2966 3218 3219 2967
2550 5 2 1 1 2958 3210 3211 2959 2967 3219 3220 2968
2551 5 2 1 1 2959 3211 3212 2960 2968 3220 3221 2969
2552 5 2 1 1 2960 3212 3213 2961 2969 3221 3222 2970
2553 5 2 1 1 2962 3214 3215 2963 2971 3223 3224 2972
2554 5 2 1 1 2963 3215 3216 2964 2972 3224 3225 2973
2555 5 2 1 1 2964 3216 3217 2965 2973 3225 3226 2974
2556 5 2 1 1 2965 3217 3218 2966 2974 3226 3227 2975
2557 5 2 1 1 2966 3218 3219 2967 2975 3227 3228 2976
2558 5 2 1 1 2967 3219 3220 2968 2976 3228 3229 2977
2559 5 2 1 1 2968 3220 3221 2969 2977 3229 3230 2978
2560 5 2 1 1 2969 3221 3222 2970 2978 3230 3231 2979
2561 5 2 1 1 2971 3223 3224 2972 2980 3232 3233 2981
2562 5 2 1 1 2972 3224 3225 2973 2981 3233 3234 2982
2563 5 2 1 1 2973 3225 3226 2974 2982 3234 3235 2983
2564 5 2 1 1 2974 3226 3227 2975 2983 3235 3236 2984
2565 5 2 1 1 2975 3227 3228 2976 2984 3236 3237 2985
2566 5 2 1 1 2976 3228 3229 2977 2985 3237 3238 2986
2567 5 2 1 1 2977 3229 3230 2978 2986 3238 3239 2987
2568 5 2 1 1 2978 3230 3231 2979 2987 3239 3240 2988
2569 5 2 1 1 2980 3232 3233 2981 2989 3241 3242 2990
2570 5 2 1 1 2981 3233 3234 2982 2990 3242 3243 2991
2571 5 2 1 1 2982 3234 3235 2983 2991 3243 3244 2992
2572 5 2 1 1 2983 3235 3236 2984 2992 3244 3245 2993
2573 5 2 1 1 2984 3236 3237 2985 2993 3245 3246 2994
2574 5 2 1 1 2985 3237 3238 2986 2994 3246 3247 2995
2575 5 2 1 1 2986 3238 3239 2987 2995 3247 3248 2996
2576 5 2 1 1 2987 3239 3240 2988 2996 3248 3249 2997
2577 5 2 1 1 2989 3241 3242 2990 2998 3250 3251 2999
2578 5 2 1 1 2990 3242 3243 2991 2999 3251 3252 3000
2579 5 2 1 1 2991 3243 3244 2992 3000 3252 3253 3001
2580 5 2 1 1 2992 3244 3245 2993 3001 3253 3254 3002
2581 5 2 1 1 2993 3245 3246 2994 3002 3254 3255 3003
2582 5 2 1 1 2994 3246 3247 2995 3003 3255 3256 3004
2583 5 2 1 1 2995 3247 3248 2996 3004 3256 3257 3005
2584 5 2 1 1 2996 3248 3249 2997 3005 3257 3258 3006
2585 5 2 1 1 2998 3250 3251 2999 3007 3259 3260 3008
2586 5 2 1 1 2999 3251 3252 3000 3008 3260 3261 3009
2587 5 2 1 1 3000 3252 3253 3001 3009 3261 3262 3010
2588 5 2 1 1 3001 3253 3254 3002 3010 3262 3263 3011
2589 5 2 1 1 3002 3254 3255 3003 3011 3263 3264 3012
2590 5 2 1 1 3003 3255 3256 3004 3012 3264 3265 3013
2591 5 2 1 1 3004 3256 3257 3005 3013 3265 3266 3014
2592 5 2 1 1 3005 3257 3258 3006 3014 3266 3267 3015
2593 5 2 1 1 3007 3259 3260 3008 3016 3268 3269 3017
2594 5 2 1 1 3008 3260 3261 3009 3017 3269 3270 3018
2595 5 2 1 1 3009 3261 3262 3010 3018 3270 3271 3019
2596 5 2 1 1 3010 3262 3263 3011 3019 3271 3272 3020
2597 5 2 1 1 3011 3263 3264 3012 3020 3272 3273 3021
2598 5 2 1 1 3012 3264 3265 3013 3021 3273 3274 3022
2599 5 2 1 1 3013 3265 3266 3014 3022 3274 3275 3023
2600 5 2 1 1 3014 3266 3267 3015 3023 3275 3276 3024
2601 5 2 1 1 3016 3268 3269 3017 3025 3277 3278 3026
2602 5 2 1 1 3017 3269 3270 3018 3026 3278 3279 3027
2603 5 2 1 1 3018 3270 3271 3019 3027 3279 3280 3028
2604 5 2 1 1 3019 3271 3272 3020 3028 3280 3281 3029
2605 5 2 1 1 3020 3272 3273 3021 3029 3281 3282 3030
2606 5 2 1 1 3021 3273 3274 3022 3030 3282 3283 3031
2607 5 2 1 1 3022 3274 3275 3023 3031 3283 3284 3032
2608 5 2 1 1 3023 3275 3276 3024 3032 3284 3285 3033
2609 5 2 1 1 3025 3277 3278 3026 3034 3286 3287 3035
2610 5 2 1 1 3026 3278 3279 3027 3035 3287 3288 3036
2611 5 2 1 1 3027 3279 3280 3028 3036 3288 3289 3037
2612 5 2 1 1 3028 3280 3281 3029 3037 3289 3290 3038
2613 5 2 1 1 3029 3281 3282 3030 3038 3290 3291 3039
2614 5 2 1 1 3030 3282 3283 3031 3039 3291 3292 3040
2615 5 2 1 1 3031 3283 3284 3032 3040 3292 3293 3041
2616 5 2 1 1 3032 3284 3285 3033 3041 3293 3294 3042
2617 5 2 1 1 3034 3286 3287 3035 3043 3295 3296 3044
2618 5 2 1 1 3035 3287 3288 3036 3044 3296 3297 3045
2619 5 2 1 1 3036 3288 3289 3037 3045 3297 3298 3046
2620 5 2 1 1 3037 3289 3290 3038 3046 3298 3299 3047
2621 5 2 1 1 3038 3290 3291 3039 3047 3299 3300 3048
2622 5 2 1 1 3039 3291 3292 3040 3048 3300 3301 3049
2623 5 2 1 1 3040 3292 3293 3041 3049 3301 3302 3050
2624 5 2 1 1 3041 3293 3294 3042 3050 3302 3303 3051
2625 5 2 1 1 3043 3295 3296 3044 3052 3304 3305 3053
2626 5 2 1 1 3044 3296 3297 3045 3053 3305 3306 3054
2627 5 2 1 1 3045 3297 3298 3046 3054 3306 3307 3055
2628 5 2 1 1 3046 3298 3299 3047 3055 3307 3308 3056
2629 5 2 1 1 3047 3299 3300 3048 3056 3308 3309 3057
2630 5 2 1 1 3048 3300 3301 3049 3057 3309 3310 3058
2631 5 2 1 1 3049 3301 3302 3050 3058 3310 3311 3059
2632 5 2 1 1 3050 3302 3303 3051 3059 3311 3312 3060
2633 5 2 1 1 3052 3304 3305 3053 3061 3313 3314 3062
2634 5 2 1 1 3053 3305 3306 3054 3062 3314 3315 3063
2635 5 2 1 1 3054 3306 3307 3055 3063 3315 3316 3064
2636 5 2 1 1 3055 3307 3308 3056 3064 3316 3317 3065
2637 5 2 1 1 3056 3308 3309 3057 3065 3317 3318 3066
2638 5 2 1 1 3057 3309 3310 3058 3066 3318 3319 3067
2639 5 2 1 1 3058 3310 3311 3059 3067 3319 3320 3068
2640 5 2 1 1 3059 3311 3312 3060 3068 3320 3321 3069
2641 5 2 1 1 3070 3322 3324 3071 3079 3323 3325 3080
2642 5 2 1 1 3071 3324 3326 3072 3080 3325 3327 3081
2643 5 2 1 1 3072 3326 3328 3073 3081 3327 3329 3082
2644 5 2 1 1 3073 3328 3330 3074 3082 3329 3331 3083
2645 5 2 1 1 3074 3330 3332 3075 3083 3331 3333 3084
2646 5 2 1 1 3075 3332 3334 3076 3084 3333 3335 3085
2647 5 2 1 1 3076 3334 3336 3077 3085 3335 3337 3086
2648 5 2 1 1 3077 3336 3338 3078 3086 3337 3339 3087
2649 5 2 1 1 3079 3323 3325 3080 3088 3340 3341 3089
2650 5 2 1 1 3080 3325 3327 3081 3089 3341 3342 3090
2651 5 2 1 1 3081 3327 3329 3082 3090 3342 3343 3091
2652 5 2 1 1 3082 3329 3331 3083 3091 3343 3344 3092
2653 5 2 1 1 3083 3331 3333 3084 3092 3344 3345 3093
2654 5 2 1 1 3084 3333 3335 3085 3093 3345 3346 3094
2655 5 2 1 1 3085 3335 3337 3086 3094 3346 3347 3095
2656 5 2 1 1 3086 3337 3339 3087 3095 3347 3348 3096
2657 5 2 1 1 3088 3340 3341 3089 3097 3349 3350 3098
2658 5 2 1 1 3089 3341 3342 3090 3098 3350 3351 3099
2659 5 2 1 1 3090 3342 3343 3091 3099 3351 3352 3100
2660 5 2 1 1 3091 3343 3344 3092 3100 3352 3353 3101
2661 5 2 1 1 3092 3344 3345 3093 3101 3353 3354 3102
2662 5 2 1 1 3093 3345 3346 3094 3102 3354 3355 3103
2663 5 2 1 1 3094 3346 3347 3095 3103 3355 3356 3104
2664 5 2 1 1 3095 3347 3348 3096 3104 3356 3357 3105
2665 5 2 1 1 3097 3349 3350 3098 3106 3358 3359 3107
2666 5 2 1 1 3098 3350 3351 3099 3107 3359 3360 3108
2667 5 2 1 1 3099 3351 3352 3100 3108 3360 3361 3109
2668 5 2 1 1 3100 3352 3353 3101 3109 3361 3362 3110
2669 5 2 1 1 3101 3353 3354 3102 3110 3362 3363 3111
2670 5 2 1 1 3102 3354 3355 3103 3111 3363 3364 3112
2671 5 2 1 1 3103 3355 3356 3104 3112 3364 3365 3113
2672 5 2 1 1 3104 3356 3357 3105 3113 3365 3366 3114
2673 5 2 1 1 3106 3358 3359 3107 3115 3367 3368 3116
2674 5 2 1 1 3107 3359 3360 3108 3116 3368 3369 3117
2675 5 2 1 1 3108 3360 3361 3109 3117 3369 3370 3118
2676 5 2 1 1 3109 3361 3362 3110 3118 3370 3371 3119
2677 5 2 1 1 3110 3362 3363 3111 3119 3371 3372 3120
2678 5 2 1 1 3111 3363 3364 3112 3120 3372 3373 3121
2679 5 2 1 1 3112 3364 3365 3113 3121 3373 3374 3122
2680 5 2 1 1 3113 3365 3366 3114 3122 3374 3375 3123
2681 5 2 1 1 3115 3367 3368 3116 3124 3376 3377 3125
2682 5 2 1 1 3116 3368 3369 3117 3125 3377 3378 3126
2683 5 2 1 1 3117 3369 3370 3118 3126 3378 3379 3127
2684 5 2 1 1 3118 3370 3371 3119 3127 3379 3380 3128
2685 5 2 1 1 3119 3371 3372 3120 3128 3380 3381 3129
2686 5 2 1 1 3120 3372 3373 3121 3129 3381 3382 3130
2687 5 2 1 1 3121 3373 3374 3122 3130 3382 3383 3131
2688 5 2 1 1 3122 3374 3375 3123 3131 3383 3384 3132
2689 5 2 1 1 3124 3376 3377 3125 3133 3385 3386 3134
2690 5 2 1 1 3125 3377 3378 3126 3134 3386 3387 3135
2691 5 2 1 1 3126 3378 3379 3127 3135 3387 3388 3136
2692 5 2 1 1 3127 3379 3380 3128 3136 3388 3389 3137
2693 5 2 1 1 3128 3380 3381 3129 3137 3389 3390 3138
2694 5 2 1 1 3129 3381 3382 3130 3138 3390 3391 3139
2695 5 2 1 1 3130 3382 3383 3131 3139 3391 3392 3140
2696 5 2 1 1 3131 3383 3384 3132 3140 3392 3393 3141
2697 5 2 1 1 3133 3385 3386 3134 3142 3394 3395 3143
2698 5 2 1 1 3134 3386 3387 3135 3143 3395 3396 3144
2699 5 2 1 1 3135 3387 3388 3136 3144 3396 3397 3145
2700 5 2 1 1 3136 3388 3389 3137 3145 3397 3398 3146
2701 5 2 1 1 3137 3389 3390 3138 3146 3398 3399 3147
2702 5 2 1 1 3138 3390 3391 3139 3147 3399 3400 3148
2703 5 2 1 1 3139 3391 3392 3140 3148 3400 3401 3149
2704 5 2 1 1 3140 3392 3393 3141 3149 3401 3402 3150
2705 5 2 1 1 3142 3394 3395 3143 3151 3403 3404 3152
2706 5 2 1 1 3143 3395 3396 3144 3152 3404 3405 3153
2707 5 2 1 1 3144 3396 3397 3145 3153 3405 3406 3154
2708 5 2 1 1 3145 3397 3398 3146 3154 3406 3407 3155
2709 5 2 1 1 3146 3398 3399 3147 3155 3407 3408 3156
2710 5 2 1 1 3147 3399 3400 3148 3156 3408 3409 3157
2711 5 2 1 1 3148 3400 3401 3149 3157 3409 3410 3158
2712 5 2 1 1 3149 3401 3402 3150 3158 3410 3411 3159
2713 5 2 1 1 3151 3403 3404 3152 3160 3412 3413 3161
2714 5 2 1 1 3152 3404 3405 3153 3161 3413 3414 3162
2715 5 2 1 1 3153 3405 3406 3154 3162 3414 3415 3163
2716 5 2 1 1 3154 3406 3407 3155 3163 3415 3416 3164
2717 5 2 1 1 3155 3407 3408 3156 3164 3416 3417 3165
2718 5 2 1 1 3156 3408 3409 3157 3165 3417 3418 3166
2719 5 2 1 1 3157 3409 3410 3158 3166 3418 3419 3167
2720 5 2 1 1 3158 3410 3411 3159 3167 3419 3420 3168
2721 5 2 1 1 3160 3412 3413 3161 3169 3421 3422 3170
2722 5 2 1 1 3161 3413 3414 3162 3170 3422 3423 3171
2723 5 2 1 1 3162 3414 3415 3163 3171 3423 3424 3172
2724 5 2 1 1 3163 3415 3416 3164 3172 3424 3425 3173
2725 5 2 1 1 3164 3416 3417 3165 3173 3425 3426 3174
2726 5 2 1 1 3165 3417 3418 3166 3174 3426 3427 3175
2727 5 2 1 1 3166 3418 3419 3167 3175 3427 3428 3176
2728 5 2 1 1 3167 3419 3420 3168 3176 3428 3429 3177
2729 5 2 1 1 3169 3421 3422 3170 3178 3430 3431 3179
2730 5 2 1 1 3170 3422 3423 3171 3179 3431 3432 3180
2731 5 2 1 1 3171 3423 3424 3172 3180 3432 3433 3181
2732 5 2 1 1 3172 3424 3425 3173 3181 3433 3434 3182
2733 5 2 1 1 3173 3425 3426 3174 3182 3434 3435 3183
2734 5 2 1 1 3174 3426 3427 3175 3183 3435 3436 3184
2735 5 2 1 1 3175 3427 3428 3176 3184 3436 3437 3185
2736 5 2 1 1 3176 3428 3429 3177 3185 3437 3438 3186
2737 5 2 1 1 3178 3430 3431 3179 3187 3439 3440 3188
2738 5 2 1 1 3179 3431 3432 3180 3188 3440 3441 3189
2739 5 2 1 1 3180 3432 3433 3181 3189 3441 3442 3190
2740 5 2 1 1 3181 3433 3434 3182 3190 3442 3443 3191
2741 5 2 1 1 3182 3434 3435 3183 3191 3443 3444 3192
2742 5 2 1 1 3183 3435 3436 3184 3192 3444 3445 3193
2743 5 2 1 1 3184 3436 3437 3185 3193 3445 3446 3194
2744 5 2 1 1 3185 3437 3438 3186 3194 3446 3447 3195
2745 5 2 1 1 3187 3439 3440 3188 3196 3448 3449 3197
2746 5 2 1 1 3188 3440 3441 3189 3197 3449 3450 3198
2747 5 2 1 1 3189 3441 3442 3190 3198 3450 3451 3199
2748 5 2 1 1 3190 3442 3443 3191 3199 3451 3452 3200
2749 5 2 1 1 3191 3443 3444 3192 3200 3452 3453 3201
2750 5 2 1 1 3192 3444 3445 3193 3201 3453 3454 3202
2751 5 2 1 1 3193 3445 3446 3194 3202 3454 3455 3203
2752 5 2 1 1 3194 3446 3447 3195 3203 3455 3456 3204
2753 5 2 1 1 3196 3448 3449 3197 3205 3457 3458 3206
2754 5 2 1 1 3197 3449 3450 3198 3206 3458 3459 3207
2755 5 2 1 1 3198 3450 3451 3199 3207 3459 3460 3208
2756 5 2 1 1 3199 3451 3452 3200 3208 3460 3461 3209
2757 5 2 1 1 3200 3452 3453 3201 3209 3461 3462 3210
2758 5 2 1 1 3201 3453 3454 3202 3210 3462 3463 3211
2759 5 2 1 1 3202 3454 3455 3203 3211 3463 3464 3212
2760 5 2 1 1 3203 3455 3456 3204 3212 3464 3465 3213
2761 5 2 1 1 3205 3457 3458 3206 3214 3466 3467 3215
2762 5 2 1 1 3206 3458 3459 3207 3215 3467 3468 3216
2763 5 2 1 1 3207 3459 3460 3208 3216 3468 3469 3217
2764 5 2 1 1 3208 3460 3461 3209 3217 3469 3470 3218
2765 5 2 1 1 3209 3461 3462 3210 3218 3470 3471 3219
2766 5 2 1 1 3210 3462 3463 3211 3219 3471 3472 3220
2767 5 2 1 1 3211 3463 3464 3212 3220 3472 3473 3221
2768 5 2 1 1 3212 3464 3465 3213 3221 3473 3474 3222
2769 5 2 1 1 3214 3466 3467 3215 3223 3475 3476 3224
2770 5 2 1 1 3215 3467 3468 3216 3224 3476 3477 3225
2771 5 2 1 1 3216 3468 3469 3217 3225 3477 3478 3226
2772 5 2 1 1 3217 3469 3470 3218 3226 3478 3479 3227
2773 5 2 1 1 3218 3470 3471 3219 3227 3479 3480 3228
2774 5 2 1 1 3219 3471 3472 3220 3228 3480 3481 3229
2775 5 2 1 1 3220 3472 3473 3221 3229 3481 3482 3230
2776 5 2 1 1 3221 3473 3474 3222 3230 3482 3483 3231
2777 5 2 1 1 3223 3475 3476 3224 3232 3484 3485 3233
2778 5 2 1 1 3224 3476 3477 3225 3233 3485 3486 3234
2779 5 2 1 1 3225 3477 3478 3226 3234 3486 3487 3235
2780 5 2 1 1 3226 3478 3479 3227 3235 3487 3488 3236
2781 5 2 1 1 3227 3479 3480 3228 3236 3488 3489 3237
2782 5 2 1 1 3228 3480 3481 3229 3237 3489 3490 3238
2783 5 2 1 1 3229 3481 3482 3230 3238 3490 3491 3239
2784 5 2 1 1 3230 3482 3483 3231 3239 3491 3492 3240
2785 5 2 1 1 3232 3484 3485 3233 3241 3493 3494 3242
2786 5 2 1 1 3233 3485 3486 3234 3242 3494 3495 3243
2787 5 2 1 1 3234 3486 3487 3235 3243 3495 3496 3244
2788 5 2 1 1 3235 3487 3488 3236 3244 3496 3497 3245
2789 5 2 1 1 3236 3488 3489 3237 3245 3497 3498 3246
2790 5 2 1 1 3237 3489 3490 3238 3246 3498 3499 3247
2791 5 2 1 1 3238 3490 3491 3239 3247 3499 3500 3248
2792 5 2 1 1 3239 3491 3492 3240 3248 3500 3501 3249
2793 5 2 1 1 3241 3493 3494 3242 3250 3502 3503 3251
2794 5 2 1 1 3242 3494 3495 3243 3251 3503 3504 3252
2795 5 2 1 1 3243 3495 3496 3244 3252 3504 3505 3253
2796 5 2 1 1 3244 3496 3497 3245 3253 3505 3506 3254
2797 5 2 1 1 3245 3497 3498 3246 3254 3506 3507 3255
2798 5 2 1 1 3246 3498 3499 3247 3255 3507 3508 3256
2799 5 2 1 1 3247 3499 3500 3248 3256 3508 3509 3257
2800 5 2 1 1 3248 3500 3501 3249 3257 3509 3510 3258
2801 5 2 1 1 3250 3502 3503 3251 3259 3511 3512 3260
2802 5 2 1 1 3251 3503 3504 3252 3260 3512 3513 3261
2803 5 2 1 1 3252 3504 3505 3253 3261 3513 3514 3262
2804 5 2 1 1 3253 3505 3506 3254 3262 3514 3515 3263
2805 5 2 1 1 3254 3506 3507 3255 3263 3515 3516 3264
2806 5 2 1 1 3255 3507 3508 3256 3264 3516 3517 3265
2807 5 2 1 1 3256 3508 3509 3257 3265 3517 3518 3266
2808 5 2 1 1 3257 3509 3510 3258 3266 3518 3519 3267
2809 5 2 1 1 3259 3511 3512 3260 3268 3520 3521 3269
2810 5 2 1 1 3260 3512 3513 3261 3269 3521 3522 3270
2811 5 2 1 1 3261 3513 3514 3262 3270 3522 3523 3271
2812 5 2 1 1 3262 3514 3515 3263 3271 3523 3524 3272
2813 5 2 1 1 3263 3515 3516 3264 3272 3524 3525 3273
2814 5 2 1 1 3264 3516 3517 3265 3273 3525 3526 3274
2815 5 2 1 1 3265 3517 3518 3266 3274 3526 3527 3275
2816 5 2 1 1 3266 3518 3519 3267 3275 3527 3528 3276
2817 5 2 1 1 3268 3520 3521 3269 3277 3529 3530 3278
2818 5 2 1 1 3269 3521 3522 3270 3278 3530 3531 3279
2819 5 2 1 1 3270 3522 3523 3271 3279 3531 3532 3280
2820 5 2 1 1 3271 3523 3524 3272 3280 3532 3533 3281
2821 5 2 1 1 3272 3524 3525 3273 3281 3533 3534 3282
2822 5 2 1 1 3273 3525 3526 3274 3282 3534 3535 3283
2823 5 2 1 1 3274 3526 3527 3275 3283 3535 3536 3284
2824 5 2 1 1 3275 3527 3528 3276 3284 3536 3537 3285
2825 5 2 1 1 3277 3529 3530 3278 3286 3538 3539 3287
2826 5 2 1 1 3278 3530 3531 3279 3287 3539 3540 3288
2827 5 2 1 1 3279 3531 3532 3280 3288 3540 3541 3289
2828 5 2 1 1 3280 3532 3533 3281 3289 3541 3542 3290
2829 5 2 1 1 3281 3533 3534 3282 3290 3542 3543 3291
2830 5 2 1 1 3282 3534 3535 3283 3291 3543 3544 3292
2831 5 2 1 1 3283 3535 3536 3284 3292 3544 3545 3293
2832 5 2 1 1 3284 3536 3537 3285 3293 3545 3546 3294
2833 5 2 1 1 3286 3538 3539 3287 3295 3547 3548 3296
2834 5 2 1 1 3287 3539 3540 3288 3296 3548 3549 3297
2835 5 2 1 1 3288 3540 3541 3289 3297 3549 3550 3298
2836 5 2 1 1 3289 3541 3542 3290 3298 3550 3551 3299
2837 5 2 1 1 3290 3542 3543 3291 3299 3551 3552 3300
2838 5 2 1 1 3291 3543 3544 3292 3300 3552 3553 3301
2839 5 2 1 1 3292 3544 3545 3293 3301 3553 3554 3302
2840 5 2 1 1 3293 3545 3546 3294 3302 3554 3555 3303
2841 5 2 1 1 3295 3547 3548 3296 3304 3556 3557 3305
2842 5 2 1 1 3296 3548 3549 3297 3305 3557 3558 3306
2843 5 2 1 1 3297 3549 3550 3298 3306 3558 3559 3307
2844 5 2 1 1 3298 3550 3551 3299 3307 3559 3560 3308
2845 5 2 1 1 3299 3551 3552 3300 3308 3560 3561 3309
2846 5 2 1 1 3300 3552 3553 3301 3309 3561 3562 3310
2847 5 2 1 1 3301 3553 3554 3302 3310 3562 3563 3311
2848 5 2 1 1 3302 3554 3555 3303 3311 3563 3564 3312
2849 5 2 1 1 3304 3556 3557 3305 3313 3565 3566 3314
2850 5 2 1 1 3305 3557 3558 3306 3314 3566 3567 3315
2851 5 2 1 1 3306 3558 3559 3307 3315 3567 3568 3316
2852 5 2 1 1 3307 3559 3560 3308 3316 3568 3569 3317
2853 5 2 1 1 3308 3560 3561 3309 3317 3569 3570 3318
2854 5 2 1 1 3309 3561 3562 3310 3318 3570 3571 3319
2855 5 2 1 1 3310 3562 3563 3311 3319 3571 3572 3320
2856 5 2 1 1 3311 3563 3564 3312 3320 3572 3573 3321
2857 6 2 1 1 3322 3323 3574 3324 3325 3575
2858 6 2 1 1 3324 3325 3575 3326 3327 3576
2859 6 2 1 1 3326 3327 3576 3328 3329 3577
2860 6 2 1 1 3328 3329 3577 3330 3331 3578
2861 6 2 1 1 3330 3331 3578 3332 3333 3579
2862 6 2 1 1 3332 3333 3579 3334 3335 3580
2863 6 2 1 1 3334 3335 3580 3336 3337 3581
2864 6 2 1 1 3336 3337 3581 3338 3339 3582
2865 5 2 1 1 3323 3574 3575 3325 3340 3583 3584 3341
2866 5 2 1 1 3325 3575 3576 3327 3341 3584 3585 3342
2867 5 2 1 1 3327 3576 3577 3329 3342 3585 3586 3343
2868 5 2 1 1 3329 3577 3578 3331 3343 3586 3587 3344
2869 5 2 1 1 3331 3578 3579 3333 3344 3587 3588 3345
2870 5 2 1 1 3333 3579 3580 3335 3345 3588 3589 3346
2871 5 2 1 1 3335 3580 3581 3337 3346 3589 3590 3347
2872 5 2 1 1 3337 3581 3582 3339 3347 3590 3591 3348
2873 5 2 1 1 3340 3583 3584 3341 3349 3592 3593 3350
2874 5 2 1 1 3341 3584 3585 3342 3350 3593 3594 3351
2875 5 2 1 1 3342 3585 3586 3343 3351 3594 3595 3352
2876 5 2 1 1 3343 3586 3587 3344 3352 3595 3596 3353
2877 5 2 1 1 3344 3587 3588 3345 3353 3596 3597 3354
2878 5 2 1 1 3345 3588 3589 3346 3354 3597 3598 3355
2879 5 2 1 1 3346 3589 3590 3347 3355 3598 3599 3356
2880 5 2 1 1 3347 3590 3591 3348 3356 3599 3600 3357
2881 5 2 1 1 3349 3592 3593 3350 3358 3601 3602 3359
2882 5 2 1 1 3350 3593 3594 3351 3359 3602 3603 3360
2883 5 2 1 1 3351 3594 3595 3352 3360 3603 3604 3361
2884 5 2 1 1 3352 3595 3596 3353 3361 3604 3605 3362
2885 5 2 1 1 3353 3596 3597 3354 3362 3605 3606 3363
2886 5 2 1 1 3354 3597 3598 3355 3363 3606 3607 3364
2887 5 2 1 1 3355 3598 3599 3356 3364 3607 3608 3365
2888 5 2 1 1 3356 3599 3600 3357 3365 3608 3609 3366
2889 5 2 1 1 3358 3601 3602 3359 3367 3610 3611 3368
2890 5 2 1 1 3359 3602 3603 3360 3368 3611 3612 3369
2891 5 2 1 1 3360 3603 3604 3361 3369 3612 3613 3370
2892 5 2 1 1 3361 3604 3605 3362 3370 3613 3614 3371
2893 5 2 1 1 3362 3605 3606 3363 3371 3614 3615 3372
2894 5 2 1 1 3363 3606 3607 3364 3372 3615 3616 3373
2895 5 2 1 1 3364 3607 3608 3365 3373 3616 3617 3374
2896 5 2 1 1 3365 3608 3609 3366 3374 3617 3618 3375
2897 5 2 1 1 3367 3610 3611 3368 3376 3619 3620 3377
2898 5 2 1 1 3368 3611 3612 3369 3377 3620 3621 3378
2899 5 2 1 1 3369 3612 3613 3370 3378 3621 3622 3379
2900 5 2 1 1 3370 3613 3614 3371 3379 3622 3623 3380
2901 5 2 1 1 3371 3614 3615 3372 3380 3623 3624 3381
2902 5 2 1 1 3372 3615 3616 3373 3381 3624 3625 3382
2903 5 2 1 1 3373 3616 3617 3374 3382 3625 3626 3383
2904 5 2 1 1 3374 3617 3618 3375 3383 3626 3627 3384
2905 5 2 1 1 3376 3619 3620 3377 3385 3628 3629 3386
2906 5 2 1 1 3377 3620 3621 3378 3386 3629 3630 3387
2907 5 2 1 1 3378 3621 3622 3379 3387 3630 3631 3388
2908 5 2 1 1 3379 3622 3623 3380 3388 3631 3632 3389
2909 5 2 1 1 3380 3623 3624 3381 3389 3632 3633 3390
2910 5 2 1 1 3381 3624 3625 3382 3390 3633 3634 3391
2911 5 2 1 1 3382 3625 3626 3383 3391 3634 3635 3392
2912 5 2 1 1 3383 3626 3627 3384 3392 3635 3636 3393
2913 5 2 1 1 3385 3628 3629 3386 3394 3637 3638 3395
2914 5 2 1 1 3386 3629 3630 3387 3395 3638 3639 3396
2915 5 2 1 1 3387 3630 3631 3388 3396 3639 3640 3397
2916 5 2 1 1 3388 3631 3632 3389 3397 3640 3641 3398
2917 5 2 1 1 3389 3632 3633 3390 3398 3641 3642 3399
2918 5 2 1 1 3390 3633 3634 3391 3399 3642 3643 3400
2919 5 2 1 1 3391 3634 3635 3392 3400 3643 3644 3401
2920 5 2 1 1 3392 3635 3636 3393 3401 3644 3645 3402
2921 5 2 1 1 3394 3637 3638 3395 3403 3646 3647 3404
2922 5 2 1 1 3395 3638 3639 3396 3404 3647 3648 3405
2923 5 2 1 1 3396 3639 3640 3397 3405 3648 3649 3406
2924 5 2 1 1 3397 3640 3641 3398 3406 3649 3650 3407
2925 5 2 1 1 3398 3641 3642 3399 3407 3650 3651 3408
2926 5 2 1 1 3399 3642 3643 3400 3408 3651 3652 3409
2927 5 2 1 1 3400 3643 3644 3401 3409 3652 3653 3410
2928 5 2 1 1 3401 3644 3645 3402 3410 3653 3654 3411
2929 5 2 1 1 3403 3646 3647 3404 3412 3655 3656 3413
2930 5 2 1 1 3404 3647 3648 3405 3413 3656 3657 3414
2931 5 2 1 1 3405 3648 3649 3406 3414 3657 3658 3415
2932 5 2 1 1 3406 3649 3650 3407 3415 3658 3659 3416
2933 5 2 1 1 3407 3650 3651 3408 3416 3659 3660 3417
2934 5 2 1 1 3408 3651 3652 3409 3417 3660 3661 3418
2935 5 2 1 1 3409 3652 3653 3410 3418 3661 3662 3419
2936 5 2 1 1 3410 3653 3654 3411 3419 3662 3663 3420
2937 5 2 1 1 3412 3655 3656 3413 3421 3664 3665 3422
2938 5 2 1 1 3413 3656 3657 3414 3422 3665 3666 3423
2939 5 2 1 1 3414 3657 3658 3415 3423 3666 3667 3424
2940 5 2 1 1 3415 3658 3659 3416 3424 3667 3668 3425
2941 5 2 1 1 3416 3659 3660 3417 3425 3668 3669 3426
2942 5 2 1 1 3417 3660 3661 3418 3426 3669 3670 3427
2943 5 2 1 1 3418 3661 3662 3419 3427 3670 3671 3428
2944 5 2 1 1 3419 3662 3663 3420 3428 3671 3672 3429
2945 5 2 1 1 3421 3664 3665 3422 3430 3673 3674 3431
2946 5 2 1 1 3422 3665 3666 3423 3431 3674 3675 3432
2947 5 2 1 1 3423 3666 3667 3424 3432 3675 3676 3433
2948 5 2 1 1 3424 3667 3668 3425 3433 3676 3677 3434
2949 5 2 1 1 3425 3668 3669 3426 3434 3677 3678 3435
2950 5 2 1 1 3426 3669 3670 3427 3435 3678 3679 3436
2951 5 2 1 1 3427 3670 3671 3428 3436 3679 3680 3437
2952 5 2 1 1 3428 3671 3672 3429 3437 3680 3681 3438
2953 5 2 1 1 3430 3673 3674 3431 3439 3682 3683 3440
2954 5 2 1 1 3431 3674 3675 3432 3440 3683 3684 3441
2955 5 2 1 1 3432 3675 3676 3433 3441 3684 3685 3442
2956 5 2 1 1 3433 3676 3677 3434 3442 3685 3686 3443
2957 5 2 1 1 3434 3677 3678 3435 3443 3686 3687 3444
2958 5 2 1 1 3435 3678 3679 3436 3444 3687 3688 3445
2959 5 2 1 1 3436 3679 3680 3437 3445 3688 3689 3446
2960 5 2 1 1 3437 3680 3681 3438 3446 3689 3690 3447
2961 5 2 1 1 3439 3682 3683 3440 3448 3691 3692 3449
2962 5 2 1 1 3440 3683 3684 3441 3449 3692 3693 3450
2963 5 2 1 1 3441 3684 3685 3442 3450 3693 3694 3451
2964 5 2 1 1 3442 3685 3686 3443 3451 3694 3695 3452
2965 5 2 1 1 3443 3686 3687 3444 3452 3695 3696 3453
2966 5 2 1 1 3444 3687 3688 3445 3453 3696 3697 3454
2967 5 2 1 1 3445 3688 3689 3446 3454 3697 3698 3455
2968 5 2 1 1 3446 3689 3690 3447 3455 3698 3699 3456
2969 5 2 1 1 3448 3691 3692 3449 3457 3700 3701 3458
2970 5 2 1 1 3449 3692 3693 3450 3458 3701 3702 3459
2971 5 2 1 1 3450 3693 3694 3451 3459 3702 3703 3460
2972 5 2 1 1 3451 3694 3695 3452 3460 3703 3704 3461
2973 5 2 1 1 3452 3695 3696 3453 3461 3704 3705 3462
2974 5 2 1 1 3453 3696 3697 3454 3462 3705 3706 3463
2975 5 2 1 1 3454 3697 3698 3455 3463 3706 3707 3464
2976 5 2 1 1 3455 3698 3699 3456 3464 3707 3708 3465
2977 5 2 1 1 3457 3700 3701 3458 3466 3709 3710 3467
2978 5 2 1 1 3458 3701 3702 3459 3467 3710 3711 3468
2979 5 2 1 1 3459 3702 3703 3460 3468 3711 3712 3469
2980 5 2 1 1 3460 3703 3704 3461 3469 3712 3713 3470
2981 5 2 1 1 3461 3704 3705 3462 3470 3713 3714 3471
2982 5 2 1 1 3462 3705 3706 3463 3471 3714 3715 3472
2983 5 2 1 1 3463 3706 3707 3464 3472 3715 3716 3473
2984 5 2 1 1 3464 3707 3708 3465 3473 3716 3717 3474
2985 5 2 1 1 3466 3709 3710 3467 3475 3718 3719 3476
2986 5 2 1 1 3467 3710 3711 3468 3476 3719 3720 3477
2987 5 2 1 1 3468 3711 3712 3469 3477 3720 3721 3478
2988 5 2 1 1 3469 3712 3713 3470 3478 3721 3722 3479
2989 5 2 1 1 3470 3713 3714 3471 3479 3722 3723 3480
2990 5 2 1 1 3471 3714 3715 3472 3480 3723 3724 3481
2991 5 2 1 1 3472 3715 3716 3473 3481 3724 3725 3482
2992 5 2 1 1 3473 3716 3717 3474 3482 3725 3726 3483
2993 5 2 1 1 3475 3718 3719 3476 3484 3727 3728 3485
2994 5 2 1 1 3476 3719 3720 3477 3485 3728 3729 3486
2995 5 2 1 1 3477 3720 3721 3478 3486 3729 3730 3487
2996 5 2 1 1 3478 3721 3722 3479 3487 3730 3731 3488
2997 5 2 1 1 3479 3722 3723 3480 3488 3731 3732 3489
2998 5 2 1 1 3480 3723 3724 3481 3489 3732 3733 3490
2999 5 2 1 1 3481 3724 3725 3482 3490 3733 3734 3491
3000 5 2 1 1 3482 3725 3726 3483 3491 3734 3735 3492
3001 5 2 1 1 3484 3727 3728 3485 3493 3736 3737 3494
3002 5 2 1 1 3485 3728 3729 3486 3494 3737 3738 3495
3003 5 2 1 1 3486 3729 3730 3487 3495 3738 3739 3496
3004 5 2 1 1 3487 3730 3731 3488 3496 3739 3740 3497
3005 5 2 1 1 3488 3731 3732 3489 3497 3740 3741 3498
3006 5 2 1 1 3489 3732 3733 3490 3498 3741 3742 3499
3007 5 2 1 1 3490 3733 3734 3491 3499 3742 3743 3500
3008 5 2 1 1 3491 3734 3735 3492 3500 3743 3744 3501
3009 5 2 1 1 3493 3736 3737 3494 3502 3745 3746 3503
3010 5 2 1 1 3494 3737 3738 3495 3503 3746 3747 3504
3011 5 2 1 1 3495 3738 3739 3496 3504 3747 3748 3505
3012 5 2 1 1 3496 3739 3740 3497 3505 3748 3749 3506
3013 5 2 1 1 3497 3740 3741 3498 3506 3749 3750 3507
3014 5 2 1 1 3498 3741 3742 3499 3507 3750 3751 3508
3015 5 2 1 1 3499 3742 3743 3500 3508 3751 3752 3509
3016 5 2 1 1 3500 3743 3744 3501 3509 3752 3753 3510
3017 5 2 1 1 3502 3745 3746 3503 3511 3754 3755 3512
3018 5 2 1 1 3503 3746 3747 3504 3512 3755 3756 3513
3019 5 2 1 1 3504 3747 3748 3505 3513 3756 3757 3514
3020 5 2 1 1 3505 3748 3749 3506 3514 3757 3758 3515
3021 5 2 1 1 3506 3749 3750 3507 3515 3758 3759 3516
3022 5 2 1 1 3507 3750 3751 3508 3516 3759 3760 3517
3023 5 2 1 1 3508 3751 3752 3509 3517 3760 3761 3518
3024 5 2 1 1 3509 3752 3753 3510 3518 3761 3762 3519
3025 5 2 1 1 3511 3754 3755 3512 3520 3763 3764 3521
3026 5 2 1 1 3512 3755 3756 3513 3521 3764 3765 3522
3027 5 2 1 1 3513 3756 3757 3514 3522 3765 3766 3523
3028 5 2 1 1 3514 3757 3758 3515 3523 3766 3767 3524
3029 5 2 1 1 3515 3758 3759 3516 3524 3767 3768 3525
3030 5 2 1 1 3516 3759 3760 3517 3525 3768 3769 3526
3031 5 2 1 1 3517 3760 3761 3518 3526 3769 3770 3527
3032 5 2 1 1 3518 3761 3762 3519 3527 3770 3771 3528
3033 5 2 1 1 3520 3763 3764 3521 3529 3772 3773 3530
3034 5 2 1 1 3521 3764 3765 3522 3530 3773 3774 3531
3035 5 2 1 1 3522 3765 3766 3523 3531 3774 3775 3532
3036 5 2 1 1 3523 3766 3767 3524 3532 3775 3776 3533
3037 5 2 1 1 3524 3767 3768 3525 3533 3776 3777 3534
3038 5 2 1 1 3525 3768 3769 3526 3534 3777 3778 3535
3039 5 2 1 1 3526 3769 3770 3527 3535 3778 3779 3536
3040 5 2 1 1 3527 3770 3771 3528 3536 3779 3780 3537
3041 5 2 1 1 3529 3772 3773 3530 3538 3781 3782 3539
3042 5 2 1 1 3530 3773 3774 3531 3539 3782 3783 3540
3043 5 2 1 1 3531 3774 3775 3532 3540 3783 3784 3541
3044 5 2 1 1 3532 3775 3776 3533 3541 3784 3785 3542
3045 5 2 1 1 3533 3776 3777 3534 3542 3785 3786 3543
3046 5 2 1 1 3534 3777 3778 3535 3543 3786 3787 3544
3047 5 2 1 1 3535 3778 3779 3536 3544 3787 3788 3545
3048 5 2 1 1 3536 3779 3780 3537 3545 3788 3789 3546
3049 5 2 1 1 3538 3781 3782 3539 3547 3790 3791 3548
3050 5 2 1 1 3539 3782 3783 3540 3548 3791 3792 3549
3051 5 2 1 1 3540 3783 3784 3541 3549 3792 3793 3550
3052 5 2 1 1 3541 3784 3785 3542 3550 3793 3794 3551
3053 5 2 1 1 3542 3785 3786 3543 3551 3794 3795 3552
3054 5 2 1 1 3543 3786 3787 3544 3552 3795 3796 3553
3055 5 2 1 1 3544 3787 3788 3545 3553 3796 3797 3554
3056 5 2 1 1 3545 3788 3789 3546 3554 3797 3798 3555
3057 5 2 1 1 3547 3790 3791 3548 3556 3799 3800 3557
3058 5 2 1 1 3548 3791 3792 3549 3557 3800 3801 3558
3059 5 2 1 1 3549 3792 3793 3550 3558 3801 3802 3559
3060 5 2 1 1 3550 3793 3794 3551 3559 3802 3803 3560
3061 5 2 1 1 3551 3794 3795 3552 3560 3803 3804 3561
3062 5 2 1 1 3552 3795 3796 3553 3561 3804 3805 3562
3063 5 2 1 1 3553 3796 3797 3554 3562 3805 3806 3563
3064 5 2 1 1 3554 3797 3798 3555 3563 3806 3807 3564
3065 5 2 1 1 3556 3799 3800 3557 3565 3808 3809 3566
3066 5 2 1 1 3557 3800 3801 3558 3566 3809 3810 3567
3067 5 2 1 1 3558 3801 3802 3559 3567 3810 3811 3568
3068 5 2 1 1 3559 3802 3803 3560 3568 3811 3812 3569
3069 5 2 1 1 3560 3803 3804 3561 3569 3812 3813 3570
3070 5 2 1 1 3561 3804 3805 3562 3570 3813 3814 3571
3071 5 2 1 1 3562 3805 3806 3563 3571 3814 3815 3572
3072 5 2 1 1 3563 3806 3807 3564 3572 3815 3816 3573
3073 5 2 1 1 3574 3817 3819 3575 3583 3818 3820 3584
3074 5 2 1 1 3575 3819 3821 3576 3584 3820 3822 3585
3075 5 2 1 1 3576 3821 3823 3577 3585 3822 3824 3586
3076 5 2 1 1 3577 3823 3825 3578 3586 3824 3826 3587
3077 5 2 1 1 3578 3825 3827 3579 3587 3826 3828 3588
3078 5 2 1 1 3579 3827 3829 3580 3588 3828 3830 3589
3079 5 2 1 1 3580 3829 3831 3581 3589 3830 3832 3590
3080 5 2 1 1 3581 3831 3833 3582 3590 3832 3834 3591
3081 5 2 1 1 3583 3818 3820 3584 3592 3835 3836 3593
3082 5 2 1 1 3584 3820 3822 3585 3593 3836 3837 3594
3083 5 2 1 1 3585 3822 3824 3586 3594 3837 3838 3595
3084 5 2 1 1 3586 3824 3826 3587 3595 3838 3839 3596
3085 5 2 1 1 3587 3826 3828 3588 3596 3839 3840 3597
3086 5 2 1 1 3588 3828 3830 3589 3597 3840 3841 3598
3087 5 2 1 1 3589 3830 3832 3590 3598 3841 3842 3599
3088 5 2 1 1 3590 3832 3834 3591 3599 3842 3843 3600
3089 5 2 1 1 3592 3835 3836 3593 3601 3844 3845 3602
3090 5 2 1 1 3593 3836 3837 3594 3602 3845 3846 3603
3091 5 2 1 1 3594 3837 3838 3595 3603 3846 3847 3604
3092 5 2 1 1 3595 3838 3839 3596 3604 3847 3848 3605
3093 5 2 1 1 3596 3839 3840 3597 3605 3848 3849 3606
3094 5 2 1 1 3597 3840 3841 3598 3606 3849 3850 3607
3095 5 2 1 1 3598 3841 3842 3599 3607 3850 3851 3608
3096 5 2 1 1 3599 3842 3843 3600 3608 3851 3852 3609
3097 5 2 1 1 3601 3844 3845 3602 3610 3853 3854 3611
3098 5 2 1 1 3602 3845 3846 3603 3611 3854 3855 3612
3099 5 2 1 1 3603 3846 3847 3604 3612 3855 3856 3613
3100 5 2 1 1 3604 3847 3848 3605 3613 3856 3857 3614
3101 5 2 1 1 3605 3848 3849 3606 3614 3857 3858 3615
3102 5 2 1 1 3606 3849 3850 3607 3615 3858 3859 3616
3103 5 2 1 1 3607 3850 3851 3608 3616 3859 3860 3617
3104 5 2 1 1 3608 3851 3852 3609 3617 3860 3861 3618
3105 5 2 1 1 3610 3853 3854 3611 3619 3862 3863 3620
3106 5 2 1 1 3611 3854 3855 3612 3620 3863 3864 3621
3107 5 2 1 1 3612 3855 3856 3613 3621 3864 3865 3622
3108 5 2 1 1 3613 3856 3857 3614 3622 3865 3866 3623
3109 5 2 1 1 3614 3857 3858 3615 3623 3866 3867 3624
3110 5 2 1 1 3615 3858 3859 3616 3624 3867 3868 3625
3111 5 2 1 1 3616 3859 3860 3617 3625 3868 3869 3626
3112 5 2 1 1 3617 3860 3861 3618 3626 3869 3870 3627
3113 5 2 1 1 3619 3862 3863 3620 3628 3871 3872 3629
3114 5 2 1 1 3620 3863 3864 3621 3629 3872 3873 3630
3115 5 2 1 1 3621 3864 3865 3622 3630 3873 3874 3631
3116 5 2 1 1 3622 3865 3866 3623 3631 3874 3875 3632
3117 5 2 1 1 3623 3866 3867 3624 3632 3875 3876 3633
3118 5 2 1 1 3624 3867 3868 3625 3633 3876 3877 3634
3119 5 2 1 1 3625 3868 3869 3626 3634 3877 3878 3635
3120 5 2 1 1 3626 3869 3870 3627 3635 3878 3879 3636
3121 5 2 1 1 3628 3871 3872 3629 3637 3880 3881 3638
3122 5 2 1 1 3629 3872 3873 3630 3638 3881 3882 3639
3123 5 2 1 1 3630 3873 3874 3631 3639 3882 3883 3640
3124 5 2 1 1 3631 3874 3875 3632 3640 3883 3884 3641
3125 5 2 1 1 3632 3875 3876 3633 3641 3884 3885 3642
3126 5 2 1 1 3633 3876 3877 3634 3642 3885 3886 3643
3127 5 2 1 1 3634 3877 3878 3635 3643 3886 3887 3644
3128 5 2 1 1 3635 3878 3879 3636 3644 3887 3888 3645
3129 5 2 1 1 3637 3880 3881 3638 3646 3889 3890 3647
3130 5 2 1 1 3638 3881 3882 3639 3647 3890 3891 3648
3131 5 2 1 1 3639 3882 3883 3640 3648 3891 3892 3649
3132 5 2 1 1 3640 3883 3884 3641 3649 3892 3893 3650
3133 5 2 1 1 3641 3884 3885 3642 3650 3893 3894 3651
3134 5 2 1 1 3642 3885 3886 3643 3651 3894 3895 3652
3135 5 2 1 1 3643 3886 3887 3644 3652 3895 3896 3653
3136 5 2 1 1 3644 3887 3888 3645 3653 3896 3897 3654
3137 5 2 1 1 3646 3889 3890 3647 3655 3898 3899 3656
3138 5 2 1 1 3647 3890 3891 3648 3656 3899 3900 3657
3139 5 2 1 1 3648 3891 3892 3649 3657 3900 3901 3658
3140 5 2 1 1 3649 3892 3893 3650 3658 3901 3902 3659
3141 5 2 1 1 3650 3893 3894 3651 3659 3902 3903 3660
3142 5 2 1 1 3651 3894 3895 3652 3660 3903 3904 3661
3143 5 2 1 1 3652 3895 3896 3653 3661 3904 3905 3662
3144 5 2 1 1 3653 3896 3897 3654 3662 3905 3906 3663
3145 5 2 1 1 3655 3898 3899 3656 3664 3907 3908 3665
3146 5 2 1 1 3656 3899 3900 3657 3665 3908 3909 3666
3147 5 2 1 1 3657 3900 3901 3658 3666 3909 3910 3667
3148 5 2 1 1 3658 3901 3902 3659 3667 3910 3911 3668
3149 5 2 1 1 3659 3902 3903 3660 3668 3911 3912 3669
3150 5 2 1 1 3660 3903 3904 3661 3669 3912 3913 3670
3151 5 2 1 1 3661 3904 3905 3662 3670 3913 3914 3671
3152 5 2 1 1 3662 3905 3906 3663 3671 3914 3915 3672
3153 5 2 1 1 3664 3907 3908 3665 3673 3916 3917 3674
3154 5 2 1 1 3665 3908 3909 3666 3674 3917 3918 3675
3155 5 2 1 1 3666 3909 3910 3667 3675 3918 3919 3676
3156 5 2 1 1 3667 3910 3911 3668 3676 3919 3920 3677
3157 5 2 1 1 3668 3911 3912 3669 3677 3920 3921 3678
3158 5 2 1 1 3669 3912 3913 3670 3678 3921 3922 3679
3159 5 2 1 1 3670 3913 3914 3671 3679 3922 3923 3680
3160 5 2 1 1 3671 3914 3915 3672 3680 3923 3924 3681
3161 5 2 1 1 3673 3916 3917 3674 3682 3925 3926 3683
3162 5 2 1 1 3674 3917 3918 3675 3683 3926 3927 3684
3163 5 2 1 1 3675 3918 3919 3676 3684 3927 3928 3685
3164 5 2 1 1 3676 3919 3920 3677 3685 3928 3929 3686
3165 5 2 1 1 3677 3920 3921 3678 3686 3929 3930 3687
3166 5 2 1 1 3678 3921 3922 3679 3687 3930 3931 3688
3167 5 2 1 1 3679 3922 3923 3680 3688 3931 3932 3689
3168 5 2 1 1 3680 3923 3924 3681 3689 3932 3933 3690
3169 5 2 1 1 3682 3925 3926 3683 3691 3934 3935 3692
3170 5 2 1 1 3683 3926 3927 3684 3692 3935 3936 3693
3171 5 2 1 1 3684 3927 3928 3685 3693 3936 3937 3694
3172 5 2 1 1 3685 3928 3929 3686 3694 3937 3938 3695
3173 5 2 1 1 3686 3929 3930 3687 3695 3938 3939 3696
3174 5 2 1 1 3687 3930 3931 3688 3696 3939 3940 3697
3175 5 2 1 1 3688 3931 3932 3689 3697 3940 3941 3698
3176 5 2 1 1 3689 3932 3933 3690 3698 3941 3942 3699
3177 5 2 1 1 3691 3934 3935 3692 3700 3943 3944 3701
3178 5 2 1 1 3692 3935 3936 3693 3701 3944 3945 3702
3179 5 2 1 1 3693 3936 3937 3694 3702 3945 3946 3703
3180 5 2 1 1 3694 3937 3938 3695 3703 3946 3947 3704
3181 5 2 1 1 3695 3938 3939 3696 3704 3947 3948 3705
3182 5 2 1 1 3696 3939 3940 3697 3705 3948 3949 3706
3183 5 2 1 1 3697 3940 3941 3698 3706 3949 3950 3707
3184 5 2 1 1 3698 3941 3942 3699 3707 3950 3951 3708
3185 5 2 1 1 3700 3943 3944 3701 3709 3952 3953 3710
3186 5 2 1 1 3701 3944 3945 3702 3710 3953 3954 3711
3187 5 2 1 1 3702 3945 3946 3703 3711 3954 3955 3712
3188 5 2 1 1 3703 3946 3947 3704 3712 3955 3956 3713
3189 5 2 1 1 3704 3947 3948 3705 3713 3956 3957 3714
3190 5 2 1 1 3705 3948 3949 3706 3714 3957 3958 3715
3191 5 2 1 1 3706 3949 3950 3707 3715 3958 3959 3716
3192 5 2 1 1 3707 3950 3951 3708 3716 3959 3960 3717
3193 5 2 1 1 3709 3952 3953 3710 3718 3961 3962 3719
3194 5 2 1 1 3710 3953 3954 3711 3719 3962 3963 3720
3195 5 2 1 1 3711 3954 3955 3712 3720 3963 3964 3721
3196 5 2 1 1 3712 3955 3956 3713 3721 3964 3965 3722
3197 5 2 1 1 3713 3956 3957 3714 3722 3965 3966 3723
3198 5 2 1 1 3714 3957 3958 3715 3723 3966 3967 3724
3199 5 2 1 1 3715 3958 3959 3716 3724 3967 3968 3725
3200 5 2 1 1 3716 3959 3960 3717 3725 3968 3969 3726
3201 5 2 1 1 3718 3961 3962 3719 3727 3970 3971 3728
3202 5 2 1 1 3719 3962 3963 3720 3728 3971 3972 3729
3203 5 2 1 1 3720 3963 3964 3721 3729 3972 3973 3730
3204 5 2 1 1 3721 3964 3965 3722 3730 3973 3974 3731
3205 5 2 1 1 3722 3965 3966 3723 3731 3974 3975 3732
3206 5 2 1 1 3723 3966 3967 3724 3732 3975 3976 3733
3207 5 2 1 1 3724 3967 3968 3725 3733 3976 3977 3734
3208 5 2 1 1 3725 3968 3969 3726 3734 3977 3978 3735
3209 5 2 1 1 3727 3970 3971 3728 3736 3979 3980 3737
3210 5 2 1 1 3728 3971 3972 3729 3737 3980 3981 3738
3211 5 2 1 1 3729 3972 3973 3730 3738 3981 3982 3739
3212 5 2 1 1 3730 3973 3974 3731 3739 3982 3983 3740
3213 5 2 1 1 3731 3974 3975 3732 3740 3983 3984 3741
3214 5 2 1 1 3732 3975 3976 3733 3741 3984 3985 3742
3215 5 2 1 1 3733 3976 3977 3734 3742 3985 3986 3743
3216 5 2 1 1 3734 3977 3978 3735 3743 3986 3987 3744
3217 5 2 1 1 3736 3979 3980 3737 3745 3988 3989 3746
3218 5 2 1 1 3737 3980 3981 3738 3746 3989 3990 3747
3219 5 2 1 1 3738 3981 3982 3739 3747 3990 3991 3748
3220 5 2 1 1 3739 3982 3983 3740 3748 3991 3992 3749
3221 5 2 1 1 3740 3983 3984 3741 3749 3992 3993 3750
3222 5 2 1 1 3741 3984 3985 3742 3750 3993 3994 3751
3223 5 2 1 1 3742 3985 3986 3743 3751 3994 3995 3752
3224 5 2 1 1 3743 3986 3987 3744 3752 3995 3996 3753
3225 5 2 1 1 3745 3988 3989 3746 3754 3997 3998 3755
3226 5 2 1 1 3746 3989 3990 3747 3755 3998 3999 3756
3227 5 2 1 1 3747 3990 3991 3748 3756 3999 4000 3757
3228 5 2 1 1 3748 3991 3992 3749 3757 4000 4001 3758
3229 5 2 1 1 3749 3992 3993 3750 3758 4001 4002 3759
3230 5 2 1 1 3750 3993 3994 3751 3759 4002 4003 3760
3231 5 2 1 1 3751 3994 3995 3752 3760 4003 4004 3761
3232 5 2 1 1 3752 3995 3996 3753 3761 4004 4005 3762
3233 5 2 1 1 3754 3997 3998 3755 3763 4006 4007 3764
3234 5 2 1 1 3755 3998 3999 3756 3764 4007 4008 3765
3235 5 2 1 1 3756 3999 4000 3757 3765 4008 4009 3766
3236 5 2 1 1 3757 4000 4001 3758 3766 4009 4010 3767
3237 5 2 1 1 3758 4001 4002 3759 3767 4010 4011 3768
3238 5 2 1 1 3759 4002 4003 3760 3768 4011 4012 3769
3239 5 2 1 1 3760 4003 4004 3761 3769 4012 4013 3770
3240 5 2 1 1 3761 4004 4005 3762 3770 4013 4014 3771
3241 5 2 1 1 3763 4006 4007 3764 3772 4015 4016 3773
3242 5 2 1 1 3764 4007 4008 3765 3773 4016 4017 3774
3243 5 2 1 1 3765 4008 4009 3766 3774 4017 4018 3775
3244 5 2 1 1 3766 4009 4010 3767 3775 4018 4019 3776
3245 5 2 1 1 3767 4010 4011 3768 3776 4019 4020 3777
3246 5 2 1 1 3768 4011 4012 3769 3777 4020 4021 3778
3247 5 2 1 1 3769 4012 4013 3770 3778 4021 4022 3779
3248 5 2 1 1 3770 4013 4014 3771 3779 4022 4023 3780
3249 5 2 1 1 3772 4015 4016 3773 3781 4024 4025 3782
3250 5 2 1 1 3773 4016 4017 3774 3782 4025 4026 3783
3251 5 2 1 1 3774 4017 4018 3775 3783 4026 4027 3784
3252 5 2 1 1 3775 4018 4019 3776 3784 4027 4028 3785
3253 5 2 1 1 3776 4019 4020 3777 3785 4028 4029 3786
3254 5 2 1 1 3777 4020 4021 3778 3786 4029 4030 3787
3255 5 2 1 1 3778 4021 4022 3779 3787 4030 4031 3788
3256 5 2 1 1 3779 4022 4023 3780 3788 4031 4032 3789
3257 5 2 1 1 3781 4024 4025 3782 3790 4033 4034 3791
3258 5 2 1 1 3782 4025 4026 3783 3791 4034 4035 3792
3259 5 2 1 1 3783 4026 4027 3784 3792 4035 4036 3793
3260 5 2 1 1 3784 4027 4028 3785 3793 4036 4037 3794
3261 5 2 1 1 3785 4028 4029 3786 3794 4037 4038 3795
3262 5 2 1 1 3786 4029 4030 3787 3795 4038 4039 3796
3263 5 2 1 1 3787 4030 4031 3788 3796 4039 4040 3797
3264 5 2 1 1 3788 4031 4032 3789 3797 4040 4041 3798
3265 5 2 1 1 3790 4033 4034 3791 3799 4042 4043 3800
3266 5 2 1 1 3791 4034 4035 3792 3800 4043 4044 3801
3267 5 2 1 1 3792 4035 4036 3793 3801 4044 4045 3802
3268 5 2 1 1 3793 4036 4037 3794 3802 4045 4046 3803
3269 5 2 1 1 3794 4037 4038 3795 3803 4046 4047 3804
3270 5 2 1 1 3795 4038 4039 3796 3804 4047 4048 3805
3271 5 2 1 1 3796 4039 4040 3797 3805 4048 4049 3806
3272 5 2 1 1 3797 4040 4041 3798 3806 4049 4050 3807
3273 5 2 1 1 3799 4042 4043 3800 3808 4051 4052 3809
3274 5 2 1 1 3800 4043 4044 3801 3809 4052 4053 3810
3275 5 2 1 1 3801 4044 4045 3802 3810 4053 4054 3811
3276 5 2 1 1 3802 4045 4046 3803 3811 4054 4055 3812
3277 5 2 1 1 3803 4046 4047 3804 3812 4055 4056 3813
3278 5 2 1 1 3804 4047 4048 3805 3813 4056 4057 3814
3279 5 2 1 1 3805 4048 4049 3806 3814 4057 4058 3815
3280 5 2 1 1 3806 4049 4050 3807 3815 4058 4059 3816
3281 6 2 1 1 3817 3818 4060 3819 3820 4061
3282 6 2 1 1 3819 3820 4061 3821 3822 4062
3283 6 2 1 1 3821 3822 4062 3823 3824 4063
3284 6 2 1 1 3823 3824 4063 3825 3826 4064
3285 6 2 1 1 3825 3826 4064 3827 3828 4065
3286 6 2 1 1 3827 3828 4065 3829 3830 4066
3287 6 2 1 1 3829 3830 4066 3831 3832 4067
3288 6 2 1 1 3831 3832 4067 3833 3834 4068
3289 5 2 1 1 3818 4060 4061 3820 3835 4069 4070 3836
3290 5 2 1 1 3820 4061 4062 3822 3836 4070 4071 3837
3291 5 2 1 1 3822 4062 4063 3824 3837 4071 4072 3838
3292 5 2 1 1 3824 4063 4064 3826 3838 4072 4073 3839
3293 5 2 1 1 3826 4064 4065 3828 3839 4073 4074 3840
3294 5 2 1 1 3828 4065 4066 3830 3840 4074 4075 3841
3295 5 2 1 1 3830 4066 4067 3832 3841 4075 4076 3842
3296 5 2 1 1 3832 4067 4068 3834 3842 4076 4077 3843
3297 5 2 1 1 3835 4069 4070 3836 3844 4078 4079 3845
3298 5 2 1 1 3836 4070 4071 3837 3845 4079 4080 3846
3299 5 2 1 1 3837 4071 4072 3838 3846 4080 4081 3847
3300 5 2 1 1 3838 4072 4073 3839 3847 4081 4082 3848
3301 5 2 1 1 3839 4073 4074 3840 3848 4082 4083 3849
3302 5 2 1 1 3840 4074 4075 3841 3849 4083 4084 3850
3303 5 2 1 1 3841 4075 4076 3842 3850 4084 4085 3851
3304 5 2 1 1 3842 4076 4077 3843 3851 4085 4086 3852
3305 5 2 1 1 3844 4078 4079 3845 3853 4087 4088 3854
3306 5 2 1 1 3845 4079 4080 3846 3854 4088 4089 3855
3307 5 2 1 1 3846 4080 4081 3847 3855 4089 4090 3856
3308 5 2 1 1 3847 4081 4082 3848 3856 4090 4091 3857
3309 5 2 1 1 3848 4082 4083 3849 3857 4091 4092 3858
3310 5 2 1 1 3849 4083 4084 3850 3858 4092 4093 3859
3311 5 2 1 1 3850 4084 4085 3851 3859 4093 4094 3860
3312 5 2 1 1 3851 4085 4086 3852 3860 4094 4095 3861
3313 5 2 1 1 3853 4087 4088 3854 3862 4096 4097 3863
3314 5 2 1 1 3854 4088 4089 3855 3863 4097 4098 3864
3315 5 2 1 1 3855 4089 4090 3856 3864 4098 4099 3865
3316 5 2 1 1 3856 4090 4091 3857 3865 4099 4100 3866
3317 5 2 1 1 3857 4091 4092 3858 3866 4100 4101 3867
3318 5 2 1 1 3858 4092 4093 3859 3867 4101 4102 3868
3319 5 2 1 1 3859 4093 4094 3860 3868 4102 4103 3869
3320 5 2 1 1 3860 4094 4095 3861 3869 4103 4104 3870
3321 5 2 1 1 3862 4096 4097 3863 3871 4105 4106 3872
3322 5 2 1 1 3863 4097 4098 3864 3872 4106 4107 3873
3323 5 2 1 1 3864 4098 4099 3865 3873 4107 4108 3874
3324 5 2 1 1 3865 4099 4100 3866 3874 4108 4109 3875
3325 5 2 1 1 3866 4100 4101 3867 3875 4109 4110 3876
3326 5 2 1 1 3867 4101 4102 3868 3876 4110 4111 3877
3327 5 2 1 1 3868 4102 4103 3869 3877 4111 4112 3878
3328 5 2 1 1 3869 4103 4104 3870 3878 4112 4113 3879
3329 5 2 1 1 3871 4105 4106 3872 3880 4114 4115 3881
3330 5 2 1 1 3872 4106 4107 3873 3881 4115 4116 3882
3331 5 2 1 1 3873 4107 4108 3874 3882 4116 4117 3883
3332 5 2 1 1 3874 4108 4109 3875 3883 4117 4118 3884
3333 5 2 1 1 3875 4109 4110 3876 3884 4118 4119 3885
3334 5 2 1 1 3876 4110 4111 3877 3885 4119 4120 3886
3335 5 2 1 1 3877 4111 4112 3878 3886 4120 4121 3887
3336 5 2 1 1 3878 4112 4113 3879 3887 4121 4122 3888
3337 5 2 1 1 3880 4114 4115 3881 3889 4123 4124 3890
3338 5 2 1 1 3881 4115 4116 3882 3890 4124 4125 3891
3339 5 2 1 1 3882 4116 4117 3883 3891 4125 4126 3892
3340 5 2 1 1 3883 4117 4118 3884 3892 4126 4127 3893
3341 5 2 1 1 3884 4118 4119 3885 3893 4127 4128 3894
3342 5 2 1 1 3885 4119 4120 3886 3894 4128 4129 3895
3343 5 2 1 1 3886 4120 4121 3887 3895 4129 4130 3896
3344 5 2 1 1 3887 4121 4122 3888 3896 4130 4131 3897
3345 5 2 1 1 3889 4123 4124 3890 3898 4132 4133 3899
3346 5 2 1 1 3890 4124 4125 3891 3899 4133 4134 3900
3347 5 2 1 1 3891 4125 4126 3892 3900 4134 4135 3901
3348 5 2 1 1 3892 4126 4127 3893 3901 4135 4136 3902
3349 5 2 1 1 3893 4127 4128 3894 3902 4136 4137 3903
3350 5 2 1 1 3894 4128 4129 3895 3903 4137 4138 3904
3351 5 2 1 1 3895 4129 4130 3896 3904 4138 4139 3905
3352 5 2 1 1 3896 4130 4131 3897 3905 4139 4140 3906
3353 5 2 1 1 3898 4132 4133 3899 3907 4141 4142 3908
3354 5 2 1 1 3899 4133 4134 3900 3908 4142 4143 3909
3355 5 2 1 1 3900 4134 4135 3901 3909 4143 4144 3910
3356 5 2 1 1 3901 4135 4136 3902 3910 4144 4145 3911
3357 5 2 1 1 3902 4136 4137 3903 3911 4145 4146 3912
3358 5 2 1 1 3903 4137 4138 3904 3912 4146 4147 3913
3359 5 2 1 1 3904 4138 4139 3905 3913 4147 4148 3914
3360 5 2 1 1 3905 4139 4140 3906 3914 4148 4149 3915
3361 5 2 1 1 3907 4141 4142 3908 3916 4150 4151 3917
3362 5 2 1 1 3908 4142 4143 3909 3917 4151 4152 3918
3363 5 2 1 1 3909 4143 4144 3910 3918 4152 4153 3919
3364 5 2 1 1 3910 4144 4145 3911 3919 4153 4154 3920
3365 5 2 1 1 3911 4145 4146 3912 3920 4154 4155 3921
3366 5 2 1 1 3912 4146 4147 3913 3921 4155 4156 3922
3367 5 2 1 1 3913 4147 4148 3914 3922 4156 4157 3923
3368 5 2 1 1 3914 4148 4149 3915 3923 4157 4158 3924
3369 5 2 1 1 3916 4150 4151 3917 3925 4159 4160 3926
3370 5 2 1 1 3917 4151 4152 3918 3926 4160 4161 3927
3371 5 2 1 1 3918 4152 4153 3919 3927 4161 4162 3928
3372 5 2 1 1 3919 4153 4154 3920 3928 4162 4163 3929
3373 5 2 1 1 3920 4154 4155 3921 3929 4163 4164 3930
3374 5 2 1 1 3921 4155 4156 3922 3930 4164 4165 3931
3375 5 2 1 1 3922 4156 4157 3923 3931 4165 4166 3932
3376 5 2 1 1 3923 4157 4158 3924 3932 4166 4167 3933
3377 5 2 1 1 3925 4159 4160 3926 3934 4168 4169 3935
3378 5 2 1 1 3926 4160 4161 3927 3935 4169 4170 3936
3379 5 2 1 1 3927 4161 4162 3928 3936 4170 4171 3937
3380 5 2 1 1 3928 4162 4163 3929 3937 4171 4172 3938
3381 5 2 1 1 3929 4163 4164 3930 3938 4172 4173 3939
3382 5 2 1 1 3930 4164 4165 3931 3939 4173 4174 3940
3383 5 2 1 1 3931 4165 4166 3932 3940 4174 4175 3941
3384 5 2 1 1 3932 4166 4167 3933 3941 4175 4176 3942
3385 5 2 1 1 3934 4168 4169 3935 3943 4177 4178 3944
3386 5 2 1 1 3935 4169 4170 3936 3944 4178 4179 3945
3387 5 2 1 1 3936 4170 4171 3937 3945 4179 4180 3946
3388 5 2 1 1 3937 4171 4172 3938 3946 4180 4181 3947
3389 5 2 1 1 3938 4172 4173 3939 3947 4181 4182 3948
3390 5 2 1 1 3939 4173 4174 3940 3948 4182 4183 3949
3391 5 2 1 1 3940 4174 4175 3941 3949 4183 4184 3950
3392 5 2 1 1 3941 4175 4176 3942 3950 4184 4185 3951
3393 5 2 1 1 3943 4177 4178 3944 3952 4186 4187 3953
3394 5 2 1 1 3944 4178 4179 3945 3953 4187 4188 3954
3395 5 2 1 1 3945 4179 4180 3946 3954 4188 4189 3955
3396 5 2 1 1 3946 4180 4181 3947 3955 4189 4190 3956
3397 5 2 1 1 3947 4181 4182 3948 3956 4190 4191 3957
3398 5 2 1 1 3948 4182 4183 3949 3957 4191 4192 3958
3399 5 2 1 1 3949 4183 4184 3950 3958 4192 4193 3959
3400 5 2 1 1 3950 4184 4185 3951 3959 4193 4194 3960
3401 5 2 1 1 3952 4186 4187 3953 3961 4195 4196 3962
3402 5 2 1 1 3953 4187 4188 3954 3962 4196 4197 3963
3403 5 2 1 1 3954 4188 4189 3955 3963 4197 4198 3964
3404 5 2 1 1 3955 4189 4190 3956 3964 4198 4199 3965
3405 5 2 1 1 3956 4190 4191 3957 3965 4199 4200 3966
3406 5 2 1 1 3957 4191 4192 3958 3966 4200 4201 3967
3407 5 2 1 1 3958 4192 4193 3959 3967 4201 4202 3968
3408 5 2 1 1 3959 4193 4194 3960 3968 4202 4203 3969
3409 5 2 1 1 3961 4195 4196 3962 3970 4204 4205 3971
3410 5 2 1 1 3962 4196 4197 3963 3971 4205 4206 3972
3411 5 2 1 1 3963 4197 4198 3964 3972 4206 4207 3973
3412 5 2 1 1 3964 4198 4199 3965 3973 4207 4208 3974
3413 5 2 1 1 3965 4199 4200 3966 3974 4208 4209 3975
3414 5 2 1 1 3966 4200 4201 3967 3975 4209 4210 3976
3415 5 2 1 1 3967 4201 4202 3968 3976 4210 4211 3977
3416 5 2 1 1 3968 4202 4203 3969 3977 4211 4212 3978
3417 5 2 1 1 3970 4204 4205 3971 3979 4213 4214 3980
3418 5 2 1 1 3971 4205 4206 3972 3980 4214 4215 3981
3419 5 2 1 1 3972 4206 4207 3973 3981 4215 4216 3982
3420 5 2 1 1 3973 4207 4208 3974 3982 4216 4217 3983
3421 5 2 1 1 3974 4208 4209 3975 3983 4217 4218 3984
3422 5 2 1 1 3975 4209 4210 3976 3984 4218 4219 3985
3423 5 2 1 1 3976 4210 4211 3977 3985 4219 4220 3986
3424 5 2 1 1 3977 4211 4212 3978 3986 4220 4221 3987
3425 5 2 1 1 3979 4213 4214 3980 3988 4222 4223 3989
3426 5 2 1 1 3980 4214 4215 3981 3989 4223 4224 3990
3427 5 2 1 1 3981 4215 4216 3982 3990 4224 4225 3991
3428 5 2 1 1 3982 4216 4217 3983 3991 4225 4226 3992
3429 5 2 1 1 3983 4217 4218 3984 3992 4226 4227 3993
3430 5 2 1 1 3984 4218 4219 3985 3993 4227 4228 3994
3431 5 2 1 1 3985 4219 4220 3986 3994 4228 4229 3995
3432 5 2 1 1 3986 4220 4221 3987 3995 4229 4230 3996
3433 5 2 1 1 3988 4222 4223 3989 3997 4231 4232 3998
3434 5 2 1 1 3989 4223 4224 3990 3998 4232 4233 3999
3435 5 2 1 1 3990 4224 4225 3991 3999 4233 4234 4000
3436 5 2 1 1 3991 4225 4226 3992 4000 4234 4235 4001
3437 5 2 1 1 3992 4226 4227 3993 4001 4235 4236 4002
3438 5 2 1 1 3993 4227 4228 3994 4002 4236 4237 4003
3439 5 2 1 1 3994 4228 4229 3995 4003 4237 4238 4004
3440 5 2 1 1 3995 4229 4230 3996 4004 4238 4239 4005
3441 5 2 1 1 3997 4231 4232 3998 4006 4240 4241 4007
3442 5 2 1 1 3998 4232 4233 3999 4007 4241 4242 4008
3443 5 2 1 1 3999 4233 4234 4000 4008 4242 4243 4009
3444 5 2 1 1 4000 4234 4235 4001 4009 4243 4244 4010
3445 5 2 1 1 4001 4235 4236 4002 4010 4244 4245 4011
3446 5 2 1 1 4002 4236 4237 4003 4011 4245 4246 4012
3447 5 2 1 1 4003 4237 4238 4004 4012 4246 4247 4013
3448 5 2 1 1 4004 4238 4239 4005 4013 4247 4248 4014
3449 5 2 1 1 4006 4240 4241 4007 4015 4249 4250 4016
3450 5 2 1 1 4007 4241 4242 4008 4016 4250 4251 4017
3451 5 2 1 1 4008 4242 4243 4009 4017 4251 4252 4018
3452 5 2 1 1 4009 4243 4244 4010 4018 4252 4253 4019
3453 5 2 1 1 4010 4244 4245 4011 4019 4253 4254 4020
3454 5 2 1 1 4011 4245 4246 4012 4020 4254 4255 4021
3455 5 2 1 1 4012 4246 4247 4013 4021 4255 4256 4022
3456 5 2 1 1 4013 4247 4248 4014 4022 4256 4257 4023
3457 5 2 1 1 4015 4249 4250 4016 4024 4258 4259 4025
3458 5 2 1 1 4016 4250 4251 4017 4025 4259 4260 4026
3459 5 2 1 1 4017 4251 4252 4018 4026 4260 4261 4027
3460 5 2 1 1 4018 4252 4253 4019 4027 4261 4262 4028
3461 5 2 1 1 4019 4253 4254 4020 4028 4262 4263 4029
3462 5 2 1 1 4020 4254 4255 4021 4029 4263 4264 4030
3463 5 2 1 1 4021 4255 4256 4022 4030 4264 4265 4031
3464 5 2 1 1 4022 4256 4257 4023 4031 4265 4266 4032
3465 5 2 1 1 4024 4258 4259 4025 4033 4267 4268 4034
3466 5 2 1 1 4025 4259 4260 4026 4034 4268 4269 4035
3467 5 2 1 1 4026 4260 4261 4027 4035 4269 4270 4036
3468 5 2 1 1 4027 4261 4262 4028 4036 4270 4271 4037
3469 5 2 1 1 4028 4262 4263 4029 4037 4271 4272 4038
3470 5 2 1 1 4029 4263 4264 4030 4038 4272 4273 4039
3471 5 2 1 1 4030 4264 4265 4031 4039 4273 4274 4040
3472 5 2 1 1 4031 4265 4266 4032 4040 4274 4275 4041
3473 5 2 1 1 4033 4267 4268 4034 4042 4276 4277 4043
3474 5 2 1 1 4034 4268 4269 4035 4043 4277 4278 4044
3475 5 2 1 1 4035 4269 4270 4036 4044 4278 4279 4045
3476 5 2 1 1 4036 4270 4271 4037 4045 4279 4280 4046
3477 5 2 1 1 4037 4271 4272 4038 4046 4280 4281 4047
3478 5 2 1 1 4038 4272 4273 4039 4047 4281 4282 4048
3479 5 2 1 1 4039 4273 4274 4040 4048 4282 4283 4049
3480 5 2 1 1 4040 4274 4275 4041 4049 4283 4284 4050
3481 5 2 1 1 4042 4276 4277 4043 4051 4285 4286 4052
3482 5 2 1 1 4043 4277 4278 4044 4052 4286 4287 4053
3483 5 2 1 1 4044 4278 4279 4045 4053 4287 4288 4054
3484 5 2 1 1 4045 4279 4280 4046 4054 4288 4289 4055
3485 5 2 1 1 4046 4280 4281 4047 4055 4289 4290 4056
3486 5 2 1 1 4047 4281 4282 4048 4056 4290 4291 4057
3487 5 2 1 1 4048 4282 4283 4049 4057 4291 4292 4058
3488 5 2 1 1 4049 4283 4284 4050 4058 4292 4293 4059
3489 5 2 1 1 4060 4294 4296 4061 4069 4295 4297 4070
3490 5 2 1 1 4061 4296 4298 4062 4070 4297 4299 4071
3491 5 2 1 1 4062 4298 4300 4063 4071 4299 4301 4072
3492 5 2 1 1 4063 4300 4302 4064 4072 4301 4303 4073
3493 5 2 1 1 4064 4302 4304 4065 4073 4303 4305 4074
3494 5 2 1 1 4065 4304 4306 4066 4074 4305 4307 4075
3495 5 2 1 1 4066 4306 4308 4067 4075 4307 4309 4076
3496 5 2 1 1 4067 4308 4310 4068 4076 4309 4311 4077
3497 5 2 1 1 4069 4295 4297 4070 4078 4312 4313 4079
3498 5 2 1 1 4070 4297 4299 4071 4079 4313 4314 4080
3499 5 2 1 1 4071 4299 4301 4072 4080 4314 4315 4081
3500 5 2 1 1 4072 4301 4303 4073 4081 4315 4316 4082
3501 5 2 1 1 4073 4303 4305 4074 4082 4316 4317 4083
3502 5 2 1 1 4074 4305 4307 4075 4083 4317 4318 4084
3503 5 2 1 1 4075 4307 4309 4076 4084 4318 4319 4085
3504 5 2 1 1 4076 4309 4311 4077 4085 4319 4320 4086
3505 5 2 1 1 4078 4312 4313 4079 4087 4321 4322 4088
3506 5 2 1 1 4079 4313 4314 4080 4088 4322 4323 4089
3507 5 2 1 1 4080 4314 4315 4081 4089 4323 4324 4090
3508 5 2 1 1 4081 4315 4316 4082 4090 4324 4325 4091
3509 5 2 1 1 4082 4316 4317 4083 4091 4325 4326 4092
3510 5 2 1 1 4083 4317 4318 4084 4092 4326 4327 4093
3511 5 2 1 1 4084 4318 4319 4085 4093 4327 4328 4094
3512 5 2 1 1 4085 4319 4320 4086 4094 4328 4329 4095
3513 5 2 1 1 4087 4321 4322 4088 4096 4330 4331 4097
3514 5 2 1 1 4088 4322 4323 4089 4097 4331 4332 4098
3515 5 2 1 1 4089 4323 4324 4090 4098 4332 4333 4099
3516 5 2 1 1 4090 4324 4325 4091 4099 4333 4334 4100
3517 5 2 1 1 4091 4325 4326 4092 4100 4334 4335 4101
3518 5 2 1 1 4092 4326 4327 4093 4101 4335 4336 4102
3519 5 2 1 1 4093 4327 4328 4094 4102 4336 4337 4103
3520 5 2 1 1 4094 4328 4329 4095 4103 4337 4338 4104
3521 5 2 1 1 4096 4330 4331 4097 4105 4339 4340 4106
3522 5 2 1 1 4097 4331 4332 4098 4106 4340 4341 4107
3523 5 2 1 1 4098 4332 4333 4099 4107 4341 4342 4108
3524 5 2 1 1 4099 4333 4334 4100 4108 4342 4343 4109
3525 5 2 1 1 4100 4334 4335 4101 4109 4343 4344 4110
3526 5 2 1 1 4101 4335 4336 4102 4110 4344 4345 4111
3527 5 2 1 1 4102 4336 4337 4103 4111 4345 4346 4112
3528 5 2 1 1 4103 4337 4338 4104 4112 4346 4347 4113
3529 5 2 1 1 4105 4339 4340 4106 4114 4348 4349 4115
3530 5 2 1 1 4106 4340 4341 4107 4115 4349 4350 4116
3531 5 2 1 1 4107 4341 4342 4108 4116 4350 4351 4117
3532 5 2 1 1 4108 4342 4343 4109 4117 4351 4352 4118
3533 5 2 1 1 4109 4343 4344 4110 4118 4352 4353 4119
3534 5 2 1 1 4110 4344 4345 4111 4119 4353 4354 4120
3535 5 2 1 1 4111 4345 4346 4112 4120 4354 4355 4121
3536 5 2 1 1 4112 4346 4347 4113 4121 4355 4356 4122
3537 5 2 1 1 4114 4348 4349 4115 4123 4357 4358 4124
3538 5 2 1 1 4115 4349 4350 4116 4124 4358 4359 4125
3539 5 2 1 1 4116 4350 4351 4117 4125 4359 4360 4126
3540 5 2 1 1 4117 4351 4352 4118 4126 4360 4361 4127
3541 5 2 1 1 4118 4352 4353 4119 4127 4361 4362 4128
3542 5 2 1 1 4119 4353 4354 4120 4128 4362 4363 4129
3543 5 2 1 1 4120 4354 4355 4121 4129 4363 4364 4130
3544 5 2 1 1 4121 4355 4356 4122 4130 4364 4365 4131
3545 5 2 1 1 4123 4357 4358 4124 4132 4366 4367 4133
3546 5 2 1 1 4124 4358 4359 4125 4133 4367 4368 4134
3547 5 2 1 1 4125 4359 4360 4126 4134 4368 4369 4135
3548 5 2 1 1 4126 4360 4361 4127 4135 4369 4370 4136
3549 5 2 1 1 4127 4361 4362 4128 4136 4370 4371 4137
3550 5 2 1 1 4128 4362 4363 4129 4137 4371 4372 4138
3551 5 2 1 1 4129 4363 4364 4130 4138 4372 4373 4139
3552 5 2 1 1 4130 4364 4365 4131 4139 4373 4374 4140
3553 5 2 1 1 4132 4366 4367 4133 4141 4375 4376 4142
3554 5 2 1 1 4133 4367 4368 4134 4142 4376 4377 4143
3555 5 2 1 1 4134 4368 4369 4135 4143 4377 4378 4144
3556 5 2 1 1 4135 4369 4370 4136 4144 4378 4379 4145
3557 5 2 1 1 4136 4370 4371 4137 4145 4379 4380 4146
3558 5 2 1 1 4137 4371 4372 4138 4146 4380 4381 4147
3559 5 2 1 1 4138 4372 4373 4139 4147 4381 4382 4148
3560 5 2 1 1 4139 4373 4374 4140 4148 4382 4383 4149
3561 5 2 1 1 4141 4375 4376 4142 4150 4384 4385 4151
3562 5 2 1 1 4142 4376 4377 4143 4151 4385 4386 4152
3563 5 2 1 1 4143 4377 4378 4144 4152 4386 4387 4153
3564 5 2 1 1 4144 4378 4379 4145 4153 4387 4388 4154
3565 5 2 1 1 4145 4379 4380 4146 4154 4388 4389 4155
3566 5 2 1 1 4146 4380 4381 4147 4155 4389 4390 4156
3567 5 2 1 1 4147 4381 4382 4148 4156 4390 4391 4157
3568 5 2 1 1 4148 4382 4383 4149 4157 4391 4392 4158
3569 5 2 1 1 4150 4384 4385 4151 4159 4393 4394 4160
3570 5 2 1 1 4151 4385 4386 4152 4160 4394 4395 4161
3571 5 2 1 1 4152 4386 4387 4153 4161 4395 4396 4162
3572 5 2 1 1 4153 4387 4388 4154 4162 4396 4397 4163
3573 5 2 1 1 4154 4388 4389 4155 4163 4397 4398 4164
3574 5 2 1 1 4155 4389 4390 4156 4164 4398 4399 4165
3575 5 2 1 1 4156 4390 4391 4157 4165 4399 4400 4166
3576 5 2 1 1 4157 4391 4392 4158 4166 4400 4401 4167
3577 5 2 1 1 4159 4393 4394 4160 4168 4402 4403 4169
3578 5 2 1 1 4160 4394 4395 4161 4169 4403 4404 4170
3579 5 2 1 1 4161 4395 4396 4162 4170 4404 4405 4171
3580 5 2 1 1 4162 4396 4397 4163 4171 4405 4406 4172
3581 5 2 1 1 4163 4397 4398 4164 4172 4406 4407 4173
3582 5 2 1 1 4164 4398 4399 4165 4173 4407 4408 4174
3583 5 2 1 1 4165 4399 4400 4166 4174 4408 4409 4175
3584 5 2 1 1 4166 4400 4401 4167 4175 4409 4410 4176
3585 5 2 1 1 4168 4402 4403 4169 4177 4411 4412 4178
3586 5 2 1 1 4169 4403 4404 4170 4178 4412 4413 4179
3587 5 2 1 1 4170 4404 4405 4171 4179 4413 4414 4180
3588 5 2 1 1 4171 4405 4406 4172 4180 4414 4415 4181
3589 5 2 1 1 4172 4406 4407 4173 4181 4415 4416 4182
3590 5 2 1 1 4173 4407 4408 4174 4182 4416 4417 4183
3591 5 2 1 1 4174 4408 4409 4175 4183 4417 4418 4184
3592 5 2 1 1 4175 4409 4410 4176 4184 4418 4419 4185
3593 5 2 1 1 4177 4411 4412 4178 4186 4420 4421 4187
3594 5 2 1 1 4178 4412 4413 4179 4187 4421 4422 4188
3595 5 2 1 1 4179 4413 4414 4180 4188 4422 4423 4189
3596 5 2 1 1 4180 4414 4415 4181 4189 4423 4424 4190
3597 5 2 1 1 4181 4415 4416 4182 4190 4424 4425 4191
3598 5 2 1 1 4182 4416 4417 4183 4191 4425 4426 4192
3599 5 2 1 1 4183 4417 4418 4184 4192 4426 4427 4193
3600 5 2 1 1 4184 4418 4419 4185 4193 4427 4428 4194
3601 5 2 1 1 4186 4420 4421 4187 4195 4429 4430 4196
3602 5 2 1 1 4187 4421 4422 4188 4196 4430 4431 4197
3603 5 2 1 1 4188 4422 4423 4189 4197 4431 4432 4198
3604 5 2 1 1 4189 4423 4424 4190 4198 4432 4433 4199
3605 5 2 1 1 4190 4424 4425 4191 4199 4433 4434 4200
3606 5 2 1 1 4191 4425 4426 4192 4200 4434 4435 4201
3607 5 2 1 1 4192 4426 4427 4193 4201 4435 4436 4202
3608 5 2 1 1 4193 4427 4428 4194 4202 4436 4437 4203
3609 5 2 1 1 4195 4429 4430 4196 4204 4438 4439 4205
3610 5 2 1 1 4196 4430 4431 4197 4205 4439 4440 4206
3611 5 2 1 1 4197 4431 4432 4198 4206 4440 4441 4207
3612 5 2 1 1 4198 4432 4433 4199 4207 4441 4442 4208
3613 5 2 1 1 4199 4433 4434 4200 4208 4442 4443 4209
3614 5 2 1 1 4200 4434 4435 4201 4209 4443 4444 4210
3615 5 2 1 1 4201 4435 4436 4202 4210 4444 4445 4211
3616 5 2 1 1 4202 4436 4437 4203 4211 4445 4446 4212
3617 5 2 1 1 4204 4438 4439 4205 4213 4447 4448 4214
3618 5 2 1 1 4205 4439 4440 4206 4214 4448 4449 4215
3619 5 2 1 1 4206 4440 4441 4207 4215 4449 4450 4216
3620 5 2 1 1 4207 4441 4442 4208 4216 4450 4451 4217
3621 5 2 1 1 4208 4442 4443 4209 4217 4451 4452 4218
3622 5 2 1 1 4209 4443 4444 4210 4218 4452 4453 4219
3623 5 2 1 1 4210 4444 4445 4211 4219 4453 4454 4220
3624 5 2 1 1 4211 4445 4446 4212 4220 4454 4455 4221
3625 5 2 1 1 4213 4447 4448 4214 4222 4456 4457 4223
3626 5 2 1 1 4214 4448 4449 4215 4223 4457 4458 4224
3627 5 2 1 1 4215 4449 4450 4216 4224 4458 4459 4225
3628 5 2 1 1 4216 4450 4451 4217 4225 4459 4460 4226
3629 5 2 1 1 4217 4451 4452 4218 4226 4460 4461 4227
3630 5 2 1 1 4218 4452 4453 4219 4227 4461 4462 4228
3631 5 2 1 1 4219 4453 4454 4220 4228 4462 4463 4229
3632 5 2 1 1 4220 4454 4455 4221 4229 4463 4464 4230
3633 5 2 1 1 4222 4456 4457 4223 4231 4465 4466 4232
3634 5 2 1 1 4223 4457 4458 4224 4232 4466 4467 4233
3635 5 2 1 1 4224 4458 4459 4225 4233 4467 4468 4234
3636 5 2 1 1 4225 4459 4460 4226 4234 4468 4469 4235
3637 5 2 1 1 4226 4460 4461 4227 4235 4469 4470 4236
3638 5 2 1 1 4227 4461 4462 4228 4236 4470 4471 4237
3639 5 2 1 1 4228 4462 4463 4229 4237 4471 4472 4238
3640 5 2 1 1 4229 4463 4464 4230 4238 4472 4473 4239
3641 5 2 1 1 4231 4465 4466 4232 4240 4474 4475 4241
3642 5 2 1 1 4232 4466 4467 4233 4241 4475 4476 4242
3643 5 2 1 1 4233 4467 4468 4234 4242 4476 4477 4243
3644 5 2 1 1 4234 4468 4469 4235 4243 4477 4478 4244
3645 5 2 1 1 4235 4469 4470 4236 4244 4478 4479 4245
3646 5 2 1 1 4236 4470 4471 4237 4245 4479 4480 4246
3647 5 2 1 1 4237 4471 4472 4238 4246 4480 4481 4247
3648 5 2 1 1 4238 4472 4473 4239 4247 4481 4482 4248
3649 5 2 1 1 4240 4474 4475 4241 4249 4483 4484 4250
3650 5 2 1 1 4241 4475 4476 4242 4250 4484 4485 4251
3651 5 2 1 1 4242 4476 4477 4243 4251 4485 4486 4252
3652 5 2 1 1 4243 4477 4478 4244 4252 4486 4487 4253
3653 5 2 1 1 4244 4478 4479 4245 4253 4487 4488 4254
3654 5 2 1 1 4245 4479 4480 4246 4254 4488 4489 4255
3655 5 2 1 1 4246 4480 4481 4247 4255 4489 4490 4256
3656 5 2 1 1 4247 4481 4482 4248 4256 4490 4491 4257
3657 5 2 1 1 4249 4483 4484 4250 4258 4492 4493 4259
3658 5 2 1 1 4250 4484 4485 4251 4259 4493 4494 4260
3659 5 2 1 1 4251 4485 4486 4252 4260 4494 4495 4261
3660 5 2 1 1 4252 4486 4487 4253 4261 4495 4496 4262
3661 5 2 1 1 4253 4487 4488 4254 4262 4496 4497 4263
3662 5 2 1 1 4254 4488 4489 4255 4263 4497 4498 4264
3663 5 2 1 1 4255 4489 4490 4256 4264 4498 4499 4265
3664 5 2 1 1 4256 4490 4491 4257 4265 4499 4500 4266
3665 5 2 1 1 4258 4492 4493 4259 4267 4501 4502 4268
3666 5 2 1 1 4259 4493 4494 4260 4268 4502 4503 4269
3667 5 2 1 1 4260 4494 4495 4261 4269 4503 4504 4270
3668 5 2 1 1 4261 4495 4496 4262 4270 4504 4505 4271
3669 5 2 1 1 4262 4496 4497 4263 4271 4505 4506 4272
3670 5 2 1 1 4263 4497 4498 4264 4272 4506 4507 4273
3671 5 2 1 1 4264 4498 4499 4265 4273 4507 4508 4274
3672 5 2 1 1 4265 4499 4500 4266 4274 4508 4509 4275
3673 5 2 1 1 4267 4501 4502 4268 4276 4510 4511 4277
3674 5 2 1 1 4268 4502 4503 4269 4277 4511 4512 4278
3675 5 2 1 1 4269 4503 4504 4270 4278 4512 4513 4279
3676 5 2 1 1 4270 4504 4505 4271 4279 4513 4514 4280
3677 5 2 1 1 4271 4505 4506 4272 4280 4514 4515 4281
3678 5 2 1 1 4272 4506 4507 4273 4281 4515 4516 4282
3679 5 2 1 1 4273 4507 4508 4274 4282 4516 4517 4283
3680 5 2 1 1 4274 4508 4509 4275 4283 4517 4518 4284
3681 5 2 1 1 4276 4510 4511 4277 4285 4519 4520 4286
3682 5 2 1 1 4277 4511 4512 4278 4286 4520 4521 4287
3683 5 2 1 1 4278 4512 4513 4279 4287 4521 4522 4288
3684 5 2 1 1 4279 4513 4514 4280 4288 4522 4523 4289
3685 5 2 1 1 4280 4514 4515 4281 4289 4523 4524 4290
3686 5 2 1 1 4281 4515 4516 4282 4290 4524 4525 4291
3687 5 2 1 1 4282 4516 4517 4283 4291 4525 4526 4292
3688 5 2 1 1 4283 4517 4518 4284 4292 4526 4527 4293
3689 6 2 1 1 4294 4295 4528 4296 4297 4529
3690 6 2 1 1 4296 4297 4529 4298 4299 4530
3691 6 2 1 1 4298 4299 4530 4300 4301 4531
3692 6 2 1 1 4300 4301 4531 4302 4303 4532
3693 6 2 1 1 4302 4303 4532 4304 4305 4533
3694 6 2 1 1 4304 4305 4533 4306 4307 4534
3695 6 2 1 1 4306 4307 4534 4308 4309 4535
3696 6 2 1 1 4308 4309 4535 4310 4311 4536
3697 5 2 1 1 4295 4528 4529 4297 4312 4537 4538 4313
3698 5 2 1 1 4297 4529 4530 4299 4313 4538 4539 4314
3699 5 2 1 1 4299 4530 4531 4301 4314 4539 4540 4315
3700 5 2 1 1 4301 4531 4532 4303 4315 4540 4541 4316
3701 5 2 1 1 4303 4532 4533 4305 4316 4541 4542 4317
3702 5 2 1 1 4305 4533 4534 4307 4317 4542 4543 4318
3703 5 2 1 1 4307 4534 4535 4309 4318 4543 4544 4319
3704 5 2 1 1 4309 4535 4536 4311 4319 4544 4545 4320
3705 5 2 1 1 4312 4537 4538 4313 4321 4546 4547 4322
3706 5 2 1 1 4313 4538 4539 4314 4322 4547 4548 4323
3707 5 2 1 1 4314 4539 4540 4315 4323 4548 4549 4324
3708 5 2 1 1 4315 4540 4541 4316 4324 4549 4550 4325
3709 5 2 1 1 4316 4541 4542 4317 4325 4550 4551 4326
3710 5 2 1 1 4317 4542 4543 4318 4326 4551 4552 4327
3711 5 2 1 1 4318 4543 4544 4319 4327 4552 4553 4328
3712 5 2 1 1 4319 4544 4545 4320 4328 4553 4554 4329
3713 5 2 1 1 4321 4546 4547 4322 4330 4555 4556 4331
3714 5 2 1 1 4322 4547 4548 4323 4331 4556 4557 4332
3715 5 2 1 1 4323 4548 4549 4324 4332 4557 4558 4333
3716 5 2 1 1 4324 4549 4550 4325 4333 4558 4559 4334
3717 5 2 1 1 4325 4550 4551 4326 4334 4559 4560 4335
3718 5 2 1 1 4326 4551 4552 4327 4335 4560 4561 4336
3719 5 2 1 1 4327 4552 4553 4328 4336 4561 4562 4337
3720 5 2 1 1 4328 4553 4554 4329 4337 4562 4563 4338
3721 5 2 1 1 4330 4555 4556 4331 4339 4564 4565 4340
3722 5 2 1 1 4331 4556 4557 4332 4340 4565 4566 4341
3723 5 2 1 1 4332 4557 4558 4333 4341 4566 4567 4342
3724 5 2 1 1 4333 4558 4559 4334 4342 4567 4568 4343
3725 5 2 1 1 4334 4559 4560 4335 4343 4568 4569 4344
3726 5 2 1 1 4335 4560 4561 4336 4344 4569 4570 4345
3727 5 2 1 1 4336 4561 4562 4337 4345 4570 4571 4346
3728 5 2 1 1 4337 4562 4563 4338 4346 4571 4572 4347
3729 5 2 1 1 4339 4564 4565 4340 4348 4573 4574 4349
3730 5 2 1 1 4340 4565 4566 4341 4349 4574 4575 4350
3731 5 2 1 1 4341 4566 4567 4342 4350 4575 4576 4351
3732 5 2 1 1 4342 4567 4568 4343 4351 4576 4577 4352
3733 5 2 1 1 4343 4568 4569 4344 4352 4577 4578 4353
3734 5 2 1 1 4344 4569 4570 4345 4353 4578 4579 4354
3735 5 2 1 1 4345 4570 4571 4346 4354 4579 4580 4355
3736 5 2 1 1 4346 4571 4572 4347 4355 4580 4581 4356
3737 5 2 1 1 4348 4573 4574 4349 4357 4582 4583 4358
3738 5 2 1 1 4349 4574 4575 4350 4358 4583 4584 4359
3739 5 2 1 1 4350 4575 4576 4351 4359 4584 4585 4360
3740 5 2 1 1 4351 4576 4577 4352 4360 4585 4586 4361
3741 5 2 1 1 4352 4577 4578 4353 4361 4586 4587 4362
3742 5 2 1 1 4353 4578 4579 4354 4362 4587 4588 4363
3743 5 2 1 1 4354 4579 4580 4355 4363 4588 4589 4364
3744 5 2 1 1 4355 4580 4581 4356 4364 4589 4590 4365
3745 5 2 1 1 4357 4582 4583 4358 4366 4591 4592 4367
3746 5 2 1 1 4358 4583 4584 4359 4367 4592 4593 4368
3747 5 2 1 1 4359 4584 4585 4360 4368 4593 4594 4369
3748 5 2 1 1 4360 4585 4586 4361 4369 4594 4595 4370
3749 5 2 1 1 4361 4586 4587 4362 4370 4595 4596 4371
3750 5 2 1 1 4362 4587 4588 4363 4371 4596 4597 4372
3751 5 2 1 1 4363 4588 4589 4364 4372 4597 4598 4373
3752 5 2 1 1 4364 4589 4590 4365 4373 4598 4599 4374
3753 5 2 1 1 4366 4591 4592 4367 4375 4600 4601 4376
3754 5 2 1 1 4367 4592 4593 4368 4376 4601 4602 4377
3755 5 2 1 1 4368 4593 4594 4369 4377 4602 4603 4378
3756 5 2 1 1 4369 4594 4595 4370 4378 4603 4604 4379
3757 5 2 1 1 4370 4595 4596 4371 4379 4604 4605 4380
3758 5 2 1 1 4371 4596 4597 4372 4380 4605 4606 4381
3759 5 2 1 1 4372 4597 4598 4373 4381 4606 4607 4382
3760 5 2 1 1 4373 4598 4599 4374 4382 4607 4608 4383
3761 5 2 1 1 4375 4600 4601 4376 4384 4609 4610 4385
3762 5 2 1 1 4376 4601 4602 4377 4385 4610 4611 4386
3763 5 2 1 1 4377 4602 4603 4378 4386 4611 4612 4387
3764 5 2 1 1 4378 4603 4604 4379 4387 4612 4613 4388
3765 5 2 1 1 4379 4604 4605 4380 4388 4613 4614 4389
3766 5 2 1 1 4380 4605 4606 4381 4389 4614 4615 4390
3767 5 2 1 1 4381 4606 4607 4382 4390 4615 4616 4391
3768 5 2 1 1 4382 4607 4608 4383 4391 4616 4617 4392
3769 5 2 1 1 4384 4609 4610 4385 4393 4618 4619 4394
3770 5 2 1 1 4385 4610 4611 4386 4394 4619 4620 4395
3771 5 2 1 1 4386 4611 4612 4387 4395 4620 4621 4396
3772 5 2 1 1 4387 4612 4613 4388 4396 4621 4622 4397
3773 5 2 1 1 4388 4613 4614 4389 4397 4622 4623 4398
3774 5 2 1 1 4389 4614 4615 4390 4398 4623 4624 4399
3775 5 2 1 1 4390 4615 4616 4391 4399 4624 4625 4400
3776 5 2 1 1 4391 4616 4617 4392 4400 4625 4626 4401
3777 5 2 1 1 4393 4618 4619 4394 4402 4627 4628 4403
3778 5 2 1 1 4394 4619 4620 4395 4403 4628 4629 4404
3779 5 2 1 1 4395 4620 4621 4396 4404 4629 4630 4405
3780 5 2 1 1 4396 4621 4622 4397 4405 4630 4631 4406
3781 5 2 1 1 4397 4622 4623 4398 4406 4631 4632 4407
3782 5 2 1 1 4398 4623 4624 4399 4407 4632 4633 4408
3783 5 2 1 1 4399 4624 4625 4400 4408 4633 4634 4409
3784 5 2 1 1 4400 4625 4626 4401 4409 4634 4635 4410
3785 5 2 1 1 4402 4627 4628 4403 4411 4636 4637 4412
3786 5 2 1 1 4403 4628 4629 4404 4412 4637 4638 4413
3787 5 2 1 1 4404 4629 4630 4405 4413 4638 4639 4414
3788 5 2 1 1 4405 4630 4631 4406 4414 4639 4640 4415
3789 5 2 1 1 4406 4631 4632 4407 4415 4640 4641 4416
3790 5 2 1 1 4407 4632 4633 4408 4416 4641 4642 4417
3791 5 2 1 1 4408 4633 4634 4409 4417 4642 4643 4418
3792 5 2 1 1 4409 4634 4635 4410 4418 4643 4644 4419
3793 5 2 1 1 4411 4636 4637 4412 4420 4645 4646 4421
3794 5 2 1 1 4412 4637 4638 4413 4421 4646 4647 4422
3795 5 2 1 1 4413 4638 4639 4414 4422 4647 4648 4423
3796 5 2 1 1 4414 4639 4640 4415 4423 4648 4649 4424
3797 5 2 1 1 4415 4640 4641 4416 4424 4649 4650 4425
3798 5 2 1 1 4416 4641 4642 4417 4425 4650 4651 4426
3799 5 2 1 1 4417 4642 4643 4418 4426 4651 4652 4427
3800 5 2 1 1 4418 4643 4644 4419 4427 4652 4653 4428
3801 5 2 1 1 4420 4645 4646 4421 4429 4654 4655 4430
3802 5 2 1 1 4421 4646 4647 4422 4430 4655 4656 4431
3803 5 2 1 1 4422 4647 4648 4423 4431 4656 4657 4432
3804 5 2 1 1 4423 4648 4649 4424 4432 4657 4658 4433
3805 5 2 1 1 4424 4649 4650 4425 4433 4658 4659 4434
3806 5 2 1 1 4425 4650 4651 4426 4434 4659 4660 4435
3807 5 2 1 1 4426 4651 4652 4427 4435 4660 4661 4436
3808 5 2 1 1 4427 4652 4653 4428 4436 4661 4662 4437
3809 5 2 1 1 4429 4654 4655 4430 4438 4663 4664 4439
3810 5 2 1 1 4430 4655 4656 4431 4439 4664 4665 4440
3811 5 2 1 1 4431 4656 4657 4432 4440 4665 4666 4441
3812 5 2 1 1 4432 4657 4658 4433 4441 4666 4667 4442
3813 5 2 1 1 4433 4658 4659 4434 4442 4667 4668 4443
3814 5 2 1 1 4434 4659 4660 4435 4443 4668 4669 4444
3815 5 2 1 1 4435 4660 4661 4436 4444 4669 4670 4445
3816 5 2 1 1 4436 4661 4662 4437 4445 4670 4671 4446
3817 5 2 1 1 4438 4663 4664 4439 4447 4672 4673 4448
3818 5 2 1 1 4439 4664 4665 4440 4448 4673 4674 4449
3819 5 2 1 1 4440 4665 4666 4441 4449 4674 4675 4450
3820 5 2 1 1 4441 4666 4667 4442 4450 4675 4676 4451
3821 5 2 1 1 4442 4667 4668 4443 4451 4676 4677 4452
3822 5 2 1 1 4443 4668 4669 4444 4452 4677 4678 4453
3823 5 2 1 1 4444 4669 4670 4445 4453 4678 4679 4454
3824 5 2 1 1 4445 4670 4671 4446 4454 4679 4680 4455
3825 5 2 1 1 4447 4672 4673 4448 4456 4681 4682 4457
3826 5 2 1 1 4448 4673 4674 4449 4457 4682 4683 4458
3827 5 2 1 1 4449 4674 4675 4450 4458 4683 4684 4459
3828 5 2 1 1 4450 4675 4676 4451 4459 4684 4685 4460
3829 5 2 1 1 4451 4676 4677 4452 4460 4685 4686 4461
3830 5 2 1 1 4452 4677 4678 4453 4461 4686 4687 4462
3831 5 2 1 1 4453 4678 4679 4454 4462 4687 4688 4463
3832 5 2 1 1 4454 4679 4680 4455 4463 4688 4689 4464
3833 5 2 1 1 4456 4681 4682 4457 4465 4690 4691 4466
3834 5 2 1 1 4457 4682 4683 4458 4466 4691 4692 4467
3835 5 2 1 1 4458 4683 4684 4459 4467 4692 4693 4468
3836 5 2 1 1 4459 4684 4685 4460 4468 4693 4694 4469
3837 5 2 1 1 4460 4685 4686 4461 4469 4694 4695 4470
3838 5 2 1 1 4461 4686 4687 4462 4470 4695 4696 4471
3839 5 2 1 1 4462 4687 4688 4463 4471 4696 4697 4472
3840 5 2 1 1 4463 4688 4689 4464 4472 4697 4698 4473
3841 5 2 1 1 4465 4690 4691 4466 4474 4699 4700 4475
3842 5 2 1 1 4466 4691 4692 4467 4475 4700 4701 4476
3843 5 2 1 1 4467 4692 4693 4468 4476 4701 4702 4477
3844 5 2 1 1 4468 4693 4694 4469 4477 4702 4703 4478
3845 5 2 1 1 4469 4694 4695 4470 4478 4703 4704 4479
3846 5 2 1 1 4470 4695 4696 4471 4479 4704 4705 4480
3847 5 2 1 1 4471 4696 4697 4472 4480 4705 4706 4481
3848 5 2 1 1 4472 4697 4698 4473 4481 4706 4707 4482
3849 5 2 1 1 4474 4699 4700 4475 4483 4708 4709 4484
3850 5 2 1 1 4475 4700 4701 4476 4484 4709 4710 4485
3851 5 2 1 1 4476 4701 4702 4477 4485 4710 4711 4486
3852 5 2 1 1 4477 4702 4703 4478 4486 4711 4712 4487
3853 5 2 1 1 4478 4703 4704 4479 4487 4712 4713 4488
3854 5 2 1 1 4479 4704 4705 4480 4488 4713 4714 4489
3855 5 2 1 1 4480 4705 4706 4481 4489 4714 4715 4490
3856 5 2 1 1 4481 4706 4707 4482 4490 4715 4716 4491
3857 5 2 1 1 4483 4708 4709 4484 4492 4717 4718 4493
3858 5 2 1 1 4484 4709 4710 4485 4493 4718 4719 4494
3859 5 2 1 1 4485 4710 4711 4486 4494 4719 4720 4495
3860 5 2 1 1 4486 4711 4712 4487 4495 4720 4721 4496
3861 5 2 1 1 4487 4712 4713 4488 4496 4721 4722 4497
3862 5 2 1 1 4488 4713 4714 4489 4497 4722 4723 4498
3863 5 2 1 1 4489 4714 4715 4490 4498 4723 4724 4499
3864 5 2 1 1 4490 4715 4716 4491 4499 4724 4725 4500
3865 5 2 1 1 4492 4717 4718 4493 4501 4726 4727 4502
3866 5 2 1 1 4493 4718 4719 4494 4502 4727 4728 4503
3867 5 2 1 1 4494 4719 4720 4495 4503 4728 4729 4504
3868 5 2 1 1 4495 4720 4721 4496 4504 4729 4730 4505
3869 5 2 1 1 4496 4721 4722 4497 4505 4730 4731 4506
3870 5 2 1 1 4497 4722 4723 4498 4506 4731 4732 4507
3871 5 2 1 1 4498 4723 4724 4499 4507 4732 4733 4508
3872 5 2 1 1 4499 4724 4725 4500 4508 4733 4734 4509
3873 5 2 1 1 4501 4726 4727 4502 4510 4735 4736 4511
3874 5 2 1 1 4502 4727 4728 4503 4511 4736 4737 4512
3875 5 2 1 1 4503 4728 4729 4504 4512 4737 4738 4513
3876 5 2 1 1 4504 4729 4730 4505 4513 4738 4739 4514
3877 5 2 1 1 4505 4730 4731 4506 4514 4739 4740 4515
3878 5 2 1 1 4506 4731 4732 4507 4515 4740 4741 4516
3879 5 2 1 1 4507 4732 4733 4508 4516 4741 4742 4517
3880 5 2 1 1 4508 4733 4734 4509 4517 4742 4743 4518
3881 5 2 1 1 4510 4735 4736 4511 4519 4744 4745 4520
3882 5 2 1 1 4511 4736 4737 4512 4520 4745 4746 4521
3883 5 2 1 1 4512 4737 4738 4513 4521 4746 4747 4522
3884 5 2 1 1 4513 4738 4739 4514 4522 4747 4748 4523
3885 5 2 1 1 4514 4739 4740 4515 4523 4748 4749 4524
3886 5 2 1 1 4515 4740 4741 4516 4524 4749 4750 4525
3887 5 2 1 1 4516 4741 4742 4517 4525 4750 4751 4526
3888 5 2 1 1 4517 4742 4743 4518 4526 4751 4752 4527
3889 5 2 1 1 4528 4753 4755 4529 4537 4754 4756 4538
3890 5 2 1 1 4529 4755 4757 4530 4538 4756 4758 4539
3891 5 2 1 1 4530 4757 4759 4531 4539 4758 4760 4540
3892 5 2 1 1 4531 4759 4761 4532 4540 4760 4762 4541
3893 5 2 1 1 4532 4761 4763 4533 4541 4762 4764 4542
3894 5 2 1 1 4533 4763 4765 4534 4542 4764 4766 4543
3895 5 2 1 1 4534 4765 4767 4535 4543 4766 4768 4544
3896 5 2 1 1 4535 4767 4769 4536 4544 4768 4770 4545
3897 5 2 1 1 4537 4754 4756 4538 4546 4771 4772 4547
3898 5 2 1 1 4538 4756 4758 4539 4547 4772 4773 4548
3899 5 2 1 1 4539 4758 4760 4540 4548 4773 4774 4549
3900 5 2 1 1 4540 4760 4762 4541 4549 4774 4775 4550
3901 5 2 1 1 4541 4762 4764 4542 4550 4775 4776 4551
3902 5 2 1 1 4542 4764 4766 4543 4551 4776 4777 4552
3903 5 2 1 1 4543 4766 4768 4544 4552 4777 4778 4553
3904 5 2 1 1 4544 4768 4770 4545 4553 4778 4779 4554
3905 5 2 1 1 4546 4771 4772 4547 4555 4780 4781 4556
3906 5 2 1 1 4547 4772 4773 4548 4556 4781 4782 4557
3907 5 2 1 1 4548 4773 4774 4549 4557 4782 4783 4558
3908 5 2 1 1 4549 4774 4775 4550 4558 4783 4784 4559
3909 5 2 1 1 4550 4775 4776 4551 4559 4784 4785 4560
3910 5 2 1 1 4551 4776 4777 4552 4560 4785 4786 4561
3911 5 2 1 1 4552 4777 4778 4553 4561 4786 4787 4562
3912 5 2 1 1 4553 4778 4779 4554 4562 4787 4788 4563
3913 5 2 1 1 4555 4780 4781 4556 4564 4789 4790 4565
3914 5 2 1 1 4556 4781 4782 4557 4565 4790 4791 4566
3915 5 2 1 1 4557 4782 4783 4558 4566 4791 4792 4567
3916 5 2 1 1 4558 4783 4784 4559 4567 4792 4793 4568
3917 5 2 1 1 4559 4784 4785 4560 4568 4793 4794 4569
3918 5 2 1 1 4560 4785 4786 4561 4569 4794 4795 4570
3919 5 2 1 1 4561 4786 4787 4562 4570 4795 4796 4571
3920 5 2 1 1 4562 4787 4788 4563 4571 4796 4797 4572
3921 5 2 1 1 4564 4789 4790 4565 4573 4798 4799 4574
3922 5 2 1 1 4565 4790 4791 4566 4574 4799 4800 4575
3923 5 2 1 1 4566 4791 4792 4567 4575 4800 4801 4576
3924 5 2 1 1 4567 4792 4793 4568 4576 4801 4802 4577
3925 5 2 1 1 4568 4793 4794 4569 4577 4802 4803 4578
3926 5 2 1 1 4569 4794 4795 4570 4578 4803 4804 4579
3927 5 2 1 1 4570 4795 4796 4571 4579 4804 4805 4580
3928 5 2 1 1 4571 4796 4797 4572 4580 4805 4806 4581
3929 5 2 1 1 4573 4798 4799 4574 4582 4807 4808 4583
3930 5 2 1 1 4574 4799 4800 4575 4583 4808 4809 4584
3931 5 2 1 1 4575 4800 4801 4576 4584 4809 4810 4585
3932 5 2 1 1 4576 4801 4802 4577 4585 4810 4811 4586
3933 5 2 1 1 4577 4802 4803 4578 4586 4811 4812 4587
3934 5 2 1 1 4578 4803 4804 4579 4587 4812 4813 4588
3935 5 2 1 1 4579 4804 4805 4580 4588 4813 4814 4589
3936 5 2 1 1 4580 4805 4806 4581 4589 4814 4815 4590
3937 5 2 1 1 4582 4807 4808 4583 4591 4816 4817 4592
3938 5 2 1 1 4583 4808 4809 4584 4592 4817 4818 4593
3939 5 2 1 1 4584 4809 4810 4585 4593 4818 4819 4594
3940 5 2 1 1 4585 4810 4811 4586 4594 4819 4820 4595
3941 5 2 1 1 4586 4811 4812 4587 4595 4820 4821 4596
3942 5 2 1 1 4587 4812 4813 4588 4596 4821 4822 4597
3943 5 2 1 1 4588 4813 4814 4589 4597 4822 4823 4598
3944 5 2 1 1 4589 4814 4815 4590 4598 4823 4824 4599
3945 5 2 1 1 4591 4816 4817 4592 4600 4825 4826 4601
3946 5 2 1 1 4592 4817 4818 4593 4601 4826 4827 4602
3947 5 2 1 1 4593 4818 4819 4594 4602 4827 4828 4603
3948 5 2 1 1 4594 4819 4820 4595 4603 4828 4829 4604
3949 5 2 1 1 4595 4820 4821 4596 4604 4829 4830 4605
3950 5 2 1 1 4596 4821 4822 4597 4605 4830 4831 4606
3951 5 2 1 1 4597 4822 4823 4598 4606 4831 4832 4607
3952 5 2 1 1 4598 4823 4824 4599 4607 4832 4833 4608
3953 5 2 1 1 4600 4825 4826 4601 4609 4834 4835 4610
3954 5 2 1 1 4601 4826 4827 4602 4610 4835 4836 4611
3955 5 2 1 1 4602 4827 4828 4603 4611 4836 4837 4612
3956 5 2 1 1 4603 4828 4829 4604 4612 4837 4838 4613
3957 5 2 1 1 4604 4829 4830 4605 4613 4838 4839 4614
3958 5 2 1 1 4605 4830 4831 4606 4614 4839 4840 4615
3959 5 2 1 1 4606 4831 4832 4607 4615 4840 4841 4616
3960 5 2 1 1 4607 4832 4833 4608 4616 4841 4842 4617
3961 5 2 1 1 4609 4834 4835 4610 4618 4843 4844 4619
3962 5 2 1 1 4610 4835 4836 4611 4619 4844 4845 4620
3963 5 2 1 1 4611 4836 4837 4612 4620 4845 4846 4621
3964 5 2 1 1 4612 4837 4838 4613 4621 4846 4847 4622
3965 5 2 1 1 4613 4838 4839 4614 4622 4847 4848 4623
3966 5 2 1 1 4614 4839 4840 4615 4623 4848 4849 4624
3967 5 2 1 1 4615 4840 4841 4616 4624 4849 4850 4625
3968 5 2 1 1 4616 4841 4842 4617 4625 4850 4851 4626
3969 5 2 1 1 4618 4843 4844 4619 4627 4852 4853 4628
3970 5 2 1 1 4619 4844 4845 4620 4628 4853 4854 4629
3971 5 2 1 1 4620 4845 4846 4621 4629 4854 4855 4630
3972 5 2 1 1 4621 4846 4847 4622 4630 4855 4856 4631
3973 5 2 1 1 4622 4847 4848 4623 4631 4856 4857 4632
3974 5 2 1 1 4623 4848 4849 4624 4632 4857 4858 4633
3975 5 2 1 1 4624 4849 4850 4625 4633 4858 4859 4634
3976 5 2 1 1 4625 4850 4851 4626 4634 4859 4860 4635
3977 5 2 1 1 4627 4852 4853 4628 4636 4861 4862 4637
3978 5 2 1 1 4628 4853 4854 4629 4637 4862 4863 4638
3979 5 2 1 1 4629 4854 4855 4630 4638 4863 4864 4639
3980 5 2 1 1 4630 4855 4856 4631 4639 4864 4865 4640
3981 5 2 1 1 4631 4856 4857 4632 4640 4865 4866 4641
3982 5 2 1 1 4632 4857 4858 4633 4641 4866 4867 4642
3983 5 2 1 1 4633 4858 4859 4634 4642 4867 4868 4643
3984 5 2 1 1 4634 4859 4860 4635 4643 4868 4869 4644
3985 5 2 1 1 4636 4861 4862 4637 4645 4870 4871 4646
3986 5 2 1 1 4637 4862 4863 4638 4646 4871 4872 4647
3987 5 2 1 1 4638 4863 4864 4639 4647 4872 4873 4648
3988 5 2 1 1 4639 4864 4865 4640 4648 4873 4874 4649
3989 5 2 1 1 4640 4865 4866 4641 4649 4874 4875 4650
3990 5 2 1 1 4641 4866 4867 4642 4650 4875 4876 4651
3991 5 2 1 1 4642 4867 4868 4643 4651 4876 4877 4652
3992 5 2 1 1 4643 4868 4869 4644 4652 4877 4878 4653
3993 5 2 1 1 4645 4870 4871 4646 4654 4879 4880 4655
3994 5 2 1 1 4646 4871 4872 4647 4655 4880 4881 4656
3995 5 2 1 1 4647 4872 4873 4648 4656 4881 4882 4657
3996 5 2 1 1 4648 4873 4874 4649 4657 4882 4883 4658
3997 5 2 1 1 4649 4874 4875 4650 4658 4883 4884 4659
3998 5 2 1 1 4650 4875 4876 4651 4659 4884 4885 4660
3999 5 2 1 1 4651 4876 4877 4652 4660 4885 4886 4661
4000 5 2 1 1 4652 4877 4878 4653 4661 4886 4887 4662
4001 5 2 1 1 4654 4879 4880 4655 4663 4888 4889 4664
4002 5 2 1 1 4655 4880 4881 4656 4664 4889 4890 4665
4003 5 2 1 1 4656 4881 4882 4657 4665 4890 4891 4666
4004 5 2 1 1 4657 4882 4883 4658 4666 4891 4892 4667
4005 5 2 1 1 4658 4883 4884 4659 4667 4892 4893 4668
4006 5 2 1 1 4659 4884 4885 4660 4668 4893 4894 4669
4007 5 2 1 1 4660 4885 4886 4661 4669 4894 4895 4670
4008 5 2 1 1 4661 4886 4887 4662 4670 4895 4896 4671
4009 5 2 1 1 4663 4888 4889 4664 4672 4897 4898 4673
4010 5 2 1 1 4664 4889 4890 4665 4673 4898 4899 4674
4011 5 2 1 1 4665 4890 4891 4666 4674 4899 4900 4675
4012 5 2 1 1 4666 4891 4892 4667 4675 4900 4901 4676
4013 5 2 1 1 4667 4892 4893 4668 4676 4901 4902 4677
4014 5 2 1 1 4668 4893 4894 4669 4677 4902 4903 4678
4015 5 2 1 1 4669 4894 4895 4670 4678 4903 4904 4679
4016 5 2 1 1 4670 4895 4896 4671 4679 4904 4905 4680
4017 5 2 1 1 4672 4897 4898 4673 4681 4906 4907 4682
4018 5 2 1 1 4673 4898 4899 4674 4682 4907 4908 4683
4019 5 2 1 1 4674 4899 4900 4675 4683 4908 4909 4684
4020 5 2 1 1 4675 4900 4901 4676 4684 4909 4910 4685
4021 5 2 1 1 4676 4901 4902 4677 4685 4910 4911 4686
4022 5 2 1 1 4677 4902 4903 4678 4686 4911 4912 4687
4023 5 2 1 1 4678 4903 4904 4679 4687 4912 4913 4688
4024 5 2 1 1 4679 4904 4905 4680 4688 4913 4914 4689
4025 5 2 1 1 4681 4906 4907 4682 4690 4915 4916 4691
4026 5 2 1 1 4682 4907 4908 4683 4691 4916 4917 4692
4027 5 2 1 1 4683 4908 4909 4684 4692 4917 4918 4693
4028 5 2 1 1 4684 4909 4910 4685 4693 4918 4919 4694
4029 5 2 1 1 4685 4910 4911 4686 4694 4919 4920 4695
4030 5 2 1 1 4686 4911 4912 4687 4695 4920 4921 4696
4031 5 2 1 1 4687 4912 4913 4688 4696 4921 4922 4697
4032 5 2 1 1 4688 4913 4914 4689 4697 4922 4923 4698
4033 5 2 1 1 4690 4915 4916 4691 4699 4924 4925 4700
4034 5 2 1 1 4691 4916 4917 4692 4700 4925 4926 4701
4035 5 2 1 1 4692 4917 4918 4693 4701 4926 4927 4702
4036 5 2 1 1 4693 4918 4919 4694 4702 4927 4928 4703
4037 5 2 1 1 4694 4919 4920 4695 4703 4928 4929 4704
4038 5 2 1 1 4695 4920 4921 4696 4704 4929 4930 4705
4039 5 2 1 1 4696 4921 4922 4697 4705 4930 4931 4706
4040 5 2 1 1 4697 4922 4923 4698 4706 4931 4932 4707
4041 5 2 1 1 4699 4924 4925 4700 4708 4933 4934 4709
4042 5 2 1 1 4700 4925 4926 4701 4709 4934 4935 4710
4043 5 2 1 1 4701 4926 4927 4702 4710 4935 4936 4711
4044 5 2 1 1 4702 4927 4928 4703 4711 4936 4937 4712
4045 5 2 1 1 4703 4928 4929 4704 4712 4937 4938 4713
4046 5 2 1 1 4704 4929 4930 4705 4713 4938 4939 4714
4047 5 2 1 1 4705 4930 4931 4706 4714 4939 4940 4715
4048 5 2 1 1 4706 4931 4932 4707 4715 4940 4941 4716
4049 5 2 1 1 4708 4933 4934 4709 4717 4942 4943 4718
4050 5 2 1 1 4709 4934 4935 4710 4718 4943 4944 4719
4051 5 2 1 1 4710 4935 4936 4711 4719 4944 4945 4720
4052 5 2 1 1 4711 4936 4937 4712 4720 4945 4946 4721
4053 5 2 1 1 4712 4937 4938 4713 4721 4946 4947 4722
4054 5 2 1 1 4713 4938 4939 4714 4722 4947 4948 4723
4055 5 2 1 1 4714 4939 4940 4715 4723 4948 4949 4724
4056 5 2 1 1 4715 4940 4941 4716 4724 4949 4950 4725
4057 5 2 1 1 4717 4942 4943 4718 4726 4951 4952 4727
4058 5 2 1 1 4718 4943 4944 4719 4727 4952 4953 4728
4059 5 2 1 1 4719 4944 4945 4720 4728 4953 4954 4729
4060 5 2 1 1 4720 4945 4946 4721 4729 4954 4955 4730
4061 5 2 1 1 4721 4946 4947 4722 4730 4955 4956 4731
4062 5 2 1 1 4722 4947 4948 4723 4731 4956 4957 4732
4063 5 2 1 1 4723 4948 4949 4724 4732 4957 4958 4733
4064 5 2 1 1 4724 4949 4950 4725 4733 4958 4959 4734
4065 5 2 1 1 4726 4951 4952 4727 4735 4960 4961 4736
4066 5 2 1 1 4727 4952 4953 4728 4736 4961 4962 4737
4067 5 2 1 1 4728 4953 4954 4729 4737 4962 4963 4738
4068 5 2 1 1 4729 4954 4955 4730 4738 4963 4964 4739
4069 5 2 1 1 4730 4955 4956 4731 4739 4964 4965 4740
4070 5 2 1 1 4731 4956 4957 4732 4740 4965 4966 4741
4071 5 2 1 1 4732 4957 4958 4733 4741 4966 4967 4742
4072 5 2 1 1 4733 4958 4959 4734 4742 4967 4968 4743
4073 5 2 1 1 4735 4960 4961 4736 4744 4969 4970 4745
4074 5 2 1 1 4736 4961 4962 4737 4745 4970 4971 4746
4075 5 2 1 1 4737 4962 4963 4738 4746 4971 4972 4747
4076 5 2 1 1 4738 4963 4964 4739 4747 4972 4973 4748
4077 5 2 1 1 4739 4964 4965 4740 4748 4973 4974 4749
4078 5 2 1 1 4740 4965 4966 4741 4749 4974 4975 4750
4079 5 2 1 1 4741 4966 4967 4742 4750 4975 4976 4751
4080 5 2 1 1 4742 4967 4968 4743 4751 4976 4977 4752
4081 6 2 1 1 4753 4754 4978 4755 4756 4979
4082 6 2 1 1 4755 4756 4979 4757 4758 4980
4083 6 2 1 1 4757 4758 4980 4759 4760 4981
4084 6 2 1 1 4759 4760 4981 4761 4762 4982
4085 6 2 1 1 4761 4762 4982 4763 4764 4983
4086 6 2 1 1 4763 4764 4983 4765 4766 4984
4087 6 2 1 1 4765 4766 4984 4767 4768 4985
4088 6 2 1 1 4767 4768 4985 4769 4770 4986
4089 5 2 1 1 4754 4978 4979 4756 4771 4987 4988 4772
4090 5 2 1 1 4756 4979 4980 4758 4772 4988 4989 4773
4091 5 2 1 1 4758 4980 4981 4760 4773 4989 4990 4774
4092 5 2 1 1 4760 4981 4982 4762 4774 4990 4991 4775
4093 5 2 1 1 4762 4982 4983 4764 4775 4991 4992 4776
4094 5 2 1 1 4764 4983 4984 4766 4776 4992 4993 4777
4095 5 2 1 1 4766 4984 4985 4768 4777 4993 4994 4778
4096 5 2 1 1 4768 4985 4986 4770 4778 4994 4995 4779
4097 5 2 1 1 4771 4987 4988 4772 4780 4996 4997 4781
4098 5 2 1 1 4772 4988 4989 4773 4781 4997 4998 4782
4099 5 2 1 1 4773 4989 4990 4774 4782 4998 4999 4783
4100 5 2 1 1 4774 4990 4991 4775 4783 4999 5000 4784
4101 5 2 1 1 4775 4991 4992 4776 4784 5000 5001 4785
4102 5 2 1 1 4776 4992 4993 4777 4785 5001 5002 4786
4103 5 2 1 1 4777 4993 4994 4778 4786 5002 5003 4787
4104 5 2 1 1 4778 4994 4995 4779 4787 5003 5004 4788
4105 5 2 1 1 4780 4996 4997 4781 4789 5005 5006 4790
4106 5 2 1 1 4781 4997 4998 4782 4790 5006 5007 4791
4107 5 2 1 1 4782 4998 4999 4783 4791 5007 5008 4792
4108 5 2 1 1 4783 4999 5000 4784 4792 5008 5009 4793
4109 5 2 1 1 4784 5000 5001 4785 4793 5009 5010 4794
4110 5 2 1 1 4785 5001 5002 4786 4794 5010 5011 4795
4111 5 2 1 1 4786 5002 5003 4787 4795 5011 5012 4796
4112 5 2 1 1 4787 5003 5004 4788 4796 5012 5013 4797
4113 5 2 1 1 4789 5005 5006 4790 4798 5014 5015 4799
4114 5 2 1 1 4790 5006 5007 4791 4799 5015 5016 4800
4115 5 2 1 1 4791 5007 5008 4792 4800 5016 5017 4801
4116 5 2 1 1 4792 5008 5009 4793 4801 5017 5018 4802
4117 5 2 1 1 4793 5009 5010 4794 4802 5018 5019 4803
4118 5 2 1 1 4794 5010 5011 4795 4803 5019 5020 4804
4119 5 2 1 1 4795 5011 5012 4796 4804 5020 5021 4805
4120 5 2 1 1 4796 5012 5013 4797 4805 5021 5022 4806
4121 5 2 1 1 4798 5014 5015 4799 4807 5023 5024 4808
4122 5 2 1 1 4799 5015 5016 4800 4808 5024 5025 4809
4123 5 2 1 1 4800 5016 5017 4801 4809 5025 5026 4810
4124 5 2 1 1 4801 5017 5018 4802 4810 5026 5027 4811
4125 5 2 1 1 4802 5018 5019 4803 4811 5027 5028 4812
4126 5 2 1 1 4803 5019 5020 4804 4812 5028 5029 4813
4127 5 2 1 1 4804 5020 5021 4805 4813 5029 5030 4814
4128 5 2 1 1 4805 5021 5022 4806 4814 5030 5031 4815
4129 5 2 1 1 4807 5023 5024 4808 4816 5032 5033 4817
4130 5 2 1 1 4808 5024 5025 4809 4817 5033 5034 4818
4131 5 2 1 1 4809 5025 5026 4810 4818 5034 5035 4819
4132 5 2 1 1 4810 5026 5027 4811 4819 5035 5036 4820
4133 5 2 1 1 4811 5027 5028 4812 4820 5036 5037 4821
4134 5 2 1 1 4812 5028 5029 4813 4821 5037 5038 4822
4135 5 2 1 1 4813 5029 5030 4814 4822 5038 5039 4823
4136 5 2 1 1 4814 5030 5031 4815 4823 5039 5040 4824
4137 5 2 1 1 4816 5032 5033 4817 4825 5041 5042 4826
4138 5 2 1 1 4817 5033 5034 4818 4826 5042 5043 4827
4139 5 2 1 1 4818 5034 5035 4819 4827 5043 5044 4828
4140 5 2 1 1 4819 5035 5036 4820 4828 5044 5045 4829
4141 5 2 1 1 4820 5036 5037 4821 4829 5045 5046 4830
4142 5 2 1 1 4821 5037 5038 4822 4830 5046 5047 4831
4143 5 2 1 1 4822 5038 5039 4823 4831 5047 5048 4832
4144 5 2 1 1 4823 5039 5040 4824 4832 5048 5049 4833
4145 5 2 1 1 4825 5041 5042 4826 4834 5050 5051 4835
4146 5 2 1 1 4826 5042 5043 4827 4835 5051 5052 4836
4147 5 2 1 1 4827 5043 5044 4828 4836 5052 5053 4837
4148 5 2 1 1 4828 5044 5045 4829 4837 5053 5054 4838
4149 5 2 1 1 4829 5045 5046 4830 4838 5054 5055 4839
4150 5 2 1 1 4830 5046 5047 4831 4839 5055 5056 4840
4151 5 2 1 1 4831 5047 5048 4832 4840 5056 5057 4841
4152 5 2 1 1 4832 5048 5049 4833 4841 5057 5058 4842
4153 5 2 1 1 4834 5050 5051 4835 4843 5059 5060 4844
4154 5 2 1 1 4835 5051 5052 4836 4844 5060 5061 4845
4155 5 2 1 1 4836 5052 5053 4837 4845 5061 5062 4846
4156 5 2 1 1 4837 5053 5054 4838 4846 5062 5063 4847
4157 5 2 1 1 4838 5054 5055 4839 4847 5063 5064 4848
4158 5 2 1 1 4839 5055 5056 4840 4848 5064 5065 4849
4159 5 2 1 1 4840 5056 5057 4841 4849 5065 5066 4850
4160 5 2 1 1 4841 5057 5058 4842 4850 5066 5067 4851
4161 5 2 1 1 4843 5059 5060 4844 4852 5068 5069 4853
4162 5 2 1 1 4844 5060 5061 4845 4853 5069 5070 4854
4163 5 2 1 1 4845 5061 5062 4846 4854 5070 5071 4855
4164 5 2 1 1 4846 5062 5063 4847 4855 5071 5072 4856
4165 5 2 1 1 4847 5063 5064 4848 4856 5072 5073 4857
4166 5 2 1 1 4848 5064 5065 4849 4857 5073 5074 4858
4167 5 2 1 1 4849 5065 5066 4850 4858 5074 5075 4859
4168 5 2 1 1 4850 5066 5067 4851 4859 5075 5076 4860
4169 5 2 1 1 4852 5068 5069 4853 4861 5077 5078 4862
4170 5 2 1 1 4853 5069 5070 4854 4862 5078 5079 4863
4171 5 2 1 1 4854 5070 5071 4855 4863 5079 5080 4864
4172 5 2 1 1 4855 5071 5072 4856 4864 5080 5081 4865
4173 5 2 1 1 4856 5072 5073 4857 4865 5081 5082 4866
4174 5 2 1 1 4857 5073 5074 4858 4866 5082 5083 4867
4175 5 2 1 1 4858 5074 5075 4859 4867 5083 5084 4868
4176 5 2 1 1 4859 5075 5076 4860 4868 5084 5085 4869
4177 5 2 1 1 4861 5077 5078 4862 4870 5086 5087 4871
4178 5 2 1 1 4862 5078 5079 4863 4871 5087 5088 4872
4179 5 2 1 1 4863 5079 5080 4864 4872 5088 5089 4873
4180 5 2 1 1 4864 5080 5081 4865 4873 5089 5090 4874
4181 5 2 1 1 4865 5081 5082 4866 4874 5090 5091 4875
4182 5 2 1 1 4866 5082 5083 4867 4875 5091 5092 4876
4183 5 2 1 1 4867 5083 5084 4868 4876 5092 5093 4877
4184 5 2 1 1 4868 5084 5085 4869 4877 5093 5094 4878
4185 5 2 1 1 4870 5086 5087 4871 4879 5095 5096 4880
4186 5 2 1 1 4871 5087 5088 4872 4880 5096 5097 4881
4187 5 2 1 1 4872 5088 5089 4873 4881 5097 5098 4882
4188 5 2 1 1 4873 5089 5090 4874 4882 5098 5099 4883
4189 5 2 1 1 4874 5090 5091 4875 4883 5099 5100 4884
4190 5 2 1 1 4875 5091 5092 4876 4884 5100 5101 4885
4191 5 2 1 1 4876 5092 5093 4877 4885 5101 5102 4886
4192 5 2 1 1 4877 5093 5094 4878 4886 5102 5103 4887
4193 5 2 1 1 4879 5095 5096 4880 4888 5104 5105 4889
4194 5 2 1 1 4880 5096 5097 4881 4889 5105 5106 4890
4195 5 2 1 1 4881 5097 5098 4882 4890 5106 5107 4891
4196 5 2 1 1 4882 5098 5099 4883 4891 5107 5108 4892
4197 5 2 1 1 4883 5099 5100 4884 4892 5108 5109 4893
4198 5 2 1 1 4884 5100 5101 4885 4893 5109 5110 4894
4199 5 2 1 1 4885 5101 5102 4886 4894 5110 5111 4895
4200 5 2 1 1 4886 5102 5103 4887 4895 5111 5112 4896
4201 5 2 1 1 4888 5104 5105 4889 4897 5113 5114 4898
4202 5 2 1 1 4889 5105 5106 4890 4898 5114 5115 4899
4203 5 2 1 1 4890 5106 5107 4891 4899 5115 5116 4900
4204 5 2 1 1 4891 5107 5108 4892 4900 5116 5117 4901
4205 5 2 1 1 4892 5108 5109 4893 4901 5117 5118 4902
4206 5 2 1 1 4893 5109 5110 4894 4902 5118 5119 4903
4207 5 2 1 1 4894 5110 5111 4895 4903 5119 5120 4904
4208 5 2 1 1 4895 5111 5112 4896 4904 5120 5121 4905
4209 5 2 1 1 4897 5113 5114 4898 4906 5122 5123 4907
4210 5 2 1 1 4898 5114 5115 4899 4907 5123 5124 4908
4211 5 2 1 1 4899 5115 5116 4900 4908 5124 5125 4909
4212 5 2 1 1 4900 5116 5117 4901 4909 5125 5126 4910
4213 5 2 1 1 4901 5117 5118 4902 4910 5126 5127 4911
4214 5 2 1 1 4902 5118 5119 4903 4911 5127 5128 4912
4215 5 2 1 1 4903 5119 5120 4904 4912 5128 5129 4913
4216 5 2 1 1 4904 5120 5121 4905 4913 5129 5130 4914
4217 5 2 1 1 4906 5122 5123 4907 4915 5131 5132 4916
4218 5 2 1 1 4907 5123 5124 4908 4916 5132 5133 4917
4219 5 2 1 1 4908 5124 5125 4909 4917 5133 5134 4918
4220 5 2 1 1 4909 5125 5126 4910 4918 5134 5135 4919
4221 5 2 1 1 4910 5126 5127 4911 4919 5135 5136 4920
4222 5 2 1 1 4911 5127 5128 4912 4920 5136 5137 4921
4223 5 2 1 1 4912 5128 5129 4913 4921 5137 5138 4922
4224 5 2 1 1 4913 5129 5130 4914 4922 5138 5139 4923
4225 5 2 1 1 4915 5131 5132 4916 4924 5140 5141 4925
4226 5 2 1 1 4916 5132 5133 4917 4925 5141 5142 4926
4227 5 2 1 1 4917 5133 5134 4918 4926 5142 5143 4927
4228 5 2 1 1 4918 5134 5135 4919 4927 5143 5144 4928
4229 5 2 1 1 4919 5135 5136 4920 4928 5144 5145 4929
4230 5 2 1 1 4920 5136 5137 4921 4929 5145 5146 4930
4231 5 2 1 1 4921 5137 5138 4922 4930 5146 5147 4931
4232 5 2 1 1 4922 5138 5139 4923 4931 5147 5148 4932
4233 5 2 1 1 4924 5140 5141 4925 4933 5149 5150 4934
4234 5 2 1 1 4925 5141 5142 4926 4934 5150 5151 4935
4235 5 2 1 1 4926 5142 5143 4927 4935 5151 5152 4936
4236 5 2 1 1 4927 5143 5144 4928 4936 5152 5153 4937
4237 5 2 1 1 4928 5144 5145 4929 4937 5153 5154 4938
4238 5 2 1 1 4929 5145 5146 4930 4938 5154 5155 4939
4239 5 2 1 1 4930 5146 5147 4931 4939 5155 5156 4940
4240 5 2 1 1 4931 5147 5148 4932 4940 5156 5157 4941
4241 5 2 1 1 4933 5149 5150 4934 4942 5158 5159 4943
4242 5 2 1 1 4934 5150 5151 4935 4943 5159 5160 4944
4243 5 2 1 1 4935 5151 5152 4936 4944 5160 5161 4945
4244 5 2 1 1 4936 5152 5153 4937 4945 5161 5162 4946
4245 5 2 1 1 4937 5153 5154 4938 4946 5162 5163 4947
4246 5 2 1 1 4938 5154 5155 4939 4947 5163 5164 4948
4247 5 2 1 1 4939 5155 5156 4940 4948 5164 5165 4949
4248 5 2 1 1 4940 5156 5157 4941 4949 5165 5166 4950
4249 5 2 1 1 4942 5158 5159 4943 4951 5167 5168 4952
4250 5 2 1 1 4943 5159 5160 4944 4952 5168 5169 4953
4251 5 2 1 1 4944 5160 5161 4945 4953 5169 5170 4954
4252 5 2 1 1 4945 5161 5162 4946 4954 5170 5171 4955
4253 5 2 1 1 4946 5162 5163 4947 4955 5171 5172 4956
4254 5 2 1 1 4947 5163 5164 4948 4956 5172 5173 4957
4255 5 2 1 1 4948 5164 5165 4949 4957 5173 5174 4958
4256 5 2 1 1 4949 5165 5166 4950 4958 5174 5175 4959
4257 5 2 1 1 4951 5167 5168 4952 4960 5176 5177 4961
4258 5 2 1 1 4952 5168 5169 4953 4961 5177 5178 4962
4259 5 2 1 1 4953 5169 5170 4954 4962 5178 5179 4963
4260 5 2 1 1 4954 5170 5171 4955 4963 5179 5180 4964
4261 5 2 1 1 4955 5171 5172 4956 4964 5180 5181 4965
4262 5 2 1 1 4956 5172 5173 4957 4965 5181 5182 4966
4263 5 2 1 1 4957 5173 5174 4958 4966 5182 5183 4967
4264 5 2 1 1 4958 5174 5175 4959 4967 5183 5184 4968
4265 5 2 1 1 4960 5176 5177 4961 4969 5185 5186 4970
4266 5 2 1 1 4961 5177 5178 4962 4970 5186 5187 4971
4267 5 2 1 1 4962 5178 5179 4963 4971 5187 5188 4972
4268 5 2 1 1 4963 5179 5180 4964 4972 5188 5189 4973
4269 5 2 1 1 4964 5180 5181 4965 4973 5189 5190 4974
4270 5 2 1 1 4965 5181 5182 4966 4974 5190 5191 4975
4271 5 2 1 1 4966 5182 5183 4967 4975 5191 5192 4976
4272 5 2 1 1 4967 5183 5184 4968 4976 5192 5193 4977
4273 5 2 1 1 4978 5194 5196 4979 4987 5195 5197 4988
4274 5 2 1 1 4979 5196 5198 4980 4988 5197 5199 4989
4275 5 2 1 1 4980 5198 5200 4981 4989 5199 5201 4990
4276 5 2 1 1 4981 5200 5202 4982 4990 5201 5203 4991
4277 5 2 1 1 4982 5202 5204 4983 4991 5203 5205 4992
4278 5 2 1 1 4983 5204 5206 4984 4992 5205 5207 4993
4279 5 2 1 1 4984 5206 5208 4985 4993 5207 5209 4994
4280 5 2 1 1 4985 5208 5210 4986 4994 5209 5211 4995
4281 5 2 1 1 4987 5195 5197 4988 4996 5212 5213 4997
4282 5 2 1 1 4988 5197 5199 4989 4997 5213 5214 4998
4283 5 2 1 1 4989 5199 5201 4990 4998 5214 5215 4999
4284 5 2 1 1 4990 5201 5203 4991 4999 5215 5216 5000
4285 5 2 1 1 4991 5203 5205 4992 5000 5216 5217 5001
4286 5 2 1 1 4992 5205 5207 4993 5001 5217 5218 5002
4287 5 2 1 1 4993 5207 5209 4994 5002 5218 5219 5003
4288 5 2 1 1 4994 5209 5211 4995 5003 5219 5220 5004
4289 5 2 1 1 4996 5212 5213 4997 5005 5221 5222 5006
4290 5 2 1 1 4997 5213 5214 4998 5006 5222 5223 5007
4291 5 2 1 1 4998 5214 5215 4999 5007 5223 5224 5008
4292 5 2 1 1 4999 5215 5216 5000 5008 5224 5225 5009
4293 5 2 1 1 5000 5216 5217 5001 5009 5225 5226 5010
4294 5 2 1 1 5001 5217 5218 5002 5010 5226 5227 5011
4295 5 2 1 1 5002 5218 5219 5003 5011 5227 5228 5012
4296 5 2 1 1 5003 5219 5220 5004 5012 5228 5229 5013
4297 5 2 1 1 5005 5221 5222 5006 5014 5230 5231 5015
4298 5 2 1 1 5006 5222 5223 5007 5015 5231 5232 5016
4299 5 2 1 1 5007 5223 5224 5008 5016 5232 5233 5017
4300 5 2 1 1 5008 5224 5225 5009 5017 5233 5234 5018
4301 5 2 1 1 5009 5225 5226 5010 5018 5234 5235 5019
4302 5 2 1 1 5010 5226 5227 5011 5019 5235 5236 5020
4303 5 2 1 1 5011 5227 5228 5012 5020 5236 5237 5021
4304 5 2 1 1 5012 5228 5229 5013 5021 5237 5238 5022
4305 5 2 1 1 5014 5230 5231 5015 5023 5239 5240 5024
4306 5 2 1 1 5015 5231 5232 5016 5024 5240 5241 5025
4307 5 2 1 1 5016 5232 5233 5017 5025 5241 5242 5026
4308 5 2 1 1 5017 5233 5234 5018 5026 5242 5243 5027
4309 5 2 1 1 5018 5234 5235 5019 5027 5243 5244 5028
4310 5 2 1 1 5019 5235 5236 5020 5028 5244 5245 5029
4311 5 2 1 1 5020 5236 5237 5021 5029 5245 5246 5030
4312 5 2 1 1 5021 5237 5238 5022 5030 5246 5247 5031
4313 5 2 1 1 5023 5239 5240 5024 5032 5248 5249 5033
4314 5 2 1 1 5024 5240 5241 5025 5033 5249 5250 5034
4315 5 2 1 1 5025 5241 5242 5026 5034 5250 5251 5035
4316 5 2 1 1 5026 5242 5243 5027 5035 5251 5252 5036
4317 5 2 1 1 5027 5243 5244 5028 5036 5252 5253 5037
4318 5 2 1 1 5028 5244 5245 5029 5037 5253 5254 5038
4319 5 2 1 1 5029 5245 5246 5030 5038 5254 5255 5039
4320 5 2 1 1 5030 5246 5247 5031 5039 5255 5256 5040
4321 5 2 1 1 5032 5248 5249 5033 5041 5257 5258 5042
4322 5 2 1 1 5033 5249 5250 5034 5042 5258 5259 5043
4323 5 2 1 1 5034 5250 5251 5035 5043 5259 5260 5044
4324 5 2 1 1 5035 5251 5252 5036 5044 5260 5261 5045
4325 5 2 1 1 5036 5252 5253 5037 5045 5261 5262 5046
4326 5 2 1 1 5037 5253 5254 5038 5046 5262 5263 5047
4327 5 2 1 1 5038 5254 5255 5039 5047 5263 5264 5048
4328 5 2 1 1 5039 5255 5256 5040 5048 5264 5265 5049
4329 5 2 1 1 5041 5257 5258 5042 5050 5266 5267 5051
4330 5 2 1 1 5042 5258 5259 5043 5051 5267 5268 5052
4331 5 2 1 1 5043 5259 5260 5044 5052 5268 5269 5053
4332 5 2 1 1 5044 5260 5261 5045 5053 5269 5270 5054
4333 5 2 1 1 5045 5261 5262 5046 5054 5270 5271 5055
4334 5 2 1 1 5046 5262 5263 5047 5055 5271 5272 5056
4335 5 2 1 1 5047 5263 5264 5048 5056 5272 5273 5057
4336 5 2 1 1 5048 5264 5265 5049 5057 5273 5274 5058
4337 5 2 1 1 5050 5266 5267 5051 5059 5275 5276 5060
4338 5 2 1 1 5051 5267 5268 5052 5060 5276 5277 5061
4339 5 2 1 1 5052 5268 5269 5053 5061 5277 5278 5062
4340 5 2 1 1 5053 5269 5270 5054 5062 5278 5279 5063
4341 5 2 1 1 5054 5270 5271 5055 5063 5279 5280 5064
4342 5 2 1 1 5055 5271 5272 5056 5064 5280 5281 5065
4343 5 2 1 1 5056 5272 5273 5057 5065 5281 5282 5066
4344 5 2 1 1 5057 5273 5274 5058 5066 5282 5283 5067
4345 5 2 1 1 5059 5275 5276 5060 5068 5284 5285 5069
4346 5 2 1 1 5060 5276 5277 5061 5069 5285 5286 5070
4347 5 2 1 1 5061 5277 5278 5062 5070 5286 5287 5071
4348 5 2 1 1 5062 5278 5279 5063 5071 5287 5288 5072
4349 5 2 1 1 5063 5279 5280 5064 5072 5288 5289 5073
4350 5 2 1 1 5064 5280 5281 5065 5073 5289 5290 5074
4351 5 2 1 1 5065 5281 5282 5066 5074 5290 5291 5075
4352 5 2 1 1 5066 5282 5283 5067 5075 5291 5292 5076
4353 5 2 1 1 5068 5284 5285 5069 5077 5293 5294 5078
4354 5 2 1 1 5069 5285 5286 5070 5078 5294 5295 5079
4355 5 2 1 1 5070 5286 5287 5071 5079 5295 5296 5080
4356 5 2 1 1 5071 5287 5288 5072 5080 5296 5297 5081
4357 5 2 1 1 5072 5288 5289 5073 5081 5297 5298 5082
4358 5 2 1 1 5073 5289 5290 5074 5082 5298 5299 5083
4359 5 2 1 1 5074 5290 5291 5075 5083 5299 5300 5084
4360 5 2 1 1 5075 5291 5292 5076 5084 5300 5301 5085
4361 5 2 1 1 5077 5293 5294 5078 5086 5302 5303 5087
4362 5 2 1 1 5078 5294 5295 5079 5087 5303 5304 5088
4363 5 2 1 1 5079 5295 5296 5080 5088 5304 5305 5089
4364 5 2 1 1 5080 5296 5297 5081 5089 5305 5306 5090
4365 5 2 1 1 5081 5297 5298 5082 5090 5306 5307 5091
4366 5 2 1 1 5082 5298 5299 5083 5091 5307 5308 5092
4367 5 2 1 1 5083 5299 5300 5084 5092 5308 5309 5093
4368 5 2 1 1 5084 5300 5301 5085 5093 5309 5310 5094
4369 5 2 1 1 5086 5302 5303 5087 5095 5311 5312 5096
4370 5 2 1 1 5087 5303 5304 5088 5096 5312 5313 5097
4371 5 2 1 1 5088 5304 5305 5089 5097 5313 5314 5098
4372 5 2 1 1 5089 5305 5306 5090 5098 5314 5315 5099
4373 5 2 1 1 5090 5306 5307 5091 5099 5315 5316 5100
4374 5 2 1 1 5091 5307 5308 5092 5100 5316 5317 5101
4375 5 2 1 1 5092 5308 5309 5093 5101 5317 5318 5102
4376 5 2 1 1 5093 5309 5310 5094 5102 5318 5319 5103
4377 5 2 1 1 5095 5311 5312 5096 5104 5320 5321 5105
4378 5 2 1 1 5096 5312 5313 5097 5105 5321 5322 5106
4379 5 2 1 1 5097 5313 5314 5098 5106 5322 5323 5107
4380 5 2 1 1 5098 5314 5315 5099 5107 5323 5324 5108
4381 5 2 1 1 5099 5315 5316 5100 5108 5324 5325 5109
4382 5 2 1 1 5100 5316 5317 5101 5109 5325 5326 5110
4383 5 2 1 1 5101 5317 5318 5102 5110 5326 5327 5111
4384 5 2 1 1 5102 5318 5319 5103 5111 5327 5328 5112
4385 5 2 1 1 5104 5320 5321 5105 5113 5329 5330 5114
4386 5 2 1 1 5105 5321 5322 5106 5114 5330 5331 5115
4387 5 2 1 1 5106 5322 5323 5107 5115 5331 5332 5116
4388 5 2 1 1 5107 5323 5324 5108 5116 5332 5333 5117
4389 5 2 1 1 5108 5324 5325 5109 5117 5333 5334 5118
4390 5 2 1 1 5109 5325 5326 5110 5118 5334 5335 5119
4391 5 2 1 1 5110 5326 5327 5111 5119 5335 5336 5120
4392 5 2 1 1 5111 5327 5328 5112 5120 5336 5337 5121
4393 5 2 1 1 5113 5329 5330 5114 5122 5338 5339 5123
4394 5 2 1 1 5114 5330 5331 5115 5123 5339 5340 5124
4395 5 2 1 1 5115 5331 5332 5116 5124 5340 5341 5125
4396 5 2 1 1 5116 5332 5333 5117 5125 5341 5342 5126
4397 5 2 1 1 5117 5333 5334 5118 5126 5342 5343 5127
4398 5 2 1 1 5118 5334 5335 5119 5127 5343 5344 5128
4399 5 2 1 1 5119 5335 5336 5120 5128 5344 5345 5129
4400 5 2 1 1 5120 5336 5337 5121 5129 5345 5346 5130
4401 5 2 1 1 5122 5338 5339 5123 5131 5347 5348 5132
4402 5 2 1 1 5123 5339 5340 5124 5132 5348 5349 5133
4403 5 2 1 1 5124 5340 5341 5125 5133 5349 5350 5134
4404 5 2 1 1 5125 5341 5342 5126 5134 5350 5351 5135
4405 5 2 1 1 5126 5342 5343 5127 5135 5351 5352 5136
4406 5 2 1 1 5127 5343 5344 5128 5136 5352 5353 5137
4407 5 2 1 1 5128 5344 5345 5129 5137 5353 5354 5138
4408 5 2 1 1 5129 5345 5346 5130 5138 5354 5355 5139
4409 5 2 1 1 5131 5347 5348 5132 5140 5356 5357 5141
4410 5 2 1 1 5132 5348 5349 5133 5141 5357 5358 5142
4411 5 2 1 1 5133 5349 5350 5134 5142 5358 5359 5143
4412 5 2 1 1 5134 5350 5351 5135 5143 5359 5360 5144
4413 5 2 1 1 5135 5351 5352 5136 5144 5360 5361 5145
4414 5 2 1 1 5136 5352 5353 5137 5145 5361 5362 5146
4415 5 2 1 1 5137 5353 5354 5138 5146 5362 5363 5147
4416 5 2 1 1 5138 5354 5355 5139 5147 5363 5364 5148
4417 5 2 1 1 5140 5356 5357 5141 5149 5365 5366 5150
4418 5 2 1 1 5141 5357 5358 5142 5150 5366 5367 5151
4419 5 2 1 1 5142 5358 5359 5143 5151 5367 5368 5152
4420 5 2 1 1 5143 5359 5360 5144 5152 5368 5369 5153
4421 5 2 1 1 5144 5360 5361 5145 5153 5369 5370 5154
4422 5 2 1 1 5145 5361 5362 5146 5154 5370 5371 5155
4423 5 2 1 1 5146 5362 5363 5147 5155 5371 5372 5156
4424 5 2 1 1 5147 5363 5364 5148 5156 5372 5373 5157
4425 5 2 1 1 5149 5365 5366 5150 5158 5374 5375 5159
4426 5 2 1 1 5150 5366 5367 5151 5159 5375 5376 5160
4427 5 2 1 1 5151 5367 5368 5152 5160 5376 5377 5161
4428 5 2 1 1 5152 5368 5369 5153 5161 5377 5378 5162
4429 5 2 1 1 5153 5369 5370 5154 5162 5378 5379 5163
4430 5 2 1 1 5154 5370 5371 5155 5163 5379 5380 5164
4431 5 2 1 1 5155 5371 5372 5156 5164 5380 5381 5165
4432 5 2 1 1 5156 5372 5373 5157 5165 5381 5382 5166
4433 5 2 1 1 5158 5374 5375 5159 5167 5383 5384 5168
4434 5 2 1 1 5159 5375 5376 5160 5168 5384 5385 5169
4435 5 2 1 1 5160 5376 5377 5161 5169 5385 5386 5170
4436 5 2 1 1 5161 5377 5378 5162 5170 5386 5387 5171
4437 5 2 1 1 5162 5378 5379 5163 5171 5387 5388 5172
4438 5 2 1 1 5163 5379 5380 5164 5172 5388 5389 5173
4439 5 2 1 1 5164 5380 5381 5165 5173 5389 5390 5174
4440 5 2 1 1 5165 5381 5382 5166 5174 5390 5391 5175
4441 5 2 1 1 5167 5383 5384 5168 5176 5392 5393 5177
4442 5 2 1 1 5168 5384 5385 5169 5177 5393 5394 5178
4443 5 2 1 1 5169 5385 5386 5170 5178 5394 5395 5179
4444 5 2 1 1 5170 5386 5387 5171 5179 5395 5396 5180
4445 5 2 1 1 5171 5387 5388 5172 5180 5396 5397 5181
4446 5 2 1 1 5172 5388 5389 5173 5181 5397 5398 5182
4447 5 2 1 1 5173 5389 5390 5174 5182 5398 5399 5183
4448 5 2 1 1 5174 5390 5391 5175 5183 5399 5400 5184
4449 5 2 1 1 5176 5392 5393 5177 5185 5401 5402 5186
4450 5 2 1 1 5177 5393 5394 5178 5186 5402 5403 5187
4451 5 2 1 1 5178 5394 5395 5179 5187 5403 5404 5188
4452 5 2 1 1 5179 5395 5396 5180 5188 5404 5405 5189
4453 5 2 1 1 5180 5396 5397 5181 5189 5405 5406 5190
4454 5 2 1 1 5181 5397 5398 5182 5190 5406 5407 5191
4455 5 2 1 1 5182 5398 5399 5183 5191 5407 5408 5192
4456 5 2 1 1 5183 5399 5400 5184 5192 5408 5409 5193
4457 6 2 1 1 5194 5195 5410 5196 5197 5411
4458 6 2 1 1 5196 5197 5411 5198 5199 5412
4459 6 2 1 1 5198 5199 5412 5200 5201 5413
4460 6 2 1 1 5200 5201 5413 5202 5203 5414
4461 6 2 1 1 5202 5203 5414 5204 5205 5415
4462 6 2 1 1 5204 5205 5415 5206 5207 5416
4463 6 2 1 1 5206 5207 5416 5208 5209 5417
4464 6 2 1 1 5208 5209 5417 5210 5211 5418
4465 5 2 1 1 5195 5410 5411 5197 5212 5419 5420 5213
4466 5 2 1 1 5197 5411 5412 5199 5213 5420 5421 5214
4467 5 2 1 1 5199 5412 5413 5201 5214 5421 5422 5215
4468 5 2 1 1 5201 5413 5414 5203 5215 5422 5423 5216
4469 5 2 1 1 5203 5414 5415 5205 5216 5423 5424 5217
4470 5 2 1 1 5205 5415 5416 5207 5217 5424 5425 5218
4471 5 2 1 1 5207 5416 5417 5209 5218 5425 5426 5219
4472 5 2 1 1 5209 5417 5418 5211 5219 5426 5427 5220
4473 5 2 1 1 5212 5419 5420 5213 5221 5428 5429 5222
4474 5 2 1 1 5213 5420 5421 5214 5222 5429 5430 5223
4475 5 2 1 1 5214 5421 5422 5215 5223 5430 5431 5224
4476 5 2 1 1 5215 5422 5423 5216 5224 5431 5432 5225
4477 5 2 1 1 5216 5423 5424 5217 5225 5432 5433 5226
4478 5 2 1 1 5217 5424 5425 5218 5226 5433 5434 5227
4479 5 2 1 1 5218 5425 5426 5219 5227 5434 5435 5228
4480 5 2 1 1 5219 5426 5427 5220 5228 5435 5436 5229
4481 5 2 1 1 5221 5428 5429 5222 5230 5437 5438 5231
4482 5 2 1 1 5222 5429 5430 5223 5231 5438 5439 5232
4483 5 2 1 1 5223 5430 5431 5224 5232 5439 5440 5233
4484 5 2 1 1 5224 5431 5432 5225 5233 5440 5441 5234
4485 5 2 1 1 5225 5432 5433 5226 5234 5441 5442 5235
4486 5 2 1 1 5226 5433 5434 5227 5235 5442 5443 5236
4487 5 2 1 1 5227 5434 5435 5228 5236 5443 5444 5237
4488 5 2 1 1 5228 5435 5436 5229 5237 5444 5445 5238
4489 5 2 1 1 5230 5437 5438 5231 5239 5446 5447 5240
4490 5 2 1 1 5231 5438 5439 5232 5240 5447 5448 5241
4491 5 2 1 1 5232 5439 5440 5233 5241 5448 5449 5242
4492 5 2 1 1 5233 5440 5441 5234 5242 5449 5450 5243
4493 5 2 1 1 5234 5441 5442 5235 5243 5450 5451 5244
4494 5 2 1 1 5235 5442 5443 5236 5244 5451 5452 5245
4495 5 2 1 1 5236 5443 5444 5237 5245 5452 5453 5246
4496 5 2 1 1 5237 5444 5445 5238 5246 5453 5454 5247
4497 5 2 1 1 5239 5446 5447 5240 5248 5455 5456 5249
4498 5 2 1 1 5240 5447 5448 5241 5249 5456 5457 5250
4499 5 2 1 1 5241 5448 5449 5242 5250 5457 5458 5251
4500 5 2 1 1 5242 5449 5450 5243 5251 5458 5459 5252
4501 5 2 1 1 5243 5450 5451 5244 5252 5459 5460 5253
4502 5 2 1 1 5244 5451 5452 5245 5253 5460 5461 5254
4503 5 2 1 1 5245 5452 5453 5246 5254 5461 5462 5255
4504 5 2 1 1 5246 5453 5454 5247 5255 5462 5463 5256
4505 5 2 1 1 5248 5455 5456 5249 5257 5464 5465 5258
4506 5 2 1 1 5249 5456 5457 5250 5258 5465 5466 5259
4507 5 2 1 1 5250 5457 5458 5251 5259 5466 5467 5260
4508 5 2 1 1 5251 5458 5459 5252 5260 5467 5468 5261
4509 5 2 1 1 5252 5459 5460 5253 5261 5468 5469 5262
4510 5 2 1 1 5253 5460 5461 5254 5262 5469 5470 5263
4511 5 2 1 1 5254 5461 5462 5255 5263 5470 5471 5264
4512 5 2 1 1 5255 5462 5463 5256 5264 5471 5472 5265
4513 5 2 1 1 5257 5464 5465 5258 5266 5473 5474 5267
4514 5 2 1 1 5258 5465 5466 5259 5267 5474 5475 5268
4515 5 2 1 1 5259 5466 5467 5260 5268 5475 5476 5269
4516 5 2 1 1 5260 5467 5468 5261 5269 5476 5477 5270
4517 5 2 1 1 5261 5468 5469 5262 5270 5477 5478 5271
4518 5 2 1 1 5262 5469 5470 5263 5271 5478 5479 5272
4519 5 2 1 1 5263 5470 5471 5264 5272 5479 5480 5273
4520 5 2 1 1 5264 5471 5472 5265 5273 5480 5481 5274
4521 5 2 1 1 5266 5473 5474 5267 5275 5482 5483 5276
4522 5 2 1 1 5267 5474 5475 5268 5276 5483 5484 5277
4523 5 2 1 1 5268 5475 5476 5269 5277 5484 5485 5278
4524 5 2 1 1 5269 5476 5477 5270 5278 5485 5486 5279
4525 5 2 1 1 5270 5477 5478 5271 5279 5486 5487 5280
4526 5 2 1 1 5271 5478 5479 5272 5280 5487 5488 5281
4527 5 2 1 1 5272 5479 5480 5273 5281 5488 5489 5282
4528 5 2 1 1 5273 5480 5481 5274 5282 5489 5490 5283
4529 5 2 1 1 5275 5482 5483 5276 5284 5491 5492 5285
4530 5 2 1 1 5276 5483 5484 5277 5285 5492 5493 5286
4531 5 2 1 1 5277 5484 5485 5278 5286 5493 5494 5287
4532 5 2 1 1 5278 5485 5486 5279 5287 5494 5495 5288
4533 5 2 1 1 5279 5486 5487 5280 5288 5495 5496 5289
4534 5 2 1 1 5280 5487 5488 5281 5289 5496 5497 5290
4535 5 2 1 1 5281 5488 5489 5282 5290 5497 5498 5291
4536 5 2 1 1 5282 5489 5490 5283 5291 5498 5499 5292
4537 5 2 1 1 5284 5491 5492 5285 5293 5500 5501 5294
4538 5 2 1 1 5285 5492 5493 5286 5294 5501 5502 5295
4539 5 2 1 1 5286 5493 5494 5287 5295 5502 5503 5296
4540 5 2 1 1 5287 5494 5495 5288 5296 5503 5504 5297
4541 5 2 1 1 5288 5495 5496 5289 5297 5504 5505 5298
4542 5 2 1 1 5289 5496 5497 5290 5298 5505 5506 5299
4543 5 2 1 1 5290 5497 5498 5291 5299 5506 5507 5300
4544 5 2 1 1 5291 5498 5499 5292 5300 5507 5508 5301
4545 5 2 1 1 5293 5500 5501 5294 5302 5509 5510 5303
4546 5 2 1 1 5294 5501 5502 5295 5303 5510 5511 5304
4547 5 2 1 1 5295 5502 5503 5296 5304 5511 5512 5305
4548 5 2 1 1 5296 5503 5504 5297 5305 5512 5513 5306
4549 5 2 1 1 5297 5504 5505 5298 5306 5513 5514 5307
4550 5 2 1 1 5298 5505 5506 5299 5307 5514 5515 5308
4551 5 2 1 1 5299 5506 5507 5300 5308 5515 5516 5309
4552 5 2 1 1 5300 5507 5508 5301 5309 5516 5517 5310
4553 5 2 1 1 5302 5509 5510 5303 5311 5518 5519 5312
4554 5 2 1 1 5303 5510 5511 5304 5312 5519 5520 5313
4555 5 2 1 1 5304 5511 5512 5305 5313 5520 5521 5314
4556 5 2 1 1 5305 5512 5513 5306 5314 5521 5522 5315
4557 5 2 1 1 5306 5513 5514 5307 5315 5522 5523 5316
4558 5 2 1 1 5307 5514 5515 5308 5316 5523 5524 5317
4559 5 2 1 1 5308 5515 5516 5309 5317 5524 5525 5318
4560 5 2 1 1 5309 5516 5517 5310 5318 5525 5526 5319
4561 5 2 1 1 5311 5518 5519 5312 5320 5527 5528 5321
4562 5 2 1 1 5312 5519 5520 5313 5321 5528 5529 5322
4563 5 2 1 1 5313 5520 5521 5314 5322 5529 5530 5323
4564 5 2 1 1 5314 5521 5522 5315 5323 5530 5531 5324
4565 5 2 1 1 5315 5522 5523 5316 5324 5531 5532 5325
4566 5 2 1 1 5316 5523 5524 5317 5325 5532 5533 5326
4567 5 2 1 1 5317 5524 5525 5318 5326 5533 5534 5327
4568 5 2 1 1 5318 5525 5526 5319 5327 5534 5535 5328
4569 5 2 1 1 5320 5527 5528 5321 5329 5536 5537 5330
4570 5 2 1 1 5321 5528 5529 5322 5330 5537 5538 5331
4571 5 2 1 1 5322 5529 5530 5323 5331 5538 5539 5332
4572 5 2 1 1 5323 5530 5531 5324 5332 5539 5540 5333
4573 5 2 1 1 5324 5531 5532 5325 5333 5540 5541 5334
4574 5 2 1 1 5325 5532 5533 5326 5334 5541 5542 5335
4575 5 2 1 1 5326 5533 5534 5327 5335 5542 5543 5336
4576 5 2 1 1 5327 5534 5535 5328 5336 5543 5544 5337
4577 5 2 1 1 5329 5536 5537 5330 5338 5545 5546 5339
4578 5 2 1 1 5330 5537 5538 5331 5339 5546 5547 5340
4579 5 2 1 1 5331 5538 5539 5332 5340 5547 5548 5341
4580 5 2 1 1 5332 5539 5540 5333 5341 5548 5549 5342
4581 5 2 1 1 5333 5540 5541 5334 5342 5549 5550 5343
4582 5 2 1 1 5334 5541 5542 5335 5343 5550 5551 5344
4583 5 2 1 1 5335 5542 5543 5336 5344 5551 5552 5345
4584 5 2 1 1 5336 5543 5544 5337 5345 5552 5553 5346
4585 5 2 1 1 5338 5545 5546 5339 5347 5554 5555 5348
4586 5 2 1 1 5339 5546 5547 5340 5348 5555 5556 5349
4587 5 2 1 1 5340 5547 5548 5341 5349 5556 5557 5350
4588 5 2 1 1 5341 5548 5549 5342 5350 5557 5558 5351
4589 5 2 1 1 5342 5549 5550 5343 5351 5558 5559 5352
4590 5 2 1 1 5343 5550 5551 5344 5352 5559 5560 5353
4591 5 2 1 1 5344 5551 5552 5345 5353 5560 5561 5354
4592 5 2 1 1 5345 5552 5553 5346 5354 5561 5562 5355
4593 5 2 1 1 5347 5554 5555 5348 5356 5563 5564 5357
4594 5 2 1 1 5348 5555 5556 5349 5357 5564 5565 5358
4595 5 2 1 1 5349 5556 5557 5350 5358 5565 5566 5359
4596 5 2 1 1 5350 5557 5558 5351 5359 5566 5567 5360
4597 5 2 1 1 5351 5558 5559 5352 5360 5567 5568 5361
4598 5 2 1 1 5352 5559 5560 5353 5361 5568 5569 5362
4599 5 2 1 1 5353 5560 5561 5354 5362 5569 5570 5363
4600 5 2 1 1 5354 5561 5562 5355 5363 5570 5571 5364
4601 5 2 1 1 5356 5563 5564 5357 5365 5572 5573 5366
4602 5 2 1 1 5357 5564 5565 5358 5366 5573 5574 5367
4603 5 2 1 1 5358 5565 5566 5359 5367 5574 5575 5368
4604 5 2 1 1 5359 5566 5567 5360 5368 5575 5576 5369
4605 5 2 1 1 5360 5567 5568 5361 5369 5576 5577 5370
4606 5 2 1 1 5361 5568 5569 5362 5370 5577 5578 5371
4607 5 2 1 1 5362 5569 5570 5363 5371 5578 5579 5372
4608 5 2 1 1 5363 5570 5571 5364 5372 5579 5580 5373
4609 5 2 1 1 5365 5572 5573 5366 5374 5581 5582 5375
4610 5 2 1 1 5366 5573 5574 5367 5375 5582 5583 5376
4611 5 2 1 1 5367 5574 5575 5368 5376 5583 5584 5377
4612 5 2 1 1 5368 5575 5576 5369 5377 5584 5585 5378
4613 5 2 1 1 5369 5576 5577 5370 5378 5585 5586 5379
4614 5 2 1 1 5370 5577 5578 5371 5379 5586 5587 5380
4615 5 2 1 1 5371 5578 5579 5372 5380 5587 5588 5381
4616 5 2 1 1 5372 5579 5580 5373 5381 5588 5589 5382
4617 5 2 1 1 5374 5581 5582 5375 5383 5590 5591 5384
4618 5 2 1 1 5375 5582 5583 5376 5384 5591 5592 5385
4619 5 2 1 1 5376 5583 5584 5377 5385 5592 5593 5386
4620 5 2 1 1 5377 5584 5585 5378 5386 5593 5594 5387
4621 5 2 1 1 5378 5585 5586 5379 5387 5594 5595 5388
4622 5 2 1 1 5379 5586 5587 5380 5388 5595 5596 5389
4623 5 2 1 1 5380 5587 5588 5381 5389 5596 5597 5390
4624 5 2 1 1 5381 5588 5589 5382 5390 5597 5598 5391
4625 5 2 1 1 5383 5590 5591 5384 5392 5599 5600 5393
4626 5 2 1 1 5384 5591 5592 5385 5393 5600 5601 5394
4627 5 2 1 1 5385 5592 5593 5386 5394 5601 5602 5395
4628 5 2 1 1 5386 5593 5594 5387 5395 5602 5603 5396
4629 5 2 1 1 5387 5594 5595 5388 5396 5603 5604 5397
4630 5 2 1 1 5388 5595 5596 5389 5397 5604 5605 5398
4631 5 2 1 1 5389 5596 5597 5390 5398 5605 5606 5399
4632 5 2 1 1 5390 5597 5598 5391 5399 5606 5607 5400
4633 5 2 1 1 5392 5599 5600 5393 5401 5608 5609 5402
4634 5 2 1 1 5393 5600 5601 5394 5402 5609 5610 5403
4635 5 2 1 1 5394 5601 5602 5395 5403 5610 5611 5404
4636 5 2 1 1 5395 5602 5603 5396 5404 5611 5612 5405
4637 5 2 1 1 5396 5603 5604 5397 5405 5612 5613 5406
4638 5 2 1 1 5397 5604 5605 5398 5406 5613 5614 5407
4639 5 2 1 1 5398 5605 5606 5399 5407 5614 5615 5408
4640 5 2 1 1 5399 5606 5607 5400 5408 5615 5616 5409
4641 5 2 1 1 5410 5617 5619 5411 5419 5618 5620 5420
4642 5 2 1 1 5411 5619 5621 5412 5420 5620 5622 5421
4643 5 2 1 1 5412 5621 5623 5413 5421 5622 5624 5422
4644 5 2 1 1 5413 5623 5625 5414 5422 5624 5626 5423
4645 5 2 1 1 5414 5625 5627 5415 5423 5626 5628 5424
4646 5 2 1 1 5415 5627 5629 5416 5424 5628 5630 5425
4647 5 2 1 1 5416 5629 5631 5417 5425 5630 5632 5426
4648 5 2 1 1 5417 5631 5633 5418 5426 5632 5634 5427
4649 5 2 1 1 5419 5618 5620 5420 5428 5635 5636 5429
4650 5 2 1 1 5420 5620 5622 5421 5429 5636 5637 5430
4651 5 2 1 1 5421 5622 5624 5422 5430 5637 5638 5431
4652 5 2 1 1 5422 5624 5626 5423 5431 5638 5639 5432
4653 5 2 1 1 5423 5626 5628 5424 5432 5639 5640 5433
4654 5 2 1 1 5424 5628 5630 5425 5433 5640 5641 5434
4655 5 2 1 1 5425 5630 5632 5426 5434 5641 5642 5435
4656 5 2 1 1 5426 5632 5634 5427 5435 5642 5643 5436
4657 5 2 1 1 5428 5635 5636 5429 5437 5644 5645 5438
4658 5 2 1 1 5429 5636 5637 5430 5438 5645 5646 5439
4659 5 2 1 1 5430 5637 5638 5431 5439 5646 5647 5440
4660 5 2 1 1 5431 5638 5639 5432 5440 5647 5648 5441
4661 5 2 1 1 5432 5639 5640 5433 5441 5648 5649 5442
4662 5 2 1 1 5433 5640 5641 5434 5442 5649 5650 5443
4663 5 2 1 1 5434 5641 5642 5435 5443 5650 5651 5444
4664 5 2 1 1 5435 5642 5643 5436 5444 5651 5652 5445
4665 5 2 1 1 5437 5644 5645 5438 5446 5653 5654 5447
4666 5 2 1 1 5438 5645 5646 5439 5447 5654 5655 5448
4667 5 2 1 1 5439 5646 5647 5440 5448 5655 5656 5449
4668 5 2 1 1 5440 5647 5648 5441 5449 5656 5657 5450
4669 5 2 1 1 5441 5648 5649 5442 5450 5657 5658 5451
4670 5 2 1 1 5442 5649 5650 5443 5451 5658 5659 5452
4671 5 2 1 1 5443 5650 5651 5444 5452 5659 5660 5453
4672 5 2 1 1 5444 5651 5652 5445 5453 5660 5661 5454
4673 5 2 1 1 5446 5653 5654 5447 5455 5662 5663 5456
4674 5 2 1 1 5447 5654 5655 5448 5456 5663 5664 5457
4675 5 2 1 1 5448 5655 5656 5449 5457 5664 5665 5458
4676 5 2 1 1 5449 5656 5657 5450 5458 5665 5666 5459
4677 5 2 1 1 5450 5657 5658 5451 5459 5666 5667 5460
4678 5 2 1 1 5451 5658 5659 5452 5460 5667 5668 5461
4679 5 2 1 1 5452 5659 5660 5453 5461 5668 5669 5462
4680 5 2 1 1 5453 5660 5661 5454 5462 5669 5670 5463
4681 5 2 1 1 5455 5662 5663 5456 5464 5671 5672 5465
4682 5 2 1 1 5456 5663 5664 5457 5465 5672 5673 5466
4683 5 2 1 1 5457 5664 5665 5458 5466 5673 5674 5467
4684 5 2 1 1 5458 5665 5666 5459 5467 5674 5675 5468
4685 5 2 1 1 5459 5666 5667 5460 5468 5675 5676 5469
4686 5 2 1 1 5460 5667 5668 5461 5469 5676 5677 5470
4687 5 2 1 1 5461 5668 5669 5462 5470 5677 5678 5471
4688 5 2 1 1 5462 5669 5670 5463 5471 5678 5679 5472
4689 5 2 1 1 5464 5671 5672 5465 5473 5680 5681 5474
4690 5 2 1 1 5465 5672 5673 5466 5474 5681 5682 5475
4691 5 2 1 1 5466 5673 5674 5467 5475 5682 5683 5476
4692 5 2 1 1 5467 5674 5675 5468 5476 5683 5684 5477
4693 5 2 1 1 5468 5675 5676 5469 5477 5684 5685 5478
4694 5 2 1 1 5469 5676 5677 5470 5478 5685 5686 5479
4695 5 2 1 1 5470 5677 5678 5471 5479 5686 5687 5480
4696 5 2 1 1 5471 5678 5679 5472 5480 5687 5688 5481
4697 5 2 1 1 5473 5680 5681 5474 5482 5689 5690 5483
4698 5 2 1 1 5474 5681 5682 5475 5483 5690 5691 5484
4699 5 2 1 1 5475 5682 5683 5476 5484 5691 5692 5485
4700 5 2 1 1 5476 5683 5684 5477 5485 5692 5693 5486
4701 5 2 1 1 5477 5684 5685 5478 5486 5693 5694 5487
4702 5 2 1 1 5478 5685 5686 5479 5487 5694 5695 5488
4703 5 2 1 1 5479 5686 5687 5480 5488 5695 5696 5489
4704 5 2 1 1 5480 5687 5688 5481 5489 5696 5697 5490
4705 5 2 1 1 5482 5689 5690 5483 5491 5698 5699 5492
4706 5 2 1 1 5483 5690 5691 5484 5492 5699 5700 5493
4707 5 2 1 1 5484 5691 5692 5485 5493 5700 5701 5494
4708 5 2 1 1 5485 5692 5693 5486 5494 5701 5702 5495
4709 5 2 1 1 5486 5693 5694 5487 5495 5702 5703 5496
4710 5 2 1 1 5487 5694 5695 5488 5496 5703 5704 5497
4711 5 2 1 1 5488 5695 5696 5489 5497 5704 5705 5498
4712 5 2 1 1 5489 5696 5697 5490 5498 5705 5706 5499
4713 5 2 1 1 5491 5698 5699 5492 5500 5707 5708 5501
4714 5 2 1 1 5492 5699 5700 5493 5501 5708 5709 5502
4715 5 2 1 1 5493 5700 5701 5494 5502 5709 5710 5503
4716 5 2 1 1 5494 5701 5702 5495 5503 5710 5711 5504
4717 5 2 1 1 5495 5702 5703 5496 5504 5711 5712 5505
4718 5 2 1 1 5496 5703 5704 5497 5505 5712 5713 5506
4719 5 2 1 1 5497 5704 5705 5498 5506 5713 5714 5507
4720 5 2 1 1 5498 5705 5706 5499 5507 5714 5715 5508
4721 5 2 1 1 5500 5707 5708 5501 5509 5716 5717 5510
4722 5 2 1 1 5501 5708 5709 5502 5510 5717 5718 5511
4723 5 2 1 1 5502 5709 5710 5503 5511 5718 5719 5512
4724 5 2 1 1 5503 5710 5711 5504 5512 5719 5720 5513
4725 5 2 1 1 5504 5711 5712 5505 5513 5720 5721 5514
4726 5 2 1 1 5505 5712 5713 5506 5514 5721 5722 5515
4727 5 2 1 1 5506 5713 5714 5507 5515 5722 5723 5516
4728 5 2 1 1 5507 5714 5715 5508 5516 5723 5724 5517
4729 5 2 1 1 5509 5716 5717 5510 5518 5725 5726 5519
4730 5 2 1 1 5510 5717 5718 5511 5519 5726 5727 5520
4731 5 2 1 1 5511 5718 5719 5512 5520 5727 5728 5521
4732 5 2 1 1 5512 5719 5720 5513 5521 5728 5729 5522
4733 5 2 1 1 5513 5720 5721 5514 5522 5729 5730 5523
4734 5 2 1 1 5514 5721 5722 5515 5523 5730 5731 5524
4735 5 2 1 1 5515 5722 5723 5516 5524 5731 5732 5525
4736 5 2 1 1 5516 5723 5724 5517 5525 5732 5733 5526
4737 5 2 1 1 5518 5725 5726 5519 5527 5734 5735 5528
4738 5 2 1 1 5519 5726 5727 5520 5528 5735 5736 5529
4739 5 2 1 1 5520 5727 5728 5521 5529 5736 5737 5530
4740 5 2 1 1 5521 5728 5729 5522 5530 5737 5738 5531
4741 5 2 1 1 5522 5729 5730 5523 5531 5738 5739 5532
4742 5 2 1 1 5523 5730 5731 5524 5532 5739 5740 5533
4743 5 2 1 1 5524 5731 5732 5525 5533 5740 5741 5534
4744 5 2 1 1 5525 5732 5733 5526 5534 5741 5742 5535
4745 5 2 1 1 5527 5734 5735 5528 5536 5743 5744 5537
4746 5 2 1 1 5528 5735 5736 5529 5537 5744 5745 5538
4747 5 2 1 1 5529 5736 5737 5530 5538 5745 5746 5539
4748 5 2 1 1 5530 5737 5738 5531 5539 5746 5747 5540
4749 5 2 1 1 5531 5738 5739 5532 5540 5747 5748 5541
4750 5 2 1 1 5532 5739 5740 5533 5541 5748 5749 5542
4751 5 2 1 1 5533 5740 5741 5534 5542 5749 5750 5543
4752 5 2 1 1 5534 5741 5742 5535 5543 5750 5751 5544
4753 5 2 1 1 5536 5743 5744 5537 5545 5752 5753 5546
4754 5 2 1 1 5537 5744 5745 5538 5546 5753 5754 5547
4755 5 2 1 1 5538 5745 5746 5539 5547 5754 5755 5548
4756 5 2 1 1 5539 5746 5747 5540 5548 5755 5756 5549
4757 5 2 1 1 5540 5747 5748 5541 5549 5756 5757 5550
4758 5 2 1 1 5541 5748 5749 5542 5550 5757 5758 5551
4759 5 2 1 1 5542 5749 5750 5543 5551 5758 5759 5552
4760 5 2 1 1 5543 5750 5751 5544 5552 5759 5760 5553
4761 5 2 1 1 5545 5752 5753 5546 5554 5761 5762 5555
4762 5 2 1 1 5546 5753 5754 5547 5555 5762 5763 5556
4763 5 2 1 1 5547 5754 5755 5548 5556 5763 5764 5557
4764 5 2 1 1 5548 5755 5756 5549 5557 5764 5765 5558
4765 5 2 1 1 5549 5756 5757 5550 5558 5765 5766 5559
4766 5 2 1 1 5550 5757 5758 5551 5559 5766 5767 5560
4767 5 2 1 1 5551 5758 5759 5552 5560 5767 5768 5561
4768 5 2 1 1 5552 5759 5760 5553 5561 5768 5769 5562
4769 5 2 1 1 5554 5761 5762 5555 5563 5770 5771 5564
4770 5 2 1 1 5555 5762 5763 5556 5564 5771 5772 5565
4771 5 2 1 1 5556 5763 5764 5557 5565 5772 5773 5566
4772 5 2 1 1 5557 5764 5765 5558 5566 5773 5774 5567
4773 5 2 1 1 5558 5765 5766 5559 5567 5774 5775 5568
4774 5 2 1 1 5559 5766 5767 5560 5568 5775 5776 5569
4775 5 2 1 1 5560 5767 5768 5561 5569 5776 5777 5570
4776 5 2 1 1 5561 5768 5769 5562 5570 5777 5778 5571
4777 5 2 1 1 5563 5770 5771 5564 5572 5779 5780 5573
4778 5 2 1 1 5564 5771 5772 5565 5573 5780 5781 5574
4779 5 2 1 1 5565 5772 5773 5566 5574 5781 5782 5575
4780 5 2 1 1 5566 5773 5774 5567 5575 5782 5783 5576
4781 5 2 1 1 5567 5774 5775 5568 5576 5783 5784 5577
4782 5 2 1 1 5568 5775 5776 5569 5577 5784 5785 5578
4783 5 2 1 1 5569 5776 5777 5570 5578 5785 5786 5579
4784 5 2 1 1 5570 5777 5778 5571 5579 5786 5787 5580
4785 5 2 1 1 5572 5779 5780 5573 5581 5788 5789 5582
4786 5 2 1 1 5573 5780 5781 5574 5582 5789 5790 5583
4787 5 2 1 1 5574 5781 5782 5575 5583 5790 5791 5584
4788 5 2 1 1 5575 5782 5783 5576 5584 5791 5792 5585
4789 5 2 1 1 5576 5783 5784 5577 5585 5792 5793 5586
4790 5 2 1 1 5577 5784 5785 5578 5586 5793 5794 5587
4791 5 2 1 1 5578 5785 5786 5579 5587 5794 5795 5588
4792 5 2 1 1 5579 5786 5787 5580 5588 5795 5796 5589
4793 5 2 1 1 5581 5788 5789 5582 5590 5797 5798 5591
4794 5 2 1 1 5582 5789 5790 5583 5591 5798 5799 5592
4795 5 2 1 1 5583 5790 5791 5584 5592 5799 5800 5593
4796 5 2 1 1 5584 5791 5792 5585 5593 5800 5801 5594
4797 5 2 1 1 5585 5792 5793 5586 5594 5801 5802 5595
4798 5 2 1 1 5586 5793 5794 5587 5595 5802 5803 5596
4799 5 2 1 1 5587 5794 5795 5588 5596 5803 5804 5597
4800 5 2 1 1 5588 5795 5796 5589 5597 5804 5805 5598
4801 5 2 1 1 5590 5797 5798 5591 5599 5806 5807 5600
4802 5 2 1 1 5591 5798 5799 5592 5600 5807 5808 5601
4803 5 2 1 1 5592 5799 5800 5593 5601 5808 5809 5602
4804 5 2 1 1 5593 5800 5801 5594 5602 5809 5810 5603
4805 5 2 1 1 5594 5801 5802 5595 5603 5810 5811 5604
4806 5 2 1 1 5595 5802 5803 5596 5604 5811 5812 5605
4807 5 2 1 1 5596 5803 5804 5597 5605 5812 5813 5606
4808 5 2 1 1 5597 5804 5805 5598 5606 5813 5814 5607
4809 5 2 1 1 5599 5806 5807 5600 5608 5815 5816 5609
4810 5 2 1 1 5600 5807 5808 5601 5609 5816 5817 5610
4811 5 2 1 1 5601 5808 5809 5602 5610 5817 5818 5611
4812 5 2 1 1 5602 5809 5810 5603 5611 5818 5819 5612
4813 5 2 1 1 5603 5810 5811 5604 5612 5819 5820 5613
4814 5 2 1 1 5604 5811 5812 5605 5613 5820 5821 5614
4815 5 2 1 1 5605 5812 5813 5606 5614 5821 5822 5615
4816 5 2 1 1 5606 5813 5814 5607 5615 5822 5823 5616
4817 6 2 1 1 5617 5618 5824 5619 5620 5825
4818 6 2 1 1 5619 5620 5825 5621 5622 5826
4819 6 2 1 1 5621 5622 5826 5623 5624 5827
4820 6 2 1 1 5623 5624 5827 5625 5626 5828
4821 6 2 1 1 5625 5626 5828 5627 5628 5829
4822 6 2 1 1 5627 5628 5829 5629 5630 5830
4823 6 2 1 1 5629 5630 5830 5631 5632 5831
4824 6 2 1 1 5631 5632 5831 5633 5634 5832
4825 5 2 1 1 5618 5824 5825 5620 5635 5833 5834 5636
4826 5 2 1 1 5620 5825 5826 5622 5636 5834 5835 5637
4827 5 2 1 1 5622 5826 5827 5624 5637 5835 5836 5638
4828 5 2 1 1 5624 5827 5828 5626 5638 5836 5837 5639
4829 5 2 1 1 5626 5828 5829 5628 5639 5837 5838 5640
4830 5 2 1 1 5628 5829 5830 5630 5640 5838 5839 5641
4831 5 2 1 1 5630 5830 5831 5632 5641 5839 5840 5642
4832 5 2 1 1 5632 5831 5832 5634 5642 5840 5841 5643
4833 5 2 1 1 5635 5833 5834 5636 5644 5842 5843 5645
4834 5 2 1 1 5636 5834 5835 5637 5645 5843 5844 5646
4835 5 2 1 1 5637 5835 5836 5638 5646 5844 5845 5647
4836 5 2 1 1 5638 5836 5837 5639 5647 5845 5846 5648
4837 5 2 1 1 5639 5837 5838 5640 5648 5846 5847 5649
4838 5 2 1 1 5640 5838 5839 5641 5649 5847 5848 5650
4839 5 2 1 1 5641 5839 5840 5642 5650 5848 5849 5651
4840 5 2 1 1 5642 5840 5841 5643 5651 5849 5850 5652
4841 5 2 1 1 5644 5842 5843 5645 5653 5851 5852 5654
4842 5 2 1 1 5645 5843 5844 5646 5654 5852 5853 5655
4843 5 2 1 1 5646 5844 5845 5647 5655 5853 5854 5656
4844 5 2 1 1 5647 5845 5846 5648 5656 5854 5855 5657
4845 5 2 1 1 5648 5846 5847 5649 5657 5855 5856 5658
4846 5 2 1 1 5649 5847 5848 5650 5658 5856 5857 5659
4847 5 2 1 1 5650 5848 5849 5651 5659 5857 5858 5660
4848 5 2 1 1 5651 5849 5850 5652 5660 5858 5859 5661
4849 5 2 1 1 5653 5851 5852 5654 5662 5860 5861 5663
4850 5 2 1 1 5654 5852 5853 5655 5663 5861 5862 5664
4851 5 2 1 1 5655 5853 5854 5656 5664 5862 5863 5665
4852 5 2 1 1 5656 5854 5855 5657 5665 5863 5864 5666
4853 5 2 1 1 5657 5855 5856 5658 5666 5864 5865 5667
4854 5 2 1 1 5658 5856 5857 5659 5667 5865 5866 5668
4855 5 2 1 1 5659 5857 5858 5660 5668 5866 5867 5669
4856 5 2 1 1 5660 5858 5859 5661 5669 5867 5868 5670
4857 5 2 1 1 5662 5860 5861 5663 5671 5869 5870 5672
4858 5 2 1 1 5663 5861 5862 5664 5672 5870 5871 5673
4859 5 2 1 1 5664 5862 5863 5665 5673 5871 5872 5674
4860 5 2 1 1 5665 5863 5864 5666 5674 5872 5873 5675
4861 5 2 1 1 5666 5864 5865 5667 5675 5873 5874 5676
4862 5 2 1 1 5667 5865 5866 5668 5676 5874 5875 5677
4863 5 2 1 1 5668 5866 5867 5669 5677 5875 5876 5678
4864 5 2 1 1 5669 5867 5868 5670 5678 5876 5877 5679
4865 5 2 1 1 5671 5869 5870 5672 5680 5878 5879 5681
4866 5 2 1 1 5672 5870 5871 5673 5681 5879 5880 5682
4867 5 2 1 1 5673 5871 5872 5674 5682 5880 5881 5683
4868 5 2 1 1 5674 5872 5873 5675 5683 5881 5882 5684
4869 5 2 1 1 5675 5873 5874 5676 5684 5882 5883 5685
4870 5 2 1 1 5676 5874 5875 5677 5685 5883 5884 5686
4871 5 2 1 1 5677 5875 5876 5678 5686 5884 5885 5687
4872 5 2 1 1 5678 5876 5877 5679 5687 5885 5886 5688
4873 5 2 1 1 5680 5878 5879 5681 5689 5887 5888 5690
4874 5 2 1 1 5681 5879 5880 5682 5690 5888 5889 5691
4875 5 2 1 1 5682 5880 5881 5683 5691 5889 5890 5692
4876 5 2 1 1 5683 5881 5882 5684 5692 5890 5891 5693
4877 5 2 1 1 5684 5882 5883 5685 5693 5891 5892 5694
4878 5 2 1 1 5685 5883 5884 5686 5694 5892 5893 5695
4879 5 2 1 1 5686 5884 5885 5687 5695 5893 5894 5696
4880 5 2 1 1 5687 5885 5886 5688 5696 5894 5895 5697
4881 5 2 1 1 5689 5887 5888 5690 5698 5896 5897 5699
4882 5 2 1 1 5690 5888 5889 5691 5699 5897 5898 5700
4883 5 2 1 1 5691 5889 5890 5692 5700 5898 5899 5701
4884 5 2 1 1 5692 5890 5891 5693 5701 5899 5900 5702
4885 5 2 1 1 5693 5891 5892 5694 5702 5900 5901 5703
4886 5 2 1 1 5694 5892 5893 5695 5703 5901 5902 5704
4887 5 2 1 1 5695 5893 5894 5696 5704 5902 5903 5705
4888 5 2 1 1 5696 5894 5895 5697 5705 5903 5904 5706
4889 5 2 1 1 5698 5896 5897 5699 5707 5905 5906 5708
4890 5 2 1 1 5699 5897 5898 5700 5708 5906 5907 5709
4891 5 2 1 1 5700 5898 5899 5701 5709 5907 5908 5710
4892 5 2 1 1 5701 5899 5900 5702 5710 5908 5909 5711
4893 5 2 1 1 5702 5900 5901 5703 5711 5909 5910 5712
4894 5 2 1 1 5703 5901 5902 5704 5712 5910 5911 5713
4895 5 2 1 1 5704 5902 5903 5705 5713 5911 5912 5714
4896 5 2 1 1 5705 5903 5904 5706 5714 5912 5913 5715
4897 5 2 1 1 5707 5905 5906 5708 5716 5914 5915 5717
4898 5 2 1 1 5708 5906 5907 5709 5717 5915 5916 5718
4899 5 2 1 1 5709 5907 5908 5710 5718 5916 5917 5719
4900 5 2 1 1 5710 5908 5909 5711 5719 5917 5918 5720
4901 5 2 1 1 5711 5909 5910 5712 5720 5918 5919 5721
4902 5 2 1 1 5712 5910 5911 5713 5721 5919 5920 5722
4903 5 2 1 1 5713 5911 5912 5714 5722 5920 5921 5723
4904 5 2 1 1 5714 5912 5913 5715 5723 5921 5922 5724
4905 5 2 1 1 5716 5914 5915 5717 5725 5923 5924 5726
4906 5 2 1 1 5717 5915 5916 5718 5726 5924 5925 5727
4907 5 2 1 1 5718 5916 5917 5719 5727 5925 5926 5728
4908 5 2 1 1 5719 5917 5918 5720 5728 5926 5927 5729
4909 5 2 1 1 5720 5918 5919 5721 5729 5927 5928 5730
4910 5 2 1 1 5721 5919 5920 5722 5730 5928 5929 5731
4911 5 2 1 1 5722 5920 5921 5723 5731 5929 5930 5732
4912 5 2 1 1 5723 5921 5922 5724 5732 5930 5931 5733
4913 5 2 1 1 5725 5923 5924 5726 5734 5932 5933 5735
4914 5 2 1 1 5726 5924 5925 5727 5735 5933 5934 5736
4915 5 2 1 1 5727 5925 5926 5728 5736 5934 5935 5737
4916 5 2 1 1 5728 5926 5927 5729 5737 5935 5936 5738
4917 5 2 1 1 5729 5927 5928 5730 5738 5936 5937 5739
4918 5 2 1 1 5730 5928 5929 5731 5739 5937 5938 5740
4919 5 2 1 1 5731 5929 5930 5732 5740 5938 5939 5741
4920 5 2 1 1 5732 5930 5931 5733 5741 5939 5940 5742
4921 5 2 1 1 5734 5932 5933 5735 5743 5941 5942 5744
4922 5 2 1 1 5735 5933 5934 5736 5744 5942 5943 5745
4923 5 2 1 1 5736 5934 5935 5737 5745 5943 5944 5746
4924 5 2 1 1 5737 5935 5936 5738 5746 5944 5945 5747
4925 5 2 1 1 5738 5936 5937 5739 5747 5945 5946 5748
4926 5 2 1 1 5739 5937 5938 5740 5748 5946 5947 5749
4927 5 2 1 1 5740 5938 5939 5741 5749 5947 5948 5750
4928 5 2 1 1 5741 5939 5940 5742 5750 5948 5949 5751
4929 5 2 1 1 5743 5941 5942 5744 5752 5950 5951 5753
4930 5 2 1 1 5744 5942 5943 5745 5753 5951 5952 5754
4931 5 2 1 1 5745 5943 5944 5746 5754 5952 5953 5755
4932 5 2 1 1 5746 5944 5945 5747 5755 5953 5954 5756
4933 5 2 1 1 5747 5945 5946 5748 5756 5954 5955 5757
4934 5 2 1 1 5748 5946 5947 5749 5757 5955 5956 5758
4935 5 2 1 1 5749 5947 5948 5750 5758 5956 5957 5759
4936 5 2 1 1 5750 5948 5949 5751 5759 5957 5958 5760
4937 5 2 1 1 5752 5950 5951 5753 5761 5959 5960 5762
4938 5 2 1 1 5753 5951 5952 5754 5762 5960 5961 5763
4939 5 2 1 1 5754 5952 5953 5755 5763 5961 5962 5764
4940 5 2 1 1 5755 5953 5954 5756 5764 5962 5963 5765
4941 5 2 1 1 5756 5954 5955 5757 5765 5963 5964 5766
4942 5 2 1 1 5757 5955 5956 5758 5766 5964 5965 5767
4943 5 2 1 1 5758 5956 5957 5759 5767 5965 5966 5768
4944 5 2 1 1 5759 5957 5958 5760 5768 5966 5967 5769
4945 5 2 1 1 5761 5959 5960 5762 5770 5968 5969 5771
4946 5 2 1 1 5762 5960 5961 5763 5771 5969 5970 5772
4947 5 2 1 1 5763 5961 5962 5764 5772 5970 5971 5773
4948 5 2 1 1 5764 5962 5963 5765 5773 5971 5972 5774
4949 5 2 1 1 5765 5963 5964 5766 5774 5972 5973 5775
4950 5 2 1 1 5766 5964 5965 5767 5775 5973 5974 5776
4951 5 2 1 1 5767 5965 5966 5768 5776 5974 5975 5777
4952 5 2 1 1 5768 5966 5967 5769 5777 5975 5976 5778
4953 5 2 1 1 5770 5968 5969 5771 5779 5977 5978 5780
4954 5 2 1 1 5771 5969 5970 5772 5780 5978 5979 5781
4955 5 2 1 1 5772 5970 5971 5773 5781 5979 5980 5782
4956 5 2 1 1 5773 5971 5972 5774 5782 5980 5981 5783
4957 5 2 1 1 5774 5972 5973 5775 5783 5981 5982 5784
4958 5 2 1 1 5775 5973 5974 5776 5784 5982 5983 5785
4959 5 2 1 1 5776 5974 5975 5777 5785 5983 5984 5786
4960 5 2 1 1 5777 5975 5976 5778 5786 5984 5985 5787
4961 5 2 1 1 5779 5977 5978 5780 5788 5986 5987 5789
4962 5 2 1 1 5780 5978 5979 5781 5789 5987 5988 5790
4963 5 2 1 1 5781 5979 5980 5782 5790 5988 5989 5791
4964 5 2 1 1 5782 5980 5981 5783 5791 5989 5990 5792
4965 5 2 1 1 5783 5981 5982 5784 5792 5990 5991 5793
4966 5 2 1 1 5784 5982 5983 5785 5793 5991 5992 5794
4967 5 2 1 1 5785 5983 5984 5786 5794 5992 5993 5795
4968 5 2 1 1 5786 5984 5985 5787 5795 5993 5994 5796
4969 5 2 1 1 5788 5986 5987 5789 5797 5995 5996 5798
4970 5 2 1 1 5789 5987 5988 5790 5798 5996 5997 5799
4971 5 2 1 1 5790 5988 5989 5791 5799 5997 5998 5800
4972 5 2 1 1 5791 5989 5990 5792 5800 5998 5999 5801
4973 5 2 1 1 5792 5990 5991 5793 5801 5999 6000 5802
4974 5 2 1 1 5793 5991 5992 5794 5802 6000 6001 5803
4975 5 2 1 1 5794 5992 5993 5795 5803 6001 6002 5804
4976 5 2 1 1 5795 5993 5994 5796 5804 6002 6003 5805
4977 5 2 1 1 5797 5995 5996 5798 5806 6004 6005 5807
4978 5 2 1 1 5798 5996 5997 5799 5807 6005 6006 5808
4979 5 2 1 1 5799 5997 5998 5800 5808 6006 6007 5809
4980 5 2 1 1 5800 5998 5999 5801 5809 6007 6008 5810
4981 5 2 1 1 5801 5999 6000 5802 5810 6008 6009 5811
4982 5 2 1 1 5802 6000 6001 5803 5811 6009 6010 5812
4983 5 2 1 1 5803 6001 6002 5804 5812 6010 6011 5813
4984 5 2 1 1 5804 6002 6003 5805 5813 6011 6012 5814
4985 5 2 1 1 5806 6004 6005 5807 5815 6013 6014 5816
4986 5 2 1 1 5807 6005 6006 5808 5816 6014 6015 5817
4987 5 2 1 1 5808 6006 6007 5809 5817 6015 6016 5818
4988 5 2 1 1 5809 6007 6008 5810 5818 6016 6017 5819
4989 5 2 1 1 5810 6008 6009 5811 5819 6017 6018 5820
4990 5 2 1 1 5811 6009 6010 5812 5820 6018 6019 5821
4991 5 2 1 1 5812 6010 6011 5813 5821 6019 6020 5822
4992 5 2 1 1 5813 6011 6012 5814 5822 6020 6021 5823
4993 5 2 1 1 5824 6022 6024 5825 5833 6023 6025 5834
4994 5 2 1 1 5825 6024 6026 5826 5834 6025 6027 5835
4995 5 2 1 1 5826 6026 6028 5827 5835 6027 6029 5836
4996 5 2 1 1 5827 6028 6030 5828 5836 6029 6031 5837
4997 5 2 1 1 5828 6030 6032 5829 5837 6031 6033 5838
4998 5 2 1 1 5829 6032 6034 5830 5838 6033 6035 5839
4999 5 2 1 1 5830 6034 6036 5831 5839 6035 6037 5840
5000 5 2 1 1 5831 6036 6038 5832 5840 6037 6039 5841
5001 5 2 1 1 5833 6023 6025 5834 5842 6040 6041 5843
5002 5 2 1 1 5834 6025 6027 5835 5843 6041 6042 5844
5003 5 2 1 1 5835 6027 6029 5836 5844 6042 6043 5845
5004 5 2 1 1 5836 6029 6031 5837 5845 6043 6044 5846
5005 5 2 1 1 5837 6031 6033 5838 5846 6044 6045 5847
5006 5 2 1 1 5838 6033 6035 5839 5847 6045 6046 5848
5007 5 2 1 1 5839 6035 6037 5840 5848 6046 6047 5849
5008 5 2 1 1 5840 6037 6039 5841 5849 6047 6048 5850
5009 5 2 1 1 5842 6040 6041 5843 5851 6049 6050 5852
5010 5 2 1 1 5843 6041 6042 5844 5852 6050 6051 5853
5011 5 2 1 1 5844 6042 6043 5845 5853 6051 6052 5854
5012 5 2 1 1 5845 6043 6044 5846 5854 6052 6053 5855
5013 5 2 1 1 5846 6044 6045 5847 5855 6053 6054 5856
5014 5 2 1 1 5847 6045 6046 5848 5856 6054 6055 5857
5015 5 2 1 1 5848 6046 6047 5849 5857 6055 6056 5858
5016 5 2 1 1 5849 6047 6048 5850 5858 6056 6057 5859
5017 5 2 1 1 5851 6049 6050 5852 5860 6058 6059 5861
5018 5 2 1 1 5852 6050 6051 5853 5861 6059 6060 5862
5019 5 2 1 1 5853 6051 6052 5854 5862 6060 6061 5863
5020 5 2 1 1 5854 6052 6053 5855 5863 6061 6062 5864
5021 5 2 1 1 5855 6053 6054 5856 5864 6062 6063 5865
5022 5 2 1 1 5856 6054 6055 5857 5865 6063 6064 5866
5023 5 2 1 1 5857 6055 6056 5858 5866 6064 6065 5867
5024 5 2 1 1 5858 6056 6057 5859 5867 6065 6066 5868
5025 5 2 1 1 5860 6058 6059 5861 5869 6067 6068 5870
5026 5 2 1 1 5861 6059 6060 5862 5870 6068 6069 5871
5027 5 2 1 1 5862 6060 6061 5863 5871 6069 6070 5872
5028 5 2 1 1 5863 6061 6062 5864 5872 6070 6071 5873
5029 5 2 1 1 5864 6062 6063 5865 5873 6071 6072 5874
5030 5 2 1 1 5865 6063 6064 5866 5874 6072 6073 5875
5031 5 2 1 1 5866 6064 6065 5867 5875 6073 6074 5876
5032 5 2 1 1 5867 6065 6066 5868 5876 6074 6075 5877
5033 5 2 1 1 5869 6067 6068 5870 5878 6076 6077 5879
5034 5 2 1 1 5870 6068 6069 5871 5879 6077 6078 5880
5035 5 2 1 1 5871 6069 6070 5872 5880 6078 6079 5881
5036 5 2 1 1 5872 6070 6071 5873 5881 6079 6080 5882
5037 5 2 1 1 5873 6071 6072 5874 5882 6080 6081 5883
5038 5 2 1 1 5874 6072 6073 5875 5883 6081 6082 5884
5039 5 2 1 1 5875 6073 6074 5876 5884 6082 6083 5885
5040 5 2 1 1 5876 6074 6075 5877 5885 6083 6084 5886
5041 5 2 1 1 5878 6076 6077 5879 5887 6085 6086 5888
5042 5 2 1 1 5879 6077 6078 5880 5888 6086 6087 5889
5043 5 2 1 1 5880 6078 6079 5881 5889 6087 6088 5890
5044 5 2 1 1 5881 6079 6080 5882 5890 6088 6089 5891
5045 5 2 1 1 5882 6080 6081 5883 5891 6089 6090 5892
5046 5 2 1 1 5883 6081 6082 5884 5892 6090 6091 5893
5047 5 2 1 1 5884 6082 6083 5885 5893 6091 6092 5894
5048 5 2 1 1 5885 6083 6084 5886 5894 6092 6093 5895
5049 5 2 1 1 5887 6085 6086 5888 5896 6094 6095 5897
5050 5 2 1 1 5888 6086 6087 5889 5897 6095 6096 5898
5051 5 2 1 1 5889 6087 6088 5890 5898 6096 6097 5899
5052 5 2 1 1 5890 6088 6089 5891 5899 6097 6098 5900
5053 5 2 1 1 5891 6089 6090 5892 5900 6098 6099 5901
5054 5 2 1 1 5892 6090 6091 5893 5901 6099 6100 5902
5055 5 2 1 1 5893 6091 6092 5894 5902 6100 6101 5903
5056 5 2 1 1 5894 6092 6093 5895 5903 6101 6102 5904
5057 5 2 1 1 5896 6094 6095 5897 5905 6103 6104 5906
5058 5 2 1 1 5897 6095 6096 5898 5906 6104 6105 5907
5059 5 2 1 1 5898 6096 6097 5899 5907 6105 6106 5908
5060 5 2 1 1 5899 6097 6098 5900 5908 6106 6107 5909
5061 5 2 1 1 5900 6098 6099 5901 5909 6107 6108 5910
5062 5 2 1 1 5901 6099 6100 5902 5910 6108 6109 5911
5063 5 2 1 1 5902 6100 6101 5903 5911 6109 6110 5912
5064 5 2 1 1 5903 6101 6102 5904 5912 6110 6111 5913
5065 5 2 1 1 5905 6103 6104 5906 5914 6112 6113 5915
5066 5 2 1 1 5906 6104 6105 5907 5915 6113 6114 5916
5067 5 2 1 1 5907 6105 6106 5908 5916 6114 6115 5917
5068 5 2 1 1 5908 6106 6107 5909 5917 6115 6116 5918
5069 5 2 1 1 5909 6107 6108 5910 5918 6116 6117 5919
5070 5 2 1 1 5910 6108 6109 5911 5919 6117 6118 5920
5071 5 2 1 1 5911 6109 6110 5912 5920 6118 6119 5921
5072 5 2 1 1 5912 6110 6111 5913 5921 6119 6120 5922
5073 5 2 1 1 5914 6112 6113 5915 5923 6121 6122 5924
5074 5 2 1 1 5915 6113 6114 5916 5924 6122 6123 5925
5075 5 2 1 1 5916 6114 6115 5917 5925 6123 6124 5926
5076 5 2 1 1 5917 6115 6116 5918 5926 6124 6125 5927
5077 5 2 1 1 5918 6116 6117 5919 5927 6125 6126 5928
5078 5 2 1 1 5919 6117 6118 5920 5928 6126 6127 5929
5079 5 2 1 1 5920 6118 6119 5921 5929 6127 6128 5930
5080 5 2 1 1 5921 6119 6120 5922 5930 6128 6129 5931
5081 5 2 1 1 5923 6121 6122 5924 5932 6130 6131 5933
5082 5 2 1 1 5924 6122 6123 5925 5933 6131 6132 5934
5083 5 2 1 1 5925 6123 6124 5926 5934 6132 6133 5935
5084 5 2 1 1 5926 6124 6125 5927 5935 6133 6134 5936
5085 5 2 1 1 5927 6125 6126 5928 5936 6134 6135 5937
5086 5 2 1 1 5928 6126 6127 5929 5937 6135 6136 5938
5087 5 2 1 1 5929 6127 6128 5930 5938 6136 6137 5939
5088 5 2 1 1 5930 6128 6129 5931 5939 6137 6138 5940
5089 5 2 1 1 5932 6130 6131 5933 5941 6139 6140 5942
5090 5 2 1 1 5933 6131 6132 5934 5942 6140 6141 5943
5091 5 2 1 1 5934 6132 6133 5935 5943 6141 6142 5944
5092 5 2 1 1 5935 6133 6134 5936 5944 6142 6143 5945
5093 5 2 1 1 5936 6134 6135 5937 5945 6143 6144 5946
5094 5 2 1 1 5937 6135 6136 5938 5946 6144 6145 5947
5095 5 2 1 1 5938 6136 6137 5939 5947 6145 6146 5948
5096 5 2 1 1 5939 6137 6138 5940 5948 6146 6147 5949
5097 5 2 1 1 5941 6139 6140 5942 5950 6148 6149 5951
5098 5 2 1 1 5942 6140 6141 5943 5951 6149 6150 5952
5099 5 2 1 1 5943 6141 6142 5944 5952 6150 6151 5953
5100 5 2 1 1 5944 6142 6143 5945 5953 6151 6152 5954
5101 5 2 1 1 5945 6143 6144 5946 5954 6152 6153 5955
5102 5 2 1 1 5946 6144 6145 5947 5955 6153 6154 5956
5103 5 2 1 1 5947 6145 6146 5948 5956 6154 6155 5957
5104 5 2 1 1 5948 6146 6147 5949 5957 6155 6156 5958
5105 5 2 1 1 5950 6148 6149 5951 5959 6157 6158 5960
5106 5 2 1 1 5951 6149 6150 5952 5960 6158 6159 5961
5107 5 2 1 1 5952 6150 6151 5953 5961 6159 6160 5962
5108 5 2 1 1 5953 6151 6152 5954 5962 6160 6161 5963
5109 5 2 1 1 5954 6152 6153 5955 5963 6161 6162 5964
5110 5 2 1 1 5955 6153 6154 5956 5964 6162 6163 5965
5111 5 2 1 1 5956 6154 6155 5957 5965 6163 6164 5966
5112 5 2 1 1 5957 6155 6156 5958 5966 6164 6165 5967
5113 5 2 1 1 5959 6157 6158 5960 5968 6166 6167 5969
5114 5 2 1 1 5960 6158 6159 5961 5969 6167 6168 5970
5115 5 2 1 1 5961 6159 6160 5962 5970 6168 6169 5971
5116 5 2 1 1 5962 6160 6161 5963 5971 6169 6170 5972
5117 5 2 1 1 5963 6161 6162 5964 5972 6170 6171 5973
5118 5 2 1 1 5964 6162 6163 5965 5973 6171 6172 5974
5119 5 2 1 1 5965 6163 6164 5966 5974 6172 6173 5975
5120 5 2 1 1 5966 6164 6165 5967 5975 6173 6174 5976
5121 5 2 1 1 5968 6166 6167 5969 5977 6175 6176 5978
5122 5 2 1 1 5969 6167 6168 5970 5978 6176 6177 5979
5123 5 2 1 1 5970 6168 6169 5971 5979 6177 6178 5980
5124 5 2 1 1 5971 6169 6170 5972 5980 6178 6179 5981
5125 5 2 1 1 5972 6170 6171 5973 5981 6179 6180 5982
5126 5 2 1 1 5973 6171 6172 5974 5982 6180 6181 5983
5127 5 2 1 1 5974 6172 6173 5975 5983 6181 6182 5984
5128 5 2 1 1 5975 6173 6174 5976 5984 6182 6183 5985
5129 5 2 1 1 5977 6175 6176 5978 5986 6184 6185 5987
5130 5 2 1 1 5978 6176 6177 5979 5987 6185 6186 5988
5131 5 2 1 1 5979 6177 6178 5980 5988 6186 6187 5989
5132 5 2 1 1 5980 6178 6179 5981 5989 6187 6188 5990
5133 5 2 1 1 5981 6179 6180 5982 5990 6188 6189 5991
5134 5 2 1 1 5982 6180 6181 5983 5991 6189 6190 5992
5135 5 2 1 1 5983 6181 6182 5984 5992 6190 6191 5993
5136 5 2 1 1 5984 6182 6183 5985 5993 6191 6192 5994
5137 5 2 1 1 5986 6184 6185 5987 5995 6193 6194 5996
5138 5 2 1 1 5987 6185 6186 5988 5996 6194 6195 5997
5139 5 2 1 1 5988 6186 6187 5989 5997 6195 6196 5998
5140 5 2 1 1 5989 6187 6188 5990 5998 6196 6197 5999
5141 5 2 1 1 5990 6188 6189 5991 5999 6197 6198 6000
5142 5 2 1 1 5991 6189 6190 5992 6000 6198 6199 6001
5143 5 2 1 1 5992 6190 6191 5993 6001 6199 6200 6002
5144 5 2 1 1 5993 6191 6192 5994 6002 6200 6201 6003
5145 5 2 1 1 5995 6193 6194 5996 6004 6202 6203 6005
5146 5 2 1 1 5996 6194 6195 5997 6005 6203 6204 6006
5147 5 2 1 1 5997 6195 6196 5998 6006 6204 6205 6007
5148 5 2 1 1 5998 6196 6197 5999 6007 6205 6206 6008
5149 5 2 1 1 5999 6197 6198 6000 6008 6206 6207 6009
5150 5 2 1 1 6000 6198 6199 6001 6009 6207 6208 6010
5151 5 2 1 1 6001 6199 6200 6002 6010 6208 6209 6011
5152 5 2 1 1 6002 6200 6201 6003 6011 6209 6210 6012
5153 5 2 1 1 6004 6202 6203 6005 6013 6211 6212 6014
5154 5 2 1 1 6005 6203 6204 6006 6014 6212 6213 6015
5155 5 2 1 1 6006 6204 6205 6007 6015 6213 6214 6016
5156 5 2 1 1 6007 6205 6206 6008 6016 6214 6215 6017
5157 5 2 1 1 6008 6206 6207 6009 6017 6215 6216 6018
5158 5 2 1 1 6009 6207 6208 6010 6018 6216 6217 6019
5159 5 2 1 1 6010 6208 6209 6011 6019 6217 6218 6020
5160 5 2 1 1 6011 6209 6210 6012 6020 6218 6219 6021
5161 6 2 1 1 6022 6023 6220 6024 6025 6221
5162 6 2 1 1 6024 6025 6221 6026 6027 6222
5163 6 2 1 1 6026 6027 6222 6028 6029 6223
5164 6 2 1 1 6028 6029 6223 6030 6031 6224
5165 6 2 1 1 6030 6031 6224 6032 6033 6225
5166 6 2 1 1 6032 6033 6225 6034 6035 6226
5167 6 2 1 1 6034 6035 6226 6036 6037 6227
5168 6 2 1 1 6036 6037 6227 6038 6039 6228
5169 5 2 1 1 6023 6220 6221 6025 6040 6229 6230 6041
5170 5 2 1 1 6025 6221 6222 6027 6041 6230 6231 6042
5171 5 2 1 1 6027 6222 6223 6029 6042 6231 6232 6043
5172 5 2 1 1 6029 6223 6224 6031 6043 6232 6233 6044
5173 5 2 1 1 6031 6224 6225 6033 6044 6233 6234 6045
5174 5 2 1 1 6033 6225 6226 6035 6045 6234 6235 6046
5175 5 2 1 1 6035 6226 6227 6037 6046 6235 6236 6047
5176 5 2 1 1 6037 6227 6228 6039 6047 6236 6237 6048
5177 5 2 1 1 6040 6229 6230 6041 6049 6238 6239 6050
5178 5 2 1 1 6041 6230 6231 6042 6050 6239 6240 6051
5179 5 2 1 1 6042 6231 6232 6043 6051 6240 6241 6052
5180 5 2 1 1 6043 6232 6233 6044 6052 6241 6242 6053
5181 5 2 1 1 6044 6233 6234 6045 6053 6242 6243 6054
5182 5 2 1 1 6045 6234 6235 6046 6054 6243 6244 6055
5183 5 2 1 1 6046 6235 6236 6047 6055 6244 6245 6056
5184 5 2 1 1 6047 6236 6237 6048 6056 6245 6246 6057
5185 5 2 1 1 6049 6238 6239 6050 6058 6247 6248 6059
5186 5 2 1 1 6050 6239 6240 6051 6059 6248 6249 6060
5187 5 2 1 1 6051 6240 6241 6052 6060 6249 6250 6061
5188 5 2 1 1 6052 6241 6242 6053 6061 6250 6251 6062
5189 5 2 1 1 6053 6242 6243 6054 6062 6251 6252 6063
5190 5 2 1 1 6054 6243 6244 6055 6063 6252 6253 6064
5191 5 2 1 1 6055 6244 6245 6056 6064 6253 6254 6065
5192 5 2 1 1 6056 6245 6246 6057 6065 6254 6255 6066
5193 5 2 1 1 6058 6247 6248 6059 6067 6256 6257 6068
5194 5 2 1 1 6059 6248 6249 6060 6068 6257 6258 6069
5195 5 2 1 1 6060 6249 6250 6061 6069 6258 6259 6070
5196 5 2 1 1 6061 6250 6251 6062 6070 6259 6260 6071
5197 5 2 1 1 6062 6251 6252 6063 6071 6260 6261 6072
5198 5 2 1 1 6063 6252 6253 6064 6072 6261 6262 6073
5199 5 2 1 1 6064 6253 6254 6065 6073 6262 6263 6074
5200 5 2 1 1 6065 6254 6255 6066 6074 6263 6264 6075
5201 5 2 1 1 6067 6256 6257 6068 6076 6265 6266 6077
5202 5 2 1 1 6068 6257 6258 6069 6077 6266 6267 6078
5203 5 2 1 1 6069 6258 6259 6070 6078 6267 6268 6079
5204 5 2 1 1 6070 6259 6260 6071 6079 6268 6269 6080
5205 5 2 1 1 6071 6260 6261 6072 6080 6269 6270 6081
5206 5 2 1 1 6072 6261 6262 6073 6081 6270 6271 6082
5207 5 2 1 1 6073 6262 6263 6074 6082 6271 6272 6083
5208 5 2 1 1 6074 6263 6264 6075 6083 6272 6273 6084
5209 5 2 1 1 6076 6265 6266 6077 6085 6274 6275 6086
5210 5 2 1 1 6077 6266 6267 6078 6086 6275 6276 6087
5211 5 2 1 1 6078 6267 6268 6079 6087 6276 6277 6088
5212 5 2 1 1 6079 6268 6269 6080 6088 6277 6278 6089
5213 5 2 1 1 6080 6269 6270 6081 6089 6278 6279 6090
5214 5 2 1 1 6081 6270 6271 6082 6090 6279 6280 6091
5215 5 2 1 1 6082 6271 6272 6083 6091 6280 6281 6092
5216 5 2 1 1 6083 6272 6273 6084 6092 6281 6282 6093
5217 5 2 1 1 6085 6274 6275 6086 6094 6283 6284 6095
5218 5 2 1 1 6086 6275 6276 6087 6095 6284 6285 6096
5219 5 2 1 1 6087 6276 6277 6088 6096 6285 6286 6097
5220 5 2 1 1 6088 6277 6278 6089 6097 6286 6287 6098
5221 5 2 1 1 6089 6278 6279 6090 6098 6287 6288 6099
5222 5 2 1 1 6090 6279 6280 6091 6099 6288 6289 6100
5223 5 2 1 1 6091 6280 6281 6092 6100 6289 6290 6101
5224 5 2 1 1 6092 6281 6282 6093 6101 6290 6291 6102
5225 5 2 1 1 6094 6283 6284 6095 6103 6292 6293 6104
5226 5 2 1 1 6095 6284 6285 6096 6104 6293 6294 6105
5227 5 2 1 1 6096 6285 6286 6097 6105 6294 6295 6106
5228 5 2 1 1 6097 6286 6287 6098 6106 6295 6296 6107
5229 5 2 1 1 6098 6287 6288 6099 6107 6296 6297 6108
5230 5 2 1 1 6099 6288 6289 6100 6108 6297 6298 6109
5231 5 2 1 1 6100 6289 6290 6101 6109 6298 6299 6110
5232 5 2 1 1 6101 6290 6291 6102 6110 6299 6300 6111
5233 5 2 1 1 6103 6292 6293 6104 6112 6301 6302 6113
5234 5 2 1 1 6104 6293 6294 6105 6113 6302 6303 6114
5235 5 2 1 1 6105 6294 6295 6106 6114 6303 6304 6115
5236 5 2 1 1 6106 6295 6296 6107 6115 6304 6305 6116
5237 5 2 1 1 6107 6296 6297 6108 6116 6305 6306 6117
5238 5 2 1 1 6108 6297 6298 6109 6117 6306 6307 6118
5239 5 2 1 1 6109 6298 6299 6110 6118 6307 6308 6119
5240 5 2 1 1 6110 6299 6300 6111 6119 6308 6309 6120
5241 5 2 1 1 6112 6301 6302 6113 6121 6310 6311 6122
5242 5 2 1 1 6113 6302 6303 6114 6122 6311 6312 6123
5243 5 2 1 1 6114 6303 6304 6115 6123 6312 6313 6124
5244 5 2 1 1 6115 6304 6305 6116 6124 6313 6314 6125
5245 5 2 1 1 6116 6305 6306 6117 6125 6314 6315 6126
5246 5 2 1 1 6117 6306 6307 6118 6126 6315 6316 6127
5247 5 2 1 1 6118 6307 6308 6119 6127 6316 6317 6128
5248 5 2 1 1 6119 6308 6309 6120 6128 6317 6318 6129
5249 5 2 1 1 6121 6310 6311 6122 6130 6319 6320 6131
5250 5 2 1 1 6122 6311 6312 6123 6131 6320 6321 6132
5251 5 2 1 1 6123 6312 6313 6124 6132 6321 6322 6133
5252 5 2 1 1 6124 6313 6314 6125 6133 6322 6323 6134
5253 5 2 1 1 6125 6314 6315 6126 6134 6323 6324 6135
5254 5 2 1 1 6126 6315 6316 6127 6135 6324 6325 6136
5255 5 2 1 1 6127 6316 6317 6128 6136 6325 6326 6137
5256 5 2 1 1 6128 6317 6318 6129 6137 6326 6327 6138
5257 5 2 1 1 6130 6319 6320 6131 6139 6328 6329 6140
5258 5 2 1 1 6131 6320 6321 6132 6140 6329 6330 6141
5259 5 2 1 1 6132 6321 6322 6133 6141 6330 6331 6142
5260 5 2 1 1 6133 6322 6323 6134 6142 6331 6332 6143
5261 5 2 1 1 6134 6323 6324 6135 6143 6332 6333 6144
5262 5 2 1 1 6135 6324 6325 6136 6144 6333 6334 6145
5263 5 2 1 1 6136 6325 6326 6137 6145 6334 6335 6146
5264 5 2 1 1 6137 6326 6327 6138 6146 6335 6336 6147
5265 5 2 1 1 6139 6328 6329 6140 6148 6337 6338 6149
5266 5 2 1 1 6140 6329 6330 6141 6149 6338 6339 6150
5267 5 2 1 1 6141 6330 6331 6142 6150 6339 6340 6151
5268 5 2 1 1 6142 6331 6332 6143 6151 6340 6341 6152
5269 5 2 1 1 6143 6332 6333 6144 6152 6341 6342 6153
5270 5 2 1 1 6144 6333 6334 6145 6153 6342 6343 6154
5271 5 2 1 1 6145 6334 6335 6146 6154 6343 6344 6155
5272 5 2 1 1 6146 6335 6336 6147 6155 6344 6345 6156
5273 5 2 1 1 6148 6337 6338 6149 6157 6346 6347 6158
5274 5 2 1 1 6149 6338 6339 6150 6158 6347 6348 6159
5275 5 2 1 1 6150 6339 6340 6151 6159 6348 6349 6160
5276 5 2 1 1 6151 6340 6341 6152 6160 6349 6350 6161
5277 5 2 1 1 6152 6341 6342 6153 6161 6350 6351 6162
5278 5 2 1 1 6153 6342 6343 6154 6162 6351 6352 6163
5279 5 2 1 1 6154 6343 6344 6155 6163 6352 6353 6164
5280 5 2 1 1 6155 6344 6345 6156 6164 6353 6354 6165
5281 5 2 1 1 6157 6346 6347 6158 6166 6355 6356 6167
5282 5 2 1 1 6158 6347 6348 6159 6167 6356 6357 6168
5283 5 2 1 1 6159 6348 6349 6160 6168 6357 6358 6169
5284 5 2 1 1 6160 6349 6350 6161 6169 6358 6359 6170
5285 5 2 1 1 6161 6350 6351 6162 6170 6359 6360 6171
5286 5 2 1 1 6162 6351 6352 6163 6171 6360 6361 6172
5287 5 2 1 1 6163 6352 6353 6164 6172 6361 6362 6173
5288 5 2 1 1 6164 6353 6354 6165 6173 6362 6363 6174
5289 5 2 1 1 6166 6355 6356 6167 6175 6364 6365 6176
5290 5 2 1 1 6167 6356 6357 6168 6176 6365 6366 6177
5291 5 2 1 1 6168 6357 6358 6169 6177 6366 6367 6178
5292 5 2 1 1 6169 6358 6359 6170 6178 6367 6368 6179
5293 5 2 1 1 6170 6359 6360 6171 6179 6368 6369 6180
5294 5 2 1 1 6171 6360 6361 6172 6180 6369 6370 6181
5295 5 2 1 1 6172 6361 6362 6173 6181 6370 6371 6182
5296 5 2 1 1 6173 6362 6363 6174 6182 6371 6372 6183
5297 5 2 1 1 6175 6364 6365 6176 6184 6373 6374 6185
5298 5 2 1 1 6176 6365 6366 6177 6185 6374 6375 6186
5299 5 2 1 1 6177 6366 6367 6178 6186 6375 6376 6187
5300 5 2 1 1 6178 6367 6368 6179 6187 6376 6377 6188
5301 5 2 1 1 6179 6368 6369 6180 6188 6377 6378 6189
5302 5 2 1 1 6180 6369 6370 6181 6189 6378 6379 6190
5303 5 2 1 1 6181 6370 6371 6182 6190 6379 6380 6191
5304 5 2 1 1 6182 6371 6372 6183 6191 6380 6381 6192
5305 5 2 1 1 6184 6373 6374 6185 6193 6382 6383 6194
5306 5 2 1 1 6185 6374 6375 6186 6194 6383 6384 6195
5307 5 2 1 1 6186 6375 6376 6187 6195 6384 6385 6196
5308 5 2 1 1 6187 6376 6377 6188 6196 6385 6386 6197
5309 5 2 1 1 6188 6377 6378 6189 6197 6386 6387 6198
5310 5 2 1 1 6189 6378 6379 6190 6198 6387 6388 6199
5311 5 2 1 1 6190 6379 6380 6191 6199 6388 6389 6200
5312 5 2 1 1 6191 6380 6381 6192 6200 6389 6390 6201
5313 5 2 1 1 6193 6382 6383 6194 6202 6391 6392 6203
5314 5 2 1 1 6194 6383 6384 6195 6203 6392 6393 6204
5315 5 2 1 1 6195 6384 6385 6196 6204 6393 6394 6205
5316 5 2 1 1 6196 6385 6386 6197 6205 6394 6395 6206
5317 5 2 1 1 6197 6386 6387 6198 6206 6395 6396 6207
5318 5 2 1 1 6198 6387 6388 6199 6207 6396 6397 6208
5319 5 2 1 1 6199 6388 6389 6200 6208 6397 6398 6209
5320 5 2 1 1 6200 6389 6390 6201 6209 6398 6399 6210
5321 5 2 1 1 6202 6391 6392 6203 6211 6400 6401 6212
5322 5 2 1 1 6203 6392 6393 6204 6212 6401 6402 6213
5323 5 2 1 1 6204 6393 6394 6205 6213 6402 6403 6214
5324 5 2 1 1 6205 6394 6395 6206 6214 6403 6404 6215
5325 5 2 1 1 6206 6395 6396 6207 6215 6404 6405 6216
5326 5 2 1 1 6207 6396 6397 6208 6216 6405 6406 6217
5327 5 2 1 1 6208 6397 6398 6209 6217 6406 6407 6218
5328 5 2 1 1 6209 6398 6399 6210 6218 6407 6408 6219
5329 5 2 1 1 6220 6409 6411 6221 6229 6410 6412 6230
5330 5 2 1 1 6221 6411 6413 6222 6230 6412 6414 6231
5331 5 2 1 1 6222 6413 6415 6223 6231 6414 6416 6232
5332 5 2 1 1 6223 6415 6417 6224 6232 6416 6418 6233
5333 5 2 1 1 6224 6417 6419 6225 6233 6418 6420 6234
5334 5 2 1 1 6225 6419 6421 6226 6234 6420 6422 6235
5335 5 2 1 1 6226 6421 6423 6227 6235 6422 6424 6236
5336 5 2 1 1 6227 6423 6425 6228 6236 6424 6426 6237
5337 5 2 1 1 6229 6410 6412 6230 6238 6427 6428 6239
5338 5 2 1 1 6230 6412 6414 6231 6239 6428 6429 6240
5339 5 2 1 1 6231 6414 6416 6232 6240 6429 6430 6241
5340 5 2 1 1 6232 6416 6418 6233 6241 6430 6431 6242
5341 5 2 1 1 6233 6418 6420 6234 6242 6431 6432 6243
5342 5 2 1 1 6234 6420 6422 6235 6243 6432 6433 6244
5343 5 2 1 1 6235 6422 6424 6236 6244 6433 6434 6245
5344 5 2 1 1 6236 6424 6426 6237 6245 6434 6435 6246
5345 5 2 1 1 6238 6427 6428 6239 6247 6436 6437 6248
5346 5 2 1 1 6239 6428 6429 6240 6248 6437 6438 6249
5347 5 2 1 1 6240 6429 6430 6241 6249 6438 6439 6250
5348 5 2 1 1 6241 6430 6431 6242 6250 6439 6440 6251
5349 5 2 1 1 6242 6431 6432 6243 6251 6440 6441 6252
5350 5 2 1 1 6243 6432 6433 6244 6252 6441 6442 6253
5351 5 2 1 1 6244 6433 6434 6245 6253 6442 6443 6254
5352 5 2 1 1 6245 6434 6435 6246 6254 6443 6444 6255
5353 5 2 1 1 6247 6436 6437 6248 6256 6445 6446 6257
5354 5 2 1 1 6248 6437 6438 6249 6257 6446 6447 6258
5355 5 2 1 1 6249 6438 6439 6250 6258 6447 6448 6259
5356 5 2 1 1 6250 6439 6440 6251 6259 6448 6449 6260
5357 5 2 1 1 6251 6440 6441 6252 6260 6449 6450 6261
5358 5 2 1 1 6252 6441 6442 6253 6261 6450 6451 6262
5359 5 2 1 1 6253 6442 6443 6254 6262 6451 6452 6263
5360 5 2 1 1 6254 6443 6444 6255 6263 6452 6453 6264
5361 5 2 1 1 6256 6445 6446 6257 6265 6454 6455 6266
5362 5 2 1 1 6257 6446 6447 6258 6266 6455 6456 6267
5363 5 2 1 1 6258 6447 6448 6259 6267 6456 6457 6268
5364 5 2 1 1 6259 6448 6449 6260 6268 6457 6458 6269
5365 5 2 1 1 6260 6449 6450 6261 6269 6458 6459 6270
5366 5 2 1 1 6261 6450 6451 6262 6270 6459 6460 6271
5367 5 2 1 1 6262 6451 6452 6263 6271 6460 6461 6272
5368 5 2 1 1 6263 6452 6453 6264 6272 6461 6462 6273
5369 5 2 1 1 6265 6454 6455 6266 6274 6463 6464 6275
5370 5 2 1 1 6266 6455 6456 6267 6275 6464 6465 6276
5371 5 2 1 1 6267 6456 6457 6268 6276 6465 6466 6277
5372 5 2 1 1 6268 6457 6458 6269 6277 6466 6467 6278
5373 5 2 1 1 6269 6458 6459 6270 6278 6467 6468 6279
5374 5 2 1 1 6270 6459 6460 6271 6279 6468 6469 6280
5375 5 2 1 1 6271 6460 6461 6272 6280 6469 6470 6281
5376 5 2 1 1 6272 6461 6462 6273 6281 6470 6471 6282
5377 5 2 1 1 6274 6463 6464 6275 6283 6472 6473 6284
5378 5 2 1 1 6275 6464 6465 6276 6284 6473 6474 6285
5379 5 2 1 1 6276 6465 6466 6277 6285 6474 6475 6286
5380 5 2 1 1 6277 6466 6467 6278 6286 6475 6476 6287
5381 5 2 1 1 6278 6467 6468 6279 6287 6476 6477 6288
5382 5 2 1 1 6279 6468 6469 6280 6288 6477 6478 6289
5383 5 2 1 1 6280 6469 6470 6281 6289 6478 6479 6290
5384 5 2 1 1 6281 6470 6471 6282 6290 6479 6480 6291
5385 5 2 1 1 6283 6472 6473 6284 6292 6481 6482 6293
5386 5 2 1 1 6284 6473 6474 6285 6293 6482 6483 6294
5387 5 2 1 1 6285 6474 6475 6286 6294 6483 6484 6295
5388 5 2 1 1 6286 6475 6476 6287 6295 6484 6485 6296
5389 5 2 1 1 6287 6476 6477 6288 6296 6485 6486 6297
5390 5 2 1 1 6288 6477 6478 6289 6297 6486 6487 6298
5391 5 2 1 1 6289 6478 6479 6290 6298 6487 6488 6299
5392 5 2 1 1 6290 6479 6480 6291 6299 6488 6489 6300
5393 5 2 1 1 6292 6481 6482 6293 6301 6490 6491 6302
5394 5 2 1 1 6293 6482 6483 6294 6302 6491 6492 6303
5395 5 2 1 1 6294 6483 6484 6295 6303 6492 6493 6304
5396 5 2 1 1 6295 6484 6485 6296 6304 6493 6494 6305
5397 5 2 1 1 6296 6485 6486 6297 6305 6494 6495 6306
5398 5 2 1 1 6297 6486 6487 6298 6306 6495 6496 6307
5399 5 2 1 1 6298 6487 6488 6299 6307 6496 6497 6308
5400 5 2 1 1 6299 6488 6489 6300 6308 6497 6498 6309
5401 5 2 1 1 6301 6490 6491 6302 6310 6499 6500 6311
5402 5 2 1 1 6302 6491 6492 6303 6311 6500 6501 6312
5403 5 2 1 1 6303 6492 6493 6304 6312 6501 6502 6313
5404 5 2 1 1 6304 6493 6494 6305 6313 6502 6503 6314
5405 5 2 1 1 6305 6494 6495 6306 6314 6503 6504 6315
5406 5 2 1 1 6306 6495 6496 6307 6315 6504 6505 6316
5407 5 2 1 1 6307 6496 6497 6308 6316 6505 6506 6317
5408 5 2 1 1 6308 6497 6498 6309 6317 6506 6507 6318
5409 5 2 1 1 6310 6499 6500 6311 6319 6508 6509 6320
5410 5 2 1 1 6311 6500 6501 6312 6320 6509 6510 6321
5411 5 2 1 1 6312 6501 6502 6313 6321 6510 6511 6322
5412 5 2 1 1 6313 6502 6503 6314 6322 6511 6512 6323
5413 5 2 1 1 6314 6503 6504 6315 6323 6512 6513 6324
5414 5 2 1 1 6315 6504 6505 6316 6324 6513 6514 6325
5415 5 2 1 1 6316 6505 6506 6317 6325 6514 6515 6326
5416 5 2 1 1 6317 6506 6507 6318 6326 6515 6516 6327
5417 5 2 1 1 6319 6508 6509 6320 6328 6517 6518 6329
5418 5 2 1 1 6320 6509 6510 6321 6329 6518 6519 6330
5419 5 2 1 1 6321 6510 6511 6322 6330 6519 6520 6331
5420 5 2 1 1 6322 6511 6512 6323 6331 6520 6521 6332
5421 5 2 1 1 6323 6512 6513 6324 6332 6521 6522 6333
5422 5 2 1 1 6324 6513 6514 6325 6333 6522 6523 6334
5423 5 2 1 1 6325 6514 6515 6326 6334 6523 6524 6335
5424 5 2 1 1 6326 6515 6516 6327 6335 6524 6525 6336
5425 5 2 1 1 6328 6517 6518 6329 6337 6526 6527 6338
5426 5 2 1 1 6329 6518 6519 6330 6338 6527 6528 6339
5427 5 2 1 1 6330 6519 6520 6331 6339 6528 6529 6340
5428 5 2 1 1 6331 6520 6521 6332 6340 6529 6530 6341
5429 5 2 1 1 6332 6521 6522 6333 6341 6530 6531 6342
5430 5 2 1 1 6333 6522 6523 6334 6342 6531 6532 6343
5431 5 2 1 1 6334 6523 6524 6335 6343 6532 6533 6344
5432 5 2 1 1 6335 6524 6525 6336 6344 6533 6534 6345
5433 5 2 1 1 6337 6526 6527 6338 6346 6535 6536 6347
5434 5 2 1 1 6338 6527 6528 6339 6347 6536 6537 6348
5435 5 2 1 1 6339 6528 6529 6340 6348 6537 6538 6349
5436 5 2 1 1 6340 6529 6530 6341 6349 6538 6539 6350
5437 5 2 1 1 6341 6530 6531 6342 6350 6539 6540 6351
5438 5 2 1 1 6342 6531 6532 6343 6351 6540 6541 6352
5439 5 2 1 1 6343 6532 6533 6344 6352 6541 6542 6353
5440 5 2 1 1 6344 6533 6534 6345 6353 6542 6543 6354
5441 5 2 1 1 6346 6535 6536 6347 6355 6544 6545 6356
5442 5 2 1 1 6347 6536 6537 6348 6356 6545 6546 6357
5443 5 2 1 1 6348 6537 6538 6349 6357 6546 6547 6358
5444 5 2 1 1 6349 6538 6539 6350 6358 6547 6548 6359
5445 5 2 1 1 6350 6539 6540 6351 6359 6548 6549 6360
5446 5 2 1 1 6351 6540 6541 6352 6360 6549 6550 6361
5447 5 2 1 1 6352 6541 6542 6353 6361 6550 6551 6362
5448 5 2 1 1 6353 6542 6543 6354 6362 6551 6552 6363
5449 5 2 1 1 6355 6544 6545 6356 6364 6553 6554 6365
5450 5 2 1 1 6356 6545 6546 6357 6365 6554 6555 6366
5451 5 2 1 1 6357 6546 6547 6358 6366 6555 6556 6367
5452 5 2 1 1 6358 6547 6548 6359 6367 6556 6557 6368
5453 5 2 1 1 6359 6548 6549 6360 6368 6557 6558 6369
5454 5 2 1 1 6360 6549 6550 6361 6369 6558 6559 6370
5455 5 2 1 1 6361 6550 6551 6362 6370 6559 6560 6371
5456 5 2 1 1 6362 6551 6552 6363 6371 6560 6561 6372
5457 5 2 1 1 6364 6553 6554 6365 6373 6562 6563 6374
5458 5 2 1 1 6365 6554 6555 6366 6374 6563 6564 6375
5459 5 2 1 1 6366 6555 6556 6367 6375 6564 6565 6376
5460 5 2 1 1 6367 6556 6557 6368 6376 6565 6566 6377
5461 5 2 1 1 6368 6557 6558 6369 6377 6566 6567 6378
5462 5 2 1 1 6369 6558 6559 6370 6378 6567 6568 6379
5463 5 2 1 1 6370 6559 6560 6371 6379 6568 6569 6380
5464 5 2 1 1 6371 6560 6561 6372 6380 6569 6570 6381
5465 5 2 1 1 6373 6562 6563 6374 6382 6571 6572 6383
5466 5 2 1 1 6374 6563 6564 6375 6383 6572 6573 6384
5467 5 2 1 1 6375 6564 6565 6376 6384 6573 6574 6385
5468 5 2 1 1 6376 6565 6566 6377 6385 6574 6575 6386
5469 5 2 1 1 6377 6566 6567 6378 6386 6575 6576 6387
5470 5 2 1 1 6378 6567 6568 6379 6387 6576 6577 6388
5471 5 2 1 1 6379 6568 6569 6380 6388 6577 6578 6389
5472 5 2 1 1 6380 6569 6570 6381 6389 6578 6579 6390
5473 5 2 1 1 6382 6571 6572 6383 6391 6580 6581 6392
5474 5 2 1 1 6383 6572 6573 6384 6392 6581 6582 6393
5475 5 2 1 1 6384 6573 6574 6385 6393 6582 6583 6394
5476 5 2 1 1 6385 6574 6575 6386 6394 6583 6584 6395
5477 5 2 1 1 6386 6575 6576 6387 6395 6584 6585 6396
5478 5 2 1 1 6387 6576 6577 6388 6396 6585 6586 6397
5479 5 2 1 1 6388 6577 6578 6389 6397 6586 6587 6398
5480 5 2 1 1 6389 6578 6579 6390 6398 6587 6588 6399
5481 5 2 1 1 6391 6580 6581 6392 6400 6589 6590 6401
5482 5 2 1 1 6392 6581 6582 6393 6401 6590 6591 6402
5483 5 2 1 1 6393 6582 6583 6394 6402 6591 6592 6403
5484 5 2 1 1 6394 6583 6584 6395 6403 6592 6593 6404
5485 5 2 1 1 6395 6584 6585 6396 6404 6593 6594 6405
5486 5 2 1 1 6396 6585 6586 6397 6405 6594 6595 6406
5487 5 2 1 1 6397 6586 6587 6398 6406 6595 6596 6407
5488 5 2 1 1 6398 6587 6588 6399 6407 6596 6597 6408
5489 6 2 1 1 6409 6410 6598 6411 6412 6599
5490 6 2 1 1 6411 6412 6599 6413 6414 6600
5491 6 2 1 1 6413 6414 6600 6415 6416 6601
5492 6 2 1 1 6415 6416 6601 6417 6418 6602
5493 6 2 1 1 6417 6418 6602 6419 6420 6603
5494 6 2 1 1 6419 6420 6603 6421 6422 6604
5495 6 2 1 1 6421 6422 6604 6423 6424 6605
5496 6 2 1 1 6423 6424 6605 6425 6426 6606
5497 5 2 1 1 6410 6598 6599 6412 6427 6607 6608 6428
5498 5 2 1 1 6412 6599 6600 6414 6428 6608 6609 6429
5499 5 2 1 1 6414 6600 6601 6416 6429 6609 6610 6430
5500 5 2 1 1 6416 6601 6602 6418 6430 6610 6611 6431
5501 5 2 1 1 6418 6602 6603 6420 6431 6611 6612 6432
5502 5 2 1 1 6420 6603 6604 6422 6432 6612 6613 6433
5503 5 2 1 1 6422 6604 6605 6424 6433 6613 6614 6434
5504 5 2 1 1 6424 6605 6606 6426 6434 6614 6615 6435
5505 5 2 1 1 6427 6607 6608 6428 6436 6616 6617 6437
5506 5 2 1 1 6428 6608 6609 6429 6437 6617 6618 6438
5507 5 2 1 1 6429 6609 6610 6430 6438 6618 6619 6439
5508 5 2 1 1 6430 6610 6611 6431 6439 6619 6620 6440
5509 5 2 1 1 6431 6611 6612 6432 6440 6620 6621 6441
5510 5 2 1 1 6432 6612 6613 6433 6441 6621 6622 6442
5511 5 2 1 1 6433 6613 6614 6434 6442 6622 6623 6443
5512 5 2 1 1 6434 6614 6615 6435 6443 6623 6624 6444
5513 5 2 1 1 6436 6616 6617 6437 6445 6625 6626 6446
5514 5 2 1 1 6437 6617 6618 6438 6446 6626 6627 6447
5515 5 2 1 1 6438 6618 6619 6439 6447 6627 6628 6448
5516 5 2 1 1 6439 6619 6620 6440 6448 6628 6629 6449
5517 5 2 1 1 6440 6620 6621 6441 6449 6629 6630 6450
5518 5 2 1 1 6441 6621 6622 6442 6450 6630 6631 6451
5519 5 2 1 1 6442 6622 6623 6443 6451 6631 6632 6452
5520 5 2 1 1 6443 6623 6624 6444 6452 6632 6633 6453
5521 5 2 1 1 6445 6625 6626 6446 6454 6634 6635 6455
5522 5 2 1 1 6446 6626 6627 6447 6455 6635 6636 6456
5523 5 2 1 1 6447 6627 6628 6448 6456 6636 6637 6457
5524 5 2 1 1 6448 6628 6629 6449 6457 6637 6638 6458
5525 5 2 1 1 6449 6629 6630 6450 6458 6638 6639 6459
5526 5 2 1 1 6450 6630 6631 6451 6459 6639 6640 6460
5527 5 2 1 1 6451 6631 6632 6452 6460 6640 6641 6461
5528 5 2 1 1 6452 6632 6633 6453 6461 6641 6642 6462
5529 5 2 1 1 6454 6634 6635 6455 6463 6643 6644 6464
5530 5 2 1 1 6455 6635 6636 6456 6464 6644 6645 6465
5531 5 2 1 1 6456 6636 6637 6457 6465 6645 6646 6466
5532 5 2 1 1 6457 6637 6638 6458 6466 6646 6647 6467
5533 5 2 1 1 6458 6638 6639 6459 6467 6647 6648 6468
5534 5 2 1 1 6459 6639 6640 6460 6468 6648 6649 6469
5535 5 2 1 1 6460 6640 6641 6461 6469 6649 6650 6470
5536 5 2 1 1 6461 6641 6642 6462 6470 6650 6651 6471
5537 5 2 1 1 6463 6643 6644 6464 6472 6652 6653 6473
5538 5 2 1 1 6464 6644 6645 6465 6473 6653 6654 6474
5539 5 2 1 1 6465 6645 6646 6466 6474 6654 6655 6475
5540 5 2 1 1 6466 6646 6647 6467 6475 6655 6656 6476
5541 5 2 1 1 6467 6647 6648 6468 6476 6656 6657 6477
5542 5 2 1 1 6468 6648 6649 6469 6477 6657 6658 6478
5543 5 2 1 1 6469 6649 6650 6470 6478 6658 6659 6479
5544 5 2 1 1 6470 6650 6651 6471 6479 6659 6660 6480
5545 5 2 1 1 6472 6652 6653 6473 6481 6661 6662 6482
5546 5 2 1 1 6473 6653 6654 6474 6482 6662 6663 6483
5547 5 2 1 1 6474 6654 6655 6475 6483 6663 6664 6484
5548 5 2 1 1 6475 6655 6656 6476 6484 6664 6665 6485
5549 5 2 1 1 6476 6656 6657 6477 6485 6665 6666 6486
5550 5 2 1 1 6477 6657 6658 6478 6486 6666 6667 6487
5551 5 2 1 1 6478 6658 6659 6479 6487 6667 6668 6488
5552 5 2 1 1 6479 6659 6660 6480 6488 6668 6669 6489
5553 5 2 1 1 6481 6661 6662 6482 6490 6670 6671 6491
5554 5 2 1 1 6482 6662 6663 6483 6491 6671 6672 6492
5555 5 2 1 1 6483 6663 6664 6484 6492 6672 6673 6493
5556 5 2 1 1 6484 6664 6665 6485 6493 6673 6674 6494
5557 5 2 1 1 6485 6665 6666 6486 6494 6674 6675 6495
5558 5 2 1 1 6486 6666 6667 6487 6495 6675 6676 6496
5559 5 2 1 1 6487 6667 6668 6488 6496 6676 6677 6497
5560 5 2 1 1 6488 6668 6669 6489 6497 6677 6678 6498
5561 5 2 1 1 6490 6670 6671 6491 6499 6679 6680 6500
5562 5 2 1 1 6491 6671 6672 6492 6500 6680 6681 6501
5563 5 2 1 1 6492 6672 6673 6493 6501 6681 6682 6502
5564 5 2 1 1 6493 6673 6674 6494 6502 6682 6683 6503
5565 5 2 1 1 6494 6674 6675 6495 6503 6683 6684 6504
5566 5 2 1 1 6495 6675 6676 6496 6504 6684 6685 6505
5567 5 2 1 1 6496 6676 6677 6497 6505 6685 6686 6506
5568 5 2 1 1 6497 6677 6678 6498 6506 6686 6687 6507
5569 5 2 1 1 6499 6679 6680 6500 6508 6688 6689 6509
5570 5 2 1 1 6500 6680 6681 6501 6509 6689 6690 6510
5571 5 2 1 1 6501 6681 6682 6502 6510 6690 6691 6511
5572 5 2 1 1 6502 6682 6683 6503 6511 6691 6692 6512
5573 5 2 1 1 6503 6683 6684 6504 6512 6692 6693 6513
5574 5 2 1 1 6504 6684 6685 6505 6513 6693 6694 6514
5575 5 2 1 1 6505 6685 6686 6506 6514 6694 6695 6515
5576 5 2 1 1 6506 6686 6687 6507 6515 6695 6696 6516
5577 5 2 1 1 6508 6688 6689 6509 6517 6697 6698 6518
5578 5 2 1 1 6509 6689 6690 6510 6518 6698 6699 6519
5579 5 2 1 1 6510 6690 6691 6511 6519 6699 6700 6520
5580 5 2 1 1 6511 6691 6692 6512 6520 6700 6701 6521
5581 5 2 1 1 6512 6692 6693 6513 6521 6701 6702 6522
5582 5 2 1 1 6513 6693 6694 6514 6522 6702 6703 6523
5583 5 2 1 1 6514 6694 6695 6515 6523 6703 6704 6524
5584 5 2 1 1 6515 6695 6696 6516 6524 6704 6705 6525
5585 5 2 1 1 6517 6697 6698 6518 6526 6706 6707 6527
5586 5 2 1 1 6518 6698 6699 6519 6527 6707 6708 6528
5587 5 2 1 1 6519 6699 6700 6520 6528 6708 6709 6529
5588 5 2 1 1 6520 6700 6701 6521 6529 6709 6710 6530
5589 5 2 1 1 6521 6701 6702 6522 6530 6710 6711 6531
5590 5 2 1 1 6522 6702 6703 6523 6531 6711 6712 6532
5591 5 2 1 1 6523 6703 6704 6524 6532 6712 6713 6533
5592 5 2 1 1 6524 6704 6705 6525 6533 6713 6714 6534
5593 5 2 1 1 6526 6706 6707 6527 6535 6715 6716 6536
5594 5 2 1 1 6527 6707 6708 6528 6536 6716 6717 6537
5595 5 2 1 1 6528 6708 6709 6529 6537 6717 6718 6538
5596 5 2 1 1 6529 6709 6710 6530 6538 6718 6719 6539
5597 5 2 1 1 6530 6710 6711 6531 6539 6719 6720 6540
5598 5 2 1 1 6531 6711 6712 6532 6540 6720 6721 6541
5599 5 2 1 1 6532 6712 6713 6533 6541 6721 6722 6542
5600 5 2 1 1 6533 6713 6714 6534 6542 6722 6723 6543
5601 5 2 1 1 6535 6715 6716 6536 6544 6724 6725 6545
5602 5 2 1 1 6536 6716 6717 6537 6545 6725 6726 6546
5603 5 2 1 1 6537 6717 6718 6538 6546 6726 6727 6547
5604 5 2 1 1 6538 6718 6719 6539 6547 6727 6728 6548
5605 5 2 1 1 6539 6719 6720 6540 6548 6728 6729 6549
5606 5 2 1 1 6540 6720 6721 6541 6549 6729 6730 6550
5607 5 2 1 1 6541 6721 6722 6542 6550 6730 6731 6551
5608 5 2 1 1 6542 6722 6723 6543 6551 6731 6732 6552
5609 5 2 1 1 6544 6724 6725 6545 6553 6733 6734 6554
5610 5 2 1 1 6545 6725 6726 6546 6554 6734 6735 6555
5611 5 2 1 1 6546 6726 6727 6547 6555 6735 6736 6556
5612 5 2 1 1 6547 6727 6728 6548 6556 6736 6737 6557
5613 5 2 1 1 6548 6728 6729 6549 6557 6737 6738 6558
5614 5 2 1 1 6549 6729 6730 6550 6558 6738 6739 6559
5615 5 2 1 1 6550 6730 6731 6551 6559 6739 6740 6560
5616 5 2 1 1 6551 6731 6732 6552 6560 6740 6741 6561
5617 5 2 1 1 6553 6733 6734 6554 6562 6742 6743 6563
5618 5 2 1 1 6554 6734 6735 6555 6563 6743 6744 6564
5619 5 2 1 1 6555 6735 6736 6556 6564 6744 6745 6565
5620 5 2 1 1 6556 6736 6737 6557 6565 6745 6746 6566
5621 5 2 1 1 6557 6737 6738 6558 6566 6746 6747 6567
5622 5 2 1 1 6558 6738 6739 6559 6567 6747 6748 6568
5623 5 2 1 1 6559 6739 6740 6560 6568 6748 6749 6569
5624 5 2 1 1 6560 6740 6741 6561 6569 6749 6750 6570
5625 5 2 1 1 6562 6742 6743 6563 6571 6751 6752 6572
5626 5 2 1 1 6563 6743 6744 6564 6572 6752 6753 6573
5627 5 2 1 1 6564 6744 6745 6565 6573 6753 6754 6574
5628 5 2 1 1 6565 6745 6746 6566 6574 6754 6755 6575
5629 5 2 1 1 6566 6746 6747 6567 6575 6755 6756 6576
5630 5 2 1 1 6567 6747 6748 6568 6576 6756 6757 6577
5631 5 2 1 1 6568 6748 6749 6569 6577 6757 6758 6578
5632 5 2 1 1 6569 6749 6750 6570 6578 6758 6759 6579
5633 5 2 1 1 6571 6751 6752 6572 6580 6760 6761 6581
5634 5 2 1 1 6572 6752 6753 6573 6581 6761 6762 6582
5635 5 2 1 1 6573 6753 6754 6574 6582 6762 6763 6583
5636 5 2 1 1 6574 6754 6755 6575 6583 6763 6764 6584
5637 5 2 1 1 6575 6755 6756 6576 6584 6764 6765 6585
5638 5 2 1 1 6576 6756 6757 6577 6585 6765 6766 6586
5639 5 2 1 1 6577 6757 6758 6578 6586 6766 6767 6587
5640 5 2 1 1 6578 6758 6759 6579 6587 6767 6768 6588
5641 5 2 1 1 6580 6760 6761 6581 6589 6769 6770 6590
5642 5 2 1 1 6581 6761 6762 6582 6590 6770 6771 6591
5643 5 2 1 1 6582 6762 6763 6583 6591 6771 6772 6592
5644 5 2 1 1 6583 6763 6764 6584 6592 6772 6773 6593
5645 5 2 1 1 6584 6764 6765 6585 6593 6773 6774 6594
5646 5 2 1 1 6585 6765 6766 6586 6594 6774 6775 6595
5647 5 2 1 1 6586 6766 6767 6587 6595 6775 6776 6596
5648 5 2 1 1 6587 6767 6768 6588 6596 6776 6777 6597
5649 5 2 1 1 6598 6778 6780 6599 6607 6779 6781 6608
5650 5 2 1 1 6599 6780 6782 6600 6608 6781 6783 6609
5651 5 2 1 1 6600 6782 6784 6601 6609 6783 6785 6610
5652 5 2 1 1 6601 6784 6786 6602 6610 6785 6787 6611
5653 5 2 1 1 6602 6786 6788 6603 6611 6787 6789 6612
5654 5 2 1 1 6603 6788 6790 6604 6612 6789 6791 6613
5655 5 2 1 1 6604 6790 6792 6605 6613 6791 6793 6614
5656 5 2 1 1 6605 6792 6794 6606 6614 6793 6795 6615
5657 5 2 1 1 6607 6779 6781 6608 6616 6796 6797 6617
5658 5 2 1 1 6608 6781 6783 6609 6617 6797 6798 6618
5659 5 2 1 1 6609 6783 6785 6610 6618 6798 6799 6619
5660 5 2 1 1 6610 6785 6787 6611 6619 6799 6800 6620
5661 5 2 1 1 6611 6787 6789 6612 6620 6800 6801 6621
5662 5 2 1 1 6612 6789 6791 6613 6621 6801 6802 6622
5663 5 2 1 1 6613 6791 6793 6614 6622 6802 6803 6623
5664 5 2 1 1 6614 6793 6795 6615 6623 6803 6804 6624
5665 5 2 1 1 6616 6796 6797 6617 6625 6805 6806 6626
5666 5 2 1 1 6617 6797 6798 6618 6626 6806 6807 6627
5667 5 2 1 1 6618 6798 6799 6619 6627 6807 6808 6628
5668 5 2 1 1 6619 6799 6800 6620 6628 6808 6809 6629
5669 5 2 1 1 6620 6800 6801 6621 6629 6809 6810 6630
5670 5 2 1 1 6621 6801 6802 6622 6630 6810 6811 6631
5671 5 2 1 1 6622 6802 6803 6623 6631 6811 6812 6632
5672 5 2 1 1 6623 6803 6804 6624 6632 6812 6813 6633
5673 5 2 1 1 6625 6805 6806 6626 6634 6814 6815 6635
5674 5 2 1 1 6626 6806 6807 6627 6635 6815 6816 6636
5675 5 2 1 1 6627 6807 6808 6628 6636 6816 6817 6637
5676 5 2 1 1 6628 6808 6809 6629 6637 6817 6818 6638
5677 5 2 1 1 6629 6809 6810 6630 6638 6818 6819 6639
5678 5 2 1 1 6630 6810 6811 6631 6639 6819 6820 6640
5679 5 2 1 1 6631 6811 6812 6632 6640 6820 6821 6641
5680 5 2 1 1 6632 6812 6813 6633 6641 6821 6822 6642
5681 5 2 1 1 6634 6814 6815 6635 6643 6823 6824 6644
5682 5 2 1 1 6635 6815 6816 6636 6644 6824 6825 6645
5683 5 2 1 1 6636 6816 6817 6637 6645 6825 6826 6646
5684 5 2 1 1 6637 6817 6818 6638 6646 6826 6827 6647
5685 5 2 1 1 6638 6818 6819 6639 6647 6827 6828 6648
5686 5 2 1 1 6639 6819 6820 6640 6648 6828 6829 6649
5687 5 2 1 1 6640 6820 6821 6641 6649 6829 6830 6650
5688 5 2 1 1 6641 6821 6822 6642 6650 6830 6831 6651
5689 5 2 1 1 6643 6823 6824 6644 6652 6832 6833 6653
5690 5 2 1 1 6644 6824 6825 6645 6653 6833 6834 6654
5691 5 2 1 1 6645 6825 6826 6646 6654 6834 6835 6655
5692 5 2 1 1 6646 6826 6827 6647 6655 6835 6836 6656
5693 5 2 1 1 6647 6827 6828 6648 6656 6836 6837 6657
5694 5 2 1 1 6648 6828 6829 6649 6657 6837 6838 6658
5695 5 2 1 1 6649 6829 6830 6650 6658 6838 6839 6659
5696 5 2 1 1 6650 6830 6831 6651 6659 6839 6840 6660
5697 5 2 1 1 6652 6832 6833 6653 6661 6841 6842 6662
5698 5 2 1 1 6653 6833 6834 6654 6662 6842 6843 6663
5699 5 2 1 1 6654 6834 6835 6655 6663 6843 6844 6664
5700 5 2 1 1 6655 6835 6836 6656 6664 6844 6845 6665
5701 5 2 1 1 6656 6836 6837 6657 6665 6845 6846 6666
5702 5 2 1 1 6657 6837 6838 6658 6666 6846 6847 6667
5703 5 2 1 1 6658 6838 6839 6659 6667 6847 6848 6668
5704 5 2 1 1 6659 6839 6840 6660 6668 6848 6849 6669
5705 5 2 1 1 6661 6841 6842 6662 6670 6850 6851 6671
5706 5 2 1 1 6662 6842 6843 6663 6671 6851 6852 6672
5707 5 2 1 1 6663 6843 6844 6664 6672 6852 6853 6673
5708 5 2 1 1 6664 6844 6845 6665 6673 6853 6854 6674
5709 5 2 1 1 6665 6845 6846 6666 6674 6854 6855 6675
5710 5 2 1 1 6666 6846 6847 6667 6675 6855 6856 6676
5711 5 2 1 1 6667 6847 6848 6668 6676 6856 6857 6677
5712 5 2 1 1 6668 6848 6849 6669 6677 6857 6858 6678
5713 5 2 1 1 6670 6850 6851 6671 6679 6859 6860 6680
5714 5 2 1 1 6671 6851 6852 6672 6680 6860 6861 6681
5715 5 2 1 1 6672 6852 6853 6673 6681 6861 6862 6682
5716 5 2 1 1 6673 6853 6854 6674 6682 6862 6863 6683
5717 5 2 1 1 6674 6854 6855 6675 6683 6863 6864 6684
5718 5 2 1 1 6675 6855 6856 6676 6684 6864 6865 6685
5719 5 2 1 1 6676 6856 6857 6677 6685 6865 6866 6686
5720 5 2 1 1 6677 6857 6858 6678 6686 6866 6867 6687
5721 5 2 1 1 6679 6859 6860 6680 6688 6868 6869 6689
5722 5 2 1 1 6680 6860 6861 6681 6689 6869 6870 6690
5723 5 2 1 1 6681 6861 6862 6682 6690 6870 6871 6691
5724 5 2 1 1 6682 6862 6863 6683 6691 6871 6872 6692
5725 5 2 1 1 6683 6863 6864 6684 6692 6872 6873 6693
5726 5 2 1 1 6684 6864 6865 6685 6693 6873 6874 6694
5727 5 2 1 1 6685 6865 6866 6686 6694 6874 6875 6695
5728 5 2 1 1 6686 6866 6867 6687 6695 6875 6876 6696
5729 5 2 1 1 6688 6868 6869 6689 6697 6877 6878 6698
5730 5 2 1 1 6689 6869 6870 6690 6698 6878 6879 6699
5731 5 2 1 1 6690 6870 6871 6691 6699 6879 6880 6700
5732 5 2 1 1 6691 6871 6872 6692 6700 6880 6881 6701
5733 5 2 1 1 6692 6872 6873 6693 6701 6881 6882 6702
5734 5 2 1 1 6693 6873 6874 6694 6702 6882 6883 6703
5735 5 2 1 1 6694 6874 6875 6695 6703 6883 6884 6704
5736 5 2 1 1 6695 6875 6876 6696 6704 6884 6885 6705
5737 5 2 1 1 6697 6877 6878 6698 6706 6886 6887 6707
5738 5 2 1 1 6698 6878 6879 6699 6707 6887 6888 6708
5739 5 2 1 1 6699 6879 6880 6700 6708 6888 6889 6709
5740 5 2 1 1 6700 6880 6881 6701 6709 6889 6890 6710
5741 5 2 1 1 6701 6881 6882 6702 6710 6890 6891 6711
5742 5 2 1 1 6702 6882 6883 6703 6711 6891 6892 6712
5743 5 2 1 1 6703 6883 6884 6704 6712 6892 6893 6713
5744 5 2 1 1 6704 6884 6885 6705 6713 6893 6894 6714
5745 5 2 1 1 6706 6886 6887 6707 6715 6895 6896 6716
5746 5 2 1 1 6707 6887 6888 6708 6716 6896 6897 6717
5747 5 2 1 1 6708 6888 6889 6709 6717 6897 6898 6718
5748 5 2 1 1 6709 6889 6890 6710 6718 6898 6899 6719
5749 5 2 1 1 6710 6890 6891 6711 6719 6899 6900 6720
5750 5 2 1 1 6711 6891 6892 6712 6720 6900 6901 6721
5751 5 2 1 1 6712 6892 6893 6713 6721 6901 6902 6722
5752 5 2 1 1 6713 6893 6894 6714 6722 6902 6903 6723
5753 5 2 1 1 6715 6895 6896 6716 6724 6904 6905 6725
5754 5 2 1 1 6716 6896 6897 6717 6725 6905 6906 6726
5755 5 2 1 1 6717 6897 6898 6718 6726 6906 6907 6727
5756 5 2 1 1 6718 6898 6899 6719 6727 6907 6908 6728
5757 5 2 1 1 6719 6899 6900 6720 6728 6908 6909 6729
5758 5 2 1 1 6720 6900 6901 6721 6729 6909 6910 6730
5759 5 2 1 1 6721 6901 6902 6722 6730 6910 6911 6731
5760 5 2 1 1 6722 6902 6903 6723 6731 6911 6912 6732
5761 5 2 1 1 6724 6904 6905 6725 6733 6913 6914 6734
5762 5 2 1 1 6725 6905 6906 6726 6734 6914 6915 6735
5763 5 2 1 1 6726 6906 6907 6727 6735 6915 6916 6736
5764 5 2 1 1 6727 6907 6908 6728 6736 6916 6917 6737
5765 5 2 1 1 6728 6908 6909 6729 6737 6917 6918 6738
5766 5 2 1 1 6729 6909 6910 6730 6738 6918 6919 6739
5767 5 2 1 1 6730 6910 6911 6731 6739 6919 6920 6740
5768 5 2 1 1 6731 6911 6912 6732 6740 6920 6921 6741
5769 5 2 1 1 6733 6913 6914 6734 6742 6922 6923 6743
5770 5 2 1 1 6734 6914 6915 6735 6743 6923 6924 6744
5771 5 2 1 1 6735 6915 6916 6736 6744 6924 6925 6745
5772 5 2 1 1 6736 6916 6917 6737 6745 6925 6926 6746
5773 5 2 1 1 6737 6917 6918 6738 6746 6926 6927 6747
5774 5 2 1 1 6738 6918 6919 6739 6747 6927 6928 6748
5775 5 2 1 1 6739 6919 6920 6740 6748 6928 6929 6749
5776 5 2 1 1 6740 6920 6921 6741 6749 6929 6930 6750
5777 5 2 1 1 6742 6922 6923 6743 6751 6931 6932 6752
5778 5 2 1 1 6743 6923 6924 6744 6752 6932 6933 6753
5779 5 2 1 1 6744 6924 6925 6745 6753 6933 6934 6754
5780 5 2 1 1 6745 6925 6926 6746 6754 6934 6935 6755
5781 5 2 1 1 6746 6926 6927 6747 6755 6935 6936 6756
5782 5 2 1 1 6747 6927 6928 6748 6756 6936 6937 6757
5783 5 2 1 1 6748 6928 6929 6749 6757 6937 6938 6758
5784 5 2 1 1 6749 6929 6930 6750 6758 6938 6939 6759
5785 5 2 1 1 6751 6931 6932 6752 6760 6940 6941 6761
5786 5 2 1 1 6752 6932 6933 6753 6761 6941 6942 6762
5787 5 2 1 1 6753 6933 6934 6754 6762 6942 6943 6763
5788 5 2 1 1 6754 6934 6935 6755 6763 6943 6944 6764
5789 5 2 1 1 6755 6935 6936 6756 6764 6944 6945 6765
5790 5 2 1 1 6756 6936 6937 6757 6765 6945 6946 6766
5791 5 2 1 1 6757 6937 6938 6758 6766 6946 6947 6767
5792 5 2 1 1 6758 6938 6939 6759 6767 6947 6948 6768
5793 5 2 1 1 6760 6940 6941 6761 6769 6949 6950 6770
5794 5 2 1 1 6761 6941 6942 6762 6770 6950 6951 6771
5795 5 2 1 1 6762 6942 6943 6763 6771 6951 6952 6772
5796 5 2 1 1 6763 6943 6944 6764 6772 6952 6953 6773
5797 5 2 1 1 6764 6944 6945 6765 6773 6953 6954 6774
5798 5 2 1 1 6765 6945 6946 6766 6774 6954 6955 6775
5799 5 2 1 1 6766 6946 6947 6767 6775 6955 6956 6776
5800 5 2 1 1 6767 6947 6948 6768 6776 6956 6957 6777
5801 6 2 1 1 6778 6779 6958 6780 6781 6959
5802 6 2 1 1 6780 6781 6959 6782 6783 6960
5803 6 2 1 1 6782 6783 6960 6784 6785 6961
5804 6 2 1 1 6784 6785 6961 6786 6787 6962
5805 6 2 1 1 6786 6787 6962 6788 6789 6963
5806 6 2 1 1 6788 6789 6963 6790 6791 6964
5807 6 2 1 1 6790 6791 6964 6792 6793 6965
5808 6 2 1 1 6792 6793 6965 6794 6795 6966
5809 5 2 1 1 6779 6958 6959 6781 6796 6967 6968 6797
5810 5 2 1 1 6781 6959 6960 6783 6797 6968 6969 6798
5811 5 2 1 1 6783 6960 6961 6785 6798 6969 6970 6799
5812 5 2 1 1 6785 6961 6962 6787 6799 6970 6971 6800
5813 5 2 1 1 6787 6962 6963 6789 6800 6971 6972 6801
5814 5 2 1 1 6789 6963 6964 6791 6801 6972 6973 6802
5815 5 2 1 1 6791 6964 6965 6793 6802 6973 6974 6803
5816 5 2 1 1 6793 6965 6966 6795 6803 6974 6975 6804
5817 5 2 1 1 6796 6967 6968 6797 6805 6976 6977 6806
5818 5 2 1 1 6797 6968 6969 6798 6806 6977 6978 6807
5819 5 2 1 1 6798 6969 6970 6799 6807 6978 6979 6808
5820 5 2 1 1 6799 6970 6971 6800 6808 6979 6980 6809
5821 5 2 1 1 6800 6971 6972 6801 6809 6980 6981 6810
5822 5 2 1 1 6801 6972 6973 6802 6810 6981 6982 6811
5823 5 2 1 1 6802 6973 6974 6803 6811 6982 6983 6812
5824 5 2 1 1 6803 6974 6975 6804 6812 6983 6984 6813
5825 5 2 1 1 6805 6976 6977 6806 6814 6985 6986 6815
5826 5 2 1 1 6806 6977 6978 6807 6815 6986 6987 6816
5827 5 2 1 1 6807 6978 6979 6808 6816 6987 6988 6817
5828 5 2 1 1 6808 6979 6980 6809 6817 6988 6989 6818
5829 5 2 1 1 6809 6980 6981 6810 6818 6989 6990 6819
5830 5 2 1 1 6810 6981 6982 6811 6819 6990 6991 6820
5831 5 2 1 1 6811 6982 6983 6812 6820 6991 6992 6821
5832 5 2 1 1 6812 6983 6984 6813 6821 6992 6993 6822
5833 5 2 1 1 6814 6985 6986 6815 6823 6994 6995 6824
5834 5 2 1 1 6815 6986 6987 6816 6824 6995 6996 6825
5835 5 2 1 1 6816 6987 6988 6817 6825 6996 6997 6826
5836 5 2 1 1 6817 6988 6989 6818 6826 6997 6998 6827
5837 5 2 1 1 6818 6989 6990 6819 6827 6998 6999 6828
5838 5 2 1 1 6819 6990 6991 6820 6828 6999 7000 6829
5839 5 2 1 1 6820 6991 6992 6821 6829 7000 7001 6830
5840 5 2 1 1 6821 6992 6993 6822 6830 7001 7002 6831
5841 5 2 1 1 6823 6994 6995 6824 6832 7003 7004 6833
5842 5 2 1 1 6824 6995 6996 6825 6833 7004 7005 6834
5843 5 2 1 1 6825 6996 6997 6826 6834 7005 7006 6835
5844 5 2 1 1 6826 6997 6998 6827 6835 7006 7007 6836
5845 5 2 1 1 6827 6998 6999 6828 6836 7007 7008 6837
5846 5 2 1 1 6828 6999 7000 6829 6837 7008 7009 6838
5847 5 2 1 1 6829 7000 7001 6830 6838 7009 7010 6839
5848 5 2 1 1 6830 7001 7002 6831 6839 7010 7011 6840
5849 5 2 1 1 6832 7003 7004 6833 6841 7012 7013 6842
5850 5 2 1 1 6833 7004 7005 6834 6842 7013 7014 6843
5851 5 2 1 1 6834 7005 7006 6835 6843 7014 7015 6844
5852 5 2 1 1 6835 7006 7007 6836 6844 7015 7016 6845
5853 5 2 1 1 6836 7007 7008 6837 6845 7016 7017 6846
5854 5 2 1 1 6837 7008 7009 6838 6846 7017 7018 6847
5855 5 2 1 1 6838 7009 7010 6839 6847 7018 7019 6848
5856 5 2 1 1 6839 7010 7011 6840 6848 7019 7020 6849
5857 5 2 1 1 6841 7012 7013 6842 6850 7021 7022 6851
5858 5 2 1 1 6842 7013 7014 6843 6851 7022 7023 6852
5859 5 2 1 1 6843 7014 7015 6844 6852 7023 7024 6853
5860 5 2 1 1 6844 7015 7016 6845 6853 7024 7025 6854
5861 5 2 1 1 6845 7016 7017 6846 6854 7025 7026 6855
5862 5 2 1 1 6846 7017 7018 6847 6855 7026 7027 6856
5863 5 2 1 1 6847 7018 7019 6848 6856 7027 7028 6857
5864 5 2 1 1 6848 7019 7020 6849 6857 7028 7029 6858
5865 5 2 1 1 6850 7021 7022 6851 6859 7030 7031 6860
5866 5 2 1 1 6851 7022 7023 6852 6860 7031 7032 6861
5867 5 2 1 1 6852 7023 7024 6853 6861 7032 7033 6862
5868 5 2 1 1 6853 7024 7025 6854 6862 7033 7034 6863
5869 5 2 1 1 6854 7025 7026 6855 6863 7034 7035 6864
5870 5 2 1 1 6855 7026 7027 6856 6864 7035 7036 6865
5871 5 2 1 1 6856 7027 7028 6857 6865 7036 7037 6866
5872 5 2 1 1 6857 7028 7029 6858 6866 7037 7038 6867
5873 5 2 1 1 6859 7030 7031 6860 6868 7039 7040 6869
5874 5 2 1 1 6860 7031 7032 6861 6869 7040 7041 6870
5875 5 2 1 1 6861 7032 7033 6862 6870 7041 7042 6871
5876 5 2 1 1 6862 7033 7034 6863 6871 7042 7043 6872
5877 5 2 1 1 6863 7034 7035 6864 6872 7043 7044 6873
5878 5 2 1 1 6864 7035 7036 6865 6873 7044 7045 6874
5879 5 2 1 1 6865 7036 7037 6866 6874 7045 7046 6875
5880 5 2 1 1 6866 7037 7038 6867 6875 7046 7047 6876
5881 5 2 1 1 6868 7039 7040 6869 6877 7048 7049 6878
5882 5 2 1 1 6869 7040 7041 6870 6878 7049 7050 6879
5883 5 2 1 1 6870 7041 7042 6871 6879 7050 7051 6880
5884 5 2 1 1 6871 7042 7043 6872 6880 7051 7052 6881
5885 5 2 1 1 6872 7043 7044 6873 6881 7052 7053 6882
5886 5 2 1 1 6873 7044 7045 6874 6882 7053 7054 6883
5887 5 2 1 1 6874 7045 7046 6875 6883 7054 7055 6884
5888 5 2 1 1 6875 7046 7047 6876 6884 7055 7056 6885
5889 5 2 1 1 6877 7048 7049 6878 6886 7057 7058 6887
5890 5 2 1 1 6878 7049 7050 6879 6887 7058 7059 6888
5891 5 2 1 1 6879 7050 7051 6880 6888 7059 7060 6889
5892 5 2 1 1 6880 7051 7052 6881 6889 7060 7061 6890
5893 5 2 1 1 6881 7052 7053 6882 6890 7061 7062 6891
5894 5 2 1 1 6882 7053 7054 6883 6891 7062 7063 6892
5895 5 2 1 1 6883 7054 7055 6884 6892 7063 7064 6893
5896 5 2 1 1 6884 7055 7056 6885 6893 7064 7065 6894
5897 5 2 1 1 6886 7057 7058 6887 6895 7066 7067 6896
5898 5 2 1 1 6887 7058 7059 6888 6896 7067 7068 6897
5899 5 2 1 1 6888 7059 7060 6889 6897 7068 7069 6898
5900 5 2 1 1 6889 7060 7061 6890 6898 7069 7070 6899
5901 5 2 1 1 6890 7061 7062 6891 6899 7070 7071 6900
5902 5 2 1 1 6891 7062 7063 6892 6900 7071 7072 6901
5903 5 2 1 1 6892 7063 7064 6893 6901 7072 7073 6902
5904 5 2 1 1 6893 7064 7065 6894 6902 7073 7074 6903
5905 5 2 1 1 6895 7066 7067 6896 6904 7075 7076 6905
5906 5 2 1 1 6896 7067 7068 6897 6905 7076 7077 6906
5907 5 2 1 1 6897 7068 7069 6898 6906 7077 7078 6907
5908 5 2 1 1 6898 7069 7070 6899 6907 7078 7079 6908
5909 5 2 1 1 6899 7070 7071 6900 6908 7079 7080 6909
5910 5 2 1 1 6900 7071 7072 6901 6909 7080 7081 6910
5911 5 2 1 1 6901 7072 7073 6902 6910 7081 7082 6911
5912 5 2 1 1 6902 7073 7074 6903 6911 7082 7083 6912
5913 5 2 1 1 6904 7075 7076 6905 6913 7084 7085 6914
5914 5 2 1 1 6905 7076 7077 6906 6914 7085 7086 6915
5915 5 2 1 1 6906 7077 7078 6907 6915 7086 7087 6916
5916 5 2 1 1 6907 7078 7079 6908 6916 7087 7088 6917
5917 5 2 1 1 6908 7079 7080 6909 6917 7088 7089 6918
5918 5 2 1 1 6909 7080 7081 6910 6918 7089 7090 6919
5919 5 2 1 1 6910 7081 7082 6911 6919 7090 7091 6920
5920 5 2 1 1 6911 7082 7083 6912 6920 7091 7092 6921
5921 5 2 1 1 6913 7084 7085 6914 6922 7093 7094 6923
5922 5 2 1 1 6914 7085 7086 6915 6923 7094 7095 6924
5923 5 2 1 1 6915 7086 7087 6916 6924 7095 7096 6925
5924 5 2 1 1 6916 7087 7088 6917 6925 7096 7097 6926
5925 5 2 1 1 6917 7088 7089 6918 6926 7097 7098 6927
5926 5 2 1 1 6918 7089 7090 6919 6927 7098 7099 6928
5927 5 2 1 1 6919 7090 7091 6920 6928 7099 7100 6929
5928 5 2 1 1 6920 7091 7092 6921 6929 7100 7101 6930
5929 5 2 1 1 6922 7093 7094 6923 6931 7102 7103 6932
5930 5 2 1 1 6923 7094 7095 6924 6932 7103 7104 6933
5931 5 2 1 1 6924 7095 7096 6925 6933 7104 7105 6934
5932 5 2 1 1 6925 7096 7097 6926 6934 7105 7106 6935
5933 5 2 1 1 6926 7097 7098 6927 6935 7106 7107 6936
5934 5 2 1 1 6927 7098 7099 6928 6936 7107 7108 6937
5935 5 2 1 1 6928 7099 7100 6929 6937 7108 7109 6938
5936 5 2 1 1 6929 7100 7101 6930 6938 7109 7110 6939
5937 5 2 1 1 6931 7102 7103 6932 6940 7111 7112 6941
5938 5 2 1 1 6932 7103 7104 6933 6941 7112 7113 6942
5939 5 2 1 1 6933 7104 7105 6934 6942 7113 7114 6943
5940 5 2 1 1 6934 7105 7106 6935 6943 7114 7115 6944
5941 5 2 1 1 6935 7106 7107 6936 6944 7115 7116 6945
5942 5 2 1 1 6936 7107 7108 6937 6945 7116 7117 6946
5943 5 2 1 1 6937 7108 7109 6938 6946 7117 7118 6947
5944 5 2 1 1 6938 7109 7110 6939 6947 7118 7119 6948
5945 5 2 1 1 6940 7111 7112 6941 6949 7120 7121 6950
5946 5 2 1 1 6941 7112 7113 6942 6950 7121 7122 6951
5947 5 2 1 1 6942 7113 7114 6943 6951 7122 7123 6952
5948 5 2 1 1 6943 7114 7115 6944 6952 7123 7124 6953
5949 5 2 1 1 6944 7115 7116 6945 6953 7124 7125 6954
5950 5 2 1 1 6945 7116 7117 6946 6954 7125 7126 6955
5951 5 2 1 1 6946 7117 7118 6947 6955 7126 7127 6956
5952 5 2 1 1 6947 7118 7119 6948 6956 7127 7128 6957
5953 5 2 1 1 6958 7129 7131 6959 6967 7130 7132 6968
5954 5 2 1 1 6959 7131 7133 6960 6968 7132 7134 6969
5955 5 2 1 1 6960 7133 7135 6961 6969 7134 7136 6970
5956 5 2 1 1 6961 7135 7137 6962 6970 7136 7138 6971
5957 5 2 1 1 6962 7137 7139 6963 6971 7138 7140 6972
5958 5 2 1 1 6963 7139 7141 6964 6972 7140 7142 6973
5959 5 2 1 1 6964 7141 7143 6965 6973 7142 7144 6974
5960 5 2 1 1 6965 7143 7145 6966 6974 7144 7146 6975
5961 5 2 1 1 6967 7130 7132 6968 6976 7147 7148 6977
5962 5 2 1 1 6968 7132 7134 6969 6977 7148 7149 6978
5963 5 2 1 1 6969 7134 7136 6970 6978 7149 7150 6979
5964 5 2 1 1 6970 7136 7138 6971 6979 7150 7151 6980
5965 5 2 1 1 6971 7138 7140 6972 6980 7151 7152 6981
5966 5 2 1 1 6972 7140 7142 6973 6981 7152 7153 6982
5967 5 2 1 1 6973 7142 7144 6974 6982 7153 7154 6983
5968 5 2 1 1 6974 7144 7146 6975 6983 7154 7155 6984
5969 5 2 1 1 6976 7147 7148 6977 6985 7156 7157 6986
5970 5 2 1 1 6977 7148 7149 6978 6986 7157 7158 6987
5971 5 2 1 1 6978 7149 7150 6979 6987 7158 7159 6988
5972 5 2 1 1 6979 7150 7151 6980 6988 7159 7160 6989
5973 5 2 1 1 6980 7151 7152 6981 6989 7160 7161 6990
5974 5 2 1 1 6981 7152 7153 6982 6990 7161 7162 6991
5975 5 2 1 1 6982 7153 7154 6983 6991 7162 7163 6992
5976 5 2 1 1 6983 7154 7155 6984 6992 7163 7164 6993
5977 5 2 1 1 6985 7156 7157 6986 6994 7165 7166 6995
5978 5 2 1 1 6986 7157 7158 6987 6995 7166 7167 6996
5979 5 2 1 1 6987 7158 7159 6988 6996 7167 7168 6997
5980 5 2 1 1 6988 7159 7160 6989 6997 7168 7169 6998
5981 5 2 1 1 6989 7160 7161 6990 6998 7169 7170 6999
5982 5 2 1 1 6990 7161 7162 6991 6999 7170 7171 7000
5983 5 2 1 1 6991 7162 7163 6992 7000 7171 7172 7001
5984 5 2 1 1 6992 7163 7164 6993 7001 7172 7173 7002
5985 5 2 1 1 6994 7165 7166 6995 7003 7174 7175 7004
5986 5 2 1 1 6995 7166 7167 6996 7004 7175 7176 7005
5987 5 2 1 1 6996 7167 7168 6997 7005 7176 7177 7006
5988 5 2 1 1 6997 7168 7169 6998 7006 7177 7178 7007
5989 5 2 1 1 6998 7169 7170 6999 7007 7178 7179 7008
5990 5 2 1 1 6999 7170 7171 7000 7008 7179 7180 7009
5991 5 2 1 1 7000 7171 7172 7001 7009 7180 7181 7010
5992 5 2 1 1 7001 7172 7173 7002 7010 7181 7182 7011
5993 5 2 1 1 7003 7174 7175 7004 7012 7183 7184 7013
5994 5 2 1 1 7004 7175 7176 7005 7013 7184 7185 7014
5995 5 2 1 1 7005 7176 7177 7006 7014 7185 7186 7015
5996 5 2 1 1 7006 7177 7178 7007 7015 7186 7187 7016
5997 5 2 1 1 7007 7178 7179 7008 7016 7187 7188 7017
5998 5 2 1 1 7008 7179 7180 7009 7017 7188 7189 7018
5999 5 2 1 1 7009 7180 7181 7010 7018 7189 7190 7019
6000 5 2 1 1 7010 7181 7182 7011 7019 7190 7191 7020
6001 5 2 1 1 7012 7183 7184 7013 7021 7192 7193 7022
6002 5 2 1 1 7013 7184 7185 7014 7022 7193 7194 7023
6003 5 2 1 1 7014 7185 7186 7015 7023 7194 7195 7024
6004 5 2 1 1 7015 7186 7187 7016 7024 7195 7196 7025
6005 5 2 1 1 7016 7187 7188 7017 7025 7196 7197 7026
6006 5 2 1 1 7017 7188 7189 7018 7026 7197 7198 7027
6007 5 2 1 1 7018 7189 7190 7019 7027 7198 7199 7028
6008 5 2 1 1 7019 7190 7191 7020 7028 7199 7200 7029
6009 5 2 1 1 7021 7192 7193 7022 7030 7201 7202 7031
6010 5 2 1 1 7022 7193 7194 7023 7031 7202 7203 7032
6011 5 2 1 1 7023 7194 7195 7024 7032 7203 7204 7033
6012 5 2 1 1 7024 7195 7196 7025 7033 7204 7205 7034
6013 5 2 1 1 7025 7196 7197 7026 7034 7205 7206 7035
6014 5 2 1 1 7026 7197 7198 7027 7035 7206 7207 7036
6015 5 2 1 1 7027 7198 7199 7028 7036 7207 7208 7037
6016 5 2 1 1 7028 7199 7200 7029 7037 7208 7209 7038
6017 5 2 1 1 7030 7201 7202 7031 7039 7210 7211 7040
6018 5 2 1 1 7031 7202 7203 7032 7040 7211 7212 7041
6019 5 2 1 1 7032 7203 7204 7033 7041 7212 7213 7042
6020 5 2 1 1 7033 7204 7205 7034 7042 7213 7214 7043
6021 5 2 1 1 7034 7205 7206 7035 7043 7214 7215 7044
6022 5 2 1 1 7035 7206 7207 7036 7044 7215 7216 7045
6023 5 2 1 1 7036 7207 7208 7037 7045 7216 7217 7046
6024 5 2 1 1 7037 7208 7209 7038 7046 7217 7218 7047
6025 5 2 1 1 7039 7210 7211 7040 7048 7219 7220 7049
6026 5 2 1 1 7040 7211 7212 7041 7049 7220 7221 7050
6027 5 2 1 1 7041 7212 7213 7042 7050 7221 7222 7051
6028 5 2 1 1 7042 7213 7214 7043 7051 7222 7223 7052
6029 5 2 1 1 7043 7214 7215 7044 7052 7223 7224 7053
6030 5 2 1 1 7044 7215 7216 7045 7053 7224 7225 7054
6031 5 2 1 1 7045 7216 7217 7046 7054 7225 7226 7055
6032 5 2 1 1 7046 7217 7218 7047 7055 7226 7227 7056
6033 5 2 1 1 7048 7219 7220 7049 7057 7228 7229 7058
6034 5 2 1 1 7049 7220 7221 7050 7058 7229 7230 7059
6035 5 2 1 1 7050 7221 7222 7051 7059 7230 7231 7060
6036 5 2 1 1 7051 7222 7223 7052 7060 7231 7232 7061
6037 5 2 1 1 7052 7223 7224 7053 7061 7232 7233 7062
6038 5 2 1 1 7053 7224 7225 7054 7062 7233 7234 7063
6039 5 2 1 1 7054 7225 7226 7055 7063 7234 7235 7064
6040 5 2 1 1 7055 7226 7227 7056 7064 7235 7236 7065
6041 5 2 1 1 7057 7228 7229 7058 7066 7237 7238 7067
6042 5 2 1 1 7058 7229 7230 7059 7067 7238 7239 7068
6043 5 2 1 1 7059 7230 7231 7060 7068 7239 7240 7069
6044 5 2 1 1 7060 7231 7232 7061 7069 7240 7241 7070
6045 5 2 1 1 7061 7232 7233 7062 7070 7241 7242 7071
6046 5 2 1 1 7062 7233 7234 7063 7071 7242 7243 7072
6047 5 2 1 1 7063 7234 7235 7064 7072 7243 7244 7073
6048 5 2 1 1 7064 7235 7236 7065 7073 7244 7245 7074
6049 5 2 1 1 7066 7237 7238 7067 7075 7246 7247 7076
6050 5 2 1 1 7067 7238 7239 7068 7076 7247 7248 7077
6051 5 2 1 1 7068 7239 7240 7069 7077 7248 7249 7078
6052 5 2 1 1 7069 7240 7241 7070 7078 7249 7250 7079
6053 5 2 1 1 7070 7241 7242 7071 7079 7250 7251 7080
6054 5 2 1 1 7071 7242 7243 7072 7080 7251 7252 7081
6055 5 2 1 1 7072 7243 7244 7073 7081 7252 7253 7082
6056 5 2 1 1 7073 7244 7245 7074 7082 7253 7254 7083
6057 5 2 1 1 7075 7246 7247 7076 7084 7255 7256 7085
6058 5 2 1 1 7076 7247 7248 7077 7085 7256 7257 7086
6059 5 2 1 1 7077 7248 7249 7078 7086 7257 7258 7087
6060 5 2 1 1 7078 7249 7250 7079 7087 7258 7259 7088
6061 5 2 1 1 7079 7250 7251 7080 7088 7259 7260 7089
6062 5 2 1 1 7080 7251 7252 7081 7089 7260 7261 7090
6063 5 2 1 1 7081 7252 7253 7082 7090 7261 7262 7091
6064 5 2 1 1 7082 7253 7254 7083 7091 7262 7263 7092
6065 5 2 1 1 7084 7255 7256 7085 7093 7264 7265 7094
6066 5 2 1 1 7085 7256 7257 7086 7094 7265 7266 7095
6067 5 2 1 1 7086 7257 7258 7087 7095 7266 7267 7096
6068 5 2 1 1 7087 7258 7259 7088 7096 7267 7268 7097
6069 5 2 1 1 7088 7259 7260 7089 7097 7268 7269 7098
6070 5 2 1 1 7089 7260 7261 7090 7098 7269 7270 7099
6071 5 2 1 1 7090 7261 7262 7091 7099 7270 7271 7100
6072 5 2 1 1 7091 7262 7263 7092 7100 7271 7272 7101
6073 5 2 1 1 7093 7264 7265 7094 7102 7273 7274 7103
6074 5 2 1 1 7094 7265 7266 7095 7103 7274 7275 7104
6075 5 2 1 1 7095 7266 7267 7096 7104 7275 7276 7105
6076 5 2 1 1 7096 7267 7268 7097 7105 7276 7277 7106
6077 5 2 1 1 7097 7268 7269 7098 7106 7277 7278 7107
6078 5 2 1 1 7098 7269 7270 7099 7107 7278 7279 7108
6079 5 2 1 1 7099 7270 7271 7100 7108 7279 7280 7109
6080 5 2 1 1 7100 7271 7272 7101 7109 7280 7281 7110
6081 5 2 1 1 7102 7273 7274 7103 7111 7282 7283 7112
6082 5 2 1 1 7103 7274 7275 7104 7112 7283 7284 7113
6083 5 2 1 1 7104 7275 7276 7105 7113 7284 7285 7114
6084 5 2 1 1 7105 7276 7277 7106 7114 7285 7286 7115
6085 5 2 1 1 7106 7277 7278 7107 7115 7286 7287 7116
6086 5 2 1 1 7107 7278 7279 7108 7116 7287 7288 7117
6087 5 2 1 1 7108 7279 7280 7109 7117 7288 7289 7118
6088 5 2 1 1 7109 7280 7281 7110 7118 7289 7290 7119
6089 5 2 1 1 7111 7282 7283 7112 7120 7291 7292 7121
6090 5 2 1 1 7112 7283 7284 7113 7121 7292 7293 7122
6091 5 2 1 1 7113 7284 7285 7114 7122 7293 7294 7123
6092 5 2 1 1 7114 7285 7286 7115 7123 7294 7295 7124
6093 5 2 1 1 7115 7286 7287 7116 7124 7295 7296 7125
6094 5 2 1 1 7116 7287 7288 7117 7125 7296 7297 7126
6095 5 2 1 1 7117 7288 7289 7118 7126 7297 7298 7127
6096 5 2 1 1 7118 7289 7290 7119 7127 7298 7299 7128
6097 6 2 1 1 7129 7130 7300 7131 7132 7301
6098 6 2 1 1 7131 7132 7301 7133 7134 7302
6099 6 2 1 1 7133 7134 7302 7135 7136 7303
6100 6 2 1 1 7135 7136 7303 7137 7138 7304
6101 6 2 1 1 7137 7138 7304 7139 7140 7305
6102 6 2 1 1 7139 7140 7305 7141 7142 7306
6103 6 2 1 1 7141 7142 7306 7143 7144 7307
6104 6 2 1 1 7143 7144 7307 7145 7146 7308
6105 5 2 1 1 7130 7300 7301 7132 7147 7309 7310 7148
6106 5 2 1 1 7132 7301 7302 7134 7148 7310 7311 7149
6107 5 2 1 1 7134 7302 7303 7136 7149 7311 7312 7150
6108 5 2 1 1 7136 7303 7304 7138 7150 7312 7313 7151
6109 5 2 1 1 7138 7304 7305 7140 7151 7313 7314 7152
6110 5 2 1 1 7140 7305 7306 7142 7152 7314 7315 7153
6111 5 2 1 1 7142 7306 7307 7144 7153 7315 7316 7154
6112 5 2 1 1 7144 7307 7308 7146 7154 7316 7317 7155
6113 5 2 1 1 7147 7309 7310 7148 7156 7318 7319 7157
6114 5 2 1 1 7148 7310 7311 7149 7157 7319 7320 7158
6115 5 2 1 1 7149 7311 7312 7150 7158 7320 7321 7159
6116 5 2 1 1 7150 7312 7313 7151 7159 7321 7322 7160
6117 5 2 1 1 7151 7313 7314 7152 7160 7322 7323 7161
6118 5 2 1 1 7152 7314 7315 7153 7161 7323 7324 7162
6119 5 2 1 1 7153 7315 7316 7154 7162 7324 7325 7163
6120 5 2 1 1 7154 7316 7317 7155 7163 7325 7326 7164
6121 5 2 1 1 7156 7318 7319 7157 7165 7327 7328 7166
6122 5 2 1 1 7157 7319 7320 7158 7166 7328 7329 7167
6123 5 2 1 1 7158 7320 7321 7159 7167 7329 7330 7168
6124 5 2 1 1 7159 7321 7322 7160 7168 7330 7331 7169
6125 5 2 1 1 7160 7322 7323 7161 7169 7331 7332 7170
6126 5 2 1 1 7161 7323 7324 7162 7170 7332 7333 7171
6127 5 2 1 1 7162 7324 7325 7163 7171 7333 7334 7172
6128 5 2 1 1 7163 7325 7326 7164 7172 7334 7335 7173
6129 5 2 1 1 7165 7327 7328 7166 7174 7336 7337 7175
6130 5 2 1 1 7166 7328 7329 7167 7175 7337 7338 7176
6131 5 2 1 1 7167 7329 7330 7168 7176 7338 7339 7177
6132 5 2 1 1 7168 7330 7331 7169 7177 7339 7340 7178
6133 5 2 1 1 7169 7331 7332 7170 7178 7340 7341 7179
6134 5 2 1 1 7170 7332 7333 7171 7179 7341 7342 7180
6135 5 2 1 1 7171 7333 7334 7172 7180 7342 7343 7181
6136 5 2 1 1 7172 7334 7335 7173 7181 7343 7344 7182
6137 5 2 1 1 7174 7336 7337 7175 7183 7345 7346 7184
6138 5 2 1 1 7175 7337 7338 7176 7184 7346 7347 7185
6139 5 2 1 1 7176 7338 7339 7177 7185 7347 7348 7186
6140 5 2 1 1 7177 7339 7340 7178 7186 7348 7349 7187
6141 5 2 1 1 7178 7340 7341 7179 7187 7349 7350 7188
6142 5 2 1 1 7179 7341 7342 7180 7188 7350 7351 7189
6143 5 2 1 1 7180 7342 7343 7181 7189 7351 7352 7190
6144 5 2 1 1 7181 7343 7344 7182 7190 7352 7353 7191
6145 5 2 1 1 7183 7345 7346 7184 7192 7354 7355 7193
6146 5 2 1 1 7184 7346 7347 7185 7193 7355 7356 7194
6147 5 2 1 1 7185 7347 7348 7186 7194 7356 7357 7195
6148 5 2 1 1 7186 7348 7349 7187 7195 7357 7358 7196
6149 5 2 1 1 7187 7349 7350 7188 7196 7358 7359 7197
6150 5 2 1 1 7188 7350 7351 7189 7197 7359 7360 7198
6151 5 2 1 1 7189 7351 7352 7190 7198 7360 7361 7199
6152 5 2 1 1 7190 7352 7353 7191 7199 7361 7362 7200
6153 5 2 1 1 7192 7354 7355 7193 7201 7363 7364 7202
6154 5 2 1 1 7193 7355 7356 7194 7202 7364 7365 7203
6155 5 2 1 1 7194 7356 7357 7195 7203 7365 7366 7204
6156 5 2 1 1 7195 7357 7358 7196 7204 7366 7367 7205
6157 5 2 1 1 7196 7358 7359 7197 7205 7367 7368 7206
6158 5 2 1 1 7197 7359 7360 7198 7206 7368 7369 7207
6159 5 2 1 1 7198 7360 7361 7199 7207 7369 7370 7208
6160 5 2 1 1 7199 7361 7362 7200 7208 7370 7371 7209
6161 5 2 1 1 7201 7363 7364 7202 7210 7372 7373 7211
6162 5 2 1 1 7202 7364 7365 7203 7211 7373 7374 7212
6163 5 2 1 1 7203 7365 7366 7204 7212 7374 7375 7213
6164 5 2 1 1 7204 7366 7367 7205 7213 7375 7376 7214
6165 5 2 1 1 7205 7367 7368 7206 7214 7376 7377 7215
6166 5 2 1 1 7206 7368 7369 7207 7215 7377 7378 7216
6167 5 2 1 1 7207 7369 7370 7208 7216 7378 7379 7217
6168 5 2 1 1 7208 7370 7371 7209 7217 7379 7380 7218
6169 5 2 1 1 7210 7372 7373 7211 7219 7381 7382 7220
6170 5 2 1 1 7211 7373 7374 7212 7220 7382 7383 7221
6171 5 2 1 1 7212 7374 7375 7213 7221 7383 7384 7222
6172 5 2 1 1 7213 7375 7376 7214 7222 7384 7385 7223
6173 5 2 1 1 7214 7376 7377 7215 7223 7385 7386 7224
6174 5 2 1 1 7215 7377 7378 7216 7224 7386 7387 7225
6175 5 2 1 1 7216 7378 7379 7217 7225 7387 7388 7226
6176 5 2 1 1 7217 7379 7380 7218 7226 7388 7389 7227
6177 5 2 1 1 7219 7381 7382 7220 7228 7390 7391 7229
6178 5 2 1 1 7220 7382 7383 7221 7229 7391 7392 7230
6179 5 2 1 1 7221 7383 7384 7222 7230 7392 7393 7231
6180 5 2 1 1 7222 7384 7385 7223 7231 7393 7394 7232
6181 5 2 1 1 7223 7385 7386 7224 7232 7394 7395 7233
6182 5 2 1 1 7224 7386 7387 7225 7233 7395 7396 7234
6183 5 2 1 1 7225 7387 7388 7226 7234 7396 7397 7235
6184 5 2 1 1 7226 7388 7389 7227 7235 7397 7398 7236
6185 5 2 1 1 7228 7390 7391 7229 7237 7399 7400 7238
6186 5 2 1 1 7229 7391 7392 7230 7238 7400 7401 7239
6187 5 2 1 1 7230 7392 7393 7231 7239 7401 7402 7240
6188 5 2 1 1 7231 7393 7394 7232 7240 7402 7403 7241
6189 5 2 1 1 7232 7394 7395 7233 7241 7403 7404 7242
6190 5 2 1 1 7233 7395 7396 7234 7242 7404 7405 7243
6191 5 2 1 1 7234 7396 7397 7235 7243 7405 7406 7244
6192 5 2 1 1 7235 7397 7398 7236 7244 7406 7407 7245
6193 5 2 1 1 7237 7399 7400 7238 7246 7408 7409 7247
6194 5 2 1 1 7238 7400 7401 7239 7247 7409 7410 7248
6195 5 2 1 1 7239 7401 7402 7240 7248 7410 7411 7249
6196 5 2 1 1 7240 7402 7403 7241 7249 7411 7412 7250
6197 5 2 1 1 7241 7403 7404 7242 7250 7412 7413 7251
6198 5 2 1 1 7242 7404 7405 7243 7251 7413 7414 7252
6199 5 2 1 1 7243 7405 7406 7244 7252 7414 7415 7253
6200 5 2 1 1 7244 7406 7407 7245 7253 7415 7416 7254
6201 5 2 1 1 7246 7408 7409 7247 7255 7417 7418 7256
6202 5 2 1 1 7247 7409 7410 7248 7256 7418 7419 7257
6203 5 2 1 1 7248 7410 7411 7249 7257 7419 7420 7258
6204 5 2 1 1 7249 7411 7412 7250 7258 7420 7421 7259
6205 5 2 1 1 7250 7412 7413 7251 7259 7421 7422 7260
6206 5 2 1 1 7251 7413 7414 7252 7260 7422 7423 7261
6207 5 2 1 1 7252 7414 7415 7253 7261 7423 7424 7262
6208 5 2 1 1 7253 7415 7416 7254 7262 7424 7425 7263
6209 5 2 1 1 7255 7417 7418 7256 7264 7426 7427 7265
6210 5 2 1 1 7256 7418 7419 7257 7265 7427 7428 7266
6211 5 2 1 1 7257 7419 7420 7258 7266 7428 7429 7267
6212 5 2 1 1 7258 7420 7421 7259 7267 7429 7430 7268
6213 5 2 1 1 7259 7421 7422 7260 7268 7430 7431 7269
6214 5 2 1 1 7260 7422 7423 7261 7269 7431 7432 7270
6215 5 2 1 1 7261 7423 7424 7262 7270 7432 7433 7271
6216 5 2 1 1 7262 7424 7425 7263 7271 7433 7434 7272
6217 5 2 1 1 7264 7426 7427 7265 7273 7435 7436 7274
6218 5 2 1 1 7265 7427 7428 7266 7274 7436 7437 7275
6219 5 2 1 1 7266 7428 7429 7267 7275 7437 7438 7276
6220 5 2 1 1 7267 7429 7430 7268 7276 7438 7439 7277
6221 5 2 1 1 7268 7430 7431 7269 7277 7439 7440 7278
6222 5 2 1 1 7269 7431 7432 7270 7278 7440 7441 7279
6223 5 2 1 1 7270 7432 7433 7271 7279 7441 7442 7280
6224 5 2 1 1 7271 7433 7434 7272 7280 7442 7443 7281
6225 5 2 1 1 7273 7435 7436 7274 7282 7444 7445 7283
6226 5 2 1 1 7274 7436 7437 7275 7283 7445 7446 7284
6227 5 2 1 1 7275 7437 7438 7276 7284 7446 7447 7285
6228 5 2 1 1 7276 7438 7439 7277 7285 7447 7448 7286
6229 5 2 1 1 7277 7439 7440 7278 7286 7448 7449 7287
6230 5 2 1 1 7278 7440 7441 7279 7287 7449 7450 7288
6231 5 2 1 1 7279 7441 7442 7280 7288 7450 7451 7289
6232 5 2 1 1 7280 7442 7443 7281 7289 7451 7452 7290
6233 5 2 1 1 7282 7444 7445 7283 7291 7453 7454 7292
6234 5 2 1 1 7283 7445 7446 7284 7292 7454 7455 7293
6235 5 2 1 1 7284 7446 7447 7285 7293 7455 7456 7294
6236 5 2 1 1 7285 7447 7448 7286 7294 7456 7457 7295
6237 5 2 1 1 7286 7448 7449 7287 7295 7457 7458 7296
6238 5 2 1 1 7287 7449 7450 7288 7296 7458 7459 7297
6239 5 2 1 1 7288 7450 7451 7289 7297 7459 7460 7298
6240 5 2 1 1 7289 7451 7452 7290 7298 7460 7461 7299
6241 5 2 1 1 7300 7462 7464 7301 7309 7463 7465 7310
6242 5 2 1 1 7301 7464 7466 7302 7310 7465 7467 7311
6243 5 2 1 1 7302 7466 7468 7303 7311 7467 7469 7312
6244 5 2 1 1 7303 7468 7470 7304 7312 7469 7471 7313
6245 5 2 1 1 7304 7470 7472 7305 7313 7471 7473 7314
6246 5 2 1 1 7305 7472 7474 7306 7314 7473 7475 7315
6247 5 2 1 1 7306 7474 7476 7307 7315 7475 7477 7316
6248 5 2 1 1 7307 7476 7478 7308 7316 7477 7479 7317
6249 5 2 1 1 7309 7463 7465 7310 7318 7480 7481 7319
6250 5 2 1 1 7310 7465 7467 7311 7319 7481 7482 7320
6251 5 2 1 1 7311 7467 7469 7312 7320 7482 7483 7321
6252 5 2 1 1 7312 7469 7471 7313 7321 7483 7484 7322
6253 5 2 1 1 7313 7471 7473 7314 7322 7484 7485 7323
6254 5 2 1 1 7314 7473 7475 7315 7323 7485 7486 7324
6255 5 2 1 1 7315 7475 7477 7316 7324 7486 7487 7325
6256 5 2 1 1 7316 7477 7479 7317 7325 7487 7488 7326
6257 5 2 1 1 7318 7480 7481 7319 7327 7489 7490 7328
6258 5 2 1 1 7319 7481 7482 7320 7328 7490 7491 7329
6259 5 2 1 1 7320 7482 7483 7321 7329 7491 7492 7330
6260 5 2 1 1 7321 7483 7484 7322 7330 7492 7493 7331
6261 5 2 1 1 7322 7484 7485 7323 7331 7493 7494 7332
6262 5 2 1 1 7323 7485 7486 7324 7332 7494 7495 7333
6263 5 2 1 1 7324 7486 7487 7325 7333 7495 7496 7334
6264 5 2 1 1 7325 7487 7488 7326 7334 7496 7497 7335
6265 5 2 1 1 7327 7489 7490 7328 7336 7498 7499 7337
6266 5 2 1 1 7328 7490 7491 7329 7337 7499 7500 7338
6267 5 2 1 1 7329 7491 7492 7330 7338 7500 7501 7339
6268 5 2 1 1 7330 7492 7493 7331 7339 7501 7502 7340
6269 5 2 1 1 7331 7493 7494 7332 7340 7502 7503 7341
6270 5 2 1 1 7332 7494 7495 7333 7341 7503 7504 7342
6271 5 2 1 1 7333 7495 7496 7334 7342 7504 7505 7343
6272 5 2 1 1 7334 7496 7497 7335 7343 7505 7506 7344
6273 5 2 1 1 7336 7498 7499 7337 7345 7507 7508 7346
6274 5 2 1 1 7337 7499 7500 7338 7346 7508 7509 7347
6275 5 2 1 1 7338 7500 7501 7339 7347 7509 7510 7348
6276 5 2 1 1 7339 7501 7502 7340 7348 7510 7511 7349
6277 5 2 1 1 7340 7502 7503 7341 7349 7511 7512 7350
6278 5 2 1 1 7341 7503 7504 7342 7350 7512 7513 7351
6279 5 2 1 1 7342 7504 7505 7343 7351 7513 7514 7352
6280 5 2 1 1 7343 7505 7506 7344 7352 7514 7515 7353
6281 5 2 1 1 7345 7507 7508 7346 7354 7516 7517 7355
6282 5 2 1 1 7346 7508 7509 7347 7355 7517 7518 7356
6283 5 2 1 1 7347 7509 7510 7348 7356 7518 7519 7357
6284 5 2 1 1 7348 7510 7511 7349 7357 7519 7520 7358
6285 5 2 1 1 7349 7511 7512 7350 7358 7520 7521 7359
6286 5 2 1 1 7350 7512 7513 7351 7359 7521 7522 7360
6287 5 2 1 1 7351 7513 7514 7352 7360 7522 7523 7361
6288 5 2 1 1 7352 7514 7515 7353 7361 7523 7524 7362
6289 5 2 1 1 7354 7516 7517 7355 7363 7525 7526 7364
6290 5 2 1 1 7355 7517 7518 7356 7364 7526 7527 7365
6291 5 2 1 1 7356 7518 7519 7357 7365 7527 7528 7366
6292 5 2 1 1 7357 7519 7520 7358 7366 7528 7529 7367
6293 5 2 1 1 7358 7520 7521 7359 7367 7529 7530 7368
6294 5 2 1 1 7359 7521 7522 7360 7368 7530 7531 7369
6295 5 2 1 1 7360 7522 7523 7361 7369 7531 7532 7370
6296 5 2 1 1 7361 7523 7524 7362 7370 7532 7533 7371
6297 5 2 1 1 7363 7525 7526 7364 7372 7534 7535 7373
6298 5 2 1 1 7364 7526 7527 7365 7373 7535 7536 7374
6299 5 2 1 1 7365 7527 7528 7366 7374 7536 7537 7375
6300 5 2 1 1 7366 7528 7529 7367 7375 7537 7538 7376
6301 5 2 1 1 7367 7529 7530 7368 7376 7538 7539 7377
6302 5 2 1 1 7368 7530 7531 7369 7377 7539 7540 7378
6303 5 2 1 1 7369 7531 7532 7370 7378 7540 7541 7379
6304 5 2 1 1 7370 7532 7533 7371 7379 7541 7542 7380
6305 5 2 1 1 7372 7534 7535 7373 7381 7543 7544 7382
6306 5 2 1 1 7373 7535 7536 7374 7382 7544 7545 7383
6307 5 2 1 1 7374 7536 7537 7375 7383 7545 7546 7384
6308 5 2 1 1 7375 7537 7538 7376 7384 7546 7547 7385
6309 5 2 1 1 7376 7538 7539 7377 7385 7547 7548 7386
6310 5 2 1 1 7377 7539 7540 7378 7386 7548 7549 7387
6311 5 2 1 1 7378 7540 7541 7379 7387 7549 7550 7388
6312 5 2 1 1 7379 7541 7542 7380 7388 7550 7551 7389
6313 5 2 1 1 7381 7543 7544 7382 7390 7552 7553 7391
6314 5 2 1 1 7382 7544 7545 7383 7391 7553 7554 7392
6315 5 2 1 1 7383 7545 7546 7384 7392 7554 7555 7393
6316 5 2 1 1 7384 7546 7547 7385 7393 7555 7556 7394
6317 5 2 1 1 7385 7547 7548 7386 7394 7556 7557 7395
6318 5 2 1 1 7386 7548 7549 7387 7395 7557 7558 7396
6319 5 2 1 1 7387 7549 7550 7388 7396 7558 7559 7397
6320 5 2 1 1 7388 7550 7551 7389 7397 7559 7560 7398
6321 5 2 1 1 7390 7552 7553 7391 7399 7561 7562 7400
6322 5 2 1 1 7391 7553 7554 7392 7400 7562 7563 7401
6323 5 2 1 1 7392 7554 7555 7393 7401 7563 7564 7402
6324 5 2 1 1 7393 7555 7556 7394 7402 7564 7565 7403
6325 5 2 1 1 7394 7556 7557 7395 7403 7565 7566 7404
6326 5 2 1 1 7395 7557 7558 7396 7404 7566 7567 7405
6327 5 2 1 1 7396 7558 7559 7397 7405 7567 7568 7406
6328 5 2 1 1 7397 7559 7560 7398 7406 7568 7569 7407
6329 5 2 1 1 7399 7561 7562 7400 7408 7570 7571 7409
6330 5 2 1 1 7400 7562 7563 7401 7409 7571 7572 7410
6331 5 2 1 1 7401 7563 7564 7402 7410 7572 7573 7411
6332 5 2 1 1 7402 7564 7565 7403 7411 7573 7574 7412
6333 5 2 1 1 7403 7565 7566 7404 7412 7574 7575 7413
6334 5 2 1 1 7404 7566 7567 7405 7413 7575 7576 7414
6335 5 2 1 1 7405 7567 7568 7406 7414 7576 7577 7415
6336 5 2 1 1 7406 7568 7569 7407 7415 7577 7578 7416
6337 5 2 1 1 7408 7570 7571 7409 7417 7579 7580 7418
6338 5 2 1 1 7409 7571 7572 7410 7418 7580 7581 7419
6339 5 2 1 1 7410 7572 7573 7411 7419 7581 7582 7420
6340 5 2 1 1 7411 7573 7574 7412 7420 7582 7583 7421
6341 5 2 1 1 7412 7574 7575 7413 7421 7583 7584 7422
6342 5 2 1 1 7413 7575 7576 7414 7422 7584 7585 7423
6343 5 2 1 1 7414 7576 7577 7415 7423 7585 7586 7424
6344 5 2 1 1 7415 7577 7578 7416 7424 7586 7587 7425
6345 5 2 1 1 7417 7579 7580 7418 7426 7588 7589 7427
6346 5 2 1 1 7418 7580 7581 7419 7427 7589 7590 7428
6347 5 2 1 1 7419 7581 7582 7420 7428 7590 7591 7429
6348 5 2 1 1 7420 7582 7583 7421 7429 7591 7592 7430
6349 5 2 1 1 7421 7583 7584 7422 7430 7592 7593 7431
6350 5 2 1 1 7422 7584 7585 7423 7431 7593 7594 7432
6351 5 2 1 1 7423 7585 7586 7424 7432 7594 7595 7433
6352 5 2 1 1 7424 7586 7587 7425 7433 7595 7596 7434
6353 5 2 1 1 7426 7588 7589 7427 7435 7597 7598 7436
6354 5 2 1 1 7427 7589 7590 7428 7436 7598 7599 7437
6355 5 2 1 1 7428 7590 7591 7429 7437 7599 7600 7438
6356 5 2 1 1 7429 7591 7592 7430 7438 7600 7601 7439
6357 5 2 1 1 7430 7592 7593 7431 7439 7601 7602 7440
6358 5 2 1 1 7431 7593 7594 7432 7440 7602 7603 7441
6359 5 2 1 1 7432 7594 7595 7433 7441 7603 7604 7442
6360 5 2 1 1 7433 7595 7596 7434 7442 7604 7605 7443
6361 5 2 1 1 7435 7597 7598 7436 7444 7606 7607 7445
6362 5 2 1 1 7436 7598 7599 7437 7445 7607 7608 7446
6363 5 2 1 1 7437 7599 7600 7438 7446 7608 7609 7447
6364 5 2 1 1 7438 7600 7601 7439 7447 7609 7610 7448
6365 5 2 1 1 7439 7601 7602 7440 7448 7610 7611 7449
6366 5 2 1 1 7440 7602 7603 7441 7449 7611 7612 7450
6367 5 2 1 1 7441 7603 7604 7442 7450 7612 7613 7451
6368 5 2 1 1 7442 7604 7605 7443 7451 7613 7614 7452
6369 5 2 1 1 7444 7606 7607 7445 7453 7615 7616 7454
6370 5 2 1 1 7445 7607 7608 7446 7454 7616 7617 7455
6371 5 2 1 1 7446 7608 7609 7447 7455 7617 7618 7456
6372 5 2 1 1 7447 7609 7610 7448 7456 7618 7619 7457
6373 5 2 1 1 7448 7610 7611 7449 7457 7619 7620 7458
6374 5 2 1 1 7449 7611 7612 7450 7458 7620 7621 7459
6375 5 2 1 1 7450 7612 7613 7451 7459 7621 7622 7460
6376 5 2 1 1 7451 7613 7614 7452 7460 7622 7623 7461
6377 6 2 1 1 7462 7463 7624 7464 7465 7625
6378 6 2 1 1 7464 7465 7625 7466 7467 7626
6379 6 2 1 1 7466 7467 7626 7468 7469 7627
6380 6 2 1 1 7468 7469 7627 7470 7471 7628
6381 6 2 1 1 7470 7471 7628 7472 7473 7629
6382 6 2 1 1 7472 7473 7629 7474 7475 7630
6383 6 2 1 1 7474 7475 7630 7476 7477 7631
6384 6 2 1 1 7476 7477 7631 7478 7479 7632
6385 5 2 1 1 7463 7624 7625 7465 7480 7633 7634 7481
6386 5 2 1 1 7465 7625 7626 7467 7481 7634 7635 7482
6387 5 2 1 1 7467 7626 7627 7469 7482 7635 7636 7483
6388 5 2 1 1 7469 7627 7628 7471 7483 7636 7637 7484
6389 5 2 1 1 7471 7628 7629 7473 7484 7637 7638 7485
6390 5 2 1 1 7473 7629 7630 7475 7485 7638 7639 7486
6391 5 2 1 1 7475 7630 7631 7477 7486 7639 7640 7487
6392 5 2 1 1 7477 7631 7632 7479 7487 7640 7641 7488
6393 5 2 1 1 7480 7633 7634 7481 7489 7642 7643 7490
6394 5 2 1 1 7481 7634 7635 7482 7490 7643 7644 7491
6395 5 2 1 1 7482 7635 7636 7483 7491 7644 7645 7492
6396 5 2 1 1 7483 7636 7637 7484 7492 7645 7646 7493
6397 5 2 1 1 7484 7637 7638 7485 7493 7646 7647 7494
6398 5 2 1 1 7485 7638 7639 7486 7494 7647 7648 7495
6399 5 2 1 1 7486 7639 7640 7487 7495 7648 7649 7496
6400 5 2 1 1 7487 7640 7641 7488 7496 7649 7650 7497
6401 5 2 1 1 7489 7642 7643 7490 7498 7651 7652 7499
6402 5 2 1 1 7490 7643 7644 7491 7499 7652 7653 7500
6403 5 2 1 1 7491 7644 7645 7492 7500 7653 7654 7501
6404 5 2 1 1 7492 7645 7646 7493 7501 7654 7655 7502
6405 5 2 1 1 7493 7646 7647 7494 7502 7655 7656 7503
6406 5 2 1 1 7494 7647 7648 7495 7503 7656 7657 7504
6407 5 2 1 1 7495 7648 7649 7496 7504 7657 7658 7505
6408 5 2 1 1 7496 7649 7650 7497 7505 7658 7659 7506
6409 5 2 1 1 7498 7651 7652 7499 7507 7660 7661 7508
6410 5 2 1 1 7499 7652 7653 7500 7508 7661 7662 7509
6411 5 2 1 1 7500 7653 7654 7501 7509 7662 7663 7510
6412 5 2 1 1 7501 7654 7655 7502 7510 7663 7664 7511
6413 5 2 1 1 7502 7655 7656 7503 7511 7664 7665 7512
6414 5 2 1 1 7503 7656 7657 7504 7512 7665 7666 7513
6415 5 2 1 1 7504 7657 7658 7505 7513 7666 7667 7514
6416 5 2 1 1 7505 7658 7659 7506 7514 7667 7668 7515
6417 5 2 1 1 7507 7660 7661 7508 7516 7669 7670 7517
6418 5 2 1 1 7508 7661 7662 7509 7517 7670 7671 7518
6419 5 2 1 1 7509 7662 7663 7510 7518 7671 7672 7519
6420 5 2 1 1 7510 7663 7664 7511 7519 7672 7673 7520
6421 5 2 1 1 7511 7664 7665 7512 7520 7673 7674 7521
6422 5 2 1 1 7512 7665 7666 7513 7521 7674 7675 7522
6423 5 2 1 1 7513 7666 7667 7514 7522 7675 7676 7523
6424 5 2 1 1 7514 7667 7668 7515 7523 7676 7677 7524
6425 5 2 1 1 7516 7669 7670 7517 7525 7678 7679 7526
6426 5 2 1 1 7517 7670 7671 7518 7526 7679 7680 7527
6427 5 2 1 1 7518 7671 7672 7519 7527 7680 7681 7528
6428 5 2 1 1 7519 7672 7673 7520 7528 7681 7682 7529
6429 5 2 1 1 7520 7673 7674 7521 7529 7682 7683 7530
6430 5 2 1 1 7521 7674 7675 7522 7530 7683 7684 7531
6431 5 2 1 1 7522 7675 7676 7523 7531 7684 7685 7532
6432 5 2 1 1 7523 7676 7677 7524 7532 7685 7686 7533
6433 5 2 1 1 7525 7678 7679 7526 7534 7687 7688 7535
6434 5 2 1 1 7526 7679 7680 7527 7535 7688 7689 7536
6435 5 2 1 1 7527 7680 7681 7528 7536 7689 7690 7537
6436 5 2 1 1 7528 7681 7682 7529 7537 7690 7691 7538
6437 5 2 1 1 7529 7682 7683 7530 7538 7691 7692 7539
6438 5 2 1 1 7530 7683 7684 7531 7539 7692 7693 7540
6439 5 2 1 1 7531 7684 7685 7532 7540 7693 7694 7541
6440 5 2 1 1 7532 7685 7686 7533 7541 7694 7695 7542
6441 5 2 1 1 7534 7687 7688 7535 7543 7696 7697 7544
6442 5 2 1 1 7535 7688 7689 7536 7544 7697 7698 7545
6443 5 2 1 1 7536 7689 7690 7537 7545 7698 7699 7546
6444 5 2 1 1 7537 7690 7691 7538 7546 7699 7700 7547
6445 5 2 1 1 7538 7691 7692 7539 7547 7700 7701 7548
6446 5 2 1 1 7539 7692 7693 7540 7548 7701 7702 7549
6447 5 2 1 1 7540 7693 7694 7541 7549 7702 7703 7550
6448 5 2 1 1 7541 7694 7695 7542 7550 7703 7704 7551
6449 5 2 1 1 7543 7696 7697 7544 7552 7705 7706 7553
6450 5 2 1 1 7544 7697 7698 7545 7553 7706 7707 7554
6451 5 2 1 1 7545 7698 7699 7546 7554 7707 7708 7555
6452 5 2 1 1 7546 7699 7700 7547 7555 7708 7709 7556
6453 5 2 1 1 7547 7700 7701 7548 7556 7709 7710 7557
6454 5 2 1 1 7548 7701 7702 7549 7557 7710 7711 7558
6455 5 2 1 1 7549 7702 7703 7550 7558 7711 7712 7559
6456 5 2 1 1 7550 7703 7704 7551 7559 7712 7713 7560
6457 5 2 1 1 7552 7705 7706 7553 7561 7714 7715 7562
6458 5 2 1 1 7553 7706 7707 7554 7562 7715 7716 7563
6459 5 2 1 1 7554 7707 7708 7555 7563 7716 7717 7564
6460 5 2 1 1 7555 7708 7709 7556 7564 7717 7718 7565
6461 5 2 1 1 7556 7709 7710 7557 7565 7718 7719 7566
6462 5 2 1 1 7557 7710 7711 7558 7566 7719 7720 7567
6463 5 2 1 1 7558 7711 7712 7559 7567 7720 7721 7568
6464 5 2 1 1 7559 7712 7713 7560 7568 7721 7722 7569
6465 5 2 1 1 7561 7714 7715 7562 7570 7723 7724 7571
6466 5 2 1 1 7562 7715 7716 7563 7571 7724 7725 7572
6467 5 2 1 1 7563 7716 7717 7564 7572 7725 7726 7573
6468 5 2 1 1 7564 7717 7718 7565 7573 7726 7727 7574
6469 5 2 1 1 7565 7718 7719 7566 7574 7727 7728 7575
6470 5 2 1 1 7566 7719 7720 7567 7575 7728 7729 7576
6471 5 2 1 1 7567 7720 7721 7568 7576 7729 7730 7577
6472 5 2 1 1 7568 7721 7722 7569 7577 7730 7731 7578
6473 5 2 1 1 7570 7723 7724 7571 7579 7732 7733 7580
6474 5 2 1 1 7571 7724 7725 7572 7580 7733 7734 7581
6475 5 2 1 1 7572 7725 7726 7573 7581 7734 7735 7582
6476 5 2 1 1 7573 7726 7727 7574 7582 7735 7736 7583
6477 5 2 1 1 7574 7727 7728 7575 7583 7736 7737 7584
6478 5 2 1 1 7575 7728 7729 7576 7584 7737 7738 7585
6479 5 2 1 1 7576 7729 7730 7577 7585 7738 7739 7586
6480 5 2 1 1 7577 7730 7731 7578 7586 7739 7740 7587
6481 5 2 1 1 7579 7732 7733 7580 7588 7741 7742 7589
6482 5 2 1 1 7580 7733 7734 7581 7589 7742 7743 7590
6483 5 2 1 1 7581 7734 7735 7582 7590 7743 7744 7591
6484 5 2 1 1 7582 7735 7736 7583 7591 7744 7745 7592
6485 5 2 1 1 7583 7736 7737 7584 7592 7745 7746 7593
6486 5 2 1 1 7584 7737 7738 7585 7593 7746 7747 7594
6487 5 2 1 1 7585 7738 7739 7586 7594 7747 7748 7595
6488 5 2 1 1 7586 7739 7740 7587 7595 7748 7749 7596
6489 5 2 1 1 7588 7741 7742 7589 7597 7750 7751 7598
6490 5 2 1 1 7589 7742 7743 7590 7598 7751 7752 7599
6491 5 2 1 1 7590 7743 7744 7591 7599 7752 7753 7600
6492 5 2 1 1 7591 7744 7745 7592 7600 7753 7754 7601
6493 5 2 1 1 7592 7745 7746 7593 7601 7754 7755 7602
6494 5 2 1 1 7593 7746 7747 7594 7602 7755 7756 7603
6495 5 2 1 1 7594 7747 7748 7595 7603 7756 7757 7604
6496 5 2 1 1 7595 7748 7749 7596 7604 7757 7758 7605
6497 5 2 1 1 7597 7750 7751 7598 7606 7759 7760 7607
6498 5 2 1 1 7598 7751 7752 7599 7607 7760 7761 7608
6499 5 2 1 1 7599 7752 7753 7600 7608 7761 7762 7609
6500 5 2 1 1 7600 7753 7754 7601 7609 7762 7763 7610
6501 5 2 1 1 7601 7754 7755 7602 7610 7763 7764 7611
6502 5 2 1 1 7602 7755 7756 7603 7611 7764 7765 7612
6503 5 2 1 1 7603 7756 7757 7604 7612 7765 7766 7613
6504 5 2 1 1 7604 7757 7758 7605 7613 7766 7767 7614
6505 5 2 1 1 7606 7759 7760 7607 7615 7768 7769 7616
6506 5 2 1 1 7607 7760 7761 7608 7616 7769 7770 7617
6507 5 2 1 1 7608 7761 7762 7609 7617 7770 7771 7618
6508 5 2 1 1 7609 7762 7763 7610 7618 7771 7772 7619
6509 5 2 1 1 7610 7763 7764 7611 7619 7772 7773 7620
6510 5 2 1 1 7611 7764 7765 7612 7620 7773 7774 7621
6511 5 2 1 1 7612 7765 7766 7613 7621 7774 7775 7622
6512 5 2 1 1 7613 7766 7767 7614 7622 7775 7776 7623
6513 5 2 1 1 7624 7777 7779 7625 7633 7778 7780 7634
6514 5 2 1 1 7625 7779 7781 7626 7634 7780 7782 7635
6515 5 2 1 1 7626 7781 7783 7627 7635 7782 7784 7636
6516 5 2 1 1 7627 7783 7785 7628 7636 7784 7786 7637
6517 5 2 1 1 7628 7785 7787 7629 7637 7786 7788 7638
6518 5 2 1 1 7629 7787 7789 7630 7638 7788 7790 7639
6519 5 2 1 1 7630 7789 7791 7631 7639 7790 7792 7640
6520 5 2 1 1 7631 7791 7793 7632 7640 7792 7794 7641
6521 5 2 1 1 7633 7778 7780 7634 7642 7795 7796 7643
6522 5 2 1 1 7634 7780 7782 7635 7643 7796 7797 7644
6523 5 2 1 1 7635 7782 7784 7636 7644 7797 7798 7645
6524 5 2 1 1 7636 7784 7786 7637 7645 7798 7799 7646
6525 5 2 1 1 7637 7786 7788 7638 7646 7799 7800 7647
6526 5 2 1 1 7638 7788 7790 7639 7647 7800 7801 7648
6527 5 2 1 1 7639 7790 7792 7640 7648 7801 7802 7649
6528 5 2 1 1 7640 7792 7794 7641 7649 7802 7803 7650
6529 5 2 1 1 7642 7795 7796 7643 7651 7804 7805 7652
6530 5 2 1 1 7643 7796 7797 7644 7652 7805 7806 7653
6531 5 2 1 1 7644 7797 7798 7645 7653 7806 7807 7654
6532 5 2 1 1 7645 7798 7799 7646 7654 7807 7808 7655
6533 5 2 1 1 7646 7799 7800 7647 7655 7808 7809 7656
6534 5 2 1 1 7647 7800 7801 7648 7656 7809 7810 7657
6535 5 2 1 1 7648 7801 7802 7649 7657 7810 7811 7658
6536 5 2 1 1 7649 7802 7803 7650 7658 7811 7812 7659
6537 5 2 1 1 7651 7804 7805 7652 7660 7813 7814 7661
6538 5 2 1 1 7652 7805 7806 7653 7661 7814 7815 7662
6539 5 2 1 1 7653 7806 7807 7654 7662 7815 7816 7663
6540 5 2 1 1 7654 7807 7808 7655 7663 7816 7817 7664
6541 5 2 1 1 7655 7808 7809 7656 7664 7817 7818 7665
6542 5 2 1 1 7656 7809 7810 7657 7665 7818 7819 7666
6543 5 2 1 1 7657 7810 7811 7658 7666 7819 7820 7667
6544 5 2 1 1 7658 7811 7812 7659 7667 7820 7821 7668
6545 5 2 1 1 7660 7813 7814 7661 7669 7822 7823 7670
6546 5 2 1 1 7661 7814 7815 7662 7670 7823 7824 7671
6547 5 2 1 1 7662 7815 7816 7663 7671 7824 7825 7672
6548 5 2 1 1 7663 7816 7817 7664 7672 7825 7826 7673
6549 5 2 1 1 7664 7817 7818 7665 7673 7826 7827 7674
6550 5 2 1 1 7665 7818 7819 7666 7674 7827 7828 7675
6551 5 2 1 1 7666 7819 7820 7667 7675 7828 7829 7676
6552 5 2 1 1 7667 7820 7821 7668 7676 7829 7830 7677
6553 5 2 1 1 7669 7822 7823 7670 7678 7831 7832 7679
6554 5 2 1 1 7670 7823 7824 7671 7679 7832 7833 7680
6555 5 2 1 1 7671 7824 7825 7672 7680 7833 7834 7681
6556 5 2 1 1 7672 7825 7826 7673 7681 7834 7835 7682
6557 5 2 1 1 7673 7826 7827 7674 7682 7835 7836 7683
6558 5 2 1 1 7674 7827 7828 7675 7683 7836 7837 7684
6559 5 2 1 1 7675 7828 7829 7676 7684 7837 7838 7685
6560 5 2 1 1 7676 7829 7830 7677 7685 7838 7839 7686
6561 5 2 1 1 7678 7831 7832 7679 7687 7840 7841 7688
6562 5 2 1 1 7679 7832 7833 7680 7688 7841 7842 7689
6563 5 2 1 1 7680 7833 7834 7681 7689 7842 7843 7690
6564 5 2 1 1 7681 7834 7835 7682 7690 7843 7844 7691
6565 5 2 1 1 7682 7835 7836 7683 7691 7844 7845 7692
6566 5 2 1 1 7683 7836 7837 7684 7692 7845 7846 7693
6567 5 2 1 1 7684 7837 7838 7685 7693 7846 7847 7694
6568 5 2 1 1 7685 7838 7839 7686 7694 7847 7848 7695
6569 5 2 1 1 7687 7840 7841 7688 7696 7849 7850 7697
6570 5 2 1 1 7688 7841 7842 7689 7697 7850 7851 7698
6571 5 2 1 1 7689 7842 7843 7690 7698 7851 7852 7699
6572 5 2 1 1 7690 7843 7844 7691 7699 7852 7853 7700
6573 5 2 1 1 7691 7844 7845 7692 7700 7853 7854 7701
6574 5 2 1 1 7692 7845 7846 7693 7701 7854 7855 7702
6575 5 2 1 1 7693 7846 7847 7694 7702 7855 7856 7703
6576 5 2 1 1 7694 7847 7848 7695 7703 7856 7857 7704
6577 5 2 1 1 7696 7849 7850 7697 7705 7858 7859 7706
6578 5 2 1 1 7697 7850 7851 7698 7706 7859 7860 7707
6579 5 2 1 1 7698 7851 7852 7699 7707 7860 7861 7708
6580 5 2 1 1 7699 7852 7853 7700 7708 7861 7862 7709
6581 5 2 1 1 7700 7853 7854 7701 7709 7862 7863 7710
6582 5 2 1 1 7701 7854 7855 7702 7710 7863 7864 7711
6583 5 2 1 1 7702 7855 7856 7703 7711 7864 7865 7712
6584 5 2 1 1 7703 7856 7857 7704 7712 7865 7866 7713
6585 5 2 1 1 7705 7858 7859 7706 7714 7867 7868 7715
6586 5 2 1 1 7706 7859 7860 7707 7715 7868 7869 7716
6587 5 2 1 1 7707 7860 7861 7708 7716 7869 7870 7717
6588 5 2 1 1 7708 7861 7862 7709 7717 7870 7871 7718
6589 5 2 1 1 7709 7862 7863 7710 7718 7871 7872 7719
6590 5 2 1 1 7710 7863 7864 7711 7719 7872 7873 7720
6591 5 2 1 1 7711 7864 7865 7712 7720 7873 7874 7721
6592 5 2 1 1 7712 7865 7866 7713 7721 7874 7875 7722
6593 5 2 1 1 7714 7867 7868 7715 7723 7876 7877 7724
6594 5 2 1 1 7715 7868 7869 7716 7724 7877 7878 7725
6595 5 2 1 1 7716 7869 7870 7717 7725 7878 7879 7726
6596 5 2 1 1 7717 7870 7871 7718 7726 7879 7880 7727
6597 5 2 1 1 7718 7871 7872 7719 7727 7880 7881 7728
6598 5 2 1 1 7719 7872 7873 7720 7728 7881 7882 7729
6599 5 2 1 1 7720 7873 7874 7721 7729 7882 7883 7730
6600 5 2 1 1 7721 7874 7875 7722 7730 7883 7884 7731
6601 5 2 1 1 7723 7876 7877 7724 7732 7885 7886 7733
6602 5 2 1 1 7724 7877 7878 7725 7733 7886 7887 7734
6603 5 2 1 1 7725 7878 7879 7726 7734 7887 7888 7735
6604 5 2 1 1 7726 7879 7880 7727 7735 7888 7889 7736
6605 5 2 1 1 7727 7880 7881 7728 7736 7889 7890 7737
6606 5 2 1 1 7728 7881 7882 7729 7737 7890 7891 7738
6607 5 2 1 1 7729 7882 7883 7730 7738 7891 7892 7739
6608 5 2 1 1 7730 7883 7884 7731 7739 7892 7893 7740
6609 5 2 1 1 7732 7885 7886 7733 7741 7894 7895 7742
6610 5 2 1 1 7733 7886 7887 7734 7742 7895 7896 7743
6611 5 2 1 1 7734 7887 7888 7735 7743 7896 7897 7744
6612 5 2 1 1 7735 7888 7889 7736 7744 7897 7898 7745
6613 5 2 1 1 7736 7889 7890 7737 7745 7898 7899 7746
6614 5 2 1 1 7737 7890 7891 7738 7746 7899 7900 7747
6615 5 2 1 1 7738 7891 7892 7739 7747 7900 7901 7748
6616 5 2 1 1 7739 7892 7893 7740 7748 7901 7902 7749
6617 5 2 1 1 7741 7894 7895 7742 7750 7903 7904 7751
6618 5 2 1 1 7742 7895 7896 7743 7751 7904 7905 7752
6619 5 2 1 1 7743 7896 7897 7744 7752 7905 7906 7753
6620 5 2 1 1 7744 7897 7898 7745 7753 7906 7907 7754
6621 5 2 1 1 7745 7898 7899 7746 7754 7907 7908 7755
6622 5 2 1 1 7746 7899 7900 7747 7755 7908 7909 7756
6623 5 2 1 1 7747 7900 7901 7748 7756 7909 7910 7757
6624 5 2 1 1 7748 7901 7902 7749 7757 7910 7911 7758
6625 5 2 1 1 7750 7903 7904 7751 7759 7912 7913 7760
6626 5 2 1 1 7751 7904 7905 7752 7760 7913 7914 7761
6627 5 2 1 1 7752 7905 7906 7753 7761 7914 7915 7762
6628 5 2 1 1 7753 7906 7907 7754 7762 7915 7916 7763
6629 5 2 1 1 7754 7907 7908 7755 7763 7916 7917 7764
6630 5 2 1 1 7755 7908 7909 7756 7764 7917 7918 7765
6631 5 2 1 1 7756 7909 7910 7757 7765 7918 7919 7766
6632 5 2 1 1 7757 7910 7911 7758 7766 7919 7920 7767
6633 5 2 1 1 7759 7912 7913 7760 7768 7921 7922 7769
6634 5 2 1 1 7760 7913 7914 7761 7769 7922 7923 7770
6635 5 2 1 1 7761 7914 7915 7762 7770 7923 7924 7771
6636 5 2 1 1 7762 7915 7916 7763 7771 7924 7925 7772
6637 5 2 1 1 7763 7916 7917 7764 7772 7925 7926 7773
6638 5 2 1 1 7764 7917 7918 7765 7773 7926 7927 7774
6639 5 2 1 1 7765 7918 7919 7766 7774 7927 7928 7775
6640 5 2 1 1 7766 7919 7920 7767 7775 7928 7929 7776
6641 6 2 1 1 7777 7778 7930 7779 7780 7931
6642 6 2 1 1 7779 7780 7931 7781 7782 7932
6643 6 2 1 1 7781 7782 7932 7783 7784 7933
6644 6 2 1 1 7783 7784 7933 7785 7786 7934
6645 6 2 1 1 7785 7786 7934 7787 7788 7935
6646 6 2 1 1 7787 7788 7935 7789 7790 7936
6647 6 2 1 1 7789 7790 7936 7791 7792 7937
6648 6 2 1 1 7791 7792 7937 7793 7794 7938
6649 5 2 1 1 7778 7930 7931 7780 7795 7939 7940 7796
6650 5 2 1 1 7780 7931 7932 7782 7796 7940 7941 7797
6651 5 2 1 1 7782 7932 7933 7784 7797 7941 7942 7798
6652 5 2 1 1 7784 7933 7934 7786 7798 7942 7943 7799
6653 5 2 1 1 7786 7934 7935 7788 7799 7943 7944 7800
6654 5 2 1 1 7788 7935 7936 7790 7800 7944 7945 7801
6655 5 2 1 1 7790 7936 7937 7792 7801 7945 7946 7802
6656 5 2 1 1 7792 7937 7938 7794 7802 7946 7947 7803
6657 5 2 1 1 7795 7939 7940 7796 7804 7948 7949 7805
6658 5 2 1 1 7796 7940 7941 7797 7805 7949 7950 7806
6659 5 2 1 1 7797 7941 7942 7798 7806 7950 7951 7807
6660 5 2 1 1 7798 7942 7943 7799 7807 7951 7952 7808
6661 5 2 1 1 7799 7943 7944 7800 7808 7952 7953 7809
6662 5 2 1 1 7800 7944 7945 7801 7809 7953 7954 7810
6663 5 2 1 1 7801 7945 7946 7802 7810 7954 7955 7811
6664 5 2 1 1 7802 7946 7947 7803 7811 7955 7956 7812
6665 5 2 1 1 7804 7948 7949 7805 7813 7957 7958 7814
6666 5 2 1 1 7805 7949 7950 7806 7814 7958 7959 7815
6667 5 2 1 1 7806 7950 7951 7807 7815 7959 7960 7816
6668 5 2 1 1 7807 7951 7952 7808 7816 7960 7961 7817
6669 5 2 1 1 7808 7952 7953 7809 7817 7961 7962 7818
6670 5 2 1 1 7809 7953 7954 7810 7818 7962 7963 7819
6671 5 2 1 1 7810 7954 7955 7811 7819 7963 7964 7820
6672 5 2 1 1 7811 7955 7956 7812 7820 7964 7965 7821
6673 5 2 1 1 7813 7957 7958 7814 7822 7966 7967 7823
6674 5 2 1 1 7814 7958 7959 7815 7823 7967 7968 7824
6675 5 2 1 1 7815 7959 7960 7816 7824 7968 7969 7825
6676 5 2 1 1 7816 7960 7961 7817 7825 7969 7970 7826
6677 5 2 1 1 7817 7961 7962 7818 7826 7970 7971 7827
6678 5 2 1 1 7818 7962 7963 7819 7827 7971 7972 7828
6679 5 2 1 1 7819 7963 7964 7820 7828 7972 7973 7829
6680 5 2 1 1 7820 7964 7965 7821 7829 7973 7974 7830
6681 5 2 1 1 7822 7966 7967 7823 7831 7975 7976 7832
6682 5 2 1 1 7823 7967 7968 7824 7832 7976 7977 7833
6683 5 2 1 1 7824 7968 7969 7825 7833 7977 7978 7834
6684 5 2 1 1 7825 7969 7970 7826 7834 7978 7979 7835
6685 5 2 1 1 7826 7970 7971 7827 7835 7979 7980 7836
6686 5 2 1 1 7827 7971 7972 7828 7836 7980 7981 7837
6687 5 2 1 1 7828 7972 7973 7829 7837 7981 7982 7838
6688 5 2 1 1 7829 7973 7974 7830 7838 7982 7983 7839
6689 5 2 1 1 7831 7975 7976 7832 7840 7984 7985 7841
6690 5 2 1 1 7832 7976 7977 7833 7841 7985 7986 7842
6691 5 2 1 1 7833 7977 7978 7834 7842 7986 7987 7843
6692 5 2 1 1 7834 7978 7979 7835 7843 7987 7988 7844
6693 5 2 1 1 7835 7979 7980 7836 7844 7988 7989 7845
6694 5 2 1 1 7836 7980 7981 7837 7845 7989 7990 7846
6695 5 2 1 1 7837 7981 7982 7838 7846 7990 7991 7847
6696 5 2 1 1 7838 7982 7983 7839 7847 7991 7992 7848
6697 5 2 1 1 7840 7984 7985 7841 7849 7993 7994 7850
6698 5 2 1 1 7841 7985 7986 7842 7850 7994 7995 7851
6699 5 2 1 1 7842 7986 7987 7843 7851 7995 7996 7852
6700 5 2 1 1 7843 7987 7988 7844 7852 7996 7997 7853
6701 5 2 1 1 7844 7988 7989 7845 7853 7997 7998 7854
6702 5 2 1 1 7845 7989 7990 7846 7854 7998 7999 7855
6703 5 2 1 1 7846 7990 7991 7847 7855 7999 8000 7856
6704 5 2 1 1 7847 7991 7992 7848 7856 8000 8001 7857
6705 5 2 1 1 7849 7993 7994 7850 7858 8002 8003 7859
6706 5 2 1 1 7850 7994 7995 7851 7859 8003 8004 7860
6707 5 2 1 1 7851 7995 7996 7852 7860 8004 8005 7861
6708 5 2 1 1 7852 7996 7997 7853 7861 8005 8006 7862
6709 5 2 1 1 7853 7997 7998 7854 7862 8006 8007 7863
6710 5 2 1 1 7854 7998 7999 7855 7863 8007 8008 7864
6711 5 2 1 1 7855 7999 8000 7856 7864 8008 8009 7865
6712 5 2 1 1 7856 8000 8001 7857 7865 8009 8010 7866
6713 5 2 1 1 7858 8002 8003 7859 7867 8011 8012 7868
6714 5 2 1 1 7859 8003 8004 7860 7868 8012 8013 7869
6715 5 2 1 1 7860 8004 8005 7861 7869 8013 8014 7870
6716 5 2 1 1 7861 8005 8006 7862 7870 8014 8015 7871
6717 5 2 1 1 7862 8006 8007 7863 7871 8015 8016 7872
6718 5 2 1 1 7863 8007 8008 7864 7872 8016 8017 7873
6719 5 2 1 1 7864 8008 8009 7865 7873 8017 8018 7874
6720 5 2 1 1 7865 8009 8010 7866 7874 8018 8019 7875
6721 5 2 1 1 7867 8011 8012 7868 7876 8020 8021 7877
6722 5 2 1 1 7868 8012 8013 7869 7877 8021 8022 7878
6723 5 2 1 1 7869 8013 8014 7870 7878 8022 8023 7879
6724 5 2 1 1 7870 8014 8015 7871 7879 8023 8024 7880
6725 5 2 1 1 7871 8015 8016 7872 7880 8024 8025 7881
6726 5 2 1 1 7872 8016 8017 7873 7881 8025 8026 7882
6727 5 2 1 1 7873 8017 8018 7874 7882 8026 8027 7883
6728 5 2 1 1 7874 8018 8019 7875 7883 8027 8028 7884
6729 5 2 1 1 7876 8020 8021 7877 7885 8029 8030 7886
6730 5 2 1 1 7877 8021 8022 7878 7886 8030 8031 7887
6731 5 2 1 1 7878 8022 8023 7879 7887 8031 8032 7888
6732 5 2 1 1 7879 8023 8024 7880 7888 8032 8033 7889
6733 5 2 1 1 7880 8024 8025 7881 7889 8033 8034 7890
6734 5 2 1 1 7881 8025 8026 7882 7890 8034 8035 7891
6735 5 2 1 1 7882 8026 8027 7883 7891 8035 8036 7892
6736 5 2 1 1 7883 8027 8028 7884 7892 8036 8037 7893
6737 5 2 1 1 7885 8029 8030 7886 7894 8038 8039 7895
6738 5 2 1 1 7886 8030 8031 7887 7895 8039 8040 7896
6739 5 2 1 1 7887 8031 8032 7888 7896 8040 8041 7897
6740 5 2 1 1 7888 8032 8033 7889 7897 8041 8042 7898
6741 5 2 1 1 7889 8033 8034 7890 7898 8042 8043 7899
6742 5 2 1 1 7890 8034 8035 7891 7899 8043 8044 7900
6743 5 2 1 1 7891 8035 8036 7892 7900 8044 8045 7901
6744 5 2 1 1 7892 8036 8037 7893 7901 8045 8046 7902
6745 5 2 1 1 7894 8038 8039 7895 7903 8047 8048 7904
6746 5 2 1 1 7895 8039 8040 7896 7904 8048 8049 7905
6747 5 2 1 1 7896 8040 8041 7897 7905 8049 8050 7906
6748 5 2 1 1 7897 8041 8042 7898 7906 8050 8051 7907
6749 5 2 1 1 7898 8042 8043 7899 7907 8051 8052 7908
6750 5 2 1 1 7899 8043 8044 7900 7908 8052 8053 7909
6751 5 2 1 1 7900 8044 8045 7901 7909 8053 8054 7910
6752 5 2 1 1 7901 8045 8046 7902 7910 8054 8055 7911
6753 5 2 1 1 7903 8047 8048 7904 7912 8056 8057 7913
6754 5 2 1 1 7904 8048 8049 7905 7913 8057 8058 7914
6755 5 2 1 1 7905 8049 8050 7906 7914 8058 8059 7915
6756 5 2 1 1 7906 8050 8051 7907 7915 8059 8060 7916
6757 5 2 1 1 7907 8051 8052 7908 7916 8060 8061 7917
6758 5 2 1 1 7908 8052 8053 7909 7917 8061 8062 7918
6759 5 2 1 1 7909 8053 8054 7910 7918 8062 8063 7919
6760 5 2 1 1 7910 8054 8055 7911 7919 8063 8064 7920
6761 5 2 1 1 7912 8056 8057 7913 7921 8065 8066 7922
6762 5 2 1 1 7913 8057 8058 7914 7922 8066 8067 7923
6763 5 2 1 1 7914 8058 8059 7915 7923 8067 8068 7924
6764 5 2 1 1 7915 8059 8060 7916 7924 8068 8069 7925
6765 5 2 1 1 7916 8060 8061 7917 7925 8069 8070 7926
6766 5 2 1 1 7917 8061 8062 7918 7926 8070 8071 7927
6767 5 2 1 1 7918 8062 8063 7919 7927 8071 8072 7928
6768 5 2 1 1 7919 8063 8064 7920 7928 8072 8073 7929
6769 5 2 1 1 7930 8074 8076 7931 7939 8075 8077 7940
6770 5 2 1 1 7931 8076 8078 7932 7940 8077 8079 7941
6771 5 2 1 1 7932 8078 8080 7933 7941 8079 8081 7942
6772 5 2 1 1 7933 8080 8082 7934 7942 8081 8083 7943
6773 5 2 1 1 7934 8082 8084 7935 7943 8083 8085 7944
6774 5 2 1 1 7935 8084 8086 7936 7944 8085 8087 7945
6775 5 2 1 1 7936 8086 8088 7937 7945 8087 8089 7946
6776 5 2 1 1 7937 8088 8090 7938 7946 8089 8091 7947
6777 5 2 1 1 7939 8075 8077 7940 7948 8092 8093 7949
6778 5 2 1 1 7940 8077 8079 7941 7949 8093 8094 7950
6779 5 2 1 1 7941 8079 8081 7942 7950 8094 8095 7951
6780 5 2 1 1 7942 8081 8083 7943 7951 8095 8096 7952
6781 5 2 1 1 7943 8083 8085 7944 7952 8096 8097 7953
6782 5 2 1 1 7944 8085 8087 7945 7953 8097 8098 7954
6783 5 2 1 1 7945 8087 8089 7946 7954 8098 8099 7955
6784 5 2 1 1 7946 8089 8091 7947 7955 8099 8100 7956
6785 5 2 1 1 7948 8092 8093 7949 7957 8101 8102 7958
6786 5 2 1 1 7949 8093 8094 7950 7958 8102 8103 7959
6787 5 2 1 1 7950 8094 8095 7951 7959 8103 8104 7960
6788 5 2 1 1 7951 8095 8096 7952 7960 8104 8105 7961
6789 5 2 1 1 7952 8096 8097 7953 7961 8105 8106 7962
6790 5 2 1 1 7953 8097 8098 7954 7962 8106 8107 7963
6791 5 2 1 1 7954 8098 8099 7955 7963 8107 8108 7964
6792 5 2 1 1 7955 8099 8100 7956 7964 8108 8109 7965
6793 5 2 1 1 7957 8101 8102 7958 7966 8110 8111 7967
6794 5 2 1 1 7958 8102 8103 7959 7967 8111 8112 7968
6795 5 2 1 1 7959 8103 8104 7960 7968 8112 8113 7969
6796 5 2 1 1 7960 8104 8105 7961 7969 8113 8114 7970
6797 5 2 1 1 7961 8105 8106 7962 7970 8114 8115 7971
6798 5 2 1 1 7962 8106 8107 7963 7971 8115 8116 7972
6799 5 2 1 1 7963 8107 8108 7964 7972 8116 8117 7973
6800 5 2 1 1 7964 8108 8109 7965 7973 8117 8118 7974
6801 5 2 1 1 7966 8110 8111 7967 7975 8119 8120 7976
6802 5 2 1 1 7967 8111 8112 7968 7976 8120 8121 7977
6803 5 2 1 1 7968 8112 8113 7969 7977 8121 8122 7978
6804 5 2 1 1 7969 8113 8114 7970 7978 8122 8123 7979
6805 5 2 1 1 7970 8114 8115 7971 7979 8123 8124 7980
6806 5 2 1 1 7971 8115 8116 7972 7980 8124 8125 7981
6807 5 2 1 1 7972 8116 8117 7973 7981 8125 8126 7982
6808 5 2 1 1 7973 8117 8118 7974 7982 8126 8127 7983
6809 5 2 1 1 7975 8119 8120 7976 7984 8128 8129 7985
6810 5 2 1 1 7976 8120 8121 7977 7985 8129 8130 7986
6811 5 2 1 1 7977 8121 8122 7978 7986 8130 8131 7987
6812 5 2 1 1 7978 8122 8123 7979 7987 8131 8132 7988
6813 5 2 1 1 7979 8123 8124 7980 7988 8132 8133 7989
6814 5 2 1 1 7980 8124 8125 7981 7989 8133 8134 7990
6815 5 2 1 1 7981 8125 8126 7982 7990 8134 8135 7991
6816 5 2 1 1 7982 8126 8127 7983 7991 8135 8136 7992
6817 5 2 1 1 7984 8128 8129 7985 7993 8137 8138 7994
6818 5 2 1 1 7985 8129 8130 7986 7994 8138 8139 7995
6819 5 2 1 1 7986 8130 8131 7987 7995 8139 8140 7996
6820 5 2 1 1 7987 8131 8132 7988 7996 8140 8141 7997
6821 5 2 1 1 7988 8132 8133 7989 7997 8141 8142 7998
6822 5 2 1 1 7989 8133 8134 7990 7998 8142 8143 7999
6823 5 2 1 1 7990 8134 8135 7991 7999 8143 8144 8000
6824 5 2 1 1 7991 8135 8136 7992 8000 8144 8145 8001
6825 5 2 1 1 7993 8137 8138 7994 8002 8146 8147 8003
6826 5 2 1 1 7994 8138 8139 7995 8003 8147 8148 8004
6827 5 2 1 1 7995 8139 8140 7996 8004 8148 8149 8005
6828 5 2 1 1 7996 8140 8141 7997 8005 8149 8150 8006
6829 5 2 1 1 7997 8141 8142 7998 8006 8150 8151 8007
6830 5 2 1 1 7998 8142 8143 7999 8007 8151 8152 8008
6831 5 2 1 1 7999 8143 8144 8000 8008 8152 8153 8009
6832 5 2 1 1 8000 8144 8145 8001 8009 8153 8154 8010
6833 5 2 1 1 8002 8146 8147 8003 8011 8155 8156 8012
6834 5 2 1 1 8003 8147 8148 8004 8012 8156 8157 8013
6835 5 2 1 1 8004 8148 8149 8005 8013 8157 8158 8014
6836 5 2 1 1 8005 8149 8150 8006 8014 8158 8159 8015
6837 5 2 1 1 8006 8150 8151 8007 8015 8159 8160 8016
6838 5 2 1 1 8007 8151 8152 8008 8016 8160 8161 8017
6839 5 2 1 1 8008 8152 8153 8009 8017 8161 8162 8018
6840 5 2 1 1 8009 8153 8154 8010 8018 8162 8163 8019
6841 5 2 1 1 8011 8155 8156 8012 8020 8164 8165 8021
6842 5 2 1 1 8012 8156 8157 8013 8021 8165 8166 8022
6843 5 2 1 1 8013 8157 8158 8014 8022 8166 8167 8023
6844 5 2 1 1 8014 8158 8159 8015 8023 8167 8168 8024
6845 5 2 1 1 8015 8159 8160 8016 8024 8168 8169 8025
6846 5 2 1 1 8016 8160 8161 8017 8025 8169 8170 8026
6847 5 2 1 1 8017 8161 8162 8018 8026 8170 8171 8027
6848 5 2 1 1 8018 8162 8163 8019 8027 8171 8172 8028
6849 5 2 1 1 8020 8164 8165 8021 8029 8173 8174 8030
6850 5 2 1 1 8021 8165 8166 8022 8030 8174 8175 8031
6851 5 2 1 1 8022 8166 8167 8023 8031 8175 8176 8032
6852 5 2 1 1 8023 8167 8168 8024 8032 8176 8177 8033
6853 5 2 1 1 8024 8168 8169 8025 8033 8177 8178 8034
6854 5 2 1 1 8025 8169 8170 8026 8034 8178 8179 8035
6855 5 2 1 1 8026 8170 8171 8027 8035 8179 8180 8036
6856 5 2 1 1 8027 8171 8172 8028 8036 8180 8181 8037
6857 5 2 1 1 8029 8173 8174 8030 8038 8182 8183 8039
6858 5 2 1 1 8030 8174 8175 8031 8039 8183 8184 8040
6859 5 2 1 1 8031 8175 8176 8032 8040 8184 8185 8041
6860 5 2 1 1 8032 8176 8177 8033 8041 8185 8186 8042
6861 5 2 1 1 8033 8177 8178 8034 8042 8186 8187 8043
6862 5 2 1 1 8034 8178 8179 8035 8043 8187 8188 8044
6863 5 2 1 1 8035 8179 8180 8036 8044 8188 8189 8045
6864 5 2 1 1 8036 8180 8181 8037 8045 8189 8190 8046
6865 5 2 1 1 8038 8182 8183 8039 8047 8191 8192 8048
6866 5 2 1 1 8039 8183 8184 8040 8048 8192 8193 8049
6867 5 2 1 1 8040 8184 8185 8041 8049 8193 8194 8050
6868 5 2 1 1 8041 8185 8186 8042 8050 8194 8195 8051
6869 5 2 1 1 8042 8186 8187 8043 8051 8195 8196 8052
6870 5 2 1 1 8043 8187 8188 8044 8052 8196 8197 8053
6871 5 2 1 1 8044 8188 8189 8045 8053 8197 8198 8054
6872 5 2 1 1 8045 8189 8190 8046 8054 8198 8199 8055
6873 5 2 1 1 8047 8191 8192 8048 8056 8200 8201 8057
6874 5 2 1 1 8048 8192 8193 8049 8057 8201 8202 8058
6875 5 2 1 1 8049 8193 8194 8050 8058 8202 8203 8059
6876 5 2 1 1 8050 8194 8195 8051 8059 8203 8204 8060
6877 5 2 1 1 8051 8195 8196 8052 8060 8204 8205 8061
6878 5 2 1 1 8052 8196 8197 8053 8061 8205 8206 8062
6879 5 2 1 1 8053 8197 8198 8054 8062 8206 8207 8063
6880 5 2 1 1 8054 8198 8199 8055 8063 8207 8208 8064
6881 5 2 1 1 8056 8200 8201 8057 8065 8209 8210 8066
6882 5 2 1 1 8057 8201 8202 8058 8066 8210 8211 8067
6883 5 2 1 1 8058 8202 8203 8059 8067 8211 8212 8068
6884 5 2 1 1 8059 8203 8204 8060 8068 8212 8213 8069
6885 5 2 1 1 8060 8204 8205 8061 8069 8213 8214 8070
6886 5 2 1 1 8061 8205 8206 8062 8070 8214 8215 8071
6887 5 2 1 1 8062 8206 8207 8063 8071 8215 8216 8072
6888 5 2 1 1 8063 8207 8208 8064 8072 8216 8217 8073
6889 6 2 1 1 8074 8075 8218 8076 8077 8219
6890 6 2 1 1 8076 8077 8219 8078 8079 8220
6891 6 2 1 1 8078 8079 8220 8080 8081 8221
6892 6 2 1 1 8080 8081 8221 8082 8083 8222
6893 6 2 1 1 8082 8083 8222 8084 8085 8223
6894 6 2 1 1 8084 8085 8223 8086 8087 8224
6895 6 2 1 1 8086 8087 8224 8088 8089 8225
6896 6 2 1 1 8088 8089 8225 8090 8091 8226
6897 5 2 1 1 8075 8218 8219 8077 8092 8227 8228 8093
6898 5 2 1 1 8077 8219 8220 8079 8093 8228 8229 8094
6899 5 2 1 1 8079 8220 8221 8081 8094 8229 8230 8095
6900 5 2 1 1 8081 8221 8222 8083 8095 8230 8231 8096
6901 5 2 1 1 8083 8222 8223 8085 8096 8231 8232 8097
6902 5 2 1 1 8085 8223 8224 8087 8097 8232 8233 8098
6903 5 2 1 1 8087 8224 8225 8089 8098 8233 8234 8099
6904 5 2 1 1 8089 8225 8226 8091 8099 8234 8235 8100
6905 5 2 1 1 8092 8227 8228 8093 8101 8236 8237 8102
6906 5 2 1 1 8093 8228 8229 8094 8102 8237 8238 8103
6907 5 2 1 1 8094 8229 8230 8095 8103 8238 8239 8104
6908 5 2 1 1 8095 8230 8231 8096 8104 8239 8240 8105
6909 5 2 1 1 8096 8231 8232 8097 8105 8240 8241 8106
6910 5 2 1 1 8097 8232 8233 8098 8106 8241 8242 8107
6911 5 2 1 1 8098 8233 8234 8099 8107 8242 8243 8108
6912 5 2 1 1 8099 8234 8235 8100 8108 8243 8244 8109
6913 5 2 1 1 8101 8236 8237 8102 8110 8245 8246 8111
6914 5 2 1 1 8102 8237 8238 8103 8111 8246 8247 8112
6915 5 2 1 1 8103 8238 8239 8104 8112 8247 8248 8113
6916 5 2 1 1 8104 8239 8240 8105 8113 8248 8249 8114
6917 5 2 1 1 8105 8240 8241 8106 8114 8249 8250 8115
6918 5 2 1 1 8106 8241 8242 8107 8115 8250 8251 8116
6919 5 2 1 1 8107 8242 8243 8108 8116 8251 8252 8117
6920 5 2 1 1 8108 8243 8244 8109 8117 8252 8253 8118
6921 5 2 1 1 8110 8245 8246 8111 8119 8254 8255 8120
6922 5 2 1 1 8111 8246 8247 8112 8120 8255 8256 8121
6923 5 2 1 1 8112 8247 8248 8113 8121 8256 8257 8122
6924 5 2 1 1 8113 8248 8249 8114 8122 8257 8258 8123
6925 5 2 1 1 8114 8249 8250 8115 8123 8258 8259 8124
6926 5 2 1 1 8115 8250 8251 8116 8124 8259 8260 8125
6927 5 2 1 1 8116 8251 8252 8117 8125 8260 8261 8126
6928 5 2 1 1 8117 8252 8253 8118 8126 8261 8262 8127
6929 5 2 1 1 8119 8254 8255 8120 8128 8263 8264 8129
6930 5 2 1 1 8120 8255 8256 8121 8129 8264 8265 8130
6931 5 2 1 1 8121 8256 8257 8122 8130 8265 8266 8131
6932 5 2 1 1 8122 8257 8258 8123 8131 8266 8267 8132
6933 5 2 1 1 8123 8258 8259 8124 8132 8267 8268 8133
6934 5 2 1 1 8124 8259 8260 8125 8133 8268 8269 8134
6935 5 2 1 1 8125 8260 8261 8126 8134 8269 8270 8135
6936 5 2 1 1 8126 8261 8262 8127 8135 8270 8271 8136
6937 5 2 1 1 8128 8263 8264 8129 8137 8272 8273 8138
6938 5 2 1 1 8129 8264 8265 8130 8138 8273 8274 8139
6939 5 2 1 1 8130 8265 8266 8131 8139 8274 8275 8140
6940 5 2 1 1 8131 8266 8267 8132 8140 8275 8276 8141
6941 5 2 1 1 8132 8267 8268 8133 8141 8276 8277 8142
6942 5 2 1 1 8133 8268 8269 8134 8142 8277 8278 8143
6943 5 2 1 1 8134 8269 8270 8135 8143 8278 8279 8144
6944 5 2 1 1 8135 8270 8271 8136 8144 8279 8280 8145
6945 5 2 1 1 8137 8272 8273 8138 8146 8281 8282 8147
6946 5 2 1 1 8138 8273 8274 8139 8147 8282 8283 8148
6947 5 2 1 1 8139 8274 8275 8140 8148 8283 8284 8149
6948 5 2 1 1 8140 8275 8276 8141 8149 8284 8285 8150
6949 5 2 1 1 8141 8276 8277 8142 8150 8285 8286 8151
6950 5 2 1 1 8142 8277 8278 8143 8151 8286 8287 8152
6951 5 2 1 1 8143 8278 8279 8144 8152 8287 8288 8153
6952 5 2 1 1 8144 8279 8280 8145 8153 8288 8289 8154
6953 5 2 1 1 8146 8281 8282 8147 8155 8290 8291 8156
6954 5 2 1 1 8147 8282 8283 8148 8156 8291 8292 8157
6955 5 2 1 1 8148 8283 8284 8149 8157 8292 8293 8158
6956 5 2 1 1 8149 8284 8285 8150 8158 8293 8294 8159
6957 5 2 1 1 8150 8285 8286 8151 8159 8294 8295 8160
6958 5 2 1 1 8151 8286 8287 8152 8160 8295 8296 8161
6959 5 2 1 1 8152 8287 8288 8153 8161 8296 8297 8162
6960 5 2 1 1 8153 8288 8289 8154 8162 8297 8298 8163
6961 5 2 1 1 8155 8290 8291 8156 8164 8299 8300 8165
6962 5 2 1 1 8156 8291 8292 8157 8165 8300 8301 8166
6963 5 2 1 1 8157 8292 8293 8158 8166 8301 8302 8167
6964 5 2 1 1 8158 8293 8294 8159 8167 8302 8303 8168
6965 5 2 1 1 8159 8294 8295 8160 8168 8303 8304 8169
6966 5 2 1 1 8160 8295 8296 8161 8169 8304 8305 8170
6967 5 2 1 1 8161 8296 8297 8162 8170 8305 8306 8171
6968 5 2 1 1 8162 8297 8298 8163 8171 8306 8307 8172
6969 5 2 1 1 8164 8299 8300 8165 8173 8308 8309 8174
6970 5 2 1 1 8165 8300 8301 8166 8174 8309 8310 8175
6971 5 2 1 1 8166 8301 8302 8167 8175 8310 8311 8176
6972 5 2 1 1 8167 8302 8303 8168 8176 8311 8312 8177
6973 5 2 1 1 8168 8303 8304 8169 8177 8312 8313 8178
6974 5 2 1 1 8169 8304 8305 8170 8178 8313 8314 8179
6975 5 2 1 1 8170 8305 8306 8171 8179 8314 8315 8180
6976 5 2 1 1 8171 8306 8307 8172 8180 8315 8316 8181
6977 5 2 1 1 8173 8308 8309 8174 8182 8317 8318 8183
6978 5 2 1 1 8174 8309 8310 8175 8183 8318 8319 8184
6979 5 2 1 1 8175 8310 8311 8176 8184 8319 8320 8185
6980 5 2 1 1 8176 8311 8312 8177 8185 8320 8321 8186
6981 5 2 1 1 8177 8312 8313 8178 8186 8321 8322 8187
6982 5 2 1 1 8178 8313 8314 8179 8187 8322 8323 8188
6983 5 2 1 1 8179 8314 8315 8180 8188 8323 8324 8189
6984 5 2 1 1 8180 8315 8316 8181 8189 8324 8325 8190
6985 5 2 1 1 8182 8317 8318 8183 8191 8326 8327 8192
6986 5 2 1 1 8183 8318 8319 8184 8192 8327 8328 8193
6987 5 2 1 1 8184 8319 8320 8185 8193 8328 8329 8194
6988 5 2 1 1 8185 8320 8321 8186 8194 8329 8330 8195
6989 5 2 1 1 8186 8321 8322 8187 8195 8330 8331 8196
6990 5 2 1 1 8187 8322 8323 8188 8196 8331 8332 8197
6991 5 2 1 1 8188 8323 8324 8189 8197 8332 8333 8198
6992 5 2 1 1 8189 8324 8325 8190 8198 8333 8334 8199
6993 5 2 1 1 8191 8326 8327 8192 8200 8335 8336 8201
6994 5 2 1 1 8192 8327 8328 8193 8201 8336 8337 8202
6995 5 2 1 1 8193 8328 8329 8194 8202 8337 8338 8203
6996 5 2 1 1 8194 8329 8330 8195 8203 8338 8339 8204
6997 5 2 1 1 8195 8330 8331 8196 8204 8339 8340 8205
6998 5 2 1 1 8196 8331 8332 8197 8205 8340 8341 8206
6999 5 2 1 1 8197 8332 8333 8198 8206 8341 8342 8207
7000 5 2 1 1 8198 8333 8334 8199 8207 8342 8343 8208
7001 5 2 1 1 8200 8335 8336 8201 8209 8344 8345 8210
7002 5 2 1 1 8201 8336 8337 8202 8210 8345 8346 8211
7003 5 2 1 1 8202 8337 8338 8203 8211 8346 8347 8212
7004 5 2 1 1 8203 8338 8339 8204 8212 8347 8348 8213
7005 5 2 1 1 8204 8339 8340 8205 8213 8348 8349 8214
7006 5 2 1 1 8205 8340 8341 8206 8214 8349 8350 8215
7007 5 2 1 1 8206 8341 8342 8207 8215 8350 8351 8216
7008 5 2 1 1 8207 8342 8343 8208 8216 8351 8352 8217
7009 5 2 1 1 8218 8353 8355 8219 8227 8354 8356 8228
7010 5 2 1 1 8219 8355 8357 8220 8228 8356 8358 8229
7011 5 2 1 1 8220 8357 8359 8221 8229 8358 8360 8230
7012 5 2 1 1 8221 8359 8361 8222 8230 8360 8362 8231
7013 5 2 1 1 8222 8361 8363 8223 8231 8362 8364 8232
7014 5 2 1 1 8223 8363 8365 8224 8232 8364 8366 8233
7015 5 2 1 1 8224 8365 8367 8225 8233 8366 8368 8234
7016 5 2 1 1 8225 8367 8369 8226 8234 8368 8370 8235
7017 5 2 1 1 8227 8354 8356 8228 8236 8371 8372 8237
7018 5 2 1 1 8228 8356 8358 8229 8237 8372 8373 8238
7019 5 2 1 1 8229 8358 8360 8230 8238 8373 8374 8239
7020 5 2 1 1 8230 8360 8362 8231 8239 8374 8375 8240
7021 5 2 1 1 8231 8362 8364 8232 8240 8375 8376 8241
7022 5 2 1 1 8232 8364 8366 8233 8241 8376 8377 8242
7023 5 2 1 1 8233 8366 8368 8234 8242 8377 8378 8243
7024 5 2 1 1 8234 8368 8370 8235 8243 8378 8379 8244
7025 5 2 1 1 8236 8371 8372 8237 8245 8380 8381 8246
7026 5 2 1 1 8237 8372 8373 8238 8246 8381 8382 8247
7027 5 2 1 1 8238 8373 8374 8239 8247 8382 8383 8248
7028 5 2 1 1 8239 8374 8375 8240 8248 8383 8384 8249
7029 5 2 1 1 8240 8375 8376 8241 8249 8384 8385 8250
7030 5 2 1 1 8241 8376 8377 8242 8250 8385 8386 8251
7031 5 2 1 1 8242 8377 8378 8243 8251 8386 8387 8252
7032 5 2 1 1 8243 8378 8379 8244 8252 8387 8388 8253
7033 5 2 1 1 8245 8380 8381 8246 8254 8389 8390 8255
7034 5 2 1 1 8246 8381 8382 8247 8255 8390 8391 8256
7035 5 2 1 1 8247 8382 8383 8248 8256 8391 8392 8257
7036 5 2 1 1 8248 8383 8384 8249 8257 8392 8393 8258
7037 5 2 1 1 8249 8384 8385 8250 8258 8393 8394 8259
7038 5 2 1 1 8250 8385 8386 8251 8259 8394 8395 8260
7039 5 2 1 1 8251 8386 8387 8252 8260 8395 8396 8261
7040 5 2 1 1 8252 8387 8388 8253 8261 8396 8397 8262
7041 5 2 1 1 8254 8389 8390 8255 8263 8398 8399 8264
7042 5 2 1 1 8255 8390 8391 8256 8264 8399 8400 8265
7043 5 2 1 1 8256 8391 8392 8257 8265 8400 8401 8266
7044 5 2 1 1 8257 8392 8393 8258 8266 8401 8402 8267
7045 5 2 1 1 8258 8393 8394 8259 8267 8402 8403 8268
7046 5 2 1 1 8259 8394 8395 8260 8268 8403 8404 8269
7047 5 2 1 1 8260 8395 8396 8261 8269 8404 8405 8270
7048 5 2 1 1 8261 8396 8397 8262 8270 8405 8406 8271
7049 5 2 1 1 8263 8398 8399 8264 8272 8407 8408 8273
7050 5 2 1 1 8264 8399 8400 8265 8273 8408 8409 8274
7051 5 2 1 1 8265 8400 8401 8266 8274 8409 8410 8275
7052 5 2 1 1 8266 8401 8402 8267 8275 8410 8411 8276
7053 5 2 1 1 8267 8402 8403 8268 8276 8411 8412 8277
7054 5 2 1 1 8268 8403 8404 8269 8277 8412 8413 8278
7055 5 2 1 1 8269 8404 8405 8270 8278 8413 8414 8279
7056 5 2 1 1 8270 8405 8406 8271 8279 8414 8415 8280
7057 5 2 1 1 8272 8407 8408 8273 8281 8416 8417 8282
7058 5 2 1 1 8273 8408 8409 8274 8282 8417 8418 8283
7059 5 2 1 1 8274 8409 8410 8275 8283 8418 8419 8284
7060 5 2 1 1 8275 8410 8411 8276 8284 8419 8420 8285
7061 5 2 1 1 8276 8411 8412 8277 8285 8420 8421 8286
7062 5 2 1 1 8277 8412 8413 8278 8286 8421 8422 8287
7063 5 2 1 1 8278 8413 8414 8279 8287 8422 8423 8288
7064 5 2 1 1 8279 8414 8415 8280 8288 8423 8424 8289
7065 5 2 1 1 8281 8416 8417 8282 8290 8425 8426 8291
7066 5 2 1 1 8282 8417 8418 8283 8291 8426 8427 8292
7067 5 2 1 1 8283 8418 8419 8284 8292 8427 8428 8293
7068 5 2 1 1 8284 8419 8420 8285 8293 8428 8429 8294
7069 5 2 1 1 8285 8420 8421 8286 8294 8429 8430 8295
7070 5 2 1 1 8286 8421 8422 8287 8295 8430 8431 8296
7071 5 2 1 1 8287 8422 8423 8288 8296 8431 8432 8297
7072 5 2 1 1 8288 8423 8424 8289 8297 8432 8433 8298
7073 5 2 1 1 8290 8425 8426 8291 8299 8434 8435 8300
7074 5 2 1 1 8291 8426 8427 8292 8300 8435 8436 8301
7075 5 2 1 1 8292 8427 8428 8293 8301 8436 8437 8302
7076 5 2 1 1 8293 8428 8429 8294 8302 8437 8438 8303
7077 5 2 1 1 8294 8429 8430 8295 8303 8438 8439 8304
7078 5 2 1 1 8295 8430 8431 8296 8304 8439 8440 8305
7079 5 2 1 1 8296 8431 8432 8297 8305 8440 8441 8306
7080 5 2 1 1 8297 8432 8433 8298 8306 8441 8442 8307
7081 5 2 1 1 8299 8434 8435 8300 8308 8443 8444 8309
7082 5 2 1 1 8300 8435 8436 8301 8309 8444 8445 8310
7083 5 2 1 1 8301 8436 8437 8302 8310 8445 8446 8311
7084 5 2 1 1 8302 8437 8438 8303 8311 8446 8447 8312
7085 5 2 1 1 8303 8438 8439 8304 8312 8447 8448 8313
7086 5 2 1 1 8304 8439 8440 8305 8313 8448 8449 8314
7087 5 2 1 1 8305 8440 8441 8306 8314 8449 8450 8315
7088 5 2 1 1 8306 8441 8442 8307 8315 8450 8451 8316
7089 5 2 1 1 8308 8443 8444 8309 8317 8452 8453 8318
7090 5 2 1 1 8309 8444 8445 8310 8318 8453 8454 8319
7091 5 2 1 1 8310 8445 8446 8311 8319 8454 8455 8320
7092 5 2 1 1 8311 8446 8447 8312 8320 8455 8456 8321
7093 5 2 1 1 8312 8447 8448 8313 8321 8456 8457 8322
7094 5 2 1 1 8313 8448 8449 8314 8322 8457 8458 8323
7095 5 2 1 1 8314 8449 8450 8315 8323 8458 8459 8324
7096 5 2 1 1 8315 8450 8451 8316 8324 8459 8460 8325
7097 5 2 1 1 8317 8452 8453 8318 8326 8461 8462 8327
7098 5 2 1 1 8318 8453 8454 8319 8327 8462 8463 8328
7099 5 2 1 1 8319 8454 8455 8320 8328 8463 8464 8329
7100 5 2 1 1 8320 8455 8456 8321 8329 8464 8465 8330
7101 5 2 1 1 8321 8456 8457 8322 8330 8465 8466 8331
7102 5 2 1 1 8322 8457 8458 8323 8331 8466 8467 8332
7103 5 2 1 1 8323 8458 8459 8324 8332 8467 8468 8333
7104 5 2 1 1 8324 8459 8460 8325 8333 8468 8469 8334
7105 5 2 1 1 8326 8461 8462 8327 8335 8470 8471 8336
7106 5 2 1 1 8327 8462 8463 8328 8336 8471 8472 8337
7107 5 2 1 1 8328 8463 8464 8329 8337 8472 8473 8338
7108 5 2 1 1 8329 8464 8465 8330 8338 8473 8474 8339
7109 5 2 1 1 8330 8465 8466 8331 8339 8474 8475 8340
7110 5 2 1 1 8331 8466 8467 8332 8340 8475 8476 8341
7111 5 2 1 1 8332 8467 8468 8333 8341 8476 8477 8342
7112 5 2 1 1 8333 8468 8469 8334 8342 8477 8478 8343
7113 5 2 1 1 8335 8470 8471 8336 8344 8479 8480 8345
7114 5 2 1 1 8336 8471 8472 8337 8345 8480 8481 8346
7115 5 2 1 1 8337 8472 8473 8338 8346 8481 8482 8347
7116 5 2 1 1 8338 8473 8474 8339 8347 8482 8483 8348
7117 5 2 1 1 8339 8474 8475 8340 8348 8483 8484 8349
7118 5 2 1 1 8340 8475 8476 8341 8349 8484 8485 8350
7119 5 2 1 1 8341 8476 8477 8342 8350 8485 8486 8351
7120 5 2 1 1 8342 8477 8478 8343 8351 8486 8487 8352
7121 6 2 1 1 8353 8354 8488 8355 8356 8489
7122 6 2 1 1 8355 8356 8489 8357 8358 8490
7123 6 2 1 1 8357 8358 8490 8359 8360 8491
7124 6 2 1 1 8359 8360 8491 8361 8362 8492
7125 6 2 1 1 8361 8362 8492 8363 8364 8493
7126 6 2 1 1 8363 8364 8493 8365 8366 8494
7127 6 2 1 1 8365 8366 8494 8367 8368 8495
7128 6 2 1 1 8367 8368 8495 8369 8370 8496
7129 5 2 1 1 8354 8488 8489 8356 8371 8497 8498 8372
7130 5 2 1 1 8356 8489 8490 8358 8372 8498 8499 8373
7131 5 2 1 1 8358 8490 8491 8360 8373 8499 8500 8374
7132 5 2 1 1 8360 8491 8492 8362 8374 8500 8501 8375
7133 5 2 1 1 8362 8492 8493 8364 8375 8501 8502 8376
7134 5 2 1 1 8364 8493 8494 8366 8376 8502 8503 8377
7135 5 2 1 1 8366 8494 8495 8368 8377 8503 8504 8378
7136 5 2 1 1 8368 8495 8496 8370 8378 8504 8505 8379
7137 5 2 1 1 8371 8497 8498 8372 8380 8506 8507 8381
7138 5 2 1 1 8372 8498 8499 8373 8381 8507 8508 8382
7139 5 2 1 1 8373 8499 8500 8374 8382 8508 8509 8383
7140 5 2 1 1 8374 8500 8501 8375 8383 8509 8510 8384
7141 5 2 1 1 8375 8501 8502 8376 8384 8510 8511 8385
7142 5 2 1 1 8376 8502 8503 8377 8385 8511 8512 8386
7143 5 2 1 1 8377 8503 8504 8378 8386 8512 8513 8387
7144 5 2 1 1 8378 8504 8505 8379 8387 8513 8514 8388
7145 5 2 1 1 8380 8506 8507 8381 8389 8515 8516 8390
7146 5 2 1 1 8381 8507 8508 8382 8390 8516 8517 8391
7147 5 2 1 1 8382 8508 8509 8383 8391 8517 8518 8392
7148 5 2 1 1 8383 8509 8510 8384 8392 8518 8519 8393
7149 5 2 1 1 8384 8510 8511 8385 8393 8519 8520 8394
7150 5 2 1 1 8385 8511 8512 8386 8394 8520 8521 8395
7151 5 2 1 1 8386 8512 8513 8387 8395 8521 8522 8396
7152 5 2 1 1 8387 8513 8514 8388 8396 8522 8523 8397
7153 5 2 1 1 8389 8515 8516 8390 8398 8524 8525 8399
7154 5 2 1 1 8390 8516 8517 8391 8399 8525 8526 8400
7155 5 2 1 1 8391 8517 8518 8392 8400 8526 8527 8401
7156 5 2 1 1 8392 8518 8519 8393 8401 8527 8528 8402
7157 5 2 1 1 8393 8519 8520 8394 8402 8528 8529 8403
7158 5 2 1 1 8394 8520 8521 8395 8403 8529 8530 8404
7159 5 2 1 1 8395 8521 8522 8396 8404 8530 8531 8405
7160 5 2 1 1 8396 8522 8523 8397 8405 8531 8532 8406
7161 5 2 1 1 8398 8524 8525 8399 8407 8533 8534 8408
7162 5 2 1 1 8399 8525 8526 8400 8408 8534 8535 8409
7163 5 2 1 1 8400 8526 8527 8401 8409 8535 8536 8410
7164 5 2 1 1 8401 8527 8528 8402 8410 8536 8537 8411
7165 5 2 1 1 8402 8528 8529 8403 8411 8537 8538 8412
7166 5 2 1 1 8403 8529 8530 8404 8412 8538 8539 8413
7167 5 2 1 1 8404 8530 8531 8405 8413 8539 8540 8414
7168 5 2 1 1 8405 8531 8532 8406 8414 8540 8541 8415
7169 5 2 1 1 8407 8533 8534 8408 8416 8542 8543 8417
7170 5 2 1 1 8408 8534 8535 8409 8417 8543 8544 8418
7171 5 2 1 1 8409 8535 8536 8410 8418 8544 8545 8419
7172 5 2 1 1 8410 8536 8537 8411 8419 8545 8546 8420
7173 5 2 1 1 8411 8537 8538 8412 8420 8546 8547 8421
7174 5 2 1 1 8412 8538 8539 8413 8421 8547 8548 8422
7175 5 2 1 1 8413 8539 8540 8414 8422 8548 8549 8423
7176 5 2 1 1 8414 8540 8541 8415 8423 8549 8550 8424
7177 5 2 1 1 8416 8542 8543 8417 8425 8551 8552 8426
7178 5 2 1 1 8417 8543 8544 8418 8426 8552 8553 8427
7179 5 2 1 1 8418 8544 8545 8419 8427 8553 8554 8428
7180 5 2 1 1 8419 8545 8546 8420 8428 8554 8555 8429
7181 5 2 1 1 8420 8546 8547 8421 8429 8555 8556 8430
7182 5 2 1 1 8421 8547 8548 8422 8430 8556 8557 8431
7183 5 2 1 1 8422 8548 8549 8423 8431 8557 8558 8432
7184 5 2 1 1 8423 8549 8550 8424 8432 8558 8559 8433
7185 5 2 1 1 8425 8551 8552 8426 8434 8560 8561 8435
7186 5 2 1 1 8426 8552 8553 8427 8435 8561 8562 8436
7187 5 2 1 1 8427 8553 8554 8428 8436 8562 8563 8437
7188 5 2 1 1 8428 8554 8555 8429 8437 8563 8564 8438
7189 5 2 1 1 8429 8555 8556 8430 8438 8564 8565 8439
7190 5 2 1 1 8430 8556 8557 8431 8439 8565 8566 8440
7191 5 2 1 1 8431 8557 8558 8432 8440 8566 8567 8441
7192 5 2 1 1 8432 8558 8559 8433 8441 8567 8568 8442
7193 5 2 1 1 8434 8560 8561 8435 8443 8569 8570 8444
7194 5 2 1 1 8435 8561 8562 8436 8444 8570 8571 8445
7195 5 2 1 1 8436 8562 8563 8437 8445 8571 8572 8446
7196 5 2 1 1 8437 8563 8564 8438 8446 8572 8573 8447
7197 5 2 1 1 8438 8564 8565 8439 8447 8573 8574 8448
7198 5 2 1 1 8439 8565 8566 8440 8448 8574 8575 8449
7199 5 2 1 1 8440 8566 8567 8441 8449 8575 8576 8450
7200 5 2 1 1 8441 8567 8568 8442 8450 8576 8577 8451
7201 5 2 1 1 8443 8569 8570 8444 8452 8578 8579 8453
7202 5 2 1 1 8444 8570 8571 8445 8453 8579 8580 8454
7203 5 2 1 1 8445 8571 8572 8446 8454 8580 8581 8455
7204 5 2 1 1 8446 8572 8573 8447 8455 8581 8582 8456
7205 5 2 1 1 8447 8573 8574 8448 8456 8582 8583 8457
7206 5 2 1 1 8448 8574 8575 8449 8457 8583 8584 8458
7207 5 2 1 1 8449 8575 8576 8450 8458 8584 8585 8459
7208 5 2 1 1 8450 8576 8577 8451 8459 8585 8586 8460
7209 5 2 1 1 8452 8578 8579 8453 8461 8587 8588 8462
7210 5 2 1 1 8453 8579 8580 8454 8462 8588 8589 8463
7211 5 2 1 1 8454 8580 8581 8455 8463 8589 8590 8464
7212 5 2 1 1 8455 8581 8582 8456 8464 8590 8591 8465
7213 5 2 1 1 8456 8582 8583 8457 8465 8591 8592 8466
7214 5 2 1 1 8457 8583 8584 8458 8466 8592 8593 8467
7215 5 2 1 1 8458 8584 8585 8459 8467 8593 8594 8468
7216 5 2 1 1 8459 8585 8586 8460 8468 8594 8595 8469
7217 5 2 1 1 8461 8587 8588 8462 8470 8596 8597 8471
7218 5 2 1 1 8462 8588 8589 8463 8471 8597 8598 8472
7219 5 2 1 1 8463 8589 8590 8464 8472 8598 8599 8473
7220 5 2 1 1 8464 8590 8591 8465 8473 8599 8600 8474
7221 5 2 1 1 8465 8591 8592 8466 8474 8600 8601 8475
7222 5 2 1 1 8466 8592 8593 8467 8475 8601 8602 8476
7223 5 2 1 1 8467 8593 8594 8468 8476 8602 8603 8477
7224 5 2 1 1 8468 8594 8595 8469 8477 8603 8604 8478
7225 5 2 1 1 8470 8596 8597 8471 8479 8605 8606 8480
7226 5 2 1 1 8471 8597 8598 8472 8480 8606 8607 8481
7227 5 2 1 1 8472 8598 8599 8473 8481 8607 8608 8482
7228 5 2 1 1 8473 8599 8600 8474 8482 8608 8609 8483
7229 5 2 1 1 8474 8600 8601 8475 8483 8609 8610 8484
7230 5 2 1 1 8475 8601 8602 8476 8484 8610 8611 8485
7231 5 2 1 1 8476 8602 8603 8477 8485 8611 8612 8486
7232 5 2 1 1 8477 8603 8604 8478 8486 8612 8613 8487
7233 5 2 1 1 8488 8614 8616 8489 8497 8615 8617 8498
7234 5 2 1 1 8489 8616 8618 8490 8498 8617 8619 8499
7235 5 2 1 1 8490 8618 8620 8491 8499 8619 8621 8500
7236 5 2 1 1 8491 8620 8622 8492 8500 8621 8623 8501
7237 5 2 1 1 8492 8622 8624 8493 8501 8623 8625 8502
7238 5 2 1 1 8493 8624 8626 8494 8502 8625 8627 8503
7239 5 2 1 1 8494 8626 8628 8495 8503 8627 8629 8504
7240 5 2 1 1 8495 8628 8630 8496 8504 8629 8631 8505
7241 5 2 1 1 8497 8615 8617 8498 8506 8632 8633 8507
7242 5 2 1 1 8498 8617 8619 8499 8507 8633 8634 8508
7243 5 2 1 1 8499 8619 8621 8500 8508 8634 8635 8509
7244 5 2 1 1 8500 8621 8623 8501 8509 8635 8636 8510
7245 5 2 1 1 8501 8623 8625 8502 8510 8636 8637 8511
7246 5 2 1 1 8502 8625 8627 8503 8511 8637 8638 8512
7247 5 2 1 1 8503 8627 8629 8504 8512 8638 8639 8513
7248 5 2 1 1 8504 8629 8631 8505 8513 8639 8640 8514
7249 5 2 1 1 8506 8632 8633 8507 8515 8641 8642 8516
7250 5 2 1 1 8507 8633 8634 8508 8516 8642 8643 8517
7251 5 2 1 1 8508 8634 8635 8509 8517 8643 8644 8518
7252 5 2 1 1 8509 8635 8636 8510 8518 8644 8645 8519
7253 5 2 1 1 8510 8636 8637 8511 8519 8645 8646 8520
7254 5 2 1 1 8511 8637 8638 8512 8520 8646 8647 8521
7255 5 2 1 1 8512 8638 8639 8513 8521 8647 8648 8522
7256 5 2 1 1 8513 8639 8640 8514 8522 8648 8649 8523
7257 5 2 1 1 8515 8641 8642 8516 8524 8650 8651 8525
7258 5 2 1 1 8516 8642 8643 8517 8525 8651 8652 8526
7259 5 2 1 1 8517 8643 8644 8518 8526 8652 8653 8527
7260 5 2 1 1 8518 8644 8645 8519 8527 8653 8654 8528
7261 5 2 1 1 8519 8645 8646 8520 8528 8654 8655 8529
7262 5 2 1 1 8520 8646 8647 8521 8529 8655 8656 8530
7263 5 2 1 1 8521 8647 8648 8522 8530 8656 8657 8531
7264 5 2 1 1 8522 8648 8649 8523 8531 8657 8658 8532
7265 5 2 1 1 8524 8650 8651 8525 8533 8659 8660 8534
7266 5 2 1 1 8525 8651 8652 8526 8534 8660 8661 8535
7267 5 2 1 1 8526 8652 8653 8527 8535 8661 8662 8536
7268 5 2 1 1 8527 8653 8654 8528 8536 8662 8663 8537
7269 5 2 1 1 8528 8654 8655 8529 8537 8663 8664 8538
7270 5 2 1 1 8529 8655 8656 8530 8538 8664 8665 8539
7271 5 2 1 1 8530 8656 8657 8531 8539 8665 8666 8540
7272 5 2 1 1 8531 8657 8658 8532 8540 8666 8667 8541
7273 5 2 1 1 8533 8659 8660 8534 8542 8668 8669 8543
7274 5 2 1 1 8534 8660 8661 8535 8543 8669 8670 8544
7275 5 2 1 1 8535 8661 8662 8536 8544 8670 8671 8545
7276 5 2 1 1 8536 8662 8663 8537 8545 8671 8672 8546
7277 5 2 1 1 8537 8663 8664 8538 8546 8672 8673 8547
7278 5 2 1 1 8538 8664 8665 8539 8547 8673 8674 8548
7279 5 2 1 1 8539 8665 8666 8540 8548 8674 8675 8549
7280 5 2 1 1 8540 8666 8667 8541 8549 8675 8676 8550
7281 5 2 1 1 8542 8668 8669 8543 8551 8677 8678 8552
7282 5 2 1 1 8543 8669 8670 8544 8552 8678 8679 8553
7283 5 2 1 1 8544 8670 8671 8545 8553 8679 8680 8554
7284 5 2 1 1 8545 8671 8672 8546 8554 8680 8681 8555
7285 5 2 1 1 8546 8672 8673 8547 8555 8681 8682 8556
7286 5 2 1 1 8547 8673 8674 8548 8556 8682 8683 8557
7287 5 2 1 1 8548 8674 8675 8549 8557 8683 8684 8558
7288 5 2 1 1 8549 8675 8676 8550 8558 8684 8685 8559
7289 5 2 1 1 8551 8677 8678 8552 8560 8686 8687 8561
7290 5 2 1 1 8552 8678 8679 8553 8561 8687 8688 8562
7291 5 2 1 1 8553 8679 8680 8554 8562 8688 8689 8563
7292 5 2 1 1 8554 8680 8681 8555 8563 8689 8690 8564
7293 5 2 1 1 8555 8681 8682 8556 8564 8690 8691 8565
7294 5 2 1 1 8556 8682 8683 8557 8565 8691 8692 8566
7295 5 2 1 1 8557 8683 8684 8558 8566 8692 8693 8567
7296 5 2 1 1 8558 8684 8685 8559 8567 8693 8694 8568
7297 5 2 1 1 8560 8686 8687 8561 8569 8695 8696 8570
7298 5 2 1 1 8561 8687 8688 8562 8570 8696 8697 8571
7299 5 2 1 1 8562 8688 8689 8563 8571 8697 8698 8572
7300 5 2 1 1 8563 8689 8690 8564 8572 8698 8699 8573
7301 5 2 1 1 8564 8690 8691 8565 8573 8699 8700 8574
7302 5 2 1 1 8565 8691 8692 8566 8574 8700 8701 8575
7303 5 2 1 1 8566 8692 8693 8567 8575 8701 8702 8576
7304 5 2 1 1 8567 8693 8694 8568 8576 8702 8703 8577
7305 5 2 1 1 8569 8695 8696 8570 8578 8704 8705 8579
7306 5 2 1 1 8570 8696 8697 8571 8579 8705 8706 8580
7307 5 2 1 1 8571 8697 8698 8572 8580 8706 8707 8581
7308 5 2 1 1 8572 8698 8699 8573 8581 8707 8708 8582
7309 5 2 1 1 8573 8699 8700 8574 8582 8708 8709 8583
7310 5 2 1 1 8574 8700 8701 8575 8583 8709 8710 8584
7311 5 2 1 1 8575 8701 8702 8576 8584 8710 8711 8585
7312 5 2 1 1 8576 8702 8703 8577 8585 8711 8712 8586
7313 5 2 1 1 8578 8704 8705 8579 8587 8713 8714 8588
7314 5 2 1 1 8579 8705 8706 8580 8588 8714 8715 8589
7315 5 2 1 1 8580 8706 8707 8581 8589 8715 8716 8590
7316 5 2 1 1 8581 8707 8708 8582 8590 8716 8717 8591
7317 5 2 1 1 8582 8708 8709 8583 8591 8717 8718 8592
7318 5 2 1 1 8583 8709 8710 8584 8592 8718 8719 8593
7319 5 2 1 1 8584 8710 8711 8585 8593 8719 8720 8594
7320 5 2 1 1 8585 8711 8712 8586 8594 8720 8721 8595
7321 5 2 1 1 8587 8713 8714 8588 8596 8722 8723 8597
7322 5 2 1 1 8588 8714 8715 8589 8597 8723 8724 8598
7323 5 2 1 1 8589 8715 8716 8590 8598 8724 8725 8599
7324 5 2 1 1 8590 8716 8717 8591 8599 8725 8726 8600
7325 5 2 1 1 8591 8717 8718 8592 8600 8726 8727 8601
7326 5 2 1 1 8592 8718 8719 8593 8601 8727 8728 8602
7327 5 2 1 1 8593 8719 8720 8594 8602 8728 8729 8603
7328 5 2 1 1 8594 8720 8721 8595 8603 8729 8730 8604
7329 5 2 1 1 8596 8722 8723 8597 8605 8731 8732 8606
7330 5 2 1 1 8597 8723 8724 8598 8606 8732 8733 8607
7331 5 2 1 1 8598 8724 8725 8599 8607 8733 8734 8608
7332 5 2 1 1 8599 8725 8726 8600 8608 8734 8735 8609
7333 5 2 1 1 8600 8726 8727 8601 8609 8735 8736 8610
7334 5 2 1 1 8601 8727 8728 8602 8610 8736 8737 8611
7335 5 2 1 1 8602 8728 8729 8603 8611 8737 8738 8612
7336 5 2 1 1 8603 8729 8730 8604 8612 8738 8739 8613
7337 6 2 1 1 8614 8615 8740 8616 8617 8741
7338 6 2 1 1 8616 8617 8741 8618 8619 8742
7339 6 2 1 1 8618 8619 8742 8620 8621 8743
7340 6 2 1 1 8620 8621 8743 8622 8623 8744
7341 6 2 1 1 8622 8623 8744 8624 8625 8745
7342 6 2 1 1 8624 8625 8745 8626 8627 8746
7343 6 2 1 1 8626 8627 8746 8628 8629 8747
7344 6 2 1 1 8628 8629 8747 8630 8631 8748
7345 5 2 1 1 8615 8740 8741 8617 8632 8749 8750 8633
7346 5 2 1 1 8617 8741 8742 8619 8633 8750 8751 8634
7347 5 2 1 1 8619 8742 8743 8621 8634 8751 8752 8635
7348 5 2 1 1 8621 8743 8744 8623 8635 8752 8753 8636
7349 5 2 1 1 8623 8744 8745 8625 8636 8753 8754 8637
7350 5 2 1 1 8625 8745 8746 8627 8637 8754 8755 8638
7351 5 2 1 1 8627 8746 8747 8629 8638 8755 8756 8639
7352 5 2 1 1 8629 8747 8748 8631 8639 8756 8757 8640
7353 5 2 1 1 8632 8749 8750 8633 8641 8758 8759 8642
7354 5 2 1 1 8633 8750 8751 8634 8642 8759 8760 8643
7355 5 2 1 1 8634 8751 8752 8635 8643 8760 8761 8644
7356 5 2 1 1 8635 8752 8753 8636 8644 8761 8762 8645
7357 5 2 1 1 8636 8753 8754 8637 8645 8762 8763 8646
7358 5 2 1 1 8637 8754 8755 8638 8646 8763 8764 8647
7359 5 2 1 1 8638 8755 8756 8639 8647 8764 8765 8648
7360 5 2 1 1 8639 8756 8757 8640 8648 8765 8766 8649
7361 5 2 1 1 8641 8758 8759 8642 8650 8767 8768 8651
7362 5 2 1 1 8642 8759 8760 8643 8651 8768 8769 8652
7363 5 2 1 1 8643 8760 8761 8644 8652 8769 8770 8653
7364 5 2 1 1 8644 8761 8762 8645 8653 8770 8771 8654
7365 5 2 1 1 8645 8762 8763 8646 8654 8771 8772 8655
7366 5 2 1 1 8646 8763 8764 8647 8655 8772 8773 8656
7367 5 2 1 1 8647 8764 8765 8648 8656 8773 8774 8657
7368 5 2 1 1 8648 8765 8766 8649 8657 8774 8775 8658
7369 5 2 1 1 8650 8767 8768 8651 8659 8776 8777 8660
7370 5 2 1 1 8651 8768 8769 8652 8660 8777 8778 8661
7371 5 2 1 1 8652 8769 8770 8653 8661 8778 8779 8662
7372 5 2 1 1 8653 8770 8771 8654 8662 8779 8780 8663
7373 5 2 1 1 8654 8771 8772 8655 8663 8780 8781 8664
7374 5 2 1 1 8655 8772 8773 8656 8664 8781 8782 8665
7375 5 2 1 1 8656 8773 8774 8657 8665 8782 8783 8666
7376 5 2 1 1 8657 8774 8775 8658 8666 8783 8784 8667
7377 5 2 1 1 8659 8776 8777 8660 8668 8785 8786 8669
7378 5 2 1 1 8660 8777 8778 8661 8669 8786 8787 8670
7379 5 2 1 1 8661 8778 8779 8662 8670 8787 8788 8671
7380 5 2 1 1 8662 8779 8780 8663 8671 8788 8789 8672
7381 5 2 1 1 8663 8780 8781 8664 8672 8789 8790 8673
7382 5 2 1 1 8664 8781 8782 8665 8673 8790 8791 8674
7383 5 2 1 1 8665 8782 8783 8666 8674 8791 8792 8675
7384 5 2 1 1 8666 8783 8784 8667 8675 8792 8793 8676
7385 5 2 1 1 8668 8785 8786 8669 8677 8794 8795 8678
7386 5 2 1 1 8669 8786 8787 8670 8678 8795 8796 8679
7387 5 2 1 1 8670 8787 8788 8671 8679 8796 8797 8680
7388 5 2 1 1 8671 8788 8789 8672 8680 8797 8798 8681
7389 5 2 1 1 8672 8789 8790 8673 8681 8798 8799 8682
7390 5 2 1 1 8673 8790 8791 8674 8682 8799 8800 8683
7391 5 2 1 1 8674 8791 8792 8675 8683 8800 8801 8684
7392 5 2 1 1 8675 8792 8793 8676 8684 8801 8802 8685
7393 5 2 1 1 8677 8794 8795 8678 8686 8803 8804 8687
7394 5 2 1 1 8678 8795 8796 8679 8687 8804 8805 8688
7395 5 2 1 1 8679 8796 8797 8680 8688 8805 8806 8689
7396 5 2 1 1 8680 8797 8798 8681 8689 8806 8807 8690
7397 5 2 1 1 8681 8798 8799 8682 8690 8807 8808 8691
7398 5 2 1 1 8682 8799 8800 8683 8691 8808 8809 8692
7399 5 2 1 1 8683 8800 8801 8684 8692 8809 8810 8693
7400 5 2 1 1 8684 8801 8802 8685 8693 8810 8811 8694
7401 5 2 1 1 8686 8803 8804 8687 8695 8812 8813 8696
7402 5 2 1 1 8687 8804 8805 8688 8696 8813 8814 8697
7403 5 2 1 1 8688 8805 8806 8689 8697 8814 8815 8698
7404 5 2 1 1 8689 8806 8807 8690 8698 8815 8816 8699
7405 5 2 1 1 8690 8807 8808 8691 8699 8816 8817 8700
7406 5 2 1 1 8691 8808 8809 8692 8700 8817 8818 8701
7407 5 2 1 1 8692 8809 8810 8693 8701 8818 8819 8702
7408 5 2 1 1 8693 8810 8811 8694 8702 8819 8820 8703
7409 5 2 1 1 8695 8812 8813 8696 8704 8821 8822 8705
7410 5 2 1 1 8696 8813 8814 8697 8705 8822 8823 8706
7411 5 2 1 1 8697 8814 8815 8698 8706 8823 8824 8707
7412 5 2 1 1 8698 8815 8816 8699 8707 8824 8825 8708
7413 5 2 1 1 8699 8816 8817 8700 8708 8825 8826 8709
7414 5 2 1 1 8700 8817 8818 8701 8709 8826 8827 8710
7415 5 2 1 1 8701 8818 8819 8702 8710 8827 8828 8711
7416 5 2 1 1 8702 8819 8820 8703 8711 8828 8829 8712
7417 5 2 1 1 8704 8821 8822 8705 8713 8830 8831 8714
7418 5 2 1 1 8705 8822 8823 8706 8714 8831 8832 8715
7419 5 2 1 1 8706 8823 8824 8707 8715 8832 8833 8716
7420 5 2 1 1 8707 8824 8825 8708 8716 8833 8834 8717
7421 5 2 1 1 8708 8825 8826 8709 8717 8834 8835 8718
7422 5 2 1 1 8709 8826 8827 8710 8718 8835 8836 8719
7423 5 2 1 1 8710 8827 8828 8711 8719 8836 8837 8720
7424 5 2 1 1 8711 8828 8829 8712 8720 8837 8838 8721
7425 5 2 1 1 8713 8830 8831 8714 8722 8839 8840 8723
7426 5 2 1 1 8714 8831 8832 8715 8723 8840 8841 8724
7427 5 2 1 1 8715 8832 8833 8716 8724 8841 8842 8725
7428 5 2 1 1 8716 8833 8834 8717 8725 8842 8843 8726
7429 5 2 1 1 8717 8834 8835 8718 8726 8843 8844 8727
7430 5 2 1 1 8718 8835 8836 8719 8727 8844 8845 8728
7431 5 2 1 1 8719 8836 8837 8720 8728 8845 8846 8729
7432 5 2 1 1 8720 8837 8838 8721 8729 8846 8847 8730
7433 5 2 1 1 8722 8839 8840 8723 8731 8848 8849 8732
7434 5 2 1 1 8723 8840 8841 8724 8732 8849 8850 8733
7435 5 2 1 1 8724 8841 8842 8725 8733 8850 8851 8734
7436 5 2 1 1 8725 8842 8843 8726 8734 8851 8852 8735
7437 5 2 1 1 8726 8843 8844 8727 8735 8852 8853 8736
7438 5 2 1 1 8727 8844 8845 8728 8736 8853 8854 8737
7439 5 2 1 1 8728 8845 8846 8729 8737 8854 8855 8738
7440 5 2 1 1 8729 8846 8847 8730 8738 8855 8856 8739
7441 5 2 1 1 8740 8857 8859 8741 8749 8858 8860 8750
7442 5 2 1 1 8741 8859 8861 8742 8750 8860 8862 8751
7443 5 2 1 1 8742 8861 8863 8743 8751 8862 8864 8752
7444 5 2 1 1 8743 8863 8865 8744 8752 8864 8866 8753
7445 5 2 1 1 8744 8865 8867 8745 8753 8866 8868 8754
7446 5 2 1 1 8745 8867 8869 8746 8754 8868 8870 8755
7447 5 2 1 1 8746 8869 8871 8747 8755 8870 8872 8756
7448 5 2 1 1 8747 8871 8873 8748 8756 8872 8874 8757
7449 5 2 1 1 8749 8858 8860 8750 8758 8875 8876 8759
7450 5 2 1 1 8750 8860 8862 8751 8759 8876 8877 8760
7451 5 2 1 1 8751 8862 8864 8752 8760 8877 8878 8761
7452 5 2 1 1 8752 8864 8866 8753 8761 8878 8879 8762
7453 5 2 1 1 8753 8866 8868 8754 8762 8879 8880 8763
7454 5 2 1 1 8754 8868 8870 8755 8763 8880 8881 8764
7455 5 2 1 1 8755 8870 8872 8756 8764 8881 8882 8765
7456 5 2 1 1 8756 8872 8874 8757 8765 8882 8883 8766
7457 5 2 1 1 8758 8875 8876 8759 8767 8884 8885 8768
7458 5 2 1 1 8759 8876 8877 8760 8768 8885 8886 8769
7459 5 2 1 1 8760 8877 8878 8761 8769 8886 8887 8770
7460 5 2 1 1 8761 8878 8879 8762 8770 8887 8888 8771
7461 5 2 1 1 8762 8879 8880 8763 8771 8888 8889 8772
7462 5 2 1 1 8763 8880 8881 8764 8772 8889 8890 8773
7463 5 2 1 1 8764 8881 8882 8765 8773 8890 8891 8774
7464 5 2 1 1 8765 8882 8883 8766 8774 8891 8892 8775
7465 5 2 1 1 8767 8884 8885 8768 8776 8893 8894 8777
7466 5 2 1 1 8768 8885 8886 8769 8777 8894 8895 8778
7467 5 2 1 1 8769 8886 8887 8770 8778 8895 8896 8779
7468 5 2 1 1 8770 8887 8888 8771 8779 8896 8897 8780
7469 5 2 1 1 8771 8888 8889 8772 8780 8897 8898 8781
7470 5 2 1 1 8772 8889 8890 8773 8781 8898 8899 8782
7471 5 2 1 1 8773 8890 8891 8774 8782 8899 8900 8783
7472 5 2 1 1 8774 8891 8892 8775 8783 8900 8901 8784
7473 5 2 1 1 8776 8893 8894 8777 8785 8902 8903 8786
7474 5 2 1 1 8777 8894 8895 8778 8786 8903 8904 8787
7475 5 2 1 1 8778 8895 8896 8779 8787 8904 8905 8788
7476 5 2 1 1 8779 8896 8897 8780 8788 8905 8906 8789
7477 5 2 1 1 8780 8897 8898 8781 8789 8906 8907 8790
7478 5 2 1 1 8781 8898 8899 8782 8790 8907 8908 8791
7479 5 2 1 1 8782 8899 8900 8783 8791 8908 8909 8792
7480 5 2 1 1 8783 8900 8901 8784 8792 8909 8910 8793
7481 5 2 1 1 8785 8902 8903 8786 8794 8911 8912 8795
7482 5 2 1 1 8786 8903 8904 8787 8795 8912 8913 8796
7483 5 2 1 1 8787 8904 8905 8788 8796 8913 8914 8797
7484 5 2 1 1 8788 8905 8906 8789 8797 8914 8915 8798
7485 5 2 1 1 8789 8906 8907 8790 8798 8915 8916 8799
7486 5 2 1 1 8790 8907 8908 8791 8799 8916 8917 8800
7487 5 2 1 1 8791 8908 8909 8792 8800 8917 8918 8801
7488 5 2 1 1 8792 8909 8910 8793 8801 8918 8919 8802
7489 5 2 1 1 8794 8911 8912 8795 8803 8920 8921 8804
7490 5 2 1 1 8795 8912 8913 8796 8804 8921 8922 8805
7491 5 2 1 1 8796 8913 8914 8797 8805 8922 8923 8806
7492 5 2 1 1 8797 8914 8915 8798 8806 8923 8924 8807
7493 5 2 1 1 8798 8915 8916 8799 8807 8924 8925 8808
7494 5 2 1 1 8799 8916 8917 8800 8808 8925 8926 8809
7495 5 2 1 1 8800 8917 8918 8801 8809 8926 8927 8810
7496 5 2 1 1 8801 8918 8919 8802 8810 8927 8928 8811
7497 5 2 1 1 8803 8920 8921 8804 8812 8929 8930 8813
7498 5 2 1 1 8804 8921 8922 8805 8813 8930 8931 8814
7499 5 2 1 1 8805 8922 8923 8806 8814 8931 8932 8815
7500 5 2 1 1 8806 8923 8924 8807 8815 8932 8933 8816
7501 5 2 1 1 8807 8924 8925 8808 8816 8933 8934 8817
7502 5 2 1 1 8808 8925 8926 8809 8817 8934 8935 8818
7503 5 2 1 1 8809 8926 8927 8810 8818 8935 8936 8819
7504 5 2 1 1 8810 8927 8928 8811 8819 8936 8937 8820
7505 5 2 1 1 8812 8929 8930 8813 8821 8938 8939 8822
7506 5 2 1 1 8813 8930 8931 8814 8822 8939 8940 8823
7507 5 2 1 1 8814 8931 8932 8815 8823 8940 8941 8824
7508 5 2 1 1 8815 8932 8933 8816 8824 8941 8942 8825
7509 5 2 1 1 8816 8933 8934 8817 8825 8942 8943 8826
7510 5 2 1 1 8817 8934 8935 8818 8826 8943 8944 8827
7511 5 2 1 1 8818 8935 8936 8819 8827 8944 8945 8828
7512 5 2 1 1 8819 8936 8937 8820 8828 8945 8946 8829
7513 5 2 1 1 8821 8938 8939 8822 8830 8947 8948 8831
7514 5 2 1 1 8822 8939 8940 8823 8831 8948 8949 8832
7515 5 2 1 1 8823 8940 8941 8824 8832 8949 8950 8833
7516 5 2 1 1 8824 8941 8942 8825 8833 8950 8951 8834
7517 5 2 1 1 8825 8942 8943 8826 8834 8951 8952 8835
7518 5 2 1 1 8826 8943 8944 8827 8835 8952 8953 8836
7519 5 2 1 1 8827 8944 8945 8828 8836 8953 8954 8837
7520 5 2 1 1 8828 8945 8946 8829 8837 8954 8955 8838
7521 5 2 1 1 8830 8947 8948 8831 8839 8956 8957 8840
7522 5 2 1 1 8831 8948 8949 8832 8840 8957 8958 8841
7523 5 2 1 1 8832 8949 8950 8833 8841 8958 8959 8842
7524 5 2 1 1 8833 8950 8951 8834 8842 8959 8960 8843
7525 5 2 1 1 8834 8951 8952 8835 8843 8960 8961 8844
7526 5 2 1 1 8835 8952 8953 8836 8844 8961 8962 8845
7527 5 2 1 1 8836 8953 8954 8837 8845 8962 8963 8846
7528 5 2 1 1 8837 8954 8955 8838 8846 8963 8964 8847
7529 5 2 1 1 8839 8956 8957 8840 8848 8965 8966 8849
7530 5 2 1 1 8840 8957 8958 8841 8849 8966 8967 8850
7531 5 2 1 1 8841 8958 8959 8842 8850 8967 8968 8851
7532 5 2 1 1 8842 8959 8960 8843 8851 8968 8969 8852
7533 5 2 1 1 8843 8960 8961 8844 8852 8969 8970 8853
7534 5 2 1 1 8844 8961 8962 8845 8853 8970 8971 8854
7535 5 2 1 1 8845 8962 8963 8846 8854 8971 8972 8855
7536 5 2 1 1 8846 8963 8964 8847 8855 8972 8973 8856
7537 6 2 1 1 8857 8858 8974 8859 8860 8975
7538 6 2 1 1 8859 8860 8975 8861 8862 8976
7539 6 2 1 1 8861 8862 8976 8863 8864 8977
7540 6 2 1 1 8863 8864 8977 8865 8866 8978
7541 6 2 1 1 8865 8866 8978 8867 8868 8979
7542 6 2 1 1 8867 8868 8979 8869 8870 8980
7543 6 2 1 1 8869 8870 8980 8871 8872 8981
7544 6 2 1 1 8871 8872 8981 8873 8874 8982
7545 5 2 1 1 8858 8974 8975 8860 8875 8983 8984 8876
7546 5 2 1 1 8860 8975 8976 8862 8876 8984 8985 8877
7547 5 2 1 1 8862 8976 8977 8864 8877 8985 8986 8878
7548 5 2 1 1 8864 8977 8978 8866 8878 8986 8987 8879
7549 5 2 1 1 8866 8978 8979 8868 8879 8987 8988 8880
7550 5 2 1 1 8868 8979 8980 8870 8880 8988 8989 8881
7551 5 2 1 1 8870 8980 8981 8872 8881 8989 8990 8882
7552 5 2 1 1 8872 8981 8982 8874 8882 8990 8991 8883
7553 5 2 1 1 8875 8983 8984 8876 8884 8992 8993 8885
7554 5 2 1 1 8876 8984 8985 8877 8885 8993 8994 8886
7555 5 2 1 1 8877 8985 8986 8878 8886 8994 8995 8887
7556 5 2 1 1 8878 8986 8987 8879 8887 8995 8996 8888
7557 5 2 1 1 8879 8987 8988 8880 8888 8996 8997 8889
7558 5 2 1 1 8880 8988 8989 8881 8889 8997 8998 8890
7559 5 2 1 1 8881 8989 8990 8882 8890 8998 8999 8891
7560 5 2 1 1 8882 8990 8991 8883 8891 8999 9000 8892
7561 5 2 1 1 8884 8992 8993 8885 8893 9001 9002 8894
7562 5 2 1 1 8885 8993 8994 8886 8894 9002 9003 8895
7563 5 2 1 1 8886 8994 8995 8887 8895 9003 9004 8896
7564 5 2 1 1 8887 8995 8996 8888 8896 9004 9005 8897
7565 5 2 1 1 8888 8996 8997 8889 8897 9005 9006 8898
7566 5 2 1 1 8889 8997 8998 8890 8898 9006 9007 8899
7567 5 2 1 1 8890 8998 8999 8891 8899 9007 9008 8900
7568 5 2 1 1 8891 8999 9000 8892 8900 9008 9009 8901
7569 5 2 1 1 8893 9001 9002 8894 8902 9010 9011 8903
7570 5 2 1 1 8894 9002 9003 8895 8903 9011 9012 8904
7571 5 2 1 1 8895 9003 9004 8896 8904 9012 9013 8905
7572 5 2 1 1 8896 9004 9005 8897 8905 9013 9014 8906
7573 5 2 1 1 8897 9005 9006 8898 8906 9014 9015 8907
7574 5 2 1 1 8898 9006 9007 8899 8907 9015 9016 8908
7575 5 2 1 1 8899 9007 9008 8900 8908 9016 9017 8909
7576 5 2 1 1 8900 9008 9009 8901 8909 9017 9018 8910
7577 5 2 1 1 8902 9010 9011 8903 8911 9019 9020 8912
7578 5 2 1 1 8903 9011 9012 8904 8912 9020 9021 8913
7579 5 2 1 1 8904 9012 9013 8905 8913 9021 9022 8914
7580 5 2 1 1 8905 9013 9014 8906 8914 9022 9023 8915
7581 5 2 1 1 8906 9014 9015 8907 8915 9023 9024 8916
7582 5 2 1 1 8907 9015 9016 8908 8916 9024 9025 8917
7583 5 2 1 1 8908 9016 9017 8909 8917 9025 9026 8918
7584 5 2 1 1 8909 9017 9018 8910 8918 9026 9027 8919
7585 5 2 1 1 8911 9019 9020 8912 8920 9028 9029 8921
7586 5 2 1 1 8912 9020 9021 8913 8921 9029 9030 8922
7587 5 2 1 1 8913 9021 9022 8914 8922 9030 9031 8923
7588 5 2 1 1 8914 9022 9023 8915 8923 9031 9032 8924
7589 5 2 1 1 8915 9023 9024 8916 8924 9032 9033 8925
7590 5 2 1 1 8916 9024 9025 8917 8925 9033 9034 8926
7591 5 2 1 1 8917 9025 9026 8918 8926 9034 9035 8927
7592 5 2 1 1 8918 9026 9027 8919 8927 9035 9036 8928
7593 5 2 1 1 8920 9028 9029 8921 8929 9037 9038 8930
7594 5 2 1 1 8921 9029 9030 8922 8930 9038 9039 8931
7595 5 2 1 1 8922 9030 9031 8923 8931 9039 9040 8932
7596 5 2 1 1 8923 9031 9032 8924 8932 9040 9041 8933
7597 5 2 1 1 8924 9032 9033 8925 8933 9041 9042 8934
7598 5 2 1 1 8925 9033 9034 8926 8934 9042 9043 8935
7599 5 2 1 1 8926 9034 9035 8927 8935 9043 9044 8936
7600 5 2 1 1 8927 9035 9036 8928 8936 9044 9045 8937
7601 5 2 1 1 8929 9037 9038 8930 8938 9046 9047 8939
7602 5 2 1 1 8930 9038 9039 8931 8939 9047 9048 8940
7603 5 2 1 1 8931 9039 9040 8932 8940 9048 9049 8941
7604 5 2 1 1 8932 9040 9041 8933 8941 9049 9050 8942
7605 5 2 1 1 8933 9041 9042 8934 8942 9050 9051 8943
7606 5 2 1 1 8934 9042 9043 8935 8943 9051 9052 8944
7607 5 2 1 1 8935 9043 9044 8936 8944 9052 9053 8945
7608 5 2 1 1 8936 9044 9045 8937 8945 9053 9054 8946
7609 5 2 1 1 8938 9046 9047 8939 8947 9055 9056 8948
7610 5 2 1 1 8939 9047 9048 8940 8948 9056 9057 8949
7611 5 2 1 1 8940 9048 9049 8941 8949 9057 9058 8950
7612 5 2 1 1 8941 9049 9050 8942 8950 9058 9059 8951
7613 5 2 1 1 8942 9050 9051 8943 8951 9059 9060 8952
7614 5 2 1 1 8943 9051 9052 8944 8952 9060 9061 8953
7615 5 2 1 1 8944 9052 9053 8945 8953 9061 9062 8954
7616 5 2 1 1 8945 9053 9054 8946 8954 9062 9063 8955
7617 5 2 1 1 8947 9055 9056 8948 8956 9064 9065 8957
7618 5 2 1 1 8948 9056 9057 8949 8957 9065 9066 8958
7619 5 2 1 1 8949 9057 9058 8950 8958 9066 9067 8959
7620 5 2 1 1 8950 9058 9059 8951 8959 9067 9068 8960
7621 5 2 1 1 8951 9059 9060 8952 8960 9068 9069 8961
7622 5 2 1 1 8952 9060 9061 8953 8961 9069 9070 8962
7623 5 2 1 1 8953 9061 9062 8954 8962 9070 9071 8963
7624 5 2 1 1 8954 9062 9063 8955 8963 9071 9072 8964
7625 5 2 1 1 8956 9064 9065 8957 8965 9073 9074 8966
7626 5 2 1 1 8957 9065 9066 8958 8966 9074 9075 8967
7627 5 2 1 1 8958 9066 9067 8959 8967 9075 9076 8968
7628 5 2 1 1 8959 9067 9068 8960 8968 9076 9077 8969
7629 5 2 1 1 8960 9068 9069 8961 8969 9077 9078 8970
7630 5 2 1 1 8961 9069 9070 8962 8970 9078 9079 8971
7631 5 2 1 1 8962 9070 9071 8963 8971 9079 9080 8972
7632 5 2 1 1 8963 9071 9072 8964 8972 9080 9081 8973
7633 5 2 1 1 8974 9082 9084 8975 8983 9083 9085 8984
7634 5 2 1 1 8975 9084 9086 8976 8984 9085 9087 8985
7635 5 2 1 1 8976 9086 9088 8977 8985 9087 9089 8986
7636 5 2 1 1 8977 9088 9090 8978 8986 9089 9091 8987
7637 5 2 1 1 8978 9090 9092 8979 8987 9091 9093 8988
7638 5 2 1 1 8979 9092 9094 8980 8988 9093 9095 8989
7639 5 2 1 1 8980 9094 9096 8981 8989 9095 9097 8990
7640 5 2 1 1 8981 9096 9098 8982 8990 9097 9099 8991
7641 5 2 1 1 8983 9083 9085 8984 8992 9100 9101 8993
7642 5 2 1 1 8984 9085 9087 8985 8993 9101 9102 8994
7643 5 2 1 1 8985 9087 9089 8986 8994 9102 9103 8995
7644 5 2 1 1 8986 9089 9091 8987 8995 9103 9104 8996
7645 5 2 1 1 8987 9091 9093 8988 8996 9104 9105 8997
7646 5 2 1 1 8988 9093 9095 8989 8997 9105 9106 8998
7647 5 2 1 1 8989 9095 9097 8990 8998 9106 9107 8999
7648 5 2 1 1 8990 9097 9099 8991 8999 9107 9108 9000
7649 5 2 1 1 8992 9100 9101 8993 9001 9109 9110 9002
7650 5 2 1 1 8993 9101 9102 8994 9002 9110 9111 9003
7651 5 2 1 1 8994 9102 9103 8995 9003 9111 9112 9004
7652 5 2 1 1 8995 9103 9104 8996 9004 9112 9113 9005
7653 5 2 1 1 8996 9104 9105 8997 9005 9113 9114 9006
7654 5 2 1 1 8997 9105 9106 8998 9006 9114 9115 9007
7655 5 2 1 1 8998 9106 9107 8999 9007 9115 9116 9008
7656 5 2 1 1 8999 9107 9108 9000 9008 9116 9117 9009
7657 5 2 1 1 9001 9109 9110 9002 9010 9118 9119 9011
7658 5 2 1 1 9002 9110 9111 9003 9011 9119 9120 9012
7659 5 2 1 1 9003 9111 9112 9004 9012 9120 9121 9013
7660 5 2 1 1 9004 9112 9113 9005 9013 9121 9122 9014
7661 5 2 1 1 9005 9113 9114 9006 9014 9122 9123 9015
7662 5 2 1 1 9006 9114 9115 9007 9015 9123 9124 9016
7663 5 2 1 1 9007 9115 9116 9008 9016 9124 9125 9017
7664 5 2 1 1 9008 9116 9117 9009 9017 9125 9126 9018
7665 5 2 1 1 9010 9118 9119 9011 9019 9127 9128 9020
7666 5 2 1 1 9011 9119 9120 9012 9020 9128 9129 9021
7667 5 2 1 1 9012 9120 9121 9013 9021 9129 9130 9022
7668 5 2 1 1 9013 9121 9122 9014 9022 9130 9131 9023
7669 5 2 1 1 9014 9122 9123 9015 9023 9131 9132 9024
7670 5 2 1 1 9015 9123 9124 9016 9024 9132 9133 9025
7671 5 2 1 1 9016 9124 9125 9017 9025 9133 9134 9026
7672 5 2 1 1 9017 9125 9126 9018 9026 9134 9135 9027
7673 5 2 1 1 9019 9127 9128 9020 9028 9136 9137 9029
7674 5 2 1 1 9020 9128 9129 9021 9029 9137 9138 9030
7675 5 2 1 1 9021 9129 9130 9022 9030 9138 9139 9031
7676 5 2 1 1 9022 9130 9131 9023 9031 9139 9140 9032
7677 5 2 1 1 9023 9131 9132 9024 9032 9140 9141 9033
7678 5 2 1 1 9024 9132 9133 9025 9033 9141 9142 9034
7679 5 2 1 1 9025 9133 9134 9026 9034 9142 9143 9035
7680 5 2 1 1 9026 9134 9135 9027 9035 9143 9144 9036
7681 5 2 1 1 9028 9136 9137 9029 9037 9145 9146 9038
7682 5 2 1 1 9029 9137 9138 9030 9038 9146 9147 9039
7683 5 2 1 1 9030 9138 9139 9031 9039 9147 9148 9040
7684 5 2 1 1 9031 9139 9140 9032 9040 9148 9149 9041
7685 5 2 1 1 9032 9140 9141 9033 9041 9149 9150 9042
7686 5 2 1 1 9033 9141 9142 9034 9042 9150 9151 9043
7687 5 2 1 1 9034 9142 9143 9035 9043 9151 9152 9044
7688 5 2 1 1 9035 9143 9144 9036 9044 9152 9153 9045
7689 5 2 1 1 9037 9145 9146 9038 9046 9154 9155 9047
7690 5 2 1 1 9038 9146 9147 9039 9047 9155 9156 9048
7691 5 2 1 1 9039 9147 9148 9040 9048 9156 9157 9049
7692 5 2 1 1 9040 9148 9149 9041 9049 9157 9158 9050
7693 5 2 1 1 9041 9149 9150 9042 9050 9158 9159 9051
7694 5 2 1 1 9042 9150 9151 9043 9051 9159 9160 9052
7695 5 2 1 1 9043 9151 9152 9044 9052 9160 9161 9053
7696 5 2 1 1 9044 9152 9153 9045 9053 9161 9162 9054
7697 5 2 1 1 9046 9154 9155 9047 9055 9163 9164 9056
7698 5 2 1 1 9047 9155 9156 9048 9056 9164 9165 9057
7699 5 2 1 1 9048 9156 9157 9049 9057 9165 9166 9058
7700 5 2 1 1 9049 9157 9158 9050 9058 9166 9167 9059
7701 5 2 1 1 9050 9158 9159 9051 9059 9167 9168 9060
7702 5 2 1 1 9051 9159 9160 9052 9060 9168 9169 9061
7703 5 2 1 1 9052 9160 9161 9053 9061 9169 9170 9062
7704 5 2 1 1 9053 9161 9162 9054 9062 9170 9171 9063
7705 5 2 1 1 9055 9163 9164 9056 9064 9172 9173 9065
7706 5 2 1 1 9056 9164 9165 9057 9065 9173 9174 9066
7707 5 2 1 1 9057 9165 9166 9058 9066 9174 9175 9067
7708 5 2 1 1 9058 9166 9167 9059 9067 9175 9176 9068
7709 5 2 1 1 9059 9167 9168 9060 9068 9176 9177 9069
7710 5 2 1 1 9060 9168 9169 9061 9069 9177 9178 9070
7711 5 2 1 1 9061 9169 9170 9062 9070 9178 9179 9071
7712 5 2 1 1 9062 9170 9171 9063 9071 9179 9180 9072
7713 5 2 1 1 9064 9172 9173 9065 9073 9181 9182 9074
7714 5 2 1 1 9065 9173 9174 9066 9074 9182 9183 9075
7715 5 2 1 1 9066 9174 9175 9067 9075 9183 9184 9076
7716 5 2 1 1 9067 9175 9176 9068 9076 9184 9185 9077
7717 5 2 1 1 9068 9176 9177 9069 9077 9185 9186 9078
7718 5 2 1 1 9069 9177 9178 9070 9078 9186 9187 9079
7719 5 2 1 1 9070 9178 9179 9071 9079 9187 9188 9080
7720 5 2 1 1 9071 9179 9180 9072 9080 9188 9189 9081
7721 6 2 1 1 9082 9083 9190 9084 9085 9191
7722 6 2 1 1 9084 9085 9191 9086 9087 9192
7723 6 2 1 1 9086 9087 9192 9088 9089 9193
7724 6 2 1 1 9088 9089 9193 9090 9091 9194
7725 6 2 1 1 9090 9091 9194 9092 9093 9195
7726 6 2 1 1 9092 9093 9195 9094 9095 9196
7727 6 2 1 1 9094 9095 9196 9096 9097 9197
7728 6 2 1 1 9096 9097 9197 9098 9099 9198
7729 5 2 1 1 9083 9190 9191 9085 9100 9199 9200 9101
7730 5 2 1 1 9085 9191 9192 9087 9101 9200 9201 9102
7731 5 2 1 1 9087 9192 9193 9089 9102 9201 9202 9103
7732 5 2 1 1 9089 9193 9194 9091 9103 9202 9203 9104
7733 5 2 1 1 9091 9194 9195 9093 9104 9203 9204 9105
7734 5 2 1 1 9093 9195 9196 9095 9105 9204 9205 9106
7735 5 2 1 1 9095 9196 9197 9097 9106 9205 9206 9107
7736 5 2 1 1 9097 9197 9198 9099 9107 9206 9207 9108
7737 5 2 1 1 9100 9199 9200 9101 9109 9208 9209 9110
7738 5 2 1 1 9101 9200 9201 9102 9110 9209 9210 9111
7739 5 2 1 1 9102 9201 9202 9103 9111 9210 9211 9112
7740 5 2 1 1 9103 9202 9203 9104 9112 9211 9212 9113
7741 5 2 1 1 9104 9203 9204 9105 9113 9212 9213 9114
7742 5 2 1 1 9105 9204 9205 9106 9114 9213 9214 9115
7743 5 2 1 1 9106 9205 9206 9107 9115 9214 9215 9116
7744 5 2 1 1 9107 9206 9207 9108 9116 9215 9216 9117
7745 5 2 1 1 9109 9208 9209 9110 9118 9217 9218 9119
7746 5 2 1 1 9110 9209 9210 9111 9119 9218 9219 9120
7747 5 2 1 1 9111 9210 9211 9112 9120 9219 9220 9121
7748 5 2 1 1 9112 9211 9212 9113 9121 9220 9221 9122
7749 5 2 1 1 9113 9212 9213 9114 9122 9221 9222 9123
7750 5 2 1 1 9114 9213 9214 9115 9123 9222 9223 9124
7751 5 2 1 1 9115 9214 9215 9116 9124 9223 9224 9125
7752 5 2 1 1 9116 9215 9216 9117 9125 9224 9225 9126
7753 5 2 1 1 9118 9217 9218 9119 9127 9226 9227 9128
7754 5 2 1 1 9119 9218 9219 9120 9128 9227 9228 9129
7755 5 2 1 1 9120 9219 9220 9121 9129 9228 9229 9130
7756 5 2 1 1 9121 9220 9221 9122 9130 9229 9230 9131
7757 5 2 1 1 9122 9221 9222 9123 9131 9230 9231 9132
7758 5 2 1 1 9123 9222 9223 9124 9132 9231 9232 9133
7759 5 2 1 1 9124 9223 9224 9125 9133 9232 9233 9134
7760 5 2 1 1 9125 9224 9225 9126 9134 9233 9234 9135
7761 5 2 1 1 9127 9226 9227 9128 9136 9235 9236 9137
7762 5 2 1 1 9128 9227 9228 9129 9137 9236 9237 9138
7763 5 2 1 1 9129 9228 9229 9130 9138 9237 9238 9139
7764 5 2 1 1 9130 9229 9230 9131 9139 9238 9239 9140
7765 5 2 1 1 9131 9230 9231 9132 9140 9239 9240 9141
7766 5 2 1 1 9132 9231 9232 9133 9141 9240 9241 9142
7767 5 2 1 1 9133 9232 9233 9134 9142 9241 9242 9143
7768 5 2 1 1 9134 9233 9234 9135 9143 9242 9243 9144
7769 5 2 1 1 9136 9235 9236 9137 9145 9244 9245 9146
7770 5 2 1 1 9137 9236 9237 9138 9146 9245 9246 9147
7771 5 2 1 1 9138 9237 9238 9139 9147 9246 9247 9148
7772 5 2 1 1 9139 9238 9239 9140 9148 9247 9248 9149
7773 5 2 1 1 9140 9239 9240 9141 9149 9248 9249 9150
7774 5 2 1 1 9141 9240 9241 9142 9150 9249 9250 9151
7775 5 2 1 1 9142 9241 9242 9143 9151 9250 9251 9152
7776 5 2 1 1 9143 9242 9243 9144 9152 9251 9252 9153
7777 5 2 1 1 9145 9244 9245 9146 9154 9253 9254 9155
7778 5 2 1 1 9146 9245 9246 9147 9155 9254 9255 9156
7779 5 2 1 1 9147 9246 9247 9148 9156 9255 9256 9157
7780 5 2 1 1 9148 9247 9248 9149 9157 9256 9257 9158
7781 5 2 1 1 9149 9248 9249 9150 9158 9257 9258 9159
7782 5 2 1 1 9150 9249 9250 9151 9159 9258 9259 9160
7783 5 2 1 1 9151 9250 9251 9152 9160 9259 9260 9161
7784 5 2 1 1 9152 9251 9252 9153 9161 9260 9261 9162
7785 5 2 1 1 9154 9253 9254 9155 9163 9262 9263 9164
7786 5 2 1 1 9155 9254 9255 9156 9164 9263 9264 9165
7787 5 2 1 1 9156 9255 9256 9157 9165 9264 9265 9166
7788 5 2 1 1 9157 9256 9257 9158 9166 9265 9266 9167
7789 5 2 1 1 9158 9257 9258 9159 9167 9266 9267 9168
7790 5 2 1 1 9159 9258 9259 9160 9168 9267 9268 9169
7791 5 2 1 1 9160 9259 9260 9161 9169 9268 9269 9170
7792 5 2 1 1 9161 9260 9261 9162 9170 9269 9270 9171
7793 5 2 1 1 9163 9262 9263 9164 9172 9271 9272 9173
7794 5 2 1 1 9164 9263 9264 9165 9173 9272 9273 9174
7795 5 2 1 1 9165 9264 9265 9166 9174 9273 9274 9175
7796 5 2 1 1 9166 9265 9266 9167 9175 9274 9275 9176
7797 5 2 1 1 9167 9266 9267 9168 9176 9275 9276 9177
7798 5 2 1 1 9168 9267 9268 9169 9177 9276 9277 9178
7799 5 2 1 1 9169 9268 9269 9170 9178 9277 9278 9179
7800 5 2 1 1 9170 9269 9270 9171 9179 9278 9279 9180
7801 5 2 1 1 9172 9271 9272 9173 9181 9280 9281 9182
7802 5 2 1 1 9173 9272 9273 9174 9182 9281 9282 9183
7803 5 2 1 1 9174 9273 9274 9175 9183 9282 9283 9184
7804 5 2 1 1 9175 9274 9275 9176 9184 9283 9284 9185
7805 5 2 1 1 9176 9275 9276 9177 9185 9284 9285 9186
7806 5 2 1 1 9177 9276 9277 9178 9186 9285 9286 9187
7807 5 2 1 1 9178 9277 9278 9179 9187 9286 9287 9188
7808 5 2 1 1 9179 9278 9279 9180 9188 9287 9288 9189
7809 5 2 1 1 9190 9289 9291 9191 9199 9290 9292 9200
7810 5 2 1 1 9191 9291 9293 9192 9200 9292 9294 9201
7811 5 2 1 1 9192 9293 9295 9193 9201 9294 9296 9202
7812 5 2 1 1 9193 9295 9297 9194 9202 9296 9298 9203
7813 5 2 1 1 9194 9297 9299 9195 9203 9298 9300 9204
7814 5 2 1 1 9195 9299 9301 9196 9204 9300 9302 9205
7815 5 2 1 1 9196 9301 9303 9197 9205 9302 9304 9206
7816 5 2 1 1 9197 9303 9305 9198 9206 9304 9306 9207
7817 5 2 1 1 9199 9290 9292 9200 9208 9307 9308 9209
7818 5 2 1 1 9200 9292 9294 9201 9209 9308 9309 9210
7819 5 2 1 1 9201 9294 9296 9202 9210 9309 9310 9211
7820 5 2 1 1 9202 9296 9298 9203 9211 9310 9311 9212
7821 5 2 1 1 9203 9298 9300 9204 9212 9311 9312 9213
7822 5 2 1 1 9204 9300 9302 9205 9213 9312 9313 9214
7823 5 2 1 1 9205 9302 9304 9206 9214 9313 9314 9215
7824 5 2 1 1 9206 9304 9306 9207 9215 9314 9315 9216
7825 5 2 1 1 9208 9307 9308 9209 9217 9316 9317 9218
7826 5 2 1 1 9209 9308 9309 9210 9218 9317 9318 9219
7827 5 2 1 1 9210 9309 9310 9211 9219 9318 9319 9220
7828 5 2 1 1 9211 9310 9311 9212 9220 9319 9320 9221
7829 5 2 1 1 9212 9311 9312 9213 9221 9320 9321 9222
7830 5 2 1 1 9213 9312 9313 9214 9222 9321 9322 9223
7831 5 2 1 1 9214 9313 9314 9215 9223 9322 9323 9224
7832 5 2 1 1 9215 9314 9315 9216 9224 9323 9324 9225
7833 5 2 1 1 9217 9316 9317 9218 9226 9325 9326 9227
7834 5 2 1 1 9218 9317 9318 9219 9227 9326 9327 9228
7835 5 2 1 1 9219 9318 9319 9220 9228 9327 9328 9229
7836 5 2 1 1 9220 9319 9320 9221 9229 9328 9329 9230
7837 5 2 1 1 9221 9320 9321 9222 9230 9329 9330 9231
7838 5 2 1 1 9222 9321 9322 9223 9231 9330 9331 9232
7839 5 2 1 1 9223 9322 9323 9224 9232 9331 9332 9233
7840 5 2 1 1 9224 9323 9324 9225 9233 9332 9333 9234
7841 5 2 1 1 9226 9325 9326 9227 9235 9334 9335 9236
7842 5 2 1 1 9227 9326 9327 9228 9236 9335 9336 9237
7843 5 2 1 1 9228 9327 9328 9229 9237 9336 9337 9238
7844 5 2 1 1 9229 9328 9329 9230 9238 9337 9338 9239
7845 5 2 1 1 9230 9329 9330 9231 9239 9338 9339 9240
7846 5 2 1 1 9231 9330 9331 9232 9240 9339 9340 9241
7847 5 2 1 1 9232 9331 9332 9233 9241 9340 9341 9242
7848 5 2 1 1 9233 9332 9333 9234 9242 9341 9342 9243
7849 5 2 1 1 9235 9334 9335 9236 9244 9343 9344 9245
7850 5 2 1 1 9236 9335 9336 9237 9245 9344 9345 9246
7851 5 2 1 1 9237 9336 9337 9238 9246 9345 9346 9247
7852 5 2 1 1 9238 9337 9338 9239 9247 9346 9347 9248
7853 5 2 1 1 9239 9338 9339 9240 9248 9347 9348 9249
7854 5 2 1 1 9240 9339 9340 9241 9249 9348 9349 9250
7855 5 2 1 1 9241 9340 9341 9242 9250 9349 9350 9251
7856 5 2 1 1 9242 9341 9342 9243 9251 9350 9351 9252
7857 5 2 1 1 9244 9343 9344 9245 9253 9352 9353 9254
7858 5 2 1 1 9245 9344 9345 9246 9254 9353 9354 9255
7859 5 2 1 1 9246 9345 9346 9247 9255 9354 9355 9256
7860 5 2 1 1 9247 9346 9347 9248 9256 9355 9356 9257
7861 5 2 1 1 9248 9347 9348 9249 9257 9356 9357 9258
7862 5 2 1 1 9249 9348 9349 9250 9258 9357 9358 9259
7863 5 2 1 1 9250 9349 9350 9251 9259 9358 9359 9260
7864 5 2 1 1 9251 9350 9351 9252 9260 9359 9360 9261
7865 5 2 1 1 9253 9352 9353 9254 9262 9361 9362 9263
7866 5 2 1 1 9254 9353 9354 9255 9263 9362 9363 9264
7867 5 2 1 1 9255 9354 9355 9256 9264 9363 9364 9265
7868 5 2 1 1 9256 9355 9356 9257 9265 9364 9365 9266
7869 5 2 1 1 9257 9356 9357 9258 9266 9365 9366 9267
7870 5 2 1 1 9258 9357 9358 9259 9267 9366 9367 9268
7871 5 2 1 1 9259 9358 9359 9260 9268 9367 9368 9269
7872 5 2 1 1 9260 9359 9360 9261 9269 9368 9369 9270
7873 5 2 1 1 9262 9361 9362 9263 9271 9370 9371 9272
7874 5 2 1 1 9263 9362 9363 9264 9272 9371 9372 9273
7875 5 2 1 1 9264 9363 9364 9265 9273 9372 9373 9274
7876 5 2 1 1 9265 9364 9365 9266 9274 9373 9374 9275
7877 5 2 1 1 9266 9365 9366 9267 9275 9374 9375 9276
7878 5 2 1 1 9267 9366 9367 9268 9276 9375 9376 9277
7879 5 2 1 1 9268 9367 9368 9269 9277 9376 9377 9278
7880 5 2 1 1 9269 9368 9369 9270 9278 9377 9378 9279
7881 5 2 1 1 9271 9370 9371 9272 9280 9379 9380 9281
7882 5 2 1 1 9272 9371 9372 9273 9281 9380 9381 9282
7883 5 2 1 1 9273 9372 9373 9274 9282 9381 9382 9283
7884 5 2 1 1 9274 9373 9374 9275 9283 9382 9383 9284
7885 5 2 1 1 9275 9374 9375 9276 9284 9383 9384 9285
7886 5 2 1 1 9276 9375 9376 9277 9285 9384 9385 9286
7887 5 2 1 1 9277 9376 9377 9278 9286 9385 9386 9287
7888 5 2 1 1 9278 9377 9378 9279 9287 9386 9387 9288
7889 6 2 1 1 9289 9290 9388 9291 9292 9389
7890 6 2 1 1 9291 9292 9389 9293 9294 9390
7891 6 2 1 1 9293 9294 9390 9295 9296 9391
7892 6 2 1 1 9295 9296 9391 9297 9298 9392
7893 6 2 1 1 9297 9298 9392 9299 9300 9393
7894 6 2 1 1 9299 9300 9393 9301 9302 9394
7895 6 2 1 1 9301 9302 9394 9303 9304 9395
7896 6 2 1 1 9303 9304 9395 9305 9306 9396
7897 5 2 1 1 9290 9388 9389 9292 9307 9397 9398 9308
7898 5 2 1 1 9292 9389 9390 9294 9308 9398 9399 9309
7899 5 2 1 1 9294 9390 9391 9296 9309 9399 9400 9310
7900 5 2 1 1 9296 9391 9392 9298 9310 9400 9401 9311
7901 5 2 1 1 9298 9392 9393 9300 9311 9401 9402 9312
7902 5 2 1 1 9300 9393 9394 9302 9312 9402 9403 9313
7903 5 2 1 1 9302 9394 9395 9304 9313 9403 9404 9314
7904 5 2 1 1 9304 9395 9396 9306 9314 9404 9405 9315
7905 5 2 1 1 9307 9397 9398 9308 9316 9406 9407 9317
7906 5 2 1 1 9308 9398 9399 9309 9317 9407 9408 9318
7907 5 2 1 1 9309 9399 9400 9310 9318 9408 9409 9319
7908 5 2 1 1 9310 9400 9401 9311 9319 9409 9410 9320
7909 5 2 1 1 9311 9401 9402 9312 9320 9410 9411 9321
7910 5 2 1 1 9312 9402 9403 9313 9321 9411 9412 9322
7911 5 2 1 1 9313 9403 9404 9314 9322 9412 9413 9323
7912 5 2 1 1 9314 9404 9405 9315 9323 9413 9414 9324
7913 5 2 1 1 9316 9406 9407 9317 9325 9415 9416 9326
7914 5 2 1 1 9317 9407 9408 9318 9326 9416 9417 9327
7915 5 2 1 1 9318 9408 9409 9319 9327 9417 9418 9328
7916 5 2 1 1 9319 9409 9410 9320 9328 9418 9419 9329
7917 5 2 1 1 9320 9410 9411 9321 9329 9419 9420 9330
7918 5 2 1 1 9321 9411 9412 9322 9330 9420 9421 9331
7919 5 2 1 1 9322 9412 9413 9323 9331 9421 9422 9332
7920 5 2 1 1 9323 9413 9414 9324 9332 9422 9423 9333
7921 5 2 1 1 9325 9415 9416 9326 9334 9424 9425 9335
7922 5 2 1 1 9326 9416 9417 9327 9335 9425 9426 9336
7923 5 2 1 1 9327 9417 9418 9328 9336 9426 9427 9337
7924 5 2 1 1 9328 9418 9419 9329 9337 9427 9428 9338
7925 5 2 1 1 9329 9419 9420 9330 9338 9428 9429 9339
7926 5 2 1 1 9330 9420 9421 9331 9339 9429 9430 9340
7927 5 2 1 1 9331 9421 9422 9332 9340 9430 9431 9341
7928 5 2 1 1 9332 9422 9423 9333 9341 9431 9432 9342
7929 5 2 1 1 9334 9424 9425 9335 9343 9433 9434 9344
7930 5 2 1 1 9335 9425 9426 9336 9344 9434 9435 9345
7931 5 2 1 1 9336 9426 9427 9337 9345 9435 9436 9346
7932 5 2 1 1 9337 9427 9428 9338 9346 9436 9437 9347
7933 5 2 1 1 9338 9428 9429 9339 9347 9437 9438 9348
7934 5 2 1 1 9339 9429 9430 9340 9348 9438 9439 9349
7935 5 2 1 1 9340 9430 9431 9341 9349 9439 9440 9350
7936 5 2 1 1 9341 9431 9432 9342 9350 9440 9441 9351
7937 5 2 1 1 9343 9433 9434 9344 9352 9442 9443 9353
7938 5 2 1 1 9344 9434 9435 9345 9353 9443 9444 9354
7939 5 2 1 1 9345 9435 9436 9346 9354 9444 9445 9355
7940 5 2 1 1 9346 9436 9437 9347 9355 9445 9446 9356
7941 5 2 1 1 9347 9437 9438 9348 9356 9446 9447 9357
7942 5 2 1 1 9348 9438 9439 9349 9357 9447 9448 9358
7943 5 2 1 1 9349 9439 9440 9350 9358 9448 9449 9359
7944 5 2 1 1 9350 9440 9441 9351 9359 9449 9450 9360
7945 5 2 1 1 9352 9442 9443 9353 9361 9451 9452 9362
7946 5 2 1 1 9353 9443 9444 9354 9362 9452 9453 9363
7947 5 2 1 1 9354 9444 9445 9355 9363 9453 9454 9364
7948 5 2 1 1 9355 9445 9446 9356 9364 9454 9455 9365
7949 5 2 1 1 9356 9446 9447 9357 9365 9455 9456 9366
7950 5 2 1 1 9357 9447 9448 9358 9366 9456 9457 9367
7951 5 2 1 1 9358 9448 9449 9359 9367 9457 9458 9368
7952 5 2 1 1 9359 9449 9450 9360 9368 9458 9459 9369
7953 5 2 1 1 9361 9451 9452 9362 9370 9460 9461 9371
7954 5 2 1 1 9362 9452 9453 9363 9371 9461 9462 9372
7955 5 2 1 1 9363 9453 9454 9364 9372 9462 9463 9373
7956 5 2 1 1 9364 9454 9455 9365 9373 9463 9464 9374
7957 5 2 1 1 9365 9455 9456 9366 9374 9464 9465 9375
7958 5 2 1 1 9366 9456 9457 9367 9375 9465 9466 9376
7959 5 2 1 1 9367 9457 9458 9368 9376 9466 9467 9377
7960 5 2 1 1 9368 9458 9459 9369 9377 9467 9468 9378
7961 5 2 1 1 9370 9460 9461 9371 9379 9469 9470 9380
7962 5 2 1 1 9371 9461 9462 9372 9380 9470 9471 9381
7963 5 2 1 1 9372 9462 9463 9373 9381 9471 9472 9382
7964 5 2 1 1 9373 9463 9464 9374 9382 9472 9473 9383
7965 5 2 1 1 9374 9464 9465 9375 9383 9473 9474 9384
7966 5 2 1 1 9375 9465 9466 9376 9384 9474 9475 9385
7967 5 2 1 1 9376 9466 9467 9377 9385 9475 9476 9386
7968 5 2 1 1 9377 9467 9468 9378 9386 9476 9477 9387
7969 5 2 1 1 9388 9478 9480 9389 9397 9479 9481 9398
7970 5 2 1 1 9389 9480 9482 9390 9398 9481 9483 9399
7971 5 2 1 1 9390 9482 9484 9391 9399 9483 9485 9400
7972 5 2 1 1 9391 9484 9486 9392 9400 9485 9487 9401
7973 5 2 1 1 9392 9486 9488 9393 9401 9487 9489 9402
7974 5 2 1 1 9393 9488 9490 9394 9402 9489 9491 9403
7975 5 2 1 1 9394 9490 9492 9395 9403 9491 9493 9404
7976 5 2 1 1 9395 9492 9494 9396 9404 9493 9495 9405
7977 5 2 1 1 9397 9479 9481 9398 9406 9496 9497 9407
7978 5 2 1 1 9398 9481 9483 9399 9407 9497 9498 9408
7979 5 2 1 1 9399 9483 9485 9400 9408 9498 9499 9409
7980 5 2 1 1 9400 9485 9487 9401 9409 9499 9500 9410
7981 5 2 1 1 9401 9487 9489 9402 9410 9500 9501 9411
7982 5 2 1 1 9402 9489 9491 9403 9411 9501 9502 9412
7983 5 2 1 1 9403 9491 9493 9404 9412 9502 9503 9413
7984 5 2 1 1 9404 9493 9495 9405 9413 9503 9504 9414
7985 5 2 1 1 9406 9496 9497 9407 9415 9505 9506 9416
7986 5 2 1 1 9407 9497 9498 9408 9416 9506 9507 9417
7987 5 2 1 1 9408 9498 9499 9409 9417 9507 9508 9418
7988 5 2 1 1 9409 9499 9500 9410 9418 9508 9509 9419
7989 5 2 1 1 9410 9500 9501 9411 9419 9509 9510 9420
7990 5 2 1 1 9411 9501 9502 9412 9420 9510 9511 9421
7991 5 2 1 1 9412 9502 9503 9413 9421 9511 9512 9422
7992 5 2 1 1 9413 9503 9504 9414 9422 9512 9513 9423
7993 5 2 1 1 9415 9505 9506 9416 9424 9514 9515 9425
7994 5 2 1 1 9416 9506 9507 9417 9425 9515 9516 9426
7995 5 2 1 1 9417 9507 9508 9418 9426 9516 9517 9427
7996 5 2 1 1 9418 9508 9509 9419 9427 9517 9518 9428
7997 5 2 1 1 9419 9509 9510 9420 9428 9518 9519 9429
7998 5 2 1 1 9420 9510 9511 9421 9429 9519 9520 9430
7999 5 2 1 1 9421 9511 9512 9422 9430 9520 9521 9431
8000 5 2 1 1 9422 9512 9513 9423 9431 9521 9522 9432
8001 5 2 1 1 9424 9514 9515 9425 9433 9523 9524 9434
8002 5 2 1 1 9425 9515 9516 9426 9434 9524 9525 9435
8003 5 2 1 1 9426 9516 9517 9427 9435 9525 9526 9436
8004 5 2 1 1 9427 9517 9518 9428 9436 9526 9527 9437
8005 5 2 1 1 9428 9518 9519 9429 9437 9527 9528 9438
8006 5 2 1 1 9429 9519 9520 9430 9438 9528 9529 9439
8007 5 2 1 1 9430 9520 9521 9431 9439 9529 9530 9440
8008 5 2 1 1 9431 9521 9522 9432 9440 9530 9531 9441
8009 5 2 1 1 9433 9523 9524 9434 9442 9532 9533 9443
8010 5 2 1 1 9434 9524 9525 9435 9443 9533 9534 9444
8011 5 2 1 1 9435 9525 9526 9436 9444 9534 9535 9445
8012 5 2 1 1 9436 9526 9527 9437 9445 9535 9536 9446
8013 5 2 1 1 9437 9527 9528 9438 9446 9536 9537 9447
8014 5 2 1 1 9438 9528 9529 9439 9447 9537 9538 9448
8015 5 2 1 1 9439 9529 9530 9440 9448 9538 9539 9449
8016 5 2 1 1 9440 9530 9531 9441 9449 9539 9540 9450
8017 5 2 1 1 9442 9532 9533 9443 9451 9541 9542 9452
8018 5 2 1 1 9443 9533 9534 9444 9452 9542 9543 9453
8019 5 2 1 1 9444 9534 9535 9445 9453 9543 9544 9454
8020 5 2 1 1 9445 9535 9536 9446 9454 9544 9545 9455
8021 5 2 1 1 9446 9536 9537 9447 9455 9545 9546 9456
8022 5 2 1 1 9447 9537 9538 9448 9456 9546 9547 9457
8023 5 2 1 1 9448 9538 9539 9449 9457 9547 9548 9458
8024 5 2 1 1 9449 9539 9540 9450 9458 9548 9549 9459
8025 5 2 1 1 9451 9541 9542 9452 9460 9550 9551 9461
8026 5 2 1 1 9452 9542 9543 9453 9461 9551 9552 9462
8027 5 2 1 1 9453 9543 9544 9454 9462 9552 9553 9463
8028 5 2 1 1 9454 9544 9545 9455 9463 9553 9554 9464
8029 5 2 1 1 9455 9545 9546 9456 9464 9554 9555 9465
8030 5 2 1 1 9456 9546 9547 9457 9465 9555 9556 9466
8031 5 2 1 1 9457 9547 9548 9458 9466 9556 9557 9467
8032 5 2 1 1 9458 9548 9549 9459 9467 9557 9558 9468
8033 5 2 1 1 9460 9550 9551 9461 9469 9559 9560 9470
8034 5 2 1 1 9461 9551 9552 9462 9470 9560 9561 9471
8035 5 2 1 1 9462 9552 9553 9463 9471 9561 9562 9472
8036 5 2 1 1 9463 9553 9554 9464 9472 9562 9563 9473
8037 5 2 1 1 9464 9554 9555 9465 9473 9563 9564 9474
8038 5 2 1 1 9465 9555 9556 9466 9474 9564 9565 9475
8039 5 2 1 1 9466 9556 9557 9467 9475 9565 9566 9476
8040 5 2 1 1 9467 9557 9558 9468 9476 9566 9567 9477
8041 6 2 1 1 9478 9479 9568 9480 9481 9569
8042 6 2 1 1 9480 9481 9569 9482 9483 9570
8043 6 2 1 1 9482 9483 9570 9484 9485 9571
8044 6 2 1 1 9484 9485 9571 9486 9487 9572
8045 6 2 1 1 9486 9487 9572 9488 9489 9573
8046 6 2 1 1 9488 9489 9573 9490 9491 9574
8047 6 2 1 1 9490 9491 9574 9492 9493 9575
8048 6 2 1 1 9492 9493 9575 9494 9495 9576
8049 5 2 1 1 9479 9568 9569 9481 9496 9577 9578 9497
8050 5 2 1 1 9481 9569 9570 9483 9497 9578 9579 9498
8051 5 2 1 1 9483 9570 9571 9485 9498 9579 9580 9499
8052 5 2 1 1 9485 9571 9572 9487 9499 9580 9581 9500
8053 5 2 1 1 9487 9572 9573 9489 9500 9581 9582 9501
8054 5 2 1 1 9489 9573 9574 9491 9501 9582 9583 9502
8055 5 2 1 1 9491 9574 9575 9493 9502 9583 9584 9503
8056 5 2 1 1 9493 9575 9576 9495 9503 9584 9585 9504
8057 5 2 1 1 9496 9577 9578 9497 9505 9586 9587 9506
8058 5 2 1 1 9497 9578 9579 9498 9506 9587 9588 9507
8059 5 2 1 1 9498 9579 9580 9499 9507 9588 9589 9508
8060 5 2 1 1 9499 9580 9581 9500 9508 9589 9590 9509
8061 5 2 1 1 9500 9581 9582 9501 9509 9590 9591 9510
8062 5 2 1 1 9501 9582 9583 9502 9510 9591 9592 9511
8063 5 2 1 1 9502 9583 9584 9503 9511 9592 9593 9512
8064 5 2 1 1 9503 9584 9585 9504 9512 9593 9594 9513
8065 5 2 1 1 9505 9586 9587 9506 9514 9595 9596 9515
8066 5 2 1 1 9506 9587 9588 9507 9515 9596 9597 9516
8067 5 2 1 1 9507 9588 9589 9508 9516 9597 9598 9517
8068 5 2 1 1 9508 9589 9590 9509 9517 9598 9599 9518
8069 5 2 1 1 9509 9590 9591 9510 9518 9599 9600 9519
8070 5 2 1 1 9510 9591 9592 9511 9519 9600 9601 9520
8071 5 2 1 1 9511 9592 9593 9512 9520 9601 9602 9521
8072 5 2 1 1 9512 9593 9594 9513 9521 9602 9603 9522
8073 5 2 1 1 9514 9595 9596 9515 9523 9604 9605 9524
8074 5 2 1 1 9515 9596 9597 9516 9524 9605 9606 9525
8075 5 2 1 1 9516 9597 9598 9517 9525 9606 9607 9526
8076 5 2 1 1 9517 9598 9599 9518 9526 9607 9608 9527
8077 5 2 1 1 9518 9599 9600 9519 9527 9608 9609 9528
8078 5 2 1 1 9519 9600 9601 9520 9528 9609 9610 9529
8079 5 2 1 1 9520 9601 9602 9521 9529 9610 9611 9530
8080 5 2 1 1 9521 9602 9603 9522 9530 9611 9612 9531
8081 5 2 1 1 9523 9604 9605 9524 9532 9613 9614 9533
8082 5 2 1 1 9524 9605 9606 9525 9533 9614 9615 9534
8083 5 2 1 1 9525 9606 9607 9526 9534 9615 9616 9535
8084 5 2 1 1 9526 9607 9608 9527 9535 9616 9617 9536
8085 5 2 1 1 9527 9608 9609 9528 9536 9617 9618 9537
8086 5 2 1 1 9528 9609 9610 9529 9537 9618 9619 9538
8087 5 2 1 1 9529 9610 9611 9530 9538 9619 9620 9539
8088 5 2 1 1 9530 9611 9612 9531 9539 9620 9621 9540
8089 5 2 1 1 9532 9613 9614 9533 9541 9622 9623 9542
8090 5 2 1 1 9533 9614 9615 9534 9542 9623 9624 9543
8091 5 2 1 1 9534 9615 9616 9535 9543 9624 9625 9544
8092 5 2 1 1 9535 9616 9617 9536 9544 9625 9626 9545
8093 5 2 1 1 9536 9617 9618 9537 9545 9626 9627 9546
8094 5 2 1 1 9537 9618 9619 9538 9546 9627 9628 9547
8095 5 2 1 1 9538 9619 9620 9539 9547 9628 9629 9548
8096 5 2 1 1 9539 9620 9621 9540 9548 9629 9630 9549
8097 5 2 1 1 9541 9622 9623 9542 9550 9631 9632 9551
8098 5 2 1 1 9542 9623 9624 9543 9551 9632 9633 9552
8099 5 2 1 1 9543 9624 9625 9544 9552 9633 9634 9553
8100 5 2 1 1 9544 9625 9626 9545 9553 9634 9635 9554
8101 5 2 1 1 9545 9626 9627 9546 9554 9635 9636 9555
8102 5 2 1 1 9546 9627 9628 9547 9555 9636 9637 9556
8103 5 2 1 1 9547 9628 9629 9548 9556 9637 9638 9557
8104 5 2 1 1 9548 9629 9630 9549 9557 9638 9639 9558
8105 5 2 1 1 9550 9631 9632 9551 9559 9640 9641 9560
8106 5 2 1 1 9551 9632 9633 9552 9560 9641 9642 9561
8107 5 2 1 1 9552 9633 9634 9553 9561 9642 9643 9562
8108 5 2 1 1 9553 9634 9635 9554 9562 9643 9644 9563
8109 5 2 1 1 9554 9635 9636 9555 9563 9644 9645 9564
8110 5 2 1 1 9555 9636 9637 9556 9564 9645 9646 9565
8111 5 2 1 1 9556 9637 9638 9557 9565 9646 9647 9566
8112 5 2 1 1 9557 9638 9639 9558 9566 9647 9648 9567
8113 5 2 1 1 9568 9649 9651 9569 9577 9650 9652 9578
8114 5 2 1 1 9569 9651 9653 9570 9578 9652 9654 9579
8115 5 2 1 1 9570 9653 9655 9571 9579 9654 9656 9580
8116 5 2 1 1 9571 9655 9657 9572 9580 9656 9658 9581
8117 5 2 1 1 9572 9657 9659 9573 9581 9658 9660 9582
8118 5 2 1 1 9573 9659 9661 9574 9582 9660 9662 9583
8119 5 2 1 1 9574 9661 9663 9575 9583 9662 9664 9584
8120 5 2 1 1 9575 9663 9665 9576 9584 9664 9666 9585
8121 5 2 1 1 9577 9650 9652 9578 9586 9667 9668 9587
8122 5 2 1 1 9578 9652 9654 9579 9587 9668 9669 9588
8123 5 2 1 1 9579 9654 9656 9580 9588 9669 9670 9589
8124 5 2 1 1 9580 9656 9658 9581 9589 9670 9671 9590
8125 5 2 1 1 9581 9658 9660 9582 9590 9671 9672 9591
8126 5 2 1 1 9582 9660 9662 9583 9591 9672 9673 9592
8127 5 2 1 1 9583 9662 9664 9584 9592 9673 9674 9593
8128 5 2 1 1 9584 9664 9666 9585 9593 9674 9675 9594
8129 5 2 1 1 9586 9667 9668 9587 9595 9676 9677 9596
8130 5 2 1 1 9587 9668 9669 9588 9596 9677 9678 9597
8131 5 2 1 1 9588 9669 9670 9589 9597 9678 9679 9598
8132 5 2 1 1 9589 9670 9671 9590 9598 9679 9680 9599
8133 5 2 1 1 9590 9671 9672 9591 9599 9680 9681 9600
8134 5 2 1 1 9591 9672 9673 9592 9600 9681 9682 9601
8135 5 2 1 1 9592 9673 9674 9593 9601 9682 9683 9602
8136 5 2 1 1 9593 9674 9675 9594 9602 9683 9684 9603
8137 5 2 1 1 9595 9676 9677 9596 9604 9685 9686 9605
8138 5 2 1 1 9596 9677 9678 9597 9605 9686 9687 9606
8139 5 2 1 1 9597 9678 9679 9598 9606 9687 9688 9607
8140 5 2 1 1 9598 9679 9680 9599 9607 9688 9689 9608
8141 5 2 1 1 9599 9680 9681 9600 9608 9689 9690 9609
8142 5 2 1 1 9600 9681 9682 9601 9609 9690 9691 9610
8143 5 2 1 1 9601 9682 9683 9602 9610 9691 9692 9611
8144 5 2 1 1 9602 9683 9684 9603 9611 9692 9693 9612
8145 5 2 1 1 9604 9685 9686 9605 9613 9694 9695 9614
8146 5 2 1 1 9605 9686 9687 9606 9614 9695 9696 9615
8147 5 2 1 1 9606 9687 9688 9607 9615 9696 9697 9616
8148 5 2 1 1 9607 9688 9689 9608 9616 9697 9698 9617
8149 5 2 1 1 9608 9689 9690 9609 9617 9698 9699 9618
8150 5 2 1 1 9609 9690 9691 9610 9618 9699 9700 9619
8151 5 2 1 1 9610 9691 9692 9611 9619 9700 9701 9620
8152 5 2 1 1 9611 9692 9693 9612 9620 9701 9702 9621
8153 5 2 1 1 9613 9694 9695 9614 9622 9703 9704 9623
8154 5 2 1 1 9614 9695 9696 9615 9623 9704 9705 9624
8155 5 2 1 1 9615 9696 9697 9616 9624 9705 9706 9625
8156 5 2 1 1 9616 9697 9698 9617 9625 9706 9707 9626
8157 5 2 1 1 9617 9698 9699 9618 9626 9707 9708 9627
8158 5 2 1 1 9618 9699 9700 9619 9627 9708 9709 9628
8159 5 2 1 1 9619 9700 9701 9620 9628 9709 9710 9629
8160 5 2 1 1 9620 9701 9702 9621 9629 9710 9711 9630
8161 5 2 1 1 9622 9703 9704 9623 9631 9712 9713 9632
8162 5 2 1 1 9623 9704 9705 9624 9632 9713 9714 9633
8163 5 2 1 1 9624 9705 9706 9625 9633 9714 9715 9634
8164 5 2 1 1 9625 9706 9707 9626 9634 9715 9716 9635
8165 5 2 1 1 9626 9707 9708 9627 9635 9716 9717 9636
8166 5 2 1 1 9627 9708 9709 9628 9636 9717 9718 9637
8167 5 2 1 1 9628 9709 9710 9629 9637 9718 9719 9638
8168 5 2 1 1 9629 9710 9711 9630 9638 9719 9720 9639
8169 5 2 1 1 9631 9712 9713 9632 9640 9721 9722 9641
8170 5 2 1 1 9632 9713 9714 9633 9641 9722 9723 9642
8171 5 2 1 1 9633 9714 9715 9634 9642 9723 9724 9643
8172 5 2 1 1 9634 9715 9716 9635 9643 9724 9725 9644
8173 5 2 1 1 9635 9716 9717 9636 9644 9725 9726 9645
8174 5 2 1 1 9636 9717 9718 9637 9645 9726 9727 9646
8175 5 2 1 1 9637 9718 9719 9638 9646 9727 9728 9647
8176 5 2 1 1 9638 9719 9720 9639 9647 9728 9729 9648
8177 6 2 1 1 9649 9650 9730 9651 9652 9731
8178 6 2 1 1 9651 9652 9731 9653 9654 9732
8179 6 2 1 1 9653 9654 9732 9655 9656 9733
8180 6 2 1 1 9655 9656 9733 9657 9658 9734
8181 6 2 1 1 9657 9658 9734 9659 9660 9735
8182 6 2 1 1 9659 9660 9735 9661 9662 9736
8183 6 2 1 1 9661 9662 9736 9663 9664 9737
8184 6 2 1 1 9663 9664 9737 9665 9666 9738
8185 5 2 1 1 9650 9730 9731 9652 9667 9739 9740 9668
8186 5 2 1 1 9652 9731 9732 9654 9668 9740 9741 9669
8187 5 2 1 1 9654 9732 9733 9656 9669 9741 9742 9670
8188 5 2 1 1 9656 9733 9734 9658 9670 9742 9743 9671
8189 5 2 1 1 9658 9734 9735 9660 9671 9743 9744 9672
8190 5 2 1 1 9660 9735 9736 9662 9672 9744 9745 9673
8191 5 2 1 1 9662 9736 9737 9664 9673 9745 9746 9674
8192 5 2 1 1 9664 9737 9738 9666 9674 9746 9747 9675
8193 5 2 1 1 9667 9739 9740 9668 9676 9748 9749 9677
8194 5 2 1 1 9668 9740 9741 9669 9677 9749 9750 9678
8195 5 2 1 1 9669 9741 9742 9670 9678 9750 9751 9679
8196 5 2 1 1 9670 9742 9743 9671 9679 9751 9752 9680
8197 5 2 1 1 9671 9743 9744 9672 9680 9752 9753 9681
8198 5 2 1 1 9672 9744 9745 9673 9681 9753 9754 9682
8199 5 2 1 1 9673 9745 9746 9674 9682 9754 9755 9683
8200 5 2 1 1 9674 9746 9747 9675 9683 9755 9756 9684
8201 5 2 1 1 9676 9748 9749 9677 9685 9757 9758 9686
8202 5 2 1 1 9677 9749 9750 9678 9686 9758 9759 9687
8203 5 2 1 1 9678 9750 9751 9679 9687 9759 9760 9688
8204 5 2 1 1 9679 9751 9752 9680 9688 9760 9761 9689
8205 5 2 1 1 9680 9752 9753 9681 9689 9761 9762 9690
8206 5 2 1 1 9681 9753 9754 9682 9690 9762 9763 9691
8207 5 2 1 1 9682 9754 9755 9683 9691 9763 9764 9692
8208 5 2 1 1 9683 9755 9756 9684 9692 9764 9765 9693
8209 5 2 1 1 9685 9757 9758 9686 9694 9766 9767 9695
8210 5 2 1 1 9686 9758 9759 9687 9695 9767 9768 9696
8211 5 2 1 1 9687 9759 9760 9688 9696 9768 9769 9697
8212 5 2 1 1 9688 9760 9761 9689 9697 9769 9770 9698
8213 5 2 1 1 9689 9761 9762 9690 9698 9770 9771 9699
8214 5 2 1 1 9690 9762 9763 9691 9699 9771 9772 9700
8215 5 2 1 1 9691 9763 9764 9692 9700 9772 9773 9701
8216 5 2 1 1 9692 9764 9765 9693 9701 9773 9774 9702
8217 5 2 1 1 9694 9766 9767 9695 9703 9775 9776 9704
8218 5 2 1 1 9695 9767 9768 9696 9704 9776 9777 9705
8219 5 2 1 1 9696 9768 9769 9697 9705 9777 9778 9706
8220 5 2 1 1 9697 9769 9770 9698 9706 9778 9779 9707
8221 5 2 1 1 9698 9770 9771 9699 9707 9779 9780 9708
8222 5 2 1 1 9699 9771 9772 9700 9708 9780 9781 9709
8223 5 2 1 1 9700 9772 9773 9701 9709 9781 9782 9710
8224 5 2 1 1 9701 9773 9774 9702 9710 9782 9783 9711
8225 5 2 1 1 9703 9775 9776 9704 9712 9784 9785 9713
8226 5 2 1 1 9704 9776 9777 9705 9713 9785 9786 9714
8227 5 2 1 1 9705 9777 9778 9706 9714 9786 9787 9715
8228 5 2 1 1 9706 9778 9779 9707 9715 9787 9788 9716
8229 5 2 1 1 9707 9779 9780 9708 9716 9788 9789 9717
8230 5 2 1 1 9708 9780 9781 9709 9717 9789 9790 9718
8231 5 2 1 1 9709 9781 9782 9710 9718 9790 9791 9719
8232 5 2 1 1 9710 9782 9783 9711 9719 9791 9792 9720
8233 5 2 1 1 9712 9784 9785 9713 9721 9793 9794 9722
8234 5 2 1 1 9713 9785 9786 9714 9722 9794 9795 9723
8235 5 2 1 1 9714 9786 9787 9715 9723 9795 9796 9724
8236 5 2 1 1 9715 9787 9788 9716 9724 9796 9797 9725
8237 5 2 1 1 9716 9788 9789 9717 9725 9797 9798 9726
8238 5 2 1 1 9717 9789 9790 9718 9726 9798 9799 9727
8239 5 2 1 1 9718 9790 9791 9719 9727 9799 9800 9728
8240 5 2 1 1 9719 9791 9792 9720 9728 9800 9801 9729
8241 5 2 1 1 9730 9802 9804 9731 9739 9803 9805 9740
8242 5 2 1 1 9731 9804 9806 9732 9740 9805 9807 9741
8243 5 2 1 1 9732 9806 9808 9733 9741 9807 9809 9742
8244 5 2 1 1 9733 9808 9810 9734 9742 9809 9811 9743
8245 5 2 1 1 9734 9810 9812 9735 9743 9811 9813 9744
8246 5 2 1 1 9735 9812 9814 9736 9744 9813 9815 9745
8247 5 2 1 1 9736 9814 9816 9737 9745 9815 9817 9746
8248 5 2 1 1 9737 9816 9818 9738 9746 9817 9819 9747
8249 5 2 1 1 9739 9803 9805 9740 9748 9820 9821 9749
8250 5 2 1 1 9740 9805 9807 9741 9749 9821 9822 9750
8251 5 2 1 1 9741 9807 9809 9742 9750 9822 9823 9751
8252 5 2 1 1 9742 9809 9811 9743 9751 9823 9824 9752
8253 5 2 1 1 9743 9811 9813 9744 9752 9824 9825 9753
8254 5 2 1 1 9744 9813 9815 9745 9753 9825 9826 9754
8255 5 2 1 1 9745 9815 9817 9746 9754 9826 9827 9755
8256 5 2 1 1 9746 9817 9819 9747 9755 9827 9828 9756
8257 5 2 1 1 9748 9820 9821 9749 9757 9829 9830 9758
8258 5 2 1 1 9749 9821 9822 9750 9758 9830 9831 9759
8259 5 2 1 1 9750 9822 9823 9751 9759 9831 9832 9760
8260 5 2 1 1 9751 9823 9824 9752 9760 9832 9833 9761
8261 5 2 1 1 9752 9824 9825 9753 9761 9833 9834 9762
8262 5 2 1 1 9753 9825 9826 9754 9762 9834 9835 9763
8263 5 2 1 1 9754 9826 9827 9755 9763 9835 9836 9764
8264 5 2 1 1 9755 9827 9828 9756 9764 9836 9837 9765
8265 5 2 1 1 9757 9829 9830 9758 9766 9838 9839 9767
8266 5 2 1 1 9758 9830 9831 9759 9767 9839 9840 9768
8267 5 2 1 1 9759 9831 9832 9760 9768 9840 9841 9769
8268 5 2 1 1 9760 9832 9833 9761 9769 9841 9842 9770
8269 5 2 1 1 9761 9833 9834 9762 9770 9842 9843 9771
8270 5 2 1 1 9762 9834 9835 9763 9771 9843 9844 9772
8271 5 2 1 1 9763 9835 9836 9764 9772 9844 9845 9773
8272 5 2 1 1 9764 9836 9837 9765 9773 9845 9846 9774
8273 5 2 1 1 9766 9838 9839 9767 9775 9847 9848 9776
8274 5 2 1 1 9767 9839 9840 9768 9776 9848 9849 9777
8275 5 2 1 1 9768 9840 9841 9769 9777 9849 9850 9778
8276 5 2 1 1 9769 9841 9842 9770 9778 9850 9851 9779
8277 5 2 1 1 9770 9842 9843 9771 9779 9851 9852 9780
8278 5 2 1 1 9771 9843 9844 9772 9780 9852 9853 9781
8279 5 2 1 1 9772 9844 9845 9773 9781 9853 9854 9782
8280 5 2 1 1 9773 9845 9846 9774 9782 9854 9855 9783
8281 5 2 1 1 9775 9847 9848 9776 9784 9856 9857 9785
8282 5 2 1 1 9776 9848 9849 9777 9785 9857 9858 9786
8283 5 2 1 1 9777 9849 9850 9778 9786 9858 9859 9787
8284 5 2 1 1 9778 9850 9851 9779 9787 9859 9860 9788
8285 5 2 1 1 9779 9851 9852 9780 9788 9860 9861 9789
8286 5 2 1 1 9780 9852 9853 9781 9789 9861 9862 9790
8287 5 2 1 1 9781 9853 9854 9782 9790 9862 9863 9791
8288 5 2 1 1 9782 9854 9855 9783 9791 9863 9864 9792
8289 5 2 1 1 9784 9856 9857 9785 9793 9865 9866 9794
8290 5 2 1 1 9785 9857 9858 9786 9794 9866 9867 9795
8291 5 2 1 1 9786 9858 9859 9787 9795 9867 9868 9796
8292 5 2 1 1 9787 9859 9860 9788 9796 9868 9869 9797
8293 5 2 1 1 9788 9860 9861 9789 9797 9869 9870 9798
8294 5 2 1 1 9789 9861 9862 9790 9798 9870 9871 9799
8295 5 2 1 1 9790 9862 9863 9791 9799 9871 9872 9800
8296 5 2 1 1 9791 9863 9864 9792 9800 9872 9873 9801
8297 6 2 1 1 9802 9803 9874 9804 9805 9875
8298 6 2 1 1 9804 9805 9875 9806 9807 9876
8299 6 2 1 1 9806 9807 9876 9808 9809 9877
8300 6 2 1 1 9808 9809 9877 9810 9811 9878
8301 6 2 1 1 9810 9811 9878 9812 9813 9879
8302 6 2 1 1 9812 9813 9879 9814 9815 9880
8303 6 2 1 1 9814 9815 9880 9816 9817 9881
8304 6 2 1 1 9816 9817 9881 9818 9819 9882
8305 5 2 1 1 9803 9874 9875 9805 9820 9883 9884 9821
8306 5 2 1 1 9805 9875 9876 9807 9821 9884 9885 9822
8307 5 2 1 1 9807 9876 9877 9809 9822 9885 9886 9823
8308 5 2 1 1 9809 9877 9878 9811 9823 9886 9887 9824
8309 5 2 1 1 9811 9878 9879 9813 9824 9887 9888 9825
8310 5 2 1 1 9813 9879 9880 9815 9825 9888 9889 9826
8311 5 2 1 1 9815 9880 9881 9817 9826 9889 9890 9827
8312 5 2 1 1 9817 9881 9882 9819 9827 9890 9891 9828
8313 5 2 1 1 9820 9883 9884 9821 9829 9892 9893 9830
8314 5 2 1 1 9821 9884 9885 9822 9830 9893 9894 9831
8315 5 2 1 1 9822 9885 9886 9823 9831 9894 9895 9832
8316 5 2 1 1 9823 9886 9887 9824 9832 9895 9896 9833
8317 5 2 1 1 9824 9887 9888 9825 9833 9896 9897 9834
8318 5 2 1 1 9825 9888 9889 9826 9834 9897 9898 9835
8319 5 2 1 1 9826 9889 9890 9827 9835 9898 9899 9836
8320 5 2 1 1 9827 9890 9891 9828 9836 9899 9900 9837
8321 5 2 1 1 9829 9892 9893 9830 9838 9901 9902 9839
8322 5 2 1 1 9830 9893 9894 9831 9839 9902 9903 9840
8323 5 2 1 1 9831 9894 9895 9832 9840 9903 9904 9841
8324 5 2 1 1 9832 9895 9896 9833 9841 9904 9905 9842
8325 5 2 1 1 9833 9896 9897 9834 9842 9905 9906 9843
8326 5 2 1 1 9834 9897 9898 9835 9843 9906 9907 9844
8327 5 2 1 1 9835 9898 9899 9836 9844 9907 9908 9845
8328 5 2 1 1 9836 9899 9900 9837 9845 9908 9909 9846
8329 5 2 1 1 9838 9901 9902 9839 9847 9910 9911 9848
8330 5 2 1 1 9839 9902 9903 9840 9848 9911 9912 9849
8331 5 2 1 1 9840 9903 9904 9841 9849 9912 9913 9850
8332 5 2 1 1 9841 9904 9905 9842 9850 9913 9914 9851
8333 5 2 1 1 9842 9905 9906 9843 9851 9914 9915 9852
8334 5 2 1 1 9843 9906 9907 9844 9852 9915 9916 9853
8335 5 2 1 1 9844 9907 9908 9845 9853 9916 9917 9854
8336 5 2 1 1 9845 9908 9909 9846 9854 9917 9918 9855
8337 5 2 1 1 9847 9910 9911 9848 9856 9919 9920 9857
8338 5 2 1 1 9848 9911 9912 9849 9857 9920 9921 9858
8339 5 2 1 1 9849 9912 9913 9850 9858 9921 9922 9859
8340 5 2 1 1 9850 9913 9914 9851 9859 9922 9923 9860
8341 5 2 1 1 9851 9914 9915 9852 9860 9923 9924 9861
8342 5 2 1 1 9852 9915 9916 9853 9861 9924 9925 9862
8343 5 2 1 1 9853 9916 9917 9854 9862 9925 9926 9863
8344 5 2 1 1 9854 9917 9918 9855 9863 9926 9927 9864
8345 5 2 1 1 9856 9919 9920 9857 9865 9928 9929 9866
8346 5 2 1 1 9857 9920 9921 9858 9866 9929 9930 9867
8347 5 2 1 1 9858 9921 9922 9859 9867 9930 9931 9868
8348 5 2 1 1 9859 9922 9923 9860 9868 9931 9932 9869
8349 5 2 1 1 9860 9923 9924 9861 9869 9932 9933 9870
8350 5 2 1 1 9861 9924 9925 9862 9870 9933 9934 9871
8351 5 2 1 1 9862 9925 9926 9863 9871 9934 9935 9872
8352 5 2 1 1 9863 9926 9927 9864 9872 9935 9936 9873
8353 5 2 1 1 9874 9937 9939 9875 9883 9938 9940 9884
8354 5 2 1 1 9875 9939 9941 9876 9884 9940 9942 9885
8355 5 2 1 1 9876 9941 9943 9877 9885 9942 9944 9886
8356 5 2 1 1 9877 9943 9945 9878 9886 9944 9946 9887
8357 5 2 1 1 9878 9945 9947 9879 9887 9946 9948 9888
8358 5 2 1 1 9879 9947 9949 9880 9888 9948 9950 9889
8359 5 2 1 1 9880 9949 9951 9881 9889 9950 9952 9890
8360 5 2 1 1 9881 9951 9953 9882 9890 9952 9954 9891
8361 5 2 1 1 9883 9938 9940 9884 9892 9955 9956 9893
8362 5 2 1 1 9884 9940 9942 9885 9893 9956 9957 9894
8363 5 2 1 1 9885 9942 9944 9886 9894 9957 9958 9895
8364 5 2 1 1 9886 9944 9946 9887 9895 9958 9959 9896
8365 5 2 1 1 9887 9946 9948 9888 9896 9959 9960 9897
8366 5 2 1 1 9888 9948 9950 9889 9897 9960 9961 9898
8367 5 2 1 1 9889 9950 9952 9890 9898 9961 9962 9899
8368 5 2 1 1 9890 9952 9954 9891 9899 9962 9963 9900
8369 5 2 1 1 9892 9955 9956 9893 9901 9964 9965 9902
8370 5 2 1 1 9893 9956 9957 9894 9902 9965 9966 9903
8371 5 2 1 1 9894 9957 9958 9895 9903 9966 9967 9904
8372 5 2 1 1 9895 9958 9959 9896 9904 9967 9968 9905
8373 5 2 1 1 9896 9959 9960 9897 9905 9968 9969 9906
8374 5 2 1 1 9897 9960 9961 9898 9906 9969 9970 9907
8375 5 2 1 1 9898 9961 9962 9899 9907 9970 9971 9908
8376 5 2 1 1 9899 9962 9963 9900 9908 9971 9972 9909
8377 5 2 1 1 9901 9964 9965 9902 9910 9973 9974 9911
8378 5 2 1 1 9902 9965 9966 9903 9911 9974 9975 9912
8379 5 2 1 1 9903 9966 9967 9904 9912 9975 9976 9913
8380 5 2 1 1 9904 9967 9968 9905 9913 9976 9977 9914
8381 5 2 1 1 9905 9968 9969 9906 9914 9977 9978 9915
8382 5 2 1 1 9906 9969 9970 9907 9915 9978 9979 9916
8383 5 2 1 1 9907 9970 9971 9908 9916 9979 9980 9917
8384 5 2 1 1 9908 9971 9972 9909 9917 9980 9981 9918
8385 5 2 1 1 9910 9973 9974 9911 9919 9982 9983 9920
8386 5 2 1 1 9911 9974 9975 9912 9920 9983 9984 9921
8387 5 2 1 1 9912 9975 9976 9913 9921 9984 9985 9922
8388 5 2 1 1 9913 9976 9977 9914 9922 9985 9986 9923
8389 5 2 1 1 9914 9977 9978 9915 9923 9986 9987 9924
8390 5 2 1 1 9915 9978 9979 9916 9924 9987 9988 9925
8391 5 2 1 1 9916 9979 9980 9917 9925 9988 9989 9926
8392 5 2 1 1 9917 9980 9981 9918 9926 9989 9990 9927
8393 5 2 1 1 9919 9982 9983 9920 9928 9991 9992 9929
8394 5 2 1 1 9920 9983 9984 9921 9929 9992 9993 9930
8395 5 2 1 1 9921 9984 9985 9922 9930 9993 9994 9931
8396 5 2 1 1 9922 9985 9986 9923 9931 9994 9995 9932
8397 5 2 1 1 9923 9986 9987 9924 9932 9995 9996 9933
8398 5 2 1 1 9924 9987 9988 9925 9933 9996 9997 9934
8399 5 2 1 1 9925 9988 9989 9926 9934 9997 9998 9935
8400 5 2 1 1 9926 9989 9990 9927 9935 9998 9999 9936
8401 6 2 1 1 9937 9938 10000 9939 9940 10001
8402 6 2 1 1 9939 9940 10001 9941 9942 10002
8403 6 2 1 1 9941 9942 10002 9943 9944 10003
8404 6 2 1 1 9943 9944 10003 9945 9946 10004
8405 6 2 1 1 9945 9946 10004 9947 9948 10005
8406 6 2 1 1 9947 9948 10005 9949 9950 10006
8407 6 2 1 1 9949 9950 10006 9951 9952 10007
8408 6 2 1 1 9951 9952 10007 9953 9954 10008
8409 5 2 1 1 9938 10000 10001 9940 9955 10009 10010 9956
8410 5 2 1 1 9940 10001 10002 9942 9956 10010 10011 9957
8411 5 2 1 1 9942 10002 10003 9944 9957 10011 10012 9958
8412 5 2 1 1 9944 10003 10004 9946 9958 10012 10013 9959
8413 5 2 1 1 9946 10004 10005 9948 9959 10013 10014 9960
8414 5 2 1 1 9948 10005 10006 9950 9960 10014 10015 9961
8415 5 2 1 1 9950 10006 10007 9952 9961 10015 10016 9962
8416 5 2 1 1 9952 10007 10008 9954 9962 10016 10017 9963
8417 5 2 1 1 9955 10009 10010 9956 9964 10018 10019 9965
8418 5 2 1 1 9956 10010 10011 9957 9965 10019 10020 9966
8419 5 2 1 1 9957 10011 10012 9958 9966 10020 10021 9967
8420 5 2 1 1 9958 10012 10013 9959 9967 10021 10022 9968
8421 5 2 1 1 9959 10013 10014 9960 9968 10022 10023 9969
8422 5 2 1 1 9960 10014 10015 9961 9969 10023 10024 9970
8423 5 2 1 1 9961 10015 10016 9962 9970 10024 10025 9971
8424 5 2 1 1 9962 10016 10017 9963 9971 10025 10026 9972
8425 5 2 1 1 9964 10018 10019 9965 9973 10027 10028 9974
8426 5 2 1 1 9965 10019 10020 9966 9974 10028 10029 9975
8427 5 2 1 1 9966 10020 10021 9967 9975 10029 10030 9976
8428 5 2 1 1 9967 10021 10022 9968 9976 10030 10031 9977
8429 5 2 1 1 9968 10022 10023 9969 9977 10031 10032 9978
8430 5 2 1 1 9969 10023 10024 9970 9978 10032 10033 9979
8431 5 2 1 1 9970 10024 10025 9971 9979 10033 10034 9980
8432 5 2 1 1 9971 10025 10026 9972 9980 10034 10035 9981
8433 5 2 1 1 9973 10027 10028 9974 9982 10036 10037 9983
8434 5 2 1 1 9974 10028 10029 9975 9983 10037 10038 9984
8435 5 2 1 1 9975 10029 10030 9976 9984 10038 10039 9985
8436 5 2 1 1 9976 10030 10031 9977 9985 10039 10040 9986
8437 5 2 1 1 9977 10031 10032 9978 9986 10040 10041 9987
8438 5 2 1 1 9978 10032 10033 9979 9987 10041 10042 9988
8439 5 2 1 1 9979 10033 10034 9980 9988 10042 10043 9989
8440 5 2 1 1 9980 10034 10035 9981 9989 10043 10044 9990
8441 5 2 1 1 9982 10036 10037 9983 9991 10045 10046 9992
8442 5 2 1 1 9983 10037 10038 9984 9992 10046 10047 9993
8443 5 2 1 1 9984 10038 10039 9985 9993 10047 10048 9994
8444 5 2 1 1 9985 10039 10040 9986 9994 10048 10049 9995
8445 5 2 1 1 9986 10040 10041 9987 9995 10049 10050 9996
8446 5 2 1 1 9987 10041 10042 9988 9996 10050 10051 9997
8447 5 2 1 1 9988 10042 10043 9989 9997 10051 10052 9998
8448 5 2 1 1 9989 10043 10044 9990 9998 10052 10053 9999
8449 6 2 1 1 10000 10009 10054 10001 10010 10055
8450 6 2 1 1 10001 10010 10055 10002 10011 10056
8451 6 2 1 1 10002 10011 10056 10003 10012 10057
8452 6 2 1 1 10003 10012 10057 10004 10013 10058
8453 6 2 1 1 10004 10013 10058 10005 10014 10059
8454 6 2 1 1 10005 10014 10059 10006 10015 10060
8455 6 2 1 1 10006 10015 10060 10007 10016 10061
8456 6 2 1 1 10007 10016 10061 10008 10017 10062
8457 5 2 1 1 10009 10054 10055 10010 10018 10063 10064 10019
8458 5 2 1 1 10010 10055 10056 10011 10019 10064 10065 10020
8459 5 2 1 1 10011 10056 10057 10012 10020 10065 10066 10021
8460 5 2 1 1 10012 10057 10058 10013 10021 10066 10067 10022
8461 5 2 1 1 10013 10058 10059 10014 10022 10067 10068 10023
8462 5 2 1 1 10014 10059 10060 10015 10023 10068 10069 10024
8463 5 2 1 1 10015 10060 10061 10016 10024 10069 10070 10025
8464 5 2 1 1 10016 10061 10062 10017 10025 10070 10071 10026
8465 5 2 1 1 10018 10063 10064 10019 10027 10072 10073 10028
8466 5 2 1 1 10019 10064 10065 10020 10028 10073 10074 10029
8467 5 2 1 1 10020 10065 10066 10021 10029 10074 10075 10030
8468 5 2 1 1 10021 10066 10067 10022 10030 10075 10076 10031
8469 5 2 1 1 10022 10067 10068 10023 10031 10076 10077 10032
8470 5 2 1 1 10023 10068 10069 10024 10032 10077 10078 10033
8471 5 2 1 1 10024 10069 10070 10025 10033 10078 10079 10034
8472 5 2 1 1 10025 10070 10071 10026 10034 10079 10080 10035
8473 5 2 1 1 10027 10072 10073 10028 10036 10081 10082 10037
8474 5 2 1 1 10028 10073 10074 10029 10037 10082 10083 10038
8475 5 2 1 1 10029 10074 10075 10030 10038 10083 10084 10039
8476 5 2 1 1 10030 10075 10076 10031 10039 10084 10085 10040
8477 5 2 1 1 10031 10076 10077 10032 10040 10085 10086 10041
8478 5 2 1 1 10032 10077 10078 10033 10041 10086 10087 10042
8479 5 2 1 1 10033 10078 10079 10034 10042 10087 10088 10043
8480 5 2 1 1 10034 10079 10080 10035 10043 10088 10089 10044
8481 5 2 1 1 10036 10081 10082 10037 10045 10090 10091 10046
8482 5 2 1 1 10037 10082 10083 10038 10046 10091 10092 10047
8483 5 2 1 1 10038 10083 10084 10039 10047 10092 10093 10048
8484 5 2 1 1 10039 10084 10085 10040 10048 10093 10094 10049
8485 5 2 1 1 10040 10085 10086 10041 10049 10094 10095 10050
8486 5 2 1 1 10041 10086 10087 10042 10050 10095 10096 10051
8487 5 2 1 1 10042 10087 10088 10043 10051 10096 10097 10052
8488 5 2 1 1 10043 10088 10089 10044 10052 10097 10098 10053
8489 5 2 1 1 10054 10099 10101 10055 10063 10100 10102 10064
8490 5 2 1 1 10055 10101 10103 10056 10064 10102 10104 10065
8491 5 2 1 1 10056 10103 10105 10057 10065 10104 10106 10066
8492 5 2 1 1 10057 10105 10107 10058 10066 10106 10108 10067
8493 5 2 1 1 10058 10107 10109 10059 10067 10108 10110 10068
8494 5 2 1 1 10059 10109 10111 10060 10068 10110 10112 10069
8495 5 2 1 1 10060 10111 10113 10061 10069 10112 10114 10070
8496 5 2 1 1 10061 10113 10115 10062 10070 10114 10116 10071
8497 5 2 1 1 10063 10100 10102 10064 10072 10117 10118 10073
8498 5 2 1 1 10064 10102 10104 10065 10073 10118 10119 10074
8499 5 2 1 1 10065 10104 10106 10066 10074 10119 10120 10075
8500 5 2 1 1 10066 10106 10108 10067 10075 10120 10121 10076
8501 5 2 1 1 10067 10108 10110 10068 10076 10121 10122 10077
8502 5 2 1 1 10068 10110 10112 10069 10077 10122 10123 10078
8503 5 2 1 1 10069 10112 10114 10070 10078 10123 10124 10079
8504 5 2 1 1 10070 10114 10116 10071 10079 10124 10125 10080
8505 5 2 1 1 10072 10117 10118 10073 10081 10126 10127 10082
8506 5 2 1 1 10073 10118 10119 10074 10082 10127 10128 10083
8507 5 2 1 1 10074 10119 10120 10075 10083 10128 10129 10084
8508 5 2 1 1 10075 10120 10121 10076 10084 10129 10130 10085
8509 5 2 1 1 10076 10121 10122 10077 10085 10130 10131 10086
8510 5 2 1 1 10077 10122 10123 10078 10086 10131 10132 10087
8511 5 2 1 1 10078 10123 10124 10079 10087 10132 10133 10088
8512 5 2 1 1 10079 10124 10125 10080 10088 10133 10134 10089
8513 5 2 1 1 10081 10126 10127 10082 10090 10135 10136 10091
8514 5 2 1 1 10082 10127 10128 10083 10091 10136 10137 10092
8515 5 2 1 1 10083 10128 10129 10084 10092 10137 10138 10093
8516 5 2 1 1 10084 10129 10130 10085 10093 10138 10139 10094
8517 5 2 1 1 10085 10130 10131 10086 10094 10139 10140 10095
8518 5 2 1 1 10086 10131 10132 10087 10095 10140 10141 10096
8519 5 2 1 1 10087 10132 10133 10088 10096 10141 10142 10097
8520 5 2 1 1 10088 10133 10134 10089 10097 10142 10143 10098
8521 6 2 1 1 10099 10100 10144 10101 10102 10145
8522 6 2 1 1 10101 10102 10145 10103 10104 10146
8523 6 2 1 1 10103 10104 10146 10105 10106 10147
8524 6 2 1 1 10105 10106 10147 10107 10108 10148
8525 6 2 1 1 10107 10108 10148 10109 10110 10149
8526 6 2 1 1 10109 10110 10149 10111 10112 10150
8527 6 2 1 1 10111 10112 10150 10113 10114 10151
8528 6 2 1 1 10113 10114 10151 10115 10116 10152
8529 5 2 1 1 10100 10144 10145 10102 10117 10153 10154 10118
8530 5 2 1 1 10102 10145 10146 10104 10118 10154 10155 10119
8531 5 2 1 1 10104 10146 10147 10106 10119 10155 10156 10120
8532 5 2 1 1 10106 10147 10148 10108 10120 10156 10157 10121
8533 5 2 1 1 10108 10148 10149 10110 10121 10157 10158 10122
8534 5 2 1 1 10110 10149 10150 10112 10122 10158 10159 10123
8535 5 2 1 1 10112 10150 10151 10114 10123 10159 10160 10124
8536 5 2 1 1 10114 10151 10152 10116 10124 10160 10161 10125
8537 5 2 1 1 10117 10153 10154 10118 10126 10162 10163 10127
8538 5 2 1 1 10118 10154 10155 10119 10127 10163 10164 10128
8539 5 2 1 1 10119 10155 10156 10120 10128 10164 10165 10129
8540 5 2 1 1 10120 10156 10157 10121 10129 10165 10166 10130
8541 5 2 1 1 10121 10157 10158 10122 10130 10166 10167 10131
8542 5 2 1 1 10122 10158 10159 10123 10131 10167 10168 10132
8543 5 2 1 1 10123 10159 10160 10124 10132 10168 10169 10133
8544 5 2 1 1 10124 10160 10161 10125 10133 10169 10170 10134
8545 5 2 1 1 10126 10162 10163 10127 10135 10171 10172 10136
8546 5 2 1 1 10127 10163 10164 10128 10136 10172 10173 10137
8547 5 2 1 1 10128 10164 10165 10129 10137 10173 10174 10138
8548 5 2 1 1 10129 10165 10166 10130 10138 10174 10175 10139
8549 5 2 1 1 10130 10166 10167 10131 10139 10175 10176 10140
8550 5 2 1 1 10131 10167 10168 10132 10140 10176 10177 10141
8551 5 2 1 1 10132 10168 10169 10133 10141 10177 10178 10142
8552 5 2 1 1 10133 10169 10170 10134 10142 10178 10179 10143
8553 5 2 1 1 10144 10180 10182 10145 10153 10181 10183 10154
8554 5 2 1 1 10145 10182 10184 10146 10154 10183 10185 10155
8555 5 2 1 1 10146 10184 10186 10147 10155 10185 10187 10156
8556 5 2 1 1 10147 10186 10188 10148 10156 10187 10189 10157
8557 5 2 1 1 10148 10188 10190 10149 10157 10189 10191 10158
8558 5 2 1 1 10149 10190 10192 10150 10158 10191 10193 10159
8559 5 2 1 1 10150 10192 10194 10151 10159 10193 10195 10160
8560 5 2 1 1 10151 10194 10196 10152 10160 10195 10197 10161
8561 5 2 1 1 10153 10181 10183 10154 10162 10198 10199 10163
8562 5 2 1 1 10154 10183 10185 10155 10163 10199 10200 10164
8563 5 2 1 1 10155 10185 10187 10156 10164 10200 10201 10165
8564 5 2 1 1 10156 10187 10189 10157 10165 10201 10202 10166
8565 5 2 1 1 10157 10189 10191 10158 10166 10202 10203 10167
8566 5 2 1 1 10158 10191 10193 10159 10167 10203 10204 10168
8567 5 2 1 1 10159 10193 10195 10160 10168 10204 10205 10169
8568 5 2 1 1 10160 10195 10197 10161 10169 10205 10206 10170
8569 5 2 1 1 10162 10198 10199 10163 10171 10207 10208 10172
8570 5 2 1 1 10163 10199 10200 10164 10172 10208 10209 10173
8571 5 2 1 1 10164 10200 10201 10165 10173 10209 10210 10174
8572 5 2 1 1 10165 10201 10202 10166 10174 10210 10211 10175
8573 5 2 1 1 10166 10202 10203 10167 10175 10211 10212 10176
8574 5 2 1 1 10167 10203 10204 10168 10176 10212 10213 10177
8575 5 2 1 1 10168 10204 10205 10169 10177 10213 10214 10178
8576 5 2 1 1 10169 10205 10206 10170 10178 10214 10215 10179
8577 6 2 1 1 10180 10181 10216 10182 10183 10217
8578 6 2 1 1 10182 10183 10217 10184 10185 10218
8579 6 2 1 1 10184 10185 10218 10186 10187 10219
8580 6 2 1 1 10186 10187 10219 10188 10189 10220
8581 6 2 1 1 10188 10189 10220 10190 10191 10221
8582 6 2 1 1 10190 10191 10221 10192 10193 10222
8583 6 2 1 1 10192 10193 10222 10194 10195 10223
8584 6 2 1 1 10194 10195 10223 10196 10197 10224
8585 5 2 1 1 10181 10216 10217 10183 10198 10225 10226 10199
8586 5 2 1 1 10183 10217 10218 10185 10199 10226 10227 10200
8587 5 2 1 1 10185 10218 10219 10187 10200 10227 10228 10201
8588 5 2 1 1 10187 10219 10220 10189 10201 10228 10229 10202
8589 5 2 1 1 10189 10220 10221 10191 10202 10229 10230 10203
8590 5 2 1 1 10191 10221 10222 10193 10203 10230 10231 10204
8591 5 2 1 1 10193 10222 10223 10195 10204 10231 10232 10205
8592 5 2 1 1 10195 10223 10224 10197 10205 10232 10233 10206
8593 5 2 1 1 10198 10225 10226 10199 10207 10234 10235 10208
8594 5 2 1 1 10199 10226 10227 10200 10208 10235 10236 10209
8595 5 2 1 1 10200 10227 10228 10201 10209 10236 10237 10210
8596 5 2 1 1 10201 10228 10229 10202 10210 10237 10238 10211
8597 5 2 1 1 10202 10229 10230 10203 10211 10238 10239 10212
8598 5 2 1 1 10203 10230 10231 10204 10212 10239 10240 10213
8599 5 2 1 1 10204 10231 10232 10205 10213 10240 10241 10214
8600 5 2 1 1 10205 10232 10233 10206 10214 10241 10242 10215
8601 5 2 1 1 10216 10243 10245 10217 10225 10244 10246 10226
8602 5 2 1 1 10217 10245 10247 10218 10226 10246 10248 10227
8603 5 2 1 1 10218 10247 10249 10219 10227 10248 10250 10228
8604 5 2 1 1 10219 10249 10251 10220 10228 10250 10252 10229
8605 5 2 1 1 10220 10251 10253 10221 10229 10252 10254 10230
8606 5 2 1 1 10221 10253 10255 10222 10230 10254 10256 10231
8607 5 2 1 1 10222 10255 10257 10223 10231 10256 10258 10232
8608 5 2 1 1 10223 10257 10259 10224 10232 10258 10260 10233
8609 5 2 1 1 10225 10244 10246 10226 10234 10261 10262 10235
8610 5 2 1 1 10226 10246 10248 10227 10235 10262 10263 10236
8611 5 2 1 1 10227 10248 10250 10228 10236 10263 10264 10237
8612 5 2 1 1 10228 10250 10252 10229 10237 10264 10265 10238
8613 5 2 1 1 10229 10252 10254 10230 10238 10265 10266 10239
8614 5 2 1 1 10230 10254 10256 10231 10239 10266 10267 10240
8615 5 2 1 1 10231 10256 10258 10232 10240 10267 10268 10241
8616 5 2 1 1 10232 10258 10260 10233 10241 10268 10269 10242
8617 6 2 1 1 10243 10244 10270 10245 10246 10271
8618 6 2 1 1 10245 10246 10271 10247 10248 10272
8619 6 2 1 1 10247 10248 10272 10249 10250 10273
8620 6 2 1 1 10249 10250 10273 10251 10252 10274
8621 6 2 1 1 10251 10252 10274 10253 10254 10275
8622 6 2 1 1 10253 10254 10275 10255 10256 10276
8623 6 2 1 1 10255 10256 10276 10257 10258 10277
8624 6 2 1 1 10257 10258 10277 10259 10260 10278
8625 5 2 1 1 10244 10270 10271 10246 10261 10279 10280 10262
8626 5 2 1 1 10246 10271 10272 10248 10262 10280 10281 10263
8627 5 2 1 1 10248 10272 10273 10250 10263 10281 10282 10264
8628 5 2 1 1 10250 10273 10274 10252 10264 10282 10283 10265
8629 5 2 1 1 10252 10274 10275 10254 10265 10283 10284 10266
8630 5 2 1 1 10254 10275 10276 10256 10266 10284 10285 10267
8631 5 2 1 1 10256 10276 10277 10258 10267 10285 10286 10268
8632 5 2 1 1 10258 10277 10278 10260 10268 10286 10287 10269
8633 6 2 1 1 10270 10279 10288 10271 10280 10289
8634 6 2 1 1 10271 10280 10289 10272 10281 10290
8635 6 2 1 1 10272 10281 10290 10273 10282 10291
8636 6 2 1 1 10273 10282 10291 10274 10283 10292
8637 6 2 1 1 10274 10283 10292 10275 10284 10293
8638 6 2 1 1 10275 10284 10293 10276 10285 10294
8639 6 2 1 1 10276 10285 10294 10277 10286 10295
8640 6 2 1 1 10277 10286 10295 10278 10287 10296
8641 3 2 1 1 1 2 6 5
8642 3 2 3 3 1 4 3 2
8643 3 2 5 5 5 8 4 1
8644 3 2 1 1 5 6 10 9
8645 3 2 5 5 9 12 8 5
8646 3 2 1 1 9 10 14 13
8647 3 2 5 5 13 16 12 9
8648 3 2 1 1 13 14 18 17
8649 3 2 5 5 17 20 16 13
8650 3 2 1 1 17 18 22 21
8651 3 2 5 5 21 24 20 17
8652 3 2 1 1 21 22 26 25
8653 3 2 5 5 25 28 24 21
8654 3 2 1 1 25 26 30 29
8655 3 2 5 5 29 32 28 25
8656 3 2 1 1 29 30 34 33
8657 3 2 2 2 34 35 36 33
8658 3 2 5 5 33 36 32 29
8659 3 2 3 3 4 38 37 3
8660 3 2 5 5 8 40 38 4
8661 3 2 5 5 12 42 40 8
8662 3 2 5 5 16 44 42 12
8663 3 2 5 5 20 46 44 16
8664 3 2 5 5 24 48 46 20
8665 3 2 5 5 28 50 48 24
8666 3 2 5 5 32 52 50 28
8667 3 2 2 2 35 53 54 36
8668 3 2 5 5 36 54 52 32
8669 3 2 3 3 38 56 55 37
8670 3 2 5 5 40 58 56 38
8671 3 2 5 5 42 60 58 40
8672 3 2 5 5 44 62 60 42
8673 3 2 5 5 46 64 62 44
8674 3 2 5 5 48 66 64 46
8675 3 2 5 5 50 68 66 48
8676 3 2 5 5 52 70 68 50
8677 3 2 2 2 53 71 72 54
8678 3 2 5 5 54 72 70 52
8679 3 2 3 3 56 74 73 55
8680 3 2 5 5 58 76 74 56
8681 3 2 5 5 60 78 76 58
8682 3 2 5 5 62 80 78 60
8683 3 2 5 5 64 82 80 62
8684 3 2 5 5 66 84 82 64
8685 3 2 5 5 68 86 84 66
8686 3 2 5 5 70 88 86 68
8687 3 2 2 2 71 89 90 72
8688 3 2 5 5 72 90 88 70
8689 3 2 3 3 74 92 91 73
8690 3 2 5 5 76 94 92 74
8691 3 2 5 5 78 96 94 76
8692 3 2 5 5 80 98 96 78
8693 3 2 5 5 82 100 98 80
8694 3 2 5 5 84 102 100 82
8695 3 2 5 5 86 104 102 84
8696 3 2 5 5 88 106 104 86
8697 3 2 2 2 89 107 108 90
8698 3 2 5 5 90 108 106 88
8699 3 2 3 3 92 110 109 91
8700 3 2 5 5 94 112 110 92
8701 3 2 5 5 96 114 112 94
8702 3 2 5 5 98 116 114 96
8703 3 2 5 5 100 118 116 98
8704 3 2 5 5 102 120 118 100
8705 3 2 5 5 104 122 120 102
8706 3 2 5 5 106 124 122 104
8707 3 2 2 2 107 125 126 108
8708 3 2 5 5 108 126 124 106
8709 3 2 3 3 110 128 127 109
8710 3 2 5 5 112 130 128 110
8711 3 2 5 5 114 132 130 112
8712 3 2 5 5 116 134 132 114
8713 3 2 5 5 118 136 134 116
8714 3 2 5 5 120 138 136 118
8715 3 2 5 5 122 140 138 120
8716 3 2 5 5 124 142 140 122
8717 3 2 2 2 125 143 144 126
8718 3 2 5 5 126 144 142 124
8719 3 2 3 3 128 146 145 127
8720 3 2 5 5 130 148 146 128
8721 3 2 5 5 132 150 148 130
8722 3 2 5 5 134 152 150 132
8723 3 2 5 5 136 154 152 134
8724 3 2 5 5 138 156 154 136
8725 3 2 5 5 140 158 156 138
8726 3 2 5 5 142 160 158 140
8727 3 2 2 2 143 161 162 144
8728 3 2 5 5 144 162 160 142
8729 3 2 3 3 146 164 163 145
8730 3 2 5 5 148 166 164 146
8731 3 2 5 5 150 168 166 148
8732 3 2 5 5 152 170 168 150
8733 3 2 5 5 154 172 170 152
8734 3 2 5 5 156 174 172 154
8735 3 2 5 5 158 176 174 156
8736 3 2 5 5 160 178 176 158
8737 3 2 2 2 161 179 180 162
8738 3 2 5 5 162 180 178 160
8739 3 2 3 3 164 182 181 163
8740 3 2 5 5 166 184 182 164
8741 3 2 5 5 168 186 184 166
8742 3 2 5 5 170 188 186 168
8743 3 2 5 5 172 190 188 170
8744 3 2 5 5 174 192 190 172
8745 3 2 5 5 176 194 192 174
8746 3 2 5 5 178 196 194 176
8747 3 2 2 2 179 197 198 180
8748 3 2 5 5 180 198 196 178
8749 3 2 3 3 182 200 199 181
8750 3 2 5 5 184 202 200 182
8751 3 2 5 5 186 204 202 184
8752 3 2 5 5 188 206 204 186
8753 3 2 5 5 190 208 206 188
8754 3 2 5 5 192 210 208 190
8755 3 2 5 5 194 212 210 192
8756 3 2 5 5 196 214 212 194
8757 3 2 2 2 197 215 216 198
8758 3 2 5 5 198 216 214 196
8759 3 2 3 3 200 218 217 199
8760 3 2 5 5 202 220 218 200
8761 3 2 5 5 204 222 220 202
8762 3 2 5 5 206 224 222 204
8763 3 2 5 5 208 226 224 206
8764 3 2 5 5 210 228 226 208
8765 3 2 5 5 212 230 228 210
8766 3 2 5 5 214 232 230 212
8767 3 2 2 2 215 233 234 216
8768 3 2 5 5 216 234 232 214
8769 3 2 3 3 218 236 235 217
8770 3 2 5 5 220 238 236 218
8771 3 2 5 5 222 240 238 220
8772 3 2 5 5 224 242 240 222
8773 3 2 5 5 226 244 242 224
8774 3 2 5 5 228 246 244 226
8775 3 2 5 5 230 248 246 228
8776 3 2 5 5 232 250 248 230
8777 3 2 2 2 233 251 252 234
8778 3 2 5 5 234 252 250 232
8779 3 2 3 3 236 254 253 235
8780 3 2 5 5 238 256 254 236
8781 3 2 5 5 240 258 256 238
8782 3 2 5 5 242 260 258 240
8783 3 2 5 5 244 262 260 242
8784 3 2 5 5 246 264 262 244
8785 3 2 5 5 248 266 264 246
8786 3 2 5 5 250 268 266 248
8787 3 2 2 2 251 269 270 252
8788 3 2 5 5 252 270 268 250
8789 3 2 3 3 254 272 271 253
8790 3 2 5 5 256 274 272 254
8791 3 2 5 5 258 276 274 256
8792 3 2 5 5 260 278 276 258
8793 3 2 5 5 262 280 278 260
8794 3 2 5 5 264 282 280 262
8795 3 2 5 5 266 284 282 264
8796 3 2 5 5 268 286 284 266
8797 3 2 2 2 269 287 288 270
8798 3 2 5 5 270 288 286 268
8799 3 2 3 3 272 290 289 271
8800 3 2 5 5 274 292 290 272
8801 3 2 5 5 276 294 292 274
8802 3 2 5 5 278 296 294 276
8803 3 2 5 5 280 298 296 278
8804 3 2 5 5 282 300 298 280
8805 3 2 5 5 284 302 300 282
8806 3 2 5 5 286 304 302 284
8807 3 2 2 2 287 305 306 288
8808 3 2 5 5 288 306 304 286
8809 3 2 3 3 290 308 307 289
8810 3 2 5 5 292 310 308 290
8811 3 2 5 5 294 312 310 292
8812 3 2 5 5 296 314 312 294
8813 3 2 5 5 298 316 314 296
8814 3 2 5 5 300 318 316 298
8815 3 2 5 5 302 320 318 300
8816 3 2 5 5 304 322 320 302
8817 3 2 2 2 305 323 324 306
8818 3 2 5 5 306 324 322 304
8819 3 2 3 3 308 326 325 307
8820 3 2 5 5 310 328 326 308
8821 3 2 5 5 312 330 328 310
8822 3 2 5 5 314 332 330 312
8823 3 2 5 5 316 334 332 314
8824 3 2 5 5 318 336 334 316
8825 3 2 5 5 320 338 336 318
8826 3 2 5 5 322 340 338 320
8827 3 2 2 2 323 341 342 324
8828 3 2 5 5 324 342 340 322
8829 3 2 3 3 326 344 343 325
8830 3 2 5 5 328 346 344 326
8831 3 2 5 5 330 348 346 328
8832 3 2 5 5 332 350 348 330
8833 3 2 5 5 334 352 350 332
8834 3 2 5 5 336 354 352 334
8835 3 2 5 5 338 356 354 336
8836 3 2 5 5 340 358 356 338
8837 3 2 2 2 341 359 360 342
8838 3 2 5 5 342 360 358 340
8839 3 2 3 3 344 362 361 343
8840 3 2 5 5 346 364 362 344
8841 3 2 5 5 348 366 364 346
8842 3 2 5 5 350 368 366 348
8843 3 2 5 5 352 370 368 350
8844 3 2 5 5 354 372 370 352
8845 3 2 5 5 356 374 372 354
8846 3 2 5 5 358 376 374 356
8847 3 2 2 2 359 377 378 360
8848 3 2 5 5 360 378 376 358
8849 3 2 3 3 362 380 379 361
8850 3 2 5 5 364 382 380 362
8851 3 2 5 5 366 384 382 364
8852 3 2 5 5 368 386 384 366
8853 3 2 5 5 370 388 386 368
8854 3 2 5 5 372 390 388 370
8855 3 2 5 5 374 392 390 372
8856 3 2 5 5 376 394 392 374
8857 3 2 2 2 377 395 396 378
8858 3 2 5 5 378 396 394 376
8859 3 2 3 3 380 398 397 379
8860 3 2 5 5 382 400 398 380
8861 3 2 5 5 384 402 400 382
8862 3 2 5 5 386 404 402 384
8863 3 2 5 5 388 406 404 386
8864 3 2 5 5 390 408 406 388
8865 3 2 5 5 392 410 408 390
8866 3 2 5 5 394 412 410 392
8867 3 2 2 2 395 413 414 396
8868 3 2 5 5 396 414 412 394
8869 3 2 3 3 398 416 415 397
8870 3 2 5 5 400 418 416 398
8871 3 2 5 5 402 420 418 400
8872 3 2 5 5 404 422 420 402
8873 3 2 5 5 406 424 422 404
8874 3 2 5 5 408 426 424 406
8875 3 2 5 5 410 428 426 408
8876 3 2 5 5 412 430 428 410
8877 3 2 2 2 413 431 432 414
8878 3 2 5 5 414 432 430 412
8879 3 2 3 3 416 434 433 415
8880 3 2 5 5 418 436 434 416
8881 3 2 5 5 420 438 436 418
8882 3 2 5 5 422 440 438 420
8883 3 2 5 5 424 442 440 422
8884 3 2 5 5 426 444 442 424
8885 3 2 5 5 428 446 444 426
8886 3 2 5 5 430 448 446 428
8887 3 2 2 2 431 449 450 432
8888 3 2 5 5 432 450 448 430
8889 3 2 3 3 434 452 451 433
8890 3 2 5 5 436 454 452 434
8891 3 2 5 5 438 456 454 436
8892 3 2 5 5 440 458 456 438
8893 3 2 5 5 442 460 458 440
8894 3 2 5 5 444 462 460 442
8895 3 2 5 5 446 464 462 444
8896 3 2 5 5 448 466 464 446
8897 3 2 2 2 449 467 468 450
8898 3 2 5 5 450 468 466 448
8899 3 2 3 3 452 470 469 451
8900 3 2 5 5 454 472 470 452
8901 3 2 5 5 456 474 472 454
8902 3 2 5 5 458 476 474 456
8903 3 2 5 5 460 478 476 458
8904 3 2 5 5 462 480 478 460
8905 3 2 5 5 464 482 480 462
8906 3 2 5 5 466 484 482 464
8907 3 2 2 2 467 485 486 468
8908 3 2 5 5 468 486 484 466
8909 3 2 3 3 470 488 487 469
8910 3 2 5 5 472 490 488 470
8911 3 2 5 5 474 492 490 472
8912 3 2 5 5 476 494 492 474
8913 3 2 5 5 478 496 494 476
8914 3 2 5 5 480 498 496 478
8915 3 2 5 5 482 500 498 480
8916 3 2 5 5 484 502 500 482
8917 3 2 2 2 485 503 504 486
8918 3 2 5 5 486 504 502 484
8919 3 2 3 3 488 506 505 487
8920 3 2 5 5 490 508 506 488
8921 3 2 5 5 492 510 508 490
8922 3 2 5 5 494 512 510 492
8923 3 2 5 5 496 514 512 494
8924 3 2 5 5 498 516 514 496
8925 3 2 5 5 500 518 516 498
8926 3 2 5 5 502 520 518 500
8927 3 2 2 2 503 521 522 504
8928 3 2 5 5 504 522 520 502
8929 3 2 3 3 506 524 523 505
8930 3 2 5 5 508 526 524 506
8931 3 2 5 5 510 528 526 508
8932 3 2 5 5 512 530 528 510
8933 3 2 5 5 514 532 530 512
8934 3 2 5 5 516 534 532 514
8935 3 2 5 5 518 536 534 516
8936 3 2 5 5 520 538 536 518
8937 3 2 2 2 521 539 540 522
8938 3 2 5 5 522 540 538 520
8939 3 2 3 3 524 542 541 523
8940 3 2 5 5 526 544 542 524
8941 3 2 5 5 528 546 544 526
8942 3 2 5 5 530 548 546 528
8943 3 2 5 5 532 550 548 530
8944 3 2 5 5 534 552 550 532
8945 3 2 5 5 536 554 552 534
8946 3 2 5 5 538 556 554 536
8947 3 2 2 2 539 557 558 540
8948 3 2 5 5 540 558 556 538
8949 3 2 3 3 542 560 559 541
8950 3 2 5 5 544 562 560 542
8951 3 2 5 5 546 564 562 544
8952 3 2 5 5 548 566 564 546
8953 3 2 5 5 550 568 566 548
8954 3 2 5 5 552 570 568 550
8955 3 2 5 5 554 572 570 552
8956 3 2 5 5 556 574 572 554
8957 3 2 2 2 557 575 576 558
8958 3 2 5 5 558 576 574 556
8959 3 2 4 4 578 580 579 577
8960 3 2 3 3 560 578 577 559
8961 3 2 5 5 562 580 578 560
8962 3 2 4 4 580 582 581 579
8963 3 2 5 5 564 582 580 562
8964 3 2 4 4 582 584 583 581
8965 3 2 5 5 566 584 582 564
8966 3 2 4 4 584 586 585 583
8967 3 2 5 5 568 586 584 566
8968 3 2 4 4 586 588 587 585
8969 3 2 5 5 570 588 586 568
8970 3 2 4 4 588 590 589 587
8971 3 2 5 5 572 590 588 570
8972 3 2 4 4 590 592 591 589
8973 3 2 5 5 574 592 590 572
8974 3 2 4 4 592 594 593 591
8975 3 2 2 2 575 593 594 576
8976 3 2 5 5 576 594 592 574
8977 3 2 1 1 2 595 597 6
8978 3 2 3 3 2 3 596 595
8979 3 2 1 1 6 597 599 10
8980 3 2 1 1 10 599 601 14
8981 3 2 1 1 14 601 603 18
8982 3 2 1 1 18 603 605 22
8983 3 2 1 1 22 605 607 26
8984 3 2 1 1 26 607 609 30
8985 3 2 1 1 30 609 611 34
8986 3 2 2 2 611 612 35 34
8987 3 2 3 3 3 37 613 596
8988 3 2 2 2 612 621 53 35
8989 3 2 3 3 37 55 622 613
8990 3 2 2 2 621 630 71 53
8991 3 2 3 3 55 73 631 622
8992 3 2 2 2 630 639 89 71
8993 3 2 3 3 73 91 640 631
8994 3 2 2 2 639 648 107 89
8995 3 2 3 3 91 109 649 640
8996 3 2 2 2 648 657 125 107
8997 3 2 3 3 109 127 658 649
8998 3 2 2 2 657 666 143 125
8999 3 2 3 3 127 145 667 658
9000 3 2 2 2 666 675 161 143
9001 3 2 3 3 145 163 676 667
9002 3 2 2 2 675 684 179 161
9003 3 2 3 3 163 181 685 676
9004 3 2 2 2 684 693 197 179
9005 3 2 3 3 181 199 694 685
9006 3 2 2 2 693 702 215 197
9007 3 2 3 3 199 217 703 694
9008 3 2 2 2 702 711 233 215
9009 3 2 3 3 217 235 712 703
9010 3 2 2 2 711 720 251 233
9011 3 2 3 3 235 253 721 712
9012 3 2 2 2 720 729 269 251
9013 3 2 3 3 253 271 730 721
9014 3 2 2 2 729 738 287 269
9015 3 2 3 3 271 289 739 730
9016 3 2 2 2 738 747 305 287
9017 3 2 3 3 289 307 748 739
9018 3 2 2 2 747 756 323 305
9019 3 2 3 3 307 325 757 748
9020 3 2 2 2 756 765 341 323
9021 3 2 3 3 325 343 766 757
9022 3 2 2 2 765 774 359 341
9023 3 2 3 3 343 361 775 766
9024 3 2 2 2 774 783 377 359
9025 3 2 3 3 361 379 784 775
9026 3 2 2 2 783 792 395 377
9027 3 2 3 3 379 397 793 784
9028 3 2 2 2 792 801 413 395
9029 3 2 3 3 397 415 802 793
9030 3 2 2 2 801 810 431 413
9031 3 2 3 3 415 433 811 802
9032 3 2 2 2 810 819 449 431
9033 3 2 3 3 433 451 820 811
9034 3 2 2 2 819 828 467 449
9035 3 2 3 3 451 469 829 820
9036 3 2 2 2 828 837 485 467
9037 3 2 3 3 469 487 838 829
9038 3 2 2 2 837 846 503 485
9039 3 2 3 3 487 505 847 838
9040 3 2 2 2 846 855 521 503
9041 3 2 3 3 505 523 856 847
9042 3 2 2 2 855 864 539 521
9043 3 2 3 3 523 541 865 856
9044 3 2 2 2 864 873 557 539
9045 3 2 3 3 541 559 874 865
9046 3 2 2 2 873 882 575 557
9047 3 2 4 4 577 579 884 883
9048 3 2 3 3 559 577 883 874
9049 3 2 4 4 579 581 885 884
9050 3 2 4 4 581 583 886 885
9051 3 2 4 4 583 585 887 886
9052 3 2 4 4 585 587 888 887
9053 3 2 4 4 587 589 889 888
9054 3 2 4 4 589 591 890 889
9055 3 2 4 4 591 593 891 890
9056 3 2 2 2 882 891 593 575
9057 2 2 3 3 595 596 892
9058 3 2 1 1 892 893 597 595
9059 3 2 1 1 893 894 599 597
9060 3 2 1 1 894 895 601 599
9061 3 2 1 1 895 896 603 601
9062 3 2 1 1 896 897 605 603
9063 3 2 1 1 897 898 607 605
9064 3 2 1 1 898 899 609 607
9065 2 2 2 2 611 900 612
9066 3 2 1 1 899 900 611 609
9067 3 2 3 3 596 613 901 892
9068 3 2 2 2 900 909 621 612
9069 3 2 3 3 613 622 910 901
9070 3 2 2 2 909 918 630 621
9071 3 2 3 3 622 631 919 910
9072 3 2 2 2 918 927 639 630
9073 3 2 3 3 631 640 928 919
9074 3 2 2 2 927 936 648 639
9075 3 2 3 3 640 649 937 928
9076 3 2 2 2 936 945 657 648
9077 3 2 3 3 649 658 946 937
9078 3 2 2 2 945 954 666 657
9079 3 2 3 3 658 667 955 946
9080 3 2 2 2 954 963 675 666
9081 3 2 3 3 667 676 964 955
9082 3 2 2 2 963 972 684 675
9083 3 2 3 3 676 685 973 964
9084 3 2 2 2 972 981 693 684
9085 3 2 3 3 685 694 982 973
9086 3 2 2 2 981 990 702 693
9087 3 2 3 3 694 703 991 982
9088 3 2 2 2 990 999 711 702
9089 3 2 3 3 703 712 1000 991
9090 3 2 2 2 999 1008 720 711
9091 3 2 3 3 712 721 1009 1000
9092 3 2 2 2 1008 1017 729 720
9093 3 2 3 3 721 730 1018 1009
9094 3 2 2 2 1017 1026 738 729
9095 3 2 3 3 730 739 1027 1018
9096 3 2 2 2 1026 1035 747 738
9097 3 2 3 3 739 748 1036 1027
9098 3 2 2 2 1035 1044 756 747
9099 3 2 3 3 748 757 1045 1036
9100 3 2 2 2 1044 1053 765 756
9101 3 2 3 3 757 766 1054 1045
9102 3 2 2 2 1053 1062 774 765
9103 3 2 3 3 766 775 1063 1054
9104 3 2 2 2 1062 1071 783 774
9105 3 2 3 3 775 784 1072 1063
9106 3 2 2 2 1071 1080 792 783
9107 3 2 3 3 784 793 1081 1072
9108 3 2 2 2 1080 1089 801 792
9109 3 2 3 3 793 802 1090 1081
9110 3 2 2 2 1089 1098 810 801
9111 3 2 3 3 802 811 1099 1090
9112 3 2 2 2 1098 1107 819 810
9113 3 2 3 3 811 820 1108 1099
9114 3 2 2 2 1107 1116 828 819
9115 3 2 3 3 820 829 1117 1108
9116 3 2 2 2 1116 1125 837 828
9117 3 2 3 3 829 838 1126 1117
9118 3 2 2 2 1125 1134 846 837
9119 3 2 3 3 838 847 1135 1126
9120 3 2 2 2 1134 1143 855 846
9121 3 2 3 3 847 856 1144 1135
9122 3 2 2 2 1143 1152 864 855
9123 3 2 3 3 856 865 1153 1144
9124 3 2 2 2 1152 1161 873 864
9125 3 2 3 3 865 874 1162 1153
9126 3 2 2 2 1161 1170 882 873
9127 3 2 4 4 883 884 1172 1171
9128 3 2 3 3 874 883 1171 1162
9129 3 2 4 4 884 885 1173 1172
9130 3 2 4 4 885 886 1174 1173
9131 3 2 4 4 886 887 1175 1174
9132 3 2 4 4 887 888 1176 1175
9133 3 2 4 4 888 889 1177 1176
9134 3 2 4 4 889 890 1178 1177
9135 3 2 4 4 890 891 1179 1178
9136 3 2 2 2 1170 1179 891 882
9137 3 2 1 1 892 1180 1182 893
9138 3 2 3 3 892 901 1181 1180
9139 3 2 1 1 893 1182 1184 894
9140 3 2 1 1 894 1184 1186 895
9141 3 2 1 1 895 1186 1188 896
9142 3 2 1 1 896 1188 1190 897
9143 3 2 1 1 897 1190 1192 898
9144 3 2 1 1 898 1192 1194 899
9145 3 2 1 1 899 1194 1196 900
9146 3 2 2 2 1196 1197 909 900
9147 3 2 3 3 901 910 1198 1181
9148 3 2 2 2 1197 1206 918 909
9149 3 2 3 3 910 919 1207 1198
9150 3 2 2 2 1206 1215 927 918
9151 3 2 3 3 919 928 1216 1207
9152 3 2 2 2 1215 1224 936 927
9153 3 2 3 3 928 937 1225 1216
9154 3 2 2 2 1224 1233 945 936
9155 3 2 3 3 937 946 1234 1225
9156 3 2 2 2 1233 1242 954 945
9157 3 2 3 3 946 955 1243 1234
9158 3 2 2 2 1242 1251 963 954
9159 3 2 3 3 955 964 1252 1243
9160 3 2 2 2 1251 1260 972 963
9161 3 2 3 3 964 973 1261 1252
9162 3 2 2 2 1260 1269 981 972
9163 3 2 3 3 973 982 1270 1261
9164 3 2 2 2 1269 1278 990 981
9165 3 2 3 3 982 991 1279 1270
9166 3 2 2 2 1278 1287 999 990
9167 3 2 3 3 991 1000 1288 1279
9168 3 2 2 2 1287 1296 1008 999
9169 3 2 3 3 1000 1009 1297 1288
9170 3 2 2 2 1296 1305 1017 1008
9171 3 2 3 3 1009 1018 1306 1297
9172 3 2 2 2 1305 1314 1026 1017
9173 3 2 3 3 1018 1027 1315 1306
9174 3 2 2 2 1314 1323 1035 1026
9175 3 2 3 3 1027 1036 1324 1315
9176 3 2 2 2 1323 1332 1044 1035
9177 3 2 3 3 1036 1045 1333 1324
9178 3 2 2 2 1332 1341 1053 1044
9179 3 2 3 3 1045 1054 1342 1333
9180 3 2 2 2 1341 1350 1062 1053
9181 3 2 3 3 1054 1063 1351 1342
9182 3 2 2 2 1350 1359 1071 1062
9183 3 2 3 3 1063 1072 1360 1351
9184 3 2 2 2 1359 1368 1080 1071
9185 3 2 3 3 1072 1081 1369 1360
9186 3 2 2 2 1368 1377 1089 1080
9187 3 2 3 3 1081 1090 1378 1369
9188 3 2 2 2 1377 1386 1098 1089
9189 3 2 3 3 1090 1099 1387 1378
9190 3 2 2 2 1386 1395 1107 1098
9191 3 2 3 3 1099 1108 1396 1387
9192 3 2 2 2 1395 1404 1116 1107
9193 3 2 3 3 1108 1117 1405 1396
9194 3 2 2 2 1404 1413 1125 1116
9195 3 2 3 3 1117 1126 1414 1405
9196 3 2 2 2 1413 1422 1134 1125
9197 3 2 3 3 1126 1135 1423 1414
9198 3 2 2 2 1422 1431 1143 1134
9199 3 2 3 3 1135 1144 1432 1423
9200 3 2 2 2 1431 1440 1152 1143
9201 3 2 3 3 1144 1153 1441 1432
9202 3 2 2 2 1440 1449 1161 1152
9203 3 2 3 3 1153 1162 1450 1441
9204 3 2 2 2 1449 1458 1170 1161
9205 3 2 4 4 1171 1172 1460 1459
9206 3 2 3 3 1162 1171 1459 1450
9207 3 2 4 4 1172 1173 1461 1460
9208 3 2 4 4 1173 1174 1462 1461
9209 3 2 4 4 1174 1175 1463 1462
9210 3 2 4 4 1175 1176 1464 1463
9211 3 2 4 4 1176 1177 1465 1464
9212 3 2 4 4 1177 1178 1466 1465
9213 3 2 4 4 1178 1179 1467 1466
9214 3 2 2 2 1458 1467 1179 1170
9215 2 2 3 3 1180 1181 1468
9216 3 2 1 1 1468 1469 1182 1180
9217 3 2 1 1 1469 1470 1184 1182
9218 3 2 1 1 1470 1471 1186 1184
9219 3 2 1 1 1471 1472 1188 1186
9220 3 2 1 1 1472 1473 1190 1188
9221 3 2 1 1 1473 1474 1192 1190
9222 3 2 1 1 1474 1475 1194 1192
9223 2 2 2 2 1196 1476 1197
9224 3 2 1 1 1475 1476 1196 1194
9225 3 2 3 3 1181 1198 1477 1468
9226 3 2 2 2 1476 1485 1206 1197
9227 3 2 3 3 1198 1207 1486 1477
9228 3 2 2 2 1485 1494 1215 1206
9229 3 2 3 3 1207 1216 1495 1486
9230 3 2 2 2 1494 1503 1224 1215
9231 3 2 3 3 1216 1225 1504 1495
9232 3 2 2 2 1503 1512 1233 1224
9233 3 2 3 3 1225 1234 1513 1504
9234 3 2 2 2 1512 1521 1242 1233
9235 3 2 3 3 1234 1243 1522 1513
9236 3 2 2 2 1521 1530 1251 1242
9237 3 2 3 3 1243 1252 1531 1522
9238 3 2 2 2 1530 1539 1260 1251
9239 3 2 3 3 1252 1261 1540 1531
9240 3 2 2 2 1539 1548 1269 1260
9241 3 2 3 3 1261 1270 1549 1540
9242 3 2 2 2 1548 1557 1278 1269
9243 3 2 3 3 1270 1279 1558 1549
9244 3 2 2 2 1557 1566 1287 1278
9245 3 2 3 3 1279 1288 1567 1558
9246 3 2 2 2 1566 1575 1296 1287
9247 3 2 3 3 1288 1297 1576 1567
9248 3 2 2 2 1575 1584 1305 1296
9249 3 2 3 3 1297 1306 1585 1576
9250 3 2 2 2 1584 1593 1314 1305
9251 3 2 3 3 1306 1315 1594 1585
9252 3 2 2 2 1593 1602 1323 1314
9253 3 2 3 3 1315 1324 1603 1594
9254 3 2 2 2 1602 1611 1332 1323
9255 3 2 3 3 1324 1333 1612 1603
9256 3 2 2 2 1611 1620 1341 1332
9257 3 2 3 3 1333 1342 1621 1612
9258 3 2 2 2 1620 1629 1350 1341
9259 3 2 3 3 1342 1351 1630 1621
9260 3 2 2 2 1629 1638 1359 1350
9261 3 2 3 3 1351 1360 1639 1630
9262 3 2 2 2 1638 1647 1368 1359
9263 3 2 3 3 1360 1369 1648 1639
9264 3 2 2 2 1647 1656 1377 1368
9265 3 2 3 3 1369 1378 1657 1648
9266 3 2 2 2 1656 1665 1386 1377
9267 3 2 3 3 1378 1387 1666 1657
9268 3 2 2 2 1665 1674 1395 1386
9269 3 2 3 3 1387 1396 1675 1666
9270 3 2 2 2 1674 1683 1404 1395
9271 3 2 3 3 1396 1405 1684 1675
9272 3 2 2 2 1683 1692 1413 1404
9273 3 2 3 3 1405 1414 1693 1684
9274 3 2 2 2 1692 1701 1422 1413
9275 3 2 3 3 1414 1423 1702 1693
9276 3 2 2 2 1701 1710 1431 1422
9277 3 2 3 3 1423 1432 1711 1702
9278 3 2 2 2 1710 1719 1440 1431
9279 3 2 3 3 1432 1441 1720 1711
9280 3 2 2 2 1719 1728 1449 1440
9281 3 2 3 3 1441 1450 1729 1720
9282 3 2 2 2 1728 1737 1458 1449
9283 3 2 4 4 1459 1460 1739 1738
9284 3 2 3 3 1450 1459 1738 1729
9285 3 2 4 4 1460 1461 1740 1739
9286 3 2 4 4 1461 1462 1741 1740
9287 3 2 4 4 1462 1463 1742 1741
9288 3 2 4 4 1463 1464 1743 1742
9289 3 2 4 4 1464 1465 1744 1743
9290 3 2 4 4 1465 1466 1745 1744
9291 3 2 4 4 1466 1467 1746 1745
9292 3 2 2 2 1737 1746 1467 1458
9293 2 2 3 3 1468 1477 1747
9294 3 2 1 1 1747 1748 1469 1468
9295 3 2 1 1 1748 1749 1470 1469
9296 3 2 1 1 1749 1750 1471 1470
9297 3 2 1 1 1750 1751 1472 1471
9298 3 2 1 1 1751 1752 1473 1472
9299 3 2 1 1 1752 1753 1474 1473
9300 3 2 1 1 1753 1754 1475 1474
9301 2 2 2 2 1476 1755 1485
9302 3 2 1 1 1754 1755 1476 1475
9303 3 2 3 3 1477 1486 1756 1747
9304 3 2 2 2 1755 1764 1494 1485
9305 3 2 3 3 1486 1495 1765 1756
9306 3 2 2 2 1764 1773 1503 1494
9307 3 2 3 3 1495 1504 1774 1765
9308 3 2 2 2 1773 1782 1512 1503
9309 3 2 3 3 1504 1513 1783 1774
9310 3 2 2 2 1782 1791 1521 1512
9311 3 2 3 3 1513 1522 1792 1783
9312 3 2 2 2 1791 1800 1530 1521
9313 3 2 3 3 1522 1531 1801 1792
9314 3 2 2 2 1800 1809 1539 1530
9315 3 2 3 3 1531 1540 1810 1801
9316 3 2 2 2 1809 1818 1548 1539
9317 3 2 3 3 1540 1549 1819 1810
9318 3 2 2 2 1818 1827 1557 1548
9319 3 2 3 3 1549 1558 1828 1819
9320 3 2 2 2 1827 1836 1566 1557
9321 3 2 3 3 1558 1567 1837 1828
9322 3 2 2 2 1836 1845 1575 1566
9323 3 2 3 3 1567 1576 1846 1837
9324 3 2 2 2 1845 1854 1584 1575
9325 3 2 3 3 1576 1585 1855 1846
9326 3 2 2 2 1854 1863 1593 1584
9327 3 2 3 3 1585 1594 1864 1855
9328 3 2 2 2 1863 1872 1602 1593
9329 3 2 3 3 1594 1603 1873 1864
9330 3 2 2 2 1872 1881 1611 1602
9331 3 2 3 3 1603 1612 1882 1873
9332 3 2 2 2 1881 1890 1620 1611
9333 3 2 3 3 1612 1621 1891 1882
9334 3 2 2 2 1890 1899 1629 1620
9335 3 2 3 3 1621 1630 1900 1891
9336 3 2 2 2 1899 1908 1638 1629
9337 3 2 3 3 1630 1639 1909 1900
9338 3 2 2 2 1908 1917 1647 1638
9339 3 2 3 3 1639 1648 1918 1909
9340 3 2 2 2 1917 1926 1656 1647
9341 3 2 3 3 1648 1657 1927 1918
9342 3 2 2 2 1926 1935 1665 1656
9343 3 2 3 3 1657 1666 1936 1927
9344 3 2 2 2 1935 1944 1674 1665
9345 3 2 3 3 1666 1675 1945 1936
9346 3 2 2 2 1944 1953 1683 1674
9347 3 2 3 3 1675 1684 1954 1945
9348 3 2 2 2 1953 1962 1692 1683
9349 3 2 3 3 1684 1693 1963 1954
9350 3 2 2 2 1962 1971 1701 1692
9351 3 2 3 3 1693 1702 1972 1963
9352 3 2 2 2 1971 1980 1710 1701
9353 3 2 3 3 1702 1711 1981 1972
9354 3 2 2 2 1980 1989 1719 1710
9355 3 2 3 3 1711 1720 1990 1981
9356 3 2 2 2 1989 1998 1728 1719
9357 3 2 3 3 1720 1729 1999 1990
9358 3 2 2 2 1998 2007 1737 1728
9359 3 2 4 4 1738 1739 2009 2008
9360 3 2 3 3 1729 1738 2008 1999
9361 3 2 4 4 1739 1740 2010 2009
9362 3 2 4 4 1740 1741 2011 2010
9363 3 2 4 4 1741 1742 2012 2011
9364 3 2 4 4 1742 1743 2013 2012
9365 3 2 4 4 1743 1744 2014 2013
9366 3 2 4 4 1744 1745 2015 2014
9367 3 2 4 4 1745 1746 2016 2015
9368 3 2 2 2 2007 2016 1746 1737
9369 3 2 1 1 1747 2017 2019 1748
9370 3 2 3 3 1747 1756 2018 2017
9371 3 2 1 1 1748 2019 2021 1749
9372 3 2 1 1 1749 2021 2023 1750
9373 3 2 1 1 1750 2023 2025 1751
9374 3 2 1 1 1751 2025 2027 1752
9375 3 2 1 1 1752 2027 2029 1753
9376 3 2 1 1 1753 2029 2031 1754
9377 3 2 1 1 1754 2031 2033 1755
9378 3 2 2 2 2033 2034 1764 1755
9379 3 2 3 3 1756 1765 2035 2018
9380 3 2 2 2 2034 2043 1773 1764
9381 3 2 3 3 1765 1774 2044 2035
9382 3 2 2 2 2043 2052 1782 1773
9383 3 2 3 3 1774 1783 2053 2044
9384 3 2 2 2 2052 2061 1791 1782
9385 3 2 3 3 1783 1792 2062 2053
9386 3 2 2 2 2061 2070 1800 1791
9387 3 2 3 3 1792 1801 2071 2062
9388 3 2 2 2 2070 2079 1809 1800
9389 3 2 3 3 1801 1810 2080 2071
9390 3 2 2 2 2079 2088 1818 1809
9391 3 2 3 3 1810 1819 2089 2080
9392 3 2 2 2 2088 2097 1827 1818
9393 3 2 3 3 1819 1828 2098 2089
9394 3 2 2 2 2097 2106 1836 1827
9395 3 2 3 3 1828 1837 2107 2098
9396 3 2 2 2 2106 2115 1845 1836
9397 3 2 3 3 1837 1846 2116 2107
9398 3 2 2 2 2115 2124 1854 1845
9399 3 2 3 3 1846 1855 2125 2116
9400 3 2 2 2 2124 2133 1863 1854
9401 3 2 3 3 1855 1864 2134 2125
9402 3 2 2 2 2133 2142 1872 1863
9403 3 2 3 3 1864 1873 2143 2134
9404 3 2 2 2 2142 2151 1881 1872
9405 3 2 3 3 1873 1882 2152 2143
9406 3 2 2 2 2151 2160 1890 1881
9407 3 2 3 3 1882 1891 2161 2152
9408 3 2 2 2 2160 2169 1899 1890
9409 3 2 3 3 1891 1900 2170 2161
9410 3 2 2 2 2169 2178 1908 1899
9411 3 2 3 3 1900 1909 2179 2170
9412 3 2 2 2 2178 2187 1917 1908
9413 3 2 3 3 1909 1918 2188 2179
9414 3 2 2 2 2187 2196 1926 1917
9415 3 2 3 3 1918 1927 2197 2188
9416 3 2 2 2 2196 2205 1935 1926
9417 3 2 3 3 1927 1936 2206 2197
9418 3 2 2 2 2205 2214 1944 1935
9419 3 2 3 3 1936 1945 2215 2206
9420 3 2 2 2 2214 2223 1953 1944
9421 3 2 3 3 1945 1954 2224 2215
9422 3 2 2 2 2223 2232 1962 1953
9423 3 2 3 3 1954 1963 2233 2224
9424 3 2 2 2 2232 2241 1971 1962
9425 3 2 3 3 1963 1972 2242 2233
9426 3 2 2 2 2241 2250 1980 1971
9427 3 2 3 3 1972 1981 2251 2242
9428 3 2 2 2 2250 2259 1989 1980
9429 3 2 3 3 1981 1990 2260 2251
9430 3 2 2 2 2259 2268 1998 1989
9431 3 2 3 3 1990 1999 2269 2260
9432 3 2 2 2 2268 2277 2007 1998
9433 3 2 4 4 2008 2009 2279 2278
9434 3 2 3 3 1999 2008 2278 2269
9435 3 2 4 4 2009 2010 2280 2279
9436 3 2 4 4 2010 2011 2281 2280
9437 3 2 4 4 2011 2012 2282 2281
9438 3 2 4 4 2012 2013 2283 2282
9439 3 2 4 4 2013 2014 2284 2283
9440 3 2 4 4 2014 2015 2285 2284
9441 3 2 4 4 2015 2016 2286 2285
9442 3 2 2 2 2277 2286 2016 2007
9443 2 2 3 3 2017 2018 2287
9444 3 2 1 1 2287 2288 2019 2017
9445 3 2 1 1 2288 2289 2021 2019
9446 3 2 1 1 2289 2290 2023 2021
9447 3 2 1 1 2290 2291 2025 2023
9448 3 2 1 1 2291 2292 2027 2025
9449 3 2 1 1 2292 2293 2029 2027
9450 3 2 1 1 2293 2294 2031 2029
9451 2 2 2 2 2033 2295 2034
9452 3 2 1 1 2294 2295 2033 2031
9453 3 2 3 3 2018 2035 2296 2287
9454 3 2 2 2 2295 2304 2043 2034
9455 3 2 3 3 2035 2044 2305 2296
9456 3 2 2 2 2304 2313 2052 2043
9457 3 2 3 3 2044 2053 2314 2305
9458 3 2 2 2 2313 2322 2061 2052
9459 3 2 3 3 2053 2062 2323 2314
9460 3 2 2 2 2322 2331 2070 2061
9461 3 2 3 3 2062 2071 2332 2323
9462 3 2 2 2 2331 2340 2079 2070
9463 3 2 3 3 2071 2080 2341 2332
9464 3 2 2 2 2340 2349 2088 2079
9465 3 2 3 3 2080 2089 2350 2341
9466 3 2 2 2 2349 2358 2097 2088
9467 3 2 3 3 2089 2098 2359 2350
9468 3 2 2 2 2358 2367 2106 2097
9469 3 2 3 3 2098 2107 2368 2359
9470 3 2 2 2 2367 2376 2115 2106
9471 3 2 3 3 2107 2116 2377 2368
9472 3 2 2 2 2376 2385 2124 2115
9473 3 2 3 3 2116 2125 2386 2377
9474 3 2 2 2 2385 2394 2133 2124
9475 3 2 3 3 2125 2134 2395 2386
9476 3 2 2 2 2394 2403 2142 2133
9477 3 2 3 3 2134 2143 2404 2395
9478 3 2 2 2 2403 2412 2151 2142
9479 3 2 3 3 2143 2152 2413 2404
9480 3 2 2 2 2412 2421 2160 2151
9481 3 2 3 3 2152 2161 2422 2413
9482 3 2 2 2 2421 2430 2169 2160
9483 3 2 3 3 2161 2170 2431 2422
9484 3 2 2 2 2430 2439 2178 2169
9485 3 2 3 3 2170 2179 2440 2431
9486 3 2 2 2 2439 2448 2187 2178
9487 3 2 3 3 2179 2188 2449 2440
9488 3 2 2 2 2448 2457 2196 2187
9489 3 2 3 3 2188 2197 2458 2449
9490 3 2 2 2 2457 2466 2205 2196
9491 3 2 3 3 2197 2206 2467 2458
9492 3 2 2 2 2466 2475 2214 2205
9493 3 2 3 3 2206 2215 2476 2467
9494 3 2 2 2 2475 2484 2223 2214
9495 3 2 3 3 2215 2224 2485 2476
9496 3 2 2 2 2484 2493 2232 2223
9497 3 2 3 3 2224 2233 2494 2485
9498 3 2 2 2 2493 2502 2241 2232
9499 3 2 3 3 2233 2242 2503 2494
9500 3 2 2 2 2502 2511 2250 2241
9501 3 2 3 3 2242 2251 2512 2503
9502 3 2 2 2 2511 2520 2259 2250
9503 3 2 3 3 2251 2260 2521 2512
9504 3 2 2 2 2520 2529 2268 2259
9505 3 2 3 3 2260 2269 2530 2521
9506 3 2 2 2 2529 2538 2277 2268
9507 3 2 4 4 2278 2279 2540 2539
9508 3 2 3 3 2269 2278 2539 2530
9509 3 2 4 4 2279 2280 2541 2540
9510 3 2 4 4 2280 2281 2542 2541
9511 3 2 4 4 2281 2282 2543 2542
9512 3 2 4 4 2282 2283 2544 2543
9513 3 2 4 4 2283 2284 2545 2544
9514 3 2 4 4 2284 2285 2546 2545
9515 3 2 4 4 2285 2286 2547 2546
9516 3 2 2 2 2538 2547 2286 2277
9517 3 2 1 1 2287 2548 2550 2288
9518 3 2 3 3 2287 2296 2549 2548
9519 3 2 1 1 2288 2550 2552 2289
9520 3 2 1 1 2289 2552 2554 2290
9521 3 2 1 1 2290 2554 2556 2291
9522 3 2 1 1 2291 2556 2558 2292
9523 3 2 1 1 2292 2558 2560 2293
9524 3 2 1 1 2293 2560 2562 2294
9525 3 2 1 1 2294 2562 2564 2295
9526 3 2 2 2 2564 2565 2304 2295
9527 3 2 3 3 2296 2305 2566 2549
9528 3 2 2 2 2565 2574 2313 2304
9529 3 2 3 3 2305 2314 2575 2566
9530 3 2 2 2 2574 2583 2322 2313
9531 3 2 3 3 2314 2323 2584 2575
9532 3 2 2 2 2583 2592 2331 2322
9533 3 2 3 3 2323 2332 2593 2584
9534 3 2 2 2 2592 2601 2340 2331
9535 3 2 3 3 2332 2341 2602 2593
9536 3 2 2 2 2601 2610 2349 2340
9537 3 2 3 3 2341 2350 2611 2602
9538 3 2 2 2 2610 2619 2358 2349
9539 3 2 3 3 2350 2359 2620 2611
9540 3 2 2 2 2619 2628 2367 2358
9541 3 2 3 3 2359 2368 2629 2620
9542 3 2 2 2 2628 2637 2376 2367
9543 3 2 3 3 2368 2377 2638 2629
9544 3 2 2 2 2637 2646 2385 2376
9545 3 2 3 3 2377 2386 2647 2638
9546 3 2 2 2 2646 2655 2394 2385
9547 3 2 3 3 2386 2395 2656 2647
9548 3 2 2 2 2655 2664 2403 2394
9549 3 2 3 3 2395 2404 2665 2656
9550 3 2 2 2 2664 2673 2412 2403
9551 3 2 3 3 2404 2413 2674 2665
9552 3 2 2 2 2673 2682 2421 2412
9553 3 2 3 3 2413 2422 2683 2674
9554 3 2 2 2 2682 2691 2430 2421
9555 3 2 3 3 2422 2431 2692 2683
9556 3 2 2 2 2691 2700 2439 2430
9557 3 2 3 3 2431 2440 2701 2692
9558 3 2 2 2 2700 2709 2448 2439
9559 3 2 3 3 2440 2449 2710 2701
9560 3 2 2 2 2709 2718 2457 2448
9561 3 2 3 3 2449 2458 2719 2710
9562 3 2 2 2 2718 2727 2466 2457
9563 3 2 3 3 2458 2467 2728 2719
9564 3 2 2 2 2727 2736 2475 2466
9565 3 2 3 3 2467 2476 2737 2728
9566 3 2 2 2 2736 2745 2484 2475
9567 3 2 3 3 2476 2485 2746 2737
9568 3 2 2 2 2745 2754 2493 2484
9569 3 2 3 3 2485 2494 2755 2746
9570 3 2 2 2 2754 2763 2502 2493
9571 3 2 3 3 2494 2503 2764 2755
9572 3 2 2 2 2763 2772 2511 2502
9573 3 2 3 3 2503 2512 2773 2764
9574 3 2 2 2 2772 2781 2520 2511
9575 3 2 3 3 2512 2521 2782 2773
9576 3 2 2 2 2781 2790 2529 2520
9577 3 2 3 3 2521 2530 2791 2782
9578 3 2 2 2 2790 2799 2538 2529
9579 3 2 4 4 2539 2540 2801 2800
9580 3 2 3 3 2530 2539 2800 2791
9581 3 2 4 4 2540 2541 2802 2801
9582 3 2 4 4 2541 2542 2803 2802
9583 3 2 4 4 2542 2543 2804 2803
9584 3 2 4 4 2543 2544 2805 2804
9585 3 2 4 4 2544 2545 2806 2805
9586 3 2 4 4 2545 2546 2807 2806
9587 3 2 4 4 2546 2547 2808 2807
9588 3 2 2 2 2799 2808 2547 2538
9589 3 2 1 1 2548 2809 2811 2550
9590 3 2 3 3 2548 2549 2810 2809
9591 3 2 1 1 2550 2811 2813 2552
9592 3 2 1 1 2552 2813 2815 2554
9593 3 2 1 1 2554 2815 2817 2556
9594 3 2 1 1 2556 2817 2819 2558
9595 3 2 1 1 2558 2819 2821 2560
9596 3 2 1 1 2560 2821 2823 2562
9597 3 2 1 1 2562 2823 2825 2564
9598 3 2 2 2 2825 2826 2565 2564
9599 3 2 3 3 2549 2566 2827 2810
9600 3 2 2 2 2826 2835 2574 2565
9601 3 2 3 3 2566 2575 2836 2827
9602 3 2 2 2 2835 2844 2583 2574
9603 3 2 3 3 2575 2584 2845 2836
9604 3 2 2 2 2844 2853 2592 2583
9605 3 2 3 3 2584 2593 2854 2845
9606 3 2 2 2 2853 2862 2601 2592
9607 3 2 3 3 2593 2602 2863 2854
9608 3 2 2 2 2862 2871 2610 2601
9609 3 2 3 3 2602 2611 2872 2863
9610 3 2 2 2 2871 2880 2619 2610
9611 3 2 3 3 2611 2620 2881 2872
9612 3 2 2 2 2880 2889 2628 2619
9613 3 2 3 3 2620 2629 2890 2881
9614 3 2 2 2 2889 2898 2637 2628
9615 3 2 3 3 2629 2638 2899 2890
9616 3 2 2 2 2898 2907 2646 2637
9617 3 2 3 3 2638 2647 2908 2899
9618 3 2 2 2 2907 2916 2655 2646
9619 3 2 3 3 2647 2656 2917 2908
9620 3 2 2 2 2916 2925 2664 2655
9621 3 2 3 3 2656 2665 2926 2917
9622 3 2 2 2 2925 2934 2673 2664
9623 3 2 3 3 2665 2674 2935 2926
9624 3 2 2 2 2934 2943 2682 2673
9625 3 2 3 3 2674 2683 2944 2935
9626 3 2 2 2 2943 2952 2691 2682
9627 3 2 3 3 2683 2692 2953 2944
9628 3 2 2 2 2952 2961 2700 2691
9629 3 2 3 3 2692 2701 2962 2953
9630 3 2 2 2 2961 2970 2709 2700
9631 3 2 3 3 2701 2710 2971 2962
9632 3 2 2 2 2970 2979 2718 2709
9633 3 2 3 3 2710 2719 2980 2971
9634 3 2 2 2 2979 2988 2727 2718
9635 3 2 3 3 2719 2728 2989 2980
9636 3 2 2 2 2988 2997 2736 2727
9637 3 2 3 3 2728 2737 2998 2989
9638 3 2 2 2 2997 3006 2745 2736
9639 3 2 3 3 2737 2746 3007 2998
9640 3 2 2 2 3006 3015 2754 2745
9641 3 2 3 3 2746 2755 3016 3007
9642 3 2 2 2 3015 3024 2763 2754
9643 3 2 3 3 2755 2764 3025 3016
9644 3 2 2 2 3024 3033 2772 2763
9645 3 2 3 3 2764 2773 3034 3025
9646 3 2 2 2 3033 3042 2781 2772
9647 3 2 3 3 2773 2782 3043 3034
9648 3 2 2 2 3042 3051 2790 2781
9649 3 2 3 3 2782 2791 3052 3043
9650 3 2 2 2 3051 3060 2799 2790
9651 3 2 4 4 2800 2801 3062 3061
9652 3 2 3 3 2791 2800 3061 3052
9653 3 2 4 4 2801 2802 3063 3062
9654 3 2 4 4 2802 2803 3064 3063
9655 3 2 4 4 2803 2804 3065 3064
9656 3 2 4 4 2804 2805 3066 3065
9657 3 2 4 4 2805 2806 3067 3066
9658 3 2 4 4 2806 2807 3068 3067
9659 3 2 4 4 2807 2808 3069 3068
9660 3 2 2 2 3060 3069 2808 2799
9661 2 2 3 3 2809 2810 3070
9662 3 2 1 1 3070 3071 2811 2809
9663 3 2 1 1 3071 3072 2813 2811
9664 3 2 1 1 3072 3073 2815 2813
9665 3 2 1 1 3073 3074 2817 2815
9666 3 2 1 1 3074 3075 2819 2817
9667 3 2 1 1 3075 3076 2821 2819
9668 3 2 1 1 3076 3077 2823 2821
9669 2 2 2 2 2825 3078 2826
9670 3 2 1 1 3077 3078 2825 2823
9671 3 2 3 3 2810 2827 3079 3070
9672 3 2 2 2 3078 3087 2835 2826
9673 3 2 3 3 2827 2836 3088 3079
9674 3 2 2 2 3087 3096 2844 2835
9675 3 2 3 3 2836 2845 3097 3088
9676 3 2 2 2 3096 3105 2853 2844
9677 3 2 3 3 2845 2854 3106 3097
9678 3 2 2 2 3105 3114 2862 2853
9679 3 2 3 3 2854 2863 3115 3106
9680 3 2 2 2 3114 3123 2871 2862
9681 3 2 3 3 2863 2872 3124 3115
9682 3 2 2 2 3123 3132 2880 2871
9683 3 2 3 3 2872 2881 3133 3124
9684 3 2 2 2 3132 3141 2889 2880
9685 3 2 3 3 2881 2890 3142 3133
9686 3 2 2 2 3141 3150 2898 2889
9687 3 2 3 3 2890 2899 3151 3142
9688 3 2 2 2 3150 3159 2907 2898
9689 3 2 3 3 2899 2908 3160 3151
9690 3 2 2 2 3159 3168 2916 2907
9691 3 2 3 3 2908 2917 3169 3160
9692 3 2 2 2 3168 3177 2925 2916
9693 3 2 3 3 2917 2926 3178 3169
9694 3 2 2 2 3177 3186 2934 2925
9695 3 2 3 3 2926 2935 3187 3178
9696 3 2 2 2 3186 3195 2943 2934
9697 3 2 3 3 2935 2944 3196 3187
9698 3 2 2 2 3195 3204 2952 2943
9699 3 2 3 3 2944 2953 3205 3196
9700 3 2 2 2 3204 3213 2961 2952
9701 3 2 3 3 2953 2962 3214 3205
9702 3 2 2 2 3213 3222 2970 2961
9703 3 2 3 3 2962 2971 3223 3214
9704 3 2 2 2 3222 3231 2979 2970
9705 3 2 3 3 2971 2980 3232 3223
9706 3 2 2 2 3231 3240 2988 2979
9707 3 2 3 3 2980 2989 3241 3232
9708 3 2 2 2 3240 3249 2997 2988
9709 3 2 3 3 2989 2998 3250 3241
9710 3 2 2 2 3249 3258 3006 2997
9711 3 2 3 3 2998 3007 3259 3250
9712 3 2 2 2 3258 3267 3015 3006
9713 3 2 3 3 3007 3016 3268 3259
9714 3 2 2 2 3267 3276 3024 3015
9715 3 2 3 3 3016 3025 3277 3268
9716 3 2 2 2 3276 3285 3033 3024
9717 3 2 3 3 3025 3034 3286 3277
9718 3 2 2 2 3285 3294 3042 3033
9719 3 2 3 3 3034 3043 3295 3286
9720 3 2 2 2 3294 3303 3051 3042
9721 3 2 3 3 3043 3052 3304 3295
9722 3 2 2 2 3303 3312 3060 3051
9723 3 2 4 4 3061 3062 3314 3313
9724 3 2 3 3 3052 3061 3313 3304
9725 3 2 4 4 3062 3063 3315 3314
9726 3 2 4 4 3063 3064 3316 3315
9727 3 2 4 4 3064 3065 3317 3316
9728 3 2 4 4 3065 3066 3318 3317
9729 3 2 4 4 3066 3067 3319 3318
9730 3 2 4 4 3067 3068 3320 3319
9731 3 2 4 4 3068 3069 3321 3320
9732 3 2 2 2 3312 3321 3069 3060
9733 3 2 1 1 3070 3322 3324 3071
9734 3 2 3 3 3070 3079 3323 3322
9735 3 2 1 1 3071 3324 3326 3072
9736 3 2 1 1 3072 3326 3328 3073
9737 3 2 1 1 3073 3328 3330 3074
9738 3 2 1 1 3074 3330 3332 3075
9739 3 2 1 1 3075 3332 3334 3076
9740 3 2 1 1 3076 3334 3336 3077
9741 3 2 1 1 3077 3336 3338 3078
9742 3 2 2 2 3338 3339 3087 3078
9743 3 2 3 3 3079 3088 3340 3323
9744 3 2 2 2 3339 3348 3096 3087
9745 3 2 3 3 3088 3097 3349 3340
9746 3 2 2 2 3348 3357 3105 3096
9747 3 2 3 3 3097 3106 3358 3349
9748 3 2 2 2 3357 3366 3114 3105
9749 3 2 3 3 3106 3115 3367 3358
9750 3 2 2 2 3366 3375 3123 3114
9751 3 2 3 3 3115 3124 3376 3367
9752 3 2 2 2 3375 3384 3132 3123
9753 3 2 3 3 3124 3133 3385 3376
9754 3 2 2 2 3384 3393 3141 3132
9755 3 2 3 3 3133 3142 3394 3385
9756 3 2 2 2 3393 3402 3150 3141
9757 3 2 3 3 3142 3151 3403 3394
9758 3 2 2 2 3402 3411 3159 3150
9759 3 2 3 3 3151 3160 3412 3403
9760 3 2 2 2 3411 3420 3168 3159
9761 3 2 3 3 3160 3169 3421 3412
9762 3 2 2 2 3420 3429 3177 3168
9763 3 2 3 3 3169 3178 3430 3421
9764 3 2 2 2 3429 3438 3186 3177
9765 3 2 3 3 3178 3187 3439 3430
9766 3 2 2 2 3438 3447 3195 3186
9767 3 2 3 3 3187 3196 3448 3439
9768 3 2 2 2 3447 3456 3204 3195
9769 3 2 3 3 3196 3205 3457 3448
9770 3 2 2 2 3456 3465 3213 3204
9771 3 2 3 3 3205 3214 3466 3457
9772 3 2 2 2 3465 3474 3222 3213
9773 3 2 3 3 3214 3223 3475 3466
9774 3 2 2 2 3474 3483 3231 3222
9775 3 2 3 3 3223 3232 3484 3475
9776 3 2 2 2 3483 3492 3240 3231
9777 3 2 3 3 3232 3241 3493 3484
9778 3 2 2 2 3492 3501 3249 3240
9779 3 2 3 3 3241 3250 3502 3493
9780 3 2 2 2 3501 3510 3258 3249
9781 3 2 3 3 3250 3259 3511 3502
9782 3 2 2 2 3510 3519 3267 3258
9783 3 2 3 3 3259 3268 3520 3511
9784 3 2 2 2 3519 3528 3276 3267
9785 3 2 3 3 3268 3277 3529 3520
9786 3 2 2 2 3528 3537 3285 3276
9787 3 2 3 3 3277 3286 3538 3529
9788 3 2 2 2 3537 3546 3294 3285
9789 3 2 3 3 3286 3295 3547 3538
9790 3 2 2 2 3546 3555 3303 3294
9791 3 2 3 3 3295 3304 3556 3547
9792 3 2 2 2 3555 3564 3312 3303
9793 3 2 4 4 3313 3314 3566 3565
9794 3 2 3 3 3304 3313 3565 3556
9795 3 2 4 4 3314 3315 3567 3566
9796 3 2 4 4 3315 3316 3568 3567
9797 3 2 4 4 3316 3317 3569 3568
9798 3 2 4 4 3317 3318 3570 3569
9799 3 2 4 4 3318 3319 3571 3570
9800 3 2 4 4 3319 3320 3572 3571
9801 3 2 4 4 3320 3321 3573 3572
9802 3 2 2 2 3564 3573 3321 3312
9803 2 2 3 3 3322 3323 3574
9804 3 2 1 1 3574 3575 3324 3322
9805 3 2 1 1 3575 3576 3326 3324
9806 3 2 1 1 3576 3577 3328 3326
9807 3 2 1 1 3577 3578 3330 3328
9808 3 2 1 1 3578 3579 3332 3330
9809 3 2 1 1 3579 3580 3334 3332
9810 3 2 1 1 3580 3581 3336 3334
9811 2 2 2 2 3338 3582 3339
9812 3 2 1 1 3581 3582 3338 3336
9813 3 2 3 3 3323 3340 3583 3574
9814 3 2 2 2 3582 3591 3348 3339
9815 3 2 3 3 3340 3349 3592 3583
9816 3 2 2 2 3591 3600 3357 3348
9817 3 2 3 3 3349 3358 3601 3592
9818 3 2 2 2 3600 3609 3366 3357
9819 3 2 3 3 3358 3367 3610 3601
9820 3 2 2 2 3609 3618 3375 3366
9821 3 2 3 3 3367 3376 3619 3610
9822 3 2 2 2 3618 3627 3384 3375
9823 3 2 3 3 3376 3385 3628 3619
9824 3 2 2 2 3627 3636 3393 3384
9825 3 2 3 3 3385 3394 3637 3628
9826 3 2 2 2 3636 3645 3402 3393
9827 3 2 3 3 3394 3403 3646 3637
9828 3 2 2 2 3645 3654 3411 3402
9829 3 2 3 3 3403 3412 3655 3646
9830 3 2 2 2 3654 3663 3420 3411
9831 3 2 3 3 3412 3421 3664 3655
9832 3 2 2 2 3663 3672 3429 3420
9833 3 2 3 3 3421 3430 3673 3664
9834 3 2 2 2 3672 3681 3438 3429
9835 3 2 3 3 3430 3439 3682 3673
9836 3 2 2 2 3681 3690 3447 3438
9837 3 2 3 3 3439 3448 3691 3682
9838 3 2 2 2 3690 3699 3456 3447
9839 3 2 3 3 3448 3457 3700 3691
9840 3 2 2 2 3699 3708 3465 3456
9841 3 2 3 3 3457 3466 3709 3700
9842 3 2 2 2 3708 3717 3474 3465
9843 3 2 3 3 3466 3475 3718 3709
9844 3 2 2 2 3717 3726 3483 3474
9845 3 2 3 3 3475 3484 3727 3718
9846 3 2 2 2 3726 3735 3492 3483
9847 3 2 3 3 3484 3493 3736 3727
9848 3 2 2 2 3735 3744 3501 3492
9849 3 2 3 3 3493 3502 3745 3736
9850 3 2 2 2 3744 3753 3510 3501
9851 3 2 3 3 3502 3511 3754 3745
9852 3 2 2 2 3753 3762 3519 3510
9853 3 2 3 3 3511 3520 3763 3754
9854 3 2 2 2 3762 3771 3528 3519
9855 3 2 3 3 3520 3529 3772 3763
9856 3 2 2 2 3771 3780 3537 3528
9857 3 2 3 3 3529 3538 3781 3772
9858 3 2 2 2 3780 3789 3546 3537
9859 3 2 3 3 3538 3547 3790 3781
9860 3 2 2 2 3789 3798 3555 3546
9861 3 2 3 3 3547 3556 3799 3790
9862 3 2 2 2 3798 3807 3564 3555
9863 3 2 4 4 3565 3566 3809 3808
9864 3 2 3 3 3556 3565 3808 3799
9865 3 2 4 4 3566 3567 3810 3809
9866 3 2 4 4 3567 3568 3811 3810
9867 3 2 4 4 3568 3569 3812 3811
9868 3 2 4 4 3569 3570 3813 3812
9869 3 2 4 4 3570 3571 3814 3813
9870 3 2 4 4 3571 3572 3815 3814
9871 3 2 4 4 3572 3573 3816 3815
9872 3 2 2 2 3807 3816 3573 3564
9873 3 2 1 1 3574 3817 3819 3575
9874 3 2 3 3 3574 3583 3818 3817
9875 3 2 1 1 3575 3819 3821 3576
9876 3 2 1 1 3576 3821 3823 3577
9877 3 2 1 1 3577 3823 3825 3578
9878 3 2 1 1 3578 3825 3827 3579
9879 3 2 1 1 3579 3827 3829 3580
9880 3 2 1 1 3580 3829 3831 3581
9881 3 2 1 1 3581 3831 3833 3582
9882 3 2 2 2 3833 3834 3591 3582
9883 3 2 3 3 3583 3592 3835 3818
9884 3 2 2 2 3834 3843 3600 3591
9885 3 2 3 3 3592 3601 3844 3835
9886 3 2 2 2 3843 3852 3609 3600
9887 3 2 3 3 3601 3610 3853 3844
9888 3 2 2 2 3852 3861 3618 3609
9889 3 2 3 3 3610 3619 3862 3853
9890 3 2 2 2 3861 3870 3627 3618
9891 3 2 3 3 3619 3628 3871 3862
9892 3 2 2 2 3870 3879 3636 3627
9893 3 2 3 3 3628 3637 3880 3871
9894 3 2 2 2 3879 3888 3645 3636
9895 3 2 3 3 3637 3646 3889 3880
9896 3 2 2 2 3888 3897 3654 3645
9897 3 2 3 3 3646 3655 3898 3889
9898 3 2 2 2 3897 3906 3663 3654
9899 3 2 3 3 3655 3664 3907 3898
9900 3 2 2 2 3906 3915 3672 3663
9901 3 2 3 3 3664 3673 3916 3907
9902 3 2 2 2 3915 3924 3681 3672
9903 3 2 3 3 3673 3682 3925 3916
9904 3 2 2 2 3924 3933 3690 3681
9905 3 2 3 3 3682 3691 3934 3925
9906 3 2 2 2 3933 3942 3699 3690
9907 3 2 3 3 3691 3700 3943 3934
9908 3 2 2 2 3942 3951 3708 3699
9909 3 2 3 3 3700 3709 3952 3943
9910 3 2 2 2 3951 3960 3717 3708
9911 3 2 3 3 3709 3718 3961 3952
9912 3 2 2 2 3960 3969 3726 3717
9913 3 2 3 3 3718 3727 3970 3961
9914 3 2 2 2 3969 3978 3735 3726
9915 3 2 3 3 3727 3736 3979 3970
9916 3 2 2 2 3978 3987 3744 3735
9917 3 2 3 3 3736 3745 3988 3979
9918 3 2 2 2 3987 3996 3753 3744
9919 3 2 3 3 3745 3754 3997 3988
9920 3 2 2 2 3996 4005 3762 3753
9921 3 2 3 3 3754 3763 4006 3997
9922 3 2 2 2 4005 4014 3771 3762
9923 3 2 3 3 3763 3772 4015 4006
9924 3 2 2 2 4014 4023 3780 3771
9925 3 2 3 3 3772 3781 4024 4015
9926 3 2 2 2 4023 4032 3789 3780
9927 3 2 3 3 3781 3790 4033 4024
9928 3 2 2 2 4032 4041 3798 3789
9929 3 2 3 3 3790 3799 4042 4033
9930 3 2 2 2 4041 4050 3807 3798
9931 3 2 4 4 3808 3809 4052 4051
9932 3 2 3 3 3799 3808 4051 4042
9933 3 2 4 4 3809 3810 4053 4052
9934 3 2 4 4 3810 3811 4054 4053
9935 3 2 4 4 3811 3812 4055 4054
9936 3 2 4 4 3812 3813 4056 4055
9937 3 2 4 4 3813 3814 4057 4056
9938 3 2 4 4 3814 3815 4058 4057
9939 3 2 4 4 3815 3816 4059 4058
9940 3 2 2 2 4050 4059 3816 3807
9941 2 2 3 3 3817 3818 4060
9942 3 2 1 1 4060 4061 3819 3817
9943 3 2 1 1 4061 4062 3821 3819
9944 3 2 1 1 4062 4063 3823 3821
9945 3 2 1 1 4063 4064 3825 3823
9946 3 2 1 1 4064 4065 3827 3825
9947 3 2 1 1 4065 4066 3829 3827
9948 3 2 1 1 4066 4067 3831 3829
9949 2 2 2 2 3833 4068 3834
9950 3 2 1 1 4067 4068 3833 3831
9951 3 2 3 3 3818 3835 4069 4060
9952 3 2 2 2 4068 4077 3843 3834
9953 3 2 3 3 3835 3844 4078 4069
9954 3 2 2 2 4077 4086 3852 3843
9955 3 2 3 3 3844 3853 4087 4078
9956 3 2 2 2 4086 4095 3861 3852
9957 3 2 3 3 3853 3862 4096 4087
9958 3 2 2 2 4095 4104 3870 3861
9959 3 2 3 3 3862 3871 4105 4096
9960 3 2 2 2 4104 4113 3879 3870
9961 3 2 3 3 3871 3880 4114 4105
9962 3 2 2 2 4113 4122 3888 3879
9963 3 2 3 3 3880 3889 4123 4114
9964 3 2 2 2 4122 4131 3897 3888
9965 3 2 3 3 3889 3898 4132 4123
9966 3 2 2 2 4131 4140 3906 3897
9967 3 2 3 3 3898 3907 4141 4132
9968 3 2 2 2 4140 4149 3915 3906
9969 3 2 3 3 3907 3916 4150 4141
9970 3 2 2 2 4149 4158 3924 3915
9971 3 2 3 3 3916 3925 4159 4150
9972 3 2 2 2 4158 4167 3933 3924
9973 3 2 3 3 3925 3934 4168 4159
9974 3 2 2 2 4167 4176 3942 3933
9975 3 2 3 3 3934 3943 4177 4168
9976 3 2 2 2 4176 4185 3951 3942
9977 3 2 3 3 3943 3952 4186 4177
9978 3 2 2 2 4185 4194 3960 3951
9979 3 2 3 3 3952 3961 4195 4186
9980 3 2 2 2 4194 4203 3969 3960
9981 3 2 3 3 3961 3970 4204 4195
9982 3 2 2 2 4203 4212 3978 3969
9983 3 2 3 3 3970 3979 4213 4204
9984 3 2 2 2 4212 4221 3987 3978
9985 3 2 3 3 3979 3988 4222 4213
9986 3 2 2 2 4221 4230 3996 3987
9987 3 2 3 3 3988 3997 4231 4222
9988 3 2 2 2 4230 4239 4005 3996
9989 3 2 3 3 3997 4006 4240 4231
9990 3 2 2 2 4239 4248 4014 4005
9991 3 2 3 3 4006 4015 4249 4240
9992 3 2 2 2 4248 4257 4023 4014
9993 3 2 3 3 4015 4024 4258 4249
9994 3 2 2 2 4257 4266 4032 4023
9995 3 2 3 3 4024 4033 4267 4258
9996 3 2 2 2 4266 4275 4041 4032
9997 3 2 3 3 4033 4042 4276 4267
9998 3 2 2 2 4275 4284 4050 4041
9999 3 2 4 4 4051 4052 4286 4285
10000 3 2 3 3 4042 4051 4285 4276
10001 3 2 4 4 4052 4053 4287 4286
10002 3 2 4 4 4053 4054 4288 4287
10003 3 2 4 4 4054 4055 4289 4288
10004 3 2 4 4 4055 4056 4290 4289
10005 3 2 4 4 4056 4057 4291 4290
10006 3 2 4 4 4057 4058 4292 4291
10007 3 2 4 4 4058 4059 4293 4292
10008 3 2 2 2 4284 4293 4059 4050
10009 3 2 1 1 4060 4294 4296 4061
10010 3 2 3 3 4060 4069 4295 4294
10011 3 2 1 1 4061 4296 4298 4062
10012 3 2 1 1 4062 4298 4300 4063
10013 3 2 1 1 4063 4300 4302 4064
10014 3 2 1 1 4064 4302 4304 4065
10015 3 2 1 1 4065 4304 4306 4066
10016 3 2 1 1 4066 4306 4308 4067
10017 3 2 1 1 4067 4308 4310 4068
10018 3 2 2 2 4310 4311 4077 4068
10019 3 2 3 3 4069 4078 4312 4295
10020 3 2 2 2 4311 4320 4086 4077
10021 3 2 3 3 4078 4087 4321 4312
10022 3 2 2 2 4320 4329 4095 4086
10023 3 2 3 3 4087 4096 4330 4321
10024 3 2 2 2 4329 4338 4104 4095
10025 3 2 3 3 4096 4105 4339 4330
10026 3 2 2 2 4338 4347 4113 4104
10027 3 2 3 3 4105 4114 4348 4339
10028 3 2 2 2 4347 4356 4122 4113
10029 3 2 3 3 4114 4123 4357 4348
10030 3 2 2 2 4356 4365 4131 4122
10031 3 2 3 3 4123 4132 4366 4357
10032 3 2 2 2 4365 4374 4140 4131
10033 3 2 3 3 4132 4141 4375 4366
10034 3 2 2 2 4374 4383 4149 4140
10035 3 2 3 3 4141 4150 4384 4375
10036 3 2 2 2 4383 4392 4158 4149
10037 3 2 3 3 4150 4159 4393 4384
10038 3 2 2 2 4392 4401 4167 4158
10039 3 2 3 3 4159 4168 4402 4393
10040 3 2 2 2 4401 4410 4176 4167
10041 3 2 3 3 4168 4177 4411 4402
10042 3 2 2 2 4410 4419 4185 4176
10043 3 2 3 3 4177 4186 4420 4411
10044 3 2 2 2 4419 4428 4194 4185
10045 3 2 3 3 4186 4195 4429 4420
10046 3 2 2 2 4428 4437 4203 4194
10047 3 2 3 3 4195 4204 4438 4429
10048 3 2 2 2 4437 4446 4212 4203
10049 3 2 3 3 4204 4213 4447 4438
10050 3 2 2 2 4446 4455 4221 4212
10051 3 2 3 3 4213 4222 4456 4447
10052 3 2 2 2 4455 4464 4230 4221
10053 3 2 3 3 4222 4231 4465 4456
10054 3 2 2 2 4464 4473 4239 4230
10055 3 2 3 3 4231 4240 4474 4465
10056 3 2 2 2 4473 4482 4248 4239
10057 3 2 3 3 4240 4249 4483 4474
10058 3 2 2 2 4482 4491 4257 4248
10059 3 2 3 3 4249 4258 4492 4483
10060 3 2 2 2 4491 4500 4266 4257
10061 3 2 3 3 4258 4267 4501 4492
10062 3 2 2 2 4500 4509 4275 4266
10063 3 2 3 3 4267 4276 4510 4501
10064 3 2 2 2 4509 4518 4284 4275
10065 3 2 4 4 4285 4286 4520 4519
10066 3 2 3 3 4276 4285 4519 4510
10067 3 2 4 4 4286 4287 4521 4520
10068 3 2 4 4 4287 4288 4522 4521
10069 3 2 4 4 4288 4289 4523 4522
10070 3 2 4 4 4289 4290 4524 4523
10071 3 2 4 4 4290 4291 4525 4524
10072 3 2 4 4 4291 4292 4526 4525
10073 3 2 4 4 4292 4293 4527 4526
10074 3 2 2 2 4518 4527 4293 4284
10075 2 2 3 3 4294 4295 4528
10076 3 2 1 1 4528 4529 4296 4294
10077 3 2 1 1 4529 4530 4298 4296
10078 3 2 1 1 4530 4531 4300 4298
10079 3 2 1 1 4531 4532 4302 4300
10080 3 2 1 1 4532 4533 4304 4302
10081 3 2 1 1 4533 4534 4306 4304
10082 3 2 1 1 4534 4535 4308 4306
10083 2 2 2 2 4310 4536 4311
10084 3 2 1 1 4535 4536 4310 4308
10085 3 2 3 3 4295 4312 4537 4528
10086 3 2 2 2 4536 4545 4320 4311
10087 3 2 3 3 4312 4321 4546 4537
10088 3 2 2 2 4545 4554 4329 4320
10089 3 2 3 3 4321 4330 4555 4546
10090 3 2 2 2 4554 4563 4338 4329
10091 3 2 3 3 4330 4339 4564 4555
10092 3 2 2 2 4563 4572 4347 4338
10093 3 2 3 3 4339 4348 4573 4564
10094 3 2 2 2 4572 4581 4356 4347
10095 3 2 3 3 4348 4357 4582 4573
10096 3 2 2 2 4581 4590 4365 4356
10097 3 2 3 3 4357 4366 4591 4582
10098 3 2 2 2 4590 4599 4374 4365
10099 3 2 3 3 4366 4375 4600 4591
10100 3 2 2 2 4599 4608 4383 4374
10101 3 2 3 3 4375 4384 4609 4600
10102 3 2 2 2 4608 4617 4392 4383
10103 3 2 3 3 4384 4393 4618 4609
10104 3 2 2 2 4617 4626 4401 4392
10105 3 2 3 3 4393 4402 4627 4618
10106 3 2 2 2 4626 4635 4410 4401
10107 3 2 3 3 4402 4411 4636 4627
10108 3 2 2 2 4635 4644 4419 4410
10109 3 2 3 3 4411 4420 4645 4636
10110 3 2 2 2 4644 4653 4428 4419
10111 3 2 3 3 4420 4429 4654 4645
10112 3 2 2 2 4653 4662 4437 4428
10113 3 2 3 3 4429 4438 4663 4654
10114 3 2 2 2 4662 4671 4446 4437
10115 3 2 3 3 4438 4447 4672 4663
10116 3 2 2 2 4671 4680 4455 4446
10117 3 2 3 3 4447 4456 4681 4672
10118 3 2 2 2 4680 4689 4464 4455
10119 3 2 3 3 4456 4465 4690 4681
10120 3 2 2 2 4689 4698 4473 4464
10121 3 2 3 3 4465 4474 4699 4690
10122 3 2 2 2 4698 4707 4482 4473
10123 3 2 3 3 4474 4483 4708 4699
10124 3 2 2 2 4707 4716 4491 4482
10125 3 2 3 3 4483 4492 4717 4708
10126 3 2 2 2 4716 4725 4500 4491
10127 3 2 3 3 4492 4501 4726 4717
10128 3 2 2 2 4725 4734 4509 4500
10129 3 2 3 3 4501 4510 4735 4726
10130 3 2 2 2 4734 4743 4518 4509
10131 3 2 4 4 4519 4520 4745 4744
10132 3 2 3 3 4510 4519 4744 4735
10133 3 2 4 4 4520 4521 4746 4745
10134 3 2 4 4 4521 4522 4747 4746
10135 3 2 4 4 4522 4523 4748 4747
10136 3 2 4 4 4523 4524 4749 4748
10137 3 2 4 4 4524 4525 4750 4749
10138 3 2 4 4 4525 4526 4751 4750
10139 3 2 4 4 4526 4527 4752 4751
10140 3 2 2 2 4743 4752 4527 4518
10141 3 2 1 1 4528 4753 4755 4529
10142 3 2 3 3 4528 4537 4754 4753
10143 3 2 1 1 4529 4755 4757 4530
10144 3 2 1 1 4530 4757 4759 4531
10145 3 2 1 1 4531 4759 4761 4532
10146 3 2 1 1 4532 4761 4763 4533
10147 3 2 1 1 4533 4763 4765 4534
10148 3 2 1 1 4534 4765 4767 4535
10149 3 2 1 1 4535 4767 4769 4536
10150 3 2 2 2 4769 4770 4545 4536
10151 3 2 3 3 4537 4546 4771 4754
10152 3 2 2 2 4770 4779 4554 4545
10153 3 2 3 3 4546 4555 4780 4771
10154 3 2 2 2 4779 4788 4563 4554
10155 3 2 3 3 4555 4564 4789 4780
10156 3 2 2 2 4788 4797 4572 4563
10157 3 2 3 3 4564 4573 4798 4789
10158 3 2 2 2 4797 4806 4581 4572
10159 3 2 3 3 4573 4582 4807 4798
10160 3 2 2 2 4806 4815 4590 4581
10161 3 2 3 3 4582 4591 4816 4807
10162 3 2 2 2 4815 4824 4599 4590
10163 3 2 3 3 4591 4600 4825 4816
10164 3 2 2 2 4824 4833 4608 4599
10165 3 2 3 3 4600 4609 4834 4825
10166 3 2 2 2 4833 4842 4617 4608
10167 3 2 3 3 4609 4618 4843 4834
10168 3 2 2 2 4842 4851 4626 4617
10169 3 2 3 3 4618 4627 4852 4843
10170 3 2 2 2 4851 4860 4635 4626
10171 3 2 3 3 4627 4636 4861 4852
10172 3 2 2 2 4860 4869 4644 4635
10173 3 2 3 3 4636 4645 4870 4861
10174 3 2 2 2 4869 4878 4653 4644
10175 3 2 3 3 4645 4654 4879 4870
10176 3 2 2 2 4878 4887 4662 4653
10177 3 2 3 3 4654 4663 4888 4879
10178 3 2 2 2 4887 4896 4671 4662
10179 3 2 3 3 4663 4672 4897 4888
10180 3 2 2 2 4896 4905 4680 4671
10181 3 2 3 3 4672 4681 4906 4897
10182 3 2 2 2 4905 4914 4689 4680
10183 3 2 3 3 4681 4690 4915 4906
10184 3 2 2 2 4914 4923 4698 4689
10185 3 2 3 3 4690 4699 4924 4915
10186 3 2 2 2 4923 4932 4707 4698
10187 3 2 3 3 4699 4708 4933 4924
10188 3 2 2 2 4932 4941 4716 4707
10189 3 2 3 3 4708 4717 4942 4933
10190 3 2 2 2 4941 4950 4725 4716
10191 3 2 3 3 4717 4726 4951 4942
10192 3 2 2 2 4950 4959 4734 4725
10193 3 2 3 3 4726 4735 4960 4951
10194 3 2 2 2 4959 4968 4743 4734
10195 3 2 4 4 4744 4745 4970 4969
10196 3 2 3 3 4735 4744 4969 4960
10197 3 2 4 4 4745 4746 4971 4970
10198 3 2 4 4 4746 4747 4972 4971
10199 3 2 4 4 4747 4748 4973 4972
10200 3 2 4 4 4748 4749 4974 4973
10201 3 2 4 4 4749 4750 4975 4974
10202 3 2 4 4 4750 4751 4976 4975
10203 3 2 4 4 4751 4752 4977 4976
10204 3 2 2 2 4968 4977 4752 4743
10205 2 2 3 3 4753 4754 4978
10206 3 2 1 1 4978 4979 4755 4753
10207 3 2 1 1 4979 4980 4757 4755
10208 3 2 1 1 4980 4981 4759 4757
10209 3 2 1 1 4981 4982 4761 4759
10210 3 2 1 1 4982 4983 4763 4761
10211 3 2 1 1 4983 4984 4765 4763
10212 3 2 1 1 4984 4985 4767 4765
10213 2 2 2 2 4769 4986 4770
10214 3 2 1 1 4985 4986 4769 4767
10215 3 2 3 3 4754 4771 4987 4978
10216 3 2 2 2 4986 4995 4779 4770
10217 3 2 3 3 4771 4780 4996 4987
10218 3 2 2 2 4995 5004 4788 4779
10219 3 2 3 3 4780 4789 5005 4996
10220 3 2 2 2 5004 5013 4797 4788
10221 3 2 3 3 4789 4798 5014 5005
10222 3 2 2 2 5013 5022 4806 4797
10223 3 2 3 3 4798 4807 5023 5014
10224 3 2 2 2 5022 5031 4815 4806
10225 3 2 3 3 4807 4816 5032 5023
10226 3 2 2 2 5031 5040 4824 4815
10227 3 2 3 3 4816 4825 5041 5032
10228 3 2 2 2 5040 5049 4833 4824
10229 3 2 3 3 4825 4834 5050 5041
10230 3 2 2 2 5049 5058 4842 4833
10231 3 2 3 3 4834 4843 5059 5050
10232 3 2 2 2 5058 5067 4851 4842
10233 3 2 3 3 4843 4852 5068 5059
10234 3 2 2 2 5067 5076 4860 4851
10235 3 2 3 3 4852 4861 5077 5068
10236 3 2 2 2 5076 5085 4869 4860
10237 3 2 3 3 4861 4870 5086 5077
10238 3 2 2 2 5085 5094 4878 4869
10239 3 2 3 3 4870 4879 5095 5086
10240 3 2 2 2 5094 5103 4887 4878
10241 3 2 3 3 4879 4888 5104 5095
10242 3 2 2 2 5103 5112 4896 4887
10243 3 2 3 3 4888 4897 5113 5104
10244 3 2 2 2 5112 5121 4905 4896
10245 3 2 3 3 4897 4906 5122 5113
10246 3 2 2 2 5121 5130 4914 4905
10247 3 2 3 3 4906 4915 5131 5122
10248 3 2 2 2 5130 5139 4923 4914
10249 3 2 3 3 4915 4924 5140 5131
10250 3 2 2 2 5139 5148 4932 4923
10251 3 2 3 3 4924 4933 5149 5140
10252 3 2 2 2 5148 5157 4941 4932
10253 3 2 3 3 4933 4942 5158 5149
10254 3 2 2 2 5157 5166 4950 4941
10255 3 2 3 3 4942 4951 5167 5158
10256 3 2 2 2 5166 5175 4959 4950
10257 3 2 3 3 4951 4960 5176 5167
10258 3 2 2 2 5175 5184 4968 4959
10259 3 2 4 4 4969 4970 5186 5185
10260 3 2 3 3 4960 4969 5185 5176
10261 3 2 4 4 4970 4971 5187 5186
10262 3 2 4 4 4971 4972 5188 5187
10263 3 2 4 4 4972 4973 5189 5188
10264 3 2 4 4 4973 4974 5190 5189
10265 3 2 4 4 4974 4975 5191 5190
10266 3 2 4 4 4975 4976 5192 5191
10267 3 2 4 4 4976 4977 5193 5192
10268 3 2 2 2 5184 5193 4977 4968
10269 3 2 1 1 4978 5194 5196 4979
10270 3 2 3 3 4978 4987 5195 5194
10271 3 2 1 1 4979 5196 5198 4980
10272 3 2 1 1 4980 5198 5200 4981
10273 3 2 1 1 4981 5200 5202 4982
10274 3 2 1 1 4982 5202 5204 4983
10275 3 2 1 1 4983 5204 5206 4984
10276 3 2 1 1 4984 5206 5208 4985
10277 3 2 1 1 4985 5208 5210 4986
10278 3 2 2 2 5210 5211 4995 4986
10279 3 2 3 3 4987 4996 5212 5195
10280 3 2 2 2 5211 5220 5004 4995
10281 3 2 3 3 4996 5005 5221 5212
10282 3 2 2 2 5220 5229 5013 5004
10283 3 2 3 3 5005 5014 5230 5221
10284 3 2 2 2 5229 5238 5022 5013
10285 3 2 3 3 5014 5023 5239 5230
10286 3 2 2 2 5238 5247 5031 5022
10287 3 2 3 3 5023 5032 5248 5239
10288 3 2 2 2 5247 5256 5040 5031
10289 3 2 3 3 5032 5041 5257 5248
10290 3 2 2 2 5256 5265 5049 5040
10291 3 2 3 3 5041 5050 5266 5257
10292 3 2 2 2 5265 5274 5058 5049
10293 3 2 3 3 5050 5059 5275 5266
10294 3 2 2 2 5274 5283 5067 5058
10295 3 2 3 3 5059 5068 5284 5275
10296 3 2 2 2 5283 5292 5076 5067
10297 3 2 3 3 5068 5077 5293 5284
10298 3 2 2 2 5292 5301 5085 5076
10299 3 2 3 3 5077 5086 5302 5293
10300 3 2 2 2 5301 5310 5094 5085
10301 3 2 3 3 5086 5095 5311 5302
10302 3 2 2 2 5310 5319 5103 5094
10303 3 2 3 3 5095 5104 5320 5311
10304 3 2 2 2 5319 5328 5112 5103
10305 3 2 3 3 5104 5113 5329 5320
10306 3 2 2 2 5328 5337 5121 5112
10307 3 2 3 3 5113 5122 5338 5329
10308 3 2 2 2 5337 5346 5130 5121
10309 3 2 3 3 5122 5131 5347 5338
10310 3 2 2 2 5346 5355 5139 5130
10311 3 2 3 3 5131 5140 5356 5347
10312 3 2 2 2 5355 5364 5148 5139
10313 3 2 3 3 5140 5149 5365 5356
10314 3 2 2 2 5364 5373 5157 5148
10315 3 2 3 3 5149 5158 5374 5365
10316 3 2 2 2 5373 5382 5166 5157
10317 3 2 3 3 5158 5167 5383 5374
10318 3 2 2 2 5382 5391 5175 5166
10319 3 2 3 3 5167 5176 5392 5383
10320 3 2 2 2 5391 5400 5184 5175
10321 3 2 4 4 5185 5186 5402 5401
10322 3 2 3 3 5176 5185 5401 5392
10323 3 2 4 4 5186 5187 5403 5402
10324 3 2 4 4 5187 5188 5404 5403
10325 3 2 4 4 5188 5189 5405 5404
10326 3 2 4 4 5189 5190 5406 5405
10327 3 2 4 4 5190 5191 5407 5406
10328 3 2 4 4 5191 5192 5408 5407
10329 3 2 4 4 5192 5193 5409 5408
10330 3 2 2 2 5400 5409 5193 5184
10331 2 2 3 3 5194 5195 5410
10332 3 2 1 1 5410 5411 5196 5194
10333 3 2 1 1 5411 5412 5198 5196
10334 3 2 1 1 5412 5413 5200 5198
10335 3 2 1 1 5413 5414 5202 5200
10336 3 2 1 1 5414 5415 5204 5202
10337 3 2 1 1 5415 5416 5206 5204
10338 3 2 1 1 5416 5417 5208 5206
10339 2 2 2 2 5210 5418 5211
10340 3 2 1 1 5417 5418 5210 5208
10341 3 2 3 3 5195 5212 5419 5410
10342 3 2 2 2 5418 5427 5220 5211
10343 3 2 3 3 5212 5221 5428 5419
10344 3 2 2 2 5427 5436 5229 5220
10345 3 2 3 3 5221 5230 5437 5428
10346 3 2 2 2 5436 5445 5238 5229
10347 3 2 3 3 5230 5239 5446 5437
10348 3 2 2 2 5445 5454 5247 5238
10349 3 2 3 3 5239 5248 5455 5446
10350 3 2 2 2 5454 5463 5256 5247
10351 3 2 3 3 5248 5257 5464 5455
10352 3 2 2 2 5463 5472 5265 5256
10353 3 2 3 3 5257 5266 5473 5464
10354 3 2 2 2 5472 5481 5274 5265
10355 3 2 3 3 5266 5275 5482 5473
10356 3 2 2 2 5481 5490 5283 5274
10357 3 2 3 3 5275 5284 5491 5482
10358 3 2 2 2 5490 5499 5292 5283
10359 3 2 3 3 5284 5293 5500 5491
10360 3 2 2 2 5499 5508 5301 5292
10361 3 2 3 3 5293 5302 5509 5500
10362 3 2 2 2 5508 5517 5310 5301
10363 3 2 3 3 5302 5311 5518 5509
10364 3 2 2 2 5517 5526 5319 5310
10365 3 2 3 3 5311 5320 5527 5518
10366 3 2 2 2 5526 5535 5328 5319
10367 3 2 3 3 5320 5329 5536 5527
10368 3 2 2 2 5535 5544 5337 5328
10369 3 2 3 3 5329 5338 5545 5536
10370 3 2 2 2 5544 5553 5346 5337
10371 3 2 3 3 5338 5347 5554 5545
10372 3 2 2 2 5553 5562 5355 5346
10373 3 2 3 3 5347 5356 5563 5554
10374 3 2 2 2 5562 5571 5364 5355
10375 3 2 3 3 5356 5365 5572 5563
10376 3 2 2 2 5571 5580 5373 5364
10377 3 2 3 3 5365 5374 5581 5572
10378 3 2 2 2 5580 5589 5382 5373
10379 3 2 3 3 5374 5383 5590 5581
10380 3 2 2 2 5589 5598 5391 5382
10381 3 2 3 3 5383 5392 5599 5590
10382 3 2 2 2 5598 5607 5400 5391
10383 3 2 4 4 5401 5402 5609 5608
10384 3 2 3 3 5392 5401 5608 5599
10385 3 2 4 4 5402 5403 5610 5609
10386 3 2 4 4 5403 5404 5611 5610
10387 3 2 4 4 5404 5405 5612 5611
10388 3 2 4 4 5405 5406 5613 5612
10389 3 2 4 4 5406 5407 5614 5613
10390 3 2 4 4 5407 5408 5615 5614
10391 3 2 4 4 5408 5409 5616 5615
10392 3 2 2 2 5607 5616 5409 5400
10393 3 2 1 1 5410 5617 5619 5411
10394 3 2 3 3 5410 5419 5618 5617
10395 3 2 1 1 5411 5619 5621 5412
10396 3 2 1 1 5412 5621 5623 5413
10397 3 2 1 1 5413 5623 5625 5414
10398 3 2 1 1 5414 5625 5627 5415
10399 3 2 1 1 5415 5627 5629 5416
10400 3 2 1 1 5416 5629 5631 5417
10401 3 2 1 1 5417 5631 5633 5418
10402 3 2 2 2 5633 5634 5427 5418
10403 3 2 3 3 5419 5428 5635 5618
10404 3 2 2 2 5634 5643 5436 5427
10405 3 2 3 3 5428 5437 5644 5635
10406 3 2 2 2 5643 5652 5445 5436
10407 3 2 3 3 5437 5446 5653 5644
10408 3 2 2 2 5652 5661 5454 5445
10409 3 2 3 3 5446 5455 5662 5653
10410 3 2 2 2 5661 5670 5463 5454
10411 3 2 3 3 5455 5464 5671 5662
10412 3 2 2 2 5670 5679 5472 5463
10413 3 2 3 3 5464 5473 5680 5671
10414 3 2 2 2 5679 5688 5481 5472
10415 3 2 3 3 5473 5482 5689 5680
10416 3 2 2 2 5688 5697 5490 5481
10417 3 2 3 3 5482 5491 5698 5689
10418 3 2 2 2 5697 5706 5499 5490
10419 3 2 3 3 5491 5500 5707 5698
10420 3 2 2 2 5706 5715 5508 5499
10421 3 2 3 3 5500 5509 5716 5707
10422 3 2 2 2 5715 5724 5517 5508
10423 3 2 3 3 5509 5518 5725 5716
10424 3 2 2 2 5724 5733 5526 5517
10425 3 2 3 3 5518 5527 5734 5725
10426 3 2 2 2 5733 5742 5535 5526
10427 3 2 3 3 5527 5536 5743 5734
10428 3 2 2 2 5742 5751 5544 5535
10429 3 2 3 3 5536 5545 5752 5743
10430 3 2 2 2 5751 5760 5553 5544
10431 3 2 3 3 5545 5554 5761 5752
10432 3 2 2 2 5760 5769 5562 5553
10433 3 2 3 3 5554 5563 5770 5761
10434 3 2 2 2 5769 5778 5571 5562
10435 3 2 3 3 5563 5572 5779 5770
10436 3 2 2 2 5778 5787 5580 5571
10437 3 2 3 3 5572 5581 5788 5779
10438 3 2 2 2 5787 5796 5589 5580
10439 3 2 3 3 5581 5590 5797 5788
10440 3 2 2 2 5796 5805 5598 5589
10441 3 2 3 3 5590 5599 5806 5797
10442 3 2 2 2 5805 5814 5607 5598
10443 3 2 4 4 5608 5609 5816 5815
10444 3 2 3 3 5599 5608 5815 5806
10445 3 2 4 4 5609 5610 5817 5816
10446 3 2 4 4 5610 5611 5818 5817
10447 3 2 4 4 5611 5612 5819 5818
10448 3 2 4 4 5612 5613 5820 5819
10449 3 2 4 4 5613 5614 5821 5820
10450 3 2 4 4 5614 5615 5822 5821
10451 3 2 4 4 5615 5616 5823 5822
10452 3 2 2 2 5814 5823 5616 5607
10453 2 2 3 3 5617 5618 5824
10454 3 2 1 1 5824 5825 5619 5617
10455 3 2 1 1 5825 5826 5621 5619
10456 3 2 1 1 5826 5827 5623 5621
10457 3 2 1 1 5827 5828 5625 5623
10458 3 2 1 1 5828 5829 5627 5625
10459 3 2 1 1 5829 5830 5629 5627
10460 3 2 1 1 5830 5831 5631 5629
10461 2 2 2 2 5633 5832 5634
10462 3 2 1 1 5831 5832 5633 5631
10463 3 2 3 3 5618 5635 5833 5824
10464 3 2 2 2 5832 5841 5643 5634
10465 3 2 3 3 5635 5644 5842 5833
10466 3 2 2 2 5841 5850 5652 5643
10467 3 2 3 3 5644 5653 5851 5842
10468 3 2 2 2 5850 5859 5661 5652
10469 3 2 3 3 5653 5662 5860 5851
10470 3 2 2 2 5859 5868 5670 5661
10471 3 2 3 3 5662 5671 5869 5860
10472 3 2 2 2 5868 5877 5679 5670
10473 3 2 3 3 5671 5680 5878 5869
10474 3 2 2 2 5877 5886 5688 5679
10475 3 2 3 3 5680 5689 5887 5878
10476 3 2 2 2 5886 5895 5697 5688
10477 3 2 3 3 5689 5698 5896 5887
10478 3 2 2 2 5895 5904 5706 5697
10479 3 2 3 3 5698 5707 5905 5896
10480 3 2 2 2 5904 5913 5715 5706
10481 3 2 3 3 5707 5716 5914 5905
10482 3 2 2 2 5913 5922 5724 5715
10483 3 2 3 3 5716 5725 5923 5914
10484 3 2 2 2 5922 5931 5733 5724
10485 3 2 3 3 5725 5734 5932 5923
10486 3 2 2 2 5931 5940 5742 5733
10487 3 2 3 3 5734 5743 5941 5932
10488 3 2 2 2 5940 5949 5751 5742
10489 3 2 3 3 5743 5752 5950 5941
10490 3 2 2 2 5949 5958 5760 5751
10491 3 2 3 3 5752 5761 5959 5950
10492 3 2 2 2 5958 5967 5769 5760
10493 3 2 3 3 5761 5770 5968 5959
10494 3 2 2 2 5967 5976 5778 5769
10495 3 2 3 3 5770 5779 5977 5968
10496 3 2 2 2 5976 5985 5787 5778
10497 3 2 3 3 5779 5788 5986 5977
10498 3 2 2 2 5985 5994 5796 5787
10499 3 2 3 3 5788 5797 5995 5986
10500 3 2 2 2 5994 6003 5805 5796
10501 3 2 3 3 5797 5806 6004 5995
10502 3 2 2 2 6003 6012 5814 5805
10503 3 2 4 4 5815 5816 6014 6013
10504 3 2 3 3 5806 5815 6013 6004
10505 3 2 4 4 5816 5817 6015 6014
10506 3 2 4 4 5817 5818 6016 6015
10507 3 2 4 4 5818 5819 6017 6016
10508 3 2 4 4 5819 5820 6018 6017
10509 3 2 4 4 5820 5821 6019 6018
10510 3 2 4 4 5821 5822 6020 6019
10511 3 2 4 4 5822 5823 6021 6020
10512 3 2 2 2 6012 6021 5823 5814
10513 3 2 1 1 5824 6022 6024 5825
10514 3 2 3 3 5824 5833 6023 6022
10515 3 2 1 1 5825 6024 6026 5826
10516 3 2 1 1 5826 6026 6028 5827
10517 3 2 1 1 5827 6028 6030 5828
10518 3 2 1 1 5828 6030 6032 5829
10519 3 2 1 1 5829 6032 6034 5830
10520 3 2 1 1 5830 6034 6036 5831
10521 3 2 1 1 5831 6036 6038 5832
10522 3 2 2 2 6038 6039 5841 5832
10523 3 2 3 3 5833 5842 6040 6023
10524 3 2 2 2 6039 6048 5850 5841
10525 3 2 3 3 5842 5851 6049 6040
10526 3 2 2 2 6048 6057 5859 5850
10527 3 2 3 3 5851 5860 6058 6049
10528 3 2 2 2 6057 6066 5868 5859
10529 3 2 3 3 5860 5869 6067 6058
10530 3 2 2 2 6066 6075 5877 5868
10531 3 2 3 3 5869 5878 6076 6067
10532 3 2 2 2 6075 6084 5886 5877
10533 3 2 3 3 5878 5887 6085 6076
10534 3 2 2 2 6084 6093 5895 5886
10535 3 2 3 3 5887 5896 6094 6085
10536 3 2 2 2 6093 6102 5904 5895
10537 3 2 3 3 5896 5905 6103 6094
10538 3 2 2 2 6102 6111 5913 5904
10539 3 2 3 3 5905 5914 6112 6103
10540 3 2 2 2 6111 6120 5922 5913
10541 3 2 3 3 5914 5923 6121 6112
10542 3 2 2 2 6120 6129 5931 5922
10543 3 2 3 3 5923 5932 6130 6121
10544 3 2 2 2 6129 6138 5940 5931
10545 3 2 3 3 5932 5941 6139 6130
10546 3 2 2 2 6138 6147 5949 5940
10547 3 2 3 3 5941 5950 6148 6139
10548 3 2 2 2 6147 6156 5958 5949
10549 3 2 3 3 5950 5959 6157 6148
10550 3 2 2 2 6156 6165 5967 5958
10551 3 2 3 3 5959 5968 6166 6157
10552 3 2 2 2 6165 6174 5976 5967
10553 3 2 3 3 5968 5977 6175 6166
10554 3 2 2 2 6174 6183 5985 5976
10555 3 2 3 3 5977 5986 6184 6175
10556 3 2 2 2 6183 6192 5994 5985
10557 3 2 3 3 5986 5995 6193 6184
10558 3 2 2 2 6192 6201 6003 5994
10559 3 2 3 3 5995 6004 6202 6193
10560 3 2 2 2 6201 6210 6012 6003
10561 3 2 4 4 6013 6014 6212 6211
10562 3 2 3 3 6004 6013 6211 6202
10563 3 2 4 4 6014 6015 6213 6212
10564 3 2 4 4 6015 6016 6214 6213
10565 3 2 4 4 6016 6017 6215 6214
10566 3 2 4 4 6017 6018 6216 6215
10567 3 2 4 4 6018 6019 6217 6216
10568 3 2 4 4 6019 6020 6218 6217
10569 3 2 4 4 6020 6021 6219 6218
10570 3 2 2 2 6210 6219 6021 6012
10571 2 2 3 3 6022 6023 6220
10572 3 2 1 1 6220 6221 6024 6022
10573 3 2 1 1 6221 6222 6026 6024
10574 3 2 1 1 6222 6223 6028 6026
10575 3 2 1 1 6223 6224 6030 6028
10576 3 2 1 1 6224 6225 6032 6030
10577 3 2 1 1 6225 6226 6034 6032
10578 3 2 1 1 6226 6227 6036 6034
10579 2 2 2 2 6038 6228 6039
10580 3 2 1 1 6227 6228 6038 6036
10581 3 2 3 3 6023 6040 6229 6220
10582 3 2 2 2 6228 6237 6048 6039
10583 3 2 3 3 6040 6049 6238 6229
10584 3 2 2 2 6237 6246 6057 6048
10585 3 2 3 3 6049 6058 6247 6238
10586 3 2 2 2 6246 6255 6066 6057
10587 3 2 3 3 6058 6067 6256 6247
10588 3 2 2 2 6255 6264 6075 6066
10589 3 2 3 3 6067 6076 6265 6256
10590 3 2 2 2 6264 6273 6084 6075
10591 3 2 3 3 6076 6085 6274 6265
10592 3 2 2 2 6273 6282 6093 6084
10593 3 2 3 3 6085 6094 6283 6274
10594 3 2 2 2 6282 6291 6102 6093
10595 3 2 3 3 6094 6103 6292 6283
10596 3 2 2 2 6291 6300 6111 6102
10597 3 2 3 3 6103 6112 6301 6292
10598 3 2 2 2 6300 6309 6120 6111
10599 3 2 3 3 6112 6121 6310 6301
10600 3 2 2 2 6309 6318 6129 6120
10601 3 2 3 3 6121 6130 6319 6310
10602 3 2 2 2 6318 6327 6138 6129
10603 3 2 3 3 6130 6139 6328 6319
10604 3 2 2 2 6327 6336 6147 6138
10605 3 2 3 3 6139 6148 6337 6328
10606 3 2 2 2 6336 6345 6156 6147
10607 3 2 3 3 6148 6157 6346 6337
10608 3 2 2 2 6345 6354 6165 6156
10609 3 2 3 3 6157 6166 6355 6346
10610 3 2 2 2 6354 6363 6174 6165
10611 3 2 3 3 6166 6175 6364 6355
10612 3 2 2 2 6363 6372 6183 6174
10613 3 2 3 3 6175 6184 6373 6364
10614 3 2 2 2 6372 6381 6192 6183
10615 3 2 3 3 6184 6193 6382 6373
10616 3 2 2 2 6381 6390 6201 6192
10617 3 2 3 3 6193 6202 6391 6382
10618 3 2 2 2 6390 6399 6210 6201
10619 3 2 4 4 6211 6212 6401 6400
10620 3 2 3 3 6202 6211 6400 6391
10621 3 2 4 4 6212 6213 6402 6401
10622 3 2 4 4 6213 6214 6403 6402
10623 3 2 4 4 6214 6215 6404 6403
10624 3 2 4 4 6215 6216 6405 6404
10625 3 2 4 4 6216 6217 6406 6405
10626 3 2 4 4 6217 6218 6407 6406
10627 3 2 4 4 6218 6219 6408 6407
10628 3 2 2 2 6399 6408 6219 6210
10629 3 2 1 1 6220 6409 6411 6221
10630 3 2 3 3 6220 6229 6410 6409
10631 3 2 1 1 6221 6411 6413 6222
10632 3 2 1 1 6222 6413 6415 6223
10633 3 2 1 1 6223 6415 6417 6224
10634 3 2 1 1 6224 6417 6419 6225
10635 3 2 1 1 6225 6419 6421 6226
10636 3 2 1 1 6226 6421 6423 6227
10637 3 2 1 1 6227 6423 6425 6228
10638 3 2 2 2 6425 6426 6237 6228
10639 3 2 3 3 6229 6238 6427 6410
10640 3 2 2 2 6426 6435 6246 6237
10641 3 2 3 3 6238 6247 6436 6427
10642 3 2 2 2 6435 6444 6255 6246
10643 3 2 3 3 6247 6256 6445 6436
10644 3 2 2 2 6444 6453 6264 6255
10645 3 2 3 3 6256 6265 6454 6445
10646 3 2 2 2 6453 6462 6273 6264
10647 3 2 3 3 6265 6274 6463 6454
10648 3 2 2 2 6462 6471 6282 6273
10649 3 2 3 3 6274 6283 6472 6463
10650 3 2 2 2 6471 6480 6291 6282
10651 3 2 3 3 6283 6292 6481 6472
10652 3 2 2 2 6480 6489 6300 6291
10653 3 2 3 3 6292 6301 6490 6481
10654 3 2 2 2 6489 6498 6309 6300
10655 3 2 3 3 6301 6310 6499 6490
10656 3 2 2 2 6498 6507 6318 6309
10657 3 2 3 3 6310 6319 6508 6499
10658 3 2 2 2 6507 6516 6327 6318
10659 3 2 3 3 6319 6328 6517 6508
10660 3 2 2 2 6516 6525 6336 6327
10661 3 2 3 3 6328 6337 6526 6517
10662 3 2 2 2 6525 6534 6345 6336
10663 3 2 3 3 6337 6346 6535 6526
10664 3 2 2 2 6534 6543 6354 6345
10665 3 2 3 3 6346 6355 6544 6535
10666 3 2 2 2 6543 6552 6363 6354
10667 3 2 3 3 6355 6364 6553 6544
10668 3 2 2 2 6552 6561 6372 6363
10669 3 2 3 3 6364 6373 6562 6553
10670 3 2 2 2 6561 6570 6381 6372
10671 3 2 3 3 6373 6382 6571 6562
10672 3 2 2 2 6570 6579 6390 6381
10673 3 2 3 3 6382 6391 6580 6571
10674 3 2 2 2 6579 6588 6399 6390
10675 3 2 4 4 6400 6401 6590 6589
10676 3 2 3 3 6391 6400 6589 6580
10677 3 2 4 4 6401 6402 6591 6590
10678 3 2 4 4 6402 6403 6592 6591
10679 3 2 4 4 6403 6404 6593 6592
10680 3 2 4 4 6404 6405 6594 6593
10681 3 2 4 4 6405 6406 6595 6594
10682 3 2 4 4 6406 6407 6596 6595
10683 3 2 4 4 6407 6408 6597 6596
10684 3 2 2 2 6588 6597 6408 6399
10685 2 2 3 3 6409 6410 6598
10686 3 2 1 1 6598 6599 6411 6409
10687 3 2 1 1 6599 6600 6413 6411
10688 3 2 1 1 6600 6601 6415 6413
10689 3 2 1 1 6601 6602 6417 6415
10690 3 2 1 1 6602 6603 6419 6417
10691 3 2 1 1 6603 6604 6421 6419
10692 3 2 1 1 6604 6605 6423 6421
10693 2 2 2 2 6425 6606 6426
10694 3 2 1 1 6605 6606 6425 6423
10695 3 2 3 3 6410 6427 6607 6598
10696 3 2 2 2 6606 6615 6435 6426
10697 3 2 3 3 6427 6436 6616 6607
10698 3 2 2 2 6615 6624 6444 6435
10699 3 2 3 3 6436 6445 6625 6616
10700 3 2 2 2 6624 6633 6453 6444
10701 3 2 3 3 6445 6454 6634 6625
10702 3 2 2 2 6633 6642 6462 6453
10703 3 2 3 3 6454 6463 6643 6634
10704 3 2 2 2 6642 6651 6471 6462
10705 3 2 3 3 6463 6472 6652 6643
10706 3 2 2 2 6651 6660 6480 6471
10707 3 2 3 3 6472 6481 6661 6652
10708 3 2 2 2 6660 6669 6489 6480
10709 3 2 3 3 6481 6490 6670 6661
10710 3 2 2 2 6669 6678 6498 6489
10711 3 2 3 3 6490 6499 6679 6670
10712 3 2 2 2 6678 6687 6507 6498
10713 3 2 3 3 6499 6508 6688 6679
10714 3 2 2 2 6687 6696 6516 6507
10715 3 2 3 3 6508 6517 6697 6688
10716 3 2 2 2 6696 6705 6525 6516
10717 3 2 3 3 6517 6526 6706 6697
10718 3 2 2 2 6705 6714 6534 6525
10719 3 2 3 3 6526 6535 6715 6706
10720 3 2 2 2 6714 6723 6543 6534
10721 3 2 3 3 6535 6544 6724 6715
10722 3 2 2 2 6723 6732 6552 6543
10723 3 2 3 3 6544 6553 6733 6724
10724 3 2 2 2 6732 6741 6561 6552
10725 3 2 3 3 6553 6562 6742 6733
10726 3 2 2 2 6741 6750 6570 6561
10727 3 2 3 3 6562 6571 6751 6742
10728 3 2 2 2 6750 6759 6579 6570
10729 3 2 3 3 6571 6580 6760 6751
10730 3 2 2 2 6759 6768 6588 6579
10731 3 2 4 4 6589 6590 6770 6769
10732 3 2 3 3 6580 6589 6769 6760
10733 3 2 4 4 6590 6591 6771 6770
10734 3 2 4 4 6591 6592 6772 6771
10735 3 2 4 4 6592 6593 6773 6772
10736 3 2 4 4 6593 6594 6774 6773
10737 3 2 4 4 6594 6595 6775 6774
10738 3 2 4 4 6595 6596 6776 6775
10739 3 2 4 4 6596 6597 6777 6776
10740 3 2 2 2 6768 6777 6597 6588
10741 3 2 1 1 6598 6778 6780 6599
10742 3 2 3 3 6598 6607 6779 6778
10743 3 2 1 1 6599 6780 6782 6600
10744 3 2 1 1 6600 6782 6784 6601
10745 3 2 1 1 6601 6784 6786 6602
10746 3 2 1 1 6602 6786 6788 6603
10747 3 2 1 1 6603 6788 6790 6604
10748 3 2 1 1 6604 6790 6792 6605
10749 3 2 1 1 6605 6792 6794 6606
10750 3 2 2 2 6794 6795 6615 6606
10751 3 2 3 3 6607 6616 6796 6779
10752 3 2 2 2 6795 6804 6624 6615
10753 3 2 3 3 6616 6625 6805 6796
10754 3 2 2 2 6804 6813 6633 6624
10755 3 2 3 3 6625 6634 6814 6805
10756 3 2 2 2 6813 6822 6642 6633
10757 3 2 3 3 6634 6643 6823 6814
10758 3 2 2 2 6822 6831 6651 6642
10759 3 2 3 3 6643 6652 6832 6823
10760 3 2 2 2 6831 6840 6660 6651
10761 3 2 3 3 6652 6661 6841 6832
10762 3 2 2 2 6840 6849 6669 6660
10763 3 2 3 3 6661 6670 6850 6841
10764 3 2 2 2 6849 6858 6678 6669
10765 3 2 3 3 6670 6679 6859 6850
10766 3 2 2 2 6858 6867 6687 6678
10767 3 2 3 3 6679 6688 6868 6859
10768 3 2 2 2 6867 6876 6696 6687
10769 3 2 3 3 6688 6697 6877 6868
10770 3 2 2 2 6876 6885 6705 6696
10771 3 2 3 3 6697 6706 6886 6877
10772 3 2 2 2 6885 6894 6714 6705
10773 3 2 3 3 6706 6715 6895 6886
10774 3 2 2 2 6894 6903 6723 6714
10775 3 2 3 3 6715 6724 6904 6895
10776 3 2 2 2 6903 6912 6732 6723
10777 3 2 3 3 6724 6733 6913 6904
10778 3 2 2 2 6912 6921 6741 6732
10779 3 2 3 3 6733 6742 6922 6913
10780 3 2 2 2 6921 6930 6750 6741
10781 3 2 3 3 6742 6751 6931 6922
10782 3 2 2 2 6930 6939 6759 6750
10783 3 2 3 3 6751 6760 6940 6931
10784 3 2 2 2 6939 6948 6768 6759
10785 3 2 4 4 6769 6770 6950 6949
10786 3 2 3 3 6760 6769 6949 6940
10787 3 2 4 4 6770 6771 6951 6950
10788 3 2 4 4 6771 6772 6952 6951
10789 3 2 4 4 6772 6773 6953 6952
10790 3 2 4 4 6773 6774 6954 6953
10791 3 2 4 4 6774 6775 6955 6954
10792 3 2 4 4 6775 6776 6956 6955
10793 3 2 4 4 6776 6777 6957 6956
10794 3 2 2 2 6948 6957 6777 6768
10795 2 2 3 3 6778 6779 6958
10796 3 2 1 1 6958 6959 6780 6778
10797 3 2 1 1 6959 6960 6782 6780
10798 3 2 1 1 6960 6961 6784 6782
10799 3 2 1 1 6961 6962 6786 6784
10800 3 2 1 1 6962 6963 6788 6786
10801 3 2 1 1 6963 6964 6790 6788
10802 3 2 1 1 6964 6965 6792 6790
10803 2 2 2 2 6794 6966 6795
10804 3 2 1 1 6965 6966 6794 6792
10805 3 2 3 3 6779 6796 6967 6958
10806 3 2 2 2 6966 6975 6804 6795
10807 3 2 3 3 6796 6805 6976 6967
10808 3 2 2 2 6975 6984 6813 6804
10809 3 2 3 3 6805 6814 6985 6976
10810 3 2 2 2 6984 6993 6822 6813
10811 3 2 3 3 6814 6823 6994 6985
10812 3 2 2 2 6993 7002 6831 6822
10813 3 2 3 3 6823 6832 7003 6994
10814 3 2 2 2 7002 7011 6840 6831
10815 3 2 3 3 6832 6841 7012 7003
10816 3 2 2 2 7011 7020 6849 6840
10817 3 2 3 3 6841 6850 7021 7012
10818 3 2 2 2 7020 7029 6858 6849
10819 3 2 3 3 6850 6859 7030 7021
10820 3 2 2 2 7029 7038 6867 6858
10821 3 2 3 3 6859 6868 7039 7030
10822 3 2 2 2 7038 7047 6876 6867
10823 3 2 3 3 6868 6877 7048 7039
10824 3 2 2 2 7047 7056 6885 6876
10825 3 2 3 3 6877 6886 7057 7048
10826 3 2 2 2 7056 7065 6894 6885
10827 3 2 3 3 6886 6895 7066 7057
10828 3 2 2 2 7065 7074 6903 6894
10829 3 2 3 3 6895 6904 7075 7066
10830 3 2 2 2 7074 7083 6912 6903
10831 3 2 3 3 6904 6913 7084 7075
10832 3 2 2 2 7083 7092 6921 6912
10833 3 2 3 3 6913 6922 7093 7084
10834 3 2 2 2 7092 7101 6930 6921
10835 3 2 3 3 6922 6931 7102 7093
10836 3 2 2 2 7101 7110 6939 6930
10837 3 2 3 3 6931 6940 7111 7102
10838 3 2 2 2 7110 7119 6948 6939
10839 3 2 4 4 6949 6950 7121 7120
10840 3 2 3 3 6940 6949 7120 7111
10841 3 2 4 4 6950 6951 7122 7121
10842 3 2 4 4 6951 6952 7123 7122
10843 3 2 4 4 6952 6953 7124 7123
10844 3 2 4 4 6953 6954 7125 7124
10845 3 2 4 4 6954 6955 7126 7125
10846 3 2 4 4 6955 6956 7127 7126
10847 3 2 4 4 6956 6957 7128 7127
10848 3 2 2 2 7119 7128 6957 6948
10849 3 2 1 1 6958 7129 7131 6959
10850 3 2 3 3 6958 6967 7130 7129
10851 3 2 1 1 6959 7131 7133 6960
10852 3 2 1 1 6960 7133 7135 6961
10853 3 2 1 1 6961 7135 7137 6962
10854 3 2 1 1 6962 7137 7139 6963
10855 3 2 1 1 6963 7139 7141 6964
10856 3 2 1 1 6964 7141 7143 6965
10857 3 2 1 1 6965 7143 7145 6966
10858 3 2 2 2 7145 7146 6975 6966
10859 3 2 3 3 6967 6976 7147 7130
10860 3 2 2 2 7146 7155 6984 6975
10861 3 2 3 3 6976 6985 7156 7147
10862 3 2 2 2 7155 7164 6993 6984
10863 3 2 3 3 6985 6994 7165 7156
10864 3 2 2 2 7164 7173 7002 6993
10865 3 2 3 3 6994 7003 7174 7165
10866 3 2 2 2 7173 7182 7011 7002
10867 3 2 3 3 7003 7012 7183 7174
10868 3 2 2 2 7182 7191 7020 7011
10869 3 2 3 3 7012 7021 7192 7183
10870 3 2 2 2 7191 7200 7029 7020
10871 3 2 3 3 7021 7030 7201 7192
10872 3 2 2 2 7200 7209 7038 7029
10873 3 2 3 3 7030 7039 7210 7201
10874 3 2 2 2 7209 7218 7047 7038
10875 3 2 3 3 7039 7048 7219 7210
10876 3 2 2 2 7218 7227 7056 7047
10877 3 2 3 3 7048 7057 7228 7219
10878 3 2 2 2 7227 7236 7065 7056
10879 3 2 3 3 7057 7066 7237 7228
10880 3 2 2 2 7236 7245 7074 7065
10881 3 2 3 3 7066 7075 7246 7237
10882 3 2 2 2 7245 7254 7083 7074
10883 3 2 3 3 7075 7084 7255 7246
10884 3 2 2 2 7254 7263 7092 7083
10885 3 2 3 3 7084 7093 7264 7255
10886 3 2 2 2 7263 7272 7101 7092
10887 3 2 3 3 7093 7102 7273 7264
10888 3 2 2 2 7272 7281 7110 7101
10889 3 2 3 3 7102 7111 7282 7273
10890 3 2 2 2 7281 7290 7119 7110
10891 3 2 4 4 7120 7121 7292 7291
10892 3 2 3 3 7111 7120 7291 7282
10893 3 2 4 4 7121 7122 7293 7292
10894 3 2 4 4 7122 7123 7294 7293
10895 3 2 4 4 7123 7124 7295 7294
10896 3 2 4 4 7124 7125 7296 7295
10897 3 2 4 4 7125 7126 7297 7296
10898 3 2 4 4 7126 7127 7298 7297
10899 3 2 4 4 7127 7128 7299 7298
10900 3 2 2 2 7290 7299 7128 7119
10901 2 2 3 3 7129 7130 7300
10902 3 2 1 1 7300 7301 7131 7129
10903 3 2 1 1 7301 7302 7133 7131
10904 3 2 1 1 7302 7303 7135 7133
10905 3 2 1 1 7303 7304 7137 7135
10906 3 2 1 1 7304 7305 7139 7137
10907 3 2 1 1 7305 7306 7141 7139
10908 3 2 1 1 7306 7307 7143 7141
10909 2 2 2 2 7145 7308 7146
10910 3 2 1 1 7307 7308 7145 7143
10911 3 2 3 3 7130 7147 7309 7300
10912 3 2 2 2 7308 7317 7155 7146
10913 3 2 3 3 7147 7156 7318 7309
10914 3 2 2 2 7317 7326 7164 7155
10915 3 2 3 3 7156 7165 7327 7318
10916 3 2 2 2 7326 7335 7173 7164
10917 3 2 3 3 7165 7174 7336 7327
10918 3 2 2 2 7335 7344 7182 7173
10919 3 2 3 3 7174 7183 7345 7336
10920 3 2 2 2 7344 7353 7191 7182
10921 3 2 3 3 7183 7192 7354 7345
10922 3 2 2 2 7353 7362 7200 7191
10923 3 2 3 3 7192 7201 7363 7354
10924 3 2 2 2 7362 7371 7209 7200
10925 3 2 3 3 7201 7210 7372 7363
10926 3 2 2 2 7371 7380 7218 7209
10927 3 2 3 3 7210 7219 7381 7372
10928 3 2 2 2 7380 7389 7227 7218
10929 3 2 3 3 7219 7228 7390 7381
10930 3 2 2 2 7389 7398 7236 7227
10931 3 2 3 3 7228 7237 7399 7390
10932 3 2 2 2 7398 7407 7245 7236
10933 3 2 3 3 7237 7246 7408 7399
10934 3 2 2 2 7407 7416 7254 7245
10935 3 2 3 3 7246 7255 7417 7408
10936 3 2 2 2 7416 7425 7263 7254
10937 3 2 3 3 7255 7264 7426 7417
10938 3 2 2 2 7425 7434 7272 7263
10939 3 2 3 3 7264 7273 7435 7426
10940 3 2 2 2 7434 7443 7281 7272
10941 3 2 3 3 7273 7282 7444 7435
10942 3 2 2 2 7443 7452 7290 7281
10943 3 2 4 4 7291 7292 7454 7453
10944 3 2 3 3 7282 7291 7453 7444
10945 3 2 4 4 7292 7293 7455 7454
10946 3 2 4 4 7293 7294 7456 7455
10947 3 2 4 4 7294 7295 7457 7456
10948 3 2 4 4 7295 7296 7458 7457
10949 3 2 4 4 7296 7297 7459 7458
10950 3 2 4 4 7297 7298 7460 7459
10951 3 2 4 4 7298 7299 7461 7460
10952 3 2 2 2 7452 7461 7299 7290
10953 3 2 1 1 7300 7462 7464 7301
10954 3 2 3 3 7300 7309 7463 7462
10955 3 2 1 1 7301 7464 7466 7302
10956 3 2 1 1 7302 7466 7468 7303
10957 3 2 1 1 7303 7468 7470 7304
10958 3 2 1 1 7304 7470 7472 7305
10959 3 2 1 1 7305 7472 7474 7306
10960 3 2 1 1 7306 7474 7476 7307
10961 3 2 1 1 7307 7476 7478 7308
10962 3 2 2 2 7478 7479 7317 7308
10963 3 2 3 3 7309 7318 7480 7463
10964 3 2 2 2 7479 7488 7326 7317
10965 3 2 3 3 7318 7327 7489 7480
10966 3 2 2 2 7488 7497 7335 7326
10967 3 2 3 3 7327 7336 7498 7489
10968 3 2 2 2 7497 7506 7344 7335
10969 3 2 3 3 7336 7345 7507 7498
10970 3 2 2 2 7506 7515 7353 7344
10971 3 2 3 3 7345 7354 7516 7507
10972 3 2 2 2 7515 7524 7362 7353
10973 3 2 3 3 7354 7363 7525 7516
10974 3 2 2 2 7524 7533 7371 7362
10975 3 2 3 3 7363 7372 7534 7525
10976 3 2 2 2 7533 7542 7380 7371
10977 3 2 3 3 7372 7381 7543 7534
10978 3 2 2 2 7542 7551 7389 7380
10979 3 2 3 3 7381 7390 7552 7543
10980 3 2 2 2 7551 7560 7398 7389
10981 3 2 3 3 7390 7399 7561 7552
10982 3 2 2 2 7560 7569 7407 7398
10983 3 2 3 3 7399 7408 7570 7561
10984 3 2 2 2 7569 7578 7416 7407
10985 3 2 3 3 7408 7417 7579 7570
10986 3 2 2 2 7578 7587 7425 7416
10987 3 2 3 3 7417 7426 7588 7579
10988 3 2 2 2 7587 7596 7434 7425
10989 3 2 3 3 7426 7435 7597 7588
10990 3 2 2 2 7596 7605 7443 7434
10991 3 2 3 3 7435 7444 7606 7597
10992 3 2 2 2 7605 7614 7452 7443
10993 3 2 4 4 7453 7454 7616 7615
10994 3 2 3 3 7444 7453 7615 7606
10995 3 2 4 4 7454 7455 7617 7616
10996 3 2 4 4 7455 7456 7618 7617
10997 3 2 4 4 7456 7457 7619 7618
10998 3 2 4 4 7457 7458 7620 7619
10999 3 2 4 4 7458 7459 7621 7620
11000 3 2 4 4 7459 7460 7622 7621
11001 3 2 4 4 7460 7461 7623 7622
11002 3 2 2 2 7614 7623 7461 7452
11003 2 2 3 3 7462 7463 7624
11004 3 2 1 1 7624 7625 7464 7462
11005 3 2 1 1 7625 7626 7466 7464
11006 3 2 1 1 7626 7627 7468 7466
11007 3 2 1 1 7627 7628 7470 7468
11008 3 2 1 1 7628 7629 7472 7470
11009 3 2 1 1 7629 7630 7474 7472
11010 3 2 1 1 7630 7631 7476 7474
11011 2 2 2 2 7478 7632 7479
11012 3 2 1 1 7631 7632 7478 7476
11013 3 2 3 3 7463 7480 7633 7624
11014 3 2 2 2 7632 7641 7488 7479
11015 3 2 3 3 7480 7489 7642 7633
11016 3 2 2 2 7641 7650 7497 7488
11017 3 2 3 3 7489 7498 7651 7642
11018 3 2 2 2 7650 7659 7506 7497
11019 3 2 3 3 7498 7507 7660 7651
11020 3 2 2 2 7659 7668 7515 7506
11021 3 2 3 3 7507 7516 7669 7660
11022 3 2 2 2 7668 7677 7524 7515
11023 3 2 3 3 7516 7525 7678 7669
11024 3 2 2 2 7677 7686 7533 7524
11025 3 2 3 3 7525 7534 7687 7678
11026 3 2 2 2 7686 7695 7542 7533
11027 3 2 3 3 7534 7543 7696 7687
11028 3 2 2 2 7695 7704 7551 7542
11029 3 2 3 3 7543 7552 7705 7696
11030 3 2 2 2 7704 7713 7560 7551
11031 3 2 3 3 7552 7561 7714 7705
11032 3 2 2 2 7713 7722 7569 7560
11033 3 2 3 3 7561 7570 7723 7714
11034 3 2 2 2 7722 7731 7578 7569
11035 3 2 3 3 7570 7579 7732 7723
11036 3 2 2 2 7731 7740 7587 7578
11037 3 2 3 3 7579 7588 7741 7732
11038 3 2 2 2 7740 7749 7596 7587
11039 3 2 3 3 7588 7597 7750 7741
11040 3 2 2 2 7749 7758 7605 7596
11041 3 2 3 3 7597 7606 7759 7750
11042 3 2 2 2 7758 7767 7614 7605
11043 3 2 4 4 7615 7616 7769 7768
11044 3 2 3 3 7606 7615 7768 7759
11045 3 2 4 4 7616 7617 7770 7769
11046 3 2 4 4 7617 7618 7771 7770
11047 3 2 4 4 7618 7619 7772 7771
11048 3 2 4 4 7619 7620 7773 7772
11049 3 2 4 4 7620 7621 7774 7773
11050 3 2 4 4 7621 7622 7775 7774
11051 3 2 4 4 7622 7623 7776 7775
11052 3 2 2 2 7767 7776 7623 7614
11053 3 2 1 1 7624 7777 7779 7625
11054 3 2 3 3 7624 7633 7778 7777
11055 3 2 1 1 7625 7779 7781 7626
11056 3 2 1 1 7626 7781 7783 7627
11057 3 2 1 1 7627 7783 7785 7628
11058 3 2 1 1 7628 7785 7787 7629
11059 3 2 1 1 7629 7787 7789 7630
11060 3 2 1 1 7630 7789 7791 7631
11061 3 2 1 1 7631 7791 7793 7632
11062 3 2 2 2 7793 7794 7641 7632
11063 3 2 3 3 7633 7642 7795 7778
11064 3 2 2 2 7794 7803 7650 7641
11065 3 2 3 3 7642 7651 7804 7795
11066 3 2 2 2 7803 7812 7659 7650
11067 3 2 3 3 7651 7660 7813 7804
11068 3 2 2 2 7812 7821 7668 7659
11069 3 2 3 3 7660 7669 7822 7813
11070 3 2 2 2 7821 7830 7677 7668
11071 3 2 3 3 7669 7678 7831 7822
11072 3 2 2 2 7830 7839 7686 7677
11073 3 2 3 3 7678 7687 7840 7831
11074 3 2 2 2 7839 7848 7695 7686
11075 3 2 3 3 7687 7696 7849 7840
11076 3 2 2 2 7848 7857 7704 7695
11077 3 2 3 3 7696 7705 7858 7849
11078 3 2 2 2 7857 7866 7713 7704
11079 3 2 3 3 7705 7714 7867 7858
11080 3 2 2 2 7866 7875 7722 7713
11081 3 2 3 3 7714 7723 7876 7867
11082 3 2 2 2 7875 7884 7731 7722
11083 3 2 3 3 7723 7732 7885 7876
11084 3 2 2 2 7884 7893 7740 7731
11085 3 2 3 3 7732 7741 7894 7885
11086 3 2 2 2 7893 7902 7749 7740
11087 3 2 3 3 7741 7750 7903 7894
11088 3 2 2 2 7902 7911 7758 7749
11089 3 2 3 3 7750 7759 7912 7903
11090 3 2 2 2 7911 7920 7767 7758
11091 3 2 4 4 7768 7769 7922 7921
11092 3 2 3 3 7759 7768 7921 7912
11093 3 2 4 4 7769 7770 7923 7922
11094 3 2 4 4 7770 7771 7924 7923
11095 3 2 4 4 7771 7772 7925 7924
11096 3 2 4 4 7772 7773 7926 7925
11097 3 2 4 4 7773 7774 7927 7926
11098 3 2 4 4 7774 7775 7928 7927
11099 3 2 4 4 7775 7776 7929 7928
11100 3 2 2 2 7920 7929 7776 7767
11101 2 2 3 3 7777 7778 7930
11102 3 2 1 1 7930 7931 7779 7777
11103 3 2 1 1 7931 7932 7781 7779
11104 3 2 1 1 7932 7933 7783 7781
11105 3 2 1 1 7933 7934 7785 7783
11106 3 2 1 1 7934 7935 7787 7785
11107 3 2 1 1 7935 7936 7789 7787
11108 3 2 1 1 7936 7937 7791 7789
11109 2 2 2 2 7793 7938 7794
11110 3 2 1 1 7937 7938 7793 7791
11111 3 2 3 3 7778 7795 7939 7930
11112 3 2 2 2 7938 7947 7803 7794
11113 3 2 3 3 7795 7804 7948 7939
11114 3 2 2 2 7947 7956 7812 7803
11115 3 2 3 3 7804 7813 7957 7948
11116 3 2 2 2 7956 7965 7821 7812
11117 3 2 3 3 7813 7822 7966 7957
11118 3 2 2 2 7965 7974 7830 7821
11119 3 2 3 3 7822 7831 7975 7966
11120 3 2 2 2 7974 7983 7839 7830
11121 3 2 3 3 7831 7840 7984 7975
11122 3 2 2 2 7983 7992 7848 7839
11123 3 2 3 3 7840 7849 7993 7984
11124 3 2 2 2 7992 8001 7857 7848
11125 3 2 3 3 7849 7858 8002 7993
11126 3 2 2 2 8001 8010 7866 7857
11127 3 2 3 3 7858 7867 8011 8002
11128 3 2 2 2 8010 8019 7875 7866
11129 3 2 3 3 7867 7876 8020 8011
11130 3 2 2 2 8019 8028 7884 7875
11131 3 2 3 3 7876 7885 8029 8020
11132 3 2 2 2 8028 8037 7893 7884
11133 3 2 3 3 7885 7894 8038 8029
11134 3 2 2 2 8037 8046 7902 7893
11135 3 2 3 3 7894 7903 8047 8038
11136 3 2 2 2 8046 8055 7911 7902
11137 3 2 3 3 7903 7912 8056 8047
11138 3 2 2 2 8055 8064 7920 7911
11139 3 2 4 4 7921 7922 8066 8065
11140 3 2 3 3 7912 7921 8065 8056
11141 3 2 4 4 7922 7923 8067 8066
11142 3 2 4 4 7923 7924 8068 8067
11143 3 2 4 4 7924 7925 8069 8068
11144 3 2 4 4 7925 7926 8070 8069
11145 3 2 4 4 7926 7927 8071 8070
11146 3 2 4 4 7927 7928 8072 8071
11147 3 2 4 4 7928 7929 8073 8072
11148 3 2 2 2 8064 8073 7929 7920
11149 3 2 1 1 7930 8074 8076 7931
11150 3 2 3 3 7930 7939 8075 8074
11151 3 2 1 1 7931 8076 8078 7932
11152 3 2 1 1 7932 8078 8080 7933
11153 3 2 1 1 7933 8080 8082 7934
11154 3 2 1 1 7934 8082 8084 7935
11155 3 2 1 1 7935 8084 8086 7936
11156 3 2 1 1 7936 8086 8088 7937
11157 3 2 1 1 7937 8088 8090 7938
11158 3 2 2 2 8090 8091 7947 7938
11159 3 2 3 3 7939 7948 8092 8075
11160 3 2 2 2 8091 8100 7956 7947
11161 3 2 3 3 7948 7957 8101 8092
11162 3 2 2 2 8100 8109 7965 7956
11163 3 2 3 3 7957 7966 8110 8101
11164 3 2 2 2 8109 8118 7974 7965
11165 3 2 3 3 7966 7975 8119 8110
11166 3 2 2 2 8118 8127 7983 7974
11167 3 2 3 3 7975 7984 8128 8119
11168 3 2 2 2 8127 8136 7992 7983
11169 3 2 3 3 7984 7993 8137 8128
11170 3 2 2 2 8136 8145 8001 7992
11171 3 2 3 3 7993 8002 8146 8137
11172 3 2 2 2 8145 8154 8010 8001
11173 3 2 3 3 8002 8011 8155 8146
11174 3 2 2 2 8154 8163 8019 8010
11175 3 2 3 3 8011 8020 8164 8155
11176 3 2 2 2 8163 8172 8028 8019
11177 3 2 3 3 8020 8029 8173 8164
11178 3 2 2 2 8172 8181 8037 8028
11179 3 2 3 3 8029 8038 8182 8173
11180 3 2 2 2 8181 8190 8046 8037
11181 3 2 3 3 8038 8047 8191 8182
11182 3 2 2 2 8190 8199 8055 8046
11183 3 2 3 3 8047 8056 8200 8191
11184 3 2 2 2 8199 8208 8064 8055
11185 3 2 4 4 8065 8066 8210 8209
11186 3 2 3 3 8056 8065 8209 8200
11187 3 2 4 4 8066 8067 8211 8210
11188 3 2 4 4 8067 8068 8212 8211
11189 3 2 4 4 8068 8069 8213 8212
11190 3 2 4 4 8069 8070 8214 8213
11191 3 2 4 4 8070 8071 8215 8214
11192 3 2 4 4 8071 8072 8216 8215
11193 3 2 4 4 8072 8073 8217 8216
11194 3 2 2 2 8208 8217 8073 8064
11195 2 2 3 3 8074 8075 8218
11196 3 2 1 1 8218 8219 8076 8074
11197 3 2 1 1 8219 8220 8078 8076
11198 3 2 1 1 8220 8221 8080 8078
11199 3 2 1 1 8221 8222 8082 8080
11200 3 2 1 1 8222 8223 8084 8082
11201 3 2 1 1 8223 8224 8086 8084
11202 3 2 1 1 8224 8225 8088 8086
11203 2 2 2 2 8090 8226 8091
11204 3 2 1 1 8225 8226 8090 8088
11205 3 2 3 3 8075 8092 8227 8218
11206 3 2 2 2 8226 8235 8100 8091
11207 3 2 3 3 8092 8101 8236 8227
11208 3 2 2 2 8235 8244 8109 8100
11209 3 2 3 3 8101 8110 8245 8236
11210 3 2 2 2 8244 8253 8118 8109
11211 3 2 3 3 8110 8119 8254 8245
11212 3 2 2 2 8253 8262 8127 8118
11213 3 2 3 3 8119 8128 8263 8254
11214 3 2 2 2 8262 8271 8136 8127
11215 3 2 3 3 8128 8137 8272 8263
11216 3 2 2 2 8271 8280 8145 8136
11217 3 2 3 3 8137 8146 8281 8272
11218 3 2 2 2 8280 8289 8154 8145
11219 3 2 3 3 8146 8155 8290 8281
11220 3 2 2 2 8289 8298 8163 8154
11221 3 2 3 3 8155 8164 8299 8290
11222 3 2 2 2 8298 8307 8172 8163
11223 3 2 3 3 8164 8173 8308 8299
11224 3 2 2 2 8307 8316 8181 8172
11225 3 2 3 3 8173 8182 8317 8308
11226 3 2 2 2 8316 8325 8190 8181
11227 3 2 3 3 8182 8191 8326 8317
11228 3 2 2 2 8325 8334 8199 8190
11229 3 2 3 3 8191 8200 8335 8326
11230 3 2 2 2 8334 8343 8208 8199
11231 3 2 4 4 8209 8210 8345 8344
11232 3 2 3 3 8200 8209 8344 8335
11233 3 2 4 4 8210 8211 8346 8345
11234 3 2 4 4 8211 8212 8347 8346
11235 3 2 4 4 8212 8213 8348 8347
11236 3 2 4 4 8213 8214 8349 8348
11237 3 2 4 4 8214 8215 8350 8349
11238 3 2 4 4 8215 8216 8351 8350
11239 3 2 4 4 8216 8217 8352 8351
11240 3 2 2 2 8343 8352 8217 8208
11241 3 2 1 1 8218 8353 8355 8219
11242 3 2 3 3 8218 8227 8354 8353
11243 3 2 1 1 8219 8355 8357 8220
11244 3 2 1 1 8220 8357 8359 8221
11245 3 2 1 1 8221 8359 8361 8222
11246 3 2 1 1 8222 8361 8363 8223
11247 3 2 1 1 8223 8363 8365 8224
11248 3 2 1 1 8224 8365 8367 8225
11249 3 2 1 1 8225 8367 8369 8226
11250 3 2 2 2 8369 8370 8235 8226
11251 3 2 3 3 8227 8236 8371 8354
11252 3 2 2 2 8370 8379 8244 8235
11253 3 2 3 3 8236 8245 8380 8371
11254 3 2 2 2 8379 8388 8253 8244
11255 3 2 3 3 8245 8254 8389 8380
11256 3 2 2 2 8388 8397 8262 8253
11257 3 2 3 3 8254 8263 8398 8389
11258 3 2 2 2 8397 8406 8271 8262
11259 3 2 3 3 8263 8272 8407 8398
11260 3 2 2 2 8406 8415 8280 8271
11261 3 2 3 3 8272 8281 8416 8407
11262 3 2 2 2 8415 8424 8289 8280
11263 3 2 3 3 8281 8290 8425 8416
11264 3 2 2 2 8424 8433 8298 8289
11265 3 2 3 3 8290 8299 8434 8425
11266 3 2 2 2 8433 8442 8307 8298
11267 3 2 3 3 8299 8308 8443 8434
11268 3 2 2 2 8442 8451 8316 8307
11269 3 2 3 3 8308 8317 8452 8443
11270 3 2 2 2 8451 8460 8325 8316
11271 3 2 3 3 8317 8326 8461 8452
11272 3 2 2 2 8460 8469 8334 8325
11273 3 2 3 3 8326 8335 8470 8461
11274 3 2 2 2 8469 8478 8343 8334
11275 3 2 4 4 8344 8345 8480 8479
11276 3 2 3 3 8335 8344 8479 8470
11277 3 2 4 4 8345 8346 8481 8480
11278 3 2 4 4 8346 8347 8482 8481
11279 3 2 4 4 8347 8348 8483 8482
11280 3 2 4 4 8348 8349 8484 8483
11281 3 2 4 4 8349 8350 8485 8484
11282 3 2 4 4 8350 8351 8486 8485
11283 3 2 4 4 8351 8352 8487 8486
11284 3 2 2 2 8478 8487 8352 8343
11285 2 2 3 3 8353 8354 8488
11286 3 2 1 1 8488 8489 8355 8353
11287 3 2 1 1 8489 8490 8357 8355
11288 3 2 1 1 8490 8491 8359 8357
11289 3 2 1 1 8491 8492 8361 8359
11290 3 2 1 1 8492 8493 8363 8361
11291 3 2 1 1 8493 8494 8365 8363
11292 3 2 1 1 8494 8495 8367 8365
11293 2 2 2 2 8369 8496 8370
11294 3 2 1 1 8495 8496 8369 8367
11295 3 2 3 3 8354 8371 8497 8488
11296 3 2 2 2 8496 8505 8379 8370
11297 3 2 3 3 8371 8380 8506 8497
11298 3 2 2 2 8505 8514 8388 8379
11299 3 2 3 3 8380 8389 8515 8506
11300 3 2 2 2 8514 8523 8397 8388
11301 3 2 3 3 8389 8398 8524 8515
11302 3 2 2 2 8523 8532 8406 8397
11303 3 2 3 3 8398 8407 8533 8524
11304 3 2 2 2 8532 8541 8415 8406
11305 3 2 3 3 8407 8416 8542 8533
11306 3 2 2 2 8541 8550 8424 8415
11307 3 2 3 3 8416 8425 8551 8542
11308 3 2 2 2 8550 8559 8433 8424
11309 3 2 3 3 8425 8434 8560 8551
11310 3 2 2 2 8559 8568 8442 8433
11311 3 2 3 3 8434 8443 8569 8560
11312 3 2 2 2 8568 8577 8451 8442
11313 3 2 3 3 8443 8452 8578 8569
11314 3 2 2 2 8577 8586 8460 8451
11315 3 2 3 3 8452 8461 8587 8578
11316 3 2 2 2 8586 8595 8469 8460
11317 3 2 3 3 8461 8470 8596 8587
11318 3 2 2 2 8595 8604 8478 8469
11319 3 2 4 4 8479 8480 8606 8605
11320 3 2 3 3 8470 8479 8605 8596
11321 3 2 4 4 8480 8481 8607 8606
11322 3 2 4 4 8481 8482 8608 8607
11323 3 2 4 4 8482 8483 8609 8608
11324 3 2 4 4 8483 8484 8610 8609
11325 3 2 4 4 8484 8485 8611 8610
11326 3 2 4 4 8485 8486 8612 8611
11327 3 2 4 4 8486 8487 8613 8612
11328 3 2 2 2 8604 8613 8487 8478
11329 3 2 1 1 8488 8614 8616 8489
11330 3 2 3 3 8488 8497 8615 8614
11331 3 2 1 1 8489 8616 8618 8490
11332 3 2 1 1 8490 8618 8620 8491
11333 3 2 1 1 8491 8620 8622 8492
11334 3 2 1 1 8492 8622 8624 8493
11335 3 2 1 1 8493 8624 8626 8494
11336 3 2 1 1 8494 8626 8628 8495
11337 3 2 1 1 8495 8628 8630 8496
11338 3 2 2 2 8630 8631 8505 8496
11339 3 2 3 3 8497 8506 8632 8615
11340 3 2 2 2 8631 8640 8514 8505
11341 3 2 3 3 8506 8515 8641 8632
11342 3 2 2 2 8640 8649 8523 8514
11343 3 2 3 3 8515 8524 8650 8641
11344 3 2 2 2 8649 8658 8532 8523
11345 3 2 3 3 8524 8533 8659 8650
11346 3 2 2 2 8658 8667 8541 8532
11347 3 2 3 3 8533 8542 8668 8659
11348 3 2 2 2 8667 8676 8550 8541
11349 3 2 3 3 8542 8551 8677 8668
11350 3 2 2 2 8676 8685 8559 8550
11351 3 2 3 3 8551 8560 8686 8677
11352 3 2 2 2 8685 8694 8568 8559
11353 3 2 3 3 8560 8569 8695 8686
11354 3 2 2 2 8694 8703 8577 8568
11355 3 2 3 3 8569 8578 8704 8695
11356 3 2 2 2 8703 8712 8586 8577
11357 3 2 3 3 8578 8587 8713 8704
11358 3 2 2 2 8712 8721 8595 8586
11359 3 2 3 3 8587 8596 8722 8713
11360 3 2 2 2 8721 8730 8604 8595
11361 3 2 4 4 8605 8606 8732 8731
11362 3 2 3 3 8596 8605 8731 8722
11363 3 2 4 4 8606 8607 8733 8732
11364 3 2 4 4 8607 8608 8734 8733
11365 3 2 4 4 8608 8609 8735 8734
11366 3 2 4 4 8609 8610 8736 8735
11367 3 2 4 4 8610 8611 8737 8736
11368 3 2 4 4 8611 8612 8738 8737
11369 3 2 4 4 8612 8613 8739 8738
11370 3 2 2 2 8730 8739 8613 8604
11371 2 2 3 3 8614 8615 8740
11372 3 2 1 1 8740 8741 8616 8614
11373 3 2 1 1 8741 8742 8618 8616
11374 3 2 1 1 8742 8743 8620 8618
11375 3 2 1 1 8743 8744 8622 8620
11376 3 2 1 1 8744 8745 8624 8622
11377 3 2 1 1 8745 8746 8626 8624
11378 3 2 1 1 8746 8747 8628 8626
11379 2 2 2 2 8630 8748 8631
11380 3 2 1 1 8747 8748 8630 8628
11381 3 2 3 3 8615 8632 8749 8740
11382 3 2 2 2 8748 8757 8640 8631
11383 3 2 3 3 8632 8641 8758 8749
11384 3 2 2 2 8757 8766 8649 8640
11385 3 2 3 3 8641 8650 8767 8758
11386 3 2 2 2 8766 8775 8658 8649
11387 3 2 3 3 8650 8659 8776 8767
11388 3 2 2 2 8775 8784 8667 8658
11389 3 2 3 3 8659 8668 8785 8776
11390 3 2 2 2 8784 8793 8676 8667
11391 3 2 3 3 8668 8677 8794 8785
11392 3 2 2 2 8793 8802 8685 8676
11393 3 2 3 3 8677 8686 8803 8794
11394 3 2 2 2 8802 8811 8694 8685
11395 3 2 3 3 8686 8695 8812 8803
11396 3 2 2 2 8811 8820 8703 8694
11397 3 2 3 3 8695 8704 8821 8812
11398 3 2 2 2 8820 8829 8712 8703
11399 3 2 3 3 8704 8713 8830 8821
11400 3 2 2 2 8829 8838 8721 8712
11401 3 2 3 3 8713 8722 8839 8830
11402 3 2 2 2 8838 8847 8730 8721
11403 3 2 4 4 8731 8732 8849 8848
11404 3 2 3 3 8722 8731 8848 8839
11405 3 2 4 4 8732 8733 8850 8849
11406 3 2 4 4 8733 8734 8851 8850
11407 3 2 4 4 8734 8735 8852 8851
11408 3 2 4 4 8735 8736 8853 8852
11409 3 2 4 4 8736 8737 8854 8853
11410 3 2 4 4 8737 8738 8855 8854
11411 3 2 4 4 8738 8739 8856 8855
11412 3 2 2 2 8847 8856 8739 8730
11413 3 2 1 1 8740 8857 8859 8741
11414 3 2 3 3 8740 8749 8858 8857
11415 3 2 1 1 8741 8859 8861 8742
11416 3 2 1 1 8742 8861 8863 8743
11417 3 2 1 1 8743 8863 8865 8744
11418 3 2 1 1 8744 8865 8867 8745
11419 3 2 1 1 8745 8867 8869 8746
11420 3 2 1 1 8746 8869 8871 8747
11421 3 2 1 1 8747 8871 8873 8748
11422 3 2 2 2 8873 8874 8757 8748
11423 3 2 3 3 8749 8758 8875 8858
11424 3 2 2 2 8874 8883 8766 8757
11425 3 2 3 3 8758 8767 8884 8875
11426 3 2 2 2 8883 8892 8775 8766
11427 3 2 3 3 8767 8776 8893 8884
11428 3 2 2 2 8892 8901 8784 8775
11429 3 2 3 3 8776 8785 8902 8893
11430 3 2 2 2 8901 8910 8793 8784
11431 3 2 3 3 8785 8794 8911 8902
11432 3 2 2 2 8910 8919 8802 8793
11433 3 2 3 3 8794 8803 8920 8911
11434 3 2 2 2 8919 8928 8811 8802
11435 3 2 3 3 8803 8812 8929 8920
11436 3 2 2 2 8928 8937 8820 8811
11437 3 2 3 3 8812 8821 8938 8929
11438 3 2 2 2 8937 8946 8829 8820
11439 3 2 3 3 8821 8830 8947 8938
11440 3 2 2 2 8946 8955 8838 8829
11441 3 2 3 3 8830 8839 8956 8947
11442 3 2 2 2 8955 8964 8847 8838
11443 3 2 4 4 8848 8849 8966 8965
11444 3 2 3 3 8839 8848 8965 8956
11445 3 2 4 4 8849 8850 8967 8966
11446 3 2 4 4 8850 8851 8968 8967
11447 3 2 4 4 8851 8852 8969 8968
11448 3 2 4 4 8852 8853 8970 8969
11449 3 2 4 4 8853 8854 8971 8970
11450 3 2 4 4 8854 8855 8972 8971
11451 3 2 4 4 8855 8856 8973 8972
11452 3 2 2 2 8964 8973 8856 8847
11453 2 2 3 3 8857 8858 8974
11454 3 2 1 1 8974 8975 8859 8857
11455 3 2 1 1 8975 8976 8861 8859
11456 3 2 1 1 8976 8977 8863 8861
11457 3 2 1 1 8977 8978 8865 8863
11458 3 2 1 1 8978 8979 8867 8865
11459 3 2 1 1 8979 8980 8869 8867
11460 3 2 1 1 8980 8981 8871 8869
11461 2 2 2 2 8873 8982 8874
11462 3 2 1 1 8981 8982 8873 8871
11463 3 2 3 3 8858 8875 8983 8974
11464 3 2 2 2 8982 8991 8883 8874
11465 3 2 3 3 8875 8884 8992 8983
11466 3 2 2 2 8991 9000 8892 8883
11467 3 2 3 3 8884 8893 9001 8992
11468 3 2 2 2 9000 9009 8901 8892
11469 3 2 3 3 8893 8902 9010 9001
11470 3 2 2 2 9009 9018 8910 8901
11471 3 2 3 3 8902 8911 9019 9010
11472 3 2 2 2 9018 9027 8919 8910
11473 3 2 3 3 8911 8920 9028 9019
11474 3 2 2 2 9027 9036 8928 8919
11475 3 2 3 3 8920 8929 9037 9028
11476 3 2 2 2 9036 9045 8937 8928
11477 3 2 3 3 8929 8938 9046 9037
11478 3 2 2 2 9045 9054 8946 8937
11479 3 2 3 3 8938 8947 9055 9046
11480 3 2 2 2 9054 9063 8955 8946
11481 3 2 3 3 8947 8956 9064 9055
11482 3 2 2 2 9063 9072 8964 8955
11483 3 2 4 4 8965 8966 9074 9073
11484 3 2 3 3 8956 8965 9073 9064
11485 3 2 4 4 8966 8967 9075 9074
11486 3 2 4 4 8967 8968 9076 9075
11487 3 2 4 4 8968 8969 9077 9076
11488 3 2 4 4 8969 8970 9078 9077
11489 3 2 4 4 8970 8971 9079 9078
11490 3 2 4 4 8971 8972 9080 9079
11491 3 2 4 4 8972 8973 9081 9080
11492 3 2 2 2 9072 9081 8973 8964
11493 3 2 1 1 8974 9082 9084 8975
11494 3 2 3 3 8974 8983 9083 9082
11495 3 2 1 1 8975 9084 9086 8976
11496 3 2 1 1 8976 9086 9088 8977
11497 3 2 1 1 8977 9088 9090 8978
11498 3 2 1 1 8978 9090 9092 8979
11499 3 2 1 1 8979 9092 9094 8980
11500 3 2 1 1 8980 9094 9096 8981
11501 3 2 1 1 8981 9096 9098 8982
11502 3 2 2 2 9098 9099 8991 8982
11503 3 2 3 3 8983 8992 9100 9083
11504 3 2 2 2 9099 9108 9000 8991
11505 3 2 3 3 8992 9001 9109 9100
11506 3 2 2 2 9108 9117 9009 9000
11507 3 2 3 3 9001 9010 9118 9109
11508 3 2 2 2 9117 9126 9018 9009
11509 3 2 3 3 9010 9019 9127 9118
11510 3 2 2 2 9126 9135 9027 9018
11511 3 2 3 3 9019 9028 9136 9127
11512 3 2 2 2 9135 9144 9036 9027
11513 3 2 3 3 9028 9037 9145 9136
11514 3 2 2 2 9144 9153 9045 9036
11515 3 2 3 3 9037 9046 9154 9145
11516 3 2 2 2 9153 9162 9054 9045
11517 3 2 3 3 9046 9055 9163 9154
11518 3 2 2 2 9162 9171 9063 9054
11519 3 2 3 3 9055 9064 9172 9163
11520 3 2 2 2 9171 9180 9072 9063
11521 3 2 4 4 9073 9074 9182 9181
11522 3 2 3 3 9064 9073 9181 9172
11523 3 2 4 4 9074 9075 9183 9182
11524 3 2 4 4 9075 9076 9184 9183
11525 3 2 4 4 9076 9077 9185 9184
11526 3 2 4 4 9077 9078 9186 9185
11527 3 2 4 4 9078 9079 9187 9186
11528 3 2 4 4 9079 9080 9188 9187
11529 3 2 4 4 9080 9081 9189 9188
11530 3 2 2 2 9180 9189 9081 9072
11531 2 2 3 3 9082 9083 9190
11532 3 2 1 1 9190 9191 9084 9082
11533 3 2 1 1 9191 9192 9086 9084
11534 3 2 1 1 9192 9193 9088 9086
11535 3 2 1 1 9193 9194 9090 9088
11536 3 2 1 1 9194 9195 9092 9090
11537 3 2 1 1 9195 9196 9094 9092
11538 3 2 1 1 9196 9197 9096 9094
11539 2 2 2 2 9098 9198 9099
11540 3 2 1 1 9197 9198 9098 9096
11541 3 2 3 3 9083 9100 9199 9190
11542 3 2 2 2 9198 9207 9108 9099
11543 3 2 3 3 9100 9109 9208 9199
11544 3 2 2 2 9207 9216 9117 9108
11545 3 2 3 3 9109 9118 9217 9208
11546 3 2 2 2 9216 9225 9126 9117
11547 3 2 3 3 9118 9127 9226 9217
11548 3 2 2 2 9225 9234 9135 9126
11549 3 2 3 3 9127 9136 9235 9226
11550 3 2 2 2 9234 9243 9144 9135
11551 3 2 3 3 9136 9145 9244 9235
11552 3 2 2 2 9243 9252 9153 9144
11553 3 2 3 3 9145 9154 9253 9244
11554 3 2 2 2 9252 9261 9162 9153
11555 3 2 3 3 9154 9163 9262 9253
11556 3 2 2 2 9261 9270 9171 9162
11557 3 2 3 3 9163 9172 9271 9262
11558 3 2 2 2 9270 9279 9180 9171
11559 3 2 4 4 9181 9182 9281 9280
11560 3 2 3 3 9172 9181 9280 9271
11561 3 2 4 4 9182 9183 9282 9281
11562 3 2 4 4 9183 9184 9283 9282
11563 3 2 4 4 9184 9185 9284 9283
11564 3 2 4 4 9185 9186 9285 9284
11565 3 2 4 4 9186 9187 9286 9285
11566 3 2 4 4 9187 9188 9287 9286
11567 3 2 4 4 9188 9189 9288 9287
11568 3 2 2 2 9279 9288 9189 9180
11569 3 2 1 1 9190 9289 9291 9191
11570 3 2 3 3 9190 9199 9290 9289
11571 3 2 1 1 9191 9291 9293 9192
11572 3 2 1 1 9192 9293 9295 9193
11573 3 2 1 1 9193 9295 9297 9194
11574 3 2 1 1 9194 9297 9299 9195
11575 3 2 1 1 9195 9299 9301 9196
11576 3 2 1 1 9196 9301 9303 9197
11577 3 2 1 1 9197 9303 9305 9198
11578 3 2 2 2 9305 9306 9207 9198
11579 3 2 3 3 9199 9208 9307 9290
11580 3 2 2 2 9306 9315 9216 9207
11581 3 2 3 3 9208 9217 9316 9307
11582 3 2 2 2 9315 9324 9225 9216
11583 3 2 3 3 9217 9226 9325 9316
11584 3 2 2 2 9324 9333 9234 9225
11585 3 2 3 3 9226 9235 9334 9325
11586 3 2 2 2 9333 9342 9243 9234
11587 3 2 3 3 9235 9244 9343 9334
11588 3 2 2 2 9342 9351 9252 9243
11589 3 2 3 3 9244 9253 9352 9343
11590 3 2 2 2 9351 9360 9261 9252
11591 3 2 3 3 9253 9262 9361 9352
11592 3 2 2 2 9360 9369 9270 9261
11593 3 2 3 3 9262 9271 9370 9361
11594 3 2 2 2 9369 9378 9279 9270
11595 3 2 4 4 9280 9281 9380 9379
11596 3 2 3 3 9271 9280 9379 9370
11597 3 2 4 4 9281 9282 9381 9380
11598 3 2 4 4 9282 9283 9382 9381
11599 3 2 4 4 9283 9284 9383 9382
11600 3 2 4 4 9284 9285 9384 9383
11601 3 2 4 4 9285 9286 9385 9384
11602 3 2 4 4 9286 9287 9386 9385
11603 3 2 4 4 9287 9288 9387 9386
11604 3 2 2 2 9378 9387 9288 9279
11605 2 2 3 3 9289 9290 9388
11606 3 2 1 1 9388 9389 9291 9289
11607 3 2 1 1 9389 9390 9293 9291
11608 3 2 1 1 9390 9391 9295 9293
11609 3 2 1 1 9391 9392 9297 9295
11610 3 2 1 1 9392 9393 9299 9297
11611 3 2 1 1 9393 9394 9301 9299
11612 3 2 1 1 9394 9395 9303 9301
11613 2 2 2 2 9305 9396 9306
11614 3 2 1 1 9395 9396 9305 9303
11615 3 2 3 3 9290 9307 9397 9388
11616 3 2 2 2 9396 9405 9315 9306
11617 3 2 3 3 9307 9316 9406 9397
11618 3 2 2 2 9405 9414 9324 9315
11619 3 2 3 3 9316 9325 9415 9406
11620 3 2 2 2 9414 9423 9333 9324
11621 3 2 3 3 9325 9334 9424 9415
11622 3 2 2 2 9423 9432 9342 9333
11623 3 2 3 3 9334 9343 9433 9424
11624 3 2 2 2 9432 9441 9351 9342
11625 3 2 3 3 9343 9352 9442 9433
11626 3 2 2 2 9441 9450 9360 9351
11627 3 2 3 3 9352 9361 9451 9442
11628 3 2 2 2 9450 9459 9369 9360
11629 3 2 3 3 9361 9370 9460 9451
11630 3 2 2 2 9459 9468 9378 9369
11631 3 2 4 4 9379 9380 9470 9469
11632 3 2 3 3 9370 9379 9469 9460
11633 3 2 4 4 9380 9381 9471 9470
11634 3 2 4 4 9381 9382 9472 9471
11635 3 2 4 4 9382 9383 9473 9472
11636 3 2 4 4 9383 9384 9474 9473
11637 3 2 4 4 9384 9385 9475 9474
11638 3 2 4 4 9385 9386 9476 9475
11639 3 2 4 4 9386 9387 9477 9476
11640 3 2 2 2 9468 9477 9387 9378
11641 3 2 1 1 9388 9478 9480 9389
11642 3 2 3 3 9388 9397 9479 9478
11643 3 2 1 1 9389 9480 9482 9390
11644 3 2 1 1 9390 9482 9484 9391
11645 3 2 1 1 9391 9484 9486 9392
11646 3 2 1 1 9392 9486 9488 9393
11647 3 2 1 1 9393 9488 9490 9394
11648 3 2 1 1 9394 9490 9492 9395
11649 3 2 1 1 9395 9492 9494 9396
11650 3 2 2 2 9494 9495 9405 9396
11651 3 2 3 3 9397 9406 9496 9479
11652 3 2 2 2 9495 9504 9414 9405
11653 3 2 3 3 9406 9415 9505 9496
11654 3 2 2 2 9504 9513 9423 9414
11655 3 2 3 3 9415 9424 9514 9505
11656 3 2 2 2 9513 9522 9432 9423
11657 3 2 3 3 9424 9433 9523 9514
11658 3 2 2 2 9522 9531 9441 9432
11659 3 2 3 3 9433 9442 9532 9523
11660 3 2 2 2 9531 9540 9450 9441
11661 3 2 3 3 9442 9451 9541 9532
11662 3 2 2 2 9540 9549 9459 9450
11663 3 2 3 3 9451 9460 9550 9541
11664 3 2 2 2 9549 9558 9468 9459
11665 3 2 4 4 9469 9470 9560 9559
11666 3 2 3 3 9460 9469 9559 9550
11667 3 2 4 4 9470 9471 9561 9560
11668 3 2 4 4 9471 9472 9562 9561
11669 3 2 4 4 9472 9473 9563 9562
11670 3 2 4 4 9473 9474 9564 9563
11671 3 2 4 4 9474 9475 9565 9564
11672 3 2 4 4 9475 9476 9566 9565
11673 3 2 4 4 9476 9477 9567 9566
11674 3 2 2 2 9558 9567 9477 9468
11675 2 2 3 3 9478 9479 9568
11676 3 2 1 1 9568 9569 9480 9478
11677 3 2 1 1 9569 9570 9482 9480
11678 3 2 1 1 9570 9571 9484 9482
11679 3 2 1 1 9571 9572 9486 9484
11680 3 2 1 1 9572 9573 9488 9486
11681 3 2 1 1 9573 9574 9490 9488
11682 3 2 1 1 9574 9575 9492 9490
11683 2 2 2 2 9494 9576 9495
11684 3 2 1 1 9575 9576 9494 9492
11685 3 2 3 3 9479 9496 9577 9568
11686 3 2 2 2 9576 9585 9504 9495
11687 3 2 3 3 9496 9505 9586 9577
11688 3 2 2 2 9585 9594 9513 9504
11689 3 2 3 3 9505 9514 9595 9586
11690 3 2 2 2 9594 9603 9522 9513
11691 3 2 3 3 9514 9523 9604 9595
11692 3 2 2 2 9603 9612 9531 9522
11693 3 2 3 3 9523 9532 9613 9604
11694 3 2 2 2 9612 9621 9540 9531
11695 3 2 3 3 9532 9541 9622 9613
11696 3 2 2 2 9621 9630 9549 9540
11697 3 2 3 3 9541 9550 9631 9622
11698 3 2 2 2 9630 9639 9558 9549
11699 3 2 4 4 9559 9560 9641 9640
11700 3 2 3 3 9550 9559 9640 9631
11701 3 2 4 4 9560 9561 9642 9641
11702 3 2 4 4 9561 9562 9643 9642
11703 3 2 4 4 9562 9563 9644 9643
11704 3 2 4 4 9563 9564 9645 9644
11705 3 2 4 4 9564 9565 9646 9645
11706 3 2 4 4 9565 9566 9647 9646
11707 3 2 4 4 9566 9567 9648 9647
11708 3 2 2 2 9639 9648 9567 9558
11709 3 2 1 1 9568 9649 9651 9569
11710 3 2 3 3 9568 9577 9650 9649
11711 3 2 1 1 9569 9651 9653 9570
11712 3 2 1 1 9570 9653 9655 9571
11713 3 2 1 1 9571 9655 9657 9572
11714 3 2 1 1 9572 9657 9659 9573
11715 3 2 1 1 9573 9659 9661 9574
11716 3 2 1 1 9574 9661 9663 9575
11717 3 2 1 1 9575 9663 9665 9576
11718 3 2 2 2 9665 9666 9585 9576
11719 3 2 3 3 9577 9586 9667 9650
11720 3 2 2 2 9666 9675 9594 9585
11721 3 2 3 3 9586 9595 9676 9667
11722 3 2 2 2 9675 9684 9603 9594
11723 3 2 3 3 9595 9604 9685 9676
11724 3 2 2 2 9684 9693 9612 9603
11725 3 2 3 3 9604 9613 9694 9685
11726 3 2 2 2 9693 9702 9621 9612
11727 3 2 3 3 9613 9622 9703 9694
11728 3 2 2 2 9702 9711 9630 9621
11729 3 2 3 3 9622 9631 9712 9703
11730 3 2 2 2 9711 9720 9639 9630
11731 3 2 4 4 9640 9641 9722 9721
11732 3 2 3 3 9631 9640 9721 9712
11733 3 2 4 4 9641 9642 9723 9722
11734 3 2 4 4 9642 9643 9724 9723
11735 3 2 4 4 9643 9644 9725 9724
11736 3 2 4 4 9644 9645 9726 9725
11737 3 2 4 4 9645 9646 9727 9726
11738 3 2 4 4 9646 9647 9728 9727
11739 3 2 4 4 9647 9648 9729 9728
11740 3 2 2 2 9720 9729 9648 9639
11741 2 2 3 3 9649 9650 9730
11742 3 2 1 1 9730 9731 9651 9649
11743 3 2 1 1 9731 9732 9653 9651
11744 3 2 1 1 9732 9733 9655 9653
11745 3 2 1 1 9733 9734 9657 9655
11746 3 2 1 1 9734 9735 9659 9657
11747 3 2 1 1 9735 9736 9661 9659
11748 3 2 1 1 9736 9737 9663 9661
11749 2 2 2 2 9665 9738 9666
11750 3 2 1 1 9737 9738 9665 9663
11751 3 2 3 3 9650 9667 9739 9730
11752 3 2 2 2 9738 9747 9675 9666
11753 3 2 3 3 9667 9676 9748 9739
11754 3 2 2 2 9747 9756 9684 9675
11755 3 2 3 3 9676 9685 9757 9748
11756 3 2 2 2 9756 9765 9693 9684
11757 3 2 3 3 9685 9694 9766 9757
11758 3 2 2 2 9765 9774 9702 9693
11759 3 2 3 3 9694 9703 9775 9766
11760 3 2 2 2 9774 9783 9711 9702
11761 3 2 3 3 9703 9712 9784 9775
11762 3 2 2 2 9783 9792 9720 9711
11763 3 2 4 4 9721 9722 9794 9793
11764 3 2 3 3 9712 9721 9793 9784
11765 3 2 4 4 9722 9723 9795 9794
11766 3 2 4 4 9723 9724 9796 9795
11767 3 2 4 4 9724 9725 9797 9796
11768 3 2 4 4 9725 9726 9798 9797
11769 3 2 4 4 9726 9727 9799 9798
11770 3 2 4 4 9727 9728 9800 9799
11771 3 2 4 4 9728 9729 9801 9800
11772 3 2 2 2 9792 9801 9729 9720
11773 3 2 1 1 9730 9802 9804 9731
11774 3 2 3 3 9730 9739 9803 9802
11775 3 2 1 1 9731 9804 9806 9732
11776 3 2 1 1 9732 9806 9808 9733
11777 3 2 1 1 9733 9808 9810 9734
11778 3 2 1 1 9734 9810 9812 9735
11779 3 2 1 1 9735 9812 9814 9736
11780 3 2 1 1 9736 9814 9816 9737
11781 3 2 1 1 9737 9816 9818 9738
11782 3 2 2 2 9818 9819 9747 9738
11783 3 2 3 3 9739 9748 9820 9803
11784 3 2 2 2 9819 9828 9756 9747
11785 3 2 3 3 9748 9757 9829 9820
11786 3 2 2 2 9828 9837 9765 9756
11787 3 2 3 3 9757 9766 9838 9829
11788 3 2 2 2 9837 9846 9774 9765
11789 3 2 3 3 9766 9775 9847 9838
11790 3 2 2 2 9846 9855 9783 9774
11791 3 2 3 3 9775 9784 9856 9847
11792 3 2 2 2 9855 9864 9792 9783
11793 3 2 4 4 9793 9794 9866 9865
11794 3 2 3 3 9784 9793 9865 9856
11795 3 2 4 4 9794 9795 9867 9866
11796 3 2 4 4 9795 9796 9868 9867
11797 3 2 4 4 9796 9797 9869 9868
11798 3 2 4 4 9797 9798 9870 9869
11799 3 2 4 4 9798 9799 9871 9870
11800 3 2 4 4 9799 9800 9872 9871
11801 3 2 4 4 9800 9801 9873 9872
11802 3 2 2 2 9864 9873 9801 9792
11803 2 2 3 3 9802 9803 9874
11804 3 2 1 1 9874 9875 9804 9802
11805 3 2 1 1 9875 9876 9806 9804
11806 3 2 1 1 9876 9877 9808 9806
11807 3 2 1 1 9877 9878 9810 9808
11808 3 2 1 1 9878 9879 9812 9810
11809 3 2 1 1 9879 9880 9814 9812
11810 3 2 1 1 9880 9881 9816 9814
11811 2 2 2 2 9818 9882 9819
11812 3 2 1 1 9881 9882 9818 9816
11813 3 2 3 3 9803 9820 9883 9874
11814 3 2 2 2 9882 9891 9828 9819
11815 3 2 3 3 9820 9829 9892 9883
11816 3 2 2 2 9891 9900 9837 9828
11817 3 2 3 3 9829 9838 9901 9892
11818 3 2 2 2 9900 9909 9846 9837
11819 3 2 3 3 9838 9847 9910 9901
11820 3 2 2 2 9909 9918 9855 9846
11821 3 2 3 3 9847 9856 9919 9910
11822 3 2 2 2 9918 9927 9864 9855
11823 3 2 4 4 9865 9866 9929 9928
11824 3 2 3 3 9856 9865 9928 9919
11825 3 2 4 4 9866 9867 9930 9929
11826 3 2 4 4 9867 9868 9931 9930
11827 3 2 4 4 9868 9869 9932 9931
11828 3 2 4 4 9869 9870 9933 9932
11829 3 2 4 4 9870 9871 9934 9933
11830 3 2 4 4 9871 9872 9935 9934
11831 3 2 4 4 9872 9873 9936 9935
11832 3 2 2 2 9927 9936 9873 9864
11833 3 2 1 1 9874 9937 9939 9875
11834 3 2 3 3 9874 9883 9938 9937
11835 3 2 1 1 9875 9939 9941 9876
11836 3 2 1 1 9876 9941 9943 9877
11837 3 2 1 1 9877 9943 9945 9878
11838 3 2 1 1 9878 9945 9947 9879
11839 3 2 1 1 9879 9947 9949 9880
11840 3 2 1 1 9880 9949 9951 9881
11841 3 2 1 1 9881 9951 9953 9882
11842 3 2 2 2 9953 9954 9891 9882
11843 3 2 3 3 9883 9892 9955 9938
11844 3 2 2 2 9954 9963 9900 9891
11845 3 2 3 3 9892 9901 9964 9955
11846 3 2 2 2 9963 9972 9909 9900
11847 3 2 3 3 9901 9910 9973 9964
11848 3 2 2 2 9972 9981 9918 9909
11849 3 2 3 3 9910 9919 9982 9973
11850 3 2 2 2 9981 9990 9927 9918
11851 3 2 4 4 9928 9929 9992 9991
11852 3 2 3 3 9919 9928 9991 9982
11853 3 2 4 4 9929 9930 9993 9992
11854 3 2 4 4 9930 9931 9994 9993
11855 3 2 4 4 9931 9932 9995 9994
11856 3 2 4 4 9932 9933 9996 9995
11857 3 2 4 4 9933 9934 9997 9996
11858 3 2 4 4 9934 9935 9998 9997
11859 3 2 4 4 9935 9936 9999 9998
11860 3 2 2 2 9990 9999 9936 9927
11861 2 2 3 3 9937 9938 10000
11862 3 2 1 1 10000 10001 9939 9937
11863 3 2 1 1 10001 10002 9941 9939
11864 3 2 1 1 10002 10003 9943 9941
11865 3 2 1 1 10003 10004 9945 9943
11866 3 2 1 1 10004 10005 9947 9945
11867 3 2 1 1 10005 10006 9949 9947
11868 3 2 1 1 10006 10007 9951 9949
11869 2 2 2 2 9953 10008 9954
11870 3 2 1 1 10007 10008 9953 9951
11871 3 2 3 3 9938 9955 10009 10000
11872 3 2 2 2 10008 10017 9963 9954
11873 3 2 3 3 9955 9964 10018 10009
11874 3 2 2 2 10017 10026 9972 9963
11875 3 2 3 3 9964 9973 10027 10018
11876 3 2 2 2 10026 10035 9981 9972
11877 3 2 3 3 9973 9982 10036 10027
11878 3 2 2 2 10035 10044 9990 9981
11879 3 2 4 4 9991 9992 10046 10045
11880 3 2 3 3 9982 9991 10045 10036
11881 3 2 4 4 9992 9993 10047 10046
11882 3 2 4 4 9993 9994 10048 10047
11883 3 2 4 4 9994 9995 10049 10048
11884 3 2 4 4 9995 9996 10050 10049
11885 3 2 4 4 9996 9997 10051 10050
11886 3 2 4 4 9997 9998 10052 10051
11887 3 2 4 4 9998 9999 10053 10052
11888 3 2 2 2 10044 10053 9999 9990
11889 2 2 3 3 10000 10009 10054
11890 3 2 1 1 10054 10055 10001 10000
11891 3 2 1 1 10055 10056 10002 10001
11892 3 2 1 1 10056 10057 10003 10002
11893 3 2 1 1 10057 10058 10004 10003
11894 3 2 1 1 10058 10059 10005 10004
11895 3 2 1 1 10059 10060 10006 10005
11896 3 2 1 1 10060 10061 10007 10006
11897 2 2 2 2 10008 10062 10017
11898 3 2 1 1 10061 10062 10008 10007
11899 3 2 3 3 10009 10018 10063 10054
11900 3 2 2 2 10062 10071 10026 10017
11901 3 2 3 3 10018 10027 10072 10063
11902 3 2 2 2 10071 10080 10035 10026
11903 3 2 3 3 10027 10036 10081 10072
11904 3 2 2 2 10080 10089 10044 10035
11905 3 2 4 4 10045 10046 10091 10090
11906 3 2 3 3 10036 10045 10090 10081
11907 3 2 4 4 10046 10047 10092 10091
11908 3 2 4 4 10047 10048 10093 10092
11909 3 2 4 4 10048 10049 10094 10093
11910 3 2 4 4 10049 10050 10095 10094
11911 3 2 4 4 10050 10051 10096 10095
11912 3 2 4 4 10051 10052 10097 10096
11913 3 2 4 4 10052 10053 10098 10097
11914 3 2 2 2 10089 10098 10053 10044
11915 3 2 1 1 10054 10099 10101 10055
11916 3 2 3 3 10054 10063 10100 10099
11917 3 2 1 1 10055 10101 10103 10056
11918 3 2 1 1 10056 10103 10105 10057
11919 3 2 1 1 10057 10105 10107 10058
11920 3 2 1 1 10058 10107 10109 10059
11921 3 2 1 1 10059 10109 10111 10060
11922 3 2 1 1 10060 10111 10113 10061
11923 3 2 1 1 10061 10113 10115 10062
11924 3 2 2 2 10115 10116 10071 10062
11925 3 2 3 3 10063 10072 10117 10100
11926 3 2 2 2 10116 10125 10080 10071
11927 3 2 3 3 10072 10081 10126 10117
11928 3 2 2 2 10125 10134 10089 10080
11929 3 2 4 4 10090 10091 10136 10135
11930 3 2 3 3 10081 10090 10135 10126
11931 3 2 4 4 10091 10092 10137 10136
11932 3 2 4 4 10092 10093 10138 10137
11933 3 2 4 4 10093 10094 10139 10138
11934 3 2 4 4 10094 10095 10140 10139
11935 3 2 4 4 10095 10096 10141 10140
11936 3 2 4 4 10096 10097 10142 10141
11937 3 2 4 4 10097 10098 10143 10142
11938 3 2 2 2 10134 10143 10098 10089
11939 2 2 3 3 10099 10100 10144
11940 3 2 1 1 10144 10145 10101 10099
11941 3 2 1 1 10145 10146 10103 10101
11942 3 2 1 1 10146 10147 10105 10103
11943 3 2 1 1 10147 10148 10107 10105
11944 3 2 1 1 10148 10149 10109 10107
11945 3 2 1 1 10149 10150 10111 10109
11946 3 2 1 1 10150 10151 10113 10111
11947 2 2 2 2 10115 10152 10116
11948 3 2 1 1 10151 10152 10115 10113
11949 3 2 3 3 10100 10117 10153 10144
11950 3 2 2 2 10152 10161 10125 10116
11951 3 2 3 3 10117 10126 10162 10153
11952 3 2 2 2 10161 10170 10134 10125
11953 3 2 4 4 10135 10136 10172 10171
11954 3 2 3 3 10126 10135 10171 10162
11955 3 2 4 4 10136 10137 10173 10172
11956 3 2 4 4 10137 10138 10174 10173
11957 3 2 4 4 10138 10139 10175 10174
11958 3 2 4 4 10139 10140 10176 10175
11959 3 2 4 4 10140 10141 10177 10176
11960 3 2 4 4 10141 10142 10178 10177
11961 3 2 4 4 10142 10143 10179 10178
11962 3 2 2 2 10170 10179 10143 10134
11963 3 2 1 1 10144 10180 10182 10145
11964 3 2 3 3 10144 10153 10181 10180
11965 3 2 1 1 10145 10182 10184 10146
11966 3 2 1 1 10146 10184 10186 10147
11967 3 2 1 1 10147 10186 10188 10148
11968 3 2 1 1 10148 10188 10190 10149
11969 3 2 1 1 10149 10190 10192 10150
11970 3 2 1 1 10150 10192 10194 10151
11971 3 2 1 1 10151 10194 10196 10152
11972 3 2 2 2 10196 10197 10161 10152
11973 3 2 3 3 10153 10162 10198 10181
11974 3 2 2 2 10197 10206 10170 10161
11975 3 2 4 4 10171 10172 10208 10207
11976 3 2 3 3 10162 10171 10207 10198
11977 3 2 4 4 10172 10173 10209 10208
11978 3 2 4 4 10173 10174 10210 10209
11979 3 2 4 4 10174 10175 10211 10210
11980 3 2 4 4 10175 10176 10212 10211
11981 3 2 4 4 10176 10177 10213 10212
11982 3 2 4 4 10177 10178 10214 10213
11983 3 2 4 4 10178 10179 10215 10214
11984 3 2 2 2 10206 10215 10179 10170
11985 2 2 3 3 10180 10181 10216
11986 3 2 1 1 10216 10217 10182 10180
11987 3 2 1 1 10217 10218 10184 10182
11988 3 2 1 1 10218 10219 10186 10184
11989 3 2 1 1 10219 10220 10188 10186
11990 3 2 1 1 10220 10221 10190 10188
11991 3 2 1 1 10221 10222 10192 10190
11992 3 2 1 1 10222 10223 10194 10192
11993 2 2 2 2 10196 10224 10197
11994 3 2 1 1 10223 10224 10196 10194
11995 3 2 3 3 10181 10198 10225 10216
11996 3 2 2 2 10224 10233 10206 10197
11997 3 2 4 4 10207 10208 10235 10234
11998 3 2 3 3 10198 10207 10234 10225
11999 3 2 4 4 10208 10209 10236 10235
12000 3 2 4 4 10209 10210 10237 10236
12001 3 2 4 4 10210 10211 10238 10237
12002 3 2 4 4 10211 10212 10239 10238
12003 3 2 4 4 10212 10213 10240 10239
12004 3 2 4 4 10213 10214 10241 10240
12005 3 2 4 4 10214 10215 10242 10241
12006 3 2 2 2 10233 10242 10215 10206
12007 3 2 1 1 10216 10243 10245 10217
12008 3 2 3 3 10216 10225 10244 10243
12009 3 2 1 1 10217 10245 10247 10218
12010 3 2 1 1 10218 10247 10249 10219
12011 3 2 1 1 10219 10249 10251 10220
12012 3 2 1 1 10220 10251 10253 10221
12013 3 2 1 1 10221 10253 10255 10222
12014 3 2 1 1 10222 10255 10257 10223
12015 3 2 1 1 10223 10257 10259 10224
12016 3 2 2 2 10259 10260 10233 10224
12017 3 2 4 4 10234 10235 10262 10261
12018 3 2 3 3 10225 10234 10261 10244
12019 3 2 4 4 10235 10236 10263 10262
12020 3 2 4 4 10236 10237 10264 10263
12021 3 2 4 4 10237 10238 10265 10264
12022 3 2 4 4 10238 10239 10266 10265
12023 3 2 4 4 10239 10240 10267 10266
12024 3 2 4 4 10240 10241 10268 10267
12025 3 2 4 4 10241 10242 10269 10268
12026 3 2 2 2 10260 10269 10242 10233
12027 2 2 3 3 10243 10244 10270
12028 3 2 1 1 10270 10271 10245 10243
12029 3 2 1 1 10271 10272 10247 10245
12030 3 2 1 1 10272 10273 10249 10247
12031 3 2 1 1 10273 10274 10251 10249
12032 3 2 1 1 10274 10275 10253 10251
12033 3 2 1 1 10275 10276 10255 10253
12034 3 2 1 1 10276 10277 10257 10255
12035 2 2 2 2 10259 10278 10260
12036 3 2 1 1 10277 10278 10259 10257
12037 3 2 4 4 10261 10262 10280 10279
12038 3 2 3 3 10244 10261 10279 10270
12039 3 2 4 4 10262 10263 10281 10280
12040 3 2 4 4 10263 10264 10282 10281
12041 3 2 4 4 10264 10265 10283 10282
12042 3 2 4 4 10265 10266 10284 10283
12043 3 2 4 4 10266 10267 10285 10284
12044 3 2 4 4 10267 10268 10286 10285
12045 3 2 4 4 10268 10269 10287 10286
12046 3 2 2 2 10278 10287 10269 10260
12047 2 2 3 3 10270 10279 10288
12048 3 2 4 4 10279 10280 10289 10288
12049 3 2 1 1 10288 10289 10271 10270
12050 3 2 4 4 10280 10281 10290 10289
12051 3 2 1 1 10289 10290 10272 10271
12052 3 2 4 4 10281 10282 10291 10290
12053 3 2 1 1 10290 10291 10273 10272
12054 3 2 4 4 10282 10283 10292 10291
12055 3 2 1 1 10291 10292 10274 10273
12056 3 2 4 4 10283 10284 10293 10292
12057 3 2 1 1 10292 10293 10275 10274
12058 3 2 4 4 10284 10285 10294 10293
12059 3 2 1 1 10293 10294 10276 10275
12060 3 2 4 4 10285 10286 10295 10294
12061 3 2 1 1 10294 10295 10277 10276
12062 2 2 2 2 10278 10296 10287
12063 3 2 4 4 10286 10287 10296 10295
12064 3 2 1 1 10295 10296 10278 10277
$EndElements
