$MeshFormat
2.2 0 8
$EndMeshFormat
$Nodes
5157
1 74.0177341327 -17.2445653427 -17.03
2 74.0177341327 -17.2445653427 -13.03
3 73.9045911366 -17.7231884526 -13.03
4 74.5046929099 -17.3580164305 -17.03
5 74.5046929099 -17.3580164305 -13.03
6 74.390805552 -17.8397883767 -13.03
7 74.9916516871 -17.4714675183 -17.03
8 74.9916516871 -17.4714675183 -13.03
9 74.8770199674 -17.9563883007 -13.03
10 75.4786104643 -17.5849186061 -17.03
11 75.4786104643 -17.5849186061 -13.03
12 75.3632343827 -18.0729882247 -13.03
13 75.9655692415 -17.6983696938 -17.03
14 75.9655692415 -17.6983696938 -13.03
15 75.8494487981 -18.1895881488 -13.03
16 76.4525280187 -17.8118207816 -17.03
17 76.4525280187 -17.8118207816 -13.03
18 76.3356632135 -18.3061880728 -13.03
19 76.9394867958 -17.9252718694 -17.03
20 76.9394867958 -17.9252718694 -13.03
21 76.8218776289 -18.4227879968 -13.03
22 77.426445573 -18.0387229572 -17.03
23 77.426445573 -18.0387229572 -13.03
24 77.3080920442 -18.5393879208 -13.03
25 77.9134043502 -18.152174045 -17.03
26 77.9134043502 -18.152174045 -13.03
27 77.7943064596 -18.6559878449 -13.03
28 73.9045911366 -17.7231884526 -13.4985972247
29 74.390805552 -17.8397883767 -13.4985972247
30 74.8770199674 -17.9563883007 -13.4985972247
31 75.3632343827 -18.0729882247 -13.4985972247
32 75.8494487981 -18.1895881488 -13.4985972247
33 76.3356632135 -18.3061880728 -13.4985972247
34 76.8218776289 -18.4227879968 -13.4985972247
35 77.3080920442 -18.5393879208 -13.4985972247
36 77.7943064596 -18.6559878449 -13.4985972247
37 73.9045911366 -17.7231884526 -13.9671944495
38 74.390805552 -17.8397883767 -13.9671944495
39 74.8770199674 -17.9563883007 -13.9671944495
40 75.3632343827 -18.0729882247 -13.9671944495
41 75.8494487981 -18.1895881488 -13.9671944495
42 76.3356632135 -18.3061880728 -13.9671944495
43 76.8218776289 -18.4227879968 -13.9671944495
44 77.3080920442 -18.5393879208 -13.9671944495
45 77.7943064596 -18.6559878449 -13.9671944495
46 73.9045911366 -17.7231884526 -14.4357916742
47 74.390805552 -17.8397883767 -14.4357916742
48 74.8770199674 -17.9563883007 -14.4357916742
49 75.3632343827 -18.0729882247 -14.4357916742
50 75.8494487981 -18.1895881488 -14.4357916742
51 76.3356632135 -18.3061880728 -14.4357916742
52 76.8218776289 -18.4227879968 -14.4357916742
53 77.3080920442 -18.5393879208 -14.4357916742
54 77.7943064596 -18.6559878449 -14.4357916742
55 73.9045911366 -17.7231884526 -14.9043888989
56 74.390805552 -17.8397883767 -14.9043888989
57 74.8770199674 -17.9563883007 -14.9043888989
58 75.3632343827 -18.0729882247 -14.9043888989
59 75.8494487981 -18.1895881488 -14.9043888989
60 76.3356632135 -18.3061880728 -14.9043888989
61 76.8218776289 -18.4227879968 -14.9043888989
62 77.3080920442 -18.5393879208 -14.9043888989
63 77.7943064596 -18.6559878449 -14.9043888989
64 73.9045911366 -17.7231884526 -15.3729861236
65 74.390805552 -17.8397883767 -15.3729861236
66 74.8770199674 -17.9563883007 -15.3729861236
67 75.3632343827 -18.0729882247 -15.3729861236
68 75.8494487981 -18.1895881488 -15.3729861236
69 76.3356632135 -18.3061880728 -15.3729861236
70 76.8218776289 -18.4227879968 -15.3729861236
71 77.3080920442 -18.5393879208 -15.3729861236
72 77.7943064596 -18.6559878449 -15.3729861236
73 73.9045911366 -17.7231884526 -15.8415833484
74 74.390805552 -17.8397883767 -15.8415833484
75 74.8770199674 -17.9563883007 -15.8415833484
76 75.3632343827 -18.0729882247 -15.8415833484
77 75.8494487981 -18.1895881488 -15.8415833484
78 76.3356632135 -18.3061880728 -15.8415833484
79 76.8218776289 -18.4227879968 -15.8415833484
80 77.3080920442 -18.5393879208 -15.8415833484
81 77.7943064596 -18.6559878449 -15.8415833484
82 73.9045911366 -17.7231884526 -16.3101805731
83 74.390805552 -17.8397883767 -16.3101805731
84 74.8770199674 -17.9563883007 -16.3101805731
85 75.3632343827 -18.0729882247 -16.3101805731
86 75.8494487981 -18.1895881488 -16.3101805731
87 76.3356632135 -18.3061880728 -16.3101805731
88 76.8218776289 -18.4227879968 -16.3101805731
89 77.3080920442 -18.5393879208 -16.3101805731
90 77.7943064596 -18.6559878449 -16.3101805731
91 73.9045911366 -17.7231884526 -16.7787777978
92 74.390805552 -17.8397883767 -16.7787777978
93 74.8770199674 -17.9563883007 -16.7787777978
94 75.3632343827 -18.0729882247 -16.7787777978
95 75.8494487981 -18.1895881488 -16.7787777978
96 76.3356632135 -18.3061880728 -16.7787777978
97 76.8218776289 -18.4227879968 -16.7787777978
98 77.3080920442 -18.5393879208 -16.7787777978
99 77.7943064596 -18.6559878449 -16.7787777978
100 73.9045911366 -17.7231884526 -12.5
101 74.0177341327 -17.2445653427 -12.5
102 74.390805552 -17.8397883767 -12.5
103 74.5046929099 -17.3580164305 -12.5
104 74.8770199674 -17.9563883007 -12.5
105 74.9916516871 -17.4714675183 -12.5
106 75.3632343827 -18.0729882247 -12.5
107 75.4786104643 -17.5849186061 -12.5
108 75.8494487981 -18.1895881488 -12.5
109 75.9655692415 -17.6983696938 -12.5
110 76.3356632135 -18.3061880728 -12.5
111 76.4525280187 -17.8118207816 -12.5
112 76.8218776289 -18.4227879968 -12.5
113 76.9394867958 -17.9252718694 -12.5
114 77.3080920442 -18.5393879208 -12.5
115 77.426445573 -18.0387229572 -12.5
116 77.7943064596 -18.6559878449 -12.5
117 77.9134043502 -18.152174045 -12.5
118 73.9045911366 -17.7231884526 -12
119 74.0177341327 -17.2445653427 -12
120 74.390805552 -17.8397883767 -12
121 74.5046929099 -17.3580164305 -12
122 74.8770199674 -17.9563883007 -12
123 74.9916516871 -17.4714675183 -12
124 75.3632343827 -18.0729882247 -12
125 75.4786104643 -17.5849186061 -12
126 75.8494487981 -18.1895881488 -12
127 75.9655692415 -17.6983696938 -12
128 76.3356632135 -18.3061880728 -12
129 76.4525280187 -17.8118207816 -12
130 76.8218776289 -18.4227879968 -12
131 76.9394867958 -17.9252718694 -12
132 77.3080920442 -18.5393879208 -12
133 77.426445573 -18.0387229572 -12
134 77.7943064596 -18.6559878449 -12
135 77.9134043502 -18.152174045 -12
136 73.9045911366 -17.7231884526 -11.5
137 74.0177341327 -17.2445653427 -11.5
138 74.390805552 -17.8397883767 -11.5
139 74.5046929099 -17.3580164305 -11.5
140 74.8770199674 -17.9563883007 -11.5
141 74.9916516871 -17.4714675183 -11.5
142 75.3632343827 -18.0729882247 -11.5
143 75.4786104643 -17.5849186061 -11.5
144 75.8494487981 -18.1895881488 -11.5
145 75.9655692415 -17.6983696938 -11.5
146 76.3356632135 -18.3061880728 -11.5
147 76.4525280187 -17.8118207816 -11.5
148 76.8218776289 -18.4227879968 -11.5
149 76.9394867958 -17.9252718694 -11.5
150 77.3080920442 -18.5393879208 -11.5
151 77.426445573 -18.0387229572 -11.5
152 77.7943064596 -18.6559878449 -11.5
153 77.9134043502 -18.152174045 -11.5
154 73.9045911366 -17.7231884526 -11
155 74.0177341327 -17.2445653427 -11
156 74.390805552 -17.8397883767 -11
157 74.5046929099 -17.3580164305 -11
158 74.8770199674 -17.9563883007 -11
159 74.9916516871 -17.4714675183 -11
160 75.3632343827 -18.0729882247 -11
161 75.4786104643 -17.5849186061 -11
162 75.8494487981 -18.1895881488 -11
163 75.9655692415 -17.6983696938 -11
164 76.3356632135 -18.3061880728 -11
165 76.4525280187 -17.8118207816 -11
166 76.8218776289 -18.4227879968 -11
167 76.9394867958 -17.9252718694 -11
168 77.3080920442 -18.5393879208 -11
169 77.426445573 -18.0387229572 -11
170 77.7943064596 -18.6559878449 -11
171 77.9134043502 -18.152174045 -11
172 73.9045911366 -17.7231884526 -10.5
173 74.0177341327 -17.2445653427 -10.5
174 74.390805552 -17.8397883767 -10.5
175 74.5046929099 -17.3580164305 -10.5
176 74.8770199674 -17.9563883007 -10.5
177 74.9916516871 -17.4714675183 -10.5
178 75.3632343827 -18.0729882247 -10.5
179 75.4786104643 -17.5849186061 -10.5
180 75.8494487981 -18.1895881488 -10.5
181 75.9655692415 -17.6983696938 -10.5
182 76.3356632135 -18.3061880728 -10.5
183 76.4525280187 -17.8118207816 -10.5
184 76.8218776289 -18.4227879968 -10.5
185 76.9394867958 -17.9252718694 -10.5
186 77.3080920442 -18.5393879208 -10.5
187 77.426445573 -18.0387229572 -10.5
188 77.7943064596 -18.6559878449 -10.5
189 77.9134043502 -18.152174045 -10.5
190 73.9045911366 -17.7231884526 -10
191 74.0177341327 -17.2445653427 -10
192 74.390805552 -17.8397883767 -10
193 74.5046929099 -17.3580164305 -10
194 74.8770199674 -17.9563883007 -10
195 74.9916516871 -17.4714675183 -10
196 75.3632343827 -18.0729882247 -10
197 75.4786104643 -17.5849186061 -10
198 75.8494487981 -18.1895881488 -10
199 75.9655692415 -17.6983696938 -10
200 76.3356632135 -18.3061880728 -10
201 76.4525280187 -17.8118207816 -10
202 76.8218776289 -18.4227879968 -10
203 76.9394867958 -17.9252718694 -10
204 77.3080920442 -18.5393879208 -10
205 77.426445573 -18.0387229572 -10
206 77.7943064596 -18.6559878449 -10
207 77.9134043502 -18.152174045 -10
208 73.9045911366 -17.7231884526 -9.5
209 74.0177341327 -17.2445653427 -9.5
210 74.390805552 -17.8397883767 -9.5
211 74.5046929099 -17.3580164305 -9.5
212 74.8770199674 -17.9563883007 -9.5
213 74.9916516871 -17.4714675183 -9.5
214 75.3632343827 -18.0729882247 -9.5
215 75.4786104643 -17.5849186061 -9.5
216 75.8494487981 -18.1895881488 -9.5
217 75.9655692415 -17.6983696938 -9.5
218 76.3356632135 -18.3061880728 -9.5
219 76.4525280187 -17.8118207816 -9.5
220 76.8218776289 -18.4227879968 -9.5
221 76.9394867958 -17.9252718694 -9.5
222 77.3080920442 -18.5393879208 -9.5
223 77.426445573 -18.0387229572 -9.5
224 77.7943064596 -18.6559878449 -9.5
225 77.9134043502 -18.152174045 -9.5
226 73.9045911366 -17.7231884526 -9
227 74.0177341327 -17.2445653427 -9
228 74.390805552 -17.8397883767 -9
229 74.5046929099 -17.3580164305 -9
230 74.8770199674 -17.9563883007 -9
231 74.9916516871 -17.4714675183 -9
232 75.3632343827 -18.0729882247 -9
233 75.4786104643 -17.5849186061 -9
234 75.8494487981 -18.1895881488 -9
235 75.9655692415 -17.6983696938 -9
236 76.3356632135 -18.3061880728 -9
237 76.4525280187 -17.8118207816 -9
238 76.8218776289 -18.4227879968 -9
239 76.9394867958 -17.9252718694 -9
240 77.3080920442 -18.5393879208 -9
241 77.426445573 -18.0387229572 -9
242 77.7943064596 -18.6559878449 -9
243 77.9134043502 -18.152174045 -9
244 73.9045911366 -17.7231884526 -8.5
245 74.0177341327 -17.2445653427 -8.5
246 74.390805552 -17.8397883767 -8.5
247 74.5046929099 -17.3580164305 -8.5
248 74.8770199674 -17.9563883007 -8.5
249 74.9916516871 -17.4714675183 -8.5
250 75.3632343827 -18.0729882247 -8.5
251 75.4786104643 -17.5849186061 -8.5
252 75.8494487981 -18.1895881488 -8.5
253 75.9655692415 -17.6983696938 -8.5
254 76.3356632135 -18.3061880728 -8.5
255 76.4525280187 -17.8118207816 -8.5
256 76.8218776289 -18.4227879968 -8.5
257 76.9394867958 -17.9252718694 -8.5
258 77.3080920442 -18.5393879208 -8.5
259 77.426445573 -18.0387229572 -8.5
260 77.7943064596 -18.6559878449 -8.5
261 77.9134043502 -18.152174045 -8.5
262 73.9045911366 -17.7231884526 -8
263 74.0177341327 -17.2445653427 -8
264 74.390805552 -17.8397883767 -8
265 74.5046929099 -17.3580164305 -8
266 74.8770199674 -17.9563883007 -8
267 74.9916516871 -17.4714675183 -8
268 75.3632343827 -18.0729882247 -8
269 75.4786104643 -17.5849186061 -8
270 75.8494487981 -18.1895881488 -8
271 75.9655692415 -17.6983696938 -8
272 76.3356632135 -18.3061880728 -8
273 76.4525280187 -17.8118207816 -8
274 76.8218776289 -18.4227879968 -8
275 76.9394867958 -17.9252718694 -8
276 77.3080920442 -18.5393879208 -8
277 77.426445573 -18.0387229572 -8
278 77.7943064596 -18.6559878449 -8
279 77.9134043502 -18.152174045 -8
280 73.9045911366 -17.7231884526 -7.5
281 74.0177341327 -17.2445653427 -7.5
282 74.390805552 -17.8397883767 -7.5
283 74.5046929099 -17.3580164305 -7.5
284 74.8770199674 -17.9563883007 -7.5
285 74.9916516871 -17.4714675183 -7.5
286 75.3632343827 -18.0729882247 -7.5
287 75.4786104643 -17.5849186061 -7.5
288 75.8494487981 -18.1895881488 -7.5
289 75.9655692415 -17.6983696938 -7.5
290 76.3356632135 -18.3061880728 -7.5
291 76.4525280187 -17.8118207816 -7.5
292 76.8218776289 -18.4227879968 -7.5
293 76.9394867958 -17.9252718694 -7.5
294 77.3080920442 -18.5393879208 -7.5
295 77.426445573 -18.0387229572 -7.5
296 77.7943064596 -18.6559878449 -7.5
297 77.9134043502 -18.152174045 -7.5
298 73.9045911366 -17.7231884526 -7
299 74.0177341327 -17.2445653427 -7
300 74.390805552 -17.8397883767 -7
301 74.5046929099 -17.3580164305 -7
302 74.8770199674 -17.9563883007 -7
303 74.9916516871 -17.4714675183 -7
304 75.3632343827 -18.0729882247 -7
305 75.4786104643 -17.5849186061 -7
306 75.8494487981 -18.1895881488 -7
307 75.9655692415 -17.6983696938 -7
308 76.3356632135 -18.3061880728 -7
309 76.4525280187 -17.8118207816 -7
310 76.8218776289 -18.4227879968 -7
311 76.9394867958 -17.9252718694 -7
312 77.3080920442 -18.5393879208 -7
313 77.426445573 -18.0387229572 -7
314 77.7943064596 -18.6559878449 -7
315 77.9134043502 -18.152174045 -7
316 73.9045911366 -17.7231884526 -6.5
317 74.0177341327 -17.2445653427 -6.5
318 74.390805552 -17.8397883767 -6.5
319 74.5046929099 -17.3580164305 -6.5
320 74.8770199674 -17.9563883007 -6.5
321 74.9916516871 -17.4714675183 -6.5
322 75.3632343827 -18.0729882247 -6.5
323 75.4786104643 -17.5849186061 -6.5
324 75.8494487981 -18.1895881488 -6.5
325 75.9655692415 -17.6983696938 -6.5
326 76.3356632135 -18.3061880728 -6.5
327 76.4525280187 -17.8118207816 -6.5
328 76.8218776289 -18.4227879968 -6.5
329 76.9394867958 -17.9252718694 -6.5
330 77.3080920442 -18.5393879208 -6.5
331 77.426445573 -18.0387229572 -6.5
332 77.7943064596 -18.6559878449 -6.5
333 77.9134043502 -18.152174045 -6.5
334 73.9045911366 -17.7231884526 -6
335 74.0177341327 -17.2445653427 -6
336 74.390805552 -17.8397883767 -6
337 74.5046929099 -17.3580164305 -6
338 74.8770199674 -17.9563883007 -6
339 74.9916516871 -17.4714675183 -6
340 75.3632343827 -18.0729882247 -6
341 75.4786104643 -17.5849186061 -6
342 75.8494487981 -18.1895881488 -6
343 75.9655692415 -17.6983696938 -6
344 76.3356632135 -18.3061880728 -6
345 76.4525280187 -17.8118207816 -6
346 76.8218776289 -18.4227879968 -6
347 76.9394867958 -17.9252718694 -6
348 77.3080920442 -18.5393879208 -6
349 77.426445573 -18.0387229572 -6
350 77.7943064596 -18.6559878449 -6
351 77.9134043502 -18.152174045 -6
352 73.9045911366 -17.7231884526 -5.5
353 74.0177341327 -17.2445653427 -5.5
354 74.390805552 -17.8397883767 -5.5
355 74.5046929099 -17.3580164305 -5.5
356 74.8770199674 -17.9563883007 -5.5
357 74.9916516871 -17.4714675183 -5.5
358 75.3632343827 -18.0729882247 -5.5
359 75.4786104643 -17.5849186061 -5.5
360 75.8494487981 -18.1895881488 -5.5
361 75.9655692415 -17.6983696938 -5.5
362 76.3356632135 -18.3061880728 -5.5
363 76.4525280187 -17.8118207816 -5.5
364 76.8218776289 -18.4227879968 -5.5
365 76.9394867958 -17.9252718694 -5.5
366 77.3080920442 -18.5393879208 -5.5
367 77.426445573 -18.0387229572 -5.5
368 77.7943064596 -18.6559878449 -5.5
369 77.9134043502 -18.152174045 -5.5
370 73.9045911366 -17.7231884526 -5
371 74.0177341327 -17.2445653427 -5
372 74.390805552 -17.8397883767 -5
373 74.5046929099 -17.3580164305 -5
374 74.8770199674 -17.9563883007 -5
375 74.9916516871 -17.4714675183 -5
376 75.3632343827 -18.0729882247 -5
377 75.4786104643 -17.5849186061 -5
378 75.8494487981 -18.1895881488 -5
379 75.9655692415 -17.6983696938 -5
380 76.3356632135 -18.3061880728 -5
381 76.4525280187 -17.8118207816 -5
382 76.8218776289 -18.4227879968 -5
383 76.9394867958 -17.9252718694 -5
384 77.3080920442 -18.5393879208 -5
385 77.426445573 -18.0387229572 -5
386 77.7943064596 -18.6559878449 -5
387 77.9134043502 -18.152174045 -5
388 73.9045911366 -17.7231884526 -4.5
389 74.0177341327 -17.2445653427 -4.5
390 74.390805552 -17.8397883767 -4.5
391 74.5046929099 -17.3580164305 -4.5
392 74.8770199674 -17.9563883007 -4.5
393 74.9916516871 -17.4714675183 -4.5
394 75.3632343827 -18.0729882247 -4.5
395 75.4786104643 -17.5849186061 -4.5
396 75.8494487981 -18.1895881488 -4.5
397 75.9655692415 -17.6983696938 -4.5
398 76.3356632135 -18.3061880728 -4.5
399 76.4525280187 -17.8118207816 -4.5
400 76.8218776289 -18.4227879968 -4.5
401 76.9394867958 -17.9252718694 -4.5
402 77.3080920442 -18.5393879208 -4.5
403 77.426445573 -18.0387229572 -4.5
404 77.7943064596 -18.6559878449 -4.5
405 77.9134043502 -18.152174045 -4.5
406 73.9045911366 -17.7231884526 -4
407 74.0177341327 -17.2445653427 -4
408 74.390805552 -17.8397883767 -4
409 74.5046929099 -17.3580164305 -4
410 74.8770199674 -17.9563883007 -4
411 74.9916516871 -17.4714675183 -4
412 75.3632343827 -18.0729882247 -4
413 75.4786104643 -17.5849186061 -4
414 75.8494487981 -18.1895881488 -4
415 75.9655692415 -17.6983696938 -4
416 76.3356632135 -18.3061880728 -4
417 76.4525280187 -17.8118207816 -4
418 76.8218776289 -18.4227879968 -4
419 76.9394867958 -17.9252718694 -4
420 77.3080920442 -18.5393879208 -4
421 77.426445573 -18.0387229572 -4
422 77.7943064596 -18.6559878449 -4
423 77.9134043502 -18.152174045 -4
424 73.9045911366 -17.7231884526 -3.5
425 74.0177341327 -17.2445653427 -3.5
426 74.390805552 -17.8397883767 -3.5
427 74.5046929099 -17.3580164305 -3.5
428 74.8770199674 -17.9563883007 -3.5
429 74.9916516871 -17.4714675183 -3.5
430 75.3632343827 -18.0729882247 -3.5
431 75.4786104643 -17.5849186061 -3.5
432 75.8494487981 -18.1895881488 -3.5
433 75.9655692415 -17.6983696938 -3.5
434 76.3356632135 -18.3061880728 -3.5
435 76.4525280187 -17.8118207816 -3.5
436 76.8218776289 -18.4227879968 -3.5
437 76.9394867958 -17.9252718694 -3.5
438 77.3080920442 -18.5393879208 -3.5
439 77.426445573 -18.0387229572 -3.5
440 77.7943064596 -18.6559878449 -3.5
441 77.9134043502 -18.152174045 -3.5
442 73.9045911366 -17.7231884526 -3
443 74.0177341327 -17.2445653427 -3
444 74.390805552 -17.8397883767 -3
445 74.5046929099 -17.3580164305 -3
446 74.8770199674 -17.9563883007 -3
447 74.9916516871 -17.4714675183 -3
448 75.3632343827 -18.0729882247 -3
449 75.4786104643 -17.5849186061 -3
450 75.8494487981 -18.1895881488 -3
451 75.9655692415 -17.6983696938 -3
452 76.3356632135 -18.3061880728 -3
453 76.4525280187 -17.8118207816 -3
454 76.8218776289 -18.4227879968 -3
455 76.9394867958 -17.9252718694 -3
456 77.3080920442 -18.5393879208 -3
457 77.426445573 -18.0387229572 -3
458 77.7943064596 -18.6559878449 -3
459 77.9134043502 -18.152174045 -3
460 73.9045911366 -17.7231884526 -2.5
461 74.0177341327 -17.2445653427 -2.5
462 74.390805552 -17.8397883767 -2.5
463 74.5046929099 -17.3580164305 -2.5
464 74.8770199674 -17.9563883007 -2.5
465 74.9916516871 -17.4714675183 -2.5
466 75.3632343827 -18.0729882247 -2.5
467 75.4786104643 -17.5849186061 -2.5
468 75.8494487981 -18.1895881488 -2.5
469 75.9655692415 -17.6983696938 -2.5
470 76.3356632135 -18.3061880728 -2.5
471 76.4525280187 -17.8118207816 -2.5
472 76.8218776289 -18.4227879968 -2.5
473 76.9394867958 -17.9252718694 -2.5
474 77.3080920442 -18.5393879208 -2.5
475 77.426445573 -18.0387229572 -2.5
476 77.7943064596 -18.6559878449 -2.5
477 77.9134043502 -18.152174045 -2.5
478 73.9045911366 -17.7231884526 -2
479 74.0177341327 -17.2445653427 -2
480 74.390805552 -17.8397883767 -2
481 74.5046929099 -17.3580164305 -2
482 74.8770199674 -17.9563883007 -2
483 74.9916516871 -17.4714675183 -2
484 75.3632343827 -18.0729882247 -2
485 75.4786104643 -17.5849186061 -2
486 75.8494487981 -18.1895881488 -2
487 75.9655692415 -17.6983696938 -2
488 76.3356632135 -18.3061880728 -2
489 76.4525280187 -17.8118207816 -2
490 76.8218776289 -18.4227879968 -2
491 76.9394867958 -17.9252718694 -2
492 77.3080920442 -18.5393879208 -2
493 77.426445573 -18.0387229572 -2
494 77.7943064596 -18.6559878449 -2
495 77.9134043502 -18.152174045 -2
496 73.9045911366 -17.7231884526 -1.5
497 74.0177341327 -17.2445653427 -1.5
498 74.390805552 -17.8397883767 -1.5
499 74.5046929099 -17.3580164305 -1.5
500 74.8770199674 -17.9563883007 -1.5
501 74.9916516871 -17.4714675183 -1.5
502 75.3632343827 -18.0729882247 -1.5
503 75.4786104643 -17.5849186061 -1.5
504 75.8494487981 -18.1895881488 -1.5
505 75.9655692415 -17.6983696938 -1.5
506 76.3356632135 -18.3061880728 -1.5
507 76.4525280187 -17.8118207816 -1.5
508 76.8218776289 -18.4227879968 -1.5
509 76.9394867958 -17.9252718694 -1.5
510 77.3080920442 -18.5393879208 -1.5
511 77.426445573 -18.0387229572 -1.5
512 77.7943064596 -18.6559878449 -1.5
513 77.9134043502 -18.152174045 -1.5
514 73.9045911366 -17.7231884526 -1
515 74.0177341327 -17.2445653427 -1
516 74.390805552 -17.8397883767 -1
517 74.5046929099 -17.3580164305 -1
518 74.8770199674 -17.9563883007 -1
519 74.9916516871 -17.4714675183 -1
520 75.3632343827 -18.0729882247 -1
521 75.4786104643 -17.5849186061 -1
522 75.8494487981 -18.1895881488 -1
523 75.9655692415 -17.6983696938 -1
524 76.3356632135 -18.3061880728 -1
525 76.4525280187 -17.8118207816 -1
526 76.8218776289 -18.4227879968 -1
527 76.9394867958 -17.9252718694 -1
528 77.3080920442 -18.5393879208 -1
529 77.426445573 -18.0387229572 -1
530 77.7943064596 -18.6559878449 -1
531 77.9134043502 -18.152174045 -1
532 73.9045911366 -17.7231884526 -0.5
533 74.0177341327 -17.2445653427 -0.5
534 74.390805552 -17.8397883767 -0.5
535 74.5046929099 -17.3580164305 -0.5
536 74.8770199674 -17.9563883007 -0.5
537 74.9916516871 -17.4714675183 -0.5
538 75.3632343827 -18.0729882247 -0.5
539 75.4786104643 -17.5849186061 -0.5
540 75.8494487981 -18.1895881488 -0.5
541 75.9655692415 -17.6983696938 -0.5
542 76.3356632135 -18.3061880728 -0.5
543 76.4525280187 -17.8118207816 -0.5
544 76.8218776289 -18.4227879968 -0.5
545 76.9394867958 -17.9252718694 -0.5
546 77.3080920442 -18.5393879208 -0.5
547 77.426445573 -18.0387229572 -0.5
548 77.7943064596 -18.6559878449 -0.5
549 77.9134043502 -18.152174045 -0.5
550 73.9045911366 -17.7231884526 0
551 74.0177341327 -17.2445653427 0
552 74.390805552 -17.8397883767 0
553 74.5046929099 -17.3580164305 0
554 74.8770199674 -17.9563883007 0
555 74.9916516871 -17.4714675183 0
556 75.3632343827 -18.0729882247 0
557 75.4786104643 -17.5849186061 0
558 75.8494487981 -18.1895881488 0
559 75.9655692415 -17.6983696938 0
560 76.3356632135 -18.3061880728 0
561 76.4525280187 -17.8118207816 0
562 76.8218776289 -18.4227879968 0
563 76.9394867958 -17.9252718694 0
564 77.3080920442 -18.5393879208 0
565 77.426445573 -18.0387229572 0
566 77.7943064596 -18.6559878449 0
567 77.9134043502 -18.152174045 0
568 73.7883532397 -18.201069369 -13.03
569 74.2738029321 -18.3208132464 -13.03
570 74.7592526244 -18.4405571239 -13.03
571 75.2447023168 -18.5603010013 -13.03
572 75.7301520092 -18.6800448787 -13.03
573 76.2156017015 -18.7997887561 -13.03
574 76.7010513939 -18.9195326336 -13.03
575 77.1865010863 -19.039276511 -13.03
576 77.6719507786 -19.1590203884 -13.03
577 73.7883532397 -18.201069369 -13.4671922417
578 74.2738029321 -18.3208132464 -13.4671922417
579 74.7592526244 -18.4405571239 -13.4671922417
580 75.2447023168 -18.5603010013 -13.4671922417
581 75.7301520092 -18.6800448787 -13.4671922417
582 76.2156017015 -18.7997887561 -13.4671922417
583 76.7010513939 -18.9195326336 -13.4671922417
584 77.1865010863 -19.039276511 -13.4671922417
585 77.6719507786 -19.1590203884 -13.4671922417
586 73.7883532397 -18.201069369 -13.9043844834
587 74.2738029321 -18.3208132464 -13.9043844834
588 74.7592526244 -18.4405571239 -13.9043844834
589 75.2447023168 -18.5603010013 -13.9043844834
590 75.7301520092 -18.6800448787 -13.9043844834
591 76.2156017015 -18.7997887561 -13.9043844834
592 76.7010513939 -18.9195326336 -13.9043844834
593 77.1865010863 -19.039276511 -13.9043844834
594 77.6719507786 -19.1590203884 -13.9043844834
595 73.7883532397 -18.201069369 -14.3415767251
596 74.2738029321 -18.3208132464 -14.3415767251
597 74.7592526244 -18.4405571239 -14.3415767251
598 75.2447023168 -18.5603010013 -14.3415767251
599 75.7301520092 -18.6800448787 -14.3415767251
600 76.2156017015 -18.7997887561 -14.3415767251
601 76.7010513939 -18.9195326336 -14.3415767251
602 77.1865010863 -19.039276511 -14.3415767251
603 77.6719507786 -19.1590203884 -14.3415767251
604 73.7883532397 -18.201069369 -14.7787689668
605 74.2738029321 -18.3208132464 -14.7787689668
606 74.7592526244 -18.4405571239 -14.7787689668
607 75.2447023168 -18.5603010013 -14.7787689668
608 75.7301520092 -18.6800448787 -14.7787689668
609 76.2156017015 -18.7997887561 -14.7787689668
610 76.7010513939 -18.9195326336 -14.7787689668
611 77.1865010863 -19.039276511 -14.7787689668
612 77.6719507786 -19.1590203884 -14.7787689668
613 73.7883532397 -18.201069369 -15.2159612085
614 74.2738029321 -18.3208132464 -15.2159612085
615 74.7592526244 -18.4405571239 -15.2159612085
616 75.2447023168 -18.5603010013 -15.2159612085
617 75.7301520092 -18.6800448787 -15.2159612085
618 76.2156017015 -18.7997887561 -15.2159612085
619 76.7010513939 -18.9195326336 -15.2159612085
620 77.1865010863 -19.039276511 -15.2159612085
621 77.6719507786 -19.1590203884 -15.2159612085
622 73.7883532397 -18.201069369 -15.6531534502
623 74.2738029321 -18.3208132464 -15.6531534502
624 74.7592526244 -18.4405571239 -15.6531534502
625 75.2447023168 -18.5603010013 -15.6531534502
626 75.7301520092 -18.6800448787 -15.6531534502
627 76.2156017015 -18.7997887561 -15.6531534502
628 76.7010513939 -18.9195326336 -15.6531534502
629 77.1865010863 -19.039276511 -15.6531534502
630 77.6719507786 -19.1590203884 -15.6531534502
631 73.7883532397 -18.201069369 -16.0903456919
632 74.2738029321 -18.3208132464 -16.0903456919
633 74.7592526244 -18.4405571239 -16.0903456919
634 75.2447023168 -18.5603010013 -16.0903456919
635 75.7301520092 -18.6800448787 -16.0903456919
636 76.2156017015 -18.7997887561 -16.0903456919
637 76.7010513939 -18.9195326336 -16.0903456919
638 77.1865010863 -19.039276511 -16.0903456919
639 77.6719507786 -19.1590203884 -16.0903456919
640 73.7883532397 -18.201069369 -16.5275379336
641 74.2738029321 -18.3208132464 -16.5275379336
642 74.7592526244 -18.4405571239 -16.5275379336
643 75.2447023168 -18.5603010013 -16.5275379336
644 75.7301520092 -18.6800448787 -16.5275379336
645 76.2156017015 -18.7997887561 -16.5275379336
646 76.7010513939 -18.9195326336 -16.5275379336
647 77.1865010863 -19.039276511 -16.5275379336
648 77.6719507786 -19.1590203884 -16.5275379336
649 73.7883532397 -18.201069369 -12.5
650 74.2738029321 -18.3208132464 -12.5
651 74.7592526244 -18.4405571239 -12.5
652 75.2447023168 -18.5603010013 -12.5
653 75.7301520092 -18.6800448787 -12.5
654 76.2156017015 -18.7997887561 -12.5
655 76.7010513939 -18.9195326336 -12.5
656 77.1865010863 -19.039276511 -12.5
657 77.6719507786 -19.1590203884 -12.5
658 73.7883532397 -18.201069369 -12
659 74.2738029321 -18.3208132464 -12
660 74.7592526244 -18.4405571239 -12
661 75.2447023168 -18.5603010013 -12
662 75.7301520092 -18.6800448787 -12
663 76.2156017015 -18.7997887561 -12
664 76.7010513939 -18.9195326336 -12
665 77.1865010863 -19.039276511 -12
666 77.6719507786 -19.1590203884 -12
667 73.7883532397 -18.201069369 -11.5
668 74.2738029321 -18.3208132464 -11.5
669 74.7592526244 -18.4405571239 -11.5
670 75.2447023168 -18.5603010013 -11.5
671 75.7301520092 -18.6800448787 -11.5
672 76.2156017015 -18.7997887561 -11.5
673 76.7010513939 -18.9195326336 -11.5
674 77.1865010863 -19.039276511 -11.5
675 77.6719507786 -19.1590203884 -11.5
676 73.7883532397 -18.201069369 -11
677 74.2738029321 -18.3208132464 -11
678 74.7592526244 -18.4405571239 -11
679 75.2447023168 -18.5603010013 -11
680 75.7301520092 -18.6800448787 -11
681 76.2156017015 -18.7997887561 -11
682 76.7010513939 -18.9195326336 -11
683 77.1865010863 -19.039276511 -11
684 77.6719507786 -19.1590203884 -11
685 73.7883532397 -18.201069369 -10.5
686 74.2738029321 -18.3208132464 -10.5
687 74.7592526244 -18.4405571239 -10.5
688 75.2447023168 -18.5603010013 -10.5
689 75.7301520092 -18.6800448787 -10.5
690 76.2156017015 -18.7997887561 -10.5
691 76.7010513939 -18.9195326336 -10.5
692 77.1865010863 -19.039276511 -10.5
693 77.6719507786 -19.1590203884 -10.5
694 73.7883532397 -18.201069369 -10
695 74.2738029321 -18.3208132464 -10
696 74.7592526244 -18.4405571239 -10
697 75.2447023168 -18.5603010013 -10
698 75.7301520092 -18.6800448787 -10
699 76.2156017015 -18.7997887561 -10
700 76.7010513939 -18.9195326336 -10
701 77.1865010863 -19.039276511 -10
702 77.6719507786 -19.1590203884 -10
703 73.7883532397 -18.201069369 -9.5
704 74.2738029321 -18.3208132464 -9.5
705 74.7592526244 -18.4405571239 -9.5
706 75.2447023168 -18.5603010013 -9.5
707 75.7301520092 -18.6800448787 -9.5
708 76.2156017015 -18.7997887561 -9.5
709 76.7010513939 -18.9195326336 -9.5
710 77.1865010863 -19.039276511 -9.5
711 77.6719507786 -19.1590203884 -9.5
712 73.7883532397 -18.201069369 -9
713 74.2738029321 -18.3208132464 -9
714 74.7592526244 -18.4405571239 -9
715 75.2447023168 -18.5603010013 -9
716 75.7301520092 -18.6800448787 -9
717 76.2156017015 -18.7997887561 -9
718 76.7010513939 -18.9195326336 -9
719 77.1865010863 -19.039276511 -9
720 77.6719507786 -19.1590203884 -9
721 73.7883532397 -18.201069369 -8.5
722 74.2738029321 -18.3208132464 -8.5
723 74.7592526244 -18.4405571239 -8.5
724 75.2447023168 -18.5603010013 -8.5
725 75.7301520092 -18.6800448787 -8.5
726 76.2156017015 -18.7997887561 -8.5
727 76.7010513939 -18.9195326336 -8.5
728 77.1865010863 -19.039276511 -8.5
729 77.6719507786 -19.1590203884 -8.5
730 73.7883532397 -18.201069369 -8
731 74.2738029321 -18.3208132464 -8
732 74.7592526244 -18.4405571239 -8
733 75.2447023168 -18.5603010013 -8
734 75.7301520092 -18.6800448787 -8
735 76.2156017015 -18.7997887561 -8
736 76.7010513939 -18.9195326336 -8
737 77.1865010863 -19.039276511 -8
738 77.6719507786 -19.1590203884 -8
739 73.7883532397 -18.201069369 -7.5
740 74.2738029321 -18.3208132464 -7.5
741 74.7592526244 -18.4405571239 -7.5
742 75.2447023168 -18.5603010013 -7.5
743 75.7301520092 -18.6800448787 -7.5
744 76.2156017015 -18.7997887561 -7.5
745 76.7010513939 -18.9195326336 -7.5
746 77.1865010863 -19.039276511 -7.5
747 77.6719507786 -19.1590203884 -7.5
748 73.7883532397 -18.201069369 -7
749 74.2738029321 -18.3208132464 -7
750 74.7592526244 -18.4405571239 -7
751 75.2447023168 -18.5603010013 -7
752 75.7301520092 -18.6800448787 -7
753 76.2156017015 -18.7997887561 -7
754 76.7010513939 -18.9195326336 -7
755 77.1865010863 -19.039276511 -7
756 77.6719507786 -19.1590203884 -7
757 73.7883532397 -18.201069369 -6.5
758 74.2738029321 -18.3208132464 -6.5
759 74.7592526244 -18.4405571239 -6.5
760 75.2447023168 -18.5603010013 -6.5
761 75.7301520092 -18.6800448787 -6.5
762 76.2156017015 -18.7997887561 -6.5
763 76.7010513939 -18.9195326336 -6.5
764 77.1865010863 -19.039276511 -6.5
765 77.6719507786 -19.1590203884 -6.5
766 73.7883532397 -18.201069369 -6
767 74.2738029321 -18.3208132464 -6
768 74.7592526244 -18.4405571239 -6
769 75.2447023168 -18.5603010013 -6
770 75.7301520092 -18.6800448787 -6
771 76.2156017015 -18.7997887561 -6
772 76.7010513939 -18.9195326336 -6
773 77.1865010863 -19.039276511 -6
774 77.6719507786 -19.1590203884 -6
775 73.7883532397 -18.201069369 -5.5
776 74.2738029321 -18.3208132464 -5.5
777 74.7592526244 -18.4405571239 -5.5
778 75.2447023168 -18.5603010013 -5.5
779 75.7301520092 -18.6800448787 -5.5
780 76.2156017015 -18.7997887561 -5.5
781 76.7010513939 -18.9195326336 -5.5
782 77.1865010863 -19.039276511 -5.5
783 77.6719507786 -19.1590203884 -5.5
784 73.7883532397 -18.201069369 -5
785 74.2738029321 -18.3208132464 -5
786 74.7592526244 -18.4405571239 -5
787 75.2447023168 -18.5603010013 -5
788 75.7301520092 -18.6800448787 -5
789 76.2156017015 -18.7997887561 -5
790 76.7010513939 -18.9195326336 -5
791 77.1865010863 -19.039276511 -5
792 77.6719507786 -19.1590203884 -5
793 73.7883532397 -18.201069369 -4.5
794 74.2738029321 -18.3208132464 -4.5
795 74.7592526244 -18.4405571239 -4.5
796 75.2447023168 -18.5603010013 -4.5
797 75.7301520092 -18.6800448787 -4.5
798 76.2156017015 -18.7997887561 -4.5
799 76.7010513939 -18.9195326336 -4.5
800 77.1865010863 -19.039276511 -4.5
801 77.6719507786 -19.1590203884 -4.5
802 73.7883532397 -18.201069369 -4
803 74.2738029321 -18.3208132464 -4
804 74.7592526244 -18.4405571239 -4
805 75.2447023168 -18.5603010013 -4
806 75.7301520092 -18.6800448787 -4
807 76.2156017015 -18.7997887561 -4
808 76.7010513939 -18.9195326336 -4
809 77.1865010863 -19.039276511 -4
810 77.6719507786 -19.1590203884 -4
811 73.7883532397 -18.201069369 -3.5
812 74.2738029321 -18.3208132464 -3.5
813 74.7592526244 -18.4405571239 -3.5
814 75.2447023168 -18.5603010013 -3.5
815 75.7301520092 -18.6800448787 -3.5
816 76.2156017015 -18.7997887561 -3.5
817 76.7010513939 -18.9195326336 -3.5
818 77.1865010863 -19.039276511 -3.5
819 77.6719507786 -19.1590203884 -3.5
820 73.7883532397 -18.201069369 -3
821 74.2738029321 -18.3208132464 -3
822 74.7592526244 -18.4405571239 -3
823 75.2447023168 -18.5603010013 -3
824 75.7301520092 -18.6800448787 -3
825 76.2156017015 -18.7997887561 -3
826 76.7010513939 -18.9195326336 -3
827 77.1865010863 -19.039276511 -3
828 77.6719507786 -19.1590203884 -3
829 73.7883532397 -18.201069369 -2.5
830 74.2738029321 -18.3208132464 -2.5
831 74.7592526244 -18.4405571239 -2.5
832 75.2447023168 -18.5603010013 -2.5
833 75.7301520092 -18.6800448787 -2.5
834 76.2156017015 -18.7997887561 -2.5
835 76.7010513939 -18.9195326336 -2.5
836 77.1865010863 -19.039276511 -2.5
837 77.6719507786 -19.1590203884 -2.5
838 73.7883532397 -18.201069369 -2
839 74.2738029321 -18.3208132464 -2
840 74.7592526244 -18.4405571239 -2
841 75.2447023168 -18.5603010013 -2
842 75.7301520092 -18.6800448787 -2
843 76.2156017015 -18.7997887561 -2
844 76.7010513939 -18.9195326336 -2
845 77.1865010863 -19.039276511 -2
846 77.6719507786 -19.1590203884 -2
847 73.7883532397 -18.201069369 -1.5
848 74.2738029321 -18.3208132464 -1.5
849 74.7592526244 -18.4405571239 -1.5
850 75.2447023168 -18.5603010013 -1.5
851 75.7301520092 -18.6800448787 -1.5
852 76.2156017015 -18.7997887561 -1.5
853 76.7010513939 -18.9195326336 -1.5
854 77.1865010863 -19.039276511 -1.5
855 77.6719507786 -19.1590203884 -1.5
856 73.7883532397 -18.201069369 -1
857 74.2738029321 -18.3208132464 -1
858 74.7592526244 -18.4405571239 -1
859 75.2447023168 -18.5603010013 -1
860 75.7301520092 -18.6800448787 -1
861 76.2156017015 -18.7997887561 -1
862 76.7010513939 -18.9195326336 -1
863 77.1865010863 -19.039276511 -1
864 77.6719507786 -19.1590203884 -1
865 73.7883532397 -18.201069369 -0.5
866 74.2738029321 -18.3208132464 -0.5
867 74.7592526244 -18.4405571239 -0.5
868 75.2447023168 -18.5603010013 -0.5
869 75.7301520092 -18.6800448787 -0.5
870 76.2156017015 -18.7997887561 -0.5
871 76.7010513939 -18.9195326336 -0.5
872 77.1865010863 -19.039276511 -0.5
873 77.6719507786 -19.1590203884 -0.5
874 73.7883532397 -18.201069369 0
875 74.2738029321 -18.3208132464 0
876 74.7592526244 -18.4405571239 0
877 75.2447023168 -18.5603010013 0
878 75.7301520092 -18.6800448787 0
879 76.2156017015 -18.7997887561 0
880 76.7010513939 -18.9195326336 0
881 77.1865010863 -19.039276511 0
882 77.6719507786 -19.1590203884 0
883 73.6690253096 -18.6781880796 -13.03
884 74.1536899498 -18.8010708959 -13.03
885 74.63835459 -18.9239537122 -13.03
886 75.1230192302 -19.0468365285 -13.03
887 75.6076838704 -19.1697193449 -13.03
888 76.0923485105 -19.2926021612 -13.03
889 76.5770131507 -19.4154849775 -13.03
890 77.0616777909 -19.5383677938 -13.03
891 77.5463424311 -19.6612506101 -13.03
892 73.6690253096 -18.6781880796 -13.4357923984
893 74.1536899498 -18.8010708959 -13.4357923984
894 74.63835459 -18.9239537122 -13.4357923984
895 75.1230192302 -19.0468365285 -13.4357923984
896 75.6076838704 -19.1697193449 -13.4357923984
897 76.0923485105 -19.2926021612 -13.4357923984
898 76.5770131507 -19.4154849775 -13.4357923984
899 77.0616777909 -19.5383677938 -13.4357923984
900 77.5463424311 -19.6612506101 -13.4357923984
901 73.6690253096 -18.6781880796 -13.8415847968
902 74.1536899498 -18.8010708959 -13.8415847968
903 74.63835459 -18.9239537122 -13.8415847968
904 75.1230192302 -19.0468365285 -13.8415847968
905 75.6076838704 -19.1697193449 -13.8415847968
906 76.0923485105 -19.2926021612 -13.8415847968
907 76.5770131507 -19.4154849775 -13.8415847968
908 77.0616777909 -19.5383677938 -13.8415847968
909 77.5463424311 -19.6612506101 -13.8415847968
910 73.6690253096 -18.6781880796 -14.2473771952
911 74.1536899498 -18.8010708959 -14.2473771952
912 74.63835459 -18.9239537122 -14.2473771952
913 75.1230192302 -19.0468365285 -14.2473771952
914 75.6076838704 -19.1697193449 -14.2473771952
915 76.0923485105 -19.2926021612 -14.2473771952
916 76.5770131507 -19.4154849775 -14.2473771952
917 77.0616777909 -19.5383677938 -14.2473771952
918 77.5463424311 -19.6612506101 -14.2473771952
919 73.6690253096 -18.6781880796 -14.6531695936
920 74.1536899498 -18.8010708959 -14.6531695936
921 74.63835459 -18.9239537122 -14.6531695936
922 75.1230192302 -19.0468365285 -14.6531695936
923 75.6076838704 -19.1697193449 -14.6531695936
924 76.0923485105 -19.2926021612 -14.6531695936
925 76.5770131507 -19.4154849775 -14.6531695936
926 77.0616777909 -19.5383677938 -14.6531695936
927 77.5463424311 -19.6612506101 -14.6531695936
928 73.6690253096 -18.6781880796 -15.0589619919
929 74.1536899498 -18.8010708959 -15.0589619919
930 74.63835459 -18.9239537122 -15.0589619919
931 75.1230192302 -19.0468365285 -15.0589619919
932 75.6076838704 -19.1697193449 -15.0589619919
933 76.0923485105 -19.2926021612 -15.0589619919
934 76.5770131507 -19.4154849775 -15.0589619919
935 77.0616777909 -19.5383677938 -15.0589619919
936 77.5463424311 -19.6612506101 -15.0589619919
937 73.6690253096 -18.6781880796 -15.4647543903
938 74.1536899498 -18.8010708959 -15.4647543903
939 74.63835459 -18.9239537122 -15.4647543903
940 75.1230192302 -19.0468365285 -15.4647543903
941 75.6076838704 -19.1697193449 -15.4647543903
942 76.0923485105 -19.2926021612 -15.4647543903
943 76.5770131507 -19.4154849775 -15.4647543903
944 77.0616777909 -19.5383677938 -15.4647543903
945 77.5463424311 -19.6612506101 -15.4647543903
946 73.6690253096 -18.6781880796 -15.8705467887
947 74.1536899498 -18.8010708959 -15.8705467887
948 74.63835459 -18.9239537122 -15.8705467887
949 75.1230192302 -19.0468365285 -15.8705467887
950 75.6076838704 -19.1697193449 -15.8705467887
951 76.0923485105 -19.2926021612 -15.8705467887
952 76.5770131507 -19.4154849775 -15.8705467887
953 77.0616777909 -19.5383677938 -15.8705467887
954 77.5463424311 -19.6612506101 -15.8705467887
955 73.6690253096 -18.6781880796 -16.2763391871
956 74.1536899498 -18.8010708959 -16.2763391871
957 74.63835459 -18.9239537122 -16.2763391871
958 75.1230192302 -19.0468365285 -16.2763391871
959 75.6076838704 -19.1697193449 -16.2763391871
960 76.0923485105 -19.2926021612 -16.2763391871
961 76.5770131507 -19.4154849775 -16.2763391871
962 77.0616777909 -19.5383677938 -16.2763391871
963 77.5463424311 -19.6612506101 -16.2763391871
964 73.6690253096 -18.6781880796 -12.5
965 74.1536899498 -18.8010708959 -12.5
966 74.63835459 -18.9239537122 -12.5
967 75.1230192302 -19.0468365285 -12.5
968 75.6076838704 -19.1697193449 -12.5
969 76.0923485105 -19.2926021612 -12.5
970 76.5770131507 -19.4154849775 -12.5
971 77.0616777909 -19.5383677938 -12.5
972 77.5463424311 -19.6612506101 -12.5
973 73.6690253096 -18.6781880796 -12
974 74.1536899498 -18.8010708959 -12
975 74.63835459 -18.9239537122 -12
976 75.1230192302 -19.0468365285 -12
977 75.6076838704 -19.1697193449 -12
978 76.0923485105 -19.2926021612 -12
979 76.5770131507 -19.4154849775 -12
980 77.0616777909 -19.5383677938 -12
981 77.5463424311 -19.6612506101 -12
982 73.6690253096 -18.6781880796 -11.5
983 74.1536899498 -18.8010708959 -11.5
984 74.63835459 -18.9239537122 -11.5
985 75.1230192302 -19.0468365285 -11.5
986 75.6076838704 -19.1697193449 -11.5
987 76.0923485105 -19.2926021612 -11.5
988 76.5770131507 -19.4154849775 -11.5
989 77.0616777909 -19.5383677938 -11.5
990 77.5463424311 -19.6612506101 -11.5
991 73.6690253096 -18.6781880796 -11
992 74.1536899498 -18.8010708959 -11
993 74.63835459 -18.9239537122 -11
994 75.1230192302 -19.0468365285 -11
995 75.6076838704 -19.1697193449 -11
996 76.0923485105 -19.2926021612 -11
997 76.5770131507 -19.4154849775 -11
998 77.0616777909 -19.5383677938 -11
999 77.5463424311 -19.6612506101 -11
1000 73.6690253096 -18.6781880796 -10.5
1001 74.1536899498 -18.8010708959 -10.5
1002 74.63835459 -18.9239537122 -10.5
1003 75.1230192302 -19.0468365285 -10.5
1004 75.6076838704 -19.1697193449 -10.5
1005 76.0923485105 -19.2926021612 -10.5
1006 76.5770131507 -19.4154849775 -10.5
1007 77.0616777909 -19.5383677938 -10.5
1008 77.5463424311 -19.6612506101 -10.5
1009 73.6690253096 -18.6781880796 -10
1010 74.1536899498 -18.8010708959 -10
1011 74.63835459 -18.9239537122 -10
1012 75.1230192302 -19.0468365285 -10
1013 75.6076838704 -19.1697193449 -10
1014 76.0923485105 -19.2926021612 -10
1015 76.5770131507 -19.4154849775 -10
1016 77.0616777909 -19.5383677938 -10
1017 77.5463424311 -19.6612506101 -10
1018 73.6690253096 -18.6781880796 -9.5
1019 74.1536899498 -18.8010708959 -9.5
1020 74.63835459 -18.9239537122 -9.5
1021 75.1230192302 -19.0468365285 -9.5
1022 75.6076838704 -19.1697193449 -9.5
1023 76.0923485105 -19.2926021612 -9.5
1024 76.5770131507 -19.4154849775 -9.5
1025 77.0616777909 -19.5383677938 -9.5
1026 77.5463424311 -19.6612506101 -9.5
1027 73.6690253096 -18.6781880796 -9
1028 74.1536899498 -18.8010708959 -9
1029 74.63835459 -18.9239537122 -9
1030 75.1230192302 -19.0468365285 -9
1031 75.6076838704 -19.1697193449 -9
1032 76.0923485105 -19.2926021612 -9
1033 76.5770131507 -19.4154849775 -9
1034 77.0616777909 -19.5383677938 -9
1035 77.5463424311 -19.6612506101 -9
1036 73.6690253096 -18.6781880796 -8.5
1037 74.1536899498 -18.8010708959 -8.5
1038 74.63835459 -18.9239537122 -8.5
1039 75.1230192302 -19.0468365285 -8.5
1040 75.6076838704 -19.1697193449 -8.5
1041 76.0923485105 -19.2926021612 -8.5
1042 76.5770131507 -19.4154849775 -8.5
1043 77.0616777909 -19.5383677938 -8.5
1044 77.5463424311 -19.6612506101 -8.5
1045 73.6690253096 -18.6781880796 -8
1046 74.1536899498 -18.8010708959 -8
1047 74.63835459 -18.9239537122 -8
1048 75.1230192302 -19.0468365285 -8
1049 75.6076838704 -19.1697193449 -8
1050 76.0923485105 -19.2926021612 -8
1051 76.5770131507 -19.4154849775 -8
1052 77.0616777909 -19.5383677938 -8
1053 77.5463424311 -19.6612506101 -8
1054 73.6690253096 -18.6781880796 -7.5
1055 74.1536899498 -18.8010708959 -7.5
1056 74.63835459 -18.9239537122 -7.5
1057 75.1230192302 -19.0468365285 -7.5
1058 75.6076838704 -19.1697193449 -7.5
1059 76.0923485105 -19.2926021612 -7.5
1060 76.5770131507 -19.4154849775 -7.5
1061 77.0616777909 -19.5383677938 -7.5
1062 77.5463424311 -19.6612506101 -7.5
1063 73.6690253096 -18.6781880796 -7
1064 74.1536899498 -18.8010708959 -7
1065 74.63835459 -18.9239537122 -7
1066 75.1230192302 -19.0468365285 -7
1067 75.6076838704 -19.1697193449 -7
1068 76.0923485105 -19.2926021612 -7
1069 76.5770131507 -19.4154849775 -7
1070 77.0616777909 -19.5383677938 -7
1071 77.5463424311 -19.6612506101 -7
1072 73.6690253096 -18.6781880796 -6.5
1073 74.1536899498 -18.8010708959 -6.5
1074 74.63835459 -18.9239537122 -6.5
1075 75.1230192302 -19.0468365285 -6.5
1076 75.6076838704 -19.1697193449 -6.5
1077 76.0923485105 -19.2926021612 -6.5
1078 76.5770131507 -19.4154849775 -6.5
1079 77.0616777909 -19.5383677938 -6.5
1080 77.5463424311 -19.6612506101 -6.5
1081 73.6690253096 -18.6781880796 -6
1082 74.1536899498 -18.8010708959 -6
1083 74.63835459 -18.9239537122 -6
1084 75.1230192302 -19.0468365285 -6
1085 75.6076838704 -19.1697193449 -6
1086 76.0923485105 -19.2926021612 -6
1087 76.5770131507 -19.4154849775 -6
1088 77.0616777909 -19.5383677938 -6
1089 77.5463424311 -19.6612506101 -6
1090 73.6690253096 -18.6781880796 -5.5
1091 74.1536899498 -18.8010708959 -5.5
1092 74.63835459 -18.9239537122 -5.5
1093 75.1230192302 -19.0468365285 -5.5
1094 75.6076838704 -19.1697193449 -5.5
1095 76.0923485105 -19.2926021612 -5.5
1096 76.5770131507 -19.4154849775 -5.5
1097 77.0616777909 -19.5383677938 -5.5
1098 77.5463424311 -19.6612506101 -5.5
1099 73.6690253096 -18.6781880796 -5
1100 74.1536899498 -18.8010708959 -5
1101 74.63835459 -18.9239537122 -5
1102 75.1230192302 -19.0468365285 -5
1103 75.6076838704 -19.1697193449 -5
1104 76.0923485105 -19.2926021612 -5
1105 76.5770131507 -19.4154849775 -5
1106 77.0616777909 -19.5383677938 -5
1107 77.5463424311 -19.6612506101 -5
1108 73.6690253096 -18.6781880796 -4.5
1109 74.1536899498 -18.8010708959 -4.5
1110 74.63835459 -18.9239537122 -4.5
1111 75.1230192302 -19.0468365285 -4.5
1112 75.6076838704 -19.1697193449 -4.5
1113 76.0923485105 -19.2926021612 -4.5
1114 76.5770131507 -19.4154849775 -4.5
1115 77.0616777909 -19.5383677938 -4.5
1116 77.5463424311 -19.6612506101 -4.5
1117 73.6690253096 -18.6781880796 -4
1118 74.1536899498 -18.8010708959 -4
1119 74.63835459 -18.9239537122 -4
1120 75.1230192302 -19.0468365285 -4
1121 75.6076838704 -19.1697193449 -4
1122 76.0923485105 -19.2926021612 -4
1123 76.5770131507 -19.4154849775 -4
1124 77.0616777909 -19.5383677938 -4
1125 77.5463424311 -19.6612506101 -4
1126 73.6690253096 -18.6781880796 -3.5
1127 74.1536899498 -18.8010708959 -3.5
1128 74.63835459 -18.9239537122 -3.5
1129 75.1230192302 -19.0468365285 -3.5
1130 75.6076838704 -19.1697193449 -3.5
1131 76.0923485105 -19.2926021612 -3.5
1132 76.5770131507 -19.4154849775 -3.5
1133 77.0616777909 -19.5383677938 -3.5
1134 77.5463424311 -19.6612506101 -3.5
1135 73.6690253096 -18.6781880796 -3
1136 74.1536899498 -18.8010708959 -3
1137 74.63835459 -18.9239537122 -3
1138 75.1230192302 -19.0468365285 -3
1139 75.6076838704 -19.1697193449 -3
1140 76.0923485105 -19.2926021612 -3
1141 76.5770131507 -19.4154849775 -3
1142 77.0616777909 -19.5383677938 -3
1143 77.5463424311 -19.6612506101 -3
1144 73.6690253096 -18.6781880796 -2.5
1145 74.1536899498 -18.8010708959 -2.5
1146 74.63835459 -18.9239537122 -2.5
1147 75.1230192302 -19.0468365285 -2.5
1148 75.6076838704 -19.1697193449 -2.5
1149 76.0923485105 -19.2926021612 -2.5
1150 76.5770131507 -19.4154849775 -2.5
1151 77.0616777909 -19.5383677938 -2.5
1152 77.5463424311 -19.6612506101 -2.5
1153 73.6690253096 -18.6781880796 -2
1154 74.1536899498 -18.8010708959 -2
1155 74.63835459 -18.9239537122 -2
1156 75.1230192302 -19.0468365285 -2
1157 75.6076838704 -19.1697193449 -2
1158 76.0923485105 -19.2926021612 -2
1159 76.5770131507 -19.4154849775 -2
1160 77.0616777909 -19.5383677938 -2
1161 77.5463424311 -19.6612506101 -2
1162 73.6690253096 -18.6781880796 -1.5
1163 74.1536899498 -18.8010708959 -1.5
1164 74.63835459 -18.9239537122 -1.5
1165 75.1230192302 -19.0468365285 -1.5
1166 75.6076838704 -19.1697193449 -1.5
1167 76.0923485105 -19.2926021612 -1.5
1168 76.5770131507 -19.4154849775 -1.5
1169 77.0616777909 -19.5383677938 -1.5
1170 77.5463424311 -19.6612506101 -1.5
1171 73.6690253096 -18.6781880796 -1
1172 74.1536899498 -18.8010708959 -1
1173 74.63835459 -18.9239537122 -1
1174 75.1230192302 -19.0468365285 -1
1175 75.6076838704 -19.1697193449 -1
1176 76.0923485105 -19.2926021612 -1
1177 76.5770131507 -19.4154849775 -1
1178 77.0616777909 -19.5383677938 -1
1179 77.5463424311 -19.6612506101 -1
1180 73.6690253096 -18.6781880796 -0.5
1181 74.1536899498 -18.8010708959 -0.5
1182 74.63835459 -18.9239537122 -0.5
1183 75.1230192302 -19.0468365285 -0.5
1184 75.6076838704 -19.1697193449 -0.5
1185 76.0923485105 -19.2926021612 -0.5
1186 76.5770131507 -19.4154849775 -0.5
1187 77.0616777909 -19.5383677938 -0.5
1188 77.5463424311 -19.6612506101 -0.5
1189 73.6690253096 -18.6781880796 0
1190 74.1536899498 -18.8010708959 0
1191 74.63835459 -18.9239537122 0
1192 75.1230192302 -19.0468365285 0
1193 75.6076838704 -19.1697193449 0
1194 76.0923485105 -19.2926021612 0
1195 76.5770131507 -19.4154849775 0
1196 77.0616777909 -19.5383677938 0
1197 77.5463424311 -19.6612506101 0
1198 73.5466123434 -19.1545246042 -13.03
1199 74.0304716351 -19.2805412134 -13.03
1200 74.5143309269 -19.4065578226 -13.03
1201 74.9981902186 -19.5325744319 -13.03
1202 75.4820495103 -19.6585910411 -13.03
1203 75.9659088021 -19.7846076504 -13.03
1204 76.4497680938 -19.9106242596 -13.03
1205 76.9336273855 -20.0366408688 -13.03
1206 77.4174866773 -20.1626574781 -13.03
1207 73.5466123434 -19.1545246042 -13.4044050423
1208 74.0304716351 -19.2805412134 -13.4044050423
1209 74.5143309269 -19.4065578226 -13.4044050423
1210 74.9981902186 -19.5325744319 -13.4044050423
1211 75.4820495103 -19.6585910411 -13.4044050423
1212 75.9659088021 -19.7846076504 -13.4044050423
1213 76.4497680938 -19.9106242596 -13.4044050423
1214 76.9336273855 -20.0366408688 -13.4044050423
1215 77.4174866773 -20.1626574781 -13.4044050423
1216 73.5466123434 -19.1545246042 -13.7788100845
1217 74.0304716351 -19.2805412134 -13.7788100845
1218 74.5143309269 -19.4065578226 -13.7788100845
1219 74.9981902186 -19.5325744319 -13.7788100845
1220 75.4820495103 -19.6585910411 -13.7788100845
1221 75.9659088021 -19.7846076504 -13.7788100845
1222 76.4497680938 -19.9106242596 -13.7788100845
1223 76.9336273855 -20.0366408688 -13.7788100845
1224 77.4174866773 -20.1626574781 -13.7788100845
1225 73.5466123434 -19.1545246042 -14.1532151268
1226 74.0304716351 -19.2805412134 -14.1532151268
1227 74.5143309269 -19.4065578226 -14.1532151268
1228 74.9981902186 -19.5325744319 -14.1532151268
1229 75.4820495103 -19.6585910411 -14.1532151268
1230 75.9659088021 -19.7846076504 -14.1532151268
1231 76.4497680938 -19.9106242596 -14.1532151268
1232 76.9336273855 -20.0366408688 -14.1532151268
1233 77.4174866773 -20.1626574781 -14.1532151268
1234 73.5466123434 -19.1545246042 -14.527620169
1235 74.0304716351 -19.2805412134 -14.527620169
1236 74.5143309269 -19.4065578226 -14.527620169
1237 74.9981902186 -19.5325744319 -14.527620169
1238 75.4820495103 -19.6585910411 -14.527620169
1239 75.9659088021 -19.7846076504 -14.527620169
1240 76.4497680938 -19.9106242596 -14.527620169
1241 76.9336273855 -20.0366408688 -14.527620169
1242 77.4174866773 -20.1626574781 -14.527620169
1243 73.5466123434 -19.1545246042 -14.9020252113
1244 74.0304716351 -19.2805412134 -14.9020252113
1245 74.5143309269 -19.4065578226 -14.9020252113
1246 74.9981902186 -19.5325744319 -14.9020252113
1247 75.4820495103 -19.6585910411 -14.9020252113
1248 75.9659088021 -19.7846076504 -14.9020252113
1249 76.4497680938 -19.9106242596 -14.9020252113
1250 76.9336273855 -20.0366408688 -14.9020252113
1251 77.4174866773 -20.1626574781 -14.9020252113
1252 73.5466123434 -19.1545246042 -15.2764302535
1253 74.0304716351 -19.2805412134 -15.2764302535
1254 74.5143309269 -19.4065578226 -15.2764302535
1255 74.9981902186 -19.5325744319 -15.2764302535
1256 75.4820495103 -19.6585910411 -15.2764302535
1257 75.9659088021 -19.7846076504 -15.2764302535
1258 76.4497680938 -19.9106242596 -15.2764302535
1259 76.9336273855 -20.0366408688 -15.2764302535
1260 77.4174866773 -20.1626574781 -15.2764302535
1261 73.5466123434 -19.1545246042 -15.6508352958
1262 74.0304716351 -19.2805412134 -15.6508352958
1263 74.5143309269 -19.4065578226 -15.6508352958
1264 74.9981902186 -19.5325744319 -15.6508352958
1265 75.4820495103 -19.6585910411 -15.6508352958
1266 75.9659088021 -19.7846076504 -15.6508352958
1267 76.4497680938 -19.9106242596 -15.6508352958
1268 76.9336273855 -20.0366408688 -15.6508352958
1269 77.4174866773 -20.1626574781 -15.6508352958
1270 73.5466123434 -19.1545246042 -16.0252403381
1271 74.0304716351 -19.2805412134 -16.0252403381
1272 74.5143309269 -19.4065578226 -16.0252403381
1273 74.9981902186 -19.5325744319 -16.0252403381
1274 75.4820495103 -19.6585910411 -16.0252403381
1275 75.9659088021 -19.7846076504 -16.0252403381
1276 76.4497680938 -19.9106242596 -16.0252403381
1277 76.9336273855 -20.0366408688 -16.0252403381
1278 77.4174866773 -20.1626574781 -16.0252403381
1279 73.5466123434 -19.1545246042 -12.5
1280 74.0304716351 -19.2805412134 -12.5
1281 74.5143309269 -19.4065578226 -12.5
1282 74.9981902186 -19.5325744319 -12.5
1283 75.4820495103 -19.6585910411 -12.5
1284 75.9659088021 -19.7846076504 -12.5
1285 76.4497680938 -19.9106242596 -12.5
1286 76.9336273855 -20.0366408688 -12.5
1287 77.4174866773 -20.1626574781 -12.5
1288 73.5466123434 -19.1545246042 -12
1289 74.0304716351 -19.2805412134 -12
1290 74.5143309269 -19.4065578226 -12
1291 74.9981902186 -19.5325744319 -12
1292 75.4820495103 -19.6585910411 -12
1293 75.9659088021 -19.7846076504 -12
1294 76.4497680938 -19.9106242596 -12
1295 76.9336273855 -20.0366408688 -12
1296 77.4174866773 -20.1626574781 -12
1297 73.5466123434 -19.1545246042 -11.5
1298 74.0304716351 -19.2805412134 -11.5
1299 74.5143309269 -19.4065578226 -11.5
1300 74.9981902186 -19.5325744319 -11.5
1301 75.4820495103 -19.6585910411 -11.5
1302 75.9659088021 -19.7846076504 -11.5
1303 76.4497680938 -19.9106242596 -11.5
1304 76.9336273855 -20.0366408688 -11.5
1305 77.4174866773 -20.1626574781 -11.5
1306 73.5466123434 -19.1545246042 -11
1307 74.0304716351 -19.2805412134 -11
1308 74.5143309269 -19.4065578226 -11
1309 74.9981902186 -19.5325744319 -11
1310 75.4820495103 -19.6585910411 -11
1311 75.9659088021 -19.7846076504 -11
1312 76.4497680938 -19.9106242596 -11
1313 76.9336273855 -20.0366408688 -11
1314 77.4174866773 -20.1626574781 -11
1315 73.5466123434 -19.1545246042 -10.5
1316 74.0304716351 -19.2805412134 -10.5
1317 74.5143309269 -19.4065578226 -10.5
1318 74.9981902186 -19.5325744319 -10.5
1319 75.4820495103 -19.6585910411 -10.5
1320 75.9659088021 -19.7846076504 -10.5
1321 76.4497680938 -19.9106242596 -10.5
1322 76.9336273855 -20.0366408688 -10.5
1323 77.4174866773 -20.1626574781 -10.5
1324 73.5466123434 -19.1545246042 -10
1325 74.0304716351 -19.2805412134 -10
1326 74.5143309269 -19.4065578226 -10
1327 74.9981902186 -19.5325744319 -10
1328 75.4820495103 -19.6585910411 -10
1329 75.9659088021 -19.7846076504 -10
1330 76.4497680938 -19.9106242596 -10
1331 76.9336273855 -20.0366408688 -10
1332 77.4174866773 -20.1626574781 -10
1333 73.5466123434 -19.1545246042 -9.5
1334 74.0304716351 -19.2805412134 -9.5
1335 74.5143309269 -19.4065578226 -9.5
1336 74.9981902186 -19.5325744319 -9.5
1337 75.4820495103 -19.6585910411 -9.5
1338 75.9659088021 -19.7846076504 -9.5
1339 76.4497680938 -19.9106242596 -9.5
1340 76.9336273855 -20.0366408688 -9.5
1341 77.4174866773 -20.1626574781 -9.5
1342 73.5466123434 -19.1545246042 -9
1343 74.0304716351 -19.2805412134 -9
1344 74.5143309269 -19.4065578226 -9
1345 74.9981902186 -19.5325744319 -9
1346 75.4820495103 -19.6585910411 -9
1347 75.9659088021 -19.7846076504 -9
1348 76.4497680938 -19.9106242596 -9
1349 76.9336273855 -20.0366408688 -9
1350 77.4174866773 -20.1626574781 -9
1351 73.5466123434 -19.1545246042 -8.5
1352 74.0304716351 -19.2805412134 -8.5
1353 74.5143309269 -19.4065578226 -8.5
1354 74.9981902186 -19.5325744319 -8.5
1355 75.4820495103 -19.6585910411 -8.5
1356 75.9659088021 -19.7846076504 -8.5
1357 76.4497680938 -19.9106242596 -8.5
1358 76.9336273855 -20.0366408688 -8.5
1359 77.4174866773 -20.1626574781 -8.5
1360 73.5466123434 -19.1545246042 -8
1361 74.0304716351 -19.2805412134 -8
1362 74.5143309269 -19.4065578226 -8
1363 74.9981902186 -19.5325744319 -8
1364 75.4820495103 -19.6585910411 -8
1365 75.9659088021 -19.7846076504 -8
1366 76.4497680938 -19.9106242596 -8
1367 76.9336273855 -20.0366408688 -8
1368 77.4174866773 -20.1626574781 -8
1369 73.5466123434 -19.1545246042 -7.5
1370 74.0304716351 -19.2805412134 -7.5
1371 74.5143309269 -19.4065578226 -7.5
1372 74.9981902186 -19.5325744319 -7.5
1373 75.4820495103 -19.6585910411 -7.5
1374 75.9659088021 -19.7846076504 -7.5
1375 76.4497680938 -19.9106242596 -7.5
1376 76.9336273855 -20.0366408688 -7.5
1377 77.4174866773 -20.1626574781 -7.5
1378 73.5466123434 -19.1545246042 -7
1379 74.0304716351 -19.2805412134 -7
1380 74.5143309269 -19.4065578226 -7
1381 74.9981902186 -19.5325744319 -7
1382 75.4820495103 -19.6585910411 -7
1383 75.9659088021 -19.7846076504 -7
1384 76.4497680938 -19.9106242596 -7
1385 76.9336273855 -20.0366408688 -7
1386 77.4174866773 -20.1626574781 -7
1387 73.5466123434 -19.1545246042 -6.5
1388 74.0304716351 -19.2805412134 -6.5
1389 74.5143309269 -19.4065578226 -6.5
1390 74.9981902186 -19.5325744319 -6.5
1391 75.4820495103 -19.6585910411 -6.5
1392 75.9659088021 -19.7846076504 -6.5
1393 76.4497680938 -19.9106242596 -6.5
1394 76.9336273855 -20.0366408688 -6.5
1395 77.4174866773 -20.1626574781 -6.5
1396 73.5466123434 -19.1545246042 -6
1397 74.0304716351 -19.2805412134 -6
1398 74.5143309269 -19.4065578226 -6
1399 74.9981902186 -19.5325744319 -6
1400 75.4820495103 -19.6585910411 -6
1401 75.9659088021 -19.7846076504 -6
1402 76.4497680938 -19.9106242596 -6
1403 76.9336273855 -20.0366408688 -6
1404 77.4174866773 -20.1626574781 -6
1405 73.5466123434 -19.1545246042 -5.5
1406 74.0304716351 -19.2805412134 -5.5
1407 74.5143309269 -19.4065578226 -5.5
1408 74.9981902186 -19.5325744319 -5.5
1409 75.4820495103 -19.6585910411 -5.5
1410 75.9659088021 -19.7846076504 -5.5
1411 76.4497680938 -19.9106242596 -5.5
1412 76.9336273855 -20.0366408688 -5.5
1413 77.4174866773 -20.1626574781 -5.5
1414 73.5466123434 -19.1545246042 -5
1415 74.0304716351 -19.2805412134 -5
1416 74.5143309269 -19.4065578226 -5
1417 74.9981902186 -19.5325744319 -5
1418 75.4820495103 -19.6585910411 -5
1419 75.9659088021 -19.7846076504 -5
1420 76.4497680938 -19.9106242596 -5
1421 76.9336273855 -20.0366408688 -5
1422 77.4174866773 -20.1626574781 -5
1423 73.5466123434 -19.1545246042 -4.5
1424 74.0304716351 -19.2805412134 -4.5
1425 74.5143309269 -19.4065578226 -4.5
1426 74.9981902186 -19.5325744319 -4.5
1427 75.4820495103 -19.6585910411 -4.5
1428 75.9659088021 -19.7846076504 -4.5
1429 76.4497680938 -19.9106242596 -4.5
1430 76.9336273855 -20.0366408688 -4.5
1431 77.4174866773 -20.1626574781 -4.5
1432 73.5466123434 -19.1545246042 -4
1433 74.0304716351 -19.2805412134 -4
1434 74.5143309269 -19.4065578226 -4
1435 74.9981902186 -19.5325744319 -4
1436 75.4820495103 -19.6585910411 -4
1437 75.9659088021 -19.7846076504 -4
1438 76.4497680938 -19.9106242596 -4
1439 76.9336273855 -20.0366408688 -4
1440 77.4174866773 -20.1626574781 -4
1441 73.5466123434 -19.1545246042 -3.5
1442 74.0304716351 -19.2805412134 -3.5
1443 74.5143309269 -19.4065578226 -3.5
1444 74.9981902186 -19.5325744319 -3.5
1445 75.4820495103 -19.6585910411 -3.5
1446 75.9659088021 -19.7846076504 -3.5
1447 76.4497680938 -19.9106242596 -3.5
1448 76.9336273855 -20.0366408688 -3.5
1449 77.4174866773 -20.1626574781 -3.5
1450 73.5466123434 -19.1545246042 -3
1451 74.0304716351 -19.2805412134 -3
1452 74.5143309269 -19.4065578226 -3
1453 74.9981902186 -19.5325744319 -3
1454 75.4820495103 -19.6585910411 -3
1455 75.9659088021 -19.7846076504 -3
1456 76.4497680938 -19.9106242596 -3
1457 76.9336273855 -20.0366408688 -3
1458 77.4174866773 -20.1626574781 -3
1459 73.5466123434 -19.1545246042 -2.5
1460 74.0304716351 -19.2805412134 -2.5
1461 74.5143309269 -19.4065578226 -2.5
1462 74.9981902186 -19.5325744319 -2.5
1463 75.4820495103 -19.6585910411 -2.5
1464 75.9659088021 -19.7846076504 -2.5
1465 76.4497680938 -19.9106242596 -2.5
1466 76.9336273855 -20.0366408688 -2.5
1467 77.4174866773 -20.1626574781 -2.5
1468 73.5466123434 -19.1545246042 -2
1469 74.0304716351 -19.2805412134 -2
1470 74.5143309269 -19.4065578226 -2
1471 74.9981902186 -19.5325744319 -2
1472 75.4820495103 -19.6585910411 -2
1473 75.9659088021 -19.7846076504 -2
1474 76.4497680938 -19.9106242596 -2
1475 76.9336273855 -20.0366408688 -2
1476 77.4174866773 -20.1626574781 -2
1477 73.5466123434 -19.1545246042 -1.5
1478 74.0304716351 -19.2805412134 -1.5
1479 74.5143309269 -19.4065578226 -1.5
1480 74.9981902186 -19.5325744319 -1.5
1481 75.4820495103 -19.6585910411 -1.5
1482 75.9659088021 -19.7846076504 -1.5
1483 76.4497680938 -19.9106242596 -1.5
1484 76.9336273855 -20.0366408688 -1.5
1485 77.4174866773 -20.1626574781 -1.5
1486 73.5466123434 -19.1545246042 -1
1487 74.0304716351 -19.2805412134 -1
1488 74.5143309269 -19.4065578226 -1
1489 74.9981902186 -19.5325744319 -1
1490 75.4820495103 -19.6585910411 -1
1491 75.9659088021 -19.7846076504 -1
1492 76.4497680938 -19.9106242596 -1
1493 76.9336273855 -20.0366408688 -1
1494 77.4174866773 -20.1626574781 -1
1495 73.5466123434 -19.1545246042 -0.5
1496 74.0304716351 -19.2805412134 -0.5
1497 74.5143309269 -19.4065578226 -0.5
1498 74.9981902186 -19.5325744319 -0.5
1499 75.4820495103 -19.6585910411 -0.5
1500 75.9659088021 -19.7846076504 -0.5
1501 76.4497680938 -19.9106242596 -0.5
1502 76.9336273855 -20.0366408688 -0.5
1503 77.4174866773 -20.1626574781 -0.5
1504 73.5466123434 -19.1545246042 0
1505 74.0304716351 -19.2805412134 0
1506 74.5143309269 -19.4065578226 0
1507 74.9981902186 -19.5325744319 0
1508 75.4820495103 -19.6585910411 0
1509 75.9659088021 -19.7846076504 0
1510 76.4497680938 -19.9106242596 0
1511 76.9336273855 -20.0366408688 0
1512 77.4174866773 -20.1626574781 0
1513 73.4211194674 -19.6300589951 -13.03
1514 73.9041531481 -19.7592041201 -13.03
1515 74.3871868288 -19.8883492451 -13.03
1516 74.8702205095 -20.01749437 -13.03
1517 75.3532541902 -20.146639495 -13.03
1518 75.8362878709 -20.27578462 -13.03
1519 76.3193215517 -20.4049297449 -13.03
1520 76.8023552324 -20.5340748699 -13.03
1521 77.2853889131 -20.6632199949 -13.03
1522 73.4211194674 -19.6300589951 -13.3730375208
1523 73.9041531481 -19.7592041201 -13.3730375208
1524 74.3871868288 -19.8883492451 -13.3730375208
1525 74.8702205095 -20.01749437 -13.3730375208
1526 75.3532541902 -20.146639495 -13.3730375208
1527 75.8362878709 -20.27578462 -13.3730375208
1528 76.3193215517 -20.4049297449 -13.3730375208
1529 76.8023552324 -20.5340748699 -13.3730375208
1530 77.2853889131 -20.6632199949 -13.3730375208
1531 73.4211194674 -19.6300589951 -13.7160750416
1532 73.9041531481 -19.7592041201 -13.7160750416
1533 74.3871868288 -19.8883492451 -13.7160750416
1534 74.8702205095 -20.01749437 -13.7160750416
1535 75.3532541902 -20.146639495 -13.7160750416
1536 75.8362878709 -20.27578462 -13.7160750416
1537 76.3193215517 -20.4049297449 -13.7160750416
1538 76.8023552324 -20.5340748699 -13.7160750416
1539 77.2853889131 -20.6632199949 -13.7160750416
1540 73.4211194674 -19.6300589951 -14.0591125623
1541 73.9041531481 -19.7592041201 -14.0591125623
1542 74.3871868288 -19.8883492451 -14.0591125623
1543 74.8702205095 -20.01749437 -14.0591125623
1544 75.3532541902 -20.146639495 -14.0591125623
1545 75.8362878709 -20.27578462 -14.0591125623
1546 76.3193215517 -20.4049297449 -14.0591125623
1547 76.8023552324 -20.5340748699 -14.0591125623
1548 77.2853889131 -20.6632199949 -14.0591125623
1549 73.4211194674 -19.6300589951 -14.4021500831
1550 73.9041531481 -19.7592041201 -14.4021500831
1551 74.3871868288 -19.8883492451 -14.4021500831
1552 74.8702205095 -20.01749437 -14.4021500831
1553 75.3532541902 -20.146639495 -14.4021500831
1554 75.8362878709 -20.27578462 -14.4021500831
1555 76.3193215517 -20.4049297449 -14.4021500831
1556 76.8023552324 -20.5340748699 -14.4021500831
1557 77.2853889131 -20.6632199949 -14.4021500831
1558 73.4211194674 -19.6300589951 -14.7451876039
1559 73.9041531481 -19.7592041201 -14.7451876039
1560 74.3871868288 -19.8883492451 -14.7451876039
1561 74.8702205095 -20.01749437 -14.7451876039
1562 75.3532541902 -20.146639495 -14.7451876039
1563 75.8362878709 -20.27578462 -14.7451876039
1564 76.3193215517 -20.4049297449 -14.7451876039
1565 76.8023552324 -20.5340748699 -14.7451876039
1566 77.2853889131 -20.6632199949 -14.7451876039
1567 73.4211194674 -19.6300589951 -15.0882251247
1568 73.9041531481 -19.7592041201 -15.0882251247
1569 74.3871868288 -19.8883492451 -15.0882251247
1570 74.8702205095 -20.01749437 -15.0882251247
1571 75.3532541902 -20.146639495 -15.0882251247
1572 75.8362878709 -20.27578462 -15.0882251247
1573 76.3193215517 -20.4049297449 -15.0882251247
1574 76.8023552324 -20.5340748699 -15.0882251247
1575 77.2853889131 -20.6632199949 -15.0882251247
1576 73.4211194674 -19.6300589951 -15.4312626454
1577 73.9041531481 -19.7592041201 -15.4312626454
1578 74.3871868288 -19.8883492451 -15.4312626454
1579 74.8702205095 -20.01749437 -15.4312626454
1580 75.3532541902 -20.146639495 -15.4312626454
1581 75.8362878709 -20.27578462 -15.4312626454
1582 76.3193215517 -20.4049297449 -15.4312626454
1583 76.8023552324 -20.5340748699 -15.4312626454
1584 77.2853889131 -20.6632199949 -15.4312626454
1585 73.4211194674 -19.6300589951 -15.7743001662
1586 73.9041531481 -19.7592041201 -15.7743001662
1587 74.3871868288 -19.8883492451 -15.7743001662
1588 74.8702205095 -20.01749437 -15.7743001662
1589 75.3532541902 -20.146639495 -15.7743001662
1590 75.8362878709 -20.27578462 -15.7743001662
1591 76.3193215517 -20.4049297449 -15.7743001662
1592 76.8023552324 -20.5340748699 -15.7743001662
1593 77.2853889131 -20.6632199949 -15.7743001662
1594 73.4211194674 -19.6300589951 -12.5
1595 73.9041531481 -19.7592041201 -12.5
1596 74.3871868288 -19.8883492451 -12.5
1597 74.8702205095 -20.01749437 -12.5
1598 75.3532541902 -20.146639495 -12.5
1599 75.8362878709 -20.27578462 -12.5
1600 76.3193215517 -20.4049297449 -12.5
1601 76.8023552324 -20.5340748699 -12.5
1602 77.2853889131 -20.6632199949 -12.5
1603 73.4211194674 -19.6300589951 -12
1604 73.9041531481 -19.7592041201 -12
1605 74.3871868288 -19.8883492451 -12
1606 74.8702205095 -20.01749437 -12
1607 75.3532541902 -20.146639495 -12
1608 75.8362878709 -20.27578462 -12
1609 76.3193215517 -20.4049297449 -12
1610 76.8023552324 -20.5340748699 -12
1611 77.2853889131 -20.6632199949 -12
1612 73.4211194674 -19.6300589951 -11.5
1613 73.9041531481 -19.7592041201 -11.5
1614 74.3871868288 -19.8883492451 -11.5
1615 74.8702205095 -20.01749437 -11.5
1616 75.3532541902 -20.146639495 -11.5
1617 75.8362878709 -20.27578462 -11.5
1618 76.3193215517 -20.4049297449 -11.5
1619 76.8023552324 -20.5340748699 -11.5
1620 77.2853889131 -20.6632199949 -11.5
1621 73.4211194674 -19.6300589951 -11
1622 73.9041531481 -19.7592041201 -11
1623 74.3871868288 -19.8883492451 -11
1624 74.8702205095 -20.01749437 -11
1625 75.3532541902 -20.146639495 -11
1626 75.8362878709 -20.27578462 -11
1627 76.3193215517 -20.4049297449 -11
1628 76.8023552324 -20.5340748699 -11
1629 77.2853889131 -20.6632199949 -11
1630 73.4211194674 -19.6300589951 -10.5
1631 73.9041531481 -19.7592041201 -10.5
1632 74.3871868288 -19.8883492451 -10.5
1633 74.8702205095 -20.01749437 -10.5
1634 75.3532541902 -20.146639495 -10.5
1635 75.8362878709 -20.27578462 -10.5
1636 76.3193215517 -20.4049297449 -10.5
1637 76.8023552324 -20.5340748699 -10.5
1638 77.2853889131 -20.6632199949 -10.5
1639 73.4211194674 -19.6300589951 -10
1640 73.9041531481 -19.7592041201 -10
1641 74.3871868288 -19.8883492451 -10
1642 74.8702205095 -20.01749437 -10
1643 75.3532541902 -20.146639495 -10
1644 75.8362878709 -20.27578462 -10
1645 76.3193215517 -20.4049297449 -10
1646 76.8023552324 -20.5340748699 -10
1647 77.2853889131 -20.6632199949 -10
1648 73.4211194674 -19.6300589951 -9.5
1649 73.9041531481 -19.7592041201 -9.5
1650 74.3871868288 -19.8883492451 -9.5
1651 74.8702205095 -20.01749437 -9.5
1652 75.3532541902 -20.146639495 -9.5
1653 75.8362878709 -20.27578462 -9.5
1654 76.3193215517 -20.4049297449 -9.5
1655 76.8023552324 -20.5340748699 -9.5
1656 77.2853889131 -20.6632199949 -9.5
1657 73.4211194674 -19.6300589951 -9
1658 73.9041531481 -19.7592041201 -9
1659 74.3871868288 -19.8883492451 -9
1660 74.8702205095 -20.01749437 -9
1661 75.3532541902 -20.146639495 -9
1662 75.8362878709 -20.27578462 -9
1663 76.3193215517 -20.4049297449 -9
1664 76.8023552324 -20.5340748699 -9
1665 77.2853889131 -20.6632199949 -9
1666 73.4211194674 -19.6300589951 -8.5
1667 73.9041531481 -19.7592041201 -8.5
1668 74.3871868288 -19.8883492451 -8.5
1669 74.8702205095 -20.01749437 -8.5
1670 75.3532541902 -20.146639495 -8.5
1671 75.8362878709 -20.27578462 -8.5
1672 76.3193215517 -20.4049297449 -8.5
1673 76.8023552324 -20.5340748699 -8.5
1674 77.2853889131 -20.6632199949 -8.5
1675 73.4211194674 -19.6300589951 -8
1676 73.9041531481 -19.7592041201 -8
1677 74.3871868288 -19.8883492451 -8
1678 74.8702205095 -20.01749437 -8
1679 75.3532541902 -20.146639495 -8
1680 75.8362878709 -20.27578462 -8
1681 76.3193215517 -20.4049297449 -8
1682 76.8023552324 -20.5340748699 -8
1683 77.2853889131 -20.6632199949 -8
1684 73.4211194674 -19.6300589951 -7.5
1685 73.9041531481 -19.7592041201 -7.5
1686 74.3871868288 -19.8883492451 -7.5
1687 74.8702205095 -20.01749437 -7.5
1688 75.3532541902 -20.146639495 -7.5
1689 75.8362878709 -20.27578462 -7.5
1690 76.3193215517 -20.4049297449 -7.5
1691 76.8023552324 -20.5340748699 -7.5
1692 77.2853889131 -20.6632199949 -7.5
1693 73.4211194674 -19.6300589951 -7
1694 73.9041531481 -19.7592041201 -7
1695 74.3871868288 -19.8883492451 -7
1696 74.8702205095 -20.01749437 -7
1697 75.3532541902 -20.146639495 -7
1698 75.8362878709 -20.27578462 -7
1699 76.3193215517 -20.4049297449 -7
1700 76.8023552324 -20.5340748699 -7
1701 77.2853889131 -20.6632199949 -7
1702 73.4211194674 -19.6300589951 -6.5
1703 73.9041531481 -19.7592041201 -6.5
1704 74.3871868288 -19.8883492451 -6.5
1705 74.8702205095 -20.01749437 -6.5
1706 75.3532541902 -20.146639495 -6.5
1707 75.8362878709 -20.27578462 -6.5
1708 76.3193215517 -20.4049297449 -6.5
1709 76.8023552324 -20.5340748699 -6.5
1710 77.2853889131 -20.6632199949 -6.5
1711 73.4211194674 -19.6300589951 -6
1712 73.9041531481 -19.7592041201 -6
1713 74.3871868288 -19.8883492451 -6
1714 74.8702205095 -20.01749437 -6
1715 75.3532541902 -20.146639495 -6
1716 75.8362878709 -20.27578462 -6
1717 76.3193215517 -20.4049297449 -6
1718 76.8023552324 -20.5340748699 -6
1719 77.2853889131 -20.6632199949 -6
1720 73.4211194674 -19.6300589951 -5.5
1721 73.9041531481 -19.7592041201 -5.5
1722 74.3871868288 -19.8883492451 -5.5
1723 74.8702205095 -20.01749437 -5.5
1724 75.3532541902 -20.146639495 -5.5
1725 75.8362878709 -20.27578462 -5.5
1726 76.3193215517 -20.4049297449 -5.5
1727 76.8023552324 -20.5340748699 -5.5
1728 77.2853889131 -20.6632199949 -5.5
1729 73.4211194674 -19.6300589951 -5
1730 73.9041531481 -19.7592041201 -5
1731 74.3871868288 -19.8883492451 -5
1732 74.8702205095 -20.01749437 -5
1733 75.3532541902 -20.146639495 -5
1734 75.8362878709 -20.27578462 -5
1735 76.3193215517 -20.4049297449 -5
1736 76.8023552324 -20.5340748699 -5
1737 77.2853889131 -20.6632199949 -5
1738 73.4211194674 -19.6300589951 -4.5
1739 73.9041531481 -19.7592041201 -4.5
1740 74.3871868288 -19.8883492451 -4.5
1741 74.8702205095 -20.01749437 -4.5
1742 75.3532541902 -20.146639495 -4.5
1743 75.8362878709 -20.27578462 -4.5
1744 76.3193215517 -20.4049297449 -4.5
1745 76.8023552324 -20.5340748699 -4.5
1746 77.2853889131 -20.6632199949 -4.5
1747 73.4211194674 -19.6300589951 -4
1748 73.9041531481 -19.7592041201 -4
1749 74.3871868288 -19.8883492451 -4
1750 74.8702205095 -20.01749437 -4
1751 75.3532541902 -20.146639495 -4
1752 75.8362878709 -20.27578462 -4
1753 76.3193215517 -20.4049297449 -4
1754 76.8023552324 -20.5340748699 -4
1755 77.2853889131 -20.6632199949 -4
1756 73.4211194674 -19.6300589951 -3.5
1757 73.9041531481 -19.7592041201 -3.5
1758 74.3871868288 -19.8883492451 -3.5
1759 74.8702205095 -20.01749437 -3.5
1760 75.3532541902 -20.146639495 -3.5
1761 75.8362878709 -20.27578462 -3.5
1762 76.3193215517 -20.4049297449 -3.5
1763 76.8023552324 -20.5340748699 -3.5
1764 77.2853889131 -20.6632199949 -3.5
1765 73.4211194674 -19.6300589951 -3
1766 73.9041531481 -19.7592041201 -3
1767 74.3871868288 -19.8883492451 -3
1768 74.8702205095 -20.01749437 -3
1769 75.3532541902 -20.146639495 -3
1770 75.8362878709 -20.27578462 -3
1771 76.3193215517 -20.4049297449 -3
1772 76.8023552324 -20.5340748699 -3
1773 77.2853889131 -20.6632199949 -3
1774 73.4211194674 -19.6300589951 -2.5
1775 73.9041531481 -19.7592041201 -2.5
1776 74.3871868288 -19.8883492451 -2.5
1777 74.8702205095 -20.01749437 -2.5
1778 75.3532541902 -20.146639495 -2.5
1779 75.8362878709 -20.27578462 -2.5
1780 76.3193215517 -20.4049297449 -2.5
1781 76.8023552324 -20.5340748699 -2.5
1782 77.2853889131 -20.6632199949 -2.5
1783 73.4211194674 -19.6300589951 -2
1784 73.9041531481 -19.7592041201 -2
1785 74.3871868288 -19.8883492451 -2
1786 74.8702205095 -20.01749437 -2
1787 75.3532541902 -20.146639495 -2
1788 75.8362878709 -20.27578462 -2
1789 76.3193215517 -20.4049297449 -2
1790 76.8023552324 -20.5340748699 -2
1791 77.2853889131 -20.6632199949 -2
1792 73.4211194674 -19.6300589951 -1.5
1793 73.9041531481 -19.7592041201 -1.5
1794 74.3871868288 -19.8883492451 -1.5
1795 74.8702205095 -20.01749437 -1.5
1796 75.3532541902 -20.146639495 -1.5
1797 75.8362878709 -20.27578462 -1.5
1798 76.3193215517 -20.4049297449 -1.5
1799 76.8023552324 -20.5340748699 -1.5
1800 77.2853889131 -20.6632199949 -1.5
1801 73.4211194674 -19.6300589951 -1
1802 73.9041531481 -19.7592041201 -1
1803 74.3871868288 -19.8883492451 -1
1804 74.8702205095 -20.01749437 -1
1805 75.3532541902 -20.146639495 -1
1806 75.8362878709 -20.27578462 -1
1807 76.3193215517 -20.4049297449 -1
1808 76.8023552324 -20.5340748699 -1
1809 77.2853889131 -20.6632199949 -1
1810 73.4211194674 -19.6300589951 -0.5
1811 73.9041531481 -19.7592041201 -0.5
1812 74.3871868288 -19.8883492451 -0.5
1813 74.8702205095 -20.01749437 -0.5
1814 75.3532541902 -20.146639495 -0.5
1815 75.8362878709 -20.27578462 -0.5
1816 76.3193215517 -20.4049297449 -0.5
1817 76.8023552324 -20.5340748699 -0.5
1818 77.2853889131 -20.6632199949 -0.5
1819 73.4211194674 -19.6300589951 0
1820 73.9041531481 -19.7592041201 0
1821 74.3871868288 -19.8883492451 0
1822 74.8702205095 -20.01749437 0
1823 75.3532541902 -20.146639495 0
1824 75.8362878709 -20.27578462 0
1825 76.3193215517 -20.4049297449 0
1826 76.8023552324 -20.5340748699 0
1827 77.2853889131 -20.6632199949 0
1828 73.2925519369 -20.1047713386 -13.03
1829 73.7747397786 -20.2370395711 -13.03
1830 74.2569276203 -20.3693078036 -13.03
1831 74.739115462 -20.501576036 -13.03
1832 75.2213033037 -20.6338442685 -13.03
1833 75.7034911454 -20.766112501 -13.03
1834 76.185678987 -20.8983807335 -13.03
1835 76.6678668287 -21.030648966 -13.03
1836 77.1500546704 -21.1629171985 -13.03
1837 73.2925519369 -20.1047713386 -13.3416971814
1838 73.7747397786 -20.2370395711 -13.3416971814
1839 74.2569276203 -20.3693078036 -13.3416971814
1840 74.739115462 -20.501576036 -13.3416971814
1841 75.2213033037 -20.6338442685 -13.3416971814
1842 75.7034911454 -20.766112501 -13.3416971814
1843 76.185678987 -20.8983807335 -13.3416971814
1844 76.6678668287 -21.030648966 -13.3416971814
1845 77.1500546704 -21.1629171985 -13.3416971814
1846 73.2925519369 -20.1047713386 -13.6533943628
1847 73.7747397786 -20.2370395711 -13.6533943628
1848 74.2569276203 -20.3693078036 -13.6533943628
1849 74.739115462 -20.501576036 -13.6533943628
1850 75.2213033037 -20.6338442685 -13.6533943628
1851 75.7034911454 -20.766112501 -13.6533943628
1852 76.185678987 -20.8983807335 -13.6533943628
1853 76.6678668287 -21.030648966 -13.6533943628
1854 77.1500546704 -21.1629171985 -13.6533943628
1855 73.2925519369 -20.1047713386 -13.9650915442
1856 73.7747397786 -20.2370395711 -13.9650915442
1857 74.2569276203 -20.3693078036 -13.9650915442
1858 74.739115462 -20.501576036 -13.9650915442
1859 75.2213033037 -20.6338442685 -13.9650915442
1860 75.7034911454 -20.766112501 -13.9650915442
1861 76.185678987 -20.8983807335 -13.9650915442
1862 76.6678668287 -21.030648966 -13.9650915442
1863 77.1500546704 -21.1629171985 -13.9650915442
1864 73.2925519369 -20.1047713386 -14.2767887257
1865 73.7747397786 -20.2370395711 -14.2767887257
1866 74.2569276203 -20.3693078036 -14.2767887257
1867 74.739115462 -20.501576036 -14.2767887257
1868 75.2213033037 -20.6338442685 -14.2767887257
1869 75.7034911454 -20.766112501 -14.2767887257
1870 76.185678987 -20.8983807335 -14.2767887257
1871 76.6678668287 -21.030648966 -14.2767887257
1872 77.1500546704 -21.1629171985 -14.2767887257
1873 73.2925519369 -20.1047713386 -14.5884859071
1874 73.7747397786 -20.2370395711 -14.5884859071
1875 74.2569276203 -20.3693078036 -14.5884859071
1876 74.739115462 -20.501576036 -14.5884859071
1877 75.2213033037 -20.6338442685 -14.5884859071
1878 75.7034911454 -20.766112501 -14.5884859071
1879 76.185678987 -20.8983807335 -14.5884859071
1880 76.6678668287 -21.030648966 -14.5884859071
1881 77.1500546704 -21.1629171985 -14.5884859071
1882 73.2925519369 -20.1047713386 -14.9001830885
1883 73.7747397786 -20.2370395711 -14.9001830885
1884 74.2569276203 -20.3693078036 -14.9001830885
1885 74.739115462 -20.501576036 -14.9001830885
1886 75.2213033037 -20.6338442685 -14.9001830885
1887 75.7034911454 -20.766112501 -14.9001830885
1888 76.185678987 -20.8983807335 -14.9001830885
1889 76.6678668287 -21.030648966 -14.9001830885
1890 77.1500546704 -21.1629171985 -14.9001830885
1891 73.2925519369 -20.1047713386 -15.2118802699
1892 73.7747397786 -20.2370395711 -15.2118802699
1893 74.2569276203 -20.3693078036 -15.2118802699
1894 74.739115462 -20.501576036 -15.2118802699
1895 75.2213033037 -20.6338442685 -15.2118802699
1896 75.7034911454 -20.766112501 -15.2118802699
1897 76.185678987 -20.8983807335 -15.2118802699
1898 76.6678668287 -21.030648966 -15.2118802699
1899 77.1500546704 -21.1629171985 -15.2118802699
1900 73.2925519369 -20.1047713386 -15.5235774513
1901 73.7747397786 -20.2370395711 -15.5235774513
1902 74.2569276203 -20.3693078036 -15.5235774513
1903 74.739115462 -20.501576036 -15.5235774513
1904 75.2213033037 -20.6338442685 -15.5235774513
1905 75.7034911454 -20.766112501 -15.5235774513
1906 76.185678987 -20.8983807335 -15.5235774513
1907 76.6678668287 -21.030648966 -15.5235774513
1908 77.1500546704 -21.1629171985 -15.5235774513
1909 73.2925519369 -20.1047713386 -12.5
1910 73.7747397786 -20.2370395711 -12.5
1911 74.2569276203 -20.3693078036 -12.5
1912 74.739115462 -20.501576036 -12.5
1913 75.2213033037 -20.6338442685 -12.5
1914 75.7034911454 -20.766112501 -12.5
1915 76.185678987 -20.8983807335 -12.5
1916 76.6678668287 -21.030648966 -12.5
1917 77.1500546704 -21.1629171985 -12.5
1918 73.2925519369 -20.1047713386 -12
1919 73.7747397786 -20.2370395711 -12
1920 74.2569276203 -20.3693078036 -12
1921 74.739115462 -20.501576036 -12
1922 75.2213033037 -20.6338442685 -12
1923 75.7034911454 -20.766112501 -12
1924 76.185678987 -20.8983807335 -12
1925 76.6678668287 -21.030648966 -12
1926 77.1500546704 -21.1629171985 -12
1927 73.2925519369 -20.1047713386 -11.5
1928 73.7747397786 -20.2370395711 -11.5
1929 74.2569276203 -20.3693078036 -11.5
1930 74.739115462 -20.501576036 -11.5
1931 75.2213033037 -20.6338442685 -11.5
1932 75.7034911454 -20.766112501 -11.5
1933 76.185678987 -20.8983807335 -11.5
1934 76.6678668287 -21.030648966 -11.5
1935 77.1500546704 -21.1629171985 -11.5
1936 73.2925519369 -20.1047713386 -11
1937 73.7747397786 -20.2370395711 -11
1938 74.2569276203 -20.3693078036 -11
1939 74.739115462 -20.501576036 -11
1940 75.2213033037 -20.6338442685 -11
1941 75.7034911454 -20.766112501 -11
1942 76.185678987 -20.8983807335 -11
1943 76.6678668287 -21.030648966 -11
1944 77.1500546704 -21.1629171985 -11
1945 73.2925519369 -20.1047713386 -10.5
1946 73.7747397786 -20.2370395711 -10.5
1947 74.2569276203 -20.3693078036 -10.5
1948 74.739115462 -20.501576036 -10.5
1949 75.2213033037 -20.6338442685 -10.5
1950 75.7034911454 -20.766112501 -10.5
1951 76.185678987 -20.8983807335 -10.5
1952 76.6678668287 -21.030648966 -10.5
1953 77.1500546704 -21.1629171985 -10.5
1954 73.2925519369 -20.1047713386 -10
1955 73.7747397786 -20.2370395711 -10
1956 74.2569276203 -20.3693078036 -10
1957 74.739115462 -20.501576036 -10
1958 75.2213033037 -20.6338442685 -10
1959 75.7034911454 -20.766112501 -10
1960 76.185678987 -20.8983807335 -10
1961 76.6678668287 -21.030648966 -10
1962 77.1500546704 -21.1629171985 -10
1963 73.2925519369 -20.1047713386 -9.5
1964 73.7747397786 -20.2370395711 -9.5
1965 74.2569276203 -20.3693078036 -9.5
1966 74.739115462 -20.501576036 -9.5
1967 75.2213033037 -20.6338442685 -9.5
1968 75.7034911454 -20.766112501 -9.5
1969 76.185678987 -20.8983807335 -9.5
1970 76.6678668287 -21.030648966 -9.5
1971 77.1500546704 -21.1629171985 -9.5
1972 73.2925519369 -20.1047713386 -9
1973 73.7747397786 -20.2370395711 -9
1974 74.2569276203 -20.3693078036 -9
1975 74.739115462 -20.501576036 -9
1976 75.2213033037 -20.6338442685 -9
1977 75.7034911454 -20.766112501 -9
1978 76.185678987 -20.8983807335 -9
1979 76.6678668287 -21.030648966 -9
1980 77.1500546704 -21.1629171985 -9
1981 73.2925519369 -20.1047713386 -8.5
1982 73.7747397786 -20.2370395711 -8.5
1983 74.2569276203 -20.3693078036 -8.5
1984 74.739115462 -20.501576036 -8.5
1985 75.2213033037 -20.6338442685 -8.5
1986 75.7034911454 -20.766112501 -8.5
1987 76.185678987 -20.8983807335 -8.5
1988 76.6678668287 -21.030648966 -8.5
1989 77.1500546704 -21.1629171985 -8.5
1990 73.2925519369 -20.1047713386 -8
1991 73.7747397786 -20.2370395711 -8
1992 74.2569276203 -20.3693078036 -8
1993 74.739115462 -20.501576036 -8
1994 75.2213033037 -20.6338442685 -8
1995 75.7034911454 -20.766112501 -8
1996 76.185678987 -20.8983807335 -8
1997 76.6678668287 -21.030648966 -8
1998 77.1500546704 -21.1629171985 -8
1999 73.2925519369 -20.1047713386 -7.5
2000 73.7747397786 -20.2370395711 -7.5
2001 74.2569276203 -20.3693078036 -7.5
2002 74.739115462 -20.501576036 -7.5
2003 75.2213033037 -20.6338442685 -7.5
2004 75.7034911454 -20.766112501 -7.5
2005 76.185678987 -20.8983807335 -7.5
2006 76.6678668287 -21.030648966 -7.5
2007 77.1500546704 -21.1629171985 -7.5
2008 73.2925519369 -20.1047713386 -7
2009 73.7747397786 -20.2370395711 -7
2010 74.2569276203 -20.3693078036 -7
2011 74.739115462 -20.501576036 -7
2012 75.2213033037 -20.6338442685 -7
2013 75.7034911454 -20.766112501 -7
2014 76.185678987 -20.8983807335 -7
2015 76.6678668287 -21.030648966 -7
2016 77.1500546704 -21.1629171985 -7
2017 73.2925519369 -20.1047713386 -6.5
2018 73.7747397786 -20.2370395711 -6.5
2019 74.2569276203 -20.3693078036 -6.5
2020 74.739115462 -20.501576036 -6.5
2021 75.2213033037 -20.6338442685 -6.5
2022 75.7034911454 -20.766112501 -6.5
2023 76.185678987 -20.8983807335 -6.5
2024 76.6678668287 -21.030648966 -6.5
2025 77.1500546704 -21.1629171985 -6.5
2026 73.2925519369 -20.1047713386 -6
2027 73.7747397786 -20.2370395711 -6
2028 74.2569276203 -20.3693078036 -6
2029 74.739115462 -20.501576036 -6
2030 75.2213033037 -20.6338442685 -6
2031 75.7034911454 -20.766112501 -6
2032 76.185678987 -20.8983807335 -6
2033 76.6678668287 -21.030648966 -6
2034 77.1500546704 -21.1629171985 -6
2035 73.2925519369 -20.1047713386 -5.5
2036 73.7747397786 -20.2370395711 -5.5
2037 74.2569276203 -20.3693078036 -5.5
2038 74.739115462 -20.501576036 -5.5
2039 75.2213033037 -20.6338442685 -5.5
2040 75.7034911454 -20.766112501 -5.5
2041 76.185678987 -20.8983807335 -5.5
2042 76.6678668287 -21.030648966 -5.5
2043 77.1500546704 -21.1629171985 -5.5
2044 73.2925519369 -20.1047713386 -5
2045 73.7747397786 -20.2370395711 -5
2046 74.2569276203 -20.3693078036 -5
2047 74.739115462 -20.501576036 -5
2048 75.2213033037 -20.6338442685 -5
2049 75.7034911454 -20.766112501 -5
2050 76.185678987 -20.8983807335 -5
2051 76.6678668287 -21.030648966 -5
2052 77.1500546704 -21.1629171985 -5
2053 73.2925519369 -20.1047713386 -4.5
2054 73.7747397786 -20.2370395711 -4.5
2055 74.2569276203 -20.3693078036 -4.5
2056 74.739115462 -20.501576036 -4.5
2057 75.2213033037 -20.6338442685 -4.5
2058 75.7034911454 -20.766112501 -4.5
2059 76.185678987 -20.8983807335 -4.5
2060 76.6678668287 -21.030648966 -4.5
2061 77.1500546704 -21.1629171985 -4.5
2062 73.2925519369 -20.1047713386 -4
2063 73.7747397786 -20.2370395711 -4
2064 74.2569276203 -20.3693078036 -4
2065 74.739115462 -20.501576036 -4
2066 75.2213033037 -20.6338442685 -4
2067 75.7034911454 -20.766112501 -4
2068 76.185678987 -20.8983807335 -4
2069 76.6678668287 -21.030648966 -4
2070 77.1500546704 -21.1629171985 -4
2071 73.2925519369 -20.1047713386 -3.5
2072 73.7747397786 -20.2370395711 -3.5
2073 74.2569276203 -20.3693078036 -3.5
2074 74.739115462 -20.501576036 -3.5
2075 75.2213033037 -20.6338442685 -3.5
2076 75.7034911454 -20.766112501 -3.5
2077 76.185678987 -20.8983807335 -3.5
2078 76.6678668287 -21.030648966 -3.5
2079 77.1500546704 -21.1629171985 -3.5
2080 73.2925519369 -20.1047713386 -3
2081 73.7747397786 -20.2370395711 -3
2082 74.2569276203 -20.3693078036 -3
2083 74.739115462 -20.501576036 -3
2084 75.2213033037 -20.6338442685 -3
2085 75.7034911454 -20.766112501 -3
2086 76.185678987 -20.8983807335 -3
2087 76.6678668287 -21.030648966 -3
2088 77.1500546704 -21.1629171985 -3
2089 73.2925519369 -20.1047713386 -2.5
2090 73.7747397786 -20.2370395711 -2.5
2091 74.2569276203 -20.3693078036 -2.5
2092 74.739115462 -20.501576036 -2.5
2093 75.2213033037 -20.6338442685 -2.5
2094 75.7034911454 -20.766112501 -2.5
2095 76.185678987 -20.8983807335 -2.5
2096 76.6678668287 -21.030648966 -2.5
2097 77.1500546704 -21.1629171985 -2.5
2098 73.2925519369 -20.1047713386 -2
2099 73.7747397786 -20.2370395711 -2
2100 74.2569276203 -20.3693078036 -2
2101 74.739115462 -20.501576036 -2
2102 75.2213033037 -20.6338442685 -2
2103 75.7034911454 -20.766112501 -2
2104 76.185678987 -20.8983807335 -2
2105 76.6678668287 -21.030648966 -2
2106 77.1500546704 -21.1629171985 -2
2107 73.2925519369 -20.1047713386 -1.5
2108 73.7747397786 -20.2370395711 -1.5
2109 74.2569276203 -20.3693078036 -1.5
2110 74.739115462 -20.501576036 -1.5
2111 75.2213033037 -20.6338442685 -1.5
2112 75.7034911454 -20.766112501 -1.5
2113 76.185678987 -20.8983807335 -1.5
2114 76.6678668287 -21.030648966 -1.5
2115 77.1500546704 -21.1629171985 -1.5
2116 73.2925519369 -20.1047713386 -1
2117 73.7747397786 -20.2370395711 -1
2118 74.2569276203 -20.3693078036 -1
2119 74.739115462 -20.501576036 -1
2120 75.2213033037 -20.6338442685 -1
2121 75.7034911454 -20.766112501 -1
2122 76.185678987 -20.8983807335 -1
2123 76.6678668287 -21.030648966 -1
2124 77.1500546704 -21.1629171985 -1
2125 73.2925519369 -20.1047713386 -0.5
2126 73.7747397786 -20.2370395711 -0.5
2127 74.2569276203 -20.3693078036 -0.5
2128 74.739115462 -20.501576036 -0.5
2129 75.2213033037 -20.6338442685 -0.5
2130 75.7034911454 -20.766112501 -0.5
2131 76.185678987 -20.8983807335 -0.5
2132 76.6678668287 -21.030648966 -0.5
2133 77.1500546704 -21.1629171985 -0.5
2134 73.2925519369 -20.1047713386 0
2135 73.7747397786 -20.2370395711 0
2136 74.2569276203 -20.3693078036 0
2137 74.739115462 -20.501576036 0
2138 75.2213033037 -20.6338442685 0
2139 75.7034911454 -20.766112501 0
2140 76.185678987 -20.8983807335 0
2141 76.6678668287 -21.030648966 0
2142 77.1500546704 -21.1629171985 0
2143 73.1609151359 -20.578641755 -13.03
2144 73.642236946 -20.714027556 -13.03
2145 74.1235587561 -20.849413357 -13.03
2146 74.6048805662 -20.984799158 -13.03
2147 75.0862023763 -21.120184959 -13.03
2148 75.5675241864 -21.2555707601 -13.03
2149 76.0488459965 -21.3909565611 -13.03
2150 76.5301678066 -21.5263423621 -13.03
2151 77.0114896167 -21.6617281631 -13.03
2152 73.1609151359 -20.578641755 -13.3103913716
2153 73.642236946 -20.714027556 -13.3103913716
2154 74.1235587561 -20.849413357 -13.3103913716
2155 74.6048805662 -20.984799158 -13.3103913716
2156 75.0862023763 -21.120184959 -13.3103913716
2157 75.5675241864 -21.2555707601 -13.3103913716
2158 76.0488459965 -21.3909565611 -13.3103913716
2159 76.5301678066 -21.5263423621 -13.3103913716
2160 77.0114896167 -21.6617281631 -13.3103913716
2161 73.1609151359 -20.578641755 -13.5907827433
2162 73.642236946 -20.714027556 -13.5907827433
2163 74.1235587561 -20.849413357 -13.5907827433
2164 74.6048805662 -20.984799158 -13.5907827433
2165 75.0862023763 -21.120184959 -13.5907827433
2166 75.5675241864 -21.2555707601 -13.5907827433
2167 76.0488459965 -21.3909565611 -13.5907827433
2168 76.5301678066 -21.5263423621 -13.5907827433
2169 77.0114896167 -21.6617281631 -13.5907827433
2170 73.1609151359 -20.578641755 -13.8711741149
2171 73.642236946 -20.714027556 -13.8711741149
2172 74.1235587561 -20.849413357 -13.8711741149
2173 74.6048805662 -20.984799158 -13.8711741149
2174 75.0862023763 -21.120184959 -13.8711741149
2175 75.5675241864 -21.2555707601 -13.8711741149
2176 76.0488459965 -21.3909565611 -13.8711741149
2177 76.5301678066 -21.5263423621 -13.8711741149
2178 77.0114896167 -21.6617281631 -13.8711741149
2179 73.1609151359 -20.578641755 -14.1515654866
2180 73.642236946 -20.714027556 -14.1515654866
2181 74.1235587561 -20.849413357 -14.1515654866
2182 74.6048805662 -20.984799158 -14.1515654866
2183 75.0862023763 -21.120184959 -14.1515654866
2184 75.5675241864 -21.2555707601 -14.1515654866
2185 76.0488459965 -21.3909565611 -14.1515654866
2186 76.5301678066 -21.5263423621 -14.1515654866
2187 77.0114896167 -21.6617281631 -14.1515654866
2188 73.1609151359 -20.578641755 -14.4319568582
2189 73.642236946 -20.714027556 -14.4319568582
2190 74.1235587561 -20.849413357 -14.4319568582
2191 74.6048805662 -20.984799158 -14.4319568582
2192 75.0862023763 -21.120184959 -14.4319568582
2193 75.5675241864 -21.2555707601 -14.4319568582
2194 76.0488459965 -21.3909565611 -14.4319568582
2195 76.5301678066 -21.5263423621 -14.4319568582
2196 77.0114896167 -21.6617281631 -14.4319568582
2197 73.1609151359 -20.578641755 -14.7123482299
2198 73.642236946 -20.714027556 -14.7123482299
2199 74.1235587561 -20.849413357 -14.7123482299
2200 74.6048805662 -20.984799158 -14.7123482299
2201 75.0862023763 -21.120184959 -14.7123482299
2202 75.5675241864 -21.2555707601 -14.7123482299
2203 76.0488459965 -21.3909565611 -14.7123482299
2204 76.5301678066 -21.5263423621 -14.7123482299
2205 77.0114896167 -21.6617281631 -14.7123482299
2206 73.1609151359 -20.578641755 -14.9927396015
2207 73.642236946 -20.714027556 -14.9927396015
2208 74.1235587561 -20.849413357 -14.9927396015
2209 74.6048805662 -20.984799158 -14.9927396015
2210 75.0862023763 -21.120184959 -14.9927396015
2211 75.5675241864 -21.2555707601 -14.9927396015
2212 76.0488459965 -21.3909565611 -14.9927396015
2213 76.5301678066 -21.5263423621 -14.9927396015
2214 77.0114896167 -21.6617281631 -14.9927396015
2215 73.1609151359 -20.578641755 -15.2731309732
2216 73.642236946 -20.714027556 -15.2731309732
2217 74.1235587561 -20.849413357 -15.2731309732
2218 74.6048805662 -20.984799158 -15.2731309732
2219 75.0862023763 -21.120184959 -15.2731309732
2220 75.5675241864 -21.2555707601 -15.2731309732
2221 76.0488459965 -21.3909565611 -15.2731309732
2222 76.5301678066 -21.5263423621 -15.2731309732
2223 77.0114896167 -21.6617281631 -15.2731309732
2224 73.1609151359 -20.578641755 -12.5
2225 73.642236946 -20.714027556 -12.5
2226 74.1235587561 -20.849413357 -12.5
2227 74.6048805662 -20.984799158 -12.5
2228 75.0862023763 -21.120184959 -12.5
2229 75.5675241864 -21.2555707601 -12.5
2230 76.0488459965 -21.3909565611 -12.5
2231 76.5301678066 -21.5263423621 -12.5
2232 77.0114896167 -21.6617281631 -12.5
2233 73.1609151359 -20.578641755 -12
2234 73.642236946 -20.714027556 -12
2235 74.1235587561 -20.849413357 -12
2236 74.6048805662 -20.984799158 -12
2237 75.0862023763 -21.120184959 -12
2238 75.5675241864 -21.2555707601 -12
2239 76.0488459965 -21.3909565611 -12
2240 76.5301678066 -21.5263423621 -12
2241 77.0114896167 -21.6617281631 -12
2242 73.1609151359 -20.578641755 -11.5
2243 73.642236946 -20.714027556 -11.5
2244 74.1235587561 -20.849413357 -11.5
2245 74.6048805662 -20.984799158 -11.5
2246 75.0862023763 -21.120184959 -11.5
2247 75.5675241864 -21.2555707601 -11.5
2248 76.0488459965 -21.3909565611 -11.5
2249 76.5301678066 -21.5263423621 -11.5
2250 77.0114896167 -21.6617281631 -11.5
2251 73.1609151359 -20.578641755 -11
2252 73.642236946 -20.714027556 -11
2253 74.1235587561 -20.849413357 -11
2254 74.6048805662 -20.984799158 -11
2255 75.0862023763 -21.120184959 -11
2256 75.5675241864 -21.2555707601 -11
2257 76.0488459965 -21.3909565611 -11
2258 76.5301678066 -21.5263423621 -11
2259 77.0114896167 -21.6617281631 -11
2260 73.1609151359 -20.578641755 -10.5
2261 73.642236946 -20.714027556 -10.5
2262 74.1235587561 -20.849413357 -10.5
2263 74.6048805662 -20.984799158 -10.5
2264 75.0862023763 -21.120184959 -10.5
2265 75.5675241864 -21.2555707601 -10.5
2266 76.0488459965 -21.3909565611 -10.5
2267 76.5301678066 -21.5263423621 -10.5
2268 77.0114896167 -21.6617281631 -10.5
2269 73.1609151359 -20.578641755 -10
2270 73.642236946 -20.714027556 -10
2271 74.1235587561 -20.849413357 -10
2272 74.6048805662 -20.984799158 -10
2273 75.0862023763 -21.120184959 -10
2274 75.5675241864 -21.2555707601 -10
2275 76.0488459965 -21.3909565611 -10
2276 76.5301678066 -21.5263423621 -10
2277 77.0114896167 -21.6617281631 -10
2278 73.1609151359 -20.578641755 -9.5
2279 73.642236946 -20.714027556 -9.5
2280 74.1235587561 -20.849413357 -9.5
2281 74.6048805662 -20.984799158 -9.5
2282 75.0862023763 -21.120184959 -9.5
2283 75.5675241864 -21.2555707601 -9.5
2284 76.0488459965 -21.3909565611 -9.5
2285 76.5301678066 -21.5263423621 -9.5
2286 77.0114896167 -21.6617281631 -9.5
2287 73.1609151359 -20.578641755 -9
2288 73.642236946 -20.714027556 -9
2289 74.1235587561 -20.849413357 -9
2290 74.6048805662 -20.984799158 -9
2291 75.0862023763 -21.120184959 -9
2292 75.5675241864 -21.2555707601 -9
2293 76.0488459965 -21.3909565611 -9
2294 76.5301678066 -21.5263423621 -9
2295 77.0114896167 -21.6617281631 -9
2296 73.1609151359 -20.578641755 -8.5
2297 73.642236946 -20.714027556 -8.5
2298 74.1235587561 -20.849413357 -8.5
2299 74.6048805662 -20.984799158 -8.5
2300 75.0862023763 -21.120184959 -8.5
2301 75.5675241864 -21.2555707601 -8.5
2302 76.0488459965 -21.3909565611 -8.5
2303 76.5301678066 -21.5263423621 -8.5
2304 77.0114896167 -21.6617281631 -8.5
2305 73.1609151359 -20.578641755 -8
2306 73.642236946 -20.714027556 -8
2307 74.1235587561 -20.849413357 -8
2308 74.6048805662 -20.984799158 -8
2309 75.0862023763 -21.120184959 -8
2310 75.5675241864 -21.2555707601 -8
2311 76.0488459965 -21.3909565611 -8
2312 76.5301678066 -21.5263423621 -8
2313 77.0114896167 -21.6617281631 -8
2314 73.1609151359 -20.578641755 -7.5
2315 73.642236946 -20.714027556 -7.5
2316 74.1235587561 -20.849413357 -7.5
2317 74.6048805662 -20.984799158 -7.5
2318 75.0862023763 -21.120184959 -7.5
2319 75.5675241864 -21.2555707601 -7.5
2320 76.0488459965 -21.3909565611 -7.5
2321 76.5301678066 -21.5263423621 -7.5
2322 77.0114896167 -21.6617281631 -7.5
2323 73.1609151359 -20.578641755 -7
2324 73.642236946 -20.714027556 -7
2325 74.1235587561 -20.849413357 -7
2326 74.6048805662 -20.984799158 -7
2327 75.0862023763 -21.120184959 -7
2328 75.5675241864 -21.2555707601 -7
2329 76.0488459965 -21.3909565611 -7
2330 76.5301678066 -21.5263423621 -7
2331 77.0114896167 -21.6617281631 -7
2332 73.1609151359 -20.578641755 -6.5
2333 73.642236946 -20.714027556 -6.5
2334 74.1235587561 -20.849413357 -6.5
2335 74.6048805662 -20.984799158 -6.5
2336 75.0862023763 -21.120184959 -6.5
2337 75.5675241864 -21.2555707601 -6.5
2338 76.0488459965 -21.3909565611 -6.5
2339 76.5301678066 -21.5263423621 -6.5
2340 77.0114896167 -21.6617281631 -6.5
2341 73.1609151359 -20.578641755 -6
2342 73.642236946 -20.714027556 -6
2343 74.1235587561 -20.849413357 -6
2344 74.6048805662 -20.984799158 -6
2345 75.0862023763 -21.120184959 -6
2346 75.5675241864 -21.2555707601 -6
2347 76.0488459965 -21.3909565611 -6
2348 76.5301678066 -21.5263423621 -6
2349 77.0114896167 -21.6617281631 -6
2350 73.1609151359 -20.578641755 -5.5
2351 73.642236946 -20.714027556 -5.5
2352 74.1235587561 -20.849413357 -5.5
2353 74.6048805662 -20.984799158 -5.5
2354 75.0862023763 -21.120184959 -5.5
2355 75.5675241864 -21.2555707601 -5.5
2356 76.0488459965 -21.3909565611 -5.5
2357 76.5301678066 -21.5263423621 -5.5
2358 77.0114896167 -21.6617281631 -5.5
2359 73.1609151359 -20.578641755 -5
2360 73.642236946 -20.714027556 -5
2361 74.1235587561 -20.849413357 -5
2362 74.6048805662 -20.984799158 -5
2363 75.0862023763 -21.120184959 -5
2364 75.5675241864 -21.2555707601 -5
2365 76.0488459965 -21.3909565611 -5
2366 76.5301678066 -21.5263423621 -5
2367 77.0114896167 -21.6617281631 -5
2368 73.1609151359 -20.578641755 -4.5
2369 73.642236946 -20.714027556 -4.5
2370 74.1235587561 -20.849413357 -4.5
2371 74.6048805662 -20.984799158 -4.5
2372 75.0862023763 -21.120184959 -4.5
2373 75.5675241864 -21.2555707601 -4.5
2374 76.0488459965 -21.3909565611 -4.5
2375 76.5301678066 -21.5263423621 -4.5
2376 77.0114896167 -21.6617281631 -4.5
2377 73.1609151359 -20.578641755 -4
2378 73.642236946 -20.714027556 -4
2379 74.1235587561 -20.849413357 -4
2380 74.6048805662 -20.984799158 -4
2381 75.0862023763 -21.120184959 -4
2382 75.5675241864 -21.2555707601 -4
2383 76.0488459965 -21.3909565611 -4
2384 76.5301678066 -21.5263423621 -4
2385 77.0114896167 -21.6617281631 -4
2386 73.1609151359 -20.578641755 -3.5
2387 73.642236946 -20.714027556 -3.5
2388 74.1235587561 -20.849413357 -3.5
2389 74.6048805662 -20.984799158 -3.5
2390 75.0862023763 -21.120184959 -3.5
2391 75.5675241864 -21.2555707601 -3.5
2392 76.0488459965 -21.3909565611 -3.5
2393 76.5301678066 -21.5263423621 -3.5
2394 77.0114896167 -21.6617281631 -3.5
2395 73.1609151359 -20.578641755 -3
2396 73.642236946 -20.714027556 -3
2397 74.1235587561 -20.849413357 -3
2398 74.6048805662 -20.984799158 -3
2399 75.0862023763 -21.120184959 -3
2400 75.5675241864 -21.2555707601 -3
2401 76.0488459965 -21.3909565611 -3
2402 76.5301678066 -21.5263423621 -3
2403 77.0114896167 -21.6617281631 -3
2404 73.1609151359 -20.578641755 -2.5
2405 73.642236946 -20.714027556 -2.5
2406 74.1235587561 -20.849413357 -2.5
2407 74.6048805662 -20.984799158 -2.5
2408 75.0862023763 -21.120184959 -2.5
2409 75.5675241864 -21.2555707601 -2.5
2410 76.0488459965 -21.3909565611 -2.5
2411 76.5301678066 -21.5263423621 -2.5
2412 77.0114896167 -21.6617281631 -2.5
2413 73.1609151359 -20.578641755 -2
2414 73.642236946 -20.714027556 -2
2415 74.1235587561 -20.849413357 -2
2416 74.6048805662 -20.984799158 -2
2417 75.0862023763 -21.120184959 -2
2418 75.5675241864 -21.2555707601 -2
2419 76.0488459965 -21.3909565611 -2
2420 76.5301678066 -21.5263423621 -2
2421 77.0114896167 -21.6617281631 -2
2422 73.1609151359 -20.578641755 -1.5
2423 73.642236946 -20.714027556 -1.5
2424 74.1235587561 -20.849413357 -1.5
2425 74.6048805662 -20.984799158 -1.5
2426 75.0862023763 -21.120184959 -1.5
2427 75.5675241864 -21.2555707601 -1.5
2428 76.0488459965 -21.3909565611 -1.5
2429 76.5301678066 -21.5263423621 -1.5
2430 77.0114896167 -21.6617281631 -1.5
2431 73.1609151359 -20.578641755 -1
2432 73.642236946 -20.714027556 -1
2433 74.1235587561 -20.849413357 -1
2434 74.6048805662 -20.984799158 -1
2435 75.0862023763 -21.120184959 -1
2436 75.5675241864 -21.2555707601 -1
2437 76.0488459965 -21.3909565611 -1
2438 76.5301678066 -21.5263423621 -1
2439 77.0114896167 -21.6617281631 -1
2440 73.1609151359 -20.578641755 -0.5
2441 73.642236946 -20.714027556 -0.5
2442 74.1235587561 -20.849413357 -0.5
2443 74.6048805662 -20.984799158 -0.5
2444 75.0862023763 -21.120184959 -0.5
2445 75.5675241864 -21.2555707601 -0.5
2446 76.0488459965 -21.3909565611 -0.5
2447 76.5301678066 -21.5263423621 -0.5
2448 77.0114896167 -21.6617281631 -0.5
2449 73.1609151359 -20.578641755 0
2450 73.642236946 -20.714027556 0
2451 74.1235587561 -20.849413357 0
2452 74.6048805662 -20.984799158 0
2453 75.0862023763 -21.120184959 0
2454 75.5675241864 -21.2555707601 0
2455 76.0488459965 -21.3909565611 0
2456 76.5301678066 -21.5263423621 0
2457 77.0114896167 -21.6617281631 0
2458 73.0262145769 -21.0516504001 -13.03
2459 73.5066501991 -21.1901481001 -13.03
2460 73.9870858214 -21.3286458001 -13.03
2461 74.4675214436 -21.4671435001 -13.03
2462 74.9479570658 -21.6056412001 -13.03
2463 75.428392688 -21.7441389001 -13.03
2464 75.9088283102 -21.8826366001 -13.03
2465 76.3892639324 -22.0211343001 -13.03
2466 76.8696995546 -22.1596320001 -13.03
2467 73.0262145769 -21.0516504001 -13.2791274389
2468 73.5066501991 -21.1901481001 -13.2791274389
2469 73.9870858214 -21.3286458001 -13.2791274389
2470 74.4675214436 -21.4671435001 -13.2791274389
2471 74.9479570658 -21.6056412001 -13.2791274389
2472 75.428392688 -21.7441389001 -13.2791274389
2473 75.9088283102 -21.8826366001 -13.2791274389
2474 76.3892639324 -22.0211343001 -13.2791274389
2475 76.8696995546 -22.1596320001 -13.2791274389
2476 73.0262145769 -21.0516504001 -13.5282548779
2477 73.5066501991 -21.1901481001 -13.5282548779
2478 73.9870858214 -21.3286458001 -13.5282548779
2479 74.4675214436 -21.4671435001 -13.5282548779
2480 74.9479570658 -21.6056412001 -13.5282548779
2481 75.428392688 -21.7441389001 -13.5282548779
2482 75.9088283102 -21.8826366001 -13.5282548779
2483 76.3892639324 -22.0211343001 -13.5282548779
2484 76.8696995546 -22.1596320001 -13.5282548779
2485 73.0262145769 -21.0516504001 -13.7773823168
2486 73.5066501991 -21.1901481001 -13.7773823168
2487 73.9870858214 -21.3286458001 -13.7773823168
2488 74.4675214436 -21.4671435001 -13.7773823168
2489 74.9479570658 -21.6056412001 -13.7773823168
2490 75.428392688 -21.7441389001 -13.7773823168
2491 75.9088283102 -21.8826366001 -13.7773823168
2492 76.3892639324 -22.0211343001 -13.7773823168
2493 76.8696995546 -22.1596320001 -13.7773823168
2494 73.0262145769 -21.0516504001 -14.0265097557
2495 73.5066501991 -21.1901481001 -14.0265097557
2496 73.9870858214 -21.3286458001 -14.0265097557
2497 74.4675214436 -21.4671435001 -14.0265097557
2498 74.9479570658 -21.6056412001 -14.0265097557
2499 75.428392688 -21.7441389001 -14.0265097557
2500 75.9088283102 -21.8826366001 -14.0265097557
2501 76.3892639324 -22.0211343001 -14.0265097557
2502 76.8696995546 -22.1596320001 -14.0265097557
2503 73.0262145769 -21.0516504001 -14.2756371947
2504 73.5066501991 -21.1901481001 -14.2756371947
2505 73.9870858214 -21.3286458001 -14.2756371947
2506 74.4675214436 -21.4671435001 -14.2756371947
2507 74.9479570658 -21.6056412001 -14.2756371947
2508 75.428392688 -21.7441389001 -14.2756371947
2509 75.9088283102 -21.8826366001 -14.2756371947
2510 76.3892639324 -22.0211343001 -14.2756371947
2511 76.8696995546 -22.1596320001 -14.2756371947
2512 73.0262145769 -21.0516504001 -14.5247646336
2513 73.5066501991 -21.1901481001 -14.5247646336
2514 73.9870858214 -21.3286458001 -14.5247646336
2515 74.4675214436 -21.4671435001 -14.5247646336
2516 74.9479570658 -21.6056412001 -14.5247646336
2517 75.428392688 -21.7441389001 -14.5247646336
2518 75.9088283102 -21.8826366001 -14.5247646336
2519 76.3892639324 -22.0211343001 -14.5247646336
2520 76.8696995546 -22.1596320001 -14.5247646336
2521 73.0262145769 -21.0516504001 -14.7738920725
2522 73.5066501991 -21.1901481001 -14.7738920725
2523 73.9870858214 -21.3286458001 -14.7738920725
2524 74.4675214436 -21.4671435001 -14.7738920725
2525 74.9479570658 -21.6056412001 -14.7738920725
2526 75.428392688 -21.7441389001 -14.7738920725
2527 75.9088283102 -21.8826366001 -14.7738920725
2528 76.3892639324 -22.0211343001 -14.7738920725
2529 76.8696995546 -22.1596320001 -14.7738920725
2530 73.0262145769 -21.0516504001 -15.0230195115
2531 73.5066501991 -21.1901481001 -15.0230195115
2532 73.9870858214 -21.3286458001 -15.0230195115
2533 74.4675214436 -21.4671435001 -15.0230195115
2534 74.9479570658 -21.6056412001 -15.0230195115
2535 75.428392688 -21.7441389001 -15.0230195115
2536 75.9088283102 -21.8826366001 -15.0230195115
2537 76.3892639324 -22.0211343001 -15.0230195115
2538 76.8696995546 -22.1596320001 -15.0230195115
2539 73.0262145769 -21.0516504001 -12.5
2540 73.5066501991 -21.1901481001 -12.5
2541 73.9870858214 -21.3286458001 -12.5
2542 74.4675214436 -21.4671435001 -12.5
2543 74.9479570658 -21.6056412001 -12.5
2544 75.428392688 -21.7441389001 -12.5
2545 75.9088283102 -21.8826366001 -12.5
2546 76.3892639324 -22.0211343001 -12.5
2547 76.8696995546 -22.1596320001 -12.5
2548 73.0262145769 -21.0516504001 -12
2549 73.5066501991 -21.1901481001 -12
2550 73.9870858214 -21.3286458001 -12
2551 74.4675214436 -21.4671435001 -12
2552 74.9479570658 -21.6056412001 -12
2553 75.428392688 -21.7441389001 -12
2554 75.9088283102 -21.8826366001 -12
2555 76.3892639324 -22.0211343001 -12
2556 76.8696995546 -22.1596320001 -12
2557 73.0262145769 -21.0516504001 -11.5
2558 73.5066501991 -21.1901481001 -11.5
2559 73.9870858214 -21.3286458001 -11.5
2560 74.4675214436 -21.4671435001 -11.5
2561 74.9479570658 -21.6056412001 -11.5
2562 75.428392688 -21.7441389001 -11.5
2563 75.9088283102 -21.8826366001 -11.5
2564 76.3892639324 -22.0211343001 -11.5
2565 76.8696995546 -22.1596320001 -11.5
2566 73.0262145769 -21.0516504001 -11
2567 73.5066501991 -21.1901481001 -11
2568 73.9870858214 -21.3286458001 -11
2569 74.4675214436 -21.4671435001 -11
2570 74.9479570658 -21.6056412001 -11
2571 75.428392688 -21.7441389001 -11
2572 75.9088283102 -21.8826366001 -11
2573 76.3892639324 -22.0211343001 -11
2574 76.8696995546 -22.1596320001 -11
2575 73.0262145769 -21.0516504001 -10.5
2576 73.5066501991 -21.1901481001 -10.5
2577 73.9870858214 -21.3286458001 -10.5
2578 74.4675214436 -21.4671435001 -10.5
2579 74.9479570658 -21.6056412001 -10.5
2580 75.428392688 -21.7441389001 -10.5
2581 75.9088283102 -21.8826366001 -10.5
2582 76.3892639324 -22.0211343001 -10.5
2583 76.8696995546 -22.1596320001 -10.5
2584 73.0262145769 -21.0516504001 -10
2585 73.5066501991 -21.1901481001 -10
2586 73.9870858214 -21.3286458001 -10
2587 74.4675214436 -21.4671435001 -10
2588 74.9479570658 -21.6056412001 -10
2589 75.428392688 -21.7441389001 -10
2590 75.9088283102 -21.8826366001 -10
2591 76.3892639324 -22.0211343001 -10
2592 76.8696995546 -22.1596320001 -10
2593 73.0262145769 -21.0516504001 -9.5
2594 73.5066501991 -21.1901481001 -9.5
2595 73.9870858214 -21.3286458001 -9.5
2596 74.4675214436 -21.4671435001 -9.5
2597 74.9479570658 -21.6056412001 -9.5
2598 75.428392688 -21.7441389001 -9.5
2599 75.9088283102 -21.8826366001 -9.5
2600 76.3892639324 -22.0211343001 -9.5
2601 76.8696995546 -22.1596320001 -9.5
2602 73.0262145769 -21.0516504001 -9
2603 73.5066501991 -21.1901481001 -9
2604 73.9870858214 -21.3286458001 -9
2605 74.4675214436 -21.4671435001 -9
2606 74.9479570658 -21.6056412001 -9
2607 75.428392688 -21.7441389001 -9
2608 75.9088283102 -21.8826366001 -9
2609 76.3892639324 -22.0211343001 -9
2610 76.8696995546 -22.1596320001 -9
2611 73.0262145769 -21.0516504001 -8.5
2612 73.5066501991 -21.1901481001 -8.5
2613 73.9870858214 -21.3286458001 -8.5
2614 74.4675214436 -21.4671435001 -8.5
2615 74.9479570658 -21.6056412001 -8.5
2616 75.428392688 -21.7441389001 -8.5
2617 75.9088283102 -21.8826366001 -8.5
2618 76.3892639324 -22.0211343001 -8.5
2619 76.8696995546 -22.1596320001 -8.5
2620 73.0262145769 -21.0516504001 -8
2621 73.5066501991 -21.1901481001 -8
2622 73.9870858214 -21.3286458001 -8
2623 74.4675214436 -21.4671435001 -8
2624 74.9479570658 -21.6056412001 -8
2625 75.428392688 -21.7441389001 -8
2626 75.9088283102 -21.8826366001 -8
2627 76.3892639324 -22.0211343001 -8
2628 76.8696995546 -22.1596320001 -8
2629 73.0262145769 -21.0516504001 -7.5
2630 73.5066501991 -21.1901481001 -7.5
2631 73.9870858214 -21.3286458001 -7.5
2632 74.4675214436 -21.4671435001 -7.5
2633 74.9479570658 -21.6056412001 -7.5
2634 75.428392688 -21.7441389001 -7.5
2635 75.9088283102 -21.8826366001 -7.5
2636 76.3892639324 -22.0211343001 -7.5
2637 76.8696995546 -22.1596320001 -7.5
2638 73.0262145769 -21.0516504001 -7
2639 73.5066501991 -21.1901481001 -7
2640 73.9870858214 -21.3286458001 -7
2641 74.4675214436 -21.4671435001 -7
2642 74.9479570658 -21.6056412001 -7
2643 75.428392688 -21.7441389001 -7
2644 75.9088283102 -21.8826366001 -7
2645 76.3892639324 -22.0211343001 -7
2646 76.8696995546 -22.1596320001 -7
2647 73.0262145769 -21.0516504001 -6.5
2648 73.5066501991 -21.1901481001 -6.5
2649 73.9870858214 -21.3286458001 -6.5
2650 74.4675214436 -21.4671435001 -6.5
2651 74.9479570658 -21.6056412001 -6.5
2652 75.428392688 -21.7441389001 -6.5
2653 75.9088283102 -21.8826366001 -6.5
2654 76.3892639324 -22.0211343001 -6.5
2655 76.8696995546 -22.1596320001 -6.5
2656 73.0262145769 -21.0516504001 -6
2657 73.5066501991 -21.1901481001 -6
2658 73.9870858214 -21.3286458001 -6
2659 74.4675214436 -21.4671435001 -6
2660 74.9479570658 -21.6056412001 -6
2661 75.428392688 -21.7441389001 -6
2662 75.9088283102 -21.8826366001 -6
2663 76.3892639324 -22.0211343001 -6
2664 76.8696995546 -22.1596320001 -6
2665 73.0262145769 -21.0516504001 -5.5
2666 73.5066501991 -21.1901481001 -5.5
2667 73.9870858214 -21.3286458001 -5.5
2668 74.4675214436 -21.4671435001 -5.5
2669 74.9479570658 -21.6056412001 -5.5
2670 75.428392688 -21.7441389001 -5.5
2671 75.9088283102 -21.8826366001 -5.5
2672 76.3892639324 -22.0211343001 -5.5
2673 76.8696995546 -22.1596320001 -5.5
2674 73.0262145769 -21.0516504001 -5
2675 73.5066501991 -21.1901481001 -5
2676 73.9870858214 -21.3286458001 -5
2677 74.4675214436 -21.4671435001 -5
2678 74.9479570658 -21.6056412001 -5
2679 75.428392688 -21.7441389001 -5
2680 75.9088283102 -21.8826366001 -5
2681 76.3892639324 -22.0211343001 -5
2682 76.8696995546 -22.1596320001 -5
2683 73.0262145769 -21.0516504001 -4.5
2684 73.5066501991 -21.1901481001 -4.5
2685 73.9870858214 -21.3286458001 -4.5
2686 74.4675214436 -21.4671435001 -4.5
2687 74.9479570658 -21.6056412001 -4.5
2688 75.428392688 -21.7441389001 -4.5
2689 75.9088283102 -21.8826366001 -4.5
2690 76.3892639324 -22.0211343001 -4.5
2691 76.8696995546 -22.1596320001 -4.5
2692 73.0262145769 -21.0516504001 -4
2693 73.5066501991 -21.1901481001 -4
2694 73.9870858214 -21.3286458001 -4
2695 74.4675214436 -21.4671435001 -4
2696 74.9479570658 -21.6056412001 -4
2697 75.428392688 -21.7441389001 -4
2698 75.9088283102 -21.8826366001 -4
2699 76.3892639324 -22.0211343001 -4
2700 76.8696995546 -22.1596320001 -4
2701 73.0262145769 -21.0516504001 -3.5
2702 73.5066501991 -21.1901481001 -3.5
2703 73.9870858214 -21.3286458001 -3.5
2704 74.4675214436 -21.4671435001 -3.5
2705 74.9479570658 -21.6056412001 -3.5
2706 75.428392688 -21.7441389001 -3.5
2707 75.9088283102 -21.8826366001 -3.5
2708 76.3892639324 -22.0211343001 -3.5
2709 76.8696995546 -22.1596320001 -3.5
2710 73.0262145769 -21.0516504001 -3
2711 73.5066501991 -21.1901481001 -3
2712 73.9870858214 -21.3286458001 -3
2713 74.4675214436 -21.4671435001 -3
2714 74.9479570658 -21.6056412001 -3
2715 75.428392688 -21.7441389001 -3
2716 75.9088283102 -21.8826366001 -3
2717 76.3892639324 -22.0211343001 -3
2718 76.8696995546 -22.1596320001 -3
2719 73.0262145769 -21.0516504001 -2.5
2720 73.5066501991 -21.1901481001 -2.5
2721 73.9870858214 -21.3286458001 -2.5
2722 74.4675214436 -21.4671435001 -2.5
2723 74.9479570658 -21.6056412001 -2.5
2724 75.428392688 -21.7441389001 -2.5
2725 75.9088283102 -21.8826366001 -2.5
2726 76.3892639324 -22.0211343001 -2.5
2727 76.8696995546 -22.1596320001 -2.5
2728 73.0262145769 -21.0516504001 -2
2729 73.5066501991 -21.1901481001 -2
2730 73.9870858214 -21.3286458001 -2
2731 74.4675214436 -21.4671435001 -2
2732 74.9479570658 -21.6056412001 -2
2733 75.428392688 -21.7441389001 -2
2734 75.9088283102 -21.8826366001 -2
2735 76.3892639324 -22.0211343001 -2
2736 76.8696995546 -22.1596320001 -2
2737 73.0262145769 -21.0516504001 -1.5
2738 73.5066501991 -21.1901481001 -1.5
2739 73.9870858214 -21.3286458001 -1.5
2740 74.4675214436 -21.4671435001 -1.5
2741 74.9479570658 -21.6056412001 -1.5
2742 75.428392688 -21.7441389001 -1.5
2743 75.9088283102 -21.8826366001 -1.5
2744 76.3892639324 -22.0211343001 -1.5
2745 76.8696995546 -22.1596320001 -1.5
2746 73.0262145769 -21.0516504001 -1
2747 73.5066501991 -21.1901481001 -1
2748 73.9870858214 -21.3286458001 -1
2749 74.4675214436 -21.4671435001 -1
2750 74.9479570658 -21.6056412001 -1
2751 75.428392688 -21.7441389001 -1
2752 75.9088283102 -21.8826366001 -1
2753 76.3892639324 -22.0211343001 -1
2754 76.8696995546 -22.1596320001 -1
2755 73.0262145769 -21.0516504001 -0.5
2756 73.5066501991 -21.1901481001 -0.5
2757 73.9870858214 -21.3286458001 -0.5
2758 74.4675214436 -21.4671435001 -0.5
2759 74.9479570658 -21.6056412001 -0.5
2760 75.428392688 -21.7441389001 -0.5
2761 75.9088283102 -21.8826366001 -0.5
2762 76.3892639324 -22.0211343001 -0.5
2763 76.8696995546 -22.1596320001 -0.5
2764 73.0262145769 -21.0516504001 0
2765 73.5066501991 -21.1901481001 0
2766 73.9870858214 -21.3286458001 0
2767 74.4675214436 -21.4671435001 0
2768 74.9479570658 -21.6056412001 0
2769 75.428392688 -21.7441389001 0
2770 75.9088283102 -21.8826366001 0
2771 76.3892639324 -22.0211343001 0
2772 76.8696995546 -22.1596320001 0
2773 72.8884559008 -21.5237774657 -13.03
2774 73.367985216 -21.6653812648 -13.03
2775 73.8475145311 -21.8069850639 -13.03
2776 74.3270438463 -21.948588863 -13.03
2777 74.8065731614 -22.0901926621 -13.03
2778 75.2861024765 -22.2317964612 -13.03
2779 75.7656317917 -22.3734002604 -13.03
2780 76.2451611068 -22.5150040595 -13.03
2781 76.7246904219 -22.6566078586 -13.03
2782 72.8884559008 -21.5237774657 -13.2479127307
2783 73.367985216 -21.6653812648 -13.2479127307
2784 73.8475145311 -21.8069850639 -13.2479127307
2785 74.3270438463 -21.948588863 -13.2479127307
2786 74.8065731614 -22.0901926621 -13.2479127307
2787 75.2861024765 -22.2317964612 -13.2479127307
2788 75.7656317917 -22.3734002604 -13.2479127307
2789 76.2451611068 -22.5150040595 -13.2479127307
2790 76.7246904219 -22.6566078586 -13.2479127307
2791 72.8884559008 -21.5237774657 -13.4658254615
2792 73.367985216 -21.6653812648 -13.4658254615
2793 73.8475145311 -21.8069850639 -13.4658254615
2794 74.3270438463 -21.948588863 -13.4658254615
2795 74.8065731614 -22.0901926621 -13.4658254615
2796 75.2861024765 -22.2317964612 -13.4658254615
2797 75.7656317917 -22.3734002604 -13.4658254615
2798 76.2451611068 -22.5150040595 -13.4658254615
2799 76.7246904219 -22.6566078586 -13.4658254615
2800 72.8884559008 -21.5237774657 -13.6837381922
2801 73.367985216 -21.6653812648 -13.6837381922
2802 73.8475145311 -21.8069850639 -13.6837381922
2803 74.3270438463 -21.948588863 -13.6837381922
2804 74.8065731614 -22.0901926621 -13.6837381922
2805 75.2861024765 -22.2317964612 -13.6837381922
2806 75.7656317917 -22.3734002604 -13.6837381922
2807 76.2451611068 -22.5150040595 -13.6837381922
2808 76.7246904219 -22.6566078586 -13.6837381922
2809 72.8884559008 -21.5237774657 -13.901650923
2810 73.367985216 -21.6653812648 -13.901650923
2811 73.8475145311 -21.8069850639 -13.901650923
2812 74.3270438463 -21.948588863 -13.901650923
2813 74.8065731614 -22.0901926621 -13.901650923
2814 75.2861024765 -22.2317964612 -13.901650923
2815 75.7656317917 -22.3734002604 -13.901650923
2816 76.2451611068 -22.5150040595 -13.901650923
2817 76.7246904219 -22.6566078586 -13.901650923
2818 72.8884559008 -21.5237774657 -14.1195636537
2819 73.367985216 -21.6653812648 -14.1195636537
2820 73.8475145311 -21.8069850639 -14.1195636537
2821 74.3270438463 -21.948588863 -14.1195636537
2822 74.8065731614 -22.0901926621 -14.1195636537
2823 75.2861024765 -22.2317964612 -14.1195636537
2824 75.7656317917 -22.3734002604 -14.1195636537
2825 76.2451611068 -22.5150040595 -14.1195636537
2826 76.7246904219 -22.6566078586 -14.1195636537
2827 72.8884559008 -21.5237774657 -14.3374763845
2828 73.367985216 -21.6653812648 -14.3374763845
2829 73.8475145311 -21.8069850639 -14.3374763845
2830 74.3270438463 -21.948588863 -14.3374763845
2831 74.8065731614 -22.0901926621 -14.3374763845
2832 75.2861024765 -22.2317964612 -14.3374763845
2833 75.7656317917 -22.3734002604 -14.3374763845
2834 76.2451611068 -22.5150040595 -14.3374763845
2835 76.7246904219 -22.6566078586 -14.3374763845
2836 72.8884559008 -21.5237774657 -14.5553891152
2837 73.367985216 -21.6653812648 -14.5553891152
2838 73.8475145311 -21.8069850639 -14.5553891152
2839 74.3270438463 -21.948588863 -14.5553891152
2840 74.8065731614 -22.0901926621 -14.5553891152
2841 75.2861024765 -22.2317964612 -14.5553891152
2842 75.7656317917 -22.3734002604 -14.5553891152
2843 76.2451611068 -22.5150040595 -14.5553891152
2844 76.7246904219 -22.6566078586 -14.5553891152
2845 72.8884559008 -21.5237774657 -14.773301846
2846 73.367985216 -21.6653812648 -14.773301846
2847 73.8475145311 -21.8069850639 -14.773301846
2848 74.3270438463 -21.948588863 -14.773301846
2849 74.8065731614 -22.0901926621 -14.773301846
2850 75.2861024765 -22.2317964612 -14.773301846
2851 75.7656317917 -22.3734002604 -14.773301846
2852 76.2451611068 -22.5150040595 -14.773301846
2853 76.7246904219 -22.6566078586 -14.773301846
2854 72.8884559008 -21.5237774657 -12.5
2855 73.367985216 -21.6653812648 -12.5
2856 73.8475145311 -21.8069850639 -12.5
2857 74.3270438463 -21.948588863 -12.5
2858 74.8065731614 -22.0901926621 -12.5
2859 75.2861024765 -22.2317964612 -12.5
2860 75.7656317917 -22.3734002604 -12.5
2861 76.2451611068 -22.5150040595 -12.5
2862 76.7246904219 -22.6566078586 -12.5
2863 72.8884559008 -21.5237774657 -12
2864 73.367985216 -21.6653812648 -12
2865 73.8475145311 -21.8069850639 -12
2866 74.3270438463 -21.948588863 -12
2867 74.8065731614 -22.0901926621 -12
2868 75.2861024765 -22.2317964612 -12
2869 75.7656317917 -22.3734002604 -12
2870 76.2451611068 -22.5150040595 -12
2871 76.7246904219 -22.6566078586 -12
2872 72.8884559008 -21.5237774657 -11.5
2873 73.367985216 -21.6653812648 -11.5
2874 73.8475145311 -21.8069850639 -11.5
2875 74.3270438463 -21.948588863 -11.5
2876 74.8065731614 -22.0901926621 -11.5
2877 75.2861024765 -22.2317964612 -11.5
2878 75.7656317917 -22.3734002604 -11.5
2879 76.2451611068 -22.5150040595 -11.5
2880 76.7246904219 -22.6566078586 -11.5
2881 72.8884559008 -21.5237774657 -11
2882 73.367985216 -21.6653812648 -11
2883 73.8475145311 -21.8069850639 -11
2884 74.3270438463 -21.948588863 -11
2885 74.8065731614 -22.0901926621 -11
2886 75.2861024765 -22.2317964612 -11
2887 75.7656317917 -22.3734002604 -11
2888 76.2451611068 -22.5150040595 -11
2889 76.7246904219 -22.6566078586 -11
2890 72.8884559008 -21.5237774657 -10.5
2891 73.367985216 -21.6653812648 -10.5
2892 73.8475145311 -21.8069850639 -10.5
2893 74.3270438463 -21.948588863 -10.5
2894 74.8065731614 -22.0901926621 -10.5
2895 75.2861024765 -22.2317964612 -10.5
2896 75.7656317917 -22.3734002604 -10.5
2897 76.2451611068 -22.5150040595 -10.5
2898 76.7246904219 -22.6566078586 -10.5
2899 72.8884559008 -21.5237774657 -10
2900 73.367985216 -21.6653812648 -10
2901 73.8475145311 -21.8069850639 -10
2902 74.3270438463 -21.948588863 -10
2903 74.8065731614 -22.0901926621 -10
2904 75.2861024765 -22.2317964612 -10
2905 75.7656317917 -22.3734002604 -10
2906 76.2451611068 -22.5150040595 -10
2907 76.7246904219 -22.6566078586 -10
2908 72.8884559008 -21.5237774657 -9.5
2909 73.367985216 -21.6653812648 -9.5
2910 73.8475145311 -21.8069850639 -9.5
2911 74.3270438463 -21.948588863 -9.5
2912 74.8065731614 -22.0901926621 -9.5
2913 75.2861024765 -22.2317964612 -9.5
2914 75.7656317917 -22.3734002604 -9.5
2915 76.2451611068 -22.5150040595 -9.5
2916 76.7246904219 -22.6566078586 -9.5
2917 72.8884559008 -21.5237774657 -9
2918 73.367985216 -21.6653812648 -9
2919 73.8475145311 -21.8069850639 -9
2920 74.3270438463 -21.948588863 -9
2921 74.8065731614 -22.0901926621 -9
2922 75.2861024765 -22.2317964612 -9
2923 75.7656317917 -22.3734002604 -9
2924 76.2451611068 -22.5150040595 -9
2925 76.7246904219 -22.6566078586 -9
2926 72.8884559008 -21.5237774657 -8.5
2927 73.367985216 -21.6653812648 -8.5
2928 73.8475145311 -21.8069850639 -8.5
2929 74.3270438463 -21.948588863 -8.5
2930 74.8065731614 -22.0901926621 -8.5
2931 75.2861024765 -22.2317964612 -8.5
2932 75.7656317917 -22.3734002604 -8.5
2933 76.2451611068 -22.5150040595 -8.5
2934 76.7246904219 -22.6566078586 -8.5
2935 72.8884559008 -21.5237774657 -8
2936 73.367985216 -21.6653812648 -8
2937 73.8475145311 -21.8069850639 -8
2938 74.3270438463 -21.948588863 -8
2939 74.8065731614 -22.0901926621 -8
2940 75.2861024765 -22.2317964612 -8
2941 75.7656317917 -22.3734002604 -8
2942 76.2451611068 -22.5150040595 -8
2943 76.7246904219 -22.6566078586 -8
2944 72.8884559008 -21.5237774657 -7.5
2945 73.367985216 -21.6653812648 -7.5
2946 73.8475145311 -21.8069850639 -7.5
2947 74.3270438463 -21.948588863 -7.5
2948 74.8065731614 -22.0901926621 -7.5
2949 75.2861024765 -22.2317964612 -7.5
2950 75.7656317917 -22.3734002604 -7.5
2951 76.2451611068 -22.5150040595 -7.5
2952 76.7246904219 -22.6566078586 -7.5
2953 72.8884559008 -21.5237774657 -7
2954 73.367985216 -21.6653812648 -7
2955 73.8475145311 -21.8069850639 -7
2956 74.3270438463 -21.948588863 -7
2957 74.8065731614 -22.0901926621 -7
2958 75.2861024765 -22.2317964612 -7
2959 75.7656317917 -22.3734002604 -7
2960 76.2451611068 -22.5150040595 -7
2961 76.7246904219 -22.6566078586 -7
2962 72.8884559008 -21.5237774657 -6.5
2963 73.367985216 -21.6653812648 -6.5
2964 73.8475145311 -21.8069850639 -6.5
2965 74.3270438463 -21.948588863 -6.5
2966 74.8065731614 -22.0901926621 -6.5
2967 75.2861024765 -22.2317964612 -6.5
2968 75.7656317917 -22.3734002604 -6.5
2969 76.2451611068 -22.5150040595 -6.5
2970 76.7246904219 -22.6566078586 -6.5
2971 72.8884559008 -21.5237774657 -6
2972 73.367985216 -21.6653812648 -6
2973 73.8475145311 -21.8069850639 -6
2974 74.3270438463 -21.948588863 -6
2975 74.8065731614 -22.0901926621 -6
2976 75.2861024765 -22.2317964612 -6
2977 75.7656317917 -22.3734002604 -6
2978 76.2451611068 -22.5150040595 -6
2979 76.7246904219 -22.6566078586 -6
2980 72.8884559008 -21.5237774657 -5.5
2981 73.367985216 -21.6653812648 -5.5
2982 73.8475145311 -21.8069850639 -5.5
2983 74.3270438463 -21.948588863 -5.5
2984 74.8065731614 -22.0901926621 -5.5
2985 75.2861024765 -22.2317964612 -5.5
2986 75.7656317917 -22.3734002604 -5.5
2987 76.2451611068 -22.5150040595 -5.5
2988 76.7246904219 -22.6566078586 -5.5
2989 72.8884559008 -21.5237774657 -5
2990 73.367985216 -21.6653812648 -5
2991 73.8475145311 -21.8069850639 -5
2992 74.3270438463 -21.948588863 -5
2993 74.8065731614 -22.0901926621 -5
2994 75.2861024765 -22.2317964612 -5
2995 75.7656317917 -22.3734002604 -5
2996 76.2451611068 -22.5150040595 -5
2997 76.7246904219 -22.6566078586 -5
2998 72.8884559008 -21.5237774657 -4.5
2999 73.367985216 -21.6653812648 -4.5
3000 73.8475145311 -21.8069850639 -4.5
3001 74.3270438463 -21.948588863 -4.5
3002 74.8065731614 -22.0901926621 -4.5
3003 75.2861024765 -22.2317964612 -4.5
3004 75.7656317917 -22.3734002604 -4.5
3005 76.2451611068 -22.5150040595 -4.5
3006 76.7246904219 -22.6566078586 -4.5
3007 72.8884559008 -21.5237774657 -4
3008 73.367985216 -21.6653812648 -4
3009 73.8475145311 -21.8069850639 -4
3010 74.3270438463 -21.948588863 -4
3011 74.8065731614 -22.0901926621 -4
3012 75.2861024765 -22.2317964612 -4
3013 75.7656317917 -22.3734002604 -4
3014 76.2451611068 -22.5150040595 -4
3015 76.7246904219 -22.6566078586 -4
3016 72.8884559008 -21.5237774657 -3.5
3017 73.367985216 -21.6653812648 -3.5
3018 73.8475145311 -21.8069850639 -3.5
3019 74.3270438463 -21.948588863 -3.5
3020 74.8065731614 -22.0901926621 -3.5
3021 75.2861024765 -22.2317964612 -3.5
3022 75.7656317917 -22.3734002604 -3.5
3023 76.2451611068 -22.5150040595 -3.5
3024 76.7246904219 -22.6566078586 -3.5
3025 72.8884559008 -21.5237774657 -3
3026 73.367985216 -21.6653812648 -3
3027 73.8475145311 -21.8069850639 -3
3028 74.3270438463 -21.948588863 -3
3029 74.8065731614 -22.0901926621 -3
3030 75.2861024765 -22.2317964612 -3
3031 75.7656317917 -22.3734002604 -3
3032 76.2451611068 -22.5150040595 -3
3033 76.7246904219 -22.6566078586 -3
3034 72.8884559008 -21.5237774657 -2.5
3035 73.367985216 -21.6653812648 -2.5
3036 73.8475145311 -21.8069850639 -2.5
3037 74.3270438463 -21.948588863 -2.5
3038 74.8065731614 -22.0901926621 -2.5
3039 75.2861024765 -22.2317964612 -2.5
3040 75.7656317917 -22.3734002604 -2.5
3041 76.2451611068 -22.5150040595 -2.5
3042 76.7246904219 -22.6566078586 -2.5
3043 72.8884559008 -21.5237774657 -2
3044 73.367985216 -21.6653812648 -2
3045 73.8475145311 -21.8069850639 -2
3046 74.3270438463 -21.948588863 -2
3047 74.8065731614 -22.0901926621 -2
3048 75.2861024765 -22.2317964612 -2
3049 75.7656317917 -22.3734002604 -2
3050 76.2451611068 -22.5150040595 -2
3051 76.7246904219 -22.6566078586 -2
3052 72.8884559008 -21.5237774657 -1.5
3053 73.367985216 -21.6653812648 -1.5
3054 73.8475145311 -21.8069850639 -1.5
3055 74.3270438463 -21.948588863 -1.5
3056 74.8065731614 -22.0901926621 -1.5
3057 75.2861024765 -22.2317964612 -1.5
3058 75.7656317917 -22.3734002604 -1.5
3059 76.2451611068 -22.5150040595 -1.5
3060 76.7246904219 -22.6566078586 -1.5
3061 72.8884559008 -21.5237774657 -1
3062 73.367985216 -21.6653812648 -1
3063 73.8475145311 -21.8069850639 -1
3064 74.3270438463 -21.948588863 -1
3065 74.8065731614 -22.0901926621 -1
3066 75.2861024765 -22.2317964612 -1
3067 75.7656317917 -22.3734002604 -1
3068 76.2451611068 -22.5150040595 -1
3069 76.7246904219 -22.6566078586 -1
3070 72.8884559008 -21.5237774657 -0.5
3071 73.367985216 -21.6653812648 -0.5
3072 73.8475145311 -21.8069850639 -0.5
3073 74.3270438463 -21.948588863 -0.5
3074 74.8065731614 -22.0901926621 -0.5
3075 75.2861024765 -22.2317964612 -0.5
3076 75.7656317917 -22.3734002604 -0.5
3077 76.2451611068 -22.5150040595 -0.5
3078 76.7246904219 -22.6566078586 -0.5
3079 72.8884559008 -21.5237774657 0
3080 73.367985216 -21.6653812648 0
3081 73.8475145311 -21.8069850639 0
3082 74.3270438463 -21.948588863 0
3083 74.8065731614 -22.0901926621 0
3084 75.2861024765 -22.2317964612 0
3085 75.7656317917 -22.3734002604 0
3086 76.2451611068 -22.5150040595 0
3087 76.7246904219 -22.6566078586 0
3088 72.7476448766 -21.9950031805 -13.03
3089 73.2262478034 -22.1397071488 -13.03
3090 73.7048507302 -22.2844111171 -13.03
3091 74.183453657 -22.4291150854 -13.03
3092 74.6620565839 -22.5738190537 -13.03
3093 75.1406595107 -22.718523022 -13.03
3094 75.6192624375 -22.8632269903 -13.03
3095 76.0978653643 -23.0079309586 -13.03
3096 76.5764682911 -23.1526349269 -13.03
3097 72.7476448766 -21.9950031805 -13.2167545946
3098 73.2262478034 -22.1397071488 -13.2167545946
3099 73.7048507302 -22.2844111171 -13.2167545946
3100 74.183453657 -22.4291150854 -13.2167545946
3101 74.6620565839 -22.5738190537 -13.2167545946
3102 75.1406595107 -22.718523022 -13.2167545946
3103 75.6192624375 -22.8632269903 -13.2167545946
3104 76.0978653643 -23.0079309586 -13.2167545946
3105 76.5764682911 -23.1526349269 -13.2167545946
3106 72.7476448766 -21.9950031805 -13.4035091891
3107 73.2262478034 -22.1397071488 -13.4035091891
3108 73.7048507302 -22.2844111171 -13.4035091891
3109 74.183453657 -22.4291150854 -13.4035091891
3110 74.6620565839 -22.5738190537 -13.4035091891
3111 75.1406595107 -22.718523022 -13.4035091891
3112 75.6192624375 -22.8632269903 -13.4035091891
3113 76.0978653643 -23.0079309586 -13.4035091891
3114 76.5764682911 -23.1526349269 -13.4035091891
3115 72.7476448766 -21.9950031805 -13.5902637837
3116 73.2262478034 -22.1397071488 -13.5902637837
3117 73.7048507302 -22.2844111171 -13.5902637837
3118 74.183453657 -22.4291150854 -13.5902637837
3119 74.6620565839 -22.5738190537 -13.5902637837
3120 75.1406595107 -22.718523022 -13.5902637837
3121 75.6192624375 -22.8632269903 -13.5902637837
3122 76.0978653643 -23.0079309586 -13.5902637837
3123 76.5764682911 -23.1526349269 -13.5902637837
3124 72.7476448766 -21.9950031805 -13.7770183782
3125 73.2262478034 -22.1397071488 -13.7770183782
3126 73.7048507302 -22.2844111171 -13.7770183782
3127 74.183453657 -22.4291150854 -13.7770183782
3128 74.6620565839 -22.5738190537 -13.7770183782
3129 75.1406595107 -22.718523022 -13.7770183782
3130 75.6192624375 -22.8632269903 -13.7770183782
3131 76.0978653643 -23.0079309586 -13.7770183782
3132 76.5764682911 -23.1526349269 -13.7770183782
3133 72.7476448766 -21.9950031805 -13.9637729728
3134 73.2262478034 -22.1397071488 -13.9637729728
3135 73.7048507302 -22.2844111171 -13.9637729728
3136 74.183453657 -22.4291150854 -13.9637729728
3137 74.6620565839 -22.5738190537 -13.9637729728
3138 75.1406595107 -22.718523022 -13.9637729728
3139 75.6192624375 -22.8632269903 -13.9637729728
3140 76.0978653643 -23.0079309586 -13.9637729728
3141 76.5764682911 -23.1526349269 -13.9637729728
3142 72.7476448766 -21.9950031805 -14.1505275673
3143 73.2262478034 -22.1397071488 -14.1505275673
3144 73.7048507302 -22.2844111171 -14.1505275673
3145 74.183453657 -22.4291150854 -14.1505275673
3146 74.6620565839 -22.5738190537 -14.1505275673
3147 75.1406595107 -22.718523022 -14.1505275673
3148 75.6192624375 -22.8632269903 -14.1505275673
3149 76.0978653643 -23.0079309586 -14.1505275673
3150 76.5764682911 -23.1526349269 -14.1505275673
3151 72.7476448766 -21.9950031805 -14.3372821619
3152 73.2262478034 -22.1397071488 -14.3372821619
3153 73.7048507302 -22.2844111171 -14.3372821619
3154 74.183453657 -22.4291150854 -14.3372821619
3155 74.6620565839 -22.5738190537 -14.3372821619
3156 75.1406595107 -22.718523022 -14.3372821619
3157 75.6192624375 -22.8632269903 -14.3372821619
3158 76.0978653643 -23.0079309586 -14.3372821619
3159 76.5764682911 -23.1526349269 -14.3372821619
3160 72.7476448766 -21.9950031805 -14.5240367564
3161 73.2262478034 -22.1397071488 -14.5240367564
3162 73.7048507302 -22.2844111171 -14.5240367564
3163 74.183453657 -22.4291150854 -14.5240367564
3164 74.6620565839 -22.5738190537 -14.5240367564
3165 75.1406595107 -22.718523022 -14.5240367564
3166 75.6192624375 -22.8632269903 -14.5240367564
3167 76.0978653643 -23.0079309586 -14.5240367564
3168 76.5764682911 -23.1526349269 -14.5240367564
3169 72.7476448766 -21.9950031805 -12.5
3170 73.2262478034 -22.1397071488 -12.5
3171 73.7048507302 -22.2844111171 -12.5
3172 74.183453657 -22.4291150854 -12.5
3173 74.6620565839 -22.5738190537 -12.5
3174 75.1406595107 -22.718523022 -12.5
3175 75.6192624375 -22.8632269903 -12.5
3176 76.0978653643 -23.0079309586 -12.5
3177 76.5764682911 -23.1526349269 -12.5
3178 72.7476448766 -21.9950031805 -12
3179 73.2262478034 -22.1397071488 -12
3180 73.7048507302 -22.2844111171 -12
3181 74.183453657 -22.4291150854 -12
3182 74.6620565839 -22.5738190537 -12
3183 75.1406595107 -22.718523022 -12
3184 75.6192624375 -22.8632269903 -12
3185 76.0978653643 -23.0079309586 -12
3186 76.5764682911 -23.1526349269 -12
3187 72.7476448766 -21.9950031805 -11.5
3188 73.2262478034 -22.1397071488 -11.5
3189 73.7048507302 -22.2844111171 -11.5
3190 74.183453657 -22.4291150854 -11.5
3191 74.6620565839 -22.5738190537 -11.5
3192 75.1406595107 -22.718523022 -11.5
3193 75.6192624375 -22.8632269903 -11.5
3194 76.0978653643 -23.0079309586 -11.5
3195 76.5764682911 -23.1526349269 -11.5
3196 72.7476448766 -21.9950031805 -11
3197 73.2262478034 -22.1397071488 -11
3198 73.7048507302 -22.2844111171 -11
3199 74.183453657 -22.4291150854 -11
3200 74.6620565839 -22.5738190537 -11
3201 75.1406595107 -22.718523022 -11
3202 75.6192624375 -22.8632269903 -11
3203 76.0978653643 -23.0079309586 -11
3204 76.5764682911 -23.1526349269 -11
3205 72.7476448766 -21.9950031805 -10.5
3206 73.2262478034 -22.1397071488 -10.5
3207 73.7048507302 -22.2844111171 -10.5
3208 74.183453657 -22.4291150854 -10.5
3209 74.6620565839 -22.5738190537 -10.5
3210 75.1406595107 -22.718523022 -10.5
3211 75.6192624375 -22.8632269903 -10.5
3212 76.0978653643 -23.0079309586 -10.5
3213 76.5764682911 -23.1526349269 -10.5
3214 72.7476448766 -21.9950031805 -10
3215 73.2262478034 -22.1397071488 -10
3216 73.7048507302 -22.2844111171 -10
3217 74.183453657 -22.4291150854 -10
3218 74.6620565839 -22.5738190537 -10
3219 75.1406595107 -22.718523022 -10
3220 75.6192624375 -22.8632269903 -10
3221 76.0978653643 -23.0079309586 -10
3222 76.5764682911 -23.1526349269 -10
3223 72.7476448766 -21.9950031805 -9.5
3224 73.2262478034 -22.1397071488 -9.5
3225 73.7048507302 -22.2844111171 -9.5
3226 74.183453657 -22.4291150854 -9.5
3227 74.6620565839 -22.5738190537 -9.5
3228 75.1406595107 -22.718523022 -9.5
3229 75.6192624375 -22.8632269903 -9.5
3230 76.0978653643 -23.0079309586 -9.5
3231 76.5764682911 -23.1526349269 -9.5
3232 72.7476448766 -21.9950031805 -9
3233 73.2262478034 -22.1397071488 -9
3234 73.7048507302 -22.2844111171 -9
3235 74.183453657 -22.4291150854 -9
3236 74.6620565839 -22.5738190537 -9
3237 75.1406595107 -22.718523022 -9
3238 75.6192624375 -22.8632269903 -9
3239 76.0978653643 -23.0079309586 -9
3240 76.5764682911 -23.1526349269 -9
3241 72.7476448766 -21.9950031805 -8.5
3242 73.2262478034 -22.1397071488 -8.5
3243 73.7048507302 -22.2844111171 -8.5
3244 74.183453657 -22.4291150854 -8.5
3245 74.6620565839 -22.5738190537 -8.5
3246 75.1406595107 -22.718523022 -8.5
3247 75.6192624375 -22.8632269903 -8.5
3248 76.0978653643 -23.0079309586 -8.5
3249 76.5764682911 -23.1526349269 -8.5
3250 72.7476448766 -21.9950031805 -8
3251 73.2262478034 -22.1397071488 -8
3252 73.7048507302 -22.2844111171 -8
3253 74.183453657 -22.4291150854 -8
3254 74.6620565839 -22.5738190537 -8
3255 75.1406595107 -22.718523022 -8
3256 75.6192624375 -22.8632269903 -8
3257 76.0978653643 -23.0079309586 -8
3258 76.5764682911 -23.1526349269 -8
3259 72.7476448766 -21.9950031805 -7.5
3260 73.2262478034 -22.1397071488 -7.5
3261 73.7048507302 -22.2844111171 -7.5
3262 74.183453657 -22.4291150854 -7.5
3263 74.6620565839 -22.5738190537 -7.5
3264 75.1406595107 -22.718523022 -7.5
3265 75.6192624375 -22.8632269903 -7.5
3266 76.0978653643 -23.0079309586 -7.5
3267 76.5764682911 -23.1526349269 -7.5
3268 72.7476448766 -21.9950031805 -7
3269 73.2262478034 -22.1397071488 -7
3270 73.7048507302 -22.2844111171 -7
3271 74.183453657 -22.4291150854 -7
3272 74.6620565839 -22.5738190537 -7
3273 75.1406595107 -22.718523022 -7
3274 75.6192624375 -22.8632269903 -7
3275 76.0978653643 -23.0079309586 -7
3276 76.5764682911 -23.1526349269 -7
3277 72.7476448766 -21.9950031805 -6.5
3278 73.2262478034 -22.1397071488 -6.5
3279 73.7048507302 -22.2844111171 -6.5
3280 74.183453657 -22.4291150854 -6.5
3281 74.6620565839 -22.5738190537 -6.5
3282 75.1406595107 -22.718523022 -6.5
3283 75.6192624375 -22.8632269903 -6.5
3284 76.0978653643 -23.0079309586 -6.5
3285 76.5764682911 -23.1526349269 -6.5
3286 72.7476448766 -21.9950031805 -6
3287 73.2262478034 -22.1397071488 -6
3288 73.7048507302 -22.2844111171 -6
3289 74.183453657 -22.4291150854 -6
3290 74.6620565839 -22.5738190537 -6
3291 75.1406595107 -22.718523022 -6
3292 75.6192624375 -22.8632269903 -6
3293 76.0978653643 -23.0079309586 -6
3294 76.5764682911 -23.1526349269 -6
3295 72.7476448766 -21.9950031805 -5.5
3296 73.2262478034 -22.1397071488 -5.5
3297 73.7048507302 -22.2844111171 -5.5
3298 74.183453657 -22.4291150854 -5.5
3299 74.6620565839 -22.5738190537 -5.5
3300 75.1406595107 -22.718523022 -5.5
3301 75.6192624375 -22.8632269903 -5.5
3302 76.0978653643 -23.0079309586 -5.5
3303 76.5764682911 -23.1526349269 -5.5
3304 72.7476448766 -21.9950031805 -5
3305 73.2262478034 -22.1397071488 -5
3306 73.7048507302 -22.2844111171 -5
3307 74.183453657 -22.4291150854 -5
3308 74.6620565839 -22.5738190537 -5
3309 75.1406595107 -22.718523022 -5
3310 75.6192624375 -22.8632269903 -5
3311 76.0978653643 -23.0079309586 -5
3312 76.5764682911 -23.1526349269 -5
3313 72.7476448766 -21.9950031805 -4.5
3314 73.2262478034 -22.1397071488 -4.5
3315 73.7048507302 -22.2844111171 -4.5
3316 74.183453657 -22.4291150854 -4.5
3317 74.6620565839 -22.5738190537 -4.5
3318 75.1406595107 -22.718523022 -4.5
3319 75.6192624375 -22.8632269903 -4.5
3320 76.0978653643 -23.0079309586 -4.5
3321 76.5764682911 -23.1526349269 -4.5
3322 72.7476448766 -21.9950031805 -4
3323 73.2262478034 -22.1397071488 -4
3324 73.7048507302 -22.2844111171 -4
3325 74.183453657 -22.4291150854 -4
3326 74.6620565839 -22.5738190537 -4
3327 75.1406595107 -22.718523022 -4
3328 75.6192624375 -22.8632269903 -4
3329 76.0978653643 -23.0079309586 -4
3330 76.5764682911 -23.1526349269 -4
3331 72.7476448766 -21.9950031805 -3.5
3332 73.2262478034 -22.1397071488 -3.5
3333 73.7048507302 -22.2844111171 -3.5
3334 74.183453657 -22.4291150854 -3.5
3335 74.6620565839 -22.5738190537 -3.5
3336 75.1406595107 -22.718523022 -3.5
3337 75.6192624375 -22.8632269903 -3.5
3338 76.0978653643 -23.0079309586 -3.5
3339 76.5764682911 -23.1526349269 -3.5
3340 72.7476448766 -21.9950031805 -3
3341 73.2262478034 -22.1397071488 -3
3342 73.7048507302 -22.2844111171 -3
3343 74.183453657 -22.4291150854 -3
3344 74.6620565839 -22.5738190537 -3
3345 75.1406595107 -22.718523022 -3
3346 75.6192624375 -22.8632269903 -3
3347 76.0978653643 -23.0079309586 -3
3348 76.5764682911 -23.1526349269 -3
3349 72.7476448766 -21.9950031805 -2.5
3350 73.2262478034 -22.1397071488 -2.5
3351 73.7048507302 -22.2844111171 -2.5
3352 74.183453657 -22.4291150854 -2.5
3353 74.6620565839 -22.5738190537 -2.5
3354 75.1406595107 -22.718523022 -2.5
3355 75.6192624375 -22.8632269903 -2.5
3356 76.0978653643 -23.0079309586 -2.5
3357 76.5764682911 -23.1526349269 -2.5
3358 72.7476448766 -21.9950031805 -2
3359 73.2262478034 -22.1397071488 -2
3360 73.7048507302 -22.2844111171 -2
3361 74.183453657 -22.4291150854 -2
3362 74.6620565839 -22.5738190537 -2
3363 75.1406595107 -22.718523022 -2
3364 75.6192624375 -22.8632269903 -2
3365 76.0978653643 -23.0079309586 -2
3366 76.5764682911 -23.1526349269 -2
3367 72.7476448766 -21.9950031805 -1.5
3368 73.2262478034 -22.1397071488 -1.5
3369 73.7048507302 -22.2844111171 -1.5
3370 74.183453657 -22.4291150854 -1.5
3371 74.6620565839 -22.5738190537 -1.5
3372 75.1406595107 -22.718523022 -1.5
3373 75.6192624375 -22.8632269903 -1.5
3374 76.0978653643 -23.0079309586 -1.5
3375 76.5764682911 -23.1526349269 -1.5
3376 72.7476448766 -21.9950031805 -1
3377 73.2262478034 -22.1397071488 -1
3378 73.7048507302 -22.2844111171 -1
3379 74.183453657 -22.4291150854 -1
3380 74.6620565839 -22.5738190537 -1
3381 75.1406595107 -22.718523022 -1
3382 75.6192624375 -22.8632269903 -1
3383 76.0978653643 -23.0079309586 -1
3384 76.5764682911 -23.1526349269 -1
3385 72.7476448766 -21.9950031805 -0.5
3386 73.2262478034 -22.1397071488 -0.5
3387 73.7048507302 -22.2844111171 -0.5
3388 74.183453657 -22.4291150854 -0.5
3389 74.6620565839 -22.5738190537 -0.5
3390 75.1406595107 -22.718523022 -0.5
3391 75.6192624375 -22.8632269903 -0.5
3392 76.0978653643 -23.0079309586 -0.5
3393 76.5764682911 -23.1526349269 -0.5
3394 72.7476448766 -21.9950031805 0
3395 73.2262478034 -22.1397071488 0
3396 73.7048507302 -22.2844111171 0
3397 74.183453657 -22.4291150854 0
3398 74.6620565839 -22.5738190537 0
3399 75.1406595107 -22.718523022 0
3400 75.6192624375 -22.8632269903 0
3401 76.0978653643 -23.0079309586 0
3402 76.5764682911 -23.1526349269 0
3403 72.6037874009 -22.4653078112 -13.03
3404 73.0814438969 -22.6131058889 -13.03
3405 73.559100393 -22.7609039666 -13.03
3406 74.036756889 -22.9087020443 -13.03
3407 74.5144133851 -23.056500122 -13.03
3408 74.9920698812 -23.2042981997 -13.03
3409 75.4697263772 -23.3520962774 -13.03
3410 75.9473828733 -23.4998943551 -13.03
3411 76.4250393693 -23.6476924328 -13.03
3412 72.6037874009 -22.4653078112 -13.1856603778
3413 73.0814438969 -22.6131058889 -13.1856603778
3414 73.559100393 -22.7609039666 -13.1856603778
3415 74.036756889 -22.9087020443 -13.1856603778
3416 74.5144133851 -23.056500122 -13.1856603778
3417 74.9920698812 -23.2042981997 -13.1856603778
3418 75.4697263772 -23.3520962774 -13.1856603778
3419 75.9473828733 -23.4998943551 -13.1856603778
3420 76.4250393693 -23.6476924328 -13.1856603778
3421 72.6037874009 -22.4653078112 -13.3413207557
3422 73.0814438969 -22.6131058889 -13.3413207557
3423 73.559100393 -22.7609039666 -13.3413207557
3424 74.036756889 -22.9087020443 -13.3413207557
3425 74.5144133851 -23.056500122 -13.3413207557
3426 74.9920698812 -23.2042981997 -13.3413207557
3427 75.4697263772 -23.3520962774 -13.3413207557
3428 75.9473828733 -23.4998943551 -13.3413207557
3429 76.4250393693 -23.6476924328 -13.3413207557
3430 72.6037874009 -22.4653078112 -13.4969811335
3431 73.0814438969 -22.6131058889 -13.4969811335
3432 73.559100393 -22.7609039666 -13.4969811335
3433 74.036756889 -22.9087020443 -13.4969811335
3434 74.5144133851 -23.056500122 -13.4969811335
3435 74.9920698812 -23.2042981997 -13.4969811335
3436 75.4697263772 -23.3520962774 -13.4969811335
3437 75.9473828733 -23.4998943551 -13.4969811335
3438 76.4250393693 -23.6476924328 -13.4969811335
3439 72.6037874009 -22.4653078112 -13.6526415113
3440 73.0814438969 -22.6131058889 -13.6526415113
3441 73.559100393 -22.7609039666 -13.6526415113
3442 74.036756889 -22.9087020443 -13.6526415113
3443 74.5144133851 -23.056500122 -13.6526415113
3444 74.9920698812 -23.2042981997 -13.6526415113
3445 75.4697263772 -23.3520962774 -13.6526415113
3446 75.9473828733 -23.4998943551 -13.6526415113
3447 76.4250393693 -23.6476924328 -13.6526415113
3448 72.6037874009 -22.4653078112 -13.8083018891
3449 73.0814438969 -22.6131058889 -13.8083018891
3450 73.559100393 -22.7609039666 -13.8083018891
3451 74.036756889 -22.9087020443 -13.8083018891
3452 74.5144133851 -23.056500122 -13.8083018891
3453 74.9920698812 -23.2042981997 -13.8083018891
3454 75.4697263772 -23.3520962774 -13.8083018891
3455 75.9473828733 -23.4998943551 -13.8083018891
3456 76.4250393693 -23.6476924328 -13.8083018891
3457 72.6037874009 -22.4653078112 -13.963962267
3458 73.0814438969 -22.6131058889 -13.963962267
3459 73.559100393 -22.7609039666 -13.963962267
3460 74.036756889 -22.9087020443 -13.963962267
3461 74.5144133851 -23.056500122 -13.963962267
3462 74.9920698812 -23.2042981997 -13.963962267
3463 75.4697263772 -23.3520962774 -13.963962267
3464 75.9473828733 -23.4998943551 -13.963962267
3465 76.4250393693 -23.6476924328 -13.963962267
3466 72.6037874009 -22.4653078112 -14.1196226448
3467 73.0814438969 -22.6131058889 -14.1196226448
3468 73.559100393 -22.7609039666 -14.1196226448
3469 74.036756889 -22.9087020443 -14.1196226448
3470 74.5144133851 -23.056500122 -14.1196226448
3471 74.9920698812 -23.2042981997 -14.1196226448
3472 75.4697263772 -23.3520962774 -14.1196226448
3473 75.9473828733 -23.4998943551 -14.1196226448
3474 76.4250393693 -23.6476924328 -14.1196226448
3475 72.6037874009 -22.4653078112 -14.2752830226
3476 73.0814438969 -22.6131058889 -14.2752830226
3477 73.559100393 -22.7609039666 -14.2752830226
3478 74.036756889 -22.9087020443 -14.2752830226
3479 74.5144133851 -23.056500122 -14.2752830226
3480 74.9920698812 -23.2042981997 -14.2752830226
3481 75.4697263772 -23.3520962774 -14.2752830226
3482 75.9473828733 -23.4998943551 -14.2752830226
3483 76.4250393693 -23.6476924328 -14.2752830226
3484 72.6037874009 -22.4653078112 -12.5
3485 73.0814438969 -22.6131058889 -12.5
3486 73.559100393 -22.7609039666 -12.5
3487 74.036756889 -22.9087020443 -12.5
3488 74.5144133851 -23.056500122 -12.5
3489 74.9920698812 -23.2042981997 -12.5
3490 75.4697263772 -23.3520962774 -12.5
3491 75.9473828733 -23.4998943551 -12.5
3492 76.4250393693 -23.6476924328 -12.5
3493 72.6037874009 -22.4653078112 -12
3494 73.0814438969 -22.6131058889 -12
3495 73.559100393 -22.7609039666 -12
3496 74.036756889 -22.9087020443 -12
3497 74.5144133851 -23.056500122 -12
3498 74.9920698812 -23.2042981997 -12
3499 75.4697263772 -23.3520962774 -12
3500 75.9473828733 -23.4998943551 -12
3501 76.4250393693 -23.6476924328 -12
3502 72.6037874009 -22.4653078112 -11.5
3503 73.0814438969 -22.6131058889 -11.5
3504 73.559100393 -22.7609039666 -11.5
3505 74.036756889 -22.9087020443 -11.5
3506 74.5144133851 -23.056500122 -11.5
3507 74.9920698812 -23.2042981997 -11.5
3508 75.4697263772 -23.3520962774 -11.5
3509 75.9473828733 -23.4998943551 -11.5
3510 76.4250393693 -23.6476924328 -11.5
3511 72.6037874009 -22.4653078112 -11
3512 73.0814438969 -22.6131058889 -11
3513 73.559100393 -22.7609039666 -11
3514 74.036756889 -22.9087020443 -11
3515 74.5144133851 -23.056500122 -11
3516 74.9920698812 -23.2042981997 -11
3517 75.4697263772 -23.3520962774 -11
3518 75.9473828733 -23.4998943551 -11
3519 76.4250393693 -23.6476924328 -11
3520 72.6037874009 -22.4653078112 -10.5
3521 73.0814438969 -22.6131058889 -10.5
3522 73.559100393 -22.7609039666 -10.5
3523 74.036756889 -22.9087020443 -10.5
3524 74.5144133851 -23.056500122 -10.5
3525 74.9920698812 -23.2042981997 -10.5
3526 75.4697263772 -23.3520962774 -10.5
3527 75.9473828733 -23.4998943551 -10.5
3528 76.4250393693 -23.6476924328 -10.5
3529 72.6037874009 -22.4653078112 -10
3530 73.0814438969 -22.6131058889 -10
3531 73.559100393 -22.7609039666 -10
3532 74.036756889 -22.9087020443 -10
3533 74.5144133851 -23.056500122 -10
3534 74.9920698812 -23.2042981997 -10
3535 75.4697263772 -23.3520962774 -10
3536 75.9473828733 -23.4998943551 -10
3537 76.4250393693 -23.6476924328 -10
3538 72.6037874009 -22.4653078112 -9.5
3539 73.0814438969 -22.6131058889 -9.5
3540 73.559100393 -22.7609039666 -9.5
3541 74.036756889 -22.9087020443 -9.5
3542 74.5144133851 -23.056500122 -9.5
3543 74.9920698812 -23.2042981997 -9.5
3544 75.4697263772 -23.3520962774 -9.5
3545 75.9473828733 -23.4998943551 -9.5
3546 76.4250393693 -23.6476924328 -9.5
3547 72.6037874009 -22.4653078112 -9
3548 73.0814438969 -22.6131058889 -9
3549 73.559100393 -22.7609039666 -9
3550 74.036756889 -22.9087020443 -9
3551 74.5144133851 -23.056500122 -9
3552 74.9920698812 -23.2042981997 -9
3553 75.4697263772 -23.3520962774 -9
3554 75.9473828733 -23.4998943551 -9
3555 76.4250393693 -23.6476924328 -9
3556 72.6037874009 -22.4653078112 -8.5
3557 73.0814438969 -22.6131058889 -8.5
3558 73.559100393 -22.7609039666 -8.5
3559 74.036756889 -22.9087020443 -8.5
3560 74.5144133851 -23.056500122 -8.5
3561 74.9920698812 -23.2042981997 -8.5
3562 75.4697263772 -23.3520962774 -8.5
3563 75.9473828733 -23.4998943551 -8.5
3564 76.4250393693 -23.6476924328 -8.5
3565 72.6037874009 -22.4653078112 -8
3566 73.0814438969 -22.6131058889 -8
3567 73.559100393 -22.7609039666 -8
3568 74.036756889 -22.9087020443 -8
3569 74.5144133851 -23.056500122 -8
3570 74.9920698812 -23.2042981997 -8
3571 75.4697263772 -23.3520962774 -8
3572 75.9473828733 -23.4998943551 -8
3573 76.4250393693 -23.6476924328 -8
3574 72.6037874009 -22.4653078112 -7.5
3575 73.0814438969 -22.6131058889 -7.5
3576 73.559100393 -22.7609039666 -7.5
3577 74.036756889 -22.9087020443 -7.5
3578 74.5144133851 -23.056500122 -7.5
3579 74.9920698812 -23.2042981997 -7.5
3580 75.4697263772 -23.3520962774 -7.5
3581 75.9473828733 -23.4998943551 -7.5
3582 76.4250393693 -23.6476924328 -7.5
3583 72.6037874009 -22.4653078112 -7
3584 73.0814438969 -22.6131058889 -7
3585 73.559100393 -22.7609039666 -7
3586 74.036756889 -22.9087020443 -7
3587 74.5144133851 -23.056500122 -7
3588 74.9920698812 -23.2042981997 -7
3589 75.4697263772 -23.3520962774 -7
3590 75.9473828733 -23.4998943551 -7
3591 76.4250393693 -23.6476924328 -7
3592 72.6037874009 -22.4653078112 -6.5
3593 73.0814438969 -22.6131058889 -6.5
3594 73.559100393 -22.7609039666 -6.5
3595 74.036756889 -22.9087020443 -6.5
3596 74.5144133851 -23.056500122 -6.5
3597 74.9920698812 -23.2042981997 -6.5
3598 75.4697263772 -23.3520962774 -6.5
3599 75.9473828733 -23.4998943551 -6.5
3600 76.4250393693 -23.6476924328 -6.5
3601 72.6037874009 -22.4653078112 -6
3602 73.0814438969 -22.6131058889 -6
3603 73.559100393 -22.7609039666 -6
3604 74.036756889 -22.9087020443 -6
3605 74.5144133851 -23.056500122 -6
3606 74.9920698812 -23.2042981997 -6
3607 75.4697263772 -23.3520962774 -6
3608 75.9473828733 -23.4998943551 -6
3609 76.4250393693 -23.6476924328 -6
3610 72.6037874009 -22.4653078112 -5.5
3611 73.0814438969 -22.6131058889 -5.5
3612 73.559100393 -22.7609039666 -5.5
3613 74.036756889 -22.9087020443 -5.5
3614 74.5144133851 -23.056500122 -5.5
3615 74.9920698812 -23.2042981997 -5.5
3616 75.4697263772 -23.3520962774 -5.5
3617 75.9473828733 -23.4998943551 -5.5
3618 76.4250393693 -23.6476924328 -5.5
3619 72.6037874009 -22.4653078112 -5
3620 73.0814438969 -22.6131058889 -5
3621 73.559100393 -22.7609039666 -5
3622 74.036756889 -22.9087020443 -5
3623 74.5144133851 -23.056500122 -5
3624 74.9920698812 -23.2042981997 -5
3625 75.4697263772 -23.3520962774 -5
3626 75.9473828733 -23.4998943551 -5
3627 76.4250393693 -23.6476924328 -5
3628 72.6037874009 -22.4653078112 -4.5
3629 73.0814438969 -22.6131058889 -4.5
3630 73.559100393 -22.7609039666 -4.5
3631 74.036756889 -22.9087020443 -4.5
3632 74.5144133851 -23.056500122 -4.5
3633 74.9920698812 -23.2042981997 -4.5
3634 75.4697263772 -23.3520962774 -4.5
3635 75.9473828733 -23.4998943551 -4.5
3636 76.4250393693 -23.6476924328 -4.5
3637 72.6037874009 -22.4653078112 -4
3638 73.0814438969 -22.6131058889 -4
3639 73.559100393 -22.7609039666 -4
3640 74.036756889 -22.9087020443 -4
3641 74.5144133851 -23.056500122 -4
3642 74.9920698812 -23.2042981997 -4
3643 75.4697263772 -23.3520962774 -4
3644 75.9473828733 -23.4998943551 -4
3645 76.4250393693 -23.6476924328 -4
3646 72.6037874009 -22.4653078112 -3.5
3647 73.0814438969 -22.6131058889 -3.5
3648 73.559100393 -22.7609039666 -3.5
3649 74.036756889 -22.9087020443 -3.5
3650 74.5144133851 -23.056500122 -3.5
3651 74.9920698812 -23.2042981997 -3.5
3652 75.4697263772 -23.3520962774 -3.5
3653 75.9473828733 -23.4998943551 -3.5
3654 76.4250393693 -23.6476924328 -3.5
3655 72.6037874009 -22.4653078112 -3
3656 73.0814438969 -22.6131058889 -3
3657 73.559100393 -22.7609039666 -3
3658 74.036756889 -22.9087020443 -3
3659 74.5144133851 -23.056500122 -3
3660 74.9920698812 -23.2042981997 -3
3661 75.4697263772 -23.3520962774 -3
3662 75.9473828733 -23.4998943551 -3
3663 76.4250393693 -23.6476924328 -3
3664 72.6037874009 -22.4653078112 -2.5
3665 73.0814438969 -22.6131058889 -2.5
3666 73.559100393 -22.7609039666 -2.5
3667 74.036756889 -22.9087020443 -2.5
3668 74.5144133851 -23.056500122 -2.5
3669 74.9920698812 -23.2042981997 -2.5
3670 75.4697263772 -23.3520962774 -2.5
3671 75.9473828733 -23.4998943551 -2.5
3672 76.4250393693 -23.6476924328 -2.5
3673 72.6037874009 -22.4653078112 -2
3674 73.0814438969 -22.6131058889 -2
3675 73.559100393 -22.7609039666 -2
3676 74.036756889 -22.9087020443 -2
3677 74.5144133851 -23.056500122 -2
3678 74.9920698812 -23.2042981997 -2
3679 75.4697263772 -23.3520962774 -2
3680 75.9473828733 -23.4998943551 -2
3681 76.4250393693 -23.6476924328 -2
3682 72.6037874009 -22.4653078112 -1.5
3683 73.0814438969 -22.6131058889 -1.5
3684 73.559100393 -22.7609039666 -1.5
3685 74.036756889 -22.9087020443 -1.5
3686 74.5144133851 -23.056500122 -1.5
3687 74.9920698812 -23.2042981997 -1.5
3688 75.4697263772 -23.3520962774 -1.5
3689 75.9473828733 -23.4998943551 -1.5
3690 76.4250393693 -23.6476924328 -1.5
3691 72.6037874009 -22.4653078112 -1
3692 73.0814438969 -22.6131058889 -1
3693 73.559100393 -22.7609039666 -1
3694 74.036756889 -22.9087020443 -1
3695 74.5144133851 -23.056500122 -1
3696 74.9920698812 -23.2042981997 -1
3697 75.4697263772 -23.3520962774 -1
3698 75.9473828733 -23.4998943551 -1
3699 76.4250393693 -23.6476924328 -1
3700 72.6037874009 -22.4653078112 -0.5
3701 73.0814438969 -22.6131058889 -0.5
3702 73.559100393 -22.7609039666 -0.5
3703 74.036756889 -22.9087020443 -0.5
3704 74.5144133851 -23.056500122 -0.5
3705 74.9920698812 -23.2042981997 -0.5
3706 75.4697263772 -23.3520962774 -0.5
3707 75.9473828733 -23.4998943551 -0.5
3708 76.4250393693 -23.6476924328 -0.5
3709 72.6037874009 -22.4653078112 0
3710 73.0814438969 -22.6131058889 0
3711 73.559100393 -22.7609039666 0
3712 74.036756889 -22.9087020443 0
3713 74.5144133851 -23.056500122 0
3714 74.9920698812 -23.2042981997 0
3715 75.4697263772 -23.3520962774 0
3716 75.9473828733 -23.4998943551 0
3717 76.4250393693 -23.6476924328 0
3718 72.456889498 -22.9346716626 -13.03
3719 72.9335795605 -23.0855576604 -13.03
3720 73.410269623 -23.2364436582 -13.03
3721 73.8869596855 -23.387329656 -13.03
3722 74.363649748 -23.5382156538 -13.03
3723 74.8403398104 -23.6891016515 -13.03
3724 75.3170298729 -23.8399876493 -13.03
3725 75.7937199354 -23.9908736471 -13.03
3726 76.2704099979 -24.1417596449 -13.03
3727 72.456889498 -22.9346716626 -13.1546089735
3728 72.9335795605 -23.0855576604 -13.1546089735
3729 73.410269623 -23.2364436582 -13.1546089735
3730 73.8869596855 -23.387329656 -13.1546089735
3731 74.363649748 -23.5382156538 -13.1546089735
3732 74.8403398104 -23.6891016515 -13.1546089735
3733 75.3170298729 -23.8399876493 -13.1546089735
3734 75.7937199354 -23.9908736471 -13.1546089735
3735 76.2704099979 -24.1417596449 -13.1546089735
3736 72.456889498 -22.9346716626 -13.279217947
3737 72.9335795605 -23.0855576604 -13.279217947
3738 73.410269623 -23.2364436582 -13.279217947
3739 73.8869596855 -23.387329656 -13.279217947
3740 74.363649748 -23.5382156538 -13.279217947
3741 74.8403398104 -23.6891016515 -13.279217947
3742 75.3170298729 -23.8399876493 -13.279217947
3743 75.7937199354 -23.9908736471 -13.279217947
3744 76.2704099979 -24.1417596449 -13.279217947
3745 72.456889498 -22.9346716626 -13.4038269204
3746 72.9335795605 -23.0855576604 -13.4038269204
3747 73.410269623 -23.2364436582 -13.4038269204
3748 73.8869596855 -23.387329656 -13.4038269204
3749 74.363649748 -23.5382156538 -13.4038269204
3750 74.8403398104 -23.6891016515 -13.4038269204
3751 75.3170298729 -23.8399876493 -13.4038269204
3752 75.7937199354 -23.9908736471 -13.4038269204
3753 76.2704099979 -24.1417596449 -13.4038269204
3754 72.456889498 -22.9346716626 -13.5284358939
3755 72.9335795605 -23.0855576604 -13.5284358939
3756 73.410269623 -23.2364436582 -13.5284358939
3757 73.8869596855 -23.387329656 -13.5284358939
3758 74.363649748 -23.5382156538 -13.5284358939
3759 74.8403398104 -23.6891016515 -13.5284358939
3760 75.3170298729 -23.8399876493 -13.5284358939
3761 75.7937199354 -23.9908736471 -13.5284358939
3762 76.2704099979 -24.1417596449 -13.5284358939
3763 72.456889498 -22.9346716626 -13.6530448674
3764 72.9335795605 -23.0855576604 -13.6530448674
3765 73.410269623 -23.2364436582 -13.6530448674
3766 73.8869596855 -23.387329656 -13.6530448674
3767 74.363649748 -23.5382156538 -13.6530448674
3768 74.8403398104 -23.6891016515 -13.6530448674
3769 75.3170298729 -23.8399876493 -13.6530448674
3770 75.7937199354 -23.9908736471 -13.6530448674
3771 76.2704099979 -24.1417596449 -13.6530448674
3772 72.456889498 -22.9346716626 -13.7776538409
3773 72.9335795605 -23.0855576604 -13.7776538409
3774 73.410269623 -23.2364436582 -13.7776538409
3775 73.8869596855 -23.387329656 -13.7776538409
3776 74.363649748 -23.5382156538 -13.7776538409
3777 74.8403398104 -23.6891016515 -13.7776538409
3778 75.3170298729 -23.8399876493 -13.7776538409
3779 75.7937199354 -23.9908736471 -13.7776538409
3780 76.2704099979 -24.1417596449 -13.7776538409
3781 72.456889498 -22.9346716626 -13.9022628143
3782 72.9335795605 -23.0855576604 -13.9022628143
3783 73.410269623 -23.2364436582 -13.9022628143
3784 73.8869596855 -23.387329656 -13.9022628143
3785 74.363649748 -23.5382156538 -13.9022628143
3786 74.8403398104 -23.6891016515 -13.9022628143
3787 75.3170298729 -23.8399876493 -13.9022628143
3788 75.7937199354 -23.9908736471 -13.9022628143
3789 76.2704099979 -24.1417596449 -13.9022628143
3790 72.456889498 -22.9346716626 -14.0268717878
3791 72.9335795605 -23.0855576604 -14.0268717878
3792 73.410269623 -23.2364436582 -14.0268717878
3793 73.8869596855 -23.387329656 -14.0268717878
3794 74.363649748 -23.5382156538 -14.0268717878
3795 74.8403398104 -23.6891016515 -14.0268717878
3796 75.3170298729 -23.8399876493 -14.0268717878
3797 75.7937199354 -23.9908736471 -14.0268717878
3798 76.2704099979 -24.1417596449 -14.0268717878
3799 72.456889498 -22.9346716626 -12.5
3800 72.9335795605 -23.0855576604 -12.5
3801 73.410269623 -23.2364436582 -12.5
3802 73.8869596855 -23.387329656 -12.5
3803 74.363649748 -23.5382156538 -12.5
3804 74.8403398104 -23.6891016515 -12.5
3805 75.3170298729 -23.8399876493 -12.5
3806 75.7937199354 -23.9908736471 -12.5
3807 76.2704099979 -24.1417596449 -12.5
3808 72.456889498 -22.9346716626 -12
3809 72.9335795605 -23.0855576604 -12
3810 73.410269623 -23.2364436582 -12
3811 73.8869596855 -23.387329656 -12
3812 74.363649748 -23.5382156538 -12
3813 74.8403398104 -23.6891016515 -12
3814 75.3170298729 -23.8399876493 -12
3815 75.7937199354 -23.9908736471 -12
3816 76.2704099979 -24.1417596449 -12
3817 72.456889498 -22.9346716626 -11.5
3818 72.9335795605 -23.0855576604 -11.5
3819 73.410269623 -23.2364436582 -11.5
3820 73.8869596855 -23.387329656 -11.5
3821 74.363649748 -23.5382156538 -11.5
3822 74.8403398104 -23.6891016515 -11.5
3823 75.3170298729 -23.8399876493 -11.5
3824 75.7937199354 -23.9908736471 -11.5
3825 76.2704099979 -24.1417596449 -11.5
3826 72.456889498 -22.9346716626 -11
3827 72.9335795605 -23.0855576604 -11
3828 73.410269623 -23.2364436582 -11
3829 73.8869596855 -23.387329656 -11
3830 74.363649748 -23.5382156538 -11
3831 74.8403398104 -23.6891016515 -11
3832 75.3170298729 -23.8399876493 -11
3833 75.7937199354 -23.9908736471 -11
3834 76.2704099979 -24.1417596449 -11
3835 72.456889498 -22.9346716626 -10.5
3836 72.9335795605 -23.0855576604 -10.5
3837 73.410269623 -23.2364436582 -10.5
3838 73.8869596855 -23.387329656 -10.5
3839 74.363649748 -23.5382156538 -10.5
3840 74.8403398104 -23.6891016515 -10.5
3841 75.3170298729 -23.8399876493 -10.5
3842 75.7937199354 -23.9908736471 -10.5
3843 76.2704099979 -24.1417596449 -10.5
3844 72.456889498 -22.9346716626 -10
3845 72.9335795605 -23.0855576604 -10
3846 73.410269623 -23.2364436582 -10
3847 73.8869596855 -23.387329656 -10
3848 74.363649748 -23.5382156538 -10
3849 74.8403398104 -23.6891016515 -10
3850 75.3170298729 -23.8399876493 -10
3851 75.7937199354 -23.9908736471 -10
3852 76.2704099979 -24.1417596449 -10
3853 72.456889498 -22.9346716626 -9.5
3854 72.9335795605 -23.0855576604 -9.5
3855 73.410269623 -23.2364436582 -9.5
3856 73.8869596855 -23.387329656 -9.5
3857 74.363649748 -23.5382156538 -9.5
3858 74.8403398104 -23.6891016515 -9.5
3859 75.3170298729 -23.8399876493 -9.5
3860 75.7937199354 -23.9908736471 -9.5
3861 76.2704099979 -24.1417596449 -9.5
3862 72.456889498 -22.9346716626 -9
3863 72.9335795605 -23.0855576604 -9
3864 73.410269623 -23.2364436582 -9
3865 73.8869596855 -23.387329656 -9
3866 74.363649748 -23.5382156538 -9
3867 74.8403398104 -23.6891016515 -9
3868 75.3170298729 -23.8399876493 -9
3869 75.7937199354 -23.9908736471 -9
3870 76.2704099979 -24.1417596449 -9
3871 72.456889498 -22.9346716626 -8.5
3872 72.9335795605 -23.0855576604 -8.5
3873 73.410269623 -23.2364436582 -8.5
3874 73.8869596855 -23.387329656 -8.5
3875 74.363649748 -23.5382156538 -8.5
3876 74.8403398104 -23.6891016515 -8.5
3877 75.3170298729 -23.8399876493 -8.5
3878 75.7937199354 -23.9908736471 -8.5
3879 76.2704099979 -24.1417596449 -8.5
3880 72.456889498 -22.9346716626 -8
3881 72.9335795605 -23.0855576604 -8
3882 73.410269623 -23.2364436582 -8
3883 73.8869596855 -23.387329656 -8
3884 74.363649748 -23.5382156538 -8
3885 74.8403398104 -23.6891016515 -8
3886 75.3170298729 -23.8399876493 -8
3887 75.7937199354 -23.9908736471 -8
3888 76.2704099979 -24.1417596449 -8
3889 72.456889498 -22.9346716626 -7.5
3890 72.9335795605 -23.0855576604 -7.5
3891 73.410269623 -23.2364436582 -7.5
3892 73.8869596855 -23.387329656 -7.5
3893 74.363649748 -23.5382156538 -7.5
3894 74.8403398104 -23.6891016515 -7.5
3895 75.3170298729 -23.8399876493 -7.5
3896 75.7937199354 -23.9908736471 -7.5
3897 76.2704099979 -24.1417596449 -7.5
3898 72.456889498 -22.9346716626 -7
3899 72.9335795605 -23.0855576604 -7
3900 73.410269623 -23.2364436582 -7
3901 73.8869596855 -23.387329656 -7
3902 74.363649748 -23.5382156538 -7
3903 74.8403398104 -23.6891016515 -7
3904 75.3170298729 -23.8399876493 -7
3905 75.7937199354 -23.9908736471 -7
3906 76.2704099979 -24.1417596449 -7
3907 72.456889498 -22.9346716626 -6.5
3908 72.9335795605 -23.0855576604 -6.5
3909 73.410269623 -23.2364436582 -6.5
3910 73.8869596855 -23.387329656 -6.5
3911 74.363649748 -23.5382156538 -6.5
3912 74.8403398104 -23.6891016515 -6.5
3913 75.3170298729 -23.8399876493 -6.5
3914 75.7937199354 -23.9908736471 -6.5
3915 76.2704099979 -24.1417596449 -6.5
3916 72.456889498 -22.9346716626 -6
3917 72.9335795605 -23.0855576604 -6
3918 73.410269623 -23.2364436582 -6
3919 73.8869596855 -23.387329656 -6
3920 74.363649748 -23.5382156538 -6
3921 74.8403398104 -23.6891016515 -6
3922 75.3170298729 -23.8399876493 -6
3923 75.7937199354 -23.9908736471 -6
3924 76.2704099979 -24.1417596449 -6
3925 72.456889498 -22.9346716626 -5.5
3926 72.9335795605 -23.0855576604 -5.5
3927 73.410269623 -23.2364436582 -5.5
3928 73.8869596855 -23.387329656 -5.5
3929 74.363649748 -23.5382156538 -5.5
3930 74.8403398104 -23.6891016515 -5.5
3931 75.3170298729 -23.8399876493 -5.5
3932 75.7937199354 -23.9908736471 -5.5
3933 76.2704099979 -24.1417596449 -5.5
3934 72.456889498 -22.9346716626 -5
3935 72.9335795605 -23.0855576604 -5
3936 73.410269623 -23.2364436582 -5
3937 73.8869596855 -23.387329656 -5
3938 74.363649748 -23.5382156538 -5
3939 74.8403398104 -23.6891016515 -5
3940 75.3170298729 -23.8399876493 -5
3941 75.7937199354 -23.9908736471 -5
3942 76.2704099979 -24.1417596449 -5
3943 72.456889498 -22.9346716626 -4.5
3944 72.9335795605 -23.0855576604 -4.5
3945 73.410269623 -23.2364436582 -4.5
3946 73.8869596855 -23.387329656 -4.5
3947 74.363649748 -23.5382156538 -4.5
3948 74.8403398104 -23.6891016515 -4.5
3949 75.3170298729 -23.8399876493 -4.5
3950 75.7937199354 -23.9908736471 -4.5
3951 76.2704099979 -24.1417596449 -4.5
3952 72.456889498 -22.9346716626 -4
3953 72.9335795605 -23.0855576604 -4
3954 73.410269623 -23.2364436582 -4
3955 73.8869596855 -23.387329656 -4
3956 74.363649748 -23.5382156538 -4
3957 74.8403398104 -23.6891016515 -4
3958 75.3170298729 -23.8399876493 -4
3959 75.7937199354 -23.9908736471 -4
3960 76.2704099979 -24.1417596449 -4
3961 72.456889498 -22.9346716626 -3.5
3962 72.9335795605 -23.0855576604 -3.5
3963 73.410269623 -23.2364436582 -3.5
3964 73.8869596855 -23.387329656 -3.5
3965 74.363649748 -23.5382156538 -3.5
3966 74.8403398104 -23.6891016515 -3.5
3967 75.3170298729 -23.8399876493 -3.5
3968 75.7937199354 -23.9908736471 -3.5
3969 76.2704099979 -24.1417596449 -3.5
3970 72.456889498 -22.9346716626 -3
3971 72.9335795605 -23.0855576604 -3
3972 73.410269623 -23.2364436582 -3
3973 73.8869596855 -23.387329656 -3
3974 74.363649748 -23.5382156538 -3
3975 74.8403398104 -23.6891016515 -3
3976 75.3170298729 -23.8399876493 -3
3977 75.7937199354 -23.9908736471 -3
3978 76.2704099979 -24.1417596449 -3
3979 72.456889498 -22.9346716626 -2.5
3980 72.9335795605 -23.0855576604 -2.5
3981 73.410269623 -23.2364436582 -2.5
3982 73.8869596855 -23.387329656 -2.5
3983 74.363649748 -23.5382156538 -2.5
3984 74.8403398104 -23.6891016515 -2.5
3985 75.3170298729 -23.8399876493 -2.5
3986 75.7937199354 -23.9908736471 -2.5
3987 76.2704099979 -24.1417596449 -2.5
3988 72.456889498 -22.9346716626 -2
3989 72.9335795605 -23.0855576604 -2
3990 73.410269623 -23.2364436582 -2
3991 73.8869596855 -23.387329656 -2
3992 74.363649748 -23.5382156538 -2
3993 74.8403398104 -23.6891016515 -2
3994 75.3170298729 -23.8399876493 -2
3995 75.7937199354 -23.9908736471 -2
3996 76.2704099979 -24.1417596449 -2
3997 72.456889498 -22.9346716626 -1.5
3998 72.9335795605 -23.0855576604 -1.5
3999 73.410269623 -23.2364436582 -1.5
4000 73.8869596855 -23.387329656 -1.5
4001 74.363649748 -23.5382156538 -1.5
4002 74.8403398104 -23.6891016515 -1.5
4003 75.3170298729 -23.8399876493 -1.5
4004 75.7937199354 -23.9908736471 -1.5
4005 76.2704099979 -24.1417596449 -1.5
4006 72.456889498 -22.9346716626 -1
4007 72.9335795605 -23.0855576604 -1
4008 73.410269623 -23.2364436582 -1
4009 73.8869596855 -23.387329656 -1
4010 74.363649748 -23.5382156538 -1
4011 74.8403398104 -23.6891016515 -1
4012 75.3170298729 -23.8399876493 -1
4013 75.7937199354 -23.9908736471 -1
4014 76.2704099979 -24.1417596449 -1
4015 72.456889498 -22.9346716626 -0.5
4016 72.9335795605 -23.0855576604 -0.5
4017 73.410269623 -23.2364436582 -0.5
4018 73.8869596855 -23.387329656 -0.5
4019 74.363649748 -23.5382156538 -0.5
4020 74.8403398104 -23.6891016515 -0.5
4021 75.3170298729 -23.8399876493 -0.5
4022 75.7937199354 -23.9908736471 -0.5
4023 76.2704099979 -24.1417596449 -0.5
4024 72.456889498 -22.9346716626 0
4025 72.9335795605 -23.0855576604 0
4026 73.410269623 -23.2364436582 0
4027 73.8869596855 -23.387329656 0
4028 74.363649748 -23.5382156538 0
4029 74.8403398104 -23.6891016515 0
4030 75.3170298729 -23.8399876493 0
4031 75.7937199354 -23.9908736471 0
4032 76.2704099979 -24.1417596449 0
4033 72.3069573197 -23.4030750794 -13.03
4034 72.7826609863 -23.5570426786 -13.03
4035 73.2583646528 -23.7110102778 -13.03
4036 73.7340683194 -23.864977877 -13.03
4037 74.209771986 -24.0189454762 -13.03
4038 74.6854756526 -24.1729130754 -13.03
4039 75.1611793191 -24.3268806746 -13.03
4040 75.6368829857 -24.4808482738 -13.03
4041 76.1125866523 -24.634815873 -13.03
4042 72.3069573197 -23.4030750794 -13.1235556419
4043 72.7826609863 -23.5570426786 -13.1235556419
4044 73.2583646528 -23.7110102778 -13.1235556419
4045 73.7340683194 -23.864977877 -13.1235556419
4046 74.209771986 -24.0189454762 -13.1235556419
4047 74.6854756526 -24.1729130754 -13.1235556419
4048 75.1611793191 -24.3268806746 -13.1235556419
4049 75.6368829857 -24.4808482738 -13.1235556419
4050 76.1125866523 -24.634815873 -13.1235556419
4051 72.3069573197 -23.4030750794 -13.2171112839
4052 72.7826609863 -23.5570426786 -13.2171112839
4053 73.2583646528 -23.7110102778 -13.2171112839
4054 73.7340683194 -23.864977877 -13.2171112839
4055 74.209771986 -24.0189454762 -13.2171112839
4056 74.6854756526 -24.1729130754 -13.2171112839
4057 75.1611793191 -24.3268806746 -13.2171112839
4058 75.6368829857 -24.4808482738 -13.2171112839
4059 76.1125866523 -24.634815873 -13.2171112839
4060 72.3069573197 -23.4030750794 -13.3106669258
4061 72.7826609863 -23.5570426786 -13.3106669258
4062 73.2583646528 -23.7110102778 -13.3106669258
4063 73.7340683194 -23.864977877 -13.3106669258
4064 74.209771986 -24.0189454762 -13.3106669258
4065 74.6854756526 -24.1729130754 -13.3106669258
4066 75.1611793191 -24.3268806746 -13.3106669258
4067 75.6368829857 -24.4808482738 -13.3106669258
4068 76.1125866523 -24.634815873 -13.3106669258
4069 72.3069573197 -23.4030750794 -13.4042225677
4070 72.7826609863 -23.5570426786 -13.4042225677
4071 73.2583646528 -23.7110102778 -13.4042225677
4072 73.7340683194 -23.864977877 -13.4042225677
4073 74.209771986 -24.0189454762 -13.4042225677
4074 74.6854756526 -24.1729130754 -13.4042225677
4075 75.1611793191 -24.3268806746 -13.4042225677
4076 75.6368829857 -24.4808482738 -13.4042225677
4077 76.1125866523 -24.634815873 -13.4042225677
4078 72.3069573197 -23.4030750794 -13.4977782097
4079 72.7826609863 -23.5570426786 -13.4977782097
4080 73.2583646528 -23.7110102778 -13.4977782097
4081 73.7340683194 -23.864977877 -13.4977782097
4082 74.209771986 -24.0189454762 -13.4977782097
4083 74.6854756526 -24.1729130754 -13.4977782097
4084 75.1611793191 -24.3268806746 -13.4977782097
4085 75.6368829857 -24.4808482738 -13.4977782097
4086 76.1125866523 -24.634815873 -13.4977782097
4087 72.3069573197 -23.4030750794 -13.5913338516
4088 72.7826609863 -23.5570426786 -13.5913338516
4089 73.2583646528 -23.7110102778 -13.5913338516
4090 73.7340683194 -23.864977877 -13.5913338516
4091 74.209771986 -24.0189454762 -13.5913338516
4092 74.6854756526 -24.1729130754 -13.5913338516
4093 75.1611793191 -24.3268806746 -13.5913338516
4094 75.6368829857 -24.4808482738 -13.5913338516
4095 76.1125866523 -24.634815873 -13.5913338516
4096 72.3069573197 -23.4030750794 -13.6848894935
4097 72.7826609863 -23.5570426786 -13.6848894935
4098 73.2583646528 -23.7110102778 -13.6848894935
4099 73.7340683194 -23.864977877 -13.6848894935
4100 74.209771986 -24.0189454762 -13.6848894935
4101 74.6854756526 -24.1729130754 -13.6848894935
4102 75.1611793191 -24.3268806746 -13.6848894935
4103 75.6368829857 -24.4808482738 -13.6848894935
4104 76.1125866523 -24.634815873 -13.6848894935
4105 72.3069573197 -23.4030750794 -13.7784451355
4106 72.7826609863 -23.5570426786 -13.7784451355
4107 73.2583646528 -23.7110102778 -13.7784451355
4108 73.7340683194 -23.864977877 -13.7784451355
4109 74.209771986 -24.0189454762 -13.7784451355
4110 74.6854756526 -24.1729130754 -13.7784451355
4111 75.1611793191 -24.3268806746 -13.7784451355
4112 75.6368829857 -24.4808482738 -13.7784451355
4113 76.1125866523 -24.634815873 -13.7784451355
4114 72.3069573197 -23.4030750794 -12.5
4115 72.7826609863 -23.5570426786 -12.5
4116 73.2583646528 -23.7110102778 -12.5
4117 73.7340683194 -23.864977877 -12.5
4118 74.209771986 -24.0189454762 -12.5
4119 74.6854756526 -24.1729130754 -12.5
4120 75.1611793191 -24.3268806746 -12.5
4121 75.6368829857 -24.4808482738 -12.5
4122 76.1125866523 -24.634815873 -12.5
4123 72.3069573197 -23.4030750794 -12
4124 72.7826609863 -23.5570426786 -12
4125 73.2583646528 -23.7110102778 -12
4126 73.7340683194 -23.864977877 -12
4127 74.209771986 -24.0189454762 -12
4128 74.6854756526 -24.1729130754 -12
4129 75.1611793191 -24.3268806746 -12
4130 75.6368829857 -24.4808482738 -12
4131 76.1125866523 -24.634815873 -12
4132 72.3069573197 -23.4030750794 -11.5
4133 72.7826609863 -23.5570426786 -11.5
4134 73.2583646528 -23.7110102778 -11.5
4135 73.7340683194 -23.864977877 -11.5
4136 74.209771986 -24.0189454762 -11.5
4137 74.6854756526 -24.1729130754 -11.5
4138 75.1611793191 -24.3268806746 -11.5
4139 75.6368829857 -24.4808482738 -11.5
4140 76.1125866523 -24.634815873 -11.5
4141 72.3069573197 -23.4030750794 -11
4142 72.7826609863 -23.5570426786 -11
4143 73.2583646528 -23.7110102778 -11
4144 73.7340683194 -23.864977877 -11
4145 74.209771986 -24.0189454762 -11
4146 74.6854756526 -24.1729130754 -11
4147 75.1611793191 -24.3268806746 -11
4148 75.6368829857 -24.4808482738 -11
4149 76.1125866523 -24.634815873 -11
4150 72.3069573197 -23.4030750794 -10.5
4151 72.7826609863 -23.5570426786 -10.5
4152 73.2583646528 -23.7110102778 -10.5
4153 73.7340683194 -23.864977877 -10.5
4154 74.209771986 -24.0189454762 -10.5
4155 74.6854756526 -24.1729130754 -10.5
4156 75.1611793191 -24.3268806746 -10.5
4157 75.6368829857 -24.4808482738 -10.5
4158 76.1125866523 -24.634815873 -10.5
4159 72.3069573197 -23.4030750794 -10
4160 72.7826609863 -23.5570426786 -10
4161 73.2583646528 -23.7110102778 -10
4162 73.7340683194 -23.864977877 -10
4163 74.209771986 -24.0189454762 -10
4164 74.6854756526 -24.1729130754 -10
4165 75.1611793191 -24.3268806746 -10
4166 75.6368829857 -24.4808482738 -10
4167 76.1125866523 -24.634815873 -10
4168 72.3069573197 -23.4030750794 -9.5
4169 72.7826609863 -23.5570426786 -9.5
4170 73.2583646528 -23.7110102778 -9.5
4171 73.7340683194 -23.864977877 -9.5
4172 74.209771986 -24.0189454762 -9.5
4173 74.6854756526 -24.1729130754 -9.5
4174 75.1611793191 -24.3268806746 -9.5
4175 75.6368829857 -24.4808482738 -9.5
4176 76.1125866523 -24.634815873 -9.5
4177 72.3069573197 -23.4030750794 -9
4178 72.7826609863 -23.5570426786 -9
4179 73.2583646528 -23.7110102778 -9
4180 73.7340683194 -23.864977877 -9
4181 74.209771986 -24.0189454762 -9
4182 74.6854756526 -24.1729130754 -9
4183 75.1611793191 -24.3268806746 -9
4184 75.6368829857 -24.4808482738 -9
4185 76.1125866523 -24.634815873 -9
4186 72.3069573197 -23.4030750794 -8.5
4187 72.7826609863 -23.5570426786 -8.5
4188 73.2583646528 -23.7110102778 -8.5
4189 73.7340683194 -23.864977877 -8.5
4190 74.209771986 -24.0189454762 -8.5
4191 74.6854756526 -24.1729130754 -8.5
4192 75.1611793191 -24.3268806746 -8.5
4193 75.6368829857 -24.4808482738 -8.5
4194 76.1125866523 -24.634815873 -8.5
4195 72.3069573197 -23.4030750794 -8
4196 72.7826609863 -23.5570426786 -8
4197 73.2583646528 -23.7110102778 -8
4198 73.7340683194 -23.864977877 -8
4199 74.209771986 -24.0189454762 -8
4200 74.6854756526 -24.1729130754 -8
4201 75.1611793191 -24.3268806746 -8
4202 75.6368829857 -24.4808482738 -8
4203 76.1125866523 -24.634815873 -8
4204 72.3069573197 -23.4030750794 -7.5
4205 72.7826609863 -23.5570426786 -7.5
4206 73.2583646528 -23.7110102778 -7.5
4207 73.7340683194 -23.864977877 -7.5
4208 74.209771986 -24.0189454762 -7.5
4209 74.6854756526 -24.1729130754 -7.5
4210 75.1611793191 -24.3268806746 -7.5
4211 75.6368829857 -24.4808482738 -7.5
4212 76.1125866523 -24.634815873 -7.5
4213 72.3069573197 -23.4030750794 -7
4214 72.7826609863 -23.5570426786 -7
4215 73.2583646528 -23.7110102778 -7
4216 73.7340683194 -23.864977877 -7
4217 74.209771986 -24.0189454762 -7
4218 74.6854756526 -24.1729130754 -7
4219 75.1611793191 -24.3268806746 -7
4220 75.6368829857 -24.4808482738 -7
4221 76.1125866523 -24.634815873 -7
4222 72.3069573197 -23.4030750794 -6.5
4223 72.7826609863 -23.5570426786 -6.5
4224 73.2583646528 -23.7110102778 -6.5
4225 73.7340683194 -23.864977877 -6.5
4226 74.209771986 -24.0189454762 -6.5
4227 74.6854756526 -24.1729130754 -6.5
4228 75.1611793191 -24.3268806746 -6.5
4229 75.6368829857 -24.4808482738 -6.5
4230 76.1125866523 -24.634815873 -6.5
4231 72.3069573197 -23.4030750794 -6
4232 72.7826609863 -23.5570426786 -6
4233 73.2583646528 -23.7110102778 -6
4234 73.7340683194 -23.864977877 -6
4235 74.209771986 -24.0189454762 -6
4236 74.6854756526 -24.1729130754 -6
4237 75.1611793191 -24.3268806746 -6
4238 75.6368829857 -24.4808482738 -6
4239 76.1125866523 -24.634815873 -6
4240 72.3069573197 -23.4030750794 -5.5
4241 72.7826609863 -23.5570426786 -5.5
4242 73.2583646528 -23.7110102778 -5.5
4243 73.7340683194 -23.864977877 -5.5
4244 74.209771986 -24.0189454762 -5.5
4245 74.6854756526 -24.1729130754 -5.5
4246 75.1611793191 -24.3268806746 -5.5
4247 75.6368829857 -24.4808482738 -5.5
4248 76.1125866523 -24.634815873 -5.5
4249 72.3069573197 -23.4030750794 -5
4250 72.7826609863 -23.5570426786 -5
4251 73.2583646528 -23.7110102778 -5
4252 73.7340683194 -23.864977877 -5
4253 74.209771986 -24.0189454762 -5
4254 74.6854756526 -24.1729130754 -5
4255 75.1611793191 -24.3268806746 -5
4256 75.6368829857 -24.4808482738 -5
4257 76.1125866523 -24.634815873 -5
4258 72.3069573197 -23.4030750794 -4.5
4259 72.7826609863 -23.5570426786 -4.5
4260 73.2583646528 -23.7110102778 -4.5
4261 73.7340683194 -23.864977877 -4.5
4262 74.209771986 -24.0189454762 -4.5
4263 74.6854756526 -24.1729130754 -4.5
4264 75.1611793191 -24.3268806746 -4.5
4265 75.6368829857 -24.4808482738 -4.5
4266 76.1125866523 -24.634815873 -4.5
4267 72.3069573197 -23.4030750794 -4
4268 72.7826609863 -23.5570426786 -4
4269 73.2583646528 -23.7110102778 -4
4270 73.7340683194 -23.864977877 -4
4271 74.209771986 -24.0189454762 -4
4272 74.6854756526 -24.1729130754 -4
4273 75.1611793191 -24.3268806746 -4
4274 75.6368829857 -24.4808482738 -4
4275 76.1125866523 -24.634815873 -4
4276 72.3069573197 -23.4030750794 -3.5
4277 72.7826609863 -23.5570426786 -3.5
4278 73.2583646528 -23.7110102778 -3.5
4279 73.7340683194 -23.864977877 -3.5
4280 74.209771986 -24.0189454762 -3.5
4281 74.6854756526 -24.1729130754 -3.5
4282 75.1611793191 -24.3268806746 -3.5
4283 75.6368829857 -24.4808482738 -3.5
4284 76.1125866523 -24.634815873 -3.5
4285 72.3069573197 -23.4030750794 -3
4286 72.7826609863 -23.5570426786 -3
4287 73.2583646528 -23.7110102778 -3
4288 73.7340683194 -23.864977877 -3
4289 74.209771986 -24.0189454762 -3
4290 74.6854756526 -24.1729130754 -3
4291 75.1611793191 -24.3268806746 -3
4292 75.6368829857 -24.4808482738 -3
4293 76.1125866523 -24.634815873 -3
4294 72.3069573197 -23.4030750794 -2.5
4295 72.7826609863 -23.5570426786 -2.5
4296 73.2583646528 -23.7110102778 -2.5
4297 73.7340683194 -23.864977877 -2.5
4298 74.209771986 -24.0189454762 -2.5
4299 74.6854756526 -24.1729130754 -2.5
4300 75.1611793191 -24.3268806746 -2.5
4301 75.6368829857 -24.4808482738 -2.5
4302 76.1125866523 -24.634815873 -2.5
4303 72.3069573197 -23.4030750794 -2
4304 72.7826609863 -23.5570426786 -2
4305 73.2583646528 -23.7110102778 -2
4306 73.7340683194 -23.864977877 -2
4307 74.209771986 -24.0189454762 -2
4308 74.6854756526 -24.1729130754 -2
4309 75.1611793191 -24.3268806746 -2
4310 75.6368829857 -24.4808482738 -2
4311 76.1125866523 -24.634815873 -2
4312 72.3069573197 -23.4030750794 -1.5
4313 72.7826609863 -23.5570426786 -1.5
4314 73.2583646528 -23.7110102778 -1.5
4315 73.7340683194 -23.864977877 -1.5
4316 74.209771986 -24.0189454762 -1.5
4317 74.6854756526 -24.1729130754 -1.5
4318 75.1611793191 -24.3268806746 -1.5
4319 75.6368829857 -24.4808482738 -1.5
4320 76.1125866523 -24.634815873 -1.5
4321 72.3069573197 -23.4030750794 -1
4322 72.7826609863 -23.5570426786 -1
4323 73.2583646528 -23.7110102778 -1
4324 73.7340683194 -23.864977877 -1
4325 74.209771986 -24.0189454762 -1
4326 74.6854756526 -24.1729130754 -1
4327 75.1611793191 -24.3268806746 -1
4328 75.6368829857 -24.4808482738 -1
4329 76.1125866523 -24.634815873 -1
4330 72.3069573197 -23.4030750794 -0.5
4331 72.7826609863 -23.5570426786 -0.5
4332 73.2583646528 -23.7110102778 -0.5
4333 73.7340683194 -23.864977877 -0.5
4334 74.209771986 -24.0189454762 -0.5
4335 74.6854756526 -24.1729130754 -0.5
4336 75.1611793191 -24.3268806746 -0.5
4337 75.6368829857 -24.4808482738 -0.5
4338 76.1125866523 -24.634815873 -0.5
4339 72.3069573197 -23.4030750794 0
4340 72.7826609863 -23.5570426786 0
4341 73.2583646528 -23.7110102778 0
4342 73.7340683194 -23.864977877 0
4343 74.209771986 -24.0189454762 0
4344 74.6854756526 -24.1729130754 0
4345 75.1611793191 -24.3268806746 0
4346 75.6368829857 -24.4808482738 0
4347 76.1125866523 -24.634815873 0
4348 72.1539971446 -23.8704984461 -13.03
4349 72.6286944942 -24.027541199 -13.03
4350 73.1033918438 -24.1845839519 -13.03
4351 73.5780891935 -24.3416267049 -13.03
4352 74.0527865431 -24.4986694578 -13.03
4353 74.5274838927 -24.6557122107 -13.03
4354 75.0021812424 -24.8127549637 -13.03
4355 75.476878592 -24.9697977166 -13.03
4356 75.9515759416 -25.1268404696 -13.03
4357 72.1539971446 -23.8704984461 -13.0925
4358 72.6286944942 -24.027541199 -13.0925
4359 73.1033918438 -24.1845839519 -13.0925
4360 73.5780891935 -24.3416267049 -13.0925
4361 74.0527865431 -24.4986694578 -13.0925
4362 74.5274838927 -24.6557122107 -13.0925
4363 75.0021812424 -24.8127549637 -13.0925
4364 75.476878592 -24.9697977166 -13.0925
4365 75.9515759416 -25.1268404696 -13.0925
4366 72.1539971446 -23.8704984461 -13.155
4367 72.6286944942 -24.027541199 -13.155
4368 73.1033918438 -24.1845839519 -13.155
4369 73.5780891935 -24.3416267049 -13.155
4370 74.0527865431 -24.4986694578 -13.155
4371 74.5274838927 -24.6557122107 -13.155
4372 75.0021812424 -24.8127549637 -13.155
4373 75.476878592 -24.9697977166 -13.155
4374 75.9515759416 -25.1268404696 -13.155
4375 72.1539971446 -23.8704984461 -13.2175
4376 72.6286944942 -24.027541199 -13.2175
4377 73.1033918438 -24.1845839519 -13.2175
4378 73.5780891935 -24.3416267049 -13.2175
4379 74.0527865431 -24.4986694578 -13.2175
4380 74.5274838927 -24.6557122107 -13.2175
4381 75.0021812424 -24.8127549637 -13.2175
4382 75.476878592 -24.9697977166 -13.2175
4383 75.9515759416 -25.1268404696 -13.2175
4384 72.1539971446 -23.8704984461 -13.28
4385 72.6286944942 -24.027541199 -13.28
4386 73.1033918438 -24.1845839519 -13.28
4387 73.5780891935 -24.3416267049 -13.28
4388 74.0527865431 -24.4986694578 -13.28
4389 74.5274838927 -24.6557122107 -13.28
4390 75.0021812424 -24.8127549637 -13.28
4391 75.476878592 -24.9697977166 -13.28
4392 75.9515759416 -25.1268404696 -13.28
4393 72.1539971446 -23.8704984461 -13.3425
4394 72.6286944942 -24.027541199 -13.3425
4395 73.1033918438 -24.1845839519 -13.3425
4396 73.5780891935 -24.3416267049 -13.3425
4397 74.0527865431 -24.4986694578 -13.3425
4398 74.5274838927 -24.6557122107 -13.3425
4399 75.0021812424 -24.8127549637 -13.3425
4400 75.476878592 -24.9697977166 -13.3425
4401 75.9515759416 -25.1268404696 -13.3425
4402 72.1539971446 -23.8704984461 -13.405
4403 72.6286944942 -24.027541199 -13.405
4404 73.1033918438 -24.1845839519 -13.405
4405 73.5780891935 -24.3416267049 -13.405
4406 74.0527865431 -24.4986694578 -13.405
4407 74.5274838927 -24.6557122107 -13.405
4408 75.0021812424 -24.8127549637 -13.405
4409 75.476878592 -24.9697977166 -13.405
4410 75.9515759416 -25.1268404696 -13.405
4411 72.1539971446 -23.8704984461 -13.4675
4412 72.6286944942 -24.027541199 -13.4675
4413 73.1033918438 -24.1845839519 -13.4675
4414 73.5780891935 -24.3416267049 -13.4675
4415 74.0527865431 -24.4986694578 -13.4675
4416 74.5274838927 -24.6557122107 -13.4675
4417 75.0021812424 -24.8127549637 -13.4675
4418 75.476878592 -24.9697977166 -13.4675
4419 75.9515759416 -25.1268404696 -13.4675
4420 72.1539971446 -23.8704984461 -13.53
4421 72.6286944942 -24.027541199 -13.53
4422 73.1033918438 -24.1845839519 -13.53
4423 73.5780891935 -24.3416267049 -13.53
4424 74.0527865431 -24.4986694578 -13.53
4425 74.5274838927 -24.6557122107 -13.53
4426 75.0021812424 -24.8127549637 -13.53
4427 75.476878592 -24.9697977166 -13.53
4428 75.9515759416 -25.1268404696 -13.53
4429 72.1539971446 -23.8704984461 -12.5
4430 72.6286944942 -24.027541199 -12.5
4431 73.1033918438 -24.1845839519 -12.5
4432 73.5780891935 -24.3416267049 -12.5
4433 74.0527865431 -24.4986694578 -12.5
4434 74.5274838927 -24.6557122107 -12.5
4435 75.0021812424 -24.8127549637 -12.5
4436 75.476878592 -24.9697977166 -12.5
4437 75.9515759416 -25.1268404696 -12.5
4438 72.1539971446 -23.8704984461 -12
4439 72.6286944942 -24.027541199 -12
4440 73.1033918438 -24.1845839519 -12
4441 73.5780891935 -24.3416267049 -12
4442 74.0527865431 -24.4986694578 -12
4443 74.5274838927 -24.6557122107 -12
4444 75.0021812424 -24.8127549637 -12
4445 75.476878592 -24.9697977166 -12
4446 75.9515759416 -25.1268404696 -12
4447 72.1539971446 -23.8704984461 -11.5
4448 72.6286944942 -24.027541199 -11.5
4449 73.1033918438 -24.1845839519 -11.5
4450 73.5780891935 -24.3416267049 -11.5
4451 74.0527865431 -24.4986694578 -11.5
4452 74.5274838927 -24.6557122107 -11.5
4453 75.0021812424 -24.8127549637 -11.5
4454 75.476878592 -24.9697977166 -11.5
4455 75.9515759416 -25.1268404696 -11.5
4456 72.1539971446 -23.8704984461 -11
4457 72.6286944942 -24.027541199 -11
4458 73.1033918438 -24.1845839519 -11
4459 73.5780891935 -24.3416267049 -11
4460 74.0527865431 -24.4986694578 -11
4461 74.5274838927 -24.6557122107 -11
4462 75.0021812424 -24.8127549637 -11
4463 75.476878592 -24.9697977166 -11
4464 75.9515759416 -25.1268404696 -11
4465 72.1539971446 -23.8704984461 -10.5
4466 72.6286944942 -24.027541199 -10.5
4467 73.1033918438 -24.1845839519 -10.5
4468 73.5780891935 -24.3416267049 -10.5
4469 74.0527865431 -24.4986694578 -10.5
4470 74.5274838927 -24.6557122107 -10.5
4471 75.0021812424 -24.8127549637 -10.5
4472 75.476878592 -24.9697977166 -10.5
4473 75.9515759416 -25.1268404696 -10.5
4474 72.1539971446 -23.8704984461 -10
4475 72.6286944942 -24.027541199 -10
4476 73.1033918438 -24.1845839519 -10
4477 73.5780891935 -24.3416267049 -10
4478 74.0527865431 -24.4986694578 -10
4479 74.5274838927 -24.6557122107 -10
4480 75.0021812424 -24.8127549637 -10
4481 75.476878592 -24.9697977166 -10
4482 75.9515759416 -25.1268404696 -10
4483 72.1539971446 -23.8704984461 -9.5
4484 72.6286944942 -24.027541199 -9.5
4485 73.1033918438 -24.1845839519 -9.5
4486 73.5780891935 -24.3416267049 -9.5
4487 74.0527865431 -24.4986694578 -9.5
4488 74.5274838927 -24.6557122107 -9.5
4489 75.0021812424 -24.8127549637 -9.5
4490 75.476878592 -24.9697977166 -9.5
4491 75.9515759416 -25.1268404696 -9.5
4492 72.1539971446 -23.8704984461 -9
4493 72.6286944942 -24.027541199 -9
4494 73.1033918438 -24.1845839519 -9
4495 73.5780891935 -24.3416267049 -9
4496 74.0527865431 -24.4986694578 -9
4497 74.5274838927 -24.6557122107 -9
4498 75.0021812424 -24.8127549637 -9
4499 75.476878592 -24.9697977166 -9
4500 75.9515759416 -25.1268404696 -9
4501 72.1539971446 -23.8704984461 -8.5
4502 72.6286944942 -24.027541199 -8.5
4503 73.1033918438 -24.1845839519 -8.5
4504 73.5780891935 -24.3416267049 -8.5
4505 74.0527865431 -24.4986694578 -8.5
4506 74.5274838927 -24.6557122107 -8.5
4507 75.0021812424 -24.8127549637 -8.5
4508 75.476878592 -24.9697977166 -8.5
4509 75.9515759416 -25.1268404696 -8.5
4510 72.1539971446 -23.8704984461 -8
4511 72.6286944942 -24.027541199 -8
4512 73.1033918438 -24.1845839519 -8
4513 73.5780891935 -24.3416267049 -8
4514 74.0527865431 -24.4986694578 -8
4515 74.5274838927 -24.6557122107 -8
4516 75.0021812424 -24.8127549637 -8
4517 75.476878592 -24.9697977166 -8
4518 75.9515759416 -25.1268404696 -8
4519 72.1539971446 -23.8704984461 -7.5
4520 72.6286944942 -24.027541199 -7.5
4521 73.1033918438 -24.1845839519 -7.5
4522 73.5780891935 -24.3416267049 -7.5
4523 74.0527865431 -24.4986694578 -7.5
4524 74.5274838927 -24.6557122107 -7.5
4525 75.0021812424 -24.8127549637 -7.5
4526 75.476878592 -24.9697977166 -7.5
4527 75.9515759416 -25.1268404696 -7.5
4528 72.1539971446 -23.8704984461 -7
4529 72.6286944942 -24.027541199 -7
4530 73.1033918438 -24.1845839519 -7
4531 73.5780891935 -24.3416267049 -7
4532 74.0527865431 -24.4986694578 -7
4533 74.5274838927 -24.6557122107 -7
4534 75.0021812424 -24.8127549637 -7
4535 75.476878592 -24.9697977166 -7
4536 75.9515759416 -25.1268404696 -7
4537 72.1539971446 -23.8704984461 -6.5
4538 72.6286944942 -24.027541199 -6.5
4539 73.1033918438 -24.1845839519 -6.5
4540 73.5780891935 -24.3416267049 -6.5
4541 74.0527865431 -24.4986694578 -6.5
4542 74.5274838927 -24.6557122107 -6.5
4543 75.0021812424 -24.8127549637 -6.5
4544 75.476878592 -24.9697977166 -6.5
4545 75.9515759416 -25.1268404696 -6.5
4546 72.1539971446 -23.8704984461 -6
4547 72.6286944942 -24.027541199 -6
4548 73.1033918438 -24.1845839519 -6
4549 73.5780891935 -24.3416267049 -6
4550 74.0527865431 -24.4986694578 -6
4551 74.5274838927 -24.6557122107 -6
4552 75.0021812424 -24.8127549637 -6
4553 75.476878592 -24.9697977166 -6
4554 75.9515759416 -25.1268404696 -6
4555 72.1539971446 -23.8704984461 -5.5
4556 72.6286944942 -24.027541199 -5.5
4557 73.1033918438 -24.1845839519 -5.5
4558 73.5780891935 -24.3416267049 -5.5
4559 74.0527865431 -24.4986694578 -5.5
4560 74.5274838927 -24.6557122107 -5.5
4561 75.0021812424 -24.8127549637 -5.5
4562 75.476878592 -24.9697977166 -5.5
4563 75.9515759416 -25.1268404696 -5.5
4564 72.1539971446 -23.8704984461 -5
4565 72.6286944942 -24.027541199 -5
4566 73.1033918438 -24.1845839519 -5
4567 73.5780891935 -24.3416267049 -5
4568 74.0527865431 -24.4986694578 -5
4569 74.5274838927 -24.6557122107 -5
4570 75.0021812424 -24.8127549637 -5
4571 75.476878592 -24.9697977166 -5
4572 75.9515759416 -25.1268404696 -5
4573 72.1539971446 -23.8704984461 -4.5
4574 72.6286944942 -24.027541199 -4.5
4575 73.1033918438 -24.1845839519 -4.5
4576 73.5780891935 -24.3416267049 -4.5
4577 74.0527865431 -24.4986694578 -4.5
4578 74.5274838927 -24.6557122107 -4.5
4579 75.0021812424 -24.8127549637 -4.5
4580 75.476878592 -24.9697977166 -4.5
4581 75.9515759416 -25.1268404696 -4.5
4582 72.1539971446 -23.8704984461 -4
4583 72.6286944942 -24.027541199 -4
4584 73.1033918438 -24.1845839519 -4
4585 73.5780891935 -24.3416267049 -4
4586 74.0527865431 -24.4986694578 -4
4587 74.5274838927 -24.6557122107 -4
4588 75.0021812424 -24.8127549637 -4
4589 75.476878592 -24.9697977166 -4
4590 75.9515759416 -25.1268404696 -4
4591 72.1539971446 -23.8704984461 -3.5
4592 72.6286944942 -24.027541199 -3.5
4593 73.1033918438 -24.1845839519 -3.5
4594 73.5780891935 -24.3416267049 -3.5
4595 74.0527865431 -24.4986694578 -3.5
4596 74.5274838927 -24.6557122107 -3.5
4597 75.0021812424 -24.8127549637 -3.5
4598 75.476878592 -24.9697977166 -3.5
4599 75.9515759416 -25.1268404696 -3.5
4600 72.1539971446 -23.8704984461 -3
4601 72.6286944942 -24.027541199 -3
4602 73.1033918438 -24.1845839519 -3
4603 73.5780891935 -24.3416267049 -3
4604 74.0527865431 -24.4986694578 -3
4605 74.5274838927 -24.6557122107 -3
4606 75.0021812424 -24.8127549637 -3
4607 75.476878592 -24.9697977166 -3
4608 75.9515759416 -25.1268404696 -3
4609 72.1539971446 -23.8704984461 -2.5
4610 72.6286944942 -24.027541199 -2.5
4611 73.1033918438 -24.1845839519 -2.5
4612 73.5780891935 -24.3416267049 -2.5
4613 74.0527865431 -24.4986694578 -2.5
4614 74.5274838927 -24.6557122107 -2.5
4615 75.0021812424 -24.8127549637 -2.5
4616 75.476878592 -24.9697977166 -2.5
4617 75.9515759416 -25.1268404696 -2.5
4618 72.1539971446 -23.8704984461 -2
4619 72.6286944942 -24.027541199 -2
4620 73.1033918438 -24.1845839519 -2
4621 73.5780891935 -24.3416267049 -2
4622 74.0527865431 -24.4986694578 -2
4623 74.5274838927 -24.6557122107 -2
4624 75.0021812424 -24.8127549637 -2
4625 75.476878592 -24.9697977166 -2
4626 75.9515759416 -25.1268404696 -2
4627 72.1539971446 -23.8704984461 -1.5
4628 72.6286944942 -24.027541199 -1.5
4629 73.1033918438 -24.1845839519 -1.5
4630 73.5780891935 -24.3416267049 -1.5
4631 74.0527865431 -24.4986694578 -1.5
4632 74.5274838927 -24.6557122107 -1.5
4633 75.0021812424 -24.8127549637 -1.5
4634 75.476878592 -24.9697977166 -1.5
4635 75.9515759416 -25.1268404696 -1.5
4636 72.1539971446 -23.8704984461 -1
4637 72.6286944942 -24.027541199 -1
4638 73.1033918438 -24.1845839519 -1
4639 73.5780891935 -24.3416267049 -1
4640 74.0527865431 -24.4986694578 -1
4641 74.5274838927 -24.6557122107 -1
4642 75.0021812424 -24.8127549637 -1
4643 75.476878592 -24.9697977166 -1
4644 75.9515759416 -25.1268404696 -1
4645 72.1539971446 -23.8704984461 -0.5
4646 72.6286944942 -24.027541199 -0.5
4647 73.1033918438 -24.1845839519 -0.5
4648 73.5780891935 -24.3416267049 -0.5
4649 74.0527865431 -24.4986694578 -0.5
4650 74.5274838927 -24.6557122107 -0.5
4651 75.0021812424 -24.8127549637 -0.5
4652 75.476878592 -24.9697977166 -0.5
4653 75.9515759416 -25.1268404696 -0.5
4654 72.1539971446 -23.8704984461 0
4655 72.6286944942 -24.027541199 0
4656 73.1033918438 -24.1845839519 0
4657 73.5780891935 -24.3416267049 0
4658 74.0527865431 -24.4986694578 0
4659 74.5274838927 -24.6557122107 0
4660 75.0021812424 -24.8127549637 0
4661 75.476878592 -24.9697977166 0
4662 75.9515759416 -25.1268404696 0
4663 71.9970436078 -24.3397968713 -12.5
4664 72.4707083684 -24.4999271138 -12.5
4665 72.944373129 -24.6600573564 -12.5
4666 73.4180378896 -24.820187599 -12.5
4667 73.8917026501 -24.9803178416 -12.5
4668 74.3653674107 -25.1404480841 -12.5
4669 74.8390321713 -25.3005783267 -12.5
4670 75.3126969319 -25.4607085693 -12.5
4671 75.7863616924 -25.6208388118 -12.5
4672 71.9970436078 -24.3397968713 -13.03
4673 72.4707083684 -24.4999271138 -13.03
4674 72.944373129 -24.6600573564 -13.03
4675 73.4180378896 -24.820187599 -13.03
4676 73.8917026501 -24.9803178416 -13.03
4677 74.3653674107 -25.1404480841 -13.03
4678 74.8390321713 -25.3005783267 -13.03
4679 75.3126969319 -25.4607085693 -13.03
4680 75.7863616924 -25.6208388118 -13.03
4681 71.9970436078 -24.3397968713 -13.2800063257
4682 72.4707083684 -24.4999271138 -13.2800063257
4683 72.944373129 -24.6600573564 -13.2800063257
4684 73.4180378896 -24.820187599 -13.2800063257
4685 73.8917026501 -24.9803178416 -13.2800063257
4686 74.3653674107 -25.1404480841 -13.2800063257
4687 74.8390321713 -25.3005783267 -13.2800063257
4688 75.3126969319 -25.4607085693 -13.2800063257
4689 75.7863616924 -25.6208388118 -13.2800063257
4690 71.9970436078 -24.3397968713 -12
4691 72.4707083684 -24.4999271138 -12
4692 72.944373129 -24.6600573564 -12
4693 73.4180378896 -24.820187599 -12
4694 73.8917026501 -24.9803178416 -12
4695 74.3653674107 -25.1404480841 -12
4696 74.8390321713 -25.3005783267 -12
4697 75.3126969319 -25.4607085693 -12
4698 75.7863616924 -25.6208388118 -12
4699 71.9970436078 -24.3397968713 -11.5
4700 72.4707083684 -24.4999271138 -11.5
4701 72.944373129 -24.6600573564 -11.5
4702 73.4180378896 -24.820187599 -11.5
4703 73.8917026501 -24.9803178416 -11.5
4704 74.3653674107 -25.1404480841 -11.5
4705 74.8390321713 -25.3005783267 -11.5
4706 75.3126969319 -25.4607085693 -11.5
4707 75.7863616924 -25.6208388118 -11.5
4708 71.9970436078 -24.3397968713 -11
4709 72.4707083684 -24.4999271138 -11
4710 72.944373129 -24.6600573564 -11
4711 73.4180378896 -24.820187599 -11
4712 73.8917026501 -24.9803178416 -11
4713 74.3653674107 -25.1404480841 -11
4714 74.8390321713 -25.3005783267 -11
4715 75.3126969319 -25.4607085693 -11
4716 75.7863616924 -25.6208388118 -11
4717 71.9970436078 -24.3397968713 -10.5
4718 72.4707083684 -24.4999271138 -10.5
4719 72.944373129 -24.6600573564 -10.5
4720 73.4180378896 -24.820187599 -10.5
4721 73.8917026501 -24.9803178416 -10.5
4722 74.3653674107 -25.1404480841 -10.5
4723 74.8390321713 -25.3005783267 -10.5
4724 75.3126969319 -25.4607085693 -10.5
4725 75.7863616924 -25.6208388118 -10.5
4726 71.9970436078 -24.3397968713 -10
4727 72.4707083684 -24.4999271138 -10
4728 72.944373129 -24.6600573564 -10
4729 73.4180378896 -24.820187599 -10
4730 73.8917026501 -24.9803178416 -10
4731 74.3653674107 -25.1404480841 -10
4732 74.8390321713 -25.3005783267 -10
4733 75.3126969319 -25.4607085693 -10
4734 75.7863616924 -25.6208388118 -10
4735 71.9970436078 -24.3397968713 -9.5
4736 72.4707083684 -24.4999271138 -9.5
4737 72.944373129 -24.6600573564 -9.5
4738 73.4180378896 -24.820187599 -9.5
4739 73.8917026501 -24.9803178416 -9.5
4740 74.3653674107 -25.1404480841 -9.5
4741 74.8390321713 -25.3005783267 -9.5
4742 75.3126969319 -25.4607085693 -9.5
4743 75.7863616924 -25.6208388118 -9.5
4744 71.9970436078 -24.3397968713 -9
4745 72.4707083684 -24.4999271138 -9
4746 72.944373129 -24.6600573564 -9
4747 73.4180378896 -24.820187599 -9
4748 73.8917026501 -24.9803178416 -9
4749 74.3653674107 -25.1404480841 -9
4750 74.8390321713 -25.3005783267 -9
4751 75.3126969319 -25.4607085693 -9
4752 75.7863616924 -25.6208388118 -9
4753 71.9970436078 -24.3397968713 -8.5
4754 72.4707083684 -24.4999271138 -8.5
4755 72.944373129 -24.6600573564 -8.5
4756 73.4180378896 -24.820187599 -8.5
4757 73.8917026501 -24.9803178416 -8.5
4758 74.3653674107 -25.1404480841 -8.5
4759 74.8390321713 -25.3005783267 -8.5
4760 75.3126969319 -25.4607085693 -8.5
4761 75.7863616924 -25.6208388118 -8.5
4762 71.9970436078 -24.3397968713 -8
4763 72.4707083684 -24.4999271138 -8
4764 72.944373129 -24.6600573564 -8
4765 73.4180378896 -24.820187599 -8
4766 73.8917026501 -24.9803178416 -8
4767 74.3653674107 -25.1404480841 -8
4768 74.8390321713 -25.3005783267 -8
4769 75.3126969319 -25.4607085693 -8
4770 75.7863616924 -25.6208388118 -8
4771 71.9970436078 -24.3397968713 -7.5
4772 72.4707083684 -24.4999271138 -7.5
4773 72.944373129 -24.6600573564 -7.5
4774 73.4180378896 -24.820187599 -7.5
4775 73.8917026501 -24.9803178416 -7.5
4776 74.3653674107 -25.1404480841 -7.5
4777 74.8390321713 -25.3005783267 -7.5
4778 75.3126969319 -25.4607085693 -7.5
4779 75.7863616924 -25.6208388118 -7.5
4780 71.9970436078 -24.3397968713 -7
4781 72.4707083684 -24.4999271138 -7
4782 72.944373129 -24.6600573564 -7
4783 73.4180378896 -24.820187599 -7
4784 73.8917026501 -24.9803178416 -7
4785 74.3653674107 -25.1404480841 -7
4786 74.8390321713 -25.3005783267 -7
4787 75.3126969319 -25.4607085693 -7
4788 75.7863616924 -25.6208388118 -7
4789 71.9970436078 -24.3397968713 -6.5
4790 72.4707083684 -24.4999271138 -6.5
4791 72.944373129 -24.6600573564 -6.5
4792 73.4180378896 -24.820187599 -6.5
4793 73.8917026501 -24.9803178416 -6.5
4794 74.3653674107 -25.1404480841 -6.5
4795 74.8390321713 -25.3005783267 -6.5
4796 75.3126969319 -25.4607085693 -6.5
4797 75.7863616924 -25.6208388118 -6.5
4798 71.9970436078 -24.3397968713 -6
4799 72.4707083684 -24.4999271138 -6
4800 72.944373129 -24.6600573564 -6
4801 73.4180378896 -24.820187599 -6
4802 73.8917026501 -24.9803178416 -6
4803 74.3653674107 -25.1404480841 -6
4804 74.8390321713 -25.3005783267 -6
4805 75.3126969319 -25.4607085693 -6
4806 75.7863616924 -25.6208388118 -6
4807 71.9970436078 -24.3397968713 -5.5
4808 72.4707083684 -24.4999271138 -5.5
4809 72.944373129 -24.6600573564 -5.5
4810 73.4180378896 -24.820187599 -5.5
4811 73.8917026501 -24.9803178416 -5.5
4812 74.3653674107 -25.1404480841 -5.5
4813 74.8390321713 -25.3005783267 -5.5
4814 75.3126969319 -25.4607085693 -5.5
4815 75.7863616924 -25.6208388118 -5.5
4816 71.9970436078 -24.3397968713 -5
4817 72.4707083684 -24.4999271138 -5
4818 72.944373129 -24.6600573564 -5
4819 73.4180378896 -24.820187599 -5
4820 73.8917026501 -24.9803178416 -5
4821 74.3653674107 -25.1404480841 -5
4822 74.8390321713 -25.3005783267 -5
4823 75.3126969319 -25.4607085693 -5
4824 75.7863616924 -25.6208388118 -5
4825 71.9970436078 -24.3397968713 -4.5
4826 72.4707083684 -24.4999271138 -4.5
4827 72.944373129 -24.6600573564 -4.5
4828 73.4180378896 -24.820187599 -4.5
4829 73.8917026501 -24.9803178416 -4.5
4830 74.3653674107 -25.1404480841 -4.5
4831 74.8390321713 -25.3005783267 -4.5
4832 75.3126969319 -25.4607085693 -4.5
4833 75.7863616924 -25.6208388118 -4.5
4834 71.9970436078 -24.3397968713 -4
4835 72.4707083684 -24.4999271138 -4
4836 72.944373129 -24.6600573564 -4
4837 73.4180378896 -24.820187599 -4
4838 73.8917026501 -24.9803178416 -4
4839 74.3653674107 -25.1404480841 -4
4840 74.8390321713 -25.3005783267 -4
4841 75.3126969319 -25.4607085693 -4
4842 75.7863616924 -25.6208388118 -4
4843 71.9970436078 -24.3397968713 -3.5
4844 72.4707083684 -24.4999271138 -3.5
4845 72.944373129 -24.6600573564 -3.5
4846 73.4180378896 -24.820187599 -3.5
4847 73.8917026501 -24.9803178416 -3.5
4848 74.3653674107 -25.1404480841 -3.5
4849 74.8390321713 -25.3005783267 -3.5
4850 75.3126969319 -25.4607085693 -3.5
4851 75.7863616924 -25.6208388118 -3.5
4852 71.9970436078 -24.3397968713 -3
4853 72.4707083684 -24.4999271138 -3
4854 72.944373129 -24.6600573564 -3
4855 73.4180378896 -24.820187599 -3
4856 73.8917026501 -24.9803178416 -3
4857 74.3653674107 -25.1404480841 -3
4858 74.8390321713 -25.3005783267 -3
4859 75.3126969319 -25.4607085693 -3
4860 75.7863616924 -25.6208388118 -3
4861 71.9970436078 -24.3397968713 -2.5
4862 72.4707083684 -24.4999271138 -2.5
4863 72.944373129 -24.6600573564 -2.5
4864 73.4180378896 -24.820187599 -2.5
4865 73.8917026501 -24.9803178416 -2.5
4866 74.3653674107 -25.1404480841 -2.5
4867 74.8390321713 -25.3005783267 -2.5
4868 75.3126969319 -25.4607085693 -2.5
4869 75.7863616924 -25.6208388118 -2.5
4870 71.9970436078 -24.3397968713 -2
4871 72.4707083684 -24.4999271138 -2
4872 72.944373129 -24.6600573564 -2
4873 73.4180378896 -24.820187599 -2
4874 73.8917026501 -24.9803178416 -2
4875 74.3653674107 -25.1404480841 -2
4876 74.8390321713 -25.3005783267 -2
4877 75.3126969319 -25.4607085693 -2
4878 75.7863616924 -25.6208388118 -2
4879 71.9970436078 -24.3397968713 -1.5
4880 72.4707083684 -24.4999271138 -1.5
4881 72.944373129 -24.6600573564 -1.5
4882 73.4180378896 -24.820187599 -1.5
4883 73.8917026501 -24.9803178416 -1.5
4884 74.3653674107 -25.1404480841 -1.5
4885 74.8390321713 -25.3005783267 -1.5
4886 75.3126969319 -25.4607085693 -1.5
4887 75.7863616924 -25.6208388118 -1.5
4888 71.9970436078 -24.3397968713 -1
4889 72.4707083684 -24.4999271138 -1
4890 72.944373129 -24.6600573564 -1
4891 73.4180378896 -24.820187599 -1
4892 73.8917026501 -24.9803178416 -1
4893 74.3653674107 -25.1404480841 -1
4894 74.8390321713 -25.3005783267 -1
4895 75.3126969319 -25.4607085693 -1
4896 75.7863616924 -25.6208388118 -1
4897 71.9970436078 -24.3397968713 -0.5
4898 72.4707083684 -24.4999271138 -0.5
4899 72.944373129 -24.6600573564 -0.5
4900 73.4180378896 -24.820187599 -0.5
4901 73.8917026501 -24.9803178416 -0.5
4902 74.3653674107 -25.1404480841 -0.5
4903 74.8390321713 -25.3005783267 -0.5
4904 75.3126969319 -25.4607085693 -0.5
4905 75.7863616924 -25.6208388118 -0.5
4906 71.9970436078 -24.3397968713 0
4907 72.4707083684 -24.4999271138 0
4908 72.944373129 -24.6600573564 0
4909 73.4180378896 -24.820187599 0
4910 73.8917026501 -24.9803178416 0
4911 74.3653674107 -25.1404480841 0
4912 74.8390321713 -25.3005783267 0
4913 75.3126969319 -25.4607085693 0
4914 75.7863616924 -25.6208388118 0
4915 71.8370377327 -24.8080634027 -12.5
4916 72.309649823 -24.9712743462 -12.5
4917 72.7822619134 -25.1344852896 -12.5
4918 73.2548740037 -25.297696233 -12.5
4919 73.7274860941 -25.4609071765 -12.5
4920 74.2000981844 -25.6241181199 -12.5
4921 74.6727102748 -25.7873290634 -12.5
4922 75.1453223651 -25.9505400068 -12.5
4923 75.6179344555 -26.1137509502 -12.5
4924 71.8370377327 -24.8080634027 -13.03
4925 72.309649823 -24.9712743462 -13.03
4926 72.7822619134 -25.1344852896 -13.03
4927 73.2548740037 -25.297696233 -13.03
4928 73.7274860941 -25.4609071765 -13.03
4929 74.2000981844 -25.6241181199 -13.03
4930 74.6727102748 -25.7873290634 -13.03
4931 75.1453223651 -25.9505400068 -13.03
4932 75.6179344555 -26.1137509502 -13.03
4933 71.8370377327 -24.8080634027 -12
4934 72.309649823 -24.9712743462 -12
4935 72.7822619134 -25.1344852896 -12
4936 73.2548740037 -25.297696233 -12
4937 73.7274860941 -25.4609071765 -12
4938 74.2000981844 -25.6241181199 -12
4939 74.6727102748 -25.7873290634 -12
4940 75.1453223651 -25.9505400068 -12
4941 75.6179344555 -26.1137509502 -12
4942 71.8370377327 -24.8080634027 -11.5
4943 72.309649823 -24.9712743462 -11.5
4944 72.7822619134 -25.1344852896 -11.5
4945 73.2548740037 -25.297696233 -11.5
4946 73.7274860941 -25.4609071765 -11.5
4947 74.2000981844 -25.6241181199 -11.5
4948 74.6727102748 -25.7873290634 -11.5
4949 75.1453223651 -25.9505400068 -11.5
4950 75.6179344555 -26.1137509502 -11.5
4951 71.8370377327 -24.8080634027 -11
4952 72.309649823 -24.9712743462 -11
4953 72.7822619134 -25.1344852896 -11
4954 73.2548740037 -25.297696233 -11
4955 73.7274860941 -25.4609071765 -11
4956 74.2000981844 -25.6241181199 -11
4957 74.6727102748 -25.7873290634 -11
4958 75.1453223651 -25.9505400068 -11
4959 75.6179344555 -26.1137509502 -11
4960 71.8370377327 -24.8080634027 -10.5
4961 72.309649823 -24.9712743462 -10.5
4962 72.7822619134 -25.1344852896 -10.5
4963 73.2548740037 -25.297696233 -10.5
4964 73.7274860941 -25.4609071765 -10.5
4965 74.2000981844 -25.6241181199 -10.5
4966 74.6727102748 -25.7873290634 -10.5
4967 75.1453223651 -25.9505400068 -10.5
4968 75.6179344555 -26.1137509502 -10.5
4969 71.8370377327 -24.8080634027 -10
4970 72.309649823 -24.9712743462 -10
4971 72.7822619134 -25.1344852896 -10
4972 73.2548740037 -25.297696233 -10
4973 73.7274860941 -25.4609071765 -10
4974 74.2000981844 -25.6241181199 -10
4975 74.6727102748 -25.7873290634 -10
4976 75.1453223651 -25.9505400068 -10
4977 75.6179344555 -26.1137509502 -10
4978 71.8370377327 -24.8080634027 -9.5
4979 72.309649823 -24.9712743462 -9.5
4980 72.7822619134 -25.1344852896 -9.5
4981 73.2548740037 -25.297696233 -9.5
4982 73.7274860941 -25.4609071765 -9.5
4983 74.2000981844 -25.6241181199 -9.5
4984 74.6727102748 -25.7873290634 -9.5
4985 75.1453223651 -25.9505400068 -9.5
4986 75.6179344555 -26.1137509502 -9.5
4987 71.8370377327 -24.8080634027 -9
4988 72.309649823 -24.9712743462 -9
4989 72.7822619134 -25.1344852896 -9
4990 73.2548740037 -25.297696233 -9
4991 73.7274860941 -25.4609071765 -9
4992 74.2000981844 -25.6241181199 -9
4993 74.6727102748 -25.7873290634 -9
4994 75.1453223651 -25.9505400068 -9
4995 75.6179344555 -26.1137509502 -9
4996 71.8370377327 -24.8080634027 -8.5
4997 72.309649823 -24.9712743462 -8.5
4998 72.7822619134 -25.1344852896 -8.5
4999 73.2548740037 -25.297696233 -8.5
5000 73.7274860941 -25.4609071765 -8.5
5001 74.2000981844 -25.6241181199 -8.5
5002 74.6727102748 -25.7873290634 -8.5
5003 75.1453223651 -25.9505400068 -8.5
5004 75.6179344555 -26.1137509502 -8.5
5005 71.8370377327 -24.8080634027 -8
5006 72.309649823 -24.9712743462 -8
5007 72.7822619134 -25.1344852896 -8
5008 73.2548740037 -25.297696233 -8
5009 73.7274860941 -25.4609071765 -8
5010 74.2000981844 -25.6241181199 -8
5011 74.6727102748 -25.7873290634 -8
5012 75.1453223651 -25.9505400068 -8
5013 75.6179344555 -26.1137509502 -8
5014 71.8370377327 -24.8080634027 -7.5
5015 72.309649823 -24.9712743462 -7.5
5016 72.7822619134 -25.1344852896 -7.5
5017 73.2548740037 -25.297696233 -7.5
5018 73.7274860941 -25.4609071765 -7.5
5019 74.2000981844 -25.6241181199 -7.5
5020 74.6727102748 -25.7873290634 -7.5
5021 75.1453223651 -25.9505400068 -7.5
5022 75.6179344555 -26.1137509502 -7.5
5023 71.8370377327 -24.8080634027 -7
5024 72.309649823 -24.9712743462 -7
5025 72.7822619134 -25.1344852896 -7
5026 73.2548740037 -25.297696233 -7
5027 73.7274860941 -25.4609071765 -7
5028 74.2000981844 -25.6241181199 -7
5029 74.6727102748 -25.7873290634 -7
5030 75.1453223651 -25.9505400068 -7
5031 75.6179344555 -26.1137509502 -7
5032 71.8370377327 -24.8080634027 -6.5
5033 72.309649823 -24.9712743462 -6.5
5034 72.7822619134 -25.1344852896 -6.5
5035 73.2548740037 -25.297696233 -6.5
5036 73.7274860941 -25.4609071765 -6.5
5037 74.2000981844 -25.6241181199 -6.5
5038 74.6727102748 -25.7873290634 -6.5
5039 75.1453223651 -25.9505400068 -6.5
5040 75.6179344555 -26.1137509502 -6.5
5041 71.8370377327 -24.8080634027 -6
5042 72.309649823 -24.9712743462 -6
5043 72.7822619134 -25.1344852896 -6
5044 73.2548740037 -25.297696233 -6
5045 73.7274860941 -25.4609071765 -6
5046 74.2000981844 -25.6241181199 -6
5047 74.6727102748 -25.7873290634 -6
5048 75.1453223651 -25.9505400068 -6
5049 75.6179344555 -26.1137509502 -6
5050 71.8370377327 -24.8080634027 -5.5
5051 72.309649823 -24.9712743462 -5.5
5052 72.7822619134 -25.1344852896 -5.5
5053 73.2548740037 -25.297696233 -5.5
5054 73.7274860941 -25.4609071765 -5.5
5055 74.2000981844 -25.6241181199 -5.5
5056 74.6727102748 -25.7873290634 -5.5
5057 75.1453223651 -25.9505400068 -5.5
5058 75.6179344555 -26.1137509502 -5.5
5059 71.8370377327 -24.8080634027 -5
5060 72.309649823 -24.9712743462 -5
5061 72.7822619134 -25.1344852896 -5
5062 73.2548740037 -25.297696233 -5
5063 73.7274860941 -25.4609071765 -5
5064 74.2000981844 -25.6241181199 -5
5065 74.6727102748 -25.7873290634 -5
5066 75.1453223651 -25.9505400068 -5
5067 75.6179344555 -26.1137509502 -5
5068 71.8370377327 -24.8080634027 -4.5
5069 72.309649823 -24.9712743462 -4.5
5070 72.7822619134 -25.1344852896 -4.5
5071 73.2548740037 -25.297696233 -4.5
5072 73.7274860941 -25.4609071765 -4.5
5073 74.2000981844 -25.6241181199 -4.5
5074 74.6727102748 -25.7873290634 -4.5
5075 75.1453223651 -25.9505400068 -4.5
5076 75.6179344555 -26.1137509502 -4.5
5077 71.8370377327 -24.8080634027 -4
5078 72.309649823 -24.9712743462 -4
5079 72.7822619134 -25.1344852896 -4
5080 73.2548740037 -25.297696233 -4
5081 73.7274860941 -25.4609071765 -4
5082 74.2000981844 -25.6241181199 -4
5083 74.6727102748 -25.7873290634 -4
5084 75.1453223651 -25.9505400068 -4
5085 75.6179344555 -26.1137509502 -4
5086 71.8370377327 -24.8080634027 -3.5
5087 72.309649823 -24.9712743462 -3.5
5088 72.7822619134 -25.1344852896 -3.5
5089 73.2548740037 -25.297696233 -3.5
5090 73.7274860941 -25.4609071765 -3.5
5091 74.2000981844 -25.6241181199 -3.5
5092 74.6727102748 -25.7873290634 -3.5
5093 75.1453223651 -25.9505400068 -3.5
5094 75.6179344555 -26.1137509502 -3.5
5095 71.8370377327 -24.8080634027 -3
5096 72.309649823 -24.9712743462 -3
5097 72.7822619134 -25.1344852896 -3
5098 73.2548740037 -25.297696233 -3
5099 73.7274860941 -25.4609071765 -3
5100 74.2000981844 -25.6241181199 -3
5101 74.6727102748 -25.7873290634 -3
5102 75.1453223651 -25.9505400068 -3
5103 75.6179344555 -26.1137509502 -3
5104 71.8370377327 -24.8080634027 -2.5
5105 72.309649823 -24.9712743462 -2.5
5106 72.7822619134 -25.1344852896 -2.5
5107 73.2548740037 -25.297696233 -2.5
5108 73.7274860941 -25.4609071765 -2.5
5109 74.2000981844 -25.6241181199 -2.5
5110 74.6727102748 -25.7873290634 -2.5
5111 75.1453223651 -25.9505400068 -2.5
5112 75.6179344555 -26.1137509502 -2.5
5113 71.8370377327 -24.8080634027 -2
5114 72.309649823 -24.9712743462 -2
5115 72.7822619134 -25.1344852896 -2
5116 73.2548740037 -25.297696233 -2
5117 73.7274860941 -25.4609071765 -2
5118 74.2000981844 -25.6241181199 -2
5119 74.6727102748 -25.7873290634 -2
5120 75.1453223651 -25.9505400068 -2
5121 75.6179344555 -26.1137509502 -2
5122 71.8370377327 -24.8080634027 -1.5
5123 72.309649823 -24.9712743462 -1.5
5124 72.7822619134 -25.1344852896 -1.5
5125 73.2548740037 -25.297696233 -1.5
5126 73.7274860941 -25.4609071765 -1.5
5127 74.2000981844 -25.6241181199 -1.5
5128 74.6727102748 -25.7873290634 -1.5
5129 75.1453223651 -25.9505400068 -1.5
5130 75.6179344555 -26.1137509502 -1.5
5131 71.8370377327 -24.8080634027 -1
5132 72.309649823 -24.9712743462 -1
5133 72.7822619134 -25.1344852896 -1
5134 73.2548740037 -25.297696233 -1
5135 73.7274860941 -25.4609071765 -1
5136 74.2000981844 -25.6241181199 -1
5137 74.6727102748 -25.7873290634 -1
5138 75.1453223651 -25.9505400068 -1
5139 75.6179344555 -26.1137509502 -1
5140 71.8370377327 -24.8080634027 -0.5
5141 72.309649823 -24.9712743462 -0.5
5142 72.7822619134 -25.1344852896 -0.5
5143 73.2548740037 -25.297696233 -0.5
5144 73.7274860941 -25.4609071765 -0.5
5145 74.2000981844 -25.6241181199 -0.5
5146 74.6727102748 -25.7873290634 -0.5
5147 75.1453223651 -25.9505400068 -0.5
5148 75.6179344555 -26.1137509502 -0.5
5149 71.8370377327 -24.8080634027 0
5150 72.309649823 -24.9712743462 0
5151 72.7822619134 -25.1344852896 0
5152 73.2548740037 -25.297696233 0
5153 73.7274860941 -25.4609071765 0
5154 74.2000981844 -25.6241181199 0
5155 74.6727102748 -25.7873290634 0
5156 75.1453223651 -25.9505400068 0
5157 75.6179344555 -26.1137509502 0
$EndNodes
$Elements
7170
1 6 2 1 1 1 2 3 4 5 6
2 6 2 1 1 4 5 6 7 8 9
3 6 2 1 1 7 8 9 10 11 12
4 6 2 1 1 10 11 12 13 14 15
5 6 2 1 1 13 14 15 16 17 18
6 6 2 1 1 16 17 18 19 20 21
7 6 2 1 1 19 20 21 22 23 24
8 6 2 1 1 22 23 24 25 26 27
9 6 2 1 1 1 3 28 4 6 29
10 6 2 1 1 4 6 29 7 9 30
11 6 2 1 1 7 9 30 10 12 31
12 6 2 1 1 10 12 31 13 15 32
13 6 2 1 1 13 15 32 16 18 33
14 6 2 1 1 16 18 33 19 21 34
15 6 2 1 1 19 21 34 22 24 35
16 6 2 1 1 22 24 35 25 27 36
17 6 2 1 1 1 28 37 4 29 38
18 6 2 1 1 4 29 38 7 30 39
19 6 2 1 1 7 30 39 10 31 40
20 6 2 1 1 10 31 40 13 32 41
21 6 2 1 1 13 32 41 16 33 42
22 6 2 1 1 16 33 42 19 34 43
23 6 2 1 1 19 34 43 22 35 44
24 6 2 1 1 22 35 44 25 36 45
25 6 2 1 1 1 37 46 4 38 47
26 6 2 1 1 4 38 47 7 39 48
27 6 2 1 1 7 39 48 10 40 49
28 6 2 1 1 10 40 49 13 41 50
29 6 2 1 1 13 41 50 16 42 51
30 6 2 1 1 16 42 51 19 43 52
31 6 2 1 1 19 43 52 22 44 53
32 6 2 1 1 22 44 53 25 45 54
33 6 2 1 1 1 46 55 4 47 56
34 6 2 1 1 4 47 56 7 48 57
35 6 2 1 1 7 48 57 10 49 58
36 6 2 1 1 10 49 58 13 50 59
37 6 2 1 1 13 50 59 16 51 60
38 6 2 1 1 16 51 60 19 52 61
39 6 2 1 1 19 52 61 22 53 62
40 6 2 1 1 22 53 62 25 54 63
41 6 2 1 1 1 55 64 4 56 65
42 6 2 1 1 4 56 65 7 57 66
43 6 2 1 1 7 57 66 10 58 67
44 6 2 1 1 10 58 67 13 59 68
45 6 2 1 1 13 59 68 16 60 69
46 6 2 1 1 16 60 69 19 61 70
47 6 2 1 1 19 61 70 22 62 71
48 6 2 1 1 22 62 71 25 63 72
49 6 2 1 1 1 64 73 4 65 74
50 6 2 1 1 4 65 74 7 66 75
51 6 2 1 1 7 66 75 10 67 76
52 6 2 1 1 10 67 76 13 68 77
53 6 2 1 1 13 68 77 16 69 78
54 6 2 1 1 16 69 78 19 70 79
55 6 2 1 1 19 70 79 22 71 80
56 6 2 1 1 22 71 80 25 72 81
57 6 2 1 1 1 73 82 4 74 83
58 6 2 1 1 4 74 83 7 75 84
59 6 2 1 1 7 75 84 10 76 85
60 6 2 1 1 10 76 85 13 77 86
61 6 2 1 1 13 77 86 16 78 87
62 6 2 1 1 16 78 87 19 79 88
63 6 2 1 1 19 79 88 22 80 89
64 6 2 1 1 22 80 89 25 81 90
65 6 2 1 1 1 82 91 4 83 92
66 6 2 1 1 4 83 92 7 84 93
67 6 2 1 1 7 84 93 10 85 94
68 6 2 1 1 10 85 94 13 86 95
69 6 2 1 1 13 86 95 16 87 96
70 6 2 1 1 16 87 96 19 88 97
71 6 2 1 1 19 88 97 22 89 98
72 6 2 1 1 22 89 98 25 90 99
73 5 2 1 1 2 3 6 5 101 100 102 103
74 5 2 1 1 5 6 9 8 103 102 104 105
75 5 2 1 1 8 9 12 11 105 104 106 107
76 5 2 1 1 11 12 15 14 107 106 108 109
77 5 2 1 1 14 15 18 17 109 108 110 111
78 5 2 1 1 17 18 21 20 111 110 112 113
79 5 2 1 1 20 21 24 23 113 112 114 115
80 5 2 1 1 23 24 27 26 115 114 116 117
81 5 2 1 1 101 100 102 103 119 118 120 121
82 5 2 1 1 103 102 104 105 121 120 122 123
83 5 2 1 1 105 104 106 107 123 122 124 125
84 5 2 1 1 107 106 108 109 125 124 126 127
85 5 2 1 1 109 108 110 111 127 126 128 129
86 5 2 1 1 111 110 112 113 129 128 130 131
87 5 2 1 1 113 112 114 115 131 130 132 133
88 5 2 1 1 115 114 116 117 133 132 134 135
89 5 2 1 1 119 118 120 121 137 136 138 139
90 5 2 1 1 121 120 122 123 139 138 140 141
91 5 2 1 1 123 122 124 125 141 140 142 143
92 5 2 1 1 125 124 126 127 143 142 144 145
93 5 2 1 1 127 126 128 129 145 144 146 147
94 5 2 1 1 129 128 130 131 147 146 148 149
95 5 2 1 1 131 130 132 133 149 148 150 151
96 5 2 1 1 133 132 134 135 151 150 152 153
97 5 2 1 1 137 136 138 139 155 154 156 157
98 5 2 1 1 139 138 140 141 157 156 158 159
99 5 2 1 1 141 140 142 143 159 158 160 161
100 5 2 1 1 143 142 144 145 161 160 162 163
101 5 2 1 1 145 144 146 147 163 162 164 165
102 5 2 1 1 147 146 148 149 165 164 166 167
103 5 2 1 1 149 148 150 151 167 166 168 169
104 5 2 1 1 151 150 152 153 169 168 170 171
105 5 2 1 1 155 154 156 157 173 172 174 175
106 5 2 1 1 157 156 158 159 175 174 176 177
107 5 2 1 1 159 158 160 161 177 176 178 179
108 5 2 1 1 161 160 162 163 179 178 180 181
109 5 2 1 1 163 162 164 165 181 180 182 183
110 5 2 1 1 165 164 166 167 183 182 184 185
111 5 2 1 1 167 166 168 169 185 184 186 187
112 5 2 1 1 169 168 170 171 187 186 188 189
113 5 2 1 1 173 172 174 175 191 190 192 193
114 5 2 1 1 175 174 176 177 193 192 194 195
115 5 2 1 1 177 176 178 179 195 194 196 197
116 5 2 1 1 179 178 180 181 197 196 198 199
117 5 2 1 1 181 180 182 183 199 198 200 201
118 5 2 1 1 183 182 184 185 201 200 202 203
119 5 2 1 1 185 184 186 187 203 202 204 205
120 5 2 1 1 187 186 188 189 205 204 206 207
121 5 2 1 1 191 190 192 193 209 208 210 211
122 5 2 1 1 193 192 194 195 211 210 212 213
123 5 2 1 1 195 194 196 197 213 212 214 215
124 5 2 1 1 197 196 198 199 215 214 216 217
125 5 2 1 1 199 198 200 201 217 216 218 219
126 5 2 1 1 201 200 202 203 219 218 220 221
127 5 2 1 1 203 202 204 205 221 220 222 223
128 5 2 1 1 205 204 206 207 223 222 224 225
129 5 2 1 1 209 208 210 211 227 226 228 229
130 5 2 1 1 211 210 212 213 229 228 230 231
131 5 2 1 1 213 212 214 215 231 230 232 233
132 5 2 1 1 215 214 216 217 233 232 234 235
133 5 2 1 1 217 216 218 219 235 234 236 237
134 5 2 1 1 219 218 220 221 237 236 238 239
135 5 2 1 1 221 220 222 223 239 238 240 241
136 5 2 1 1 223 222 224 225 241 240 242 243
137 5 2 1 1 227 226 228 229 245 244 246 247
138 5 2 1 1 229 228 230 231 247 246 248 249
139 5 2 1 1 231 230 232 233 249 248 250 251
140 5 2 1 1 233 232 234 235 251 250 252 253
141 5 2 1 1 235 234 236 237 253 252 254 255
142 5 2 1 1 237 236 238 239 255 254 256 257
143 5 2 1 1 239 238 240 241 257 256 258 259
144 5 2 1 1 241 240 242 243 259 258 260 261
145 5 2 1 1 245 244 246 247 263 262 264 265
146 5 2 1 1 247 246 248 249 265 264 266 267
147 5 2 1 1 249 248 250 251 267 266 268 269
148 5 2 1 1 251 250 252 253 269 268 270 271
149 5 2 1 1 253 252 254 255 271 270 272 273
150 5 2 1 1 255 254 256 257 273 272 274 275
151 5 2 1 1 257 256 258 259 275 274 276 277
152 5 2 1 1 259 258 260 261 277 276 278 279
153 5 2 1 1 263 262 264 265 281 280 282 283
154 5 2 1 1 265 264 266 267 283 282 284 285
155 5 2 1 1 267 266 268 269 285 284 286 287
156 5 2 1 1 269 268 270 271 287 286 288 289
157 5 2 1 1 271 270 272 273 289 288 290 291
158 5 2 1 1 273 272 274 275 291 290 292 293
159 5 2 1 1 275 274 276 277 293 292 294 295
160 5 2 1 1 277 276 278 279 295 294 296 297
161 5 2 1 1 281 280 282 283 299 298 300 301
162 5 2 1 1 283 282 284 285 301 300 302 303
163 5 2 1 1 285 284 286 287 303 302 304 305
164 5 2 1 1 287 286 288 289 305 304 306 307
165 5 2 1 1 289 288 290 291 307 306 308 309
166 5 2 1 1 291 290 292 293 309 308 310 311
167 5 2 1 1 293 292 294 295 311 310 312 313
168 5 2 1 1 295 294 296 297 313 312 314 315
169 5 2 1 1 299 298 300 301 317 316 318 319
170 5 2 1 1 301 300 302 303 319 318 320 321
171 5 2 1 1 303 302 304 305 321 320 322 323
172 5 2 1 1 305 304 306 307 323 322 324 325
173 5 2 1 1 307 306 308 309 325 324 326 327
174 5 2 1 1 309 308 310 311 327 326 328 329
175 5 2 1 1 311 310 312 313 329 328 330 331
176 5 2 1 1 313 312 314 315 331 330 332 333
177 5 2 1 1 317 316 318 319 335 334 336 337
178 5 2 1 1 319 318 320 321 337 336 338 339
179 5 2 1 1 321 320 322 323 339 338 340 341
180 5 2 1 1 323 322 324 325 341 340 342 343
181 5 2 1 1 325 324 326 327 343 342 344 345
182 5 2 1 1 327 326 328 329 345 344 346 347
183 5 2 1 1 329 328 330 331 347 346 348 349
184 5 2 1 1 331 330 332 333 349 348 350 351
185 5 2 1 1 335 334 336 337 353 352 354 355
186 5 2 1 1 337 336 338 339 355 354 356 357
187 5 2 1 1 339 338 340 341 357 356 358 359
188 5 2 1 1 341 340 342 343 359 358 360 361
189 5 2 1 1 343 342 344 345 361 360 362 363
190 5 2 1 1 345 344 346 347 363 362 364 365
191 5 2 1 1 347 346 348 349 365 364 366 367
192 5 2 1 1 349 348 350 351 367 366 368 369
193 5 2 1 1 353 352 354 355 371 370 372 373
194 5 2 1 1 355 354 356 357 373 372 374 375
195 5 2 1 1 357 356 358 359 375 374 376 377
196 5 2 1 1 359 358 360 361 377 376 378 379
197 5 2 1 1 361 360 362 363 379 378 380 381
198 5 2 1 1 363 362 364 365 381 380 382 383
199 5 2 1 1 365 364 366 367 383 382 384 385
200 5 2 1 1 367 366 368 369 385 384 386 387
201 5 2 1 1 371 370 372 373 389 388 390 391
202 5 2 1 1 373 372 374 375 391 390 392 393
203 5 2 1 1 375 374 376 377 393 392 394 395
204 5 2 1 1 377 376 378 379 395 394 396 397
205 5 2 1 1 379 378 380 381 397 396 398 399
206 5 2 1 1 381 380 382 383 399 398 400 401
207 5 2 1 1 383 382 384 385 401 400 402 403
208 5 2 1 1 385 384 386 387 403 402 404 405
209 5 2 1 1 389 388 390 391 407 406 408 409
210 5 2 1 1 391 390 392 393 409 408 410 411
211 5 2 1 1 393 392 394 395 411 410 412 413
212 5 2 1 1 395 394 396 397 413 412 414 415
213 5 2 1 1 397 396 398 399 415 414 416 417
214 5 2 1 1 399 398 400 401 417 416 418 419
215 5 2 1 1 401 400 402 403 419 418 420 421
216 5 2 1 1 403 402 404 405 421 420 422 423
217 5 2 1 1 407 406 408 409 425 424 426 427
218 5 2 1 1 409 408 410 411 427 426 428 429
219 5 2 1 1 411 410 412 413 429 428 430 431
220 5 2 1 1 413 412 414 415 431 430 432 433
221 5 2 1 1 415 414 416 417 433 432 434 435
222 5 2 1 1 417 416 418 419 435 434 436 437
223 5 2 1 1 419 418 420 421 437 436 438 439
224 5 2 1 1 421 420 422 423 439 438 440 441
225 5 2 1 1 425 424 426 427 443 442 444 445
226 5 2 1 1 427 426 428 429 445 444 446 447
227 5 2 1 1 429 428 430 431 447 446 448 449
228 5 2 1 1 431 430 432 433 449 448 450 451
229 5 2 1 1 433 432 434 435 451 450 452 453
230 5 2 1 1 435 434 436 437 453 452 454 455
231 5 2 1 1 437 436 438 439 455 454 456 457
232 5 2 1 1 439 438 440 441 457 456 458 459
233 5 2 1 1 443 442 444 445 461 460 462 463
234 5 2 1 1 445 444 446 447 463 462 464 465
235 5 2 1 1 447 446 448 449 465 464 466 467
236 5 2 1 1 449 448 450 451 467 466 468 469
237 5 2 1 1 451 450 452 453 469 468 470 471
238 5 2 1 1 453 452 454 455 471 470 472 473
239 5 2 1 1 455 454 456 457 473 472 474 475
240 5 2 1 1 457 456 458 459 475 474 476 477
241 5 2 1 1 461 460 462 463 479 478 480 481
242 5 2 1 1 463 462 464 465 481 480 482 483
243 5 2 1 1 465 464 466 467 483 482 484 485
244 5 2 1 1 467 466 468 469 485 484 486 487
245 5 2 1 1 469 468 470 471 487 486 488 489
246 5 2 1 1 471 470 472 473 489 488 490 491
247 5 2 1 1 473 472 474 475 491 490 492 493
248 5 2 1 1 475 474 476 477 493 492 494 495
249 5 2 1 1 479 478 480 481 497 496 498 499
250 5 2 1 1 481 480 482 483 499 498 500 501
251 5 2 1 1 483 482 484 485 501 500 502 503
252 5 2 1 1 485 484 486 487 503 502 504 505
253 5 2 1 1 487 486 488 489 505 504 506 507
254 5 2 1 1 489 488 490 491 507 506 508 509
255 5 2 1 1 491 490 492 493 509 508 510 511
256 5 2 1 1 493 492 494 495 511 510 512 513
257 5 2 1 1 497 496 498 499 515 514 516 517
258 5 2 1 1 499 498 500 501 517 516 518 519
259 5 2 1 1 501 500 502 503 519 518 520 521
260 5 2 1 1 503 502 504 505 521 520 522 523
261 5 2 1 1 505 504 506 507 523 522 524 525
262 5 2 1 1 507 506 508 509 525 524 526 527
263 5 2 1 1 509 508 510 511 527 526 528 529
264 5 2 1 1 511 510 512 513 529 528 530 531
265 5 2 1 1 515 514 516 517 533 532 534 535
266 5 2 1 1 517 516 518 519 535 534 536 537
267 5 2 1 1 519 518 520 521 537 536 538 539
268 5 2 1 1 521 520 522 523 539 538 540 541
269 5 2 1 1 523 522 524 525 541 540 542 543
270 5 2 1 1 525 524 526 527 543 542 544 545
271 5 2 1 1 527 526 528 529 545 544 546 547
272 5 2 1 1 529 528 530 531 547 546 548 549
273 5 2 1 1 533 532 534 535 551 550 552 553
274 5 2 1 1 535 534 536 537 553 552 554 555
275 5 2 1 1 537 536 538 539 555 554 556 557
276 5 2 1 1 539 538 540 541 557 556 558 559
277 5 2 1 1 541 540 542 543 559 558 560 561
278 5 2 1 1 543 542 544 545 561 560 562 563
279 5 2 1 1 545 544 546 547 563 562 564 565
280 5 2 1 1 547 546 548 549 565 564 566 567
281 6 2 1 1 91 3 568 92 6 569
282 6 2 1 1 92 6 569 93 9 570
283 6 2 1 1 93 9 570 94 12 571
284 6 2 1 1 94 12 571 95 15 572
285 6 2 1 1 95 15 572 96 18 573
286 6 2 1 1 96 18 573 97 21 574
287 6 2 1 1 97 21 574 98 24 575
288 6 2 1 1 98 24 575 99 27 576
289 6 2 1 1 91 568 577 92 569 578
290 6 2 1 1 92 569 578 93 570 579
291 6 2 1 1 93 570 579 94 571 580
292 6 2 1 1 94 571 580 95 572 581
293 6 2 1 1 95 572 581 96 573 582
294 6 2 1 1 96 573 582 97 574 583
295 6 2 1 1 97 574 583 98 575 584
296 6 2 1 1 98 575 584 99 576 585
297 6 2 1 1 91 577 586 92 578 587
298 6 2 1 1 92 578 587 93 579 588
299 6 2 1 1 93 579 588 94 580 589
300 6 2 1 1 94 580 589 95 581 590
301 6 2 1 1 95 581 590 96 582 591
302 6 2 1 1 96 582 591 97 583 592
303 6 2 1 1 97 583 592 98 584 593
304 6 2 1 1 98 584 593 99 585 594
305 6 2 1 1 91 586 595 92 587 596
306 6 2 1 1 92 587 596 93 588 597
307 6 2 1 1 93 588 597 94 589 598
308 6 2 1 1 94 589 598 95 590 599
309 6 2 1 1 95 590 599 96 591 600
310 6 2 1 1 96 591 600 97 592 601
311 6 2 1 1 97 592 601 98 593 602
312 6 2 1 1 98 593 602 99 594 603
313 6 2 1 1 91 595 604 92 596 605
314 6 2 1 1 92 596 605 93 597 606
315 6 2 1 1 93 597 606 94 598 607
316 6 2 1 1 94 598 607 95 599 608
317 6 2 1 1 95 599 608 96 600 609
318 6 2 1 1 96 600 609 97 601 610
319 6 2 1 1 97 601 610 98 602 611
320 6 2 1 1 98 602 611 99 603 612
321 6 2 1 1 91 604 613 92 605 614
322 6 2 1 1 92 605 614 93 606 615
323 6 2 1 1 93 606 615 94 607 616
324 6 2 1 1 94 607 616 95 608 617
325 6 2 1 1 95 608 617 96 609 618
326 6 2 1 1 96 609 618 97 610 619
327 6 2 1 1 97 610 619 98 611 620
328 6 2 1 1 98 611 620 99 612 621
329 6 2 1 1 91 613 622 92 614 623
330 6 2 1 1 92 614 623 93 615 624
331 6 2 1 1 93 615 624 94 616 625
332 6 2 1 1 94 616 625 95 617 626
333 6 2 1 1 95 617 626 96 618 627
334 6 2 1 1 96 618 627 97 619 628
335 6 2 1 1 97 619 628 98 620 629
336 6 2 1 1 98 620 629 99 621 630
337 6 2 1 1 91 622 631 92 623 632
338 6 2 1 1 92 623 632 93 624 633
339 6 2 1 1 93 624 633 94 625 634
340 6 2 1 1 94 625 634 95 626 635
341 6 2 1 1 95 626 635 96 627 636
342 6 2 1 1 96 627 636 97 628 637
343 6 2 1 1 97 628 637 98 629 638
344 6 2 1 1 98 629 638 99 630 639
345 6 2 1 1 91 631 640 92 632 641
346 6 2 1 1 92 632 641 93 633 642
347 6 2 1 1 93 633 642 94 634 643
348 6 2 1 1 94 634 643 95 635 644
349 6 2 1 1 95 635 644 96 636 645
350 6 2 1 1 96 636 645 97 637 646
351 6 2 1 1 97 637 646 98 638 647
352 6 2 1 1 98 638 647 99 639 648
353 5 2 1 1 3 568 569 6 100 649 650 102
354 5 2 1 1 6 569 570 9 102 650 651 104
355 5 2 1 1 9 570 571 12 104 651 652 106
356 5 2 1 1 12 571 572 15 106 652 653 108
357 5 2 1 1 15 572 573 18 108 653 654 110
358 5 2 1 1 18 573 574 21 110 654 655 112
359 5 2 1 1 21 574 575 24 112 655 656 114
360 5 2 1 1 24 575 576 27 114 656 657 116
361 5 2 1 1 100 649 650 102 118 658 659 120
362 5 2 1 1 102 650 651 104 120 659 660 122
363 5 2 1 1 104 651 652 106 122 660 661 124
364 5 2 1 1 106 652 653 108 124 661 662 126
365 5 2 1 1 108 653 654 110 126 662 663 128
366 5 2 1 1 110 654 655 112 128 663 664 130
367 5 2 1 1 112 655 656 114 130 664 665 132
368 5 2 1 1 114 656 657 116 132 665 666 134
369 5 2 1 1 118 658 659 120 136 667 668 138
370 5 2 1 1 120 659 660 122 138 668 669 140
371 5 2 1 1 122 660 661 124 140 669 670 142
372 5 2 1 1 124 661 662 126 142 670 671 144
373 5 2 1 1 126 662 663 128 144 671 672 146
374 5 2 1 1 128 663 664 130 146 672 673 148
375 5 2 1 1 130 664 665 132 148 673 674 150
376 5 2 1 1 132 665 666 134 150 674 675 152
377 5 2 1 1 136 667 668 138 154 676 677 156
378 5 2 1 1 138 668 669 140 156 677 678 158
379 5 2 1 1 140 669 670 142 158 678 679 160
380 5 2 1 1 142 670 671 144 160 679 680 162
381 5 2 1 1 144 671 672 146 162 680 681 164
382 5 2 1 1 146 672 673 148 164 681 682 166
383 5 2 1 1 148 673 674 150 166 682 683 168
384 5 2 1 1 150 674 675 152 168 683 684 170
385 5 2 1 1 154 676 677 156 172 685 686 174
386 5 2 1 1 156 677 678 158 174 686 687 176
387 5 2 1 1 158 678 679 160 176 687 688 178
388 5 2 1 1 160 679 680 162 178 688 689 180
389 5 2 1 1 162 680 681 164 180 689 690 182
390 5 2 1 1 164 681 682 166 182 690 691 184
391 5 2 1 1 166 682 683 168 184 691 692 186
392 5 2 1 1 168 683 684 170 186 692 693 188
393 5 2 1 1 172 685 686 174 190 694 695 192
394 5 2 1 1 174 686 687 176 192 695 696 194
395 5 2 1 1 176 687 688 178 194 696 697 196
396 5 2 1 1 178 688 689 180 196 697 698 198
397 5 2 1 1 180 689 690 182 198 698 699 200
398 5 2 1 1 182 690 691 184 200 699 700 202
399 5 2 1 1 184 691 692 186 202 700 701 204
400 5 2 1 1 186 692 693 188 204 701 702 206
401 5 2 1 1 190 694 695 192 208 703 704 210
402 5 2 1 1 192 695 696 194 210 704 705 212
403 5 2 1 1 194 696 697 196 212 705 706 214
404 5 2 1 1 196 697 698 198 214 706 707 216
405 5 2 1 1 198 698 699 200 216 707 708 218
406 5 2 1 1 200 699 700 202 218 708 709 220
407 5 2 1 1 202 700 701 204 220 709 710 222
408 5 2 1 1 204 701 702 206 222 710 711 224
409 5 2 1 1 208 703 704 210 226 712 713 228
410 5 2 1 1 210 704 705 212 228 713 714 230
411 5 2 1 1 212 705 706 214 230 714 715 232
412 5 2 1 1 214 706 707 216 232 715 716 234
413 5 2 1 1 216 707 708 218 234 716 717 236
414 5 2 1 1 218 708 709 220 236 717 718 238
415 5 2 1 1 220 709 710 222 238 718 719 240
416 5 2 1 1 222 710 711 224 240 719 720 242
417 5 2 1 1 226 712 713 228 244 721 722 246
418 5 2 1 1 228 713 714 230 246 722 723 248
419 5 2 1 1 230 714 715 232 248 723 724 250
420 5 2 1 1 232 715 716 234 250 724 725 252
421 5 2 1 1 234 716 717 236 252 725 726 254
422 5 2 1 1 236 717 718 238 254 726 727 256
423 5 2 1 1 238 718 719 240 256 727 728 258
424 5 2 1 1 240 719 720 242 258 728 729 260
425 5 2 1 1 244 721 722 246 262 730 731 264
426 5 2 1 1 246 722 723 248 264 731 732 266
427 5 2 1 1 248 723 724 250 266 732 733 268
428 5 2 1 1 250 724 725 252 268 733 734 270
429 5 2 1 1 252 725 726 254 270 734 735 272
430 5 2 1 1 254 726 727 256 272 735 736 274
431 5 2 1 1 256 727 728 258 274 736 737 276
432 5 2 1 1 258 728 729 260 276 737 738 278
433 5 2 1 1 262 730 731 264 280 739 740 282
434 5 2 1 1 264 731 732 266 282 740 741 284
435 5 2 1 1 266 732 733 268 284 741 742 286
436 5 2 1 1 268 733 734 270 286 742 743 288
437 5 2 1 1 270 734 735 272 288 743 744 290
438 5 2 1 1 272 735 736 274 290 744 745 292
439 5 2 1 1 274 736 737 276 292 745 746 294
440 5 2 1 1 276 737 738 278 294 746 747 296
441 5 2 1 1 280 739 740 282 298 748 749 300
442 5 2 1 1 282 740 741 284 300 749 750 302
443 5 2 1 1 284 741 742 286 302 750 751 304
444 5 2 1 1 286 742 743 288 304 751 752 306
445 5 2 1 1 288 743 744 290 306 752 753 308
446 5 2 1 1 290 744 745 292 308 753 754 310
447 5 2 1 1 292 745 746 294 310 754 755 312
448 5 2 1 1 294 746 747 296 312 755 756 314
449 5 2 1 1 298 748 749 300 316 757 758 318
450 5 2 1 1 300 749 750 302 318 758 759 320
451 5 2 1 1 302 750 751 304 320 759 760 322
452 5 2 1 1 304 751 752 306 322 760 761 324
453 5 2 1 1 306 752 753 308 324 761 762 326
454 5 2 1 1 308 753 754 310 326 762 763 328
455 5 2 1 1 310 754 755 312 328 763 764 330
456 5 2 1 1 312 755 756 314 330 764 765 332
457 5 2 1 1 316 757 758 318 334 766 767 336
458 5 2 1 1 318 758 759 320 336 767 768 338
459 5 2 1 1 320 759 760 322 338 768 769 340
460 5 2 1 1 322 760 761 324 340 769 770 342
461 5 2 1 1 324 761 762 326 342 770 771 344
462 5 2 1 1 326 762 763 328 344 771 772 346
463 5 2 1 1 328 763 764 330 346 772 773 348
464 5 2 1 1 330 764 765 332 348 773 774 350
465 5 2 1 1 334 766 767 336 352 775 776 354
466 5 2 1 1 336 767 768 338 354 776 777 356
467 5 2 1 1 338 768 769 340 356 777 778 358
468 5 2 1 1 340 769 770 342 358 778 779 360
469 5 2 1 1 342 770 771 344 360 779 780 362
470 5 2 1 1 344 771 772 346 362 780 781 364
471 5 2 1 1 346 772 773 348 364 781 782 366
472 5 2 1 1 348 773 774 350 366 782 783 368
473 5 2 1 1 352 775 776 354 370 784 785 372
474 5 2 1 1 354 776 777 356 372 785 786 374
475 5 2 1 1 356 777 778 358 374 786 787 376
476 5 2 1 1 358 778 779 360 376 787 788 378
477 5 2 1 1 360 779 780 362 378 788 789 380
478 5 2 1 1 362 780 781 364 380 789 790 382
479 5 2 1 1 364 781 782 366 382 790 791 384
480 5 2 1 1 366 782 783 368 384 791 792 386
481 5 2 1 1 370 784 785 372 388 793 794 390
482 5 2 1 1 372 785 786 374 390 794 795 392
483 5 2 1 1 374 786 787 376 392 795 796 394
484 5 2 1 1 376 787 788 378 394 796 797 396
485 5 2 1 1 378 788 789 380 396 797 798 398
486 5 2 1 1 380 789 790 382 398 798 799 400
487 5 2 1 1 382 790 791 384 400 799 800 402
488 5 2 1 1 384 791 792 386 402 800 801 404
489 5 2 1 1 388 793 794 390 406 802 803 408
490 5 2 1 1 390 794 795 392 408 803 804 410
491 5 2 1 1 392 795 796 394 410 804 805 412
492 5 2 1 1 394 796 797 396 412 805 806 414
493 5 2 1 1 396 797 798 398 414 806 807 416
494 5 2 1 1 398 798 799 400 416 807 808 418
495 5 2 1 1 400 799 800 402 418 808 809 420
496 5 2 1 1 402 800 801 404 420 809 810 422
497 5 2 1 1 406 802 803 408 424 811 812 426
498 5 2 1 1 408 803 804 410 426 812 813 428
499 5 2 1 1 410 804 805 412 428 813 814 430
500 5 2 1 1 412 805 806 414 430 814 815 432
501 5 2 1 1 414 806 807 416 432 815 816 434
502 5 2 1 1 416 807 808 418 434 816 817 436
503 5 2 1 1 418 808 809 420 436 817 818 438
504 5 2 1 1 420 809 810 422 438 818 819 440
505 5 2 1 1 424 811 812 426 442 820 821 444
506 5 2 1 1 426 812 813 428 444 821 822 446
507 5 2 1 1 428 813 814 430 446 822 823 448
508 5 2 1 1 430 814 815 432 448 823 824 450
509 5 2 1 1 432 815 816 434 450 824 825 452
510 5 2 1 1 434 816 817 436 452 825 826 454
511 5 2 1 1 436 817 818 438 454 826 827 456
512 5 2 1 1 438 818 819 440 456 827 828 458
513 5 2 1 1 442 820 821 444 460 829 830 462
514 5 2 1 1 444 821 822 446 462 830 831 464
515 5 2 1 1 446 822 823 448 464 831 832 466
516 5 2 1 1 448 823 824 450 466 832 833 468
517 5 2 1 1 450 824 825 452 468 833 834 470
518 5 2 1 1 452 825 826 454 470 834 835 472
519 5 2 1 1 454 826 827 456 472 835 836 474
520 5 2 1 1 456 827 828 458 474 836 837 476
521 5 2 1 1 460 829 830 462 478 838 839 480
522 5 2 1 1 462 830 831 464 480 839 840 482
523 5 2 1 1 464 831 832 466 482 840 841 484
524 5 2 1 1 466 832 833 468 484 841 842 486
525 5 2 1 1 468 833 834 470 486 842 843 488
526 5 2 1 1 470 834 835 472 488 843 844 490
527 5 2 1 1 472 835 836 474 490 844 845 492
528 5 2 1 1 474 836 837 476 492 845 846 494
529 5 2 1 1 478 838 839 480 496 847 848 498
530 5 2 1 1 480 839 840 482 498 848 849 500
531 5 2 1 1 482 840 841 484 500 849 850 502
532 5 2 1 1 484 841 842 486 502 850 851 504
533 5 2 1 1 486 842 843 488 504 851 852 506
534 5 2 1 1 488 843 844 490 506 852 853 508
535 5 2 1 1 490 844 845 492 508 853 854 510
536 5 2 1 1 492 845 846 494 510 854 855 512
537 5 2 1 1 496 847 848 498 514 856 857 516
538 5 2 1 1 498 848 849 500 516 857 858 518
539 5 2 1 1 500 849 850 502 518 858 859 520
540 5 2 1 1 502 850 851 504 520 859 860 522
541 5 2 1 1 504 851 852 506 522 860 861 524
542 5 2 1 1 506 852 853 508 524 861 862 526
543 5 2 1 1 508 853 854 510 526 862 863 528
544 5 2 1 1 510 854 855 512 528 863 864 530
545 5 2 1 1 514 856 857 516 532 865 866 534
546 5 2 1 1 516 857 858 518 534 866 867 536
547 5 2 1 1 518 858 859 520 536 867 868 538
548 5 2 1 1 520 859 860 522 538 868 869 540
549 5 2 1 1 522 860 861 524 540 869 870 542
550 5 2 1 1 524 861 862 526 542 870 871 544
551 5 2 1 1 526 862 863 528 544 871 872 546
552 5 2 1 1 528 863 864 530 546 872 873 548
553 5 2 1 1 532 865 866 534 550 874 875 552
554 5 2 1 1 534 866 867 536 552 875 876 554
555 5 2 1 1 536 867 868 538 554 876 877 556
556 5 2 1 1 538 868 869 540 556 877 878 558
557 5 2 1 1 540 869 870 542 558 878 879 560
558 5 2 1 1 542 870 871 544 560 879 880 562
559 5 2 1 1 544 871 872 546 562 880 881 564
560 5 2 1 1 546 872 873 548 564 881 882 566
561 6 2 1 1 640 568 883 641 569 884
562 6 2 1 1 641 569 884 642 570 885
563 6 2 1 1 642 570 885 643 571 886
564 6 2 1 1 643 571 886 644 572 887
565 6 2 1 1 644 572 887 645 573 888
566 6 2 1 1 645 573 888 646 574 889
567 6 2 1 1 646 574 889 647 575 890
568 6 2 1 1 647 575 890 648 576 891
569 6 2 1 1 640 883 892 641 884 893
570 6 2 1 1 641 884 893 642 885 894
571 6 2 1 1 642 885 894 643 886 895
572 6 2 1 1 643 886 895 644 887 896
573 6 2 1 1 644 887 896 645 888 897
574 6 2 1 1 645 888 897 646 889 898
575 6 2 1 1 646 889 898 647 890 899
576 6 2 1 1 647 890 899 648 891 900
577 6 2 1 1 640 892 901 641 893 902
578 6 2 1 1 641 893 902 642 894 903
579 6 2 1 1 642 894 903 643 895 904
580 6 2 1 1 643 895 904 644 896 905
581 6 2 1 1 644 896 905 645 897 906
582 6 2 1 1 645 897 906 646 898 907
583 6 2 1 1 646 898 907 647 899 908
584 6 2 1 1 647 899 908 648 900 909
585 6 2 1 1 640 901 910 641 902 911
586 6 2 1 1 641 902 911 642 903 912
587 6 2 1 1 642 903 912 643 904 913
588 6 2 1 1 643 904 913 644 905 914
589 6 2 1 1 644 905 914 645 906 915
590 6 2 1 1 645 906 915 646 907 916
591 6 2 1 1 646 907 916 647 908 917
592 6 2 1 1 647 908 917 648 909 918
593 6 2 1 1 640 910 919 641 911 920
594 6 2 1 1 641 911 920 642 912 921
595 6 2 1 1 642 912 921 643 913 922
596 6 2 1 1 643 913 922 644 914 923
597 6 2 1 1 644 914 923 645 915 924
598 6 2 1 1 645 915 924 646 916 925
599 6 2 1 1 646 916 925 647 917 926
600 6 2 1 1 647 917 926 648 918 927
601 6 2 1 1 640 919 928 641 920 929
602 6 2 1 1 641 920 929 642 921 930
603 6 2 1 1 642 921 930 643 922 931
604 6 2 1 1 643 922 931 644 923 932
605 6 2 1 1 644 923 932 645 924 933
606 6 2 1 1 645 924 933 646 925 934
607 6 2 1 1 646 925 934 647 926 935
608 6 2 1 1 647 926 935 648 927 936
609 6 2 1 1 640 928 937 641 929 938
610 6 2 1 1 641 929 938 642 930 939
611 6 2 1 1 642 930 939 643 931 940
612 6 2 1 1 643 931 940 644 932 941
613 6 2 1 1 644 932 941 645 933 942
614 6 2 1 1 645 933 942 646 934 943
615 6 2 1 1 646 934 943 647 935 944
616 6 2 1 1 647 935 944 648 936 945
617 6 2 1 1 640 937 946 641 938 947
618 6 2 1 1 641 938 947 642 939 948
619 6 2 1 1 642 939 948 643 940 949
620 6 2 1 1 643 940 949 644 941 950
621 6 2 1 1 644 941 950 645 942 951
622 6 2 1 1 645 942 951 646 943 952
623 6 2 1 1 646 943 952 647 944 953
624 6 2 1 1 647 944 953 648 945 954
625 6 2 1 1 640 946 955 641 947 956
626 6 2 1 1 641 947 956 642 948 957
627 6 2 1 1 642 948 957 643 949 958
628 6 2 1 1 643 949 958 644 950 959
629 6 2 1 1 644 950 959 645 951 960
630 6 2 1 1 645 951 960 646 952 961
631 6 2 1 1 646 952 961 647 953 962
632 6 2 1 1 647 953 962 648 954 963
633 5 2 1 1 568 883 884 569 649 964 965 650
634 5 2 1 1 569 884 885 570 650 965 966 651
635 5 2 1 1 570 885 886 571 651 966 967 652
636 5 2 1 1 571 886 887 572 652 967 968 653
637 5 2 1 1 572 887 888 573 653 968 969 654
638 5 2 1 1 573 888 889 574 654 969 970 655
639 5 2 1 1 574 889 890 575 655 970 971 656
640 5 2 1 1 575 890 891 576 656 971 972 657
641 5 2 1 1 649 964 965 650 658 973 974 659
642 5 2 1 1 650 965 966 651 659 974 975 660
643 5 2 1 1 651 966 967 652 660 975 976 661
644 5 2 1 1 652 967 968 653 661 976 977 662
645 5 2 1 1 653 968 969 654 662 977 978 663
646 5 2 1 1 654 969 970 655 663 978 979 664
647 5 2 1 1 655 970 971 656 664 979 980 665
648 5 2 1 1 656 971 972 657 665 980 981 666
649 5 2 1 1 658 973 974 659 667 982 983 668
650 5 2 1 1 659 974 975 660 668 983 984 669
651 5 2 1 1 660 975 976 661 669 984 985 670
652 5 2 1 1 661 976 977 662 670 985 986 671
653 5 2 1 1 662 977 978 663 671 986 987 672
654 5 2 1 1 663 978 979 664 672 987 988 673
655 5 2 1 1 664 979 980 665 673 988 989 674
656 5 2 1 1 665 980 981 666 674 989 990 675
657 5 2 1 1 667 982 983 668 676 991 992 677
658 5 2 1 1 668 983 984 669 677 992 993 678
659 5 2 1 1 669 984 985 670 678 993 994 679
660 5 2 1 1 670 985 986 671 679 994 995 680
661 5 2 1 1 671 986 987 672 680 995 996 681
662 5 2 1 1 672 987 988 673 681 996 997 682
663 5 2 1 1 673 988 989 674 682 997 998 683
664 5 2 1 1 674 989 990 675 683 998 999 684
665 5 2 1 1 676 991 992 677 685 1000 1001 686
666 5 2 1 1 677 992 993 678 686 1001 1002 687
667 5 2 1 1 678 993 994 679 687 1002 1003 688
668 5 2 1 1 679 994 995 680 688 1003 1004 689
669 5 2 1 1 680 995 996 681 689 1004 1005 690
670 5 2 1 1 681 996 997 682 690 1005 1006 691
671 5 2 1 1 682 997 998 683 691 1006 1007 692
672 5 2 1 1 683 998 999 684 692 1007 1008 693
673 5 2 1 1 685 1000 1001 686 694 1009 1010 695
674 5 2 1 1 686 1001 1002 687 695 1010 1011 696
675 5 2 1 1 687 1002 1003 688 696 1011 1012 697
676 5 2 1 1 688 1003 1004 689 697 1012 1013 698
677 5 2 1 1 689 1004 1005 690 698 1013 1014 699
678 5 2 1 1 690 1005 1006 691 699 1014 1015 700
679 5 2 1 1 691 1006 1007 692 700 1015 1016 701
680 5 2 1 1 692 1007 1008 693 701 1016 1017 702
681 5 2 1 1 694 1009 1010 695 703 1018 1019 704
682 5 2 1 1 695 1010 1011 696 704 1019 1020 705
683 5 2 1 1 696 1011 1012 697 705 1020 1021 706
684 5 2 1 1 697 1012 1013 698 706 1021 1022 707
685 5 2 1 1 698 1013 1014 699 707 1022 1023 708
686 5 2 1 1 699 1014 1015 700 708 1023 1024 709
687 5 2 1 1 700 1015 1016 701 709 1024 1025 710
688 5 2 1 1 701 1016 1017 702 710 1025 1026 711
689 5 2 1 1 703 1018 1019 704 712 1027 1028 713
690 5 2 1 1 704 1019 1020 705 713 1028 1029 714
691 5 2 1 1 705 1020 1021 706 714 1029 1030 715
692 5 2 1 1 706 1021 1022 707 715 1030 1031 716
693 5 2 1 1 707 1022 1023 708 716 1031 1032 717
694 5 2 1 1 708 1023 1024 709 717 1032 1033 718
695 5 2 1 1 709 1024 1025 710 718 1033 1034 719
696 5 2 1 1 710 1025 1026 711 719 1034 1035 720
697 5 2 1 1 712 1027 1028 713 721 1036 1037 722
698 5 2 1 1 713 1028 1029 714 722 1037 1038 723
699 5 2 1 1 714 1029 1030 715 723 1038 1039 724
700 5 2 1 1 715 1030 1031 716 724 1039 1040 725
701 5 2 1 1 716 1031 1032 717 725 1040 1041 726
702 5 2 1 1 717 1032 1033 718 726 1041 1042 727
703 5 2 1 1 718 1033 1034 719 727 1042 1043 728
704 5 2 1 1 719 1034 1035 720 728 1043 1044 729
705 5 2 1 1 721 1036 1037 722 730 1045 1046 731
706 5 2 1 1 722 1037 1038 723 731 1046 1047 732
707 5 2 1 1 723 1038 1039 724 732 1047 1048 733
708 5 2 1 1 724 1039 1040 725 733 1048 1049 734
709 5 2 1 1 725 1040 1041 726 734 1049 1050 735
710 5 2 1 1 726 1041 1042 727 735 1050 1051 736
711 5 2 1 1 727 1042 1043 728 736 1051 1052 737
712 5 2 1 1 728 1043 1044 729 737 1052 1053 738
713 5 2 1 1 730 1045 1046 731 739 1054 1055 740
714 5 2 1 1 731 1046 1047 732 740 1055 1056 741
715 5 2 1 1 732 1047 1048 733 741 1056 1057 742
716 5 2 1 1 733 1048 1049 734 742 1057 1058 743
717 5 2 1 1 734 1049 1050 735 743 1058 1059 744
718 5 2 1 1 735 1050 1051 736 744 1059 1060 745
719 5 2 1 1 736 1051 1052 737 745 1060 1061 746
720 5 2 1 1 737 1052 1053 738 746 1061 1062 747
721 5 2 1 1 739 1054 1055 740 748 1063 1064 749
722 5 2 1 1 740 1055 1056 741 749 1064 1065 750
723 5 2 1 1 741 1056 1057 742 750 1065 1066 751
724 5 2 1 1 742 1057 1058 743 751 1066 1067 752
725 5 2 1 1 743 1058 1059 744 752 1067 1068 753
726 5 2 1 1 744 1059 1060 745 753 1068 1069 754
727 5 2 1 1 745 1060 1061 746 754 1069 1070 755
728 5 2 1 1 746 1061 1062 747 755 1070 1071 756
729 5 2 1 1 748 1063 1064 749 757 1072 1073 758
730 5 2 1 1 749 1064 1065 750 758 1073 1074 759
731 5 2 1 1 750 1065 1066 751 759 1074 1075 760
732 5 2 1 1 751 1066 1067 752 760 1075 1076 761
733 5 2 1 1 752 1067 1068 753 761 1076 1077 762
734 5 2 1 1 753 1068 1069 754 762 1077 1078 763
735 5 2 1 1 754 1069 1070 755 763 1078 1079 764
736 5 2 1 1 755 1070 1071 756 764 1079 1080 765
737 5 2 1 1 757 1072 1073 758 766 1081 1082 767
738 5 2 1 1 758 1073 1074 759 767 1082 1083 768
739 5 2 1 1 759 1074 1075 760 768 1083 1084 769
740 5 2 1 1 760 1075 1076 761 769 1084 1085 770
741 5 2 1 1 761 1076 1077 762 770 1085 1086 771
742 5 2 1 1 762 1077 1078 763 771 1086 1087 772
743 5 2 1 1 763 1078 1079 764 772 1087 1088 773
744 5 2 1 1 764 1079 1080 765 773 1088 1089 774
745 5 2 1 1 766 1081 1082 767 775 1090 1091 776
746 5 2 1 1 767 1082 1083 768 776 1091 1092 777
747 5 2 1 1 768 1083 1084 769 777 1092 1093 778
748 5 2 1 1 769 1084 1085 770 778 1093 1094 779
749 5 2 1 1 770 1085 1086 771 779 1094 1095 780
750 5 2 1 1 771 1086 1087 772 780 1095 1096 781
751 5 2 1 1 772 1087 1088 773 781 1096 1097 782
752 5 2 1 1 773 1088 1089 774 782 1097 1098 783
753 5 2 1 1 775 1090 1091 776 784 1099 1100 785
754 5 2 1 1 776 1091 1092 777 785 1100 1101 786
755 5 2 1 1 777 1092 1093 778 786 1101 1102 787
756 5 2 1 1 778 1093 1094 779 787 1102 1103 788
757 5 2 1 1 779 1094 1095 780 788 1103 1104 789
758 5 2 1 1 780 1095 1096 781 789 1104 1105 790
759 5 2 1 1 781 1096 1097 782 790 1105 1106 791
760 5 2 1 1 782 1097 1098 783 791 1106 1107 792
761 5 2 1 1 784 1099 1100 785 793 1108 1109 794
762 5 2 1 1 785 1100 1101 786 794 1109 1110 795
763 5 2 1 1 786 1101 1102 787 795 1110 1111 796
764 5 2 1 1 787 1102 1103 788 796 1111 1112 797
765 5 2 1 1 788 1103 1104 789 797 1112 1113 798
766 5 2 1 1 789 1104 1105 790 798 1113 1114 799
767 5 2 1 1 790 1105 1106 791 799 1114 1115 800
768 5 2 1 1 791 1106 1107 792 800 1115 1116 801
769 5 2 1 1 793 1108 1109 794 802 1117 1118 803
770 5 2 1 1 794 1109 1110 795 803 1118 1119 804
771 5 2 1 1 795 1110 1111 796 804 1119 1120 805
772 5 2 1 1 796 1111 1112 797 805 1120 1121 806
773 5 2 1 1 797 1112 1113 798 806 1121 1122 807
774 5 2 1 1 798 1113 1114 799 807 1122 1123 808
775 5 2 1 1 799 1114 1115 800 808 1123 1124 809
776 5 2 1 1 800 1115 1116 801 809 1124 1125 810
777 5 2 1 1 802 1117 1118 803 811 1126 1127 812
778 5 2 1 1 803 1118 1119 804 812 1127 1128 813
779 5 2 1 1 804 1119 1120 805 813 1128 1129 814
780 5 2 1 1 805 1120 1121 806 814 1129 1130 815
781 5 2 1 1 806 1121 1122 807 815 1130 1131 816
782 5 2 1 1 807 1122 1123 808 816 1131 1132 817
783 5 2 1 1 808 1123 1124 809 817 1132 1133 818
784 5 2 1 1 809 1124 1125 810 818 1133 1134 819
785 5 2 1 1 811 1126 1127 812 820 1135 1136 821
786 5 2 1 1 812 1127 1128 813 821 1136 1137 822
787 5 2 1 1 813 1128 1129 814 822 1137 1138 823
788 5 2 1 1 814 1129 1130 815 823 1138 1139 824
789 5 2 1 1 815 1130 1131 816 824 1139 1140 825
790 5 2 1 1 816 1131 1132 817 825 1140 1141 826
791 5 2 1 1 817 1132 1133 818 826 1141 1142 827
792 5 2 1 1 818 1133 1134 819 827 1142 1143 828
793 5 2 1 1 820 1135 1136 821 829 1144 1145 830
794 5 2 1 1 821 1136 1137 822 830 1145 1146 831
795 5 2 1 1 822 1137 1138 823 831 1146 1147 832
796 5 2 1 1 823 1138 1139 824 832 1147 1148 833
797 5 2 1 1 824 1139 1140 825 833 1148 1149 834
798 5 2 1 1 825 1140 1141 826 834 1149 1150 835
799 5 2 1 1 826 1141 1142 827 835 1150 1151 836
800 5 2 1 1 827 1142 1143 828 836 1151 1152 837
801 5 2 1 1 829 1144 1145 830 838 1153 1154 839
802 5 2 1 1 830 1145 1146 831 839 1154 1155 840
803 5 2 1 1 831 1146 1147 832 840 1155 1156 841
804 5 2 1 1 832 1147 1148 833 841 1156 1157 842
805 5 2 1 1 833 1148 1149 834 842 1157 1158 843
806 5 2 1 1 834 1149 1150 835 843 1158 1159 844
807 5 2 1 1 835 1150 1151 836 844 1159 1160 845
808 5 2 1 1 836 1151 1152 837 845 1160 1161 846
809 5 2 1 1 838 1153 1154 839 847 1162 1163 848
810 5 2 1 1 839 1154 1155 840 848 1163 1164 849
811 5 2 1 1 840 1155 1156 841 849 1164 1165 850
812 5 2 1 1 841 1156 1157 842 850 1165 1166 851
813 5 2 1 1 842 1157 1158 843 851 1166 1167 852
814 5 2 1 1 843 1158 1159 844 852 1167 1168 853
815 5 2 1 1 844 1159 1160 845 853 1168 1169 854
816 5 2 1 1 845 1160 1161 846 854 1169 1170 855
817 5 2 1 1 847 1162 1163 848 856 1171 1172 857
818 5 2 1 1 848 1163 1164 849 857 1172 1173 858
819 5 2 1 1 849 1164 1165 850 858 1173 1174 859
820 5 2 1 1 850 1165 1166 851 859 1174 1175 860
821 5 2 1 1 851 1166 1167 852 860 1175 1176 861
822 5 2 1 1 852 1167 1168 853 861 1176 1177 862
823 5 2 1 1 853 1168 1169 854 862 1177 1178 863
824 5 2 1 1 854 1169 1170 855 863 1178 1179 864
825 5 2 1 1 856 1171 1172 857 865 1180 1181 866
826 5 2 1 1 857 1172 1173 858 866 1181 1182 867
827 5 2 1 1 858 1173 1174 859 867 1182 1183 868
828 5 2 1 1 859 1174 1175 860 868 1183 1184 869
829 5 2 1 1 860 1175 1176 861 869 1184 1185 870
830 5 2 1 1 861 1176 1177 862 870 1185 1186 871
831 5 2 1 1 862 1177 1178 863 871 1186 1187 872
832 5 2 1 1 863 1178 1179 864 872 1187 1188 873
833 5 2 1 1 865 1180 1181 866 874 1189 1190 875
834 5 2 1 1 866 1181 1182 867 875 1190 1191 876
835 5 2 1 1 867 1182 1183 868 876 1191 1192 877
836 5 2 1 1 868 1183 1184 869 877 1192 1193 878
837 5 2 1 1 869 1184 1185 870 878 1193 1194 879
838 5 2 1 1 870 1185 1186 871 879 1194 1195 880
839 5 2 1 1 871 1186 1187 872 880 1195 1196 881
840 5 2 1 1 872 1187 1188 873 881 1196 1197 882
841 6 2 1 1 955 883 1198 956 884 1199
842 6 2 1 1 956 884 1199 957 885 1200
843 6 2 1 1 957 885 1200 958 886 1201
844 6 2 1 1 958 886 1201 959 887 1202
845 6 2 1 1 959 887 1202 960 888 1203
846 6 2 1 1 960 888 1203 961 889 1204
847 6 2 1 1 961 889 1204 962 890 1205
848 6 2 1 1 962 890 1205 963 891 1206
849 6 2 1 1 955 1198 1207 956 1199 1208
850 6 2 1 1 956 1199 1208 957 1200 1209
851 6 2 1 1 957 1200 1209 958 1201 1210
852 6 2 1 1 958 1201 1210 959 1202 1211
853 6 2 1 1 959 1202 1211 960 1203 1212
854 6 2 1 1 960 1203 1212 961 1204 1213
855 6 2 1 1 961 1204 1213 962 1205 1214
856 6 2 1 1 962 1205 1214 963 1206 1215
857 6 2 1 1 955 1207 1216 956 1208 1217
858 6 2 1 1 956 1208 1217 957 1209 1218
859 6 2 1 1 957 1209 1218 958 1210 1219
860 6 2 1 1 958 1210 1219 959 1211 1220
861 6 2 1 1 959 1211 1220 960 1212 1221
862 6 2 1 1 960 1212 1221 961 1213 1222
863 6 2 1 1 961 1213 1222 962 1214 1223
864 6 2 1 1 962 1214 1223 963 1215 1224
865 6 2 1 1 955 1216 1225 956 1217 1226
866 6 2 1 1 956 1217 1226 957 1218 1227
867 6 2 1 1 957 1218 1227 958 1219 1228
868 6 2 1 1 958 1219 1228 959 1220 1229
869 6 2 1 1 959 1220 1229 960 1221 1230
870 6 2 1 1 960 1221 1230 961 1222 1231
871 6 2 1 1 961 1222 1231 962 1223 1232
872 6 2 1 1 962 1223 1232 963 1224 1233
873 6 2 1 1 955 1225 1234 956 1226 1235
874 6 2 1 1 956 1226 1235 957 1227 1236
875 6 2 1 1 957 1227 1236 958 1228 1237
876 6 2 1 1 958 1228 1237 959 1229 1238
877 6 2 1 1 959 1229 1238 960 1230 1239
878 6 2 1 1 960 1230 1239 961 1231 1240
879 6 2 1 1 961 1231 1240 962 1232 1241
880 6 2 1 1 962 1232 1241 963 1233 1242
881 6 2 1 1 955 1234 1243 956 1235 1244
882 6 2 1 1 956 1235 1244 957 1236 1245
883 6 2 1 1 957 1236 1245 958 1237 1246
884 6 2 1 1 958 1237 1246 959 1238 1247
885 6 2 1 1 959 1238 1247 960 1239 1248
886 6 2 1 1 960 1239 1248 961 1240 1249
887 6 2 1 1 961 1240 1249 962 1241 1250
888 6 2 1 1 962 1241 1250 963 1242 1251
889 6 2 1 1 955 1243 1252 956 1244 1253
890 6 2 1 1 956 1244 1253 957 1245 1254
891 6 2 1 1 957 1245 1254 958 1246 1255
892 6 2 1 1 958 1246 1255 959 1247 1256
893 6 2 1 1 959 1247 1256 960 1248 1257
894 6 2 1 1 960 1248 1257 961 1249 1258
895 6 2 1 1 961 1249 1258 962 1250 1259
896 6 2 1 1 962 1250 1259 963 1251 1260
897 6 2 1 1 955 1252 1261 956 1253 1262
898 6 2 1 1 956 1253 1262 957 1254 1263
899 6 2 1 1 957 1254 1263 958 1255 1264
900 6 2 1 1 958 1255 1264 959 1256 1265
901 6 2 1 1 959 1256 1265 960 1257 1266
902 6 2 1 1 960 1257 1266 961 1258 1267
903 6 2 1 1 961 1258 1267 962 1259 1268
904 6 2 1 1 962 1259 1268 963 1260 1269
905 6 2 1 1 955 1261 1270 956 1262 1271
906 6 2 1 1 956 1262 1271 957 1263 1272
907 6 2 1 1 957 1263 1272 958 1264 1273
908 6 2 1 1 958 1264 1273 959 1265 1274
909 6 2 1 1 959 1265 1274 960 1266 1275
910 6 2 1 1 960 1266 1275 961 1267 1276
911 6 2 1 1 961 1267 1276 962 1268 1277
912 6 2 1 1 962 1268 1277 963 1269 1278
913 5 2 1 1 883 1198 1199 884 964 1279 1280 965
914 5 2 1 1 884 1199 1200 885 965 1280 1281 966
915 5 2 1 1 885 1200 1201 886 966 1281 1282 967
916 5 2 1 1 886 1201 1202 887 967 1282 1283 968
917 5 2 1 1 887 1202 1203 888 968 1283 1284 969
918 5 2 1 1 888 1203 1204 889 969 1284 1285 970
919 5 2 1 1 889 1204 1205 890 970 1285 1286 971
920 5 2 1 1 890 1205 1206 891 971 1286 1287 972
921 5 2 1 1 964 1279 1280 965 973 1288 1289 974
922 5 2 1 1 965 1280 1281 966 974 1289 1290 975
923 5 2 1 1 966 1281 1282 967 975 1290 1291 976
924 5 2 1 1 967 1282 1283 968 976 1291 1292 977
925 5 2 1 1 968 1283 1284 969 977 1292 1293 978
926 5 2 1 1 969 1284 1285 970 978 1293 1294 979
927 5 2 1 1 970 1285 1286 971 979 1294 1295 980
928 5 2 1 1 971 1286 1287 972 980 1295 1296 981
929 5 2 1 1 973 1288 1289 974 982 1297 1298 983
930 5 2 1 1 974 1289 1290 975 983 1298 1299 984
931 5 2 1 1 975 1290 1291 976 984 1299 1300 985
932 5 2 1 1 976 1291 1292 977 985 1300 1301 986
933 5 2 1 1 977 1292 1293 978 986 1301 1302 987
934 5 2 1 1 978 1293 1294 979 987 1302 1303 988
935 5 2 1 1 979 1294 1295 980 988 1303 1304 989
936 5 2 1 1 980 1295 1296 981 989 1304 1305 990
937 5 2 1 1 982 1297 1298 983 991 1306 1307 992
938 5 2 1 1 983 1298 1299 984 992 1307 1308 993
939 5 2 1 1 984 1299 1300 985 993 1308 1309 994
940 5 2 1 1 985 1300 1301 986 994 1309 1310 995
941 5 2 1 1 986 1301 1302 987 995 1310 1311 996
942 5 2 1 1 987 1302 1303 988 996 1311 1312 997
943 5 2 1 1 988 1303 1304 989 997 1312 1313 998
944 5 2 1 1 989 1304 1305 990 998 1313 1314 999
945 5 2 1 1 991 1306 1307 992 1000 1315 1316 1001
946 5 2 1 1 992 1307 1308 993 1001 1316 1317 1002
947 5 2 1 1 993 1308 1309 994 1002 1317 1318 1003
948 5 2 1 1 994 1309 1310 995 1003 1318 1319 1004
949 5 2 1 1 995 1310 1311 996 1004 1319 1320 1005
950 5 2 1 1 996 1311 1312 997 1005 1320 1321 1006
951 5 2 1 1 997 1312 1313 998 1006 1321 1322 1007
952 5 2 1 1 998 1313 1314 999 1007 1322 1323 1008
953 5 2 1 1 1000 1315 1316 1001 1009 1324 1325 1010
954 5 2 1 1 1001 1316 1317 1002 1010 1325 1326 1011
955 5 2 1 1 1002 1317 1318 1003 1011 1326 1327 1012
956 5 2 1 1 1003 1318 1319 1004 1012 1327 1328 1013
957 5 2 1 1 1004 1319 1320 1005 1013 1328 1329 1014
958 5 2 1 1 1005 1320 1321 1006 1014 1329 1330 1015
959 5 2 1 1 1006 1321 1322 1007 1015 1330 1331 1016
960 5 2 1 1 1007 1322 1323 1008 1016 1331 1332 1017
961 5 2 1 1 1009 1324 1325 1010 1018 1333 1334 1019
962 5 2 1 1 1010 1325 1326 1011 1019 1334 1335 1020
963 5 2 1 1 1011 1326 1327 1012 1020 1335 1336 1021
964 5 2 1 1 1012 1327 1328 1013 1021 1336 1337 1022
965 5 2 1 1 1013 1328 1329 1014 1022 1337 1338 1023
966 5 2 1 1 1014 1329 1330 1015 1023 1338 1339 1024
967 5 2 1 1 1015 1330 1331 1016 1024 1339 1340 1025
968 5 2 1 1 1016 1331 1332 1017 1025 1340 1341 1026
969 5 2 1 1 1018 1333 1334 1019 1027 1342 1343 1028
970 5 2 1 1 1019 1334 1335 1020 1028 1343 1344 1029
971 5 2 1 1 1020 1335 1336 1021 1029 1344 1345 1030
972 5 2 1 1 1021 1336 1337 1022 1030 1345 1346 1031
973 5 2 1 1 1022 1337 1338 1023 1031 1346 1347 1032
974 5 2 1 1 1023 1338 1339 1024 1032 1347 1348 1033
975 5 2 1 1 1024 1339 1340 1025 1033 1348 1349 1034
976 5 2 1 1 1025 1340 1341 1026 1034 1349 1350 1035
977 5 2 1 1 1027 1342 1343 1028 1036 1351 1352 1037
978 5 2 1 1 1028 1343 1344 1029 1037 1352 1353 1038
979 5 2 1 1 1029 1344 1345 1030 1038 1353 1354 1039
980 5 2 1 1 1030 1345 1346 1031 1039 1354 1355 1040
981 5 2 1 1 1031 1346 1347 1032 1040 1355 1356 1041
982 5 2 1 1 1032 1347 1348 1033 1041 1356 1357 1042
983 5 2 1 1 1033 1348 1349 1034 1042 1357 1358 1043
984 5 2 1 1 1034 1349 1350 1035 1043 1358 1359 1044
985 5 2 1 1 1036 1351 1352 1037 1045 1360 1361 1046
986 5 2 1 1 1037 1352 1353 1038 1046 1361 1362 1047
987 5 2 1 1 1038 1353 1354 1039 1047 1362 1363 1048
988 5 2 1 1 1039 1354 1355 1040 1048 1363 1364 1049
989 5 2 1 1 1040 1355 1356 1041 1049 1364 1365 1050
990 5 2 1 1 1041 1356 1357 1042 1050 1365 1366 1051
991 5 2 1 1 1042 1357 1358 1043 1051 1366 1367 1052
992 5 2 1 1 1043 1358 1359 1044 1052 1367 1368 1053
993 5 2 1 1 1045 1360 1361 1046 1054 1369 1370 1055
994 5 2 1 1 1046 1361 1362 1047 1055 1370 1371 1056
995 5 2 1 1 1047 1362 1363 1048 1056 1371 1372 1057
996 5 2 1 1 1048 1363 1364 1049 1057 1372 1373 1058
997 5 2 1 1 1049 1364 1365 1050 1058 1373 1374 1059
998 5 2 1 1 1050 1365 1366 1051 1059 1374 1375 1060
999 5 2 1 1 1051 1366 1367 1052 1060 1375 1376 1061
1000 5 2 1 1 1052 1367 1368 1053 1061 1376 1377 1062
1001 5 2 1 1 1054 1369 1370 1055 1063 1378 1379 1064
1002 5 2 1 1 1055 1370 1371 1056 1064 1379 1380 1065
1003 5 2 1 1 1056 1371 1372 1057 1065 1380 1381 1066
1004 5 2 1 1 1057 1372 1373 1058 1066 1381 1382 1067
1005 5 2 1 1 1058 1373 1374 1059 1067 1382 1383 1068
1006 5 2 1 1 1059 1374 1375 1060 1068 1383 1384 1069
1007 5 2 1 1 1060 1375 1376 1061 1069 1384 1385 1070
1008 5 2 1 1 1061 1376 1377 1062 1070 1385 1386 1071
1009 5 2 1 1 1063 1378 1379 1064 1072 1387 1388 1073
1010 5 2 1 1 1064 1379 1380 1065 1073 1388 1389 1074
1011 5 2 1 1 1065 1380 1381 1066 1074 1389 1390 1075
1012 5 2 1 1 1066 1381 1382 1067 1075 1390 1391 1076
1013 5 2 1 1 1067 1382 1383 1068 1076 1391 1392 1077
1014 5 2 1 1 1068 1383 1384 1069 1077 1392 1393 1078
1015 5 2 1 1 1069 1384 1385 1070 1078 1393 1394 1079
1016 5 2 1 1 1070 1385 1386 1071 1079 1394 1395 1080
1017 5 2 1 1 1072 1387 1388 1073 1081 1396 1397 1082
1018 5 2 1 1 1073 1388 1389 1074 1082 1397 1398 1083
1019 5 2 1 1 1074 1389 1390 1075 1083 1398 1399 1084
1020 5 2 1 1 1075 1390 1391 1076 1084 1399 1400 1085
1021 5 2 1 1 1076 1391 1392 1077 1085 1400 1401 1086
1022 5 2 1 1 1077 1392 1393 1078 1086 1401 1402 1087
1023 5 2 1 1 1078 1393 1394 1079 1087 1402 1403 1088
1024 5 2 1 1 1079 1394 1395 1080 1088 1403 1404 1089
1025 5 2 1 1 1081 1396 1397 1082 1090 1405 1406 1091
1026 5 2 1 1 1082 1397 1398 1083 1091 1406 1407 1092
1027 5 2 1 1 1083 1398 1399 1084 1092 1407 1408 1093
1028 5 2 1 1 1084 1399 1400 1085 1093 1408 1409 1094
1029 5 2 1 1 1085 1400 1401 1086 1094 1409 1410 1095
1030 5 2 1 1 1086 1401 1402 1087 1095 1410 1411 1096
1031 5 2 1 1 1087 1402 1403 1088 1096 1411 1412 1097
1032 5 2 1 1 1088 1403 1404 1089 1097 1412 1413 1098
1033 5 2 1 1 1090 1405 1406 1091 1099 1414 1415 1100
1034 5 2 1 1 1091 1406 1407 1092 1100 1415 1416 1101
1035 5 2 1 1 1092 1407 1408 1093 1101 1416 1417 1102
1036 5 2 1 1 1093 1408 1409 1094 1102 1417 1418 1103
1037 5 2 1 1 1094 1409 1410 1095 1103 1418 1419 1104
1038 5 2 1 1 1095 1410 1411 1096 1104 1419 1420 1105
1039 5 2 1 1 1096 1411 1412 1097 1105 1420 1421 1106
1040 5 2 1 1 1097 1412 1413 1098 1106 1421 1422 1107
1041 5 2 1 1 1099 1414 1415 1100 1108 1423 1424 1109
1042 5 2 1 1 1100 1415 1416 1101 1109 1424 1425 1110
1043 5 2 1 1 1101 1416 1417 1102 1110 1425 1426 1111
1044 5 2 1 1 1102 1417 1418 1103 1111 1426 1427 1112
1045 5 2 1 1 1103 1418 1419 1104 1112 1427 1428 1113
1046 5 2 1 1 1104 1419 1420 1105 1113 1428 1429 1114
1047 5 2 1 1 1105 1420 1421 1106 1114 1429 1430 1115
1048 5 2 1 1 1106 1421 1422 1107 1115 1430 1431 1116
1049 5 2 1 1 1108 1423 1424 1109 1117 1432 1433 1118
1050 5 2 1 1 1109 1424 1425 1110 1118 1433 1434 1119
1051 5 2 1 1 1110 1425 1426 1111 1119 1434 1435 1120
1052 5 2 1 1 1111 1426 1427 1112 1120 1435 1436 1121
1053 5 2 1 1 1112 1427 1428 1113 1121 1436 1437 1122
1054 5 2 1 1 1113 1428 1429 1114 1122 1437 1438 1123
1055 5 2 1 1 1114 1429 1430 1115 1123 1438 1439 1124
1056 5 2 1 1 1115 1430 1431 1116 1124 1439 1440 1125
1057 5 2 1 1 1117 1432 1433 1118 1126 1441 1442 1127
1058 5 2 1 1 1118 1433 1434 1119 1127 1442 1443 1128
1059 5 2 1 1 1119 1434 1435 1120 1128 1443 1444 1129
1060 5 2 1 1 1120 1435 1436 1121 1129 1444 1445 1130
1061 5 2 1 1 1121 1436 1437 1122 1130 1445 1446 1131
1062 5 2 1 1 1122 1437 1438 1123 1131 1446 1447 1132
1063 5 2 1 1 1123 1438 1439 1124 1132 1447 1448 1133
1064 5 2 1 1 1124 1439 1440 1125 1133 1448 1449 1134
1065 5 2 1 1 1126 1441 1442 1127 1135 1450 1451 1136
1066 5 2 1 1 1127 1442 1443 1128 1136 1451 1452 1137
1067 5 2 1 1 1128 1443 1444 1129 1137 1452 1453 1138
1068 5 2 1 1 1129 1444 1445 1130 1138 1453 1454 1139
1069 5 2 1 1 1130 1445 1446 1131 1139 1454 1455 1140
1070 5 2 1 1 1131 1446 1447 1132 1140 1455 1456 1141
1071 5 2 1 1 1132 1447 1448 1133 1141 1456 1457 1142
1072 5 2 1 1 1133 1448 1449 1134 1142 1457 1458 1143
1073 5 2 1 1 1135 1450 1451 1136 1144 1459 1460 1145
1074 5 2 1 1 1136 1451 1452 1137 1145 1460 1461 1146
1075 5 2 1 1 1137 1452 1453 1138 1146 1461 1462 1147
1076 5 2 1 1 1138 1453 1454 1139 1147 1462 1463 1148
1077 5 2 1 1 1139 1454 1455 1140 1148 1463 1464 1149
1078 5 2 1 1 1140 1455 1456 1141 1149 1464 1465 1150
1079 5 2 1 1 1141 1456 1457 1142 1150 1465 1466 1151
1080 5 2 1 1 1142 1457 1458 1143 1151 1466 1467 1152
1081 5 2 1 1 1144 1459 1460 1145 1153 1468 1469 1154
1082 5 2 1 1 1145 1460 1461 1146 1154 1469 1470 1155
1083 5 2 1 1 1146 1461 1462 1147 1155 1470 1471 1156
1084 5 2 1 1 1147 1462 1463 1148 1156 1471 1472 1157
1085 5 2 1 1 1148 1463 1464 1149 1157 1472 1473 1158
1086 5 2 1 1 1149 1464 1465 1150 1158 1473 1474 1159
1087 5 2 1 1 1150 1465 1466 1151 1159 1474 1475 1160
1088 5 2 1 1 1151 1466 1467 1152 1160 1475 1476 1161
1089 5 2 1 1 1153 1468 1469 1154 1162 1477 1478 1163
1090 5 2 1 1 1154 1469 1470 1155 1163 1478 1479 1164
1091 5 2 1 1 1155 1470 1471 1156 1164 1479 1480 1165
1092 5 2 1 1 1156 1471 1472 1157 1165 1480 1481 1166
1093 5 2 1 1 1157 1472 1473 1158 1166 1481 1482 1167
1094 5 2 1 1 1158 1473 1474 1159 1167 1482 1483 1168
1095 5 2 1 1 1159 1474 1475 1160 1168 1483 1484 1169
1096 5 2 1 1 1160 1475 1476 1161 1169 1484 1485 1170
1097 5 2 1 1 1162 1477 1478 1163 1171 1486 1487 1172
1098 5 2 1 1 1163 1478 1479 1164 1172 1487 1488 1173
1099 5 2 1 1 1164 1479 1480 1165 1173 1488 1489 1174
1100 5 2 1 1 1165 1480 1481 1166 1174 1489 1490 1175
1101 5 2 1 1 1166 1481 1482 1167 1175 1490 1491 1176
1102 5 2 1 1 1167 1482 1483 1168 1176 1491 1492 1177
1103 5 2 1 1 1168 1483 1484 1169 1177 1492 1493 1178
1104 5 2 1 1 1169 1484 1485 1170 1178 1493 1494 1179
1105 5 2 1 1 1171 1486 1487 1172 1180 1495 1496 1181
1106 5 2 1 1 1172 1487 1488 1173 1181 1496 1497 1182
1107 5 2 1 1 1173 1488 1489 1174 1182 1497 1498 1183
1108 5 2 1 1 1174 1489 1490 1175 1183 1498 1499 1184
1109 5 2 1 1 1175 1490 1491 1176 1184 1499 1500 1185
1110 5 2 1 1 1176 1491 1492 1177 1185 1500 1501 1186
1111 5 2 1 1 1177 1492 1493 1178 1186 1501 1502 1187
1112 5 2 1 1 1178 1493 1494 1179 1187 1502 1503 1188
1113 5 2 1 1 1180 1495 1496 1181 1189 1504 1505 1190
1114 5 2 1 1 1181 1496 1497 1182 1190 1505 1506 1191
1115 5 2 1 1 1182 1497 1498 1183 1191 1506 1507 1192
1116 5 2 1 1 1183 1498 1499 1184 1192 1507 1508 1193
1117 5 2 1 1 1184 1499 1500 1185 1193 1508 1509 1194
1118 5 2 1 1 1185 1500 1501 1186 1194 1509 1510 1195
1119 5 2 1 1 1186 1501 1502 1187 1195 1510 1511 1196
1120 5 2 1 1 1187 1502 1503 1188 1196 1511 1512 1197
1121 6 2 1 1 1270 1198 1513 1271 1199 1514
1122 6 2 1 1 1271 1199 1514 1272 1200 1515
1123 6 2 1 1 1272 1200 1515 1273 1201 1516
1124 6 2 1 1 1273 1201 1516 1274 1202 1517
1125 6 2 1 1 1274 1202 1517 1275 1203 1518
1126 6 2 1 1 1275 1203 1518 1276 1204 1519
1127 6 2 1 1 1276 1204 1519 1277 1205 1520
1128 6 2 1 1 1277 1205 1520 1278 1206 1521
1129 6 2 1 1 1270 1513 1522 1271 1514 1523
1130 6 2 1 1 1271 1514 1523 1272 1515 1524
1131 6 2 1 1 1272 1515 1524 1273 1516 1525
1132 6 2 1 1 1273 1516 1525 1274 1517 1526
1133 6 2 1 1 1274 1517 1526 1275 1518 1527
1134 6 2 1 1 1275 1518 1527 1276 1519 1528
1135 6 2 1 1 1276 1519 1528 1277 1520 1529
1136 6 2 1 1 1277 1520 1529 1278 1521 1530
1137 6 2 1 1 1270 1522 1531 1271 1523 1532
1138 6 2 1 1 1271 1523 1532 1272 1524 1533
1139 6 2 1 1 1272 1524 1533 1273 1525 1534
1140 6 2 1 1 1273 1525 1534 1274 1526 1535
1141 6 2 1 1 1274 1526 1535 1275 1527 1536
1142 6 2 1 1 1275 1527 1536 1276 1528 1537
1143 6 2 1 1 1276 1528 1537 1277 1529 1538
1144 6 2 1 1 1277 1529 1538 1278 1530 1539
1145 6 2 1 1 1270 1531 1540 1271 1532 1541
1146 6 2 1 1 1271 1532 1541 1272 1533 1542
1147 6 2 1 1 1272 1533 1542 1273 1534 1543
1148 6 2 1 1 1273 1534 1543 1274 1535 1544
1149 6 2 1 1 1274 1535 1544 1275 1536 1545
1150 6 2 1 1 1275 1536 1545 1276 1537 1546
1151 6 2 1 1 1276 1537 1546 1277 1538 1547
1152 6 2 1 1 1277 1538 1547 1278 1539 1548
1153 6 2 1 1 1270 1540 1549 1271 1541 1550
1154 6 2 1 1 1271 1541 1550 1272 1542 1551
1155 6 2 1 1 1272 1542 1551 1273 1543 1552
1156 6 2 1 1 1273 1543 1552 1274 1544 1553
1157 6 2 1 1 1274 1544 1553 1275 1545 1554
1158 6 2 1 1 1275 1545 1554 1276 1546 1555
1159 6 2 1 1 1276 1546 1555 1277 1547 1556
1160 6 2 1 1 1277 1547 1556 1278 1548 1557
1161 6 2 1 1 1270 1549 1558 1271 1550 1559
1162 6 2 1 1 1271 1550 1559 1272 1551 1560
1163 6 2 1 1 1272 1551 1560 1273 1552 1561
1164 6 2 1 1 1273 1552 1561 1274 1553 1562
1165 6 2 1 1 1274 1553 1562 1275 1554 1563
1166 6 2 1 1 1275 1554 1563 1276 1555 1564
1167 6 2 1 1 1276 1555 1564 1277 1556 1565
1168 6 2 1 1 1277 1556 1565 1278 1557 1566
1169 6 2 1 1 1270 1558 1567 1271 1559 1568
1170 6 2 1 1 1271 1559 1568 1272 1560 1569
1171 6 2 1 1 1272 1560 1569 1273 1561 1570
1172 6 2 1 1 1273 1561 1570 1274 1562 1571
1173 6 2 1 1 1274 1562 1571 1275 1563 1572
1174 6 2 1 1 1275 1563 1572 1276 1564 1573
1175 6 2 1 1 1276 1564 1573 1277 1565 1574
1176 6 2 1 1 1277 1565 1574 1278 1566 1575
1177 6 2 1 1 1270 1567 1576 1271 1568 1577
1178 6 2 1 1 1271 1568 1577 1272 1569 1578
1179 6 2 1 1 1272 1569 1578 1273 1570 1579
1180 6 2 1 1 1273 1570 1579 1274 1571 1580
1181 6 2 1 1 1274 1571 1580 1275 1572 1581
1182 6 2 1 1 1275 1572 1581 1276 1573 1582
1183 6 2 1 1 1276 1573 1582 1277 1574 1583
1184 6 2 1 1 1277 1574 1583 1278 1575 1584
1185 6 2 1 1 1270 1576 1585 1271 1577 1586
1186 6 2 1 1 1271 1577 1586 1272 1578 1587
1187 6 2 1 1 1272 1578 1587 1273 1579 1588
1188 6 2 1 1 1273 1579 1588 1274 1580 1589
1189 6 2 1 1 1274 1580 1589 1275 1581 1590
1190 6 2 1 1 1275 1581 1590 1276 1582 1591
1191 6 2 1 1 1276 1582 1591 1277 1583 1592
1192 6 2 1 1 1277 1583 1592 1278 1584 1593
1193 5 2 1 1 1198 1513 1514 1199 1279 1594 1595 1280
1194 5 2 1 1 1199 1514 1515 1200 1280 1595 1596 1281
1195 5 2 1 1 1200 1515 1516 1201 1281 1596 1597 1282
1196 5 2 1 1 1201 1516 1517 1202 1282 1597 1598 1283
1197 5 2 1 1 1202 1517 1518 1203 1283 1598 1599 1284
1198 5 2 1 1 1203 1518 1519 1204 1284 1599 1600 1285
1199 5 2 1 1 1204 1519 1520 1205 1285 1600 1601 1286
1200 5 2 1 1 1205 1520 1521 1206 1286 1601 1602 1287
1201 5 2 1 1 1279 1594 1595 1280 1288 1603 1604 1289
1202 5 2 1 1 1280 1595 1596 1281 1289 1604 1605 1290
1203 5 2 1 1 1281 1596 1597 1282 1290 1605 1606 1291
1204 5 2 1 1 1282 1597 1598 1283 1291 1606 1607 1292
1205 5 2 1 1 1283 1598 1599 1284 1292 1607 1608 1293
1206 5 2 1 1 1284 1599 1600 1285 1293 1608 1609 1294
1207 5 2 1 1 1285 1600 1601 1286 1294 1609 1610 1295
1208 5 2 1 1 1286 1601 1602 1287 1295 1610 1611 1296
1209 5 2 1 1 1288 1603 1604 1289 1297 1612 1613 1298
1210 5 2 1 1 1289 1604 1605 1290 1298 1613 1614 1299
1211 5 2 1 1 1290 1605 1606 1291 1299 1614 1615 1300
1212 5 2 1 1 1291 1606 1607 1292 1300 1615 1616 1301
1213 5 2 1 1 1292 1607 1608 1293 1301 1616 1617 1302
1214 5 2 1 1 1293 1608 1609 1294 1302 1617 1618 1303
1215 5 2 1 1 1294 1609 1610 1295 1303 1618 1619 1304
1216 5 2 1 1 1295 1610 1611 1296 1304 1619 1620 1305
1217 5 2 1 1 1297 1612 1613 1298 1306 1621 1622 1307
1218 5 2 1 1 1298 1613 1614 1299 1307 1622 1623 1308
1219 5 2 1 1 1299 1614 1615 1300 1308 1623 1624 1309
1220 5 2 1 1 1300 1615 1616 1301 1309 1624 1625 1310
1221 5 2 1 1 1301 1616 1617 1302 1310 1625 1626 1311
1222 5 2 1 1 1302 1617 1618 1303 1311 1626 1627 1312
1223 5 2 1 1 1303 1618 1619 1304 1312 1627 1628 1313
1224 5 2 1 1 1304 1619 1620 1305 1313 1628 1629 1314
1225 5 2 1 1 1306 1621 1622 1307 1315 1630 1631 1316
1226 5 2 1 1 1307 1622 1623 1308 1316 1631 1632 1317
1227 5 2 1 1 1308 1623 1624 1309 1317 1632 1633 1318
1228 5 2 1 1 1309 1624 1625 1310 1318 1633 1634 1319
1229 5 2 1 1 1310 1625 1626 1311 1319 1634 1635 1320
1230 5 2 1 1 1311 1626 1627 1312 1320 1635 1636 1321
1231 5 2 1 1 1312 1627 1628 1313 1321 1636 1637 1322
1232 5 2 1 1 1313 1628 1629 1314 1322 1637 1638 1323
1233 5 2 1 1 1315 1630 1631 1316 1324 1639 1640 1325
1234 5 2 1 1 1316 1631 1632 1317 1325 1640 1641 1326
1235 5 2 1 1 1317 1632 1633 1318 1326 1641 1642 1327
1236 5 2 1 1 1318 1633 1634 1319 1327 1642 1643 1328
1237 5 2 1 1 1319 1634 1635 1320 1328 1643 1644 1329
1238 5 2 1 1 1320 1635 1636 1321 1329 1644 1645 1330
1239 5 2 1 1 1321 1636 1637 1322 1330 1645 1646 1331
1240 5 2 1 1 1322 1637 1638 1323 1331 1646 1647 1332
1241 5 2 1 1 1324 1639 1640 1325 1333 1648 1649 1334
1242 5 2 1 1 1325 1640 1641 1326 1334 1649 1650 1335
1243 5 2 1 1 1326 1641 1642 1327 1335 1650 1651 1336
1244 5 2 1 1 1327 1642 1643 1328 1336 1651 1652 1337
1245 5 2 1 1 1328 1643 1644 1329 1337 1652 1653 1338
1246 5 2 1 1 1329 1644 1645 1330 1338 1653 1654 1339
1247 5 2 1 1 1330 1645 1646 1331 1339 1654 1655 1340
1248 5 2 1 1 1331 1646 1647 1332 1340 1655 1656 1341
1249 5 2 1 1 1333 1648 1649 1334 1342 1657 1658 1343
1250 5 2 1 1 1334 1649 1650 1335 1343 1658 1659 1344
1251 5 2 1 1 1335 1650 1651 1336 1344 1659 1660 1345
1252 5 2 1 1 1336 1651 1652 1337 1345 1660 1661 1346
1253 5 2 1 1 1337 1652 1653 1338 1346 1661 1662 1347
1254 5 2 1 1 1338 1653 1654 1339 1347 1662 1663 1348
1255 5 2 1 1 1339 1654 1655 1340 1348 1663 1664 1349
1256 5 2 1 1 1340 1655 1656 1341 1349 1664 1665 1350
1257 5 2 1 1 1342 1657 1658 1343 1351 1666 1667 1352
1258 5 2 1 1 1343 1658 1659 1344 1352 1667 1668 1353
1259 5 2 1 1 1344 1659 1660 1345 1353 1668 1669 1354
1260 5 2 1 1 1345 1660 1661 1346 1354 1669 1670 1355
1261 5 2 1 1 1346 1661 1662 1347 1355 1670 1671 1356
1262 5 2 1 1 1347 1662 1663 1348 1356 1671 1672 1357
1263 5 2 1 1 1348 1663 1664 1349 1357 1672 1673 1358
1264 5 2 1 1 1349 1664 1665 1350 1358 1673 1674 1359
1265 5 2 1 1 1351 1666 1667 1352 1360 1675 1676 1361
1266 5 2 1 1 1352 1667 1668 1353 1361 1676 1677 1362
1267 5 2 1 1 1353 1668 1669 1354 1362 1677 1678 1363
1268 5 2 1 1 1354 1669 1670 1355 1363 1678 1679 1364
1269 5 2 1 1 1355 1670 1671 1356 1364 1679 1680 1365
1270 5 2 1 1 1356 1671 1672 1357 1365 1680 1681 1366
1271 5 2 1 1 1357 1672 1673 1358 1366 1681 1682 1367
1272 5 2 1 1 1358 1673 1674 1359 1367 1682 1683 1368
1273 5 2 1 1 1360 1675 1676 1361 1369 1684 1685 1370
1274 5 2 1 1 1361 1676 1677 1362 1370 1685 1686 1371
1275 5 2 1 1 1362 1677 1678 1363 1371 1686 1687 1372
1276 5 2 1 1 1363 1678 1679 1364 1372 1687 1688 1373
1277 5 2 1 1 1364 1679 1680 1365 1373 1688 1689 1374
1278 5 2 1 1 1365 1680 1681 1366 1374 1689 1690 1375
1279 5 2 1 1 1366 1681 1682 1367 1375 1690 1691 1376
1280 5 2 1 1 1367 1682 1683 1368 1376 1691 1692 1377
1281 5 2 1 1 1369 1684 1685 1370 1378 1693 1694 1379
1282 5 2 1 1 1370 1685 1686 1371 1379 1694 1695 1380
1283 5 2 1 1 1371 1686 1687 1372 1380 1695 1696 1381
1284 5 2 1 1 1372 1687 1688 1373 1381 1696 1697 1382
1285 5 2 1 1 1373 1688 1689 1374 1382 1697 1698 1383
1286 5 2 1 1 1374 1689 1690 1375 1383 1698 1699 1384
1287 5 2 1 1 1375 1690 1691 1376 1384 1699 1700 1385
1288 5 2 1 1 1376 1691 1692 1377 1385 1700 1701 1386
1289 5 2 1 1 1378 1693 1694 1379 1387 1702 1703 1388
1290 5 2 1 1 1379 1694 1695 1380 1388 1703 1704 1389
1291 5 2 1 1 1380 1695 1696 1381 1389 1704 1705 1390
1292 5 2 1 1 1381 1696 1697 1382 1390 1705 1706 1391
1293 5 2 1 1 1382 1697 1698 1383 1391 1706 1707 1392
1294 5 2 1 1 1383 1698 1699 1384 1392 1707 1708 1393
1295 5 2 1 1 1384 1699 1700 1385 1393 1708 1709 1394
1296 5 2 1 1 1385 1700 1701 1386 1394 1709 1710 1395
1297 5 2 1 1 1387 1702 1703 1388 1396 1711 1712 1397
1298 5 2 1 1 1388 1703 1704 1389 1397 1712 1713 1398
1299 5 2 1 1 1389 1704 1705 1390 1398 1713 1714 1399
1300 5 2 1 1 1390 1705 1706 1391 1399 1714 1715 1400
1301 5 2 1 1 1391 1706 1707 1392 1400 1715 1716 1401
1302 5 2 1 1 1392 1707 1708 1393 1401 1716 1717 1402
1303 5 2 1 1 1393 1708 1709 1394 1402 1717 1718 1403
1304 5 2 1 1 1394 1709 1710 1395 1403 1718 1719 1404
1305 5 2 1 1 1396 1711 1712 1397 1405 1720 1721 1406
1306 5 2 1 1 1397 1712 1713 1398 1406 1721 1722 1407
1307 5 2 1 1 1398 1713 1714 1399 1407 1722 1723 1408
1308 5 2 1 1 1399 1714 1715 1400 1408 1723 1724 1409
1309 5 2 1 1 1400 1715 1716 1401 1409 1724 1725 1410
1310 5 2 1 1 1401 1716 1717 1402 1410 1725 1726 1411
1311 5 2 1 1 1402 1717 1718 1403 1411 1726 1727 1412
1312 5 2 1 1 1403 1718 1719 1404 1412 1727 1728 1413
1313 5 2 1 1 1405 1720 1721 1406 1414 1729 1730 1415
1314 5 2 1 1 1406 1721 1722 1407 1415 1730 1731 1416
1315 5 2 1 1 1407 1722 1723 1408 1416 1731 1732 1417
1316 5 2 1 1 1408 1723 1724 1409 1417 1732 1733 1418
1317 5 2 1 1 1409 1724 1725 1410 1418 1733 1734 1419
1318 5 2 1 1 1410 1725 1726 1411 1419 1734 1735 1420
1319 5 2 1 1 1411 1726 1727 1412 1420 1735 1736 1421
1320 5 2 1 1 1412 1727 1728 1413 1421 1736 1737 1422
1321 5 2 1 1 1414 1729 1730 1415 1423 1738 1739 1424
1322 5 2 1 1 1415 1730 1731 1416 1424 1739 1740 1425
1323 5 2 1 1 1416 1731 1732 1417 1425 1740 1741 1426
1324 5 2 1 1 1417 1732 1733 1418 1426 1741 1742 1427
1325 5 2 1 1 1418 1733 1734 1419 1427 1742 1743 1428
1326 5 2 1 1 1419 1734 1735 1420 1428 1743 1744 1429
1327 5 2 1 1 1420 1735 1736 1421 1429 1744 1745 1430
1328 5 2 1 1 1421 1736 1737 1422 1430 1745 1746 1431
1329 5 2 1 1 1423 1738 1739 1424 1432 1747 1748 1433
1330 5 2 1 1 1424 1739 1740 1425 1433 1748 1749 1434
1331 5 2 1 1 1425 1740 1741 1426 1434 1749 1750 1435
1332 5 2 1 1 1426 1741 1742 1427 1435 1750 1751 1436
1333 5 2 1 1 1427 1742 1743 1428 1436 1751 1752 1437
1334 5 2 1 1 1428 1743 1744 1429 1437 1752 1753 1438
1335 5 2 1 1 1429 1744 1745 1430 1438 1753 1754 1439
1336 5 2 1 1 1430 1745 1746 1431 1439 1754 1755 1440
1337 5 2 1 1 1432 1747 1748 1433 1441 1756 1757 1442
1338 5 2 1 1 1433 1748 1749 1434 1442 1757 1758 1443
1339 5 2 1 1 1434 1749 1750 1435 1443 1758 1759 1444
1340 5 2 1 1 1435 1750 1751 1436 1444 1759 1760 1445
1341 5 2 1 1 1436 1751 1752 1437 1445 1760 1761 1446
1342 5 2 1 1 1437 1752 1753 1438 1446 1761 1762 1447
1343 5 2 1 1 1438 1753 1754 1439 1447 1762 1763 1448
1344 5 2 1 1 1439 1754 1755 1440 1448 1763 1764 1449
1345 5 2 1 1 1441 1756 1757 1442 1450 1765 1766 1451
1346 5 2 1 1 1442 1757 1758 1443 1451 1766 1767 1452
1347 5 2 1 1 1443 1758 1759 1444 1452 1767 1768 1453
1348 5 2 1 1 1444 1759 1760 1445 1453 1768 1769 1454
1349 5 2 1 1 1445 1760 1761 1446 1454 1769 1770 1455
1350 5 2 1 1 1446 1761 1762 1447 1455 1770 1771 1456
1351 5 2 1 1 1447 1762 1763 1448 1456 1771 1772 1457
1352 5 2 1 1 1448 1763 1764 1449 1457 1772 1773 1458
1353 5 2 1 1 1450 1765 1766 1451 1459 1774 1775 1460
1354 5 2 1 1 1451 1766 1767 1452 1460 1775 1776 1461
1355 5 2 1 1 1452 1767 1768 1453 1461 1776 1777 1462
1356 5 2 1 1 1453 1768 1769 1454 1462 1777 1778 1463
1357 5 2 1 1 1454 1769 1770 1455 1463 1778 1779 1464
1358 5 2 1 1 1455 1770 1771 1456 1464 1779 1780 1465
1359 5 2 1 1 1456 1771 1772 1457 1465 1780 1781 1466
1360 5 2 1 1 1457 1772 1773 1458 1466 1781 1782 1467
1361 5 2 1 1 1459 1774 1775 1460 1468 1783 1784 1469
1362 5 2 1 1 1460 1775 1776 1461 1469 1784 1785 1470
1363 5 2 1 1 1461 1776 1777 1462 1470 1785 1786 1471
1364 5 2 1 1 1462 1777 1778 1463 1471 1786 1787 1472
1365 5 2 1 1 1463 1778 1779 1464 1472 1787 1788 1473
1366 5 2 1 1 1464 1779 1780 1465 1473 1788 1789 1474
1367 5 2 1 1 1465 1780 1781 1466 1474 1789 1790 1475
1368 5 2 1 1 1466 1781 1782 1467 1475 1790 1791 1476
1369 5 2 1 1 1468 1783 1784 1469 1477 1792 1793 1478
1370 5 2 1 1 1469 1784 1785 1470 1478 1793 1794 1479
1371 5 2 1 1 1470 1785 1786 1471 1479 1794 1795 1480
1372 5 2 1 1 1471 1786 1787 1472 1480 1795 1796 1481
1373 5 2 1 1 1472 1787 1788 1473 1481 1796 1797 1482
1374 5 2 1 1 1473 1788 1789 1474 1482 1797 1798 1483
1375 5 2 1 1 1474 1789 1790 1475 1483 1798 1799 1484
1376 5 2 1 1 1475 1790 1791 1476 1484 1799 1800 1485
1377 5 2 1 1 1477 1792 1793 1478 1486 1801 1802 1487
1378 5 2 1 1 1478 1793 1794 1479 1487 1802 1803 1488
1379 5 2 1 1 1479 1794 1795 1480 1488 1803 1804 1489
1380 5 2 1 1 1480 1795 1796 1481 1489 1804 1805 1490
1381 5 2 1 1 1481 1796 1797 1482 1490 1805 1806 1491
1382 5 2 1 1 1482 1797 1798 1483 1491 1806 1807 1492
1383 5 2 1 1 1483 1798 1799 1484 1492 1807 1808 1493
1384 5 2 1 1 1484 1799 1800 1485 1493 1808 1809 1494
1385 5 2 1 1 1486 1801 1802 1487 1495 1810 1811 1496
1386 5 2 1 1 1487 1802 1803 1488 1496 1811 1812 1497
1387 5 2 1 1 1488 1803 1804 1489 1497 1812 1813 1498
1388 5 2 1 1 1489 1804 1805 1490 1498 1813 1814 1499
1389 5 2 1 1 1490 1805 1806 1491 1499 1814 1815 1500
1390 5 2 1 1 1491 1806 1807 1492 1500 1815 1816 1501
1391 5 2 1 1 1492 1807 1808 1493 1501 1816 1817 1502
1392 5 2 1 1 1493 1808 1809 1494 1502 1817 1818 1503
1393 5 2 1 1 1495 1810 1811 1496 1504 1819 1820 1505
1394 5 2 1 1 1496 1811 1812 1497 1505 1820 1821 1506
1395 5 2 1 1 1497 1812 1813 1498 1506 1821 1822 1507
1396 5 2 1 1 1498 1813 1814 1499 1507 1822 1823 1508
1397 5 2 1 1 1499 1814 1815 1500 1508 1823 1824 1509
1398 5 2 1 1 1500 1815 1816 1501 1509 1824 1825 1510
1399 5 2 1 1 1501 1816 1817 1502 1510 1825 1826 1511
1400 5 2 1 1 1502 1817 1818 1503 1511 1826 1827 1512
1401 6 2 1 1 1585 1513 1828 1586 1514 1829
1402 6 2 1 1 1586 1514 1829 1587 1515 1830
1403 6 2 1 1 1587 1515 1830 1588 1516 1831
1404 6 2 1 1 1588 1516 1831 1589 1517 1832
1405 6 2 1 1 1589 1517 1832 1590 1518 1833
1406 6 2 1 1 1590 1518 1833 1591 1519 1834
1407 6 2 1 1 1591 1519 1834 1592 1520 1835
1408 6 2 1 1 1592 1520 1835 1593 1521 1836
1409 6 2 1 1 1585 1828 1837 1586 1829 1838
1410 6 2 1 1 1586 1829 1838 1587 1830 1839
1411 6 2 1 1 1587 1830 1839 1588 1831 1840
1412 6 2 1 1 1588 1831 1840 1589 1832 1841
1413 6 2 1 1 1589 1832 1841 1590 1833 1842
1414 6 2 1 1 1590 1833 1842 1591 1834 1843
1415 6 2 1 1 1591 1834 1843 1592 1835 1844
1416 6 2 1 1 1592 1835 1844 1593 1836 1845
1417 6 2 1 1 1585 1837 1846 1586 1838 1847
1418 6 2 1 1 1586 1838 1847 1587 1839 1848
1419 6 2 1 1 1587 1839 1848 1588 1840 1849
1420 6 2 1 1 1588 1840 1849 1589 1841 1850
1421 6 2 1 1 1589 1841 1850 1590 1842 1851
1422 6 2 1 1 1590 1842 1851 1591 1843 1852
1423 6 2 1 1 1591 1843 1852 1592 1844 1853
1424 6 2 1 1 1592 1844 1853 1593 1845 1854
1425 6 2 1 1 1585 1846 1855 1586 1847 1856
1426 6 2 1 1 1586 1847 1856 1587 1848 1857
1427 6 2 1 1 1587 1848 1857 1588 1849 1858
1428 6 2 1 1 1588 1849 1858 1589 1850 1859
1429 6 2 1 1 1589 1850 1859 1590 1851 1860
1430 6 2 1 1 1590 1851 1860 1591 1852 1861
1431 6 2 1 1 1591 1852 1861 1592 1853 1862
1432 6 2 1 1 1592 1853 1862 1593 1854 1863
1433 6 2 1 1 1585 1855 1864 1586 1856 1865
1434 6 2 1 1 1586 1856 1865 1587 1857 1866
1435 6 2 1 1 1587 1857 1866 1588 1858 1867
1436 6 2 1 1 1588 1858 1867 1589 1859 1868
1437 6 2 1 1 1589 1859 1868 1590 1860 1869
1438 6 2 1 1 1590 1860 1869 1591 1861 1870
1439 6 2 1 1 1591 1861 1870 1592 1862 1871
1440 6 2 1 1 1592 1862 1871 1593 1863 1872
1441 6 2 1 1 1585 1864 1873 1586 1865 1874
1442 6 2 1 1 1586 1865 1874 1587 1866 1875
1443 6 2 1 1 1587 1866 1875 1588 1867 1876
1444 6 2 1 1 1588 1867 1876 1589 1868 1877
1445 6 2 1 1 1589 1868 1877 1590 1869 1878
1446 6 2 1 1 1590 1869 1878 1591 1870 1879
1447 6 2 1 1 1591 1870 1879 1592 1871 1880
1448 6 2 1 1 1592 1871 1880 1593 1872 1881
1449 6 2 1 1 1585 1873 1882 1586 1874 1883
1450 6 2 1 1 1586 1874 1883 1587 1875 1884
1451 6 2 1 1 1587 1875 1884 1588 1876 1885
1452 6 2 1 1 1588 1876 1885 1589 1877 1886
1453 6 2 1 1 1589 1877 1886 1590 1878 1887
1454 6 2 1 1 1590 1878 1887 1591 1879 1888
1455 6 2 1 1 1591 1879 1888 1592 1880 1889
1456 6 2 1 1 1592 1880 1889 1593 1881 1890
1457 6 2 1 1 1585 1882 1891 1586 1883 1892
1458 6 2 1 1 1586 1883 1892 1587 1884 1893
1459 6 2 1 1 1587 1884 1893 1588 1885 1894
1460 6 2 1 1 1588 1885 1894 1589 1886 1895
1461 6 2 1 1 1589 1886 1895 1590 1887 1896
1462 6 2 1 1 1590 1887 1896 1591 1888 1897
1463 6 2 1 1 1591 1888 1897 1592 1889 1898
1464 6 2 1 1 1592 1889 1898 1593 1890 1899
1465 6 2 1 1 1585 1891 1900 1586 1892 1901
1466 6 2 1 1 1586 1892 1901 1587 1893 1902
1467 6 2 1 1 1587 1893 1902 1588 1894 1903
1468 6 2 1 1 1588 1894 1903 1589 1895 1904
1469 6 2 1 1 1589 1895 1904 1590 1896 1905
1470 6 2 1 1 1590 1896 1905 1591 1897 1906
1471 6 2 1 1 1591 1897 1906 1592 1898 1907
1472 6 2 1 1 1592 1898 1907 1593 1899 1908
1473 5 2 1 1 1513 1828 1829 1514 1594 1909 1910 1595
1474 5 2 1 1 1514 1829 1830 1515 1595 1910 1911 1596
1475 5 2 1 1 1515 1830 1831 1516 1596 1911 1912 1597
1476 5 2 1 1 1516 1831 1832 1517 1597 1912 1913 1598
1477 5 2 1 1 1517 1832 1833 1518 1598 1913 1914 1599
1478 5 2 1 1 1518 1833 1834 1519 1599 1914 1915 1600
1479 5 2 1 1 1519 1834 1835 1520 1600 1915 1916 1601
1480 5 2 1 1 1520 1835 1836 1521 1601 1916 1917 1602
1481 5 2 1 1 1594 1909 1910 1595 1603 1918 1919 1604
1482 5 2 1 1 1595 1910 1911 1596 1604 1919 1920 1605
1483 5 2 1 1 1596 1911 1912 1597 1605 1920 1921 1606
1484 5 2 1 1 1597 1912 1913 1598 1606 1921 1922 1607
1485 5 2 1 1 1598 1913 1914 1599 1607 1922 1923 1608
1486 5 2 1 1 1599 1914 1915 1600 1608 1923 1924 1609
1487 5 2 1 1 1600 1915 1916 1601 1609 1924 1925 1610
1488 5 2 1 1 1601 1916 1917 1602 1610 1925 1926 1611
1489 5 2 1 1 1603 1918 1919 1604 1612 1927 1928 1613
1490 5 2 1 1 1604 1919 1920 1605 1613 1928 1929 1614
1491 5 2 1 1 1605 1920 1921 1606 1614 1929 1930 1615
1492 5 2 1 1 1606 1921 1922 1607 1615 1930 1931 1616
1493 5 2 1 1 1607 1922 1923 1608 1616 1931 1932 1617
1494 5 2 1 1 1608 1923 1924 1609 1617 1932 1933 1618
1495 5 2 1 1 1609 1924 1925 1610 1618 1933 1934 1619
1496 5 2 1 1 1610 1925 1926 1611 1619 1934 1935 1620
1497 5 2 1 1 1612 1927 1928 1613 1621 1936 1937 1622
1498 5 2 1 1 1613 1928 1929 1614 1622 1937 1938 1623
1499 5 2 1 1 1614 1929 1930 1615 1623 1938 1939 1624
1500 5 2 1 1 1615 1930 1931 1616 1624 1939 1940 1625
1501 5 2 1 1 1616 1931 1932 1617 1625 1940 1941 1626
1502 5 2 1 1 1617 1932 1933 1618 1626 1941 1942 1627
1503 5 2 1 1 1618 1933 1934 1619 1627 1942 1943 1628
1504 5 2 1 1 1619 1934 1935 1620 1628 1943 1944 1629
1505 5 2 1 1 1621 1936 1937 1622 1630 1945 1946 1631
1506 5 2 1 1 1622 1937 1938 1623 1631 1946 1947 1632
1507 5 2 1 1 1623 1938 1939 1624 1632 1947 1948 1633
1508 5 2 1 1 1624 1939 1940 1625 1633 1948 1949 1634
1509 5 2 1 1 1625 1940 1941 1626 1634 1949 1950 1635
1510 5 2 1 1 1626 1941 1942 1627 1635 1950 1951 1636
1511 5 2 1 1 1627 1942 1943 1628 1636 1951 1952 1637
1512 5 2 1 1 1628 1943 1944 1629 1637 1952 1953 1638
1513 5 2 1 1 1630 1945 1946 1631 1639 1954 1955 1640
1514 5 2 1 1 1631 1946 1947 1632 1640 1955 1956 1641
1515 5 2 1 1 1632 1947 1948 1633 1641 1956 1957 1642
1516 5 2 1 1 1633 1948 1949 1634 1642 1957 1958 1643
1517 5 2 1 1 1634 1949 1950 1635 1643 1958 1959 1644
1518 5 2 1 1 1635 1950 1951 1636 1644 1959 1960 1645
1519 5 2 1 1 1636 1951 1952 1637 1645 1960 1961 1646
1520 5 2 1 1 1637 1952 1953 1638 1646 1961 1962 1647
1521 5 2 1 1 1639 1954 1955 1640 1648 1963 1964 1649
1522 5 2 1 1 1640 1955 1956 1641 1649 1964 1965 1650
1523 5 2 1 1 1641 1956 1957 1642 1650 1965 1966 1651
1524 5 2 1 1 1642 1957 1958 1643 1651 1966 1967 1652
1525 5 2 1 1 1643 1958 1959 1644 1652 1967 1968 1653
1526 5 2 1 1 1644 1959 1960 1645 1653 1968 1969 1654
1527 5 2 1 1 1645 1960 1961 1646 1654 1969 1970 1655
1528 5 2 1 1 1646 1961 1962 1647 1655 1970 1971 1656
1529 5 2 1 1 1648 1963 1964 1649 1657 1972 1973 1658
1530 5 2 1 1 1649 1964 1965 1650 1658 1973 1974 1659
1531 5 2 1 1 1650 1965 1966 1651 1659 1974 1975 1660
1532 5 2 1 1 1651 1966 1967 1652 1660 1975 1976 1661
1533 5 2 1 1 1652 1967 1968 1653 1661 1976 1977 1662
1534 5 2 1 1 1653 1968 1969 1654 1662 1977 1978 1663
1535 5 2 1 1 1654 1969 1970 1655 1663 1978 1979 1664
1536 5 2 1 1 1655 1970 1971 1656 1664 1979 1980 1665
1537 5 2 1 1 1657 1972 1973 1658 1666 1981 1982 1667
1538 5 2 1 1 1658 1973 1974 1659 1667 1982 1983 1668
1539 5 2 1 1 1659 1974 1975 1660 1668 1983 1984 1669
1540 5 2 1 1 1660 1975 1976 1661 1669 1984 1985 1670
1541 5 2 1 1 1661 1976 1977 1662 1670 1985 1986 1671
1542 5 2 1 1 1662 1977 1978 1663 1671 1986 1987 1672
1543 5 2 1 1 1663 1978 1979 1664 1672 1987 1988 1673
1544 5 2 1 1 1664 1979 1980 1665 1673 1988 1989 1674
1545 5 2 1 1 1666 1981 1982 1667 1675 1990 1991 1676
1546 5 2 1 1 1667 1982 1983 1668 1676 1991 1992 1677
1547 5 2 1 1 1668 1983 1984 1669 1677 1992 1993 1678
1548 5 2 1 1 1669 1984 1985 1670 1678 1993 1994 1679
1549 5 2 1 1 1670 1985 1986 1671 1679 1994 1995 1680
1550 5 2 1 1 1671 1986 1987 1672 1680 1995 1996 1681
1551 5 2 1 1 1672 1987 1988 1673 1681 1996 1997 1682
1552 5 2 1 1 1673 1988 1989 1674 1682 1997 1998 1683
1553 5 2 1 1 1675 1990 1991 1676 1684 1999 2000 1685
1554 5 2 1 1 1676 1991 1992 1677 1685 2000 2001 1686
1555 5 2 1 1 1677 1992 1993 1678 1686 2001 2002 1687
1556 5 2 1 1 1678 1993 1994 1679 1687 2002 2003 1688
1557 5 2 1 1 1679 1994 1995 1680 1688 2003 2004 1689
1558 5 2 1 1 1680 1995 1996 1681 1689 2004 2005 1690
1559 5 2 1 1 1681 1996 1997 1682 1690 2005 2006 1691
1560 5 2 1 1 1682 1997 1998 1683 1691 2006 2007 1692
1561 5 2 1 1 1684 1999 2000 1685 1693 2008 2009 1694
1562 5 2 1 1 1685 2000 2001 1686 1694 2009 2010 1695
1563 5 2 1 1 1686 2001 2002 1687 1695 2010 2011 1696
1564 5 2 1 1 1687 2002 2003 1688 1696 2011 2012 1697
1565 5 2 1 1 1688 2003 2004 1689 1697 2012 2013 1698
1566 5 2 1 1 1689 2004 2005 1690 1698 2013 2014 1699
1567 5 2 1 1 1690 2005 2006 1691 1699 2014 2015 1700
1568 5 2 1 1 1691 2006 2007 1692 1700 2015 2016 1701
1569 5 2 1 1 1693 2008 2009 1694 1702 2017 2018 1703
1570 5 2 1 1 1694 2009 2010 1695 1703 2018 2019 1704
1571 5 2 1 1 1695 2010 2011 1696 1704 2019 2020 1705
1572 5 2 1 1 1696 2011 2012 1697 1705 2020 2021 1706
1573 5 2 1 1 1697 2012 2013 1698 1706 2021 2022 1707
1574 5 2 1 1 1698 2013 2014 1699 1707 2022 2023 1708
1575 5 2 1 1 1699 2014 2015 1700 1708 2023 2024 1709
1576 5 2 1 1 1700 2015 2016 1701 1709 2024 2025 1710
1577 5 2 1 1 1702 2017 2018 1703 1711 2026 2027 1712
1578 5 2 1 1 1703 2018 2019 1704 1712 2027 2028 1713
1579 5 2 1 1 1704 2019 2020 1705 1713 2028 2029 1714
1580 5 2 1 1 1705 2020 2021 1706 1714 2029 2030 1715
1581 5 2 1 1 1706 2021 2022 1707 1715 2030 2031 1716
1582 5 2 1 1 1707 2022 2023 1708 1716 2031 2032 1717
1583 5 2 1 1 1708 2023 2024 1709 1717 2032 2033 1718
1584 5 2 1 1 1709 2024 2025 1710 1718 2033 2034 1719
1585 5 2 1 1 1711 2026 2027 1712 1720 2035 2036 1721
1586 5 2 1 1 1712 2027 2028 1713 1721 2036 2037 1722
1587 5 2 1 1 1713 2028 2029 1714 1722 2037 2038 1723
1588 5 2 1 1 1714 2029 2030 1715 1723 2038 2039 1724
1589 5 2 1 1 1715 2030 2031 1716 1724 2039 2040 1725
1590 5 2 1 1 1716 2031 2032 1717 1725 2040 2041 1726
1591 5 2 1 1 1717 2032 2033 1718 1726 2041 2042 1727
1592 5 2 1 1 1718 2033 2034 1719 1727 2042 2043 1728
1593 5 2 1 1 1720 2035 2036 1721 1729 2044 2045 1730
1594 5 2 1 1 1721 2036 2037 1722 1730 2045 2046 1731
1595 5 2 1 1 1722 2037 2038 1723 1731 2046 2047 1732
1596 5 2 1 1 1723 2038 2039 1724 1732 2047 2048 1733
1597 5 2 1 1 1724 2039 2040 1725 1733 2048 2049 1734
1598 5 2 1 1 1725 2040 2041 1726 1734 2049 2050 1735
1599 5 2 1 1 1726 2041 2042 1727 1735 2050 2051 1736
1600 5 2 1 1 1727 2042 2043 1728 1736 2051 2052 1737
1601 5 2 1 1 1729 2044 2045 1730 1738 2053 2054 1739
1602 5 2 1 1 1730 2045 2046 1731 1739 2054 2055 1740
1603 5 2 1 1 1731 2046 2047 1732 1740 2055 2056 1741
1604 5 2 1 1 1732 2047 2048 1733 1741 2056 2057 1742
1605 5 2 1 1 1733 2048 2049 1734 1742 2057 2058 1743
1606 5 2 1 1 1734 2049 2050 1735 1743 2058 2059 1744
1607 5 2 1 1 1735 2050 2051 1736 1744 2059 2060 1745
1608 5 2 1 1 1736 2051 2052 1737 1745 2060 2061 1746
1609 5 2 1 1 1738 2053 2054 1739 1747 2062 2063 1748
1610 5 2 1 1 1739 2054 2055 1740 1748 2063 2064 1749
1611 5 2 1 1 1740 2055 2056 1741 1749 2064 2065 1750
1612 5 2 1 1 1741 2056 2057 1742 1750 2065 2066 1751
1613 5 2 1 1 1742 2057 2058 1743 1751 2066 2067 1752
1614 5 2 1 1 1743 2058 2059 1744 1752 2067 2068 1753
1615 5 2 1 1 1744 2059 2060 1745 1753 2068 2069 1754
1616 5 2 1 1 1745 2060 2061 1746 1754 2069 2070 1755
1617 5 2 1 1 1747 2062 2063 1748 1756 2071 2072 1757
1618 5 2 1 1 1748 2063 2064 1749 1757 2072 2073 1758
1619 5 2 1 1 1749 2064 2065 1750 1758 2073 2074 1759
1620 5 2 1 1 1750 2065 2066 1751 1759 2074 2075 1760
1621 5 2 1 1 1751 2066 2067 1752 1760 2075 2076 1761
1622 5 2 1 1 1752 2067 2068 1753 1761 2076 2077 1762
1623 5 2 1 1 1753 2068 2069 1754 1762 2077 2078 1763
1624 5 2 1 1 1754 2069 2070 1755 1763 2078 2079 1764
1625 5 2 1 1 1756 2071 2072 1757 1765 2080 2081 1766
1626 5 2 1 1 1757 2072 2073 1758 1766 2081 2082 1767
1627 5 2 1 1 1758 2073 2074 1759 1767 2082 2083 1768
1628 5 2 1 1 1759 2074 2075 1760 1768 2083 2084 1769
1629 5 2 1 1 1760 2075 2076 1761 1769 2084 2085 1770
1630 5 2 1 1 1761 2076 2077 1762 1770 2085 2086 1771
1631 5 2 1 1 1762 2077 2078 1763 1771 2086 2087 1772
1632 5 2 1 1 1763 2078 2079 1764 1772 2087 2088 1773
1633 5 2 1 1 1765 2080 2081 1766 1774 2089 2090 1775
1634 5 2 1 1 1766 2081 2082 1767 1775 2090 2091 1776
1635 5 2 1 1 1767 2082 2083 1768 1776 2091 2092 1777
1636 5 2 1 1 1768 2083 2084 1769 1777 2092 2093 1778
1637 5 2 1 1 1769 2084 2085 1770 1778 2093 2094 1779
1638 5 2 1 1 1770 2085 2086 1771 1779 2094 2095 1780
1639 5 2 1 1 1771 2086 2087 1772 1780 2095 2096 1781
1640 5 2 1 1 1772 2087 2088 1773 1781 2096 2097 1782
1641 5 2 1 1 1774 2089 2090 1775 1783 2098 2099 1784
1642 5 2 1 1 1775 2090 2091 1776 1784 2099 2100 1785
1643 5 2 1 1 1776 2091 2092 1777 1785 2100 2101 1786
1644 5 2 1 1 1777 2092 2093 1778 1786 2101 2102 1787
1645 5 2 1 1 1778 2093 2094 1779 1787 2102 2103 1788
1646 5 2 1 1 1779 2094 2095 1780 1788 2103 2104 1789
1647 5 2 1 1 1780 2095 2096 1781 1789 2104 2105 1790
1648 5 2 1 1 1781 2096 2097 1782 1790 2105 2106 1791
1649 5 2 1 1 1783 2098 2099 1784 1792 2107 2108 1793
1650 5 2 1 1 1784 2099 2100 1785 1793 2108 2109 1794
1651 5 2 1 1 1785 2100 2101 1786 1794 2109 2110 1795
1652 5 2 1 1 1786 2101 2102 1787 1795 2110 2111 1796
1653 5 2 1 1 1787 2102 2103 1788 1796 2111 2112 1797
1654 5 2 1 1 1788 2103 2104 1789 1797 2112 2113 1798
1655 5 2 1 1 1789 2104 2105 1790 1798 2113 2114 1799
1656 5 2 1 1 1790 2105 2106 1791 1799 2114 2115 1800
1657 5 2 1 1 1792 2107 2108 1793 1801 2116 2117 1802
1658 5 2 1 1 1793 2108 2109 1794 1802 2117 2118 1803
1659 5 2 1 1 1794 2109 2110 1795 1803 2118 2119 1804
1660 5 2 1 1 1795 2110 2111 1796 1804 2119 2120 1805
1661 5 2 1 1 1796 2111 2112 1797 1805 2120 2121 1806
1662 5 2 1 1 1797 2112 2113 1798 1806 2121 2122 1807
1663 5 2 1 1 1798 2113 2114 1799 1807 2122 2123 1808
1664 5 2 1 1 1799 2114 2115 1800 1808 2123 2124 1809
1665 5 2 1 1 1801 2116 2117 1802 1810 2125 2126 1811
1666 5 2 1 1 1802 2117 2118 1803 1811 2126 2127 1812
1667 5 2 1 1 1803 2118 2119 1804 1812 2127 2128 1813
1668 5 2 1 1 1804 2119 2120 1805 1813 2128 2129 1814
1669 5 2 1 1 1805 2120 2121 1806 1814 2129 2130 1815
1670 5 2 1 1 1806 2121 2122 1807 1815 2130 2131 1816
1671 5 2 1 1 1807 2122 2123 1808 1816 2131 2132 1817
1672 5 2 1 1 1808 2123 2124 1809 1817 2132 2133 1818
1673 5 2 1 1 1810 2125 2126 1811 1819 2134 2135 1820
1674 5 2 1 1 1811 2126 2127 1812 1820 2135 2136 1821
1675 5 2 1 1 1812 2127 2128 1813 1821 2136 2137 1822
1676 5 2 1 1 1813 2128 2129 1814 1822 2137 2138 1823
1677 5 2 1 1 1814 2129 2130 1815 1823 2138 2139 1824
1678 5 2 1 1 1815 2130 2131 1816 1824 2139 2140 1825
1679 5 2 1 1 1816 2131 2132 1817 1825 2140 2141 1826
1680 5 2 1 1 1817 2132 2133 1818 1826 2141 2142 1827
1681 6 2 1 1 1900 1828 2143 1901 1829 2144
1682 6 2 1 1 1901 1829 2144 1902 1830 2145
1683 6 2 1 1 1902 1830 2145 1903 1831 2146
1684 6 2 1 1 1903 1831 2146 1904 1832 2147
1685 6 2 1 1 1904 1832 2147 1905 1833 2148
1686 6 2 1 1 1905 1833 2148 1906 1834 2149
1687 6 2 1 1 1906 1834 2149 1907 1835 2150
1688 6 2 1 1 1907 1835 2150 1908 1836 2151
1689 6 2 1 1 1900 2143 2152 1901 2144 2153
1690 6 2 1 1 1901 2144 2153 1902 2145 2154
1691 6 2 1 1 1902 2145 2154 1903 2146 2155
1692 6 2 1 1 1903 2146 2155 1904 2147 2156
1693 6 2 1 1 1904 2147 2156 1905 2148 2157
1694 6 2 1 1 1905 2148 2157 1906 2149 2158
1695 6 2 1 1 1906 2149 2158 1907 2150 2159
1696 6 2 1 1 1907 2150 2159 1908 2151 2160
1697 6 2 1 1 1900 2152 2161 1901 2153 2162
1698 6 2 1 1 1901 2153 2162 1902 2154 2163
1699 6 2 1 1 1902 2154 2163 1903 2155 2164
1700 6 2 1 1 1903 2155 2164 1904 2156 2165
1701 6 2 1 1 1904 2156 2165 1905 2157 2166
1702 6 2 1 1 1905 2157 2166 1906 2158 2167
1703 6 2 1 1 1906 2158 2167 1907 2159 2168
1704 6 2 1 1 1907 2159 2168 1908 2160 2169
1705 6 2 1 1 1900 2161 2170 1901 2162 2171
1706 6 2 1 1 1901 2162 2171 1902 2163 2172
1707 6 2 1 1 1902 2163 2172 1903 2164 2173
1708 6 2 1 1 1903 2164 2173 1904 2165 2174
1709 6 2 1 1 1904 2165 2174 1905 2166 2175
1710 6 2 1 1 1905 2166 2175 1906 2167 2176
1711 6 2 1 1 1906 2167 2176 1907 2168 2177
1712 6 2 1 1 1907 2168 2177 1908 2169 2178
1713 6 2 1 1 1900 2170 2179 1901 2171 2180
1714 6 2 1 1 1901 2171 2180 1902 2172 2181
1715 6 2 1 1 1902 2172 2181 1903 2173 2182
1716 6 2 1 1 1903 2173 2182 1904 2174 2183
1717 6 2 1 1 1904 2174 2183 1905 2175 2184
1718 6 2 1 1 1905 2175 2184 1906 2176 2185
1719 6 2 1 1 1906 2176 2185 1907 2177 2186
1720 6 2 1 1 1907 2177 2186 1908 2178 2187
1721 6 2 1 1 1900 2179 2188 1901 2180 2189
1722 6 2 1 1 1901 2180 2189 1902 2181 2190
1723 6 2 1 1 1902 2181 2190 1903 2182 2191
1724 6 2 1 1 1903 2182 2191 1904 2183 2192
1725 6 2 1 1 1904 2183 2192 1905 2184 2193
1726 6 2 1 1 1905 2184 2193 1906 2185 2194
1727 6 2 1 1 1906 2185 2194 1907 2186 2195
1728 6 2 1 1 1907 2186 2195 1908 2187 2196
1729 6 2 1 1 1900 2188 2197 1901 2189 2198
1730 6 2 1 1 1901 2189 2198 1902 2190 2199
1731 6 2 1 1 1902 2190 2199 1903 2191 2200
1732 6 2 1 1 1903 2191 2200 1904 2192 2201
1733 6 2 1 1 1904 2192 2201 1905 2193 2202
1734 6 2 1 1 1905 2193 2202 1906 2194 2203
1735 6 2 1 1 1906 2194 2203 1907 2195 2204
1736 6 2 1 1 1907 2195 2204 1908 2196 2205
1737 6 2 1 1 1900 2197 2206 1901 2198 2207
1738 6 2 1 1 1901 2198 2207 1902 2199 2208
1739 6 2 1 1 1902 2199 2208 1903 2200 2209
1740 6 2 1 1 1903 2200 2209 1904 2201 2210
1741 6 2 1 1 1904 2201 2210 1905 2202 2211
1742 6 2 1 1 1905 2202 2211 1906 2203 2212
1743 6 2 1 1 1906 2203 2212 1907 2204 2213
1744 6 2 1 1 1907 2204 2213 1908 2205 2214
1745 6 2 1 1 1900 2206 2215 1901 2207 2216
1746 6 2 1 1 1901 2207 2216 1902 2208 2217
1747 6 2 1 1 1902 2208 2217 1903 2209 2218
1748 6 2 1 1 1903 2209 2218 1904 2210 2219
1749 6 2 1 1 1904 2210 2219 1905 2211 2220
1750 6 2 1 1 1905 2211 2220 1906 2212 2221
1751 6 2 1 1 1906 2212 2221 1907 2213 2222
1752 6 2 1 1 1907 2213 2222 1908 2214 2223
1753 5 2 1 1 1828 2143 2144 1829 1909 2224 2225 1910
1754 5 2 1 1 1829 2144 2145 1830 1910 2225 2226 1911
1755 5 2 1 1 1830 2145 2146 1831 1911 2226 2227 1912
1756 5 2 1 1 1831 2146 2147 1832 1912 2227 2228 1913
1757 5 2 1 1 1832 2147 2148 1833 1913 2228 2229 1914
1758 5 2 1 1 1833 2148 2149 1834 1914 2229 2230 1915
1759 5 2 1 1 1834 2149 2150 1835 1915 2230 2231 1916
1760 5 2 1 1 1835 2150 2151 1836 1916 2231 2232 1917
1761 5 2 1 1 1909 2224 2225 1910 1918 2233 2234 1919
1762 5 2 1 1 1910 2225 2226 1911 1919 2234 2235 1920
1763 5 2 1 1 1911 2226 2227 1912 1920 2235 2236 1921
1764 5 2 1 1 1912 2227 2228 1913 1921 2236 2237 1922
1765 5 2 1 1 1913 2228 2229 1914 1922 2237 2238 1923
1766 5 2 1 1 1914 2229 2230 1915 1923 2238 2239 1924
1767 5 2 1 1 1915 2230 2231 1916 1924 2239 2240 1925
1768 5 2 1 1 1916 2231 2232 1917 1925 2240 2241 1926
1769 5 2 1 1 1918 2233 2234 1919 1927 2242 2243 1928
1770 5 2 1 1 1919 2234 2235 1920 1928 2243 2244 1929
1771 5 2 1 1 1920 2235 2236 1921 1929 2244 2245 1930
1772 5 2 1 1 1921 2236 2237 1922 1930 2245 2246 1931
1773 5 2 1 1 1922 2237 2238 1923 1931 2246 2247 1932
1774 5 2 1 1 1923 2238 2239 1924 1932 2247 2248 1933
1775 5 2 1 1 1924 2239 2240 1925 1933 2248 2249 1934
1776 5 2 1 1 1925 2240 2241 1926 1934 2249 2250 1935
1777 5 2 1 1 1927 2242 2243 1928 1936 2251 2252 1937
1778 5 2 1 1 1928 2243 2244 1929 1937 2252 2253 1938
1779 5 2 1 1 1929 2244 2245 1930 1938 2253 2254 1939
1780 5 2 1 1 1930 2245 2246 1931 1939 2254 2255 1940
1781 5 2 1 1 1931 2246 2247 1932 1940 2255 2256 1941
1782 5 2 1 1 1932 2247 2248 1933 1941 2256 2257 1942
1783 5 2 1 1 1933 2248 2249 1934 1942 2257 2258 1943
1784 5 2 1 1 1934 2249 2250 1935 1943 2258 2259 1944
1785 5 2 1 1 1936 2251 2252 1937 1945 2260 2261 1946
1786 5 2 1 1 1937 2252 2253 1938 1946 2261 2262 1947
1787 5 2 1 1 1938 2253 2254 1939 1947 2262 2263 1948
1788 5 2 1 1 1939 2254 2255 1940 1948 2263 2264 1949
1789 5 2 1 1 1940 2255 2256 1941 1949 2264 2265 1950
1790 5 2 1 1 1941 2256 2257 1942 1950 2265 2266 1951
1791 5 2 1 1 1942 2257 2258 1943 1951 2266 2267 1952
1792 5 2 1 1 1943 2258 2259 1944 1952 2267 2268 1953
1793 5 2 1 1 1945 2260 2261 1946 1954 2269 2270 1955
1794 5 2 1 1 1946 2261 2262 1947 1955 2270 2271 1956
1795 5 2 1 1 1947 2262 2263 1948 1956 2271 2272 1957
1796 5 2 1 1 1948 2263 2264 1949 1957 2272 2273 1958
1797 5 2 1 1 1949 2264 2265 1950 1958 2273 2274 1959
1798 5 2 1 1 1950 2265 2266 1951 1959 2274 2275 1960
1799 5 2 1 1 1951 2266 2267 1952 1960 2275 2276 1961
1800 5 2 1 1 1952 2267 2268 1953 1961 2276 2277 1962
1801 5 2 1 1 1954 2269 2270 1955 1963 2278 2279 1964
1802 5 2 1 1 1955 2270 2271 1956 1964 2279 2280 1965
1803 5 2 1 1 1956 2271 2272 1957 1965 2280 2281 1966
1804 5 2 1 1 1957 2272 2273 1958 1966 2281 2282 1967
1805 5 2 1 1 1958 2273 2274 1959 1967 2282 2283 1968
1806 5 2 1 1 1959 2274 2275 1960 1968 2283 2284 1969
1807 5 2 1 1 1960 2275 2276 1961 1969 2284 2285 1970
1808 5 2 1 1 1961 2276 2277 1962 1970 2285 2286 1971
1809 5 2 1 1 1963 2278 2279 1964 1972 2287 2288 1973
1810 5 2 1 1 1964 2279 2280 1965 1973 2288 2289 1974
1811 5 2 1 1 1965 2280 2281 1966 1974 2289 2290 1975
1812 5 2 1 1 1966 2281 2282 1967 1975 2290 2291 1976
1813 5 2 1 1 1967 2282 2283 1968 1976 2291 2292 1977
1814 5 2 1 1 1968 2283 2284 1969 1977 2292 2293 1978
1815 5 2 1 1 1969 2284 2285 1970 1978 2293 2294 1979
1816 5 2 1 1 1970 2285 2286 1971 1979 2294 2295 1980
1817 5 2 1 1 1972 2287 2288 1973 1981 2296 2297 1982
1818 5 2 1 1 1973 2288 2289 1974 1982 2297 2298 1983
1819 5 2 1 1 1974 2289 2290 1975 1983 2298 2299 1984
1820 5 2 1 1 1975 2290 2291 1976 1984 2299 2300 1985
1821 5 2 1 1 1976 2291 2292 1977 1985 2300 2301 1986
1822 5 2 1 1 1977 2292 2293 1978 1986 2301 2302 1987
1823 5 2 1 1 1978 2293 2294 1979 1987 2302 2303 1988
1824 5 2 1 1 1979 2294 2295 1980 1988 2303 2304 1989
1825 5 2 1 1 1981 2296 2297 1982 1990 2305 2306 1991
1826 5 2 1 1 1982 2297 2298 1983 1991 2306 2307 1992
1827 5 2 1 1 1983 2298 2299 1984 1992 2307 2308 1993
1828 5 2 1 1 1984 2299 2300 1985 1993 2308 2309 1994
1829 5 2 1 1 1985 2300 2301 1986 1994 2309 2310 1995
1830 5 2 1 1 1986 2301 2302 1987 1995 2310 2311 1996
1831 5 2 1 1 1987 2302 2303 1988 1996 2311 2312 1997
1832 5 2 1 1 1988 2303 2304 1989 1997 2312 2313 1998
1833 5 2 1 1 1990 2305 2306 1991 1999 2314 2315 2000
1834 5 2 1 1 1991 2306 2307 1992 2000 2315 2316 2001
1835 5 2 1 1 1992 2307 2308 1993 2001 2316 2317 2002
1836 5 2 1 1 1993 2308 2309 1994 2002 2317 2318 2003
1837 5 2 1 1 1994 2309 2310 1995 2003 2318 2319 2004
1838 5 2 1 1 1995 2310 2311 1996 2004 2319 2320 2005
1839 5 2 1 1 1996 2311 2312 1997 2005 2320 2321 2006
1840 5 2 1 1 1997 2312 2313 1998 2006 2321 2322 2007
1841 5 2 1 1 1999 2314 2315 2000 2008 2323 2324 2009
1842 5 2 1 1 2000 2315 2316 2001 2009 2324 2325 2010
1843 5 2 1 1 2001 2316 2317 2002 2010 2325 2326 2011
1844 5 2 1 1 2002 2317 2318 2003 2011 2326 2327 2012
1845 5 2 1 1 2003 2318 2319 2004 2012 2327 2328 2013
1846 5 2 1 1 2004 2319 2320 2005 2013 2328 2329 2014
1847 5 2 1 1 2005 2320 2321 2006 2014 2329 2330 2015
1848 5 2 1 1 2006 2321 2322 2007 2015 2330 2331 2016
1849 5 2 1 1 2008 2323 2324 2009 2017 2332 2333 2018
1850 5 2 1 1 2009 2324 2325 2010 2018 2333 2334 2019
1851 5 2 1 1 2010 2325 2326 2011 2019 2334 2335 2020
1852 5 2 1 1 2011 2326 2327 2012 2020 2335 2336 2021
1853 5 2 1 1 2012 2327 2328 2013 2021 2336 2337 2022
1854 5 2 1 1 2013 2328 2329 2014 2022 2337 2338 2023
1855 5 2 1 1 2014 2329 2330 2015 2023 2338 2339 2024
1856 5 2 1 1 2015 2330 2331 2016 2024 2339 2340 2025
1857 5 2 1 1 2017 2332 2333 2018 2026 2341 2342 2027
1858 5 2 1 1 2018 2333 2334 2019 2027 2342 2343 2028
1859 5 2 1 1 2019 2334 2335 2020 2028 2343 2344 2029
1860 5 2 1 1 2020 2335 2336 2021 2029 2344 2345 2030
1861 5 2 1 1 2021 2336 2337 2022 2030 2345 2346 2031
1862 5 2 1 1 2022 2337 2338 2023 2031 2346 2347 2032
1863 5 2 1 1 2023 2338 2339 2024 2032 2347 2348 2033
1864 5 2 1 1 2024 2339 2340 2025 2033 2348 2349 2034
1865 5 2 1 1 2026 2341 2342 2027 2035 2350 2351 2036
1866 5 2 1 1 2027 2342 2343 2028 2036 2351 2352 2037
1867 5 2 1 1 2028 2343 2344 2029 2037 2352 2353 2038
1868 5 2 1 1 2029 2344 2345 2030 2038 2353 2354 2039
1869 5 2 1 1 2030 2345 2346 2031 2039 2354 2355 2040
1870 5 2 1 1 2031 2346 2347 2032 2040 2355 2356 2041
1871 5 2 1 1 2032 2347 2348 2033 2041 2356 2357 2042
1872 5 2 1 1 2033 2348 2349 2034 2042 2357 2358 2043
1873 5 2 1 1 2035 2350 2351 2036 2044 2359 2360 2045
1874 5 2 1 1 2036 2351 2352 2037 2045 2360 2361 2046
1875 5 2 1 1 2037 2352 2353 2038 2046 2361 2362 2047
1876 5 2 1 1 2038 2353 2354 2039 2047 2362 2363 2048
1877 5 2 1 1 2039 2354 2355 2040 2048 2363 2364 2049
1878 5 2 1 1 2040 2355 2356 2041 2049 2364 2365 2050
1879 5 2 1 1 2041 2356 2357 2042 2050 2365 2366 2051
1880 5 2 1 1 2042 2357 2358 2043 2051 2366 2367 2052
1881 5 2 1 1 2044 2359 2360 2045 2053 2368 2369 2054
1882 5 2 1 1 2045 2360 2361 2046 2054 2369 2370 2055
1883 5 2 1 1 2046 2361 2362 2047 2055 2370 2371 2056
1884 5 2 1 1 2047 2362 2363 2048 2056 2371 2372 2057
1885 5 2 1 1 2048 2363 2364 2049 2057 2372 2373 2058
1886 5 2 1 1 2049 2364 2365 2050 2058 2373 2374 2059
1887 5 2 1 1 2050 2365 2366 2051 2059 2374 2375 2060
1888 5 2 1 1 2051 2366 2367 2052 2060 2375 2376 2061
1889 5 2 1 1 2053 2368 2369 2054 2062 2377 2378 2063
1890 5 2 1 1 2054 2369 2370 2055 2063 2378 2379 2064
1891 5 2 1 1 2055 2370 2371 2056 2064 2379 2380 2065
1892 5 2 1 1 2056 2371 2372 2057 2065 2380 2381 2066
1893 5 2 1 1 2057 2372 2373 2058 2066 2381 2382 2067
1894 5 2 1 1 2058 2373 2374 2059 2067 2382 2383 2068
1895 5 2 1 1 2059 2374 2375 2060 2068 2383 2384 2069
1896 5 2 1 1 2060 2375 2376 2061 2069 2384 2385 2070
1897 5 2 1 1 2062 2377 2378 2063 2071 2386 2387 2072
1898 5 2 1 1 2063 2378 2379 2064 2072 2387 2388 2073
1899 5 2 1 1 2064 2379 2380 2065 2073 2388 2389 2074
1900 5 2 1 1 2065 2380 2381 2066 2074 2389 2390 2075
1901 5 2 1 1 2066 2381 2382 2067 2075 2390 2391 2076
1902 5 2 1 1 2067 2382 2383 2068 2076 2391 2392 2077
1903 5 2 1 1 2068 2383 2384 2069 2077 2392 2393 2078
1904 5 2 1 1 2069 2384 2385 2070 2078 2393 2394 2079
1905 5 2 1 1 2071 2386 2387 2072 2080 2395 2396 2081
1906 5 2 1 1 2072 2387 2388 2073 2081 2396 2397 2082
1907 5 2 1 1 2073 2388 2389 2074 2082 2397 2398 2083
1908 5 2 1 1 2074 2389 2390 2075 2083 2398 2399 2084
1909 5 2 1 1 2075 2390 2391 2076 2084 2399 2400 2085
1910 5 2 1 1 2076 2391 2392 2077 2085 2400 2401 2086
1911 5 2 1 1 2077 2392 2393 2078 2086 2401 2402 2087
1912 5 2 1 1 2078 2393 2394 2079 2087 2402 2403 2088
1913 5 2 1 1 2080 2395 2396 2081 2089 2404 2405 2090
1914 5 2 1 1 2081 2396 2397 2082 2090 2405 2406 2091
1915 5 2 1 1 2082 2397 2398 2083 2091 2406 2407 2092
1916 5 2 1 1 2083 2398 2399 2084 2092 2407 2408 2093
1917 5 2 1 1 2084 2399 2400 2085 2093 2408 2409 2094
1918 5 2 1 1 2085 2400 2401 2086 2094 2409 2410 2095
1919 5 2 1 1 2086 2401 2402 2087 2095 2410 2411 2096
1920 5 2 1 1 2087 2402 2403 2088 2096 2411 2412 2097
1921 5 2 1 1 2089 2404 2405 2090 2098 2413 2414 2099
1922 5 2 1 1 2090 2405 2406 2091 2099 2414 2415 2100
1923 5 2 1 1 2091 2406 2407 2092 2100 2415 2416 2101
1924 5 2 1 1 2092 2407 2408 2093 2101 2416 2417 2102
1925 5 2 1 1 2093 2408 2409 2094 2102 2417 2418 2103
1926 5 2 1 1 2094 2409 2410 2095 2103 2418 2419 2104
1927 5 2 1 1 2095 2410 2411 2096 2104 2419 2420 2105
1928 5 2 1 1 2096 2411 2412 2097 2105 2420 2421 2106
1929 5 2 1 1 2098 2413 2414 2099 2107 2422 2423 2108
1930 5 2 1 1 2099 2414 2415 2100 2108 2423 2424 2109
1931 5 2 1 1 2100 2415 2416 2101 2109 2424 2425 2110
1932 5 2 1 1 2101 2416 2417 2102 2110 2425 2426 2111
1933 5 2 1 1 2102 2417 2418 2103 2111 2426 2427 2112
1934 5 2 1 1 2103 2418 2419 2104 2112 2427 2428 2113
1935 5 2 1 1 2104 2419 2420 2105 2113 2428 2429 2114
1936 5 2 1 1 2105 2420 2421 2106 2114 2429 2430 2115
1937 5 2 1 1 2107 2422 2423 2108 2116 2431 2432 2117
1938 5 2 1 1 2108 2423 2424 2109 2117 2432 2433 2118
1939 5 2 1 1 2109 2424 2425 2110 2118 2433 2434 2119
1940 5 2 1 1 2110 2425 2426 2111 2119 2434 2435 2120
1941 5 2 1 1 2111 2426 2427 2112 2120 2435 2436 2121
1942 5 2 1 1 2112 2427 2428 2113 2121 2436 2437 2122
1943 5 2 1 1 2113 2428 2429 2114 2122 2437 2438 2123
1944 5 2 1 1 2114 2429 2430 2115 2123 2438 2439 2124
1945 5 2 1 1 2116 2431 2432 2117 2125 2440 2441 2126
1946 5 2 1 1 2117 2432 2433 2118 2126 2441 2442 2127
1947 5 2 1 1 2118 2433 2434 2119 2127 2442 2443 2128
1948 5 2 1 1 2119 2434 2435 2120 2128 2443 2444 2129
1949 5 2 1 1 2120 2435 2436 2121 2129 2444 2445 2130
1950 5 2 1 1 2121 2436 2437 2122 2130 2445 2446 2131
1951 5 2 1 1 2122 2437 2438 2123 2131 2446 2447 2132
1952 5 2 1 1 2123 2438 2439 2124 2132 2447 2448 2133
1953 5 2 1 1 2125 2440 2441 2126 2134 2449 2450 2135
1954 5 2 1 1 2126 2441 2442 2127 2135 2450 2451 2136
1955 5 2 1 1 2127 2442 2443 2128 2136 2451 2452 2137
1956 5 2 1 1 2128 2443 2444 2129 2137 2452 2453 2138
1957 5 2 1 1 2129 2444 2445 2130 2138 2453 2454 2139
1958 5 2 1 1 2130 2445 2446 2131 2139 2454 2455 2140
1959 5 2 1 1 2131 2446 2447 2132 2140 2455 2456 2141
1960 5 2 1 1 2132 2447 2448 2133 2141 2456 2457 2142
1961 6 2 1 1 2215 2143 2458 2216 2144 2459
1962 6 2 1 1 2216 2144 2459 2217 2145 2460
1963 6 2 1 1 2217 2145 2460 2218 2146 2461
1964 6 2 1 1 2218 2146 2461 2219 2147 2462
1965 6 2 1 1 2219 2147 2462 2220 2148 2463
1966 6 2 1 1 2220 2148 2463 2221 2149 2464
1967 6 2 1 1 2221 2149 2464 2222 2150 2465
1968 6 2 1 1 2222 2150 2465 2223 2151 2466
1969 6 2 1 1 2215 2458 2467 2216 2459 2468
1970 6 2 1 1 2216 2459 2468 2217 2460 2469
1971 6 2 1 1 2217 2460 2469 2218 2461 2470
1972 6 2 1 1 2218 2461 2470 2219 2462 2471
1973 6 2 1 1 2219 2462 2471 2220 2463 2472
1974 6 2 1 1 2220 2463 2472 2221 2464 2473
1975 6 2 1 1 2221 2464 2473 2222 2465 2474
1976 6 2 1 1 2222 2465 2474 2223 2466 2475
1977 6 2 1 1 2215 2467 2476 2216 2468 2477
1978 6 2 1 1 2216 2468 2477 2217 2469 2478
1979 6 2 1 1 2217 2469 2478 2218 2470 2479
1980 6 2 1 1 2218 2470 2479 2219 2471 2480
1981 6 2 1 1 2219 2471 2480 2220 2472 2481
1982 6 2 1 1 2220 2472 2481 2221 2473 2482
1983 6 2 1 1 2221 2473 2482 2222 2474 2483
1984 6 2 1 1 2222 2474 2483 2223 2475 2484
1985 6 2 1 1 2215 2476 2485 2216 2477 2486
1986 6 2 1 1 2216 2477 2486 2217 2478 2487
1987 6 2 1 1 2217 2478 2487 2218 2479 2488
1988 6 2 1 1 2218 2479 2488 2219 2480 2489
1989 6 2 1 1 2219 2480 2489 2220 2481 2490
1990 6 2 1 1 2220 2481 2490 2221 2482 2491
1991 6 2 1 1 2221 2482 2491 2222 2483 2492
1992 6 2 1 1 2222 2483 2492 2223 2484 2493
1993 6 2 1 1 2215 2485 2494 2216 2486 2495
1994 6 2 1 1 2216 2486 2495 2217 2487 2496
1995 6 2 1 1 2217 2487 2496 2218 2488 2497
1996 6 2 1 1 2218 2488 2497 2219 2489 2498
1997 6 2 1 1 2219 2489 2498 2220 2490 2499
1998 6 2 1 1 2220 2490 2499 2221 2491 2500
1999 6 2 1 1 2221 2491 2500 2222 2492 2501
2000 6 2 1 1 2222 2492 2501 2223 2493 2502
2001 6 2 1 1 2215 2494 2503 2216 2495 2504
2002 6 2 1 1 2216 2495 2504 2217 2496 2505
2003 6 2 1 1 2217 2496 2505 2218 2497 2506
2004 6 2 1 1 2218 2497 2506 2219 2498 2507
2005 6 2 1 1 2219 2498 2507 2220 2499 2508
2006 6 2 1 1 2220 2499 2508 2221 2500 2509
2007 6 2 1 1 2221 2500 2509 2222 2501 2510
2008 6 2 1 1 2222 2501 2510 2223 2502 2511
2009 6 2 1 1 2215 2503 2512 2216 2504 2513
2010 6 2 1 1 2216 2504 2513 2217 2505 2514
2011 6 2 1 1 2217 2505 2514 2218 2506 2515
2012 6 2 1 1 2218 2506 2515 2219 2507 2516
2013 6 2 1 1 2219 2507 2516 2220 2508 2517
2014 6 2 1 1 2220 2508 2517 2221 2509 2518
2015 6 2 1 1 2221 2509 2518 2222 2510 2519
2016 6 2 1 1 2222 2510 2519 2223 2511 2520
2017 6 2 1 1 2215 2512 2521 2216 2513 2522
2018 6 2 1 1 2216 2513 2522 2217 2514 2523
2019 6 2 1 1 2217 2514 2523 2218 2515 2524
2020 6 2 1 1 2218 2515 2524 2219 2516 2525
2021 6 2 1 1 2219 2516 2525 2220 2517 2526
2022 6 2 1 1 2220 2517 2526 2221 2518 2527
2023 6 2 1 1 2221 2518 2527 2222 2519 2528
2024 6 2 1 1 2222 2519 2528 2223 2520 2529
2025 6 2 1 1 2215 2521 2530 2216 2522 2531
2026 6 2 1 1 2216 2522 2531 2217 2523 2532
2027 6 2 1 1 2217 2523 2532 2218 2524 2533
2028 6 2 1 1 2218 2524 2533 2219 2525 2534
2029 6 2 1 1 2219 2525 2534 2220 2526 2535
2030 6 2 1 1 2220 2526 2535 2221 2527 2536
2031 6 2 1 1 2221 2527 2536 2222 2528 2537
2032 6 2 1 1 2222 2528 2537 2223 2529 2538
2033 5 2 1 1 2143 2458 2459 2144 2224 2539 2540 2225
2034 5 2 1 1 2144 2459 2460 2145 2225 2540 2541 2226
2035 5 2 1 1 2145 2460 2461 2146 2226 2541 2542 2227
2036 5 2 1 1 2146 2461 2462 2147 2227 2542 2543 2228
2037 5 2 1 1 2147 2462 2463 2148 2228 2543 2544 2229
2038 5 2 1 1 2148 2463 2464 2149 2229 2544 2545 2230
2039 5 2 1 1 2149 2464 2465 2150 2230 2545 2546 2231
2040 5 2 1 1 2150 2465 2466 2151 2231 2546 2547 2232
2041 5 2 1 1 2224 2539 2540 2225 2233 2548 2549 2234
2042 5 2 1 1 2225 2540 2541 2226 2234 2549 2550 2235
2043 5 2 1 1 2226 2541 2542 2227 2235 2550 2551 2236
2044 5 2 1 1 2227 2542 2543 2228 2236 2551 2552 2237
2045 5 2 1 1 2228 2543 2544 2229 2237 2552 2553 2238
2046 5 2 1 1 2229 2544 2545 2230 2238 2553 2554 2239
2047 5 2 1 1 2230 2545 2546 2231 2239 2554 2555 2240
2048 5 2 1 1 2231 2546 2547 2232 2240 2555 2556 2241
2049 5 2 1 1 2233 2548 2549 2234 2242 2557 2558 2243
2050 5 2 1 1 2234 2549 2550 2235 2243 2558 2559 2244
2051 5 2 1 1 2235 2550 2551 2236 2244 2559 2560 2245
2052 5 2 1 1 2236 2551 2552 2237 2245 2560 2561 2246
2053 5 2 1 1 2237 2552 2553 2238 2246 2561 2562 2247
2054 5 2 1 1 2238 2553 2554 2239 2247 2562 2563 2248
2055 5 2 1 1 2239 2554 2555 2240 2248 2563 2564 2249
2056 5 2 1 1 2240 2555 2556 2241 2249 2564 2565 2250
2057 5 2 1 1 2242 2557 2558 2243 2251 2566 2567 2252
2058 5 2 1 1 2243 2558 2559 2244 2252 2567 2568 2253
2059 5 2 1 1 2244 2559 2560 2245 2253 2568 2569 2254
2060 5 2 1 1 2245 2560 2561 2246 2254 2569 2570 2255
2061 5 2 1 1 2246 2561 2562 2247 2255 2570 2571 2256
2062 5 2 1 1 2247 2562 2563 2248 2256 2571 2572 2257
2063 5 2 1 1 2248 2563 2564 2249 2257 2572 2573 2258
2064 5 2 1 1 2249 2564 2565 2250 2258 2573 2574 2259
2065 5 2 1 1 2251 2566 2567 2252 2260 2575 2576 2261
2066 5 2 1 1 2252 2567 2568 2253 2261 2576 2577 2262
2067 5 2 1 1 2253 2568 2569 2254 2262 2577 2578 2263
2068 5 2 1 1 2254 2569 2570 2255 2263 2578 2579 2264
2069 5 2 1 1 2255 2570 2571 2256 2264 2579 2580 2265
2070 5 2 1 1 2256 2571 2572 2257 2265 2580 2581 2266
2071 5 2 1 1 2257 2572 2573 2258 2266 2581 2582 2267
2072 5 2 1 1 2258 2573 2574 2259 2267 2582 2583 2268
2073 5 2 1 1 2260 2575 2576 2261 2269 2584 2585 2270
2074 5 2 1 1 2261 2576 2577 2262 2270 2585 2586 2271
2075 5 2 1 1 2262 2577 2578 2263 2271 2586 2587 2272
2076 5 2 1 1 2263 2578 2579 2264 2272 2587 2588 2273
2077 5 2 1 1 2264 2579 2580 2265 2273 2588 2589 2274
2078 5 2 1 1 2265 2580 2581 2266 2274 2589 2590 2275
2079 5 2 1 1 2266 2581 2582 2267 2275 2590 2591 2276
2080 5 2 1 1 2267 2582 2583 2268 2276 2591 2592 2277
2081 5 2 1 1 2269 2584 2585 2270 2278 2593 2594 2279
2082 5 2 1 1 2270 2585 2586 2271 2279 2594 2595 2280
2083 5 2 1 1 2271 2586 2587 2272 2280 2595 2596 2281
2084 5 2 1 1 2272 2587 2588 2273 2281 2596 2597 2282
2085 5 2 1 1 2273 2588 2589 2274 2282 2597 2598 2283
2086 5 2 1 1 2274 2589 2590 2275 2283 2598 2599 2284
2087 5 2 1 1 2275 2590 2591 2276 2284 2599 2600 2285
2088 5 2 1 1 2276 2591 2592 2277 2285 2600 2601 2286
2089 5 2 1 1 2278 2593 2594 2279 2287 2602 2603 2288
2090 5 2 1 1 2279 2594 2595 2280 2288 2603 2604 2289
2091 5 2 1 1 2280 2595 2596 2281 2289 2604 2605 2290
2092 5 2 1 1 2281 2596 2597 2282 2290 2605 2606 2291
2093 5 2 1 1 2282 2597 2598 2283 2291 2606 2607 2292
2094 5 2 1 1 2283 2598 2599 2284 2292 2607 2608 2293
2095 5 2 1 1 2284 2599 2600 2285 2293 2608 2609 2294
2096 5 2 1 1 2285 2600 2601 2286 2294 2609 2610 2295
2097 5 2 1 1 2287 2602 2603 2288 2296 2611 2612 2297
2098 5 2 1 1 2288 2603 2604 2289 2297 2612 2613 2298
2099 5 2 1 1 2289 2604 2605 2290 2298 2613 2614 2299
2100 5 2 1 1 2290 2605 2606 2291 2299 2614 2615 2300
2101 5 2 1 1 2291 2606 2607 2292 2300 2615 2616 2301
2102 5 2 1 1 2292 2607 2608 2293 2301 2616 2617 2302
2103 5 2 1 1 2293 2608 2609 2294 2302 2617 2618 2303
2104 5 2 1 1 2294 2609 2610 2295 2303 2618 2619 2304
2105 5 2 1 1 2296 2611 2612 2297 2305 2620 2621 2306
2106 5 2 1 1 2297 2612 2613 2298 2306 2621 2622 2307
2107 5 2 1 1 2298 2613 2614 2299 2307 2622 2623 2308
2108 5 2 1 1 2299 2614 2615 2300 2308 2623 2624 2309
2109 5 2 1 1 2300 2615 2616 2301 2309 2624 2625 2310
2110 5 2 1 1 2301 2616 2617 2302 2310 2625 2626 2311
2111 5 2 1 1 2302 2617 2618 2303 2311 2626 2627 2312
2112 5 2 1 1 2303 2618 2619 2304 2312 2627 2628 2313
2113 5 2 1 1 2305 2620 2621 2306 2314 2629 2630 2315
2114 5 2 1 1 2306 2621 2622 2307 2315 2630 2631 2316
2115 5 2 1 1 2307 2622 2623 2308 2316 2631 2632 2317
2116 5 2 1 1 2308 2623 2624 2309 2317 2632 2633 2318
2117 5 2 1 1 2309 2624 2625 2310 2318 2633 2634 2319
2118 5 2 1 1 2310 2625 2626 2311 2319 2634 2635 2320
2119 5 2 1 1 2311 2626 2627 2312 2320 2635 2636 2321
2120 5 2 1 1 2312 2627 2628 2313 2321 2636 2637 2322
2121 5 2 1 1 2314 2629 2630 2315 2323 2638 2639 2324
2122 5 2 1 1 2315 2630 2631 2316 2324 2639 2640 2325
2123 5 2 1 1 2316 2631 2632 2317 2325 2640 2641 2326
2124 5 2 1 1 2317 2632 2633 2318 2326 2641 2642 2327
2125 5 2 1 1 2318 2633 2634 2319 2327 2642 2643 2328
2126 5 2 1 1 2319 2634 2635 2320 2328 2643 2644 2329
2127 5 2 1 1 2320 2635 2636 2321 2329 2644 2645 2330
2128 5 2 1 1 2321 2636 2637 2322 2330 2645 2646 2331
2129 5 2 1 1 2323 2638 2639 2324 2332 2647 2648 2333
2130 5 2 1 1 2324 2639 2640 2325 2333 2648 2649 2334
2131 5 2 1 1 2325 2640 2641 2326 2334 2649 2650 2335
2132 5 2 1 1 2326 2641 2642 2327 2335 2650 2651 2336
2133 5 2 1 1 2327 2642 2643 2328 2336 2651 2652 2337
2134 5 2 1 1 2328 2643 2644 2329 2337 2652 2653 2338
2135 5 2 1 1 2329 2644 2645 2330 2338 2653 2654 2339
2136 5 2 1 1 2330 2645 2646 2331 2339 2654 2655 2340
2137 5 2 1 1 2332 2647 2648 2333 2341 2656 2657 2342
2138 5 2 1 1 2333 2648 2649 2334 2342 2657 2658 2343
2139 5 2 1 1 2334 2649 2650 2335 2343 2658 2659 2344
2140 5 2 1 1 2335 2650 2651 2336 2344 2659 2660 2345
2141 5 2 1 1 2336 2651 2652 2337 2345 2660 2661 2346
2142 5 2 1 1 2337 2652 2653 2338 2346 2661 2662 2347
2143 5 2 1 1 2338 2653 2654 2339 2347 2662 2663 2348
2144 5 2 1 1 2339 2654 2655 2340 2348 2663 2664 2349
2145 5 2 1 1 2341 2656 2657 2342 2350 2665 2666 2351
2146 5 2 1 1 2342 2657 2658 2343 2351 2666 2667 2352
2147 5 2 1 1 2343 2658 2659 2344 2352 2667 2668 2353
2148 5 2 1 1 2344 2659 2660 2345 2353 2668 2669 2354
2149 5 2 1 1 2345 2660 2661 2346 2354 2669 2670 2355
2150 5 2 1 1 2346 2661 2662 2347 2355 2670 2671 2356
2151 5 2 1 1 2347 2662 2663 2348 2356 2671 2672 2357
2152 5 2 1 1 2348 2663 2664 2349 2357 2672 2673 2358
2153 5 2 1 1 2350 2665 2666 2351 2359 2674 2675 2360
2154 5 2 1 1 2351 2666 2667 2352 2360 2675 2676 2361
2155 5 2 1 1 2352 2667 2668 2353 2361 2676 2677 2362
2156 5 2 1 1 2353 2668 2669 2354 2362 2677 2678 2363
2157 5 2 1 1 2354 2669 2670 2355 2363 2678 2679 2364
2158 5 2 1 1 2355 2670 2671 2356 2364 2679 2680 2365
2159 5 2 1 1 2356 2671 2672 2357 2365 2680 2681 2366
2160 5 2 1 1 2357 2672 2673 2358 2366 2681 2682 2367
2161 5 2 1 1 2359 2674 2675 2360 2368 2683 2684 2369
2162 5 2 1 1 2360 2675 2676 2361 2369 2684 2685 2370
2163 5 2 1 1 2361 2676 2677 2362 2370 2685 2686 2371
2164 5 2 1 1 2362 2677 2678 2363 2371 2686 2687 2372
2165 5 2 1 1 2363 2678 2679 2364 2372 2687 2688 2373
2166 5 2 1 1 2364 2679 2680 2365 2373 2688 2689 2374
2167 5 2 1 1 2365 2680 2681 2366 2374 2689 2690 2375
2168 5 2 1 1 2366 2681 2682 2367 2375 2690 2691 2376
2169 5 2 1 1 2368 2683 2684 2369 2377 2692 2693 2378
2170 5 2 1 1 2369 2684 2685 2370 2378 2693 2694 2379
2171 5 2 1 1 2370 2685 2686 2371 2379 2694 2695 2380
2172 5 2 1 1 2371 2686 2687 2372 2380 2695 2696 2381
2173 5 2 1 1 2372 2687 2688 2373 2381 2696 2697 2382
2174 5 2 1 1 2373 2688 2689 2374 2382 2697 2698 2383
2175 5 2 1 1 2374 2689 2690 2375 2383 2698 2699 2384
2176 5 2 1 1 2375 2690 2691 2376 2384 2699 2700 2385
2177 5 2 1 1 2377 2692 2693 2378 2386 2701 2702 2387
2178 5 2 1 1 2378 2693 2694 2379 2387 2702 2703 2388
2179 5 2 1 1 2379 2694 2695 2380 2388 2703 2704 2389
2180 5 2 1 1 2380 2695 2696 2381 2389 2704 2705 2390
2181 5 2 1 1 2381 2696 2697 2382 2390 2705 2706 2391
2182 5 2 1 1 2382 2697 2698 2383 2391 2706 2707 2392
2183 5 2 1 1 2383 2698 2699 2384 2392 2707 2708 2393
2184 5 2 1 1 2384 2699 2700 2385 2393 2708 2709 2394
2185 5 2 1 1 2386 2701 2702 2387 2395 2710 2711 2396
2186 5 2 1 1 2387 2702 2703 2388 2396 2711 2712 2397
2187 5 2 1 1 2388 2703 2704 2389 2397 2712 2713 2398
2188 5 2 1 1 2389 2704 2705 2390 2398 2713 2714 2399
2189 5 2 1 1 2390 2705 2706 2391 2399 2714 2715 2400
2190 5 2 1 1 2391 2706 2707 2392 2400 2715 2716 2401
2191 5 2 1 1 2392 2707 2708 2393 2401 2716 2717 2402
2192 5 2 1 1 2393 2708 2709 2394 2402 2717 2718 2403
2193 5 2 1 1 2395 2710 2711 2396 2404 2719 2720 2405
2194 5 2 1 1 2396 2711 2712 2397 2405 2720 2721 2406
2195 5 2 1 1 2397 2712 2713 2398 2406 2721 2722 2407
2196 5 2 1 1 2398 2713 2714 2399 2407 2722 2723 2408
2197 5 2 1 1 2399 2714 2715 2400 2408 2723 2724 2409
2198 5 2 1 1 2400 2715 2716 2401 2409 2724 2725 2410
2199 5 2 1 1 2401 2716 2717 2402 2410 2725 2726 2411
2200 5 2 1 1 2402 2717 2718 2403 2411 2726 2727 2412
2201 5 2 1 1 2404 2719 2720 2405 2413 2728 2729 2414
2202 5 2 1 1 2405 2720 2721 2406 2414 2729 2730 2415
2203 5 2 1 1 2406 2721 2722 2407 2415 2730 2731 2416
2204 5 2 1 1 2407 2722 2723 2408 2416 2731 2732 2417
2205 5 2 1 1 2408 2723 2724 2409 2417 2732 2733 2418
2206 5 2 1 1 2409 2724 2725 2410 2418 2733 2734 2419
2207 5 2 1 1 2410 2725 2726 2411 2419 2734 2735 2420
2208 5 2 1 1 2411 2726 2727 2412 2420 2735 2736 2421
2209 5 2 1 1 2413 2728 2729 2414 2422 2737 2738 2423
2210 5 2 1 1 2414 2729 2730 2415 2423 2738 2739 2424
2211 5 2 1 1 2415 2730 2731 2416 2424 2739 2740 2425
2212 5 2 1 1 2416 2731 2732 2417 2425 2740 2741 2426
2213 5 2 1 1 2417 2732 2733 2418 2426 2741 2742 2427
2214 5 2 1 1 2418 2733 2734 2419 2427 2742 2743 2428
2215 5 2 1 1 2419 2734 2735 2420 2428 2743 2744 2429
2216 5 2 1 1 2420 2735 2736 2421 2429 2744 2745 2430
2217 5 2 1 1 2422 2737 2738 2423 2431 2746 2747 2432
2218 5 2 1 1 2423 2738 2739 2424 2432 2747 2748 2433
2219 5 2 1 1 2424 2739 2740 2425 2433 2748 2749 2434
2220 5 2 1 1 2425 2740 2741 2426 2434 2749 2750 2435
2221 5 2 1 1 2426 2741 2742 2427 2435 2750 2751 2436
2222 5 2 1 1 2427 2742 2743 2428 2436 2751 2752 2437
2223 5 2 1 1 2428 2743 2744 2429 2437 2752 2753 2438
2224 5 2 1 1 2429 2744 2745 2430 2438 2753 2754 2439
2225 5 2 1 1 2431 2746 2747 2432 2440 2755 2756 2441
2226 5 2 1 1 2432 2747 2748 2433 2441 2756 2757 2442
2227 5 2 1 1 2433 2748 2749 2434 2442 2757 2758 2443
2228 5 2 1 1 2434 2749 2750 2435 2443 2758 2759 2444
2229 5 2 1 1 2435 2750 2751 2436 2444 2759 2760 2445
2230 5 2 1 1 2436 2751 2752 2437 2445 2760 2761 2446
2231 5 2 1 1 2437 2752 2753 2438 2446 2761 2762 2447
2232 5 2 1 1 2438 2753 2754 2439 2447 2762 2763 2448
2233 5 2 1 1 2440 2755 2756 2441 2449 2764 2765 2450
2234 5 2 1 1 2441 2756 2757 2442 2450 2765 2766 2451
2235 5 2 1 1 2442 2757 2758 2443 2451 2766 2767 2452
2236 5 2 1 1 2443 2758 2759 2444 2452 2767 2768 2453
2237 5 2 1 1 2444 2759 2760 2445 2453 2768 2769 2454
2238 5 2 1 1 2445 2760 2761 2446 2454 2769 2770 2455
2239 5 2 1 1 2446 2761 2762 2447 2455 2770 2771 2456
2240 5 2 1 1 2447 2762 2763 2448 2456 2771 2772 2457
2241 6 2 1 1 2530 2458 2773 2531 2459 2774
2242 6 2 1 1 2531 2459 2774 2532 2460 2775
2243 6 2 1 1 2532 2460 2775 2533 2461 2776
2244 6 2 1 1 2533 2461 2776 2534 2462 2777
2245 6 2 1 1 2534 2462 2777 2535 2463 2778
2246 6 2 1 1 2535 2463 2778 2536 2464 2779
2247 6 2 1 1 2536 2464 2779 2537 2465 2780
2248 6 2 1 1 2537 2465 2780 2538 2466 2781
2249 6 2 1 1 2530 2773 2782 2531 2774 2783
2250 6 2 1 1 2531 2774 2783 2532 2775 2784
2251 6 2 1 1 2532 2775 2784 2533 2776 2785
2252 6 2 1 1 2533 2776 2785 2534 2777 2786
2253 6 2 1 1 2534 2777 2786 2535 2778 2787
2254 6 2 1 1 2535 2778 2787 2536 2779 2788
2255 6 2 1 1 2536 2779 2788 2537 2780 2789
2256 6 2 1 1 2537 2780 2789 2538 2781 2790
2257 6 2 1 1 2530 2782 2791 2531 2783 2792
2258 6 2 1 1 2531 2783 2792 2532 2784 2793
2259 6 2 1 1 2532 2784 2793 2533 2785 2794
2260 6 2 1 1 2533 2785 2794 2534 2786 2795
2261 6 2 1 1 2534 2786 2795 2535 2787 2796
2262 6 2 1 1 2535 2787 2796 2536 2788 2797
2263 6 2 1 1 2536 2788 2797 2537 2789 2798
2264 6 2 1 1 2537 2789 2798 2538 2790 2799
2265 6 2 1 1 2530 2791 2800 2531 2792 2801
2266 6 2 1 1 2531 2792 2801 2532 2793 2802
2267 6 2 1 1 2532 2793 2802 2533 2794 2803
2268 6 2 1 1 2533 2794 2803 2534 2795 2804
2269 6 2 1 1 2534 2795 2804 2535 2796 2805
2270 6 2 1 1 2535 2796 2805 2536 2797 2806
2271 6 2 1 1 2536 2797 2806 2537 2798 2807
2272 6 2 1 1 2537 2798 2807 2538 2799 2808
2273 6 2 1 1 2530 2800 2809 2531 2801 2810
2274 6 2 1 1 2531 2801 2810 2532 2802 2811
2275 6 2 1 1 2532 2802 2811 2533 2803 2812
2276 6 2 1 1 2533 2803 2812 2534 2804 2813
2277 6 2 1 1 2534 2804 2813 2535 2805 2814
2278 6 2 1 1 2535 2805 2814 2536 2806 2815
2279 6 2 1 1 2536 2806 2815 2537 2807 2816
2280 6 2 1 1 2537 2807 2816 2538 2808 2817
2281 6 2 1 1 2530 2809 2818 2531 2810 2819
2282 6 2 1 1 2531 2810 2819 2532 2811 2820
2283 6 2 1 1 2532 2811 2820 2533 2812 2821
2284 6 2 1 1 2533 2812 2821 2534 2813 2822
2285 6 2 1 1 2534 2813 2822 2535 2814 2823
2286 6 2 1 1 2535 2814 2823 2536 2815 2824
2287 6 2 1 1 2536 2815 2824 2537 2816 2825
2288 6 2 1 1 2537 2816 2825 2538 2817 2826
2289 6 2 1 1 2530 2818 2827 2531 2819 2828
2290 6 2 1 1 2531 2819 2828 2532 2820 2829
2291 6 2 1 1 2532 2820 2829 2533 2821 2830
2292 6 2 1 1 2533 2821 2830 2534 2822 2831
2293 6 2 1 1 2534 2822 2831 2535 2823 2832
2294 6 2 1 1 2535 2823 2832 2536 2824 2833
2295 6 2 1 1 2536 2824 2833 2537 2825 2834
2296 6 2 1 1 2537 2825 2834 2538 2826 2835
2297 6 2 1 1 2530 2827 2836 2531 2828 2837
2298 6 2 1 1 2531 2828 2837 2532 2829 2838
2299 6 2 1 1 2532 2829 2838 2533 2830 2839
2300 6 2 1 1 2533 2830 2839 2534 2831 2840
2301 6 2 1 1 2534 2831 2840 2535 2832 2841
2302 6 2 1 1 2535 2832 2841 2536 2833 2842
2303 6 2 1 1 2536 2833 2842 2537 2834 2843
2304 6 2 1 1 2537 2834 2843 2538 2835 2844
2305 6 2 1 1 2530 2836 2845 2531 2837 2846
2306 6 2 1 1 2531 2837 2846 2532 2838 2847
2307 6 2 1 1 2532 2838 2847 2533 2839 2848
2308 6 2 1 1 2533 2839 2848 2534 2840 2849
2309 6 2 1 1 2534 2840 2849 2535 2841 2850
2310 6 2 1 1 2535 2841 2850 2536 2842 2851
2311 6 2 1 1 2536 2842 2851 2537 2843 2852
2312 6 2 1 1 2537 2843 2852 2538 2844 2853
2313 5 2 1 1 2458 2773 2774 2459 2539 2854 2855 2540
2314 5 2 1 1 2459 2774 2775 2460 2540 2855 2856 2541
2315 5 2 1 1 2460 2775 2776 2461 2541 2856 2857 2542
2316 5 2 1 1 2461 2776 2777 2462 2542 2857 2858 2543
2317 5 2 1 1 2462 2777 2778 2463 2543 2858 2859 2544
2318 5 2 1 1 2463 2778 2779 2464 2544 2859 2860 2545
2319 5 2 1 1 2464 2779 2780 2465 2545 2860 2861 2546
2320 5 2 1 1 2465 2780 2781 2466 2546 2861 2862 2547
2321 5 2 1 1 2539 2854 2855 2540 2548 2863 2864 2549
2322 5 2 1 1 2540 2855 2856 2541 2549 2864 2865 2550
2323 5 2 1 1 2541 2856 2857 2542 2550 2865 2866 2551
2324 5 2 1 1 2542 2857 2858 2543 2551 2866 2867 2552
2325 5 2 1 1 2543 2858 2859 2544 2552 2867 2868 2553
2326 5 2 1 1 2544 2859 2860 2545 2553 2868 2869 2554
2327 5 2 1 1 2545 2860 2861 2546 2554 2869 2870 2555
2328 5 2 1 1 2546 2861 2862 2547 2555 2870 2871 2556
2329 5 2 1 1 2548 2863 2864 2549 2557 2872 2873 2558
2330 5 2 1 1 2549 2864 2865 2550 2558 2873 2874 2559
2331 5 2 1 1 2550 2865 2866 2551 2559 2874 2875 2560
2332 5 2 1 1 2551 2866 2867 2552 2560 2875 2876 2561
2333 5 2 1 1 2552 2867 2868 2553 2561 2876 2877 2562
2334 5 2 1 1 2553 2868 2869 2554 2562 2877 2878 2563
2335 5 2 1 1 2554 2869 2870 2555 2563 2878 2879 2564
2336 5 2 1 1 2555 2870 2871 2556 2564 2879 2880 2565
2337 5 2 1 1 2557 2872 2873 2558 2566 2881 2882 2567
2338 5 2 1 1 2558 2873 2874 2559 2567 2882 2883 2568
2339 5 2 1 1 2559 2874 2875 2560 2568 2883 2884 2569
2340 5 2 1 1 2560 2875 2876 2561 2569 2884 2885 2570
2341 5 2 1 1 2561 2876 2877 2562 2570 2885 2886 2571
2342 5 2 1 1 2562 2877 2878 2563 2571 2886 2887 2572
2343 5 2 1 1 2563 2878 2879 2564 2572 2887 2888 2573
2344 5 2 1 1 2564 2879 2880 2565 2573 2888 2889 2574
2345 5 2 1 1 2566 2881 2882 2567 2575 2890 2891 2576
2346 5 2 1 1 2567 2882 2883 2568 2576 2891 2892 2577
2347 5 2 1 1 2568 2883 2884 2569 2577 2892 2893 2578
2348 5 2 1 1 2569 2884 2885 2570 2578 2893 2894 2579
2349 5 2 1 1 2570 2885 2886 2571 2579 2894 2895 2580
2350 5 2 1 1 2571 2886 2887 2572 2580 2895 2896 2581
2351 5 2 1 1 2572 2887 2888 2573 2581 2896 2897 2582
2352 5 2 1 1 2573 2888 2889 2574 2582 2897 2898 2583
2353 5 2 1 1 2575 2890 2891 2576 2584 2899 2900 2585
2354 5 2 1 1 2576 2891 2892 2577 2585 2900 2901 2586
2355 5 2 1 1 2577 2892 2893 2578 2586 2901 2902 2587
2356 5 2 1 1 2578 2893 2894 2579 2587 2902 2903 2588
2357 5 2 1 1 2579 2894 2895 2580 2588 2903 2904 2589
2358 5 2 1 1 2580 2895 2896 2581 2589 2904 2905 2590
2359 5 2 1 1 2581 2896 2897 2582 2590 2905 2906 2591
2360 5 2 1 1 2582 2897 2898 2583 2591 2906 2907 2592
2361 5 2 1 1 2584 2899 2900 2585 2593 2908 2909 2594
2362 5 2 1 1 2585 2900 2901 2586 2594 2909 2910 2595
2363 5 2 1 1 2586 2901 2902 2587 2595 2910 2911 2596
2364 5 2 1 1 2587 2902 2903 2588 2596 2911 2912 2597
2365 5 2 1 1 2588 2903 2904 2589 2597 2912 2913 2598
2366 5 2 1 1 2589 2904 2905 2590 2598 2913 2914 2599
2367 5 2 1 1 2590 2905 2906 2591 2599 2914 2915 2600
2368 5 2 1 1 2591 2906 2907 2592 2600 2915 2916 2601
2369 5 2 1 1 2593 2908 2909 2594 2602 2917 2918 2603
2370 5 2 1 1 2594 2909 2910 2595 2603 2918 2919 2604
2371 5 2 1 1 2595 2910 2911 2596 2604 2919 2920 2605
2372 5 2 1 1 2596 2911 2912 2597 2605 2920 2921 2606
2373 5 2 1 1 2597 2912 2913 2598 2606 2921 2922 2607
2374 5 2 1 1 2598 2913 2914 2599 2607 2922 2923 2608
2375 5 2 1 1 2599 2914 2915 2600 2608 2923 2924 2609
2376 5 2 1 1 2600 2915 2916 2601 2609 2924 2925 2610
2377 5 2 1 1 2602 2917 2918 2603 2611 2926 2927 2612
2378 5 2 1 1 2603 2918 2919 2604 2612 2927 2928 2613
2379 5 2 1 1 2604 2919 2920 2605 2613 2928 2929 2614
2380 5 2 1 1 2605 2920 2921 2606 2614 2929 2930 2615
2381 5 2 1 1 2606 2921 2922 2607 2615 2930 2931 2616
2382 5 2 1 1 2607 2922 2923 2608 2616 2931 2932 2617
2383 5 2 1 1 2608 2923 2924 2609 2617 2932 2933 2618
2384 5 2 1 1 2609 2924 2925 2610 2618 2933 2934 2619
2385 5 2 1 1 2611 2926 2927 2612 2620 2935 2936 2621
2386 5 2 1 1 2612 2927 2928 2613 2621 2936 2937 2622
2387 5 2 1 1 2613 2928 2929 2614 2622 2937 2938 2623
2388 5 2 1 1 2614 2929 2930 2615 2623 2938 2939 2624
2389 5 2 1 1 2615 2930 2931 2616 2624 2939 2940 2625
2390 5 2 1 1 2616 2931 2932 2617 2625 2940 2941 2626
2391 5 2 1 1 2617 2932 2933 2618 2626 2941 2942 2627
2392 5 2 1 1 2618 2933 2934 2619 2627 2942 2943 2628
2393 5 2 1 1 2620 2935 2936 2621 2629 2944 2945 2630
2394 5 2 1 1 2621 2936 2937 2622 2630 2945 2946 2631
2395 5 2 1 1 2622 2937 2938 2623 2631 2946 2947 2632
2396 5 2 1 1 2623 2938 2939 2624 2632 2947 2948 2633
2397 5 2 1 1 2624 2939 2940 2625 2633 2948 2949 2634
2398 5 2 1 1 2625 2940 2941 2626 2634 2949 2950 2635
2399 5 2 1 1 2626 2941 2942 2627 2635 2950 2951 2636
2400 5 2 1 1 2627 2942 2943 2628 2636 2951 2952 2637
2401 5 2 1 1 2629 2944 2945 2630 2638 2953 2954 2639
2402 5 2 1 1 2630 2945 2946 2631 2639 2954 2955 2640
2403 5 2 1 1 2631 2946 2947 2632 2640 2955 2956 2641
2404 5 2 1 1 2632 2947 2948 2633 2641 2956 2957 2642
2405 5 2 1 1 2633 2948 2949 2634 2642 2957 2958 2643
2406 5 2 1 1 2634 2949 2950 2635 2643 2958 2959 2644
2407 5 2 1 1 2635 2950 2951 2636 2644 2959 2960 2645
2408 5 2 1 1 2636 2951 2952 2637 2645 2960 2961 2646
2409 5 2 1 1 2638 2953 2954 2639 2647 2962 2963 2648
2410 5 2 1 1 2639 2954 2955 2640 2648 2963 2964 2649
2411 5 2 1 1 2640 2955 2956 2641 2649 2964 2965 2650
2412 5 2 1 1 2641 2956 2957 2642 2650 2965 2966 2651
2413 5 2 1 1 2642 2957 2958 2643 2651 2966 2967 2652
2414 5 2 1 1 2643 2958 2959 2644 2652 2967 2968 2653
2415 5 2 1 1 2644 2959 2960 2645 2653 2968 2969 2654
2416 5 2 1 1 2645 2960 2961 2646 2654 2969 2970 2655
2417 5 2 1 1 2647 2962 2963 2648 2656 2971 2972 2657
2418 5 2 1 1 2648 2963 2964 2649 2657 2972 2973 2658
2419 5 2 1 1 2649 2964 2965 2650 2658 2973 2974 2659
2420 5 2 1 1 2650 2965 2966 2651 2659 2974 2975 2660
2421 5 2 1 1 2651 2966 2967 2652 2660 2975 2976 2661
2422 5 2 1 1 2652 2967 2968 2653 2661 2976 2977 2662
2423 5 2 1 1 2653 2968 2969 2654 2662 2977 2978 2663
2424 5 2 1 1 2654 2969 2970 2655 2663 2978 2979 2664
2425 5 2 1 1 2656 2971 2972 2657 2665 2980 2981 2666
2426 5 2 1 1 2657 2972 2973 2658 2666 2981 2982 2667
2427 5 2 1 1 2658 2973 2974 2659 2667 2982 2983 2668
2428 5 2 1 1 2659 2974 2975 2660 2668 2983 2984 2669
2429 5 2 1 1 2660 2975 2976 2661 2669 2984 2985 2670
2430 5 2 1 1 2661 2976 2977 2662 2670 2985 2986 2671
2431 5 2 1 1 2662 2977 2978 2663 2671 2986 2987 2672
2432 5 2 1 1 2663 2978 2979 2664 2672 2987 2988 2673
2433 5 2 1 1 2665 2980 2981 2666 2674 2989 2990 2675
2434 5 2 1 1 2666 2981 2982 2667 2675 2990 2991 2676
2435 5 2 1 1 2667 2982 2983 2668 2676 2991 2992 2677
2436 5 2 1 1 2668 2983 2984 2669 2677 2992 2993 2678
2437 5 2 1 1 2669 2984 2985 2670 2678 2993 2994 2679
2438 5 2 1 1 2670 2985 2986 2671 2679 2994 2995 2680
2439 5 2 1 1 2671 2986 2987 2672 2680 2995 2996 2681
2440 5 2 1 1 2672 2987 2988 2673 2681 2996 2997 2682
2441 5 2 1 1 2674 2989 2990 2675 2683 2998 2999 2684
2442 5 2 1 1 2675 2990 2991 2676 2684 2999 3000 2685
2443 5 2 1 1 2676 2991 2992 2677 2685 3000 3001 2686
2444 5 2 1 1 2677 2992 2993 2678 2686 3001 3002 2687
2445 5 2 1 1 2678 2993 2994 2679 2687 3002 3003 2688
2446 5 2 1 1 2679 2994 2995 2680 2688 3003 3004 2689
2447 5 2 1 1 2680 2995 2996 2681 2689 3004 3005 2690
2448 5 2 1 1 2681 2996 2997 2682 2690 3005 3006 2691
2449 5 2 1 1 2683 2998 2999 2684 2692 3007 3008 2693
2450 5 2 1 1 2684 2999 3000 2685 2693 3008 3009 2694
2451 5 2 1 1 2685 3000 3001 2686 2694 3009 3010 2695
2452 5 2 1 1 2686 3001 3002 2687 2695 3010 3011 2696
2453 5 2 1 1 2687 3002 3003 2688 2696 3011 3012 2697
2454 5 2 1 1 2688 3003 3004 2689 2697 3012 3013 2698
2455 5 2 1 1 2689 3004 3005 2690 2698 3013 3014 2699
2456 5 2 1 1 2690 3005 3006 2691 2699 3014 3015 2700
2457 5 2 1 1 2692 3007 3008 2693 2701 3016 3017 2702
2458 5 2 1 1 2693 3008 3009 2694 2702 3017 3018 2703
2459 5 2 1 1 2694 3009 3010 2695 2703 3018 3019 2704
2460 5 2 1 1 2695 3010 3011 2696 2704 3019 3020 2705
2461 5 2 1 1 2696 3011 3012 2697 2705 3020 3021 2706
2462 5 2 1 1 2697 3012 3013 2698 2706 3021 3022 2707
2463 5 2 1 1 2698 3013 3014 2699 2707 3022 3023 2708
2464 5 2 1 1 2699 3014 3015 2700 2708 3023 3024 2709
2465 5 2 1 1 2701 3016 3017 2702 2710 3025 3026 2711
2466 5 2 1 1 2702 3017 3018 2703 2711 3026 3027 2712
2467 5 2 1 1 2703 3018 3019 2704 2712 3027 3028 2713
2468 5 2 1 1 2704 3019 3020 2705 2713 3028 3029 2714
2469 5 2 1 1 2705 3020 3021 2706 2714 3029 3030 2715
2470 5 2 1 1 2706 3021 3022 2707 2715 3030 3031 2716
2471 5 2 1 1 2707 3022 3023 2708 2716 3031 3032 2717
2472 5 2 1 1 2708 3023 3024 2709 2717 3032 3033 2718
2473 5 2 1 1 2710 3025 3026 2711 2719 3034 3035 2720
2474 5 2 1 1 2711 3026 3027 2712 2720 3035 3036 2721
2475 5 2 1 1 2712 3027 3028 2713 2721 3036 3037 2722
2476 5 2 1 1 2713 3028 3029 2714 2722 3037 3038 2723
2477 5 2 1 1 2714 3029 3030 2715 2723 3038 3039 2724
2478 5 2 1 1 2715 3030 3031 2716 2724 3039 3040 2725
2479 5 2 1 1 2716 3031 3032 2717 2725 3040 3041 2726
2480 5 2 1 1 2717 3032 3033 2718 2726 3041 3042 2727
2481 5 2 1 1 2719 3034 3035 2720 2728 3043 3044 2729
2482 5 2 1 1 2720 3035 3036 2721 2729 3044 3045 2730
2483 5 2 1 1 2721 3036 3037 2722 2730 3045 3046 2731
2484 5 2 1 1 2722 3037 3038 2723 2731 3046 3047 2732
2485 5 2 1 1 2723 3038 3039 2724 2732 3047 3048 2733
2486 5 2 1 1 2724 3039 3040 2725 2733 3048 3049 2734
2487 5 2 1 1 2725 3040 3041 2726 2734 3049 3050 2735
2488 5 2 1 1 2726 3041 3042 2727 2735 3050 3051 2736
2489 5 2 1 1 2728 3043 3044 2729 2737 3052 3053 2738
2490 5 2 1 1 2729 3044 3045 2730 2738 3053 3054 2739
2491 5 2 1 1 2730 3045 3046 2731 2739 3054 3055 2740
2492 5 2 1 1 2731 3046 3047 2732 2740 3055 3056 2741
2493 5 2 1 1 2732 3047 3048 2733 2741 3056 3057 2742
2494 5 2 1 1 2733 3048 3049 2734 2742 3057 3058 2743
2495 5 2 1 1 2734 3049 3050 2735 2743 3058 3059 2744
2496 5 2 1 1 2735 3050 3051 2736 2744 3059 3060 2745
2497 5 2 1 1 2737 3052 3053 2738 2746 3061 3062 2747
2498 5 2 1 1 2738 3053 3054 2739 2747 3062 3063 2748
2499 5 2 1 1 2739 3054 3055 2740 2748 3063 3064 2749
2500 5 2 1 1 2740 3055 3056 2741 2749 3064 3065 2750
2501 5 2 1 1 2741 3056 3057 2742 2750 3065 3066 2751
2502 5 2 1 1 2742 3057 3058 2743 2751 3066 3067 2752
2503 5 2 1 1 2743 3058 3059 2744 2752 3067 3068 2753
2504 5 2 1 1 2744 3059 3060 2745 2753 3068 3069 2754
2505 5 2 1 1 2746 3061 3062 2747 2755 3070 3071 2756
2506 5 2 1 1 2747 3062 3063 2748 2756 3071 3072 2757
2507 5 2 1 1 2748 3063 3064 2749 2757 3072 3073 2758
2508 5 2 1 1 2749 3064 3065 2750 2758 3073 3074 2759
2509 5 2 1 1 2750 3065 3066 2751 2759 3074 3075 2760
2510 5 2 1 1 2751 3066 3067 2752 2760 3075 3076 2761
2511 5 2 1 1 2752 3067 3068 2753 2761 3076 3077 2762
2512 5 2 1 1 2753 3068 3069 2754 2762 3077 3078 2763
2513 5 2 1 1 2755 3070 3071 2756 2764 3079 3080 2765
2514 5 2 1 1 2756 3071 3072 2757 2765 3080 3081 2766
2515 5 2 1 1 2757 3072 3073 2758 2766 3081 3082 2767
2516 5 2 1 1 2758 3073 3074 2759 2767 3082 3083 2768
2517 5 2 1 1 2759 3074 3075 2760 2768 3083 3084 2769
2518 5 2 1 1 2760 3075 3076 2761 2769 3084 3085 2770
2519 5 2 1 1 2761 3076 3077 2762 2770 3085 3086 2771
2520 5 2 1 1 2762 3077 3078 2763 2771 3086 3087 2772
2521 6 2 1 1 2845 2773 3088 2846 2774 3089
2522 6 2 1 1 2846 2774 3089 2847 2775 3090
2523 6 2 1 1 2847 2775 3090 2848 2776 3091
2524 6 2 1 1 2848 2776 3091 2849 2777 3092
2525 6 2 1 1 2849 2777 3092 2850 2778 3093
2526 6 2 1 1 2850 2778 3093 2851 2779 3094
2527 6 2 1 1 2851 2779 3094 2852 2780 3095
2528 6 2 1 1 2852 2780 3095 2853 2781 3096
2529 6 2 1 1 2845 3088 3097 2846 3089 3098
2530 6 2 1 1 2846 3089 3098 2847 3090 3099
2531 6 2 1 1 2847 3090 3099 2848 3091 3100
2532 6 2 1 1 2848 3091 3100 2849 3092 3101
2533 6 2 1 1 2849 3092 3101 2850 3093 3102
2534 6 2 1 1 2850 3093 3102 2851 3094 3103
2535 6 2 1 1 2851 3094 3103 2852 3095 3104
2536 6 2 1 1 2852 3095 3104 2853 3096 3105
2537 6 2 1 1 2845 3097 3106 2846 3098 3107
2538 6 2 1 1 2846 3098 3107 2847 3099 3108
2539 6 2 1 1 2847 3099 3108 2848 3100 3109
2540 6 2 1 1 2848 3100 3109 2849 3101 3110
2541 6 2 1 1 2849 3101 3110 2850 3102 3111
2542 6 2 1 1 2850 3102 3111 2851 3103 3112
2543 6 2 1 1 2851 3103 3112 2852 3104 3113
2544 6 2 1 1 2852 3104 3113 2853 3105 3114
2545 6 2 1 1 2845 3106 3115 2846 3107 3116
2546 6 2 1 1 2846 3107 3116 2847 3108 3117
2547 6 2 1 1 2847 3108 3117 2848 3109 3118
2548 6 2 1 1 2848 3109 3118 2849 3110 3119
2549 6 2 1 1 2849 3110 3119 2850 3111 3120
2550 6 2 1 1 2850 3111 3120 2851 3112 3121
2551 6 2 1 1 2851 3112 3121 2852 3113 3122
2552 6 2 1 1 2852 3113 3122 2853 3114 3123
2553 6 2 1 1 2845 3115 3124 2846 3116 3125
2554 6 2 1 1 2846 3116 3125 2847 3117 3126
2555 6 2 1 1 2847 3117 3126 2848 3118 3127
2556 6 2 1 1 2848 3118 3127 2849 3119 3128
2557 6 2 1 1 2849 3119 3128 2850 3120 3129
2558 6 2 1 1 2850 3120 3129 2851 3121 3130
2559 6 2 1 1 2851 3121 3130 2852 3122 3131
2560 6 2 1 1 2852 3122 3131 2853 3123 3132
2561 6 2 1 1 2845 3124 3133 2846 3125 3134
2562 6 2 1 1 2846 3125 3134 2847 3126 3135
2563 6 2 1 1 2847 3126 3135 2848 3127 3136
2564 6 2 1 1 2848 3127 3136 2849 3128 3137
2565 6 2 1 1 2849 3128 3137 2850 3129 3138
2566 6 2 1 1 2850 3129 3138 2851 3130 3139
2567 6 2 1 1 2851 3130 3139 2852 3131 3140
2568 6 2 1 1 2852 3131 3140 2853 3132 3141
2569 6 2 1 1 2845 3133 3142 2846 3134 3143
2570 6 2 1 1 2846 3134 3143 2847 3135 3144
2571 6 2 1 1 2847 3135 3144 2848 3136 3145
2572 6 2 1 1 2848 3136 3145 2849 3137 3146
2573 6 2 1 1 2849 3137 3146 2850 3138 3147
2574 6 2 1 1 2850 3138 3147 2851 3139 3148
2575 6 2 1 1 2851 3139 3148 2852 3140 3149
2576 6 2 1 1 2852 3140 3149 2853 3141 3150
2577 6 2 1 1 2845 3142 3151 2846 3143 3152
2578 6 2 1 1 2846 3143 3152 2847 3144 3153
2579 6 2 1 1 2847 3144 3153 2848 3145 3154
2580 6 2 1 1 2848 3145 3154 2849 3146 3155
2581 6 2 1 1 2849 3146 3155 2850 3147 3156
2582 6 2 1 1 2850 3147 3156 2851 3148 3157
2583 6 2 1 1 2851 3148 3157 2852 3149 3158
2584 6 2 1 1 2852 3149 3158 2853 3150 3159
2585 6 2 1 1 2845 3151 3160 2846 3152 3161
2586 6 2 1 1 2846 3152 3161 2847 3153 3162
2587 6 2 1 1 2847 3153 3162 2848 3154 3163
2588 6 2 1 1 2848 3154 3163 2849 3155 3164
2589 6 2 1 1 2849 3155 3164 2850 3156 3165
2590 6 2 1 1 2850 3156 3165 2851 3157 3166
2591 6 2 1 1 2851 3157 3166 2852 3158 3167
2592 6 2 1 1 2852 3158 3167 2853 3159 3168
2593 5 2 1 1 2773 3088 3089 2774 2854 3169 3170 2855
2594 5 2 1 1 2774 3089 3090 2775 2855 3170 3171 2856
2595 5 2 1 1 2775 3090 3091 2776 2856 3171 3172 2857
2596 5 2 1 1 2776 3091 3092 2777 2857 3172 3173 2858
2597 5 2 1 1 2777 3092 3093 2778 2858 3173 3174 2859
2598 5 2 1 1 2778 3093 3094 2779 2859 3174 3175 2860
2599 5 2 1 1 2779 3094 3095 2780 2860 3175 3176 2861
2600 5 2 1 1 2780 3095 3096 2781 2861 3176 3177 2862
2601 5 2 1 1 2854 3169 3170 2855 2863 3178 3179 2864
2602 5 2 1 1 2855 3170 3171 2856 2864 3179 3180 2865
2603 5 2 1 1 2856 3171 3172 2857 2865 3180 3181 2866
2604 5 2 1 1 2857 3172 3173 2858 2866 3181 3182 2867
2605 5 2 1 1 2858 3173 3174 2859 2867 3182 3183 2868
2606 5 2 1 1 2859 3174 3175 2860 2868 3183 3184 2869
2607 5 2 1 1 2860 3175 3176 2861 2869 3184 3185 2870
2608 5 2 1 1 2861 3176 3177 2862 2870 3185 3186 2871
2609 5 2 1 1 2863 3178 3179 2864 2872 3187 3188 2873
2610 5 2 1 1 2864 3179 3180 2865 2873 3188 3189 2874
2611 5 2 1 1 2865 3180 3181 2866 2874 3189 3190 2875
2612 5 2 1 1 2866 3181 3182 2867 2875 3190 3191 2876
2613 5 2 1 1 2867 3182 3183 2868 2876 3191 3192 2877
2614 5 2 1 1 2868 3183 3184 2869 2877 3192 3193 2878
2615 5 2 1 1 2869 3184 3185 2870 2878 3193 3194 2879
2616 5 2 1 1 2870 3185 3186 2871 2879 3194 3195 2880
2617 5 2 1 1 2872 3187 3188 2873 2881 3196 3197 2882
2618 5 2 1 1 2873 3188 3189 2874 2882 3197 3198 2883
2619 5 2 1 1 2874 3189 3190 2875 2883 3198 3199 2884
2620 5 2 1 1 2875 3190 3191 2876 2884 3199 3200 2885
2621 5 2 1 1 2876 3191 3192 2877 2885 3200 3201 2886
2622 5 2 1 1 2877 3192 3193 2878 2886 3201 3202 2887
2623 5 2 1 1 2878 3193 3194 2879 2887 3202 3203 2888
2624 5 2 1 1 2879 3194 3195 2880 2888 3203 3204 2889
2625 5 2 1 1 2881 3196 3197 2882 2890 3205 3206 2891
2626 5 2 1 1 2882 3197 3198 2883 2891 3206 3207 2892
2627 5 2 1 1 2883 3198 3199 2884 2892 3207 3208 2893
2628 5 2 1 1 2884 3199 3200 2885 2893 3208 3209 2894
2629 5 2 1 1 2885 3200 3201 2886 2894 3209 3210 2895
2630 5 2 1 1 2886 3201 3202 2887 2895 3210 3211 2896
2631 5 2 1 1 2887 3202 3203 2888 2896 3211 3212 2897
2632 5 2 1 1 2888 3203 3204 2889 2897 3212 3213 2898
2633 5 2 1 1 2890 3205 3206 2891 2899 3214 3215 2900
2634 5 2 1 1 2891 3206 3207 2892 2900 3215 3216 2901
2635 5 2 1 1 2892 3207 3208 2893 2901 3216 3217 2902
2636 5 2 1 1 2893 3208 3209 2894 2902 3217 3218 2903
2637 5 2 1 1 2894 3209 3210 2895 2903 3218 3219 2904
2638 5 2 1 1 2895 3210 3211 2896 2904 3219 3220 2905
2639 5 2 1 1 2896 3211 3212 2897 2905 3220 3221 2906
2640 5 2 1 1 2897 3212 3213 2898 2906 3221 3222 2907
2641 5 2 1 1 2899 3214 3215 2900 2908 3223 3224 2909
2642 5 2 1 1 2900 3215 3216 2901 2909 3224 3225 2910
2643 5 2 1 1 2901 3216 3217 2902 2910 3225 3226 2911
2644 5 2 1 1 2902 3217 3218 2903 2911 3226 3227 2912
2645 5 2 1 1 2903 3218 3219 2904 2912 3227 3228 2913
2646 5 2 1 1 2904 3219 3220 2905 2913 3228 3229 2914
2647 5 2 1 1 2905 3220 3221 2906 2914 3229 3230 2915
2648 5 2 1 1 2906 3221 3222 2907 2915 3230 3231 2916
2649 5 2 1 1 2908 3223 3224 2909 2917 3232 3233 2918
2650 5 2 1 1 2909 3224 3225 2910 2918 3233 3234 2919
2651 5 2 1 1 2910 3225 3226 2911 2919 3234 3235 2920
2652 5 2 1 1 2911 3226 3227 2912 2920 3235 3236 2921
2653 5 2 1 1 2912 3227 3228 2913 2921 3236 3237 2922
2654 5 2 1 1 2913 3228 3229 2914 2922 3237 3238 2923
2655 5 2 1 1 2914 3229 3230 2915 2923 3238 3239 2924
2656 5 2 1 1 2915 3230 3231 2916 2924 3239 3240 2925
2657 5 2 1 1 2917 3232 3233 2918 2926 3241 3242 2927
2658 5 2 1 1 2918 3233 3234 2919 2927 3242 3243 2928
2659 5 2 1 1 2919 3234 3235 2920 2928 3243 3244 2929
2660 5 2 1 1 2920 3235 3236 2921 2929 3244 3245 2930
2661 5 2 1 1 2921 3236 3237 2922 2930 3245 3246 2931
2662 5 2 1 1 2922 3237 3238 2923 2931 3246 3247 2932
2663 5 2 1 1 2923 3238 3239 2924 2932 3247 3248 2933
2664 5 2 1 1 2924 3239 3240 2925 2933 3248 3249 2934
2665 5 2 1 1 2926 3241 3242 2927 2935 3250 3251 2936
2666 5 2 1 1 2927 3242 3243 2928 2936 3251 3252 2937
2667 5 2 1 1 2928 3243 3244 2929 2937 3252 3253 2938
2668 5 2 1 1 2929 3244 3245 2930 2938 3253 3254 2939
2669 5 2 1 1 2930 3245 3246 2931 2939 3254 3255 2940
2670 5 2 1 1 2931 3246 3247 2932 2940 3255 3256 2941
2671 5 2 1 1 2932 3247 3248 2933 2941 3256 3257 2942
2672 5 2 1 1 2933 3248 3249 2934 2942 3257 3258 2943
2673 5 2 1 1 2935 3250 3251 2936 2944 3259 3260 2945
2674 5 2 1 1 2936 3251 3252 2937 2945 3260 3261 2946
2675 5 2 1 1 2937 3252 3253 2938 2946 3261 3262 2947
2676 5 2 1 1 2938 3253 3254 2939 2947 3262 3263 2948
2677 5 2 1 1 2939 3254 3255 2940 2948 3263 3264 2949
2678 5 2 1 1 2940 3255 3256 2941 2949 3264 3265 2950
2679 5 2 1 1 2941 3256 3257 2942 2950 3265 3266 2951
2680 5 2 1 1 2942 3257 3258 2943 2951 3266 3267 2952
2681 5 2 1 1 2944 3259 3260 2945 2953 3268 3269 2954
2682 5 2 1 1 2945 3260 3261 2946 2954 3269 3270 2955
2683 5 2 1 1 2946 3261 3262 2947 2955 3270 3271 2956
2684 5 2 1 1 2947 3262 3263 2948 2956 3271 3272 2957
2685 5 2 1 1 2948 3263 3264 2949 2957 3272 3273 2958
2686 5 2 1 1 2949 3264 3265 2950 2958 3273 3274 2959
2687 5 2 1 1 2950 3265 3266 2951 2959 3274 3275 2960
2688 5 2 1 1 2951 3266 3267 2952 2960 3275 3276 2961
2689 5 2 1 1 2953 3268 3269 2954 2962 3277 3278 2963
2690 5 2 1 1 2954 3269 3270 2955 2963 3278 3279 2964
2691 5 2 1 1 2955 3270 3271 2956 2964 3279 3280 2965
2692 5 2 1 1 2956 3271 3272 2957 2965 3280 3281 2966
2693 5 2 1 1 2957 3272 3273 2958 2966 3281 3282 2967
2694 5 2 1 1 2958 3273 3274 2959 2967 3282 3283 2968
2695 5 2 1 1 2959 3274 3275 2960 2968 3283 3284 2969
2696 5 2 1 1 2960 3275 3276 2961 2969 3284 3285 2970
2697 5 2 1 1 2962 3277 3278 2963 2971 3286 3287 2972
2698 5 2 1 1 2963 3278 3279 2964 2972 3287 3288 2973
2699 5 2 1 1 2964 3279 3280 2965 2973 3288 3289 2974
2700 5 2 1 1 2965 3280 3281 2966 2974 3289 3290 2975
2701 5 2 1 1 2966 3281 3282 2967 2975 3290 3291 2976
2702 5 2 1 1 2967 3282 3283 2968 2976 3291 3292 2977
2703 5 2 1 1 2968 3283 3284 2969 2977 3292 3293 2978
2704 5 2 1 1 2969 3284 3285 2970 2978 3293 3294 2979
2705 5 2 1 1 2971 3286 3287 2972 2980 3295 3296 2981
2706 5 2 1 1 2972 3287 3288 2973 2981 3296 3297 2982
2707 5 2 1 1 2973 3288 3289 2974 2982 3297 3298 2983
2708 5 2 1 1 2974 3289 3290 2975 2983 3298 3299 2984
2709 5 2 1 1 2975 3290 3291 2976 2984 3299 3300 2985
2710 5 2 1 1 2976 3291 3292 2977 2985 3300 3301 2986
2711 5 2 1 1 2977 3292 3293 2978 2986 3301 3302 2987
2712 5 2 1 1 2978 3293 3294 2979 2987 3302 3303 2988
2713 5 2 1 1 2980 3295 3296 2981 2989 3304 3305 2990
2714 5 2 1 1 2981 3296 3297 2982 2990 3305 3306 2991
2715 5 2 1 1 2982 3297 3298 2983 2991 3306 3307 2992
2716 5 2 1 1 2983 3298 3299 2984 2992 3307 3308 2993
2717 5 2 1 1 2984 3299 3300 2985 2993 3308 3309 2994
2718 5 2 1 1 2985 3300 3301 2986 2994 3309 3310 2995
2719 5 2 1 1 2986 3301 3302 2987 2995 3310 3311 2996
2720 5 2 1 1 2987 3302 3303 2988 2996 3311 3312 2997
2721 5 2 1 1 2989 3304 3305 2990 2998 3313 3314 2999
2722 5 2 1 1 2990 3305 3306 2991 2999 3314 3315 3000
2723 5 2 1 1 2991 3306 3307 2992 3000 3315 3316 3001
2724 5 2 1 1 2992 3307 3308 2993 3001 3316 3317 3002
2725 5 2 1 1 2993 3308 3309 2994 3002 3317 3318 3003
2726 5 2 1 1 2994 3309 3310 2995 3003 3318 3319 3004
2727 5 2 1 1 2995 3310 3311 2996 3004 3319 3320 3005
2728 5 2 1 1 2996 3311 3312 2997 3005 3320 3321 3006
2729 5 2 1 1 2998 3313 3314 2999 3007 3322 3323 3008
2730 5 2 1 1 2999 3314 3315 3000 3008 3323 3324 3009
2731 5 2 1 1 3000 3315 3316 3001 3009 3324 3325 3010
2732 5 2 1 1 3001 3316 3317 3002 3010 3325 3326 3011
2733 5 2 1 1 3002 3317 3318 3003 3011 3326 3327 3012
2734 5 2 1 1 3003 3318 3319 3004 3012 3327 3328 3013
2735 5 2 1 1 3004 3319 3320 3005 3013 3328 3329 3014
2736 5 2 1 1 3005 3320 3321 3006 3014 3329 3330 3015
2737 5 2 1 1 3007 3322 3323 3008 3016 3331 3332 3017
2738 5 2 1 1 3008 3323 3324 3009 3017 3332 3333 3018
2739 5 2 1 1 3009 3324 3325 3010 3018 3333 3334 3019
2740 5 2 1 1 3010 3325 3326 3011 3019 3334 3335 3020
2741 5 2 1 1 3011 3326 3327 3012 3020 3335 3336 3021
2742 5 2 1 1 3012 3327 3328 3013 3021 3336 3337 3022
2743 5 2 1 1 3013 3328 3329 3014 3022 3337 3338 3023
2744 5 2 1 1 3014 3329 3330 3015 3023 3338 3339 3024
2745 5 2 1 1 3016 3331 3332 3017 3025 3340 3341 3026
2746 5 2 1 1 3017 3332 3333 3018 3026 3341 3342 3027
2747 5 2 1 1 3018 3333 3334 3019 3027 3342 3343 3028
2748 5 2 1 1 3019 3334 3335 3020 3028 3343 3344 3029
2749 5 2 1 1 3020 3335 3336 3021 3029 3344 3345 3030
2750 5 2 1 1 3021 3336 3337 3022 3030 3345 3346 3031
2751 5 2 1 1 3022 3337 3338 3023 3031 3346 3347 3032
2752 5 2 1 1 3023 3338 3339 3024 3032 3347 3348 3033
2753 5 2 1 1 3025 3340 3341 3026 3034 3349 3350 3035
2754 5 2 1 1 3026 3341 3342 3027 3035 3350 3351 3036
2755 5 2 1 1 3027 3342 3343 3028 3036 3351 3352 3037
2756 5 2 1 1 3028 3343 3344 3029 3037 3352 3353 3038
2757 5 2 1 1 3029 3344 3345 3030 3038 3353 3354 3039
2758 5 2 1 1 3030 3345 3346 3031 3039 3354 3355 3040
2759 5 2 1 1 3031 3346 3347 3032 3040 3355 3356 3041
2760 5 2 1 1 3032 3347 3348 3033 3041 3356 3357 3042
2761 5 2 1 1 3034 3349 3350 3035 3043 3358 3359 3044
2762 5 2 1 1 3035 3350 3351 3036 3044 3359 3360 3045
2763 5 2 1 1 3036 3351 3352 3037 3045 3360 3361 3046
2764 5 2 1 1 3037 3352 3353 3038 3046 3361 3362 3047
2765 5 2 1 1 3038 3353 3354 3039 3047 3362 3363 3048
2766 5 2 1 1 3039 3354 3355 3040 3048 3363 3364 3049
2767 5 2 1 1 3040 3355 3356 3041 3049 3364 3365 3050
2768 5 2 1 1 3041 3356 3357 3042 3050 3365 3366 3051
2769 5 2 1 1 3043 3358 3359 3044 3052 3367 3368 3053
2770 5 2 1 1 3044 3359 3360 3045 3053 3368 3369 3054
2771 5 2 1 1 3045 3360 3361 3046 3054 3369 3370 3055
2772 5 2 1 1 3046 3361 3362 3047 3055 3370 3371 3056
2773 5 2 1 1 3047 3362 3363 3048 3056 3371 3372 3057
2774 5 2 1 1 3048 3363 3364 3049 3057 3372 3373 3058
2775 5 2 1 1 3049 3364 3365 3050 3058 3373 3374 3059
2776 5 2 1 1 3050 3365 3366 3051 3059 3374 3375 3060
2777 5 2 1 1 3052 3367 3368 3053 3061 3376 3377 3062
2778 5 2 1 1 3053 3368 3369 3054 3062 3377 3378 3063
2779 5 2 1 1 3054 3369 3370 3055 3063 3378 3379 3064
2780 5 2 1 1 3055 3370 3371 3056 3064 3379 3380 3065
2781 5 2 1 1 3056 3371 3372 3057 3065 3380 3381 3066
2782 5 2 1 1 3057 3372 3373 3058 3066 3381 3382 3067
2783 5 2 1 1 3058 3373 3374 3059 3067 3382 3383 3068
2784 5 2 1 1 3059 3374 3375 3060 3068 3383 3384 3069
2785 5 2 1 1 3061 3376 3377 3062 3070 3385 3386 3071
2786 5 2 1 1 3062 3377 3378 3063 3071 3386 3387 3072
2787 5 2 1 1 3063 3378 3379 3064 3072 3387 3388 3073
2788 5 2 1 1 3064 3379 3380 3065 3073 3388 3389 3074
2789 5 2 1 1 3065 3380 3381 3066 3074 3389 3390 3075
2790 5 2 1 1 3066 3381 3382 3067 3075 3390 3391 3076
2791 5 2 1 1 3067 3382 3383 3068 3076 3391 3392 3077
2792 5 2 1 1 3068 3383 3384 3069 3077 3392 3393 3078
2793 5 2 1 1 3070 3385 3386 3071 3079 3394 3395 3080
2794 5 2 1 1 3071 3386 3387 3072 3080 3395 3396 3081
2795 5 2 1 1 3072 3387 3388 3073 3081 3396 3397 3082
2796 5 2 1 1 3073 3388 3389 3074 3082 3397 3398 3083
2797 5 2 1 1 3074 3389 3390 3075 3083 3398 3399 3084
2798 5 2 1 1 3075 3390 3391 3076 3084 3399 3400 3085
2799 5 2 1 1 3076 3391 3392 3077 3085 3400 3401 3086
2800 5 2 1 1 3077 3392 3393 3078 3086 3401 3402 3087
2801 6 2 1 1 3160 3088 3403 3161 3089 3404
2802 6 2 1 1 3161 3089 3404 3162 3090 3405
2803 6 2 1 1 3162 3090 3405 3163 3091 3406
2804 6 2 1 1 3163 3091 3406 3164 3092 3407
2805 6 2 1 1 3164 3092 3407 3165 3093 3408
2806 6 2 1 1 3165 3093 3408 3166 3094 3409
2807 6 2 1 1 3166 3094 3409 3167 3095 3410
2808 6 2 1 1 3167 3095 3410 3168 3096 3411
2809 6 2 1 1 3160 3403 3412 3161 3404 3413
2810 6 2 1 1 3161 3404 3413 3162 3405 3414
2811 6 2 1 1 3162 3405 3414 3163 3406 3415
2812 6 2 1 1 3163 3406 3415 3164 3407 3416
2813 6 2 1 1 3164 3407 3416 3165 3408 3417
2814 6 2 1 1 3165 3408 3417 3166 3409 3418
2815 6 2 1 1 3166 3409 3418 3167 3410 3419
2816 6 2 1 1 3167 3410 3419 3168 3411 3420
2817 6 2 1 1 3160 3412 3421 3161 3413 3422
2818 6 2 1 1 3161 3413 3422 3162 3414 3423
2819 6 2 1 1 3162 3414 3423 3163 3415 3424
2820 6 2 1 1 3163 3415 3424 3164 3416 3425
2821 6 2 1 1 3164 3416 3425 3165 3417 3426
2822 6 2 1 1 3165 3417 3426 3166 3418 3427
2823 6 2 1 1 3166 3418 3427 3167 3419 3428
2824 6 2 1 1 3167 3419 3428 3168 3420 3429
2825 6 2 1 1 3160 3421 3430 3161 3422 3431
2826 6 2 1 1 3161 3422 3431 3162 3423 3432
2827 6 2 1 1 3162 3423 3432 3163 3424 3433
2828 6 2 1 1 3163 3424 3433 3164 3425 3434
2829 6 2 1 1 3164 3425 3434 3165 3426 3435
2830 6 2 1 1 3165 3426 3435 3166 3427 3436
2831 6 2 1 1 3166 3427 3436 3167 3428 3437
2832 6 2 1 1 3167 3428 3437 3168 3429 3438
2833 6 2 1 1 3160 3430 3439 3161 3431 3440
2834 6 2 1 1 3161 3431 3440 3162 3432 3441
2835 6 2 1 1 3162 3432 3441 3163 3433 3442
2836 6 2 1 1 3163 3433 3442 3164 3434 3443
2837 6 2 1 1 3164 3434 3443 3165 3435 3444
2838 6 2 1 1 3165 3435 3444 3166 3436 3445
2839 6 2 1 1 3166 3436 3445 3167 3437 3446
2840 6 2 1 1 3167 3437 3446 3168 3438 3447
2841 6 2 1 1 3160 3439 3448 3161 3440 3449
2842 6 2 1 1 3161 3440 3449 3162 3441 3450
2843 6 2 1 1 3162 3441 3450 3163 3442 3451
2844 6 2 1 1 3163 3442 3451 3164 3443 3452
2845 6 2 1 1 3164 3443 3452 3165 3444 3453
2846 6 2 1 1 3165 3444 3453 3166 3445 3454
2847 6 2 1 1 3166 3445 3454 3167 3446 3455
2848 6 2 1 1 3167 3446 3455 3168 3447 3456
2849 6 2 1 1 3160 3448 3457 3161 3449 3458
2850 6 2 1 1 3161 3449 3458 3162 3450 3459
2851 6 2 1 1 3162 3450 3459 3163 3451 3460
2852 6 2 1 1 3163 3451 3460 3164 3452 3461
2853 6 2 1 1 3164 3452 3461 3165 3453 3462
2854 6 2 1 1 3165 3453 3462 3166 3454 3463
2855 6 2 1 1 3166 3454 3463 3167 3455 3464
2856 6 2 1 1 3167 3455 3464 3168 3456 3465
2857 6 2 1 1 3160 3457 3466 3161 3458 3467
2858 6 2 1 1 3161 3458 3467 3162 3459 3468
2859 6 2 1 1 3162 3459 3468 3163 3460 3469
2860 6 2 1 1 3163 3460 3469 3164 3461 3470
2861 6 2 1 1 3164 3461 3470 3165 3462 3471
2862 6 2 1 1 3165 3462 3471 3166 3463 3472
2863 6 2 1 1 3166 3463 3472 3167 3464 3473
2864 6 2 1 1 3167 3464 3473 3168 3465 3474
2865 6 2 1 1 3160 3466 3475 3161 3467 3476
2866 6 2 1 1 3161 3467 3476 3162 3468 3477
2867 6 2 1 1 3162 3468 3477 3163 3469 3478
2868 6 2 1 1 3163 3469 3478 3164 3470 3479
2869 6 2 1 1 3164 3470 3479 3165 3471 3480
2870 6 2 1 1 3165 3471 3480 3166 3472 3481
2871 6 2 1 1 3166 3472 3481 3167 3473 3482
2872 6 2 1 1 3167 3473 3482 3168 3474 3483
2873 5 2 1 1 3088 3403 3404 3089 3169 3484 3485 3170
2874 5 2 1 1 3089 3404 3405 3090 3170 3485 3486 3171
2875 5 2 1 1 3090 3405 3406 3091 3171 3486 3487 3172
2876 5 2 1 1 3091 3406 3407 3092 3172 3487 3488 3173
2877 5 2 1 1 3092 3407 3408 3093 3173 3488 3489 3174
2878 5 2 1 1 3093 3408 3409 3094 3174 3489 3490 3175
2879 5 2 1 1 3094 3409 3410 3095 3175 3490 3491 3176
2880 5 2 1 1 3095 3410 3411 3096 3176 3491 3492 3177
2881 5 2 1 1 3169 3484 3485 3170 3178 3493 3494 3179
2882 5 2 1 1 3170 3485 3486 3171 3179 3494 3495 3180
2883 5 2 1 1 3171 3486 3487 3172 3180 3495 3496 3181
2884 5 2 1 1 3172 3487 3488 3173 3181 3496 3497 3182
2885 5 2 1 1 3173 3488 3489 3174 3182 3497 3498 3183
2886 5 2 1 1 3174 3489 3490 3175 3183 3498 3499 3184
2887 5 2 1 1 3175 3490 3491 3176 3184 3499 3500 3185
2888 5 2 1 1 3176 3491 3492 3177 3185 3500 3501 3186
2889 5 2 1 1 3178 3493 3494 3179 3187 3502 3503 3188
2890 5 2 1 1 3179 3494 3495 3180 3188 3503 3504 3189
2891 5 2 1 1 3180 3495 3496 3181 3189 3504 3505 3190
2892 5 2 1 1 3181 3496 3497 3182 3190 3505 3506 3191
2893 5 2 1 1 3182 3497 3498 3183 3191 3506 3507 3192
2894 5 2 1 1 3183 3498 3499 3184 3192 3507 3508 3193
2895 5 2 1 1 3184 3499 3500 3185 3193 3508 3509 3194
2896 5 2 1 1 3185 3500 3501 3186 3194 3509 3510 3195
2897 5 2 1 1 3187 3502 3503 3188 3196 3511 3512 3197
2898 5 2 1 1 3188 3503 3504 3189 3197 3512 3513 3198
2899 5 2 1 1 3189 3504 3505 3190 3198 3513 3514 3199
2900 5 2 1 1 3190 3505 3506 3191 3199 3514 3515 3200
2901 5 2 1 1 3191 3506 3507 3192 3200 3515 3516 3201
2902 5 2 1 1 3192 3507 3508 3193 3201 3516 3517 3202
2903 5 2 1 1 3193 3508 3509 3194 3202 3517 3518 3203
2904 5 2 1 1 3194 3509 3510 3195 3203 3518 3519 3204
2905 5 2 1 1 3196 3511 3512 3197 3205 3520 3521 3206
2906 5 2 1 1 3197 3512 3513 3198 3206 3521 3522 3207
2907 5 2 1 1 3198 3513 3514 3199 3207 3522 3523 3208
2908 5 2 1 1 3199 3514 3515 3200 3208 3523 3524 3209
2909 5 2 1 1 3200 3515 3516 3201 3209 3524 3525 3210
2910 5 2 1 1 3201 3516 3517 3202 3210 3525 3526 3211
2911 5 2 1 1 3202 3517 3518 3203 3211 3526 3527 3212
2912 5 2 1 1 3203 3518 3519 3204 3212 3527 3528 3213
2913 5 2 1 1 3205 3520 3521 3206 3214 3529 3530 3215
2914 5 2 1 1 3206 3521 3522 3207 3215 3530 3531 3216
2915 5 2 1 1 3207 3522 3523 3208 3216 3531 3532 3217
2916 5 2 1 1 3208 3523 3524 3209 3217 3532 3533 3218
2917 5 2 1 1 3209 3524 3525 3210 3218 3533 3534 3219
2918 5 2 1 1 3210 3525 3526 3211 3219 3534 3535 3220
2919 5 2 1 1 3211 3526 3527 3212 3220 3535 3536 3221
2920 5 2 1 1 3212 3527 3528 3213 3221 3536 3537 3222
2921 5 2 1 1 3214 3529 3530 3215 3223 3538 3539 3224
2922 5 2 1 1 3215 3530 3531 3216 3224 3539 3540 3225
2923 5 2 1 1 3216 3531 3532 3217 3225 3540 3541 3226
2924 5 2 1 1 3217 3532 3533 3218 3226 3541 3542 3227
2925 5 2 1 1 3218 3533 3534 3219 3227 3542 3543 3228
2926 5 2 1 1 3219 3534 3535 3220 3228 3543 3544 3229
2927 5 2 1 1 3220 3535 3536 3221 3229 3544 3545 3230
2928 5 2 1 1 3221 3536 3537 3222 3230 3545 3546 3231
2929 5 2 1 1 3223 3538 3539 3224 3232 3547 3548 3233
2930 5 2 1 1 3224 3539 3540 3225 3233 3548 3549 3234
2931 5 2 1 1 3225 3540 3541 3226 3234 3549 3550 3235
2932 5 2 1 1 3226 3541 3542 3227 3235 3550 3551 3236
2933 5 2 1 1 3227 3542 3543 3228 3236 3551 3552 3237
2934 5 2 1 1 3228 3543 3544 3229 3237 3552 3553 3238
2935 5 2 1 1 3229 3544 3545 3230 3238 3553 3554 3239
2936 5 2 1 1 3230 3545 3546 3231 3239 3554 3555 3240
2937 5 2 1 1 3232 3547 3548 3233 3241 3556 3557 3242
2938 5 2 1 1 3233 3548 3549 3234 3242 3557 3558 3243
2939 5 2 1 1 3234 3549 3550 3235 3243 3558 3559 3244
2940 5 2 1 1 3235 3550 3551 3236 3244 3559 3560 3245
2941 5 2 1 1 3236 3551 3552 3237 3245 3560 3561 3246
2942 5 2 1 1 3237 3552 3553 3238 3246 3561 3562 3247
2943 5 2 1 1 3238 3553 3554 3239 3247 3562 3563 3248
2944 5 2 1 1 3239 3554 3555 3240 3248 3563 3564 3249
2945 5 2 1 1 3241 3556 3557 3242 3250 3565 3566 3251
2946 5 2 1 1 3242 3557 3558 3243 3251 3566 3567 3252
2947 5 2 1 1 3243 3558 3559 3244 3252 3567 3568 3253
2948 5 2 1 1 3244 3559 3560 3245 3253 3568 3569 3254
2949 5 2 1 1 3245 3560 3561 3246 3254 3569 3570 3255
2950 5 2 1 1 3246 3561 3562 3247 3255 3570 3571 3256
2951 5 2 1 1 3247 3562 3563 3248 3256 3571 3572 3257
2952 5 2 1 1 3248 3563 3564 3249 3257 3572 3573 3258
2953 5 2 1 1 3250 3565 3566 3251 3259 3574 3575 3260
2954 5 2 1 1 3251 3566 3567 3252 3260 3575 3576 3261
2955 5 2 1 1 3252 3567 3568 3253 3261 3576 3577 3262
2956 5 2 1 1 3253 3568 3569 3254 3262 3577 3578 3263
2957 5 2 1 1 3254 3569 3570 3255 3263 3578 3579 3264
2958 5 2 1 1 3255 3570 3571 3256 3264 3579 3580 3265
2959 5 2 1 1 3256 3571 3572 3257 3265 3580 3581 3266
2960 5 2 1 1 3257 3572 3573 3258 3266 3581 3582 3267
2961 5 2 1 1 3259 3574 3575 3260 3268 3583 3584 3269
2962 5 2 1 1 3260 3575 3576 3261 3269 3584 3585 3270
2963 5 2 1 1 3261 3576 3577 3262 3270 3585 3586 3271
2964 5 2 1 1 3262 3577 3578 3263 3271 3586 3587 3272
2965 5 2 1 1 3263 3578 3579 3264 3272 3587 3588 3273
2966 5 2 1 1 3264 3579 3580 3265 3273 3588 3589 3274
2967 5 2 1 1 3265 3580 3581 3266 3274 3589 3590 3275
2968 5 2 1 1 3266 3581 3582 3267 3275 3590 3591 3276
2969 5 2 1 1 3268 3583 3584 3269 3277 3592 3593 3278
2970 5 2 1 1 3269 3584 3585 3270 3278 3593 3594 3279
2971 5 2 1 1 3270 3585 3586 3271 3279 3594 3595 3280
2972 5 2 1 1 3271 3586 3587 3272 3280 3595 3596 3281
2973 5 2 1 1 3272 3587 3588 3273 3281 3596 3597 3282
2974 5 2 1 1 3273 3588 3589 3274 3282 3597 3598 3283
2975 5 2 1 1 3274 3589 3590 3275 3283 3598 3599 3284
2976 5 2 1 1 3275 3590 3591 3276 3284 3599 3600 3285
2977 5 2 1 1 3277 3592 3593 3278 3286 3601 3602 3287
2978 5 2 1 1 3278 3593 3594 3279 3287 3602 3603 3288
2979 5 2 1 1 3279 3594 3595 3280 3288 3603 3604 3289
2980 5 2 1 1 3280 3595 3596 3281 3289 3604 3605 3290
2981 5 2 1 1 3281 3596 3597 3282 3290 3605 3606 3291
2982 5 2 1 1 3282 3597 3598 3283 3291 3606 3607 3292
2983 5 2 1 1 3283 3598 3599 3284 3292 3607 3608 3293
2984 5 2 1 1 3284 3599 3600 3285 3293 3608 3609 3294
2985 5 2 1 1 3286 3601 3602 3287 3295 3610 3611 3296
2986 5 2 1 1 3287 3602 3603 3288 3296 3611 3612 3297
2987 5 2 1 1 3288 3603 3604 3289 3297 3612 3613 3298
2988 5 2 1 1 3289 3604 3605 3290 3298 3613 3614 3299
2989 5 2 1 1 3290 3605 3606 3291 3299 3614 3615 3300
2990 5 2 1 1 3291 3606 3607 3292 3300 3615 3616 3301
2991 5 2 1 1 3292 3607 3608 3293 3301 3616 3617 3302
2992 5 2 1 1 3293 3608 3609 3294 3302 3617 3618 3303
2993 5 2 1 1 3295 3610 3611 3296 3304 3619 3620 3305
2994 5 2 1 1 3296 3611 3612 3297 3305 3620 3621 3306
2995 5 2 1 1 3297 3612 3613 3298 3306 3621 3622 3307
2996 5 2 1 1 3298 3613 3614 3299 3307 3622 3623 3308
2997 5 2 1 1 3299 3614 3615 3300 3308 3623 3624 3309
2998 5 2 1 1 3300 3615 3616 3301 3309 3624 3625 3310
2999 5 2 1 1 3301 3616 3617 3302 3310 3625 3626 3311
3000 5 2 1 1 3302 3617 3618 3303 3311 3626 3627 3312
3001 5 2 1 1 3304 3619 3620 3305 3313 3628 3629 3314
3002 5 2 1 1 3305 3620 3621 3306 3314 3629 3630 3315
3003 5 2 1 1 3306 3621 3622 3307 3315 3630 3631 3316
3004 5 2 1 1 3307 3622 3623 3308 3316 3631 3632 3317
3005 5 2 1 1 3308 3623 3624 3309 3317 3632 3633 3318
3006 5 2 1 1 3309 3624 3625 3310 3318 3633 3634 3319
3007 5 2 1 1 3310 3625 3626 3311 3319 3634 3635 3320
3008 5 2 1 1 3311 3626 3627 3312 3320 3635 3636 3321
3009 5 2 1 1 3313 3628 3629 3314 3322 3637 3638 3323
3010 5 2 1 1 3314 3629 3630 3315 3323 3638 3639 3324
3011 5 2 1 1 3315 3630 3631 3316 3324 3639 3640 3325
3012 5 2 1 1 3316 3631 3632 3317 3325 3640 3641 3326
3013 5 2 1 1 3317 3632 3633 3318 3326 3641 3642 3327
3014 5 2 1 1 3318 3633 3634 3319 3327 3642 3643 3328
3015 5 2 1 1 3319 3634 3635 3320 3328 3643 3644 3329
3016 5 2 1 1 3320 3635 3636 3321 3329 3644 3645 3330
3017 5 2 1 1 3322 3637 3638 3323 3331 3646 3647 3332
3018 5 2 1 1 3323 3638 3639 3324 3332 3647 3648 3333
3019 5 2 1 1 3324 3639 3640 3325 3333 3648 3649 3334
3020 5 2 1 1 3325 3640 3641 3326 3334 3649 3650 3335
3021 5 2 1 1 3326 3641 3642 3327 3335 3650 3651 3336
3022 5 2 1 1 3327 3642 3643 3328 3336 3651 3652 3337
3023 5 2 1 1 3328 3643 3644 3329 3337 3652 3653 3338
3024 5 2 1 1 3329 3644 3645 3330 3338 3653 3654 3339
3025 5 2 1 1 3331 3646 3647 3332 3340 3655 3656 3341
3026 5 2 1 1 3332 3647 3648 3333 3341 3656 3657 3342
3027 5 2 1 1 3333 3648 3649 3334 3342 3657 3658 3343
3028 5 2 1 1 3334 3649 3650 3335 3343 3658 3659 3344
3029 5 2 1 1 3335 3650 3651 3336 3344 3659 3660 3345
3030 5 2 1 1 3336 3651 3652 3337 3345 3660 3661 3346
3031 5 2 1 1 3337 3652 3653 3338 3346 3661 3662 3347
3032 5 2 1 1 3338 3653 3654 3339 3347 3662 3663 3348
3033 5 2 1 1 3340 3655 3656 3341 3349 3664 3665 3350
3034 5 2 1 1 3341 3656 3657 3342 3350 3665 3666 3351
3035 5 2 1 1 3342 3657 3658 3343 3351 3666 3667 3352
3036 5 2 1 1 3343 3658 3659 3344 3352 3667 3668 3353
3037 5 2 1 1 3344 3659 3660 3345 3353 3668 3669 3354
3038 5 2 1 1 3345 3660 3661 3346 3354 3669 3670 3355
3039 5 2 1 1 3346 3661 3662 3347 3355 3670 3671 3356
3040 5 2 1 1 3347 3662 3663 3348 3356 3671 3672 3357
3041 5 2 1 1 3349 3664 3665 3350 3358 3673 3674 3359
3042 5 2 1 1 3350 3665 3666 3351 3359 3674 3675 3360
3043 5 2 1 1 3351 3666 3667 3352 3360 3675 3676 3361
3044 5 2 1 1 3352 3667 3668 3353 3361 3676 3677 3362
3045 5 2 1 1 3353 3668 3669 3354 3362 3677 3678 3363
3046 5 2 1 1 3354 3669 3670 3355 3363 3678 3679 3364
3047 5 2 1 1 3355 3670 3671 3356 3364 3679 3680 3365
3048 5 2 1 1 3356 3671 3672 3357 3365 3680 3681 3366
3049 5 2 1 1 3358 3673 3674 3359 3367 3682 3683 3368
3050 5 2 1 1 3359 3674 3675 3360 3368 3683 3684 3369
3051 5 2 1 1 3360 3675 3676 3361 3369 3684 3685 3370
3052 5 2 1 1 3361 3676 3677 3362 3370 3685 3686 3371
3053 5 2 1 1 3362 3677 3678 3363 3371 3686 3687 3372
3054 5 2 1 1 3363 3678 3679 3364 3372 3687 3688 3373
3055 5 2 1 1 3364 3679 3680 3365 3373 3688 3689 3374
3056 5 2 1 1 3365 3680 3681 3366 3374 3689 3690 3375
3057 5 2 1 1 3367 3682 3683 3368 3376 3691 3692 3377
3058 5 2 1 1 3368 3683 3684 3369 3377 3692 3693 3378
3059 5 2 1 1 3369 3684 3685 3370 3378 3693 3694 3379
3060 5 2 1 1 3370 3685 3686 3371 3379 3694 3695 3380
3061 5 2 1 1 3371 3686 3687 3372 3380 3695 3696 3381
3062 5 2 1 1 3372 3687 3688 3373 3381 3696 3697 3382
3063 5 2 1 1 3373 3688 3689 3374 3382 3697 3698 3383
3064 5 2 1 1 3374 3689 3690 3375 3383 3698 3699 3384
3065 5 2 1 1 3376 3691 3692 3377 3385 3700 3701 3386
3066 5 2 1 1 3377 3692 3693 3378 3386 3701 3702 3387
3067 5 2 1 1 3378 3693 3694 3379 3387 3702 3703 3388
3068 5 2 1 1 3379 3694 3695 3380 3388 3703 3704 3389
3069 5 2 1 1 3380 3695 3696 3381 3389 3704 3705 3390
3070 5 2 1 1 3381 3696 3697 3382 3390 3705 3706 3391
3071 5 2 1 1 3382 3697 3698 3383 3391 3706 3707 3392
3072 5 2 1 1 3383 3698 3699 3384 3392 3707 3708 3393
3073 5 2 1 1 3385 3700 3701 3386 3394 3709 3710 3395
3074 5 2 1 1 3386 3701 3702 3387 3395 3710 3711 3396
3075 5 2 1 1 3387 3702 3703 3388 3396 3711 3712 3397
3076 5 2 1 1 3388 3703 3704 3389 3397 3712 3713 3398
3077 5 2 1 1 3389 3704 3705 3390 3398 3713 3714 3399
3078 5 2 1 1 3390 3705 3706 3391 3399 3714 3715 3400
3079 5 2 1 1 3391 3706 3707 3392 3400 3715 3716 3401
3080 5 2 1 1 3392 3707 3708 3393 3401 3716 3717 3402
3081 6 2 1 1 3475 3403 3718 3476 3404 3719
3082 6 2 1 1 3476 3404 3719 3477 3405 3720
3083 6 2 1 1 3477 3405 3720 3478 3406 3721
3084 6 2 1 1 3478 3406 3721 3479 3407 3722
3085 6 2 1 1 3479 3407 3722 3480 3408 3723
3086 6 2 1 1 3480 3408 3723 3481 3409 3724
3087 6 2 1 1 3481 3409 3724 3482 3410 3725
3088 6 2 1 1 3482 3410 3725 3483 3411 3726
3089 6 2 1 1 3475 3718 3727 3476 3719 3728
3090 6 2 1 1 3476 3719 3728 3477 3720 3729
3091 6 2 1 1 3477 3720 3729 3478 3721 3730
3092 6 2 1 1 3478 3721 3730 3479 3722 3731
3093 6 2 1 1 3479 3722 3731 3480 3723 3732
3094 6 2 1 1 3480 3723 3732 3481 3724 3733
3095 6 2 1 1 3481 3724 3733 3482 3725 3734
3096 6 2 1 1 3482 3725 3734 3483 3726 3735
3097 6 2 1 1 3475 3727 3736 3476 3728 3737
3098 6 2 1 1 3476 3728 3737 3477 3729 3738
3099 6 2 1 1 3477 3729 3738 3478 3730 3739
3100 6 2 1 1 3478 3730 3739 3479 3731 3740
3101 6 2 1 1 3479 3731 3740 3480 3732 3741
3102 6 2 1 1 3480 3732 3741 3481 3733 3742
3103 6 2 1 1 3481 3733 3742 3482 3734 3743
3104 6 2 1 1 3482 3734 3743 3483 3735 3744
3105 6 2 1 1 3475 3736 3745 3476 3737 3746
3106 6 2 1 1 3476 3737 3746 3477 3738 3747
3107 6 2 1 1 3477 3738 3747 3478 3739 3748
3108 6 2 1 1 3478 3739 3748 3479 3740 3749
3109 6 2 1 1 3479 3740 3749 3480 3741 3750
3110 6 2 1 1 3480 3741 3750 3481 3742 3751
3111 6 2 1 1 3481 3742 3751 3482 3743 3752
3112 6 2 1 1 3482 3743 3752 3483 3744 3753
3113 6 2 1 1 3475 3745 3754 3476 3746 3755
3114 6 2 1 1 3476 3746 3755 3477 3747 3756
3115 6 2 1 1 3477 3747 3756 3478 3748 3757
3116 6 2 1 1 3478 3748 3757 3479 3749 3758
3117 6 2 1 1 3479 3749 3758 3480 3750 3759
3118 6 2 1 1 3480 3750 3759 3481 3751 3760
3119 6 2 1 1 3481 3751 3760 3482 3752 3761
3120 6 2 1 1 3482 3752 3761 3483 3753 3762
3121 6 2 1 1 3475 3754 3763 3476 3755 3764
3122 6 2 1 1 3476 3755 3764 3477 3756 3765
3123 6 2 1 1 3477 3756 3765 3478 3757 3766
3124 6 2 1 1 3478 3757 3766 3479 3758 3767
3125 6 2 1 1 3479 3758 3767 3480 3759 3768
3126 6 2 1 1 3480 3759 3768 3481 3760 3769
3127 6 2 1 1 3481 3760 3769 3482 3761 3770
3128 6 2 1 1 3482 3761 3770 3483 3762 3771
3129 6 2 1 1 3475 3763 3772 3476 3764 3773
3130 6 2 1 1 3476 3764 3773 3477 3765 3774
3131 6 2 1 1 3477 3765 3774 3478 3766 3775
3132 6 2 1 1 3478 3766 3775 3479 3767 3776
3133 6 2 1 1 3479 3767 3776 3480 3768 3777
3134 6 2 1 1 3480 3768 3777 3481 3769 3778
3135 6 2 1 1 3481 3769 3778 3482 3770 3779
3136 6 2 1 1 3482 3770 3779 3483 3771 3780
3137 6 2 1 1 3475 3772 3781 3476 3773 3782
3138 6 2 1 1 3476 3773 3782 3477 3774 3783
3139 6 2 1 1 3477 3774 3783 3478 3775 3784
3140 6 2 1 1 3478 3775 3784 3479 3776 3785
3141 6 2 1 1 3479 3776 3785 3480 3777 3786
3142 6 2 1 1 3480 3777 3786 3481 3778 3787
3143 6 2 1 1 3481 3778 3787 3482 3779 3788
3144 6 2 1 1 3482 3779 3788 3483 3780 3789
3145 6 2 1 1 3475 3781 3790 3476 3782 3791
3146 6 2 1 1 3476 3782 3791 3477 3783 3792
3147 6 2 1 1 3477 3783 3792 3478 3784 3793
3148 6 2 1 1 3478 3784 3793 3479 3785 3794
3149 6 2 1 1 3479 3785 3794 3480 3786 3795
3150 6 2 1 1 3480 3786 3795 3481 3787 3796
3151 6 2 1 1 3481 3787 3796 3482 3788 3797
3152 6 2 1 1 3482 3788 3797 3483 3789 3798
3153 5 2 1 1 3403 3718 3719 3404 3484 3799 3800 3485
3154 5 2 1 1 3404 3719 3720 3405 3485 3800 3801 3486
3155 5 2 1 1 3405 3720 3721 3406 3486 3801 3802 3487
3156 5 2 1 1 3406 3721 3722 3407 3487 3802 3803 3488
3157 5 2 1 1 3407 3722 3723 3408 3488 3803 3804 3489
3158 5 2 1 1 3408 3723 3724 3409 3489 3804 3805 3490
3159 5 2 1 1 3409 3724 3725 3410 3490 3805 3806 3491
3160 5 2 1 1 3410 3725 3726 3411 3491 3806 3807 3492
3161 5 2 1 1 3484 3799 3800 3485 3493 3808 3809 3494
3162 5 2 1 1 3485 3800 3801 3486 3494 3809 3810 3495
3163 5 2 1 1 3486 3801 3802 3487 3495 3810 3811 3496
3164 5 2 1 1 3487 3802 3803 3488 3496 3811 3812 3497
3165 5 2 1 1 3488 3803 3804 3489 3497 3812 3813 3498
3166 5 2 1 1 3489 3804 3805 3490 3498 3813 3814 3499
3167 5 2 1 1 3490 3805 3806 3491 3499 3814 3815 3500
3168 5 2 1 1 3491 3806 3807 3492 3500 3815 3816 3501
3169 5 2 1 1 3493 3808 3809 3494 3502 3817 3818 3503
3170 5 2 1 1 3494 3809 3810 3495 3503 3818 3819 3504
3171 5 2 1 1 3495 3810 3811 3496 3504 3819 3820 3505
3172 5 2 1 1 3496 3811 3812 3497 3505 3820 3821 3506
3173 5 2 1 1 3497 3812 3813 3498 3506 3821 3822 3507
3174 5 2 1 1 3498 3813 3814 3499 3507 3822 3823 3508
3175 5 2 1 1 3499 3814 3815 3500 3508 3823 3824 3509
3176 5 2 1 1 3500 3815 3816 3501 3509 3824 3825 3510
3177 5 2 1 1 3502 3817 3818 3503 3511 3826 3827 3512
3178 5 2 1 1 3503 3818 3819 3504 3512 3827 3828 3513
3179 5 2 1 1 3504 3819 3820 3505 3513 3828 3829 3514
3180 5 2 1 1 3505 3820 3821 3506 3514 3829 3830 3515
3181 5 2 1 1 3506 3821 3822 3507 3515 3830 3831 3516
3182 5 2 1 1 3507 3822 3823 3508 3516 3831 3832 3517
3183 5 2 1 1 3508 3823 3824 3509 3517 3832 3833 3518
3184 5 2 1 1 3509 3824 3825 3510 3518 3833 3834 3519
3185 5 2 1 1 3511 3826 3827 3512 3520 3835 3836 3521
3186 5 2 1 1 3512 3827 3828 3513 3521 3836 3837 3522
3187 5 2 1 1 3513 3828 3829 3514 3522 3837 3838 3523
3188 5 2 1 1 3514 3829 3830 3515 3523 3838 3839 3524
3189 5 2 1 1 3515 3830 3831 3516 3524 3839 3840 3525
3190 5 2 1 1 3516 3831 3832 3517 3525 3840 3841 3526
3191 5 2 1 1 3517 3832 3833 3518 3526 3841 3842 3527
3192 5 2 1 1 3518 3833 3834 3519 3527 3842 3843 3528
3193 5 2 1 1 3520 3835 3836 3521 3529 3844 3845 3530
3194 5 2 1 1 3521 3836 3837 3522 3530 3845 3846 3531
3195 5 2 1 1 3522 3837 3838 3523 3531 3846 3847 3532
3196 5 2 1 1 3523 3838 3839 3524 3532 3847 3848 3533
3197 5 2 1 1 3524 3839 3840 3525 3533 3848 3849 3534
3198 5 2 1 1 3525 3840 3841 3526 3534 3849 3850 3535
3199 5 2 1 1 3526 3841 3842 3527 3535 3850 3851 3536
3200 5 2 1 1 3527 3842 3843 3528 3536 3851 3852 3537
3201 5 2 1 1 3529 3844 3845 3530 3538 3853 3854 3539
3202 5 2 1 1 3530 3845 3846 3531 3539 3854 3855 3540
3203 5 2 1 1 3531 3846 3847 3532 3540 3855 3856 3541
3204 5 2 1 1 3532 3847 3848 3533 3541 3856 3857 3542
3205 5 2 1 1 3533 3848 3849 3534 3542 3857 3858 3543
3206 5 2 1 1 3534 3849 3850 3535 3543 3858 3859 3544
3207 5 2 1 1 3535 3850 3851 3536 3544 3859 3860 3545
3208 5 2 1 1 3536 3851 3852 3537 3545 3860 3861 3546
3209 5 2 1 1 3538 3853 3854 3539 3547 3862 3863 3548
3210 5 2 1 1 3539 3854 3855 3540 3548 3863 3864 3549
3211 5 2 1 1 3540 3855 3856 3541 3549 3864 3865 3550
3212 5 2 1 1 3541 3856 3857 3542 3550 3865 3866 3551
3213 5 2 1 1 3542 3857 3858 3543 3551 3866 3867 3552
3214 5 2 1 1 3543 3858 3859 3544 3552 3867 3868 3553
3215 5 2 1 1 3544 3859 3860 3545 3553 3868 3869 3554
3216 5 2 1 1 3545 3860 3861 3546 3554 3869 3870 3555
3217 5 2 1 1 3547 3862 3863 3548 3556 3871 3872 3557
3218 5 2 1 1 3548 3863 3864 3549 3557 3872 3873 3558
3219 5 2 1 1 3549 3864 3865 3550 3558 3873 3874 3559
3220 5 2 1 1 3550 3865 3866 3551 3559 3874 3875 3560
3221 5 2 1 1 3551 3866 3867 3552 3560 3875 3876 3561
3222 5 2 1 1 3552 3867 3868 3553 3561 3876 3877 3562
3223 5 2 1 1 3553 3868 3869 3554 3562 3877 3878 3563
3224 5 2 1 1 3554 3869 3870 3555 3563 3878 3879 3564
3225 5 2 1 1 3556 3871 3872 3557 3565 3880 3881 3566
3226 5 2 1 1 3557 3872 3873 3558 3566 3881 3882 3567
3227 5 2 1 1 3558 3873 3874 3559 3567 3882 3883 3568
3228 5 2 1 1 3559 3874 3875 3560 3568 3883 3884 3569
3229 5 2 1 1 3560 3875 3876 3561 3569 3884 3885 3570
3230 5 2 1 1 3561 3876 3877 3562 3570 3885 3886 3571
3231 5 2 1 1 3562 3877 3878 3563 3571 3886 3887 3572
3232 5 2 1 1 3563 3878 3879 3564 3572 3887 3888 3573
3233 5 2 1 1 3565 3880 3881 3566 3574 3889 3890 3575
3234 5 2 1 1 3566 3881 3882 3567 3575 3890 3891 3576
3235 5 2 1 1 3567 3882 3883 3568 3576 3891 3892 3577
3236 5 2 1 1 3568 3883 3884 3569 3577 3892 3893 3578
3237 5 2 1 1 3569 3884 3885 3570 3578 3893 3894 3579
3238 5 2 1 1 3570 3885 3886 3571 3579 3894 3895 3580
3239 5 2 1 1 3571 3886 3887 3572 3580 3895 3896 3581
3240 5 2 1 1 3572 3887 3888 3573 3581 3896 3897 3582
3241 5 2 1 1 3574 3889 3890 3575 3583 3898 3899 3584
3242 5 2 1 1 3575 3890 3891 3576 3584 3899 3900 3585
3243 5 2 1 1 3576 3891 3892 3577 3585 3900 3901 3586
3244 5 2 1 1 3577 3892 3893 3578 3586 3901 3902 3587
3245 5 2 1 1 3578 3893 3894 3579 3587 3902 3903 3588
3246 5 2 1 1 3579 3894 3895 3580 3588 3903 3904 3589
3247 5 2 1 1 3580 3895 3896 3581 3589 3904 3905 3590
3248 5 2 1 1 3581 3896 3897 3582 3590 3905 3906 3591
3249 5 2 1 1 3583 3898 3899 3584 3592 3907 3908 3593
3250 5 2 1 1 3584 3899 3900 3585 3593 3908 3909 3594
3251 5 2 1 1 3585 3900 3901 3586 3594 3909 3910 3595
3252 5 2 1 1 3586 3901 3902 3587 3595 3910 3911 3596
3253 5 2 1 1 3587 3902 3903 3588 3596 3911 3912 3597
3254 5 2 1 1 3588 3903 3904 3589 3597 3912 3913 3598
3255 5 2 1 1 3589 3904 3905 3590 3598 3913 3914 3599
3256 5 2 1 1 3590 3905 3906 3591 3599 3914 3915 3600
3257 5 2 1 1 3592 3907 3908 3593 3601 3916 3917 3602
3258 5 2 1 1 3593 3908 3909 3594 3602 3917 3918 3603
3259 5 2 1 1 3594 3909 3910 3595 3603 3918 3919 3604
3260 5 2 1 1 3595 3910 3911 3596 3604 3919 3920 3605
3261 5 2 1 1 3596 3911 3912 3597 3605 3920 3921 3606
3262 5 2 1 1 3597 3912 3913 3598 3606 3921 3922 3607
3263 5 2 1 1 3598 3913 3914 3599 3607 3922 3923 3608
3264 5 2 1 1 3599 3914 3915 3600 3608 3923 3924 3609
3265 5 2 1 1 3601 3916 3917 3602 3610 3925 3926 3611
3266 5 2 1 1 3602 3917 3918 3603 3611 3926 3927 3612
3267 5 2 1 1 3603 3918 3919 3604 3612 3927 3928 3613
3268 5 2 1 1 3604 3919 3920 3605 3613 3928 3929 3614
3269 5 2 1 1 3605 3920 3921 3606 3614 3929 3930 3615
3270 5 2 1 1 3606 3921 3922 3607 3615 3930 3931 3616
3271 5 2 1 1 3607 3922 3923 3608 3616 3931 3932 3617
3272 5 2 1 1 3608 3923 3924 3609 3617 3932 3933 3618
3273 5 2 1 1 3610 3925 3926 3611 3619 3934 3935 3620
3274 5 2 1 1 3611 3926 3927 3612 3620 3935 3936 3621
3275 5 2 1 1 3612 3927 3928 3613 3621 3936 3937 3622
3276 5 2 1 1 3613 3928 3929 3614 3622 3937 3938 3623
3277 5 2 1 1 3614 3929 3930 3615 3623 3938 3939 3624
3278 5 2 1 1 3615 3930 3931 3616 3624 3939 3940 3625
3279 5 2 1 1 3616 3931 3932 3617 3625 3940 3941 3626
3280 5 2 1 1 3617 3932 3933 3618 3626 3941 3942 3627
3281 5 2 1 1 3619 3934 3935 3620 3628 3943 3944 3629
3282 5 2 1 1 3620 3935 3936 3621 3629 3944 3945 3630
3283 5 2 1 1 3621 3936 3937 3622 3630 3945 3946 3631
3284 5 2 1 1 3622 3937 3938 3623 3631 3946 3947 3632
3285 5 2 1 1 3623 3938 3939 3624 3632 3947 3948 3633
3286 5 2 1 1 3624 3939 3940 3625 3633 3948 3949 3634
3287 5 2 1 1 3625 3940 3941 3626 3634 3949 3950 3635
3288 5 2 1 1 3626 3941 3942 3627 3635 3950 3951 3636
3289 5 2 1 1 3628 3943 3944 3629 3637 3952 3953 3638
3290 5 2 1 1 3629 3944 3945 3630 3638 3953 3954 3639
3291 5 2 1 1 3630 3945 3946 3631 3639 3954 3955 3640
3292 5 2 1 1 3631 3946 3947 3632 3640 3955 3956 3641
3293 5 2 1 1 3632 3947 3948 3633 3641 3956 3957 3642
3294 5 2 1 1 3633 3948 3949 3634 3642 3957 3958 3643
3295 5 2 1 1 3634 3949 3950 3635 3643 3958 3959 3644
3296 5 2 1 1 3635 3950 3951 3636 3644 3959 3960 3645
3297 5 2 1 1 3637 3952 3953 3638 3646 3961 3962 3647
3298 5 2 1 1 3638 3953 3954 3639 3647 3962 3963 3648
3299 5 2 1 1 3639 3954 3955 3640 3648 3963 3964 3649
3300 5 2 1 1 3640 3955 3956 3641 3649 3964 3965 3650
3301 5 2 1 1 3641 3956 3957 3642 3650 3965 3966 3651
3302 5 2 1 1 3642 3957 3958 3643 3651 3966 3967 3652
3303 5 2 1 1 3643 3958 3959 3644 3652 3967 3968 3653
3304 5 2 1 1 3644 3959 3960 3645 3653 3968 3969 3654
3305 5 2 1 1 3646 3961 3962 3647 3655 3970 3971 3656
3306 5 2 1 1 3647 3962 3963 3648 3656 3971 3972 3657
3307 5 2 1 1 3648 3963 3964 3649 3657 3972 3973 3658
3308 5 2 1 1 3649 3964 3965 3650 3658 3973 3974 3659
3309 5 2 1 1 3650 3965 3966 3651 3659 3974 3975 3660
3310 5 2 1 1 3651 3966 3967 3652 3660 3975 3976 3661
3311 5 2 1 1 3652 3967 3968 3653 3661 3976 3977 3662
3312 5 2 1 1 3653 3968 3969 3654 3662 3977 3978 3663
3313 5 2 1 1 3655 3970 3971 3656 3664 3979 3980 3665
3314 5 2 1 1 3656 3971 3972 3657 3665 3980 3981 3666
3315 5 2 1 1 3657 3972 3973 3658 3666 3981 3982 3667
3316 5 2 1 1 3658 3973 3974 3659 3667 3982 3983 3668
3317 5 2 1 1 3659 3974 3975 3660 3668 3983 3984 3669
3318 5 2 1 1 3660 3975 3976 3661 3669 3984 3985 3670
3319 5 2 1 1 3661 3976 3977 3662 3670 3985 3986 3671
3320 5 2 1 1 3662 3977 3978 3663 3671 3986 3987 3672
3321 5 2 1 1 3664 3979 3980 3665 3673 3988 3989 3674
3322 5 2 1 1 3665 3980 3981 3666 3674 3989 3990 3675
3323 5 2 1 1 3666 3981 3982 3667 3675 3990 3991 3676
3324 5 2 1 1 3667 3982 3983 3668 3676 3991 3992 3677
3325 5 2 1 1 3668 3983 3984 3669 3677 3992 3993 3678
3326 5 2 1 1 3669 3984 3985 3670 3678 3993 3994 3679
3327 5 2 1 1 3670 3985 3986 3671 3679 3994 3995 3680
3328 5 2 1 1 3671 3986 3987 3672 3680 3995 3996 3681
3329 5 2 1 1 3673 3988 3989 3674 3682 3997 3998 3683
3330 5 2 1 1 3674 3989 3990 3675 3683 3998 3999 3684
3331 5 2 1 1 3675 3990 3991 3676 3684 3999 4000 3685
3332 5 2 1 1 3676 3991 3992 3677 3685 4000 4001 3686
3333 5 2 1 1 3677 3992 3993 3678 3686 4001 4002 3687
3334 5 2 1 1 3678 3993 3994 3679 3687 4002 4003 3688
3335 5 2 1 1 3679 3994 3995 3680 3688 4003 4004 3689
3336 5 2 1 1 3680 3995 3996 3681 3689 4004 4005 3690
3337 5 2 1 1 3682 3997 3998 3683 3691 4006 4007 3692
3338 5 2 1 1 3683 3998 3999 3684 3692 4007 4008 3693
3339 5 2 1 1 3684 3999 4000 3685 3693 4008 4009 3694
3340 5 2 1 1 3685 4000 4001 3686 3694 4009 4010 3695
3341 5 2 1 1 3686 4001 4002 3687 3695 4010 4011 3696
3342 5 2 1 1 3687 4002 4003 3688 3696 4011 4012 3697
3343 5 2 1 1 3688 4003 4004 3689 3697 4012 4013 3698
3344 5 2 1 1 3689 4004 4005 3690 3698 4013 4014 3699
3345 5 2 1 1 3691 4006 4007 3692 3700 4015 4016 3701
3346 5 2 1 1 3692 4007 4008 3693 3701 4016 4017 3702
3347 5 2 1 1 3693 4008 4009 3694 3702 4017 4018 3703
3348 5 2 1 1 3694 4009 4010 3695 3703 4018 4019 3704
3349 5 2 1 1 3695 4010 4011 3696 3704 4019 4020 3705
3350 5 2 1 1 3696 4011 4012 3697 3705 4020 4021 3706
3351 5 2 1 1 3697 4012 4013 3698 3706 4021 4022 3707
3352 5 2 1 1 3698 4013 4014 3699 3707 4022 4023 3708
3353 5 2 1 1 3700 4015 4016 3701 3709 4024 4025 3710
3354 5 2 1 1 3701 4016 4017 3702 3710 4025 4026 3711
3355 5 2 1 1 3702 4017 4018 3703 3711 4026 4027 3712
3356 5 2 1 1 3703 4018 4019 3704 3712 4027 4028 3713
3357 5 2 1 1 3704 4019 4020 3705 3713 4028 4029 3714
3358 5 2 1 1 3705 4020 4021 3706 3714 4029 4030 3715
3359 5 2 1 1 3706 4021 4022 3707 3715 4030 4031 3716
3360 5 2 1 1 3707 4022 4023 3708 3716 4031 4032 3717
3361 6 2 1 1 3790 3718 4033 3791 3719 4034
3362 6 2 1 1 3791 3719 4034 3792 3720 4035
3363 6 2 1 1 3792 3720 4035 3793 3721 4036
3364 6 2 1 1 3793 3721 4036 3794 3722 4037
3365 6 2 1 1 3794 3722 4037 3795 3723 4038
3366 6 2 1 1 3795 3723 4038 3796 3724 4039
3367 6 2 1 1 3796 3724 4039 3797 3725 4040
3368 6 2 1 1 3797 3725 4040 3798 3726 4041
3369 6 2 1 1 3790 4033 4042 3791 4034 4043
3370 6 2 1 1 3791 4034 4043 3792 4035 4044
3371 6 2 1 1 3792 4035 4044 3793 4036 4045
3372 6 2 1 1 3793 4036 4045 3794 4037 4046
3373 6 2 1 1 3794 4037 4046 3795 4038 4047
3374 6 2 1 1 3795 4038 4047 3796 4039 4048
3375 6 2 1 1 3796 4039 4048 3797 4040 4049
3376 6 2 1 1 3797 4040 4049 3798 4041 4050
3377 6 2 1 1 3790 4042 4051 3791 4043 4052
3378 6 2 1 1 3791 4043 4052 3792 4044 4053
3379 6 2 1 1 3792 4044 4053 3793 4045 4054
3380 6 2 1 1 3793 4045 4054 3794 4046 4055
3381 6 2 1 1 3794 4046 4055 3795 4047 4056
3382 6 2 1 1 3795 4047 4056 3796 4048 4057
3383 6 2 1 1 3796 4048 4057 3797 4049 4058
3384 6 2 1 1 3797 4049 4058 3798 4050 4059
3385 6 2 1 1 3790 4051 4060 3791 4052 4061
3386 6 2 1 1 3791 4052 4061 3792 4053 4062
3387 6 2 1 1 3792 4053 4062 3793 4054 4063
3388 6 2 1 1 3793 4054 4063 3794 4055 4064
3389 6 2 1 1 3794 4055 4064 3795 4056 4065
3390 6 2 1 1 3795 4056 4065 3796 4057 4066
3391 6 2 1 1 3796 4057 4066 3797 4058 4067
3392 6 2 1 1 3797 4058 4067 3798 4059 4068
3393 6 2 1 1 3790 4060 4069 3791 4061 4070
3394 6 2 1 1 3791 4061 4070 3792 4062 4071
3395 6 2 1 1 3792 4062 4071 3793 4063 4072
3396 6 2 1 1 3793 4063 4072 3794 4064 4073
3397 6 2 1 1 3794 4064 4073 3795 4065 4074
3398 6 2 1 1 3795 4065 4074 3796 4066 4075
3399 6 2 1 1 3796 4066 4075 3797 4067 4076
3400 6 2 1 1 3797 4067 4076 3798 4068 4077
3401 6 2 1 1 3790 4069 4078 3791 4070 4079
3402 6 2 1 1 3791 4070 4079 3792 4071 4080
3403 6 2 1 1 3792 4071 4080 3793 4072 4081
3404 6 2 1 1 3793 4072 4081 3794 4073 4082
3405 6 2 1 1 3794 4073 4082 3795 4074 4083
3406 6 2 1 1 3795 4074 4083 3796 4075 4084
3407 6 2 1 1 3796 4075 4084 3797 4076 4085
3408 6 2 1 1 3797 4076 4085 3798 4077 4086
3409 6 2 1 1 3790 4078 4087 3791 4079 4088
3410 6 2 1 1 3791 4079 4088 3792 4080 4089
3411 6 2 1 1 3792 4080 4089 3793 4081 4090
3412 6 2 1 1 3793 4081 4090 3794 4082 4091
3413 6 2 1 1 3794 4082 4091 3795 4083 4092
3414 6 2 1 1 3795 4083 4092 3796 4084 4093
3415 6 2 1 1 3796 4084 4093 3797 4085 4094
3416 6 2 1 1 3797 4085 4094 3798 4086 4095
3417 6 2 1 1 3790 4087 4096 3791 4088 4097
3418 6 2 1 1 3791 4088 4097 3792 4089 4098
3419 6 2 1 1 3792 4089 4098 3793 4090 4099
3420 6 2 1 1 3793 4090 4099 3794 4091 4100
3421 6 2 1 1 3794 4091 4100 3795 4092 4101
3422 6 2 1 1 3795 4092 4101 3796 4093 4102
3423 6 2 1 1 3796 4093 4102 3797 4094 4103
3424 6 2 1 1 3797 4094 4103 3798 4095 4104
3425 6 2 1 1 3790 4096 4105 3791 4097 4106
3426 6 2 1 1 3791 4097 4106 3792 4098 4107
3427 6 2 1 1 3792 4098 4107 3793 4099 4108
3428 6 2 1 1 3793 4099 4108 3794 4100 4109
3429 6 2 1 1 3794 4100 4109 3795 4101 4110
3430 6 2 1 1 3795 4101 4110 3796 4102 4111
3431 6 2 1 1 3796 4102 4111 3797 4103 4112
3432 6 2 1 1 3797 4103 4112 3798 4104 4113
3433 5 2 1 1 3718 4033 4034 3719 3799 4114 4115 3800
3434 5 2 1 1 3719 4034 4035 3720 3800 4115 4116 3801
3435 5 2 1 1 3720 4035 4036 3721 3801 4116 4117 3802
3436 5 2 1 1 3721 4036 4037 3722 3802 4117 4118 3803
3437 5 2 1 1 3722 4037 4038 3723 3803 4118 4119 3804
3438 5 2 1 1 3723 4038 4039 3724 3804 4119 4120 3805
3439 5 2 1 1 3724 4039 4040 3725 3805 4120 4121 3806
3440 5 2 1 1 3725 4040 4041 3726 3806 4121 4122 3807
3441 5 2 1 1 3799 4114 4115 3800 3808 4123 4124 3809
3442 5 2 1 1 3800 4115 4116 3801 3809 4124 4125 3810
3443 5 2 1 1 3801 4116 4117 3802 3810 4125 4126 3811
3444 5 2 1 1 3802 4117 4118 3803 3811 4126 4127 3812
3445 5 2 1 1 3803 4118 4119 3804 3812 4127 4128 3813
3446 5 2 1 1 3804 4119 4120 3805 3813 4128 4129 3814
3447 5 2 1 1 3805 4120 4121 3806 3814 4129 4130 3815
3448 5 2 1 1 3806 4121 4122 3807 3815 4130 4131 3816
3449 5 2 1 1 3808 4123 4124 3809 3817 4132 4133 3818
3450 5 2 1 1 3809 4124 4125 3810 3818 4133 4134 3819
3451 5 2 1 1 3810 4125 4126 3811 3819 4134 4135 3820
3452 5 2 1 1 3811 4126 4127 3812 3820 4135 4136 3821
3453 5 2 1 1 3812 4127 4128 3813 3821 4136 4137 3822
3454 5 2 1 1 3813 4128 4129 3814 3822 4137 4138 3823
3455 5 2 1 1 3814 4129 4130 3815 3823 4138 4139 3824
3456 5 2 1 1 3815 4130 4131 3816 3824 4139 4140 3825
3457 5 2 1 1 3817 4132 4133 3818 3826 4141 4142 3827
3458 5 2 1 1 3818 4133 4134 3819 3827 4142 4143 3828
3459 5 2 1 1 3819 4134 4135 3820 3828 4143 4144 3829
3460 5 2 1 1 3820 4135 4136 3821 3829 4144 4145 3830
3461 5 2 1 1 3821 4136 4137 3822 3830 4145 4146 3831
3462 5 2 1 1 3822 4137 4138 3823 3831 4146 4147 3832
3463 5 2 1 1 3823 4138 4139 3824 3832 4147 4148 3833
3464 5 2 1 1 3824 4139 4140 3825 3833 4148 4149 3834
3465 5 2 1 1 3826 4141 4142 3827 3835 4150 4151 3836
3466 5 2 1 1 3827 4142 4143 3828 3836 4151 4152 3837
3467 5 2 1 1 3828 4143 4144 3829 3837 4152 4153 3838
3468 5 2 1 1 3829 4144 4145 3830 3838 4153 4154 3839
3469 5 2 1 1 3830 4145 4146 3831 3839 4154 4155 3840
3470 5 2 1 1 3831 4146 4147 3832 3840 4155 4156 3841
3471 5 2 1 1 3832 4147 4148 3833 3841 4156 4157 3842
3472 5 2 1 1 3833 4148 4149 3834 3842 4157 4158 3843
3473 5 2 1 1 3835 4150 4151 3836 3844 4159 4160 3845
3474 5 2 1 1 3836 4151 4152 3837 3845 4160 4161 3846
3475 5 2 1 1 3837 4152 4153 3838 3846 4161 4162 3847
3476 5 2 1 1 3838 4153 4154 3839 3847 4162 4163 3848
3477 5 2 1 1 3839 4154 4155 3840 3848 4163 4164 3849
3478 5 2 1 1 3840 4155 4156 3841 3849 4164 4165 3850
3479 5 2 1 1 3841 4156 4157 3842 3850 4165 4166 3851
3480 5 2 1 1 3842 4157 4158 3843 3851 4166 4167 3852
3481 5 2 1 1 3844 4159 4160 3845 3853 4168 4169 3854
3482 5 2 1 1 3845 4160 4161 3846 3854 4169 4170 3855
3483 5 2 1 1 3846 4161 4162 3847 3855 4170 4171 3856
3484 5 2 1 1 3847 4162 4163 3848 3856 4171 4172 3857
3485 5 2 1 1 3848 4163 4164 3849 3857 4172 4173 3858
3486 5 2 1 1 3849 4164 4165 3850 3858 4173 4174 3859
3487 5 2 1 1 3850 4165 4166 3851 3859 4174 4175 3860
3488 5 2 1 1 3851 4166 4167 3852 3860 4175 4176 3861
3489 5 2 1 1 3853 4168 4169 3854 3862 4177 4178 3863
3490 5 2 1 1 3854 4169 4170 3855 3863 4178 4179 3864
3491 5 2 1 1 3855 4170 4171 3856 3864 4179 4180 3865
3492 5 2 1 1 3856 4171 4172 3857 3865 4180 4181 3866
3493 5 2 1 1 3857 4172 4173 3858 3866 4181 4182 3867
3494 5 2 1 1 3858 4173 4174 3859 3867 4182 4183 3868
3495 5 2 1 1 3859 4174 4175 3860 3868 4183 4184 3869
3496 5 2 1 1 3860 4175 4176 3861 3869 4184 4185 3870
3497 5 2 1 1 3862 4177 4178 3863 3871 4186 4187 3872
3498 5 2 1 1 3863 4178 4179 3864 3872 4187 4188 3873
3499 5 2 1 1 3864 4179 4180 3865 3873 4188 4189 3874
3500 5 2 1 1 3865 4180 4181 3866 3874 4189 4190 3875
3501 5 2 1 1 3866 4181 4182 3867 3875 4190 4191 3876
3502 5 2 1 1 3867 4182 4183 3868 3876 4191 4192 3877
3503 5 2 1 1 3868 4183 4184 3869 3877 4192 4193 3878
3504 5 2 1 1 3869 4184 4185 3870 3878 4193 4194 3879
3505 5 2 1 1 3871 4186 4187 3872 3880 4195 4196 3881
3506 5 2 1 1 3872 4187 4188 3873 3881 4196 4197 3882
3507 5 2 1 1 3873 4188 4189 3874 3882 4197 4198 3883
3508 5 2 1 1 3874 4189 4190 3875 3883 4198 4199 3884
3509 5 2 1 1 3875 4190 4191 3876 3884 4199 4200 3885
3510 5 2 1 1 3876 4191 4192 3877 3885 4200 4201 3886
3511 5 2 1 1 3877 4192 4193 3878 3886 4201 4202 3887
3512 5 2 1 1 3878 4193 4194 3879 3887 4202 4203 3888
3513 5 2 1 1 3880 4195 4196 3881 3889 4204 4205 3890
3514 5 2 1 1 3881 4196 4197 3882 3890 4205 4206 3891
3515 5 2 1 1 3882 4197 4198 3883 3891 4206 4207 3892
3516 5 2 1 1 3883 4198 4199 3884 3892 4207 4208 3893
3517 5 2 1 1 3884 4199 4200 3885 3893 4208 4209 3894
3518 5 2 1 1 3885 4200 4201 3886 3894 4209 4210 3895
3519 5 2 1 1 3886 4201 4202 3887 3895 4210 4211 3896
3520 5 2 1 1 3887 4202 4203 3888 3896 4211 4212 3897
3521 5 2 1 1 3889 4204 4205 3890 3898 4213 4214 3899
3522 5 2 1 1 3890 4205 4206 3891 3899 4214 4215 3900
3523 5 2 1 1 3891 4206 4207 3892 3900 4215 4216 3901
3524 5 2 1 1 3892 4207 4208 3893 3901 4216 4217 3902
3525 5 2 1 1 3893 4208 4209 3894 3902 4217 4218 3903
3526 5 2 1 1 3894 4209 4210 3895 3903 4218 4219 3904
3527 5 2 1 1 3895 4210 4211 3896 3904 4219 4220 3905
3528 5 2 1 1 3896 4211 4212 3897 3905 4220 4221 3906
3529 5 2 1 1 3898 4213 4214 3899 3907 4222 4223 3908
3530 5 2 1 1 3899 4214 4215 3900 3908 4223 4224 3909
3531 5 2 1 1 3900 4215 4216 3901 3909 4224 4225 3910
3532 5 2 1 1 3901 4216 4217 3902 3910 4225 4226 3911
3533 5 2 1 1 3902 4217 4218 3903 3911 4226 4227 3912
3534 5 2 1 1 3903 4218 4219 3904 3912 4227 4228 3913
3535 5 2 1 1 3904 4219 4220 3905 3913 4228 4229 3914
3536 5 2 1 1 3905 4220 4221 3906 3914 4229 4230 3915
3537 5 2 1 1 3907 4222 4223 3908 3916 4231 4232 3917
3538 5 2 1 1 3908 4223 4224 3909 3917 4232 4233 3918
3539 5 2 1 1 3909 4224 4225 3910 3918 4233 4234 3919
3540 5 2 1 1 3910 4225 4226 3911 3919 4234 4235 3920
3541 5 2 1 1 3911 4226 4227 3912 3920 4235 4236 3921
3542 5 2 1 1 3912 4227 4228 3913 3921 4236 4237 3922
3543 5 2 1 1 3913 4228 4229 3914 3922 4237 4238 3923
3544 5 2 1 1 3914 4229 4230 3915 3923 4238 4239 3924
3545 5 2 1 1 3916 4231 4232 3917 3925 4240 4241 3926
3546 5 2 1 1 3917 4232 4233 3918 3926 4241 4242 3927
3547 5 2 1 1 3918 4233 4234 3919 3927 4242 4243 3928
3548 5 2 1 1 3919 4234 4235 3920 3928 4243 4244 3929
3549 5 2 1 1 3920 4235 4236 3921 3929 4244 4245 3930
3550 5 2 1 1 3921 4236 4237 3922 3930 4245 4246 3931
3551 5 2 1 1 3922 4237 4238 3923 3931 4246 4247 3932
3552 5 2 1 1 3923 4238 4239 3924 3932 4247 4248 3933
3553 5 2 1 1 3925 4240 4241 3926 3934 4249 4250 3935
3554 5 2 1 1 3926 4241 4242 3927 3935 4250 4251 3936
3555 5 2 1 1 3927 4242 4243 3928 3936 4251 4252 3937
3556 5 2 1 1 3928 4243 4244 3929 3937 4252 4253 3938
3557 5 2 1 1 3929 4244 4245 3930 3938 4253 4254 3939
3558 5 2 1 1 3930 4245 4246 3931 3939 4254 4255 3940
3559 5 2 1 1 3931 4246 4247 3932 3940 4255 4256 3941
3560 5 2 1 1 3932 4247 4248 3933 3941 4256 4257 3942
3561 5 2 1 1 3934 4249 4250 3935 3943 4258 4259 3944
3562 5 2 1 1 3935 4250 4251 3936 3944 4259 4260 3945
3563 5 2 1 1 3936 4251 4252 3937 3945 4260 4261 3946
3564 5 2 1 1 3937 4252 4253 3938 3946 4261 4262 3947
3565 5 2 1 1 3938 4253 4254 3939 3947 4262 4263 3948
3566 5 2 1 1 3939 4254 4255 3940 3948 4263 4264 3949
3567 5 2 1 1 3940 4255 4256 3941 3949 4264 4265 3950
3568 5 2 1 1 3941 4256 4257 3942 3950 4265 4266 3951
3569 5 2 1 1 3943 4258 4259 3944 3952 4267 4268 3953
3570 5 2 1 1 3944 4259 4260 3945 3953 4268 4269 3954
3571 5 2 1 1 3945 4260 4261 3946 3954 4269 4270 3955
3572 5 2 1 1 3946 4261 4262 3947 3955 4270 4271 3956
3573 5 2 1 1 3947 4262 4263 3948 3956 4271 4272 3957
3574 5 2 1 1 3948 4263 4264 3949 3957 4272 4273 3958
3575 5 2 1 1 3949 4264 4265 3950 3958 4273 4274 3959
3576 5 2 1 1 3950 4265 4266 3951 3959 4274 4275 3960
3577 5 2 1 1 3952 4267 4268 3953 3961 4276 4277 3962
3578 5 2 1 1 3953 4268 4269 3954 3962 4277 4278 3963
3579 5 2 1 1 3954 4269 4270 3955 3963 4278 4279 3964
3580 5 2 1 1 3955 4270 4271 3956 3964 4279 4280 3965
3581 5 2 1 1 3956 4271 4272 3957 3965 4280 4281 3966
3582 5 2 1 1 3957 4272 4273 3958 3966 4281 4282 3967
3583 5 2 1 1 3958 4273 4274 3959 3967 4282 4283 3968
3584 5 2 1 1 3959 4274 4275 3960 3968 4283 4284 3969
3585 5 2 1 1 3961 4276 4277 3962 3970 4285 4286 3971
3586 5 2 1 1 3962 4277 4278 3963 3971 4286 4287 3972
3587 5 2 1 1 3963 4278 4279 3964 3972 4287 4288 3973
3588 5 2 1 1 3964 4279 4280 3965 3973 4288 4289 3974
3589 5 2 1 1 3965 4280 4281 3966 3974 4289 4290 3975
3590 5 2 1 1 3966 4281 4282 3967 3975 4290 4291 3976
3591 5 2 1 1 3967 4282 4283 3968 3976 4291 4292 3977
3592 5 2 1 1 3968 4283 4284 3969 3977 4292 4293 3978
3593 5 2 1 1 3970 4285 4286 3971 3979 4294 4295 3980
3594 5 2 1 1 3971 4286 4287 3972 3980 4295 4296 3981
3595 5 2 1 1 3972 4287 4288 3973 3981 4296 4297 3982
3596 5 2 1 1 3973 4288 4289 3974 3982 4297 4298 3983
3597 5 2 1 1 3974 4289 4290 3975 3983 4298 4299 3984
3598 5 2 1 1 3975 4290 4291 3976 3984 4299 4300 3985
3599 5 2 1 1 3976 4291 4292 3977 3985 4300 4301 3986
3600 5 2 1 1 3977 4292 4293 3978 3986 4301 4302 3987
3601 5 2 1 1 3979 4294 4295 3980 3988 4303 4304 3989
3602 5 2 1 1 3980 4295 4296 3981 3989 4304 4305 3990
3603 5 2 1 1 3981 4296 4297 3982 3990 4305 4306 3991
3604 5 2 1 1 3982 4297 4298 3983 3991 4306 4307 3992
3605 5 2 1 1 3983 4298 4299 3984 3992 4307 4308 3993
3606 5 2 1 1 3984 4299 4300 3985 3993 4308 4309 3994
3607 5 2 1 1 3985 4300 4301 3986 3994 4309 4310 3995
3608 5 2 1 1 3986 4301 4302 3987 3995 4310 4311 3996
3609 5 2 1 1 3988 4303 4304 3989 3997 4312 4313 3998
3610 5 2 1 1 3989 4304 4305 3990 3998 4313 4314 3999
3611 5 2 1 1 3990 4305 4306 3991 3999 4314 4315 4000
3612 5 2 1 1 3991 4306 4307 3992 4000 4315 4316 4001
3613 5 2 1 1 3992 4307 4308 3993 4001 4316 4317 4002
3614 5 2 1 1 3993 4308 4309 3994 4002 4317 4318 4003
3615 5 2 1 1 3994 4309 4310 3995 4003 4318 4319 4004
3616 5 2 1 1 3995 4310 4311 3996 4004 4319 4320 4005
3617 5 2 1 1 3997 4312 4313 3998 4006 4321 4322 4007
3618 5 2 1 1 3998 4313 4314 3999 4007 4322 4323 4008
3619 5 2 1 1 3999 4314 4315 4000 4008 4323 4324 4009
3620 5 2 1 1 4000 4315 4316 4001 4009 4324 4325 4010
3621 5 2 1 1 4001 4316 4317 4002 4010 4325 4326 4011
3622 5 2 1 1 4002 4317 4318 4003 4011 4326 4327 4012
3623 5 2 1 1 4003 4318 4319 4004 4012 4327 4328 4013
3624 5 2 1 1 4004 4319 4320 4005 4013 4328 4329 4014
3625 5 2 1 1 4006 4321 4322 4007 4015 4330 4331 4016
3626 5 2 1 1 4007 4322 4323 4008 4016 4331 4332 4017
3627 5 2 1 1 4008 4323 4324 4009 4017 4332 4333 4018
3628 5 2 1 1 4009 4324 4325 4010 4018 4333 4334 4019
3629 5 2 1 1 4010 4325 4326 4011 4019 4334 4335 4020
3630 5 2 1 1 4011 4326 4327 4012 4020 4335 4336 4021
3631 5 2 1 1 4012 4327 4328 4013 4021 4336 4337 4022
3632 5 2 1 1 4013 4328 4329 4014 4022 4337 4338 4023
3633 5 2 1 1 4015 4330 4331 4016 4024 4339 4340 4025
3634 5 2 1 1 4016 4331 4332 4017 4025 4340 4341 4026
3635 5 2 1 1 4017 4332 4333 4018 4026 4341 4342 4027
3636 5 2 1 1 4018 4333 4334 4019 4027 4342 4343 4028
3637 5 2 1 1 4019 4334 4335 4020 4028 4343 4344 4029
3638 5 2 1 1 4020 4335 4336 4021 4029 4344 4345 4030
3639 5 2 1 1 4021 4336 4337 4022 4030 4345 4346 4031
3640 5 2 1 1 4022 4337 4338 4023 4031 4346 4347 4032
3641 6 2 1 1 4105 4033 4348 4106 4034 4349
3642 6 2 1 1 4106 4034 4349 4107 4035 4350
3643 6 2 1 1 4107 4035 4350 4108 4036 4351
3644 6 2 1 1 4108 4036 4351 4109 4037 4352
3645 6 2 1 1 4109 4037 4352 4110 4038 4353
3646 6 2 1 1 4110 4038 4353 4111 4039 4354
3647 6 2 1 1 4111 4039 4354 4112 4040 4355
3648 6 2 1 1 4112 4040 4355 4113 4041 4356
3649 6 2 1 1 4105 4348 4357 4106 4349 4358
3650 6 2 1 1 4106 4349 4358 4107 4350 4359
3651 6 2 1 1 4107 4350 4359 4108 4351 4360
3652 6 2 1 1 4108 4351 4360 4109 4352 4361
3653 6 2 1 1 4109 4352 4361 4110 4353 4362
3654 6 2 1 1 4110 4353 4362 4111 4354 4363
3655 6 2 1 1 4111 4354 4363 4112 4355 4364
3656 6 2 1 1 4112 4355 4364 4113 4356 4365
3657 6 2 1 1 4105 4357 4366 4106 4358 4367
3658 6 2 1 1 4106 4358 4367 4107 4359 4368
3659 6 2 1 1 4107 4359 4368 4108 4360 4369
3660 6 2 1 1 4108 4360 4369 4109 4361 4370
3661 6 2 1 1 4109 4361 4370 4110 4362 4371
3662 6 2 1 1 4110 4362 4371 4111 4363 4372
3663 6 2 1 1 4111 4363 4372 4112 4364 4373
3664 6 2 1 1 4112 4364 4373 4113 4365 4374
3665 6 2 1 1 4105 4366 4375 4106 4367 4376
3666 6 2 1 1 4106 4367 4376 4107 4368 4377
3667 6 2 1 1 4107 4368 4377 4108 4369 4378
3668 6 2 1 1 4108 4369 4378 4109 4370 4379
3669 6 2 1 1 4109 4370 4379 4110 4371 4380
3670 6 2 1 1 4110 4371 4380 4111 4372 4381
3671 6 2 1 1 4111 4372 4381 4112 4373 4382
3672 6 2 1 1 4112 4373 4382 4113 4374 4383
3673 6 2 1 1 4105 4375 4384 4106 4376 4385
3674 6 2 1 1 4106 4376 4385 4107 4377 4386
3675 6 2 1 1 4107 4377 4386 4108 4378 4387
3676 6 2 1 1 4108 4378 4387 4109 4379 4388
3677 6 2 1 1 4109 4379 4388 4110 4380 4389
3678 6 2 1 1 4110 4380 4389 4111 4381 4390
3679 6 2 1 1 4111 4381 4390 4112 4382 4391
3680 6 2 1 1 4112 4382 4391 4113 4383 4392
3681 6 2 1 1 4105 4384 4393 4106 4385 4394
3682 6 2 1 1 4106 4385 4394 4107 4386 4395
3683 6 2 1 1 4107 4386 4395 4108 4387 4396
3684 6 2 1 1 4108 4387 4396 4109 4388 4397
3685 6 2 1 1 4109 4388 4397 4110 4389 4398
3686 6 2 1 1 4110 4389 4398 4111 4390 4399
3687 6 2 1 1 4111 4390 4399 4112 4391 4400
3688 6 2 1 1 4112 4391 4400 4113 4392 4401
3689 6 2 1 1 4105 4393 4402 4106 4394 4403
3690 6 2 1 1 4106 4394 4403 4107 4395 4404
3691 6 2 1 1 4107 4395 4404 4108 4396 4405
3692 6 2 1 1 4108 4396 4405 4109 4397 4406
3693 6 2 1 1 4109 4397 4406 4110 4398 4407
3694 6 2 1 1 4110 4398 4407 4111 4399 4408
3695 6 2 1 1 4111 4399 4408 4112 4400 4409
3696 6 2 1 1 4112 4400 4409 4113 4401 4410
3697 6 2 1 1 4105 4402 4411 4106 4403 4412
3698 6 2 1 1 4106 4403 4412 4107 4404 4413
3699 6 2 1 1 4107 4404 4413 4108 4405 4414
3700 6 2 1 1 4108 4405 4414 4109 4406 4415
3701 6 2 1 1 4109 4406 4415 4110 4407 4416
3702 6 2 1 1 4110 4407 4416 4111 4408 4417
3703 6 2 1 1 4111 4408 4417 4112 4409 4418
3704 6 2 1 1 4112 4409 4418 4113 4410 4419
3705 6 2 1 1 4105 4411 4420 4106 4412 4421
3706 6 2 1 1 4106 4412 4421 4107 4413 4422
3707 6 2 1 1 4107 4413 4422 4108 4414 4423
3708 6 2 1 1 4108 4414 4423 4109 4415 4424
3709 6 2 1 1 4109 4415 4424 4110 4416 4425
3710 6 2 1 1 4110 4416 4425 4111 4417 4426
3711 6 2 1 1 4111 4417 4426 4112 4418 4427
3712 6 2 1 1 4112 4418 4427 4113 4419 4428
3713 5 2 1 1 4033 4348 4349 4034 4114 4429 4430 4115
3714 5 2 1 1 4034 4349 4350 4035 4115 4430 4431 4116
3715 5 2 1 1 4035 4350 4351 4036 4116 4431 4432 4117
3716 5 2 1 1 4036 4351 4352 4037 4117 4432 4433 4118
3717 5 2 1 1 4037 4352 4353 4038 4118 4433 4434 4119
3718 5 2 1 1 4038 4353 4354 4039 4119 4434 4435 4120
3719 5 2 1 1 4039 4354 4355 4040 4120 4435 4436 4121
3720 5 2 1 1 4040 4355 4356 4041 4121 4436 4437 4122
3721 5 2 1 1 4114 4429 4430 4115 4123 4438 4439 4124
3722 5 2 1 1 4115 4430 4431 4116 4124 4439 4440 4125
3723 5 2 1 1 4116 4431 4432 4117 4125 4440 4441 4126
3724 5 2 1 1 4117 4432 4433 4118 4126 4441 4442 4127
3725 5 2 1 1 4118 4433 4434 4119 4127 4442 4443 4128
3726 5 2 1 1 4119 4434 4435 4120 4128 4443 4444 4129
3727 5 2 1 1 4120 4435 4436 4121 4129 4444 4445 4130
3728 5 2 1 1 4121 4436 4437 4122 4130 4445 4446 4131
3729 5 2 1 1 4123 4438 4439 4124 4132 4447 4448 4133
3730 5 2 1 1 4124 4439 4440 4125 4133 4448 4449 4134
3731 5 2 1 1 4125 4440 4441 4126 4134 4449 4450 4135
3732 5 2 1 1 4126 4441 4442 4127 4135 4450 4451 4136
3733 5 2 1 1 4127 4442 4443 4128 4136 4451 4452 4137
3734 5 2 1 1 4128 4443 4444 4129 4137 4452 4453 4138
3735 5 2 1 1 4129 4444 4445 4130 4138 4453 4454 4139
3736 5 2 1 1 4130 4445 4446 4131 4139 4454 4455 4140
3737 5 2 1 1 4132 4447 4448 4133 4141 4456 4457 4142
3738 5 2 1 1 4133 4448 4449 4134 4142 4457 4458 4143
3739 5 2 1 1 4134 4449 4450 4135 4143 4458 4459 4144
3740 5 2 1 1 4135 4450 4451 4136 4144 4459 4460 4145
3741 5 2 1 1 4136 4451 4452 4137 4145 4460 4461 4146
3742 5 2 1 1 4137 4452 4453 4138 4146 4461 4462 4147
3743 5 2 1 1 4138 4453 4454 4139 4147 4462 4463 4148
3744 5 2 1 1 4139 4454 4455 4140 4148 4463 4464 4149
3745 5 2 1 1 4141 4456 4457 4142 4150 4465 4466 4151
3746 5 2 1 1 4142 4457 4458 4143 4151 4466 4467 4152
3747 5 2 1 1 4143 4458 4459 4144 4152 4467 4468 4153
3748 5 2 1 1 4144 4459 4460 4145 4153 4468 4469 4154
3749 5 2 1 1 4145 4460 4461 4146 4154 4469 4470 4155
3750 5 2 1 1 4146 4461 4462 4147 4155 4470 4471 4156
3751 5 2 1 1 4147 4462 4463 4148 4156 4471 4472 4157
3752 5 2 1 1 4148 4463 4464 4149 4157 4472 4473 4158
3753 5 2 1 1 4150 4465 4466 4151 4159 4474 4475 4160
3754 5 2 1 1 4151 4466 4467 4152 4160 4475 4476 4161
3755 5 2 1 1 4152 4467 4468 4153 4161 4476 4477 4162
3756 5 2 1 1 4153 4468 4469 4154 4162 4477 4478 4163
3757 5 2 1 1 4154 4469 4470 4155 4163 4478 4479 4164
3758 5 2 1 1 4155 4470 4471 4156 4164 4479 4480 4165
3759 5 2 1 1 4156 4471 4472 4157 4165 4480 4481 4166
3760 5 2 1 1 4157 4472 4473 4158 4166 4481 4482 4167
3761 5 2 1 1 4159 4474 4475 4160 4168 4483 4484 4169
3762 5 2 1 1 4160 4475 4476 4161 4169 4484 4485 4170
3763 5 2 1 1 4161 4476 4477 4162 4170 4485 4486 4171
3764 5 2 1 1 4162 4477 4478 4163 4171 4486 4487 4172
3765 5 2 1 1 4163 4478 4479 4164 4172 4487 4488 4173
3766 5 2 1 1 4164 4479 4480 4165 4173 4488 4489 4174
3767 5 2 1 1 4165 4480 4481 4166 4174 4489 4490 4175
3768 5 2 1 1 4166 4481 4482 4167 4175 4490 4491 4176
3769 5 2 1 1 4168 4483 4484 4169 4177 4492 4493 4178
3770 5 2 1 1 4169 4484 4485 4170 4178 4493 4494 4179
3771 5 2 1 1 4170 4485 4486 4171 4179 4494 4495 4180
3772 5 2 1 1 4171 4486 4487 4172 4180 4495 4496 4181
3773 5 2 1 1 4172 4487 4488 4173 4181 4496 4497 4182
3774 5 2 1 1 4173 4488 4489 4174 4182 4497 4498 4183
3775 5 2 1 1 4174 4489 4490 4175 4183 4498 4499 4184
3776 5 2 1 1 4175 4490 4491 4176 4184 4499 4500 4185
3777 5 2 1 1 4177 4492 4493 4178 4186 4501 4502 4187
3778 5 2 1 1 4178 4493 4494 4179 4187 4502 4503 4188
3779 5 2 1 1 4179 4494 4495 4180 4188 4503 4504 4189
3780 5 2 1 1 4180 4495 4496 4181 4189 4504 4505 4190
3781 5 2 1 1 4181 4496 4497 4182 4190 4505 4506 4191
3782 5 2 1 1 4182 4497 4498 4183 4191 4506 4507 4192
3783 5 2 1 1 4183 4498 4499 4184 4192 4507 4508 4193
3784 5 2 1 1 4184 4499 4500 4185 4193 4508 4509 4194
3785 5 2 1 1 4186 4501 4502 4187 4195 4510 4511 4196
3786 5 2 1 1 4187 4502 4503 4188 4196 4511 4512 4197
3787 5 2 1 1 4188 4503 4504 4189 4197 4512 4513 4198
3788 5 2 1 1 4189 4504 4505 4190 4198 4513 4514 4199
3789 5 2 1 1 4190 4505 4506 4191 4199 4514 4515 4200
3790 5 2 1 1 4191 4506 4507 4192 4200 4515 4516 4201
3791 5 2 1 1 4192 4507 4508 4193 4201 4516 4517 4202
3792 5 2 1 1 4193 4508 4509 4194 4202 4517 4518 4203
3793 5 2 1 1 4195 4510 4511 4196 4204 4519 4520 4205
3794 5 2 1 1 4196 4511 4512 4197 4205 4520 4521 4206
3795 5 2 1 1 4197 4512 4513 4198 4206 4521 4522 4207
3796 5 2 1 1 4198 4513 4514 4199 4207 4522 4523 4208
3797 5 2 1 1 4199 4514 4515 4200 4208 4523 4524 4209
3798 5 2 1 1 4200 4515 4516 4201 4209 4524 4525 4210
3799 5 2 1 1 4201 4516 4517 4202 4210 4525 4526 4211
3800 5 2 1 1 4202 4517 4518 4203 4211 4526 4527 4212
3801 5 2 1 1 4204 4519 4520 4205 4213 4528 4529 4214
3802 5 2 1 1 4205 4520 4521 4206 4214 4529 4530 4215
3803 5 2 1 1 4206 4521 4522 4207 4215 4530 4531 4216
3804 5 2 1 1 4207 4522 4523 4208 4216 4531 4532 4217
3805 5 2 1 1 4208 4523 4524 4209 4217 4532 4533 4218
3806 5 2 1 1 4209 4524 4525 4210 4218 4533 4534 4219
3807 5 2 1 1 4210 4525 4526 4211 4219 4534 4535 4220
3808 5 2 1 1 4211 4526 4527 4212 4220 4535 4536 4221
3809 5 2 1 1 4213 4528 4529 4214 4222 4537 4538 4223
3810 5 2 1 1 4214 4529 4530 4215 4223 4538 4539 4224
3811 5 2 1 1 4215 4530 4531 4216 4224 4539 4540 4225
3812 5 2 1 1 4216 4531 4532 4217 4225 4540 4541 4226
3813 5 2 1 1 4217 4532 4533 4218 4226 4541 4542 4227
3814 5 2 1 1 4218 4533 4534 4219 4227 4542 4543 4228
3815 5 2 1 1 4219 4534 4535 4220 4228 4543 4544 4229
3816 5 2 1 1 4220 4535 4536 4221 4229 4544 4545 4230
3817 5 2 1 1 4222 4537 4538 4223 4231 4546 4547 4232
3818 5 2 1 1 4223 4538 4539 4224 4232 4547 4548 4233
3819 5 2 1 1 4224 4539 4540 4225 4233 4548 4549 4234
3820 5 2 1 1 4225 4540 4541 4226 4234 4549 4550 4235
3821 5 2 1 1 4226 4541 4542 4227 4235 4550 4551 4236
3822 5 2 1 1 4227 4542 4543 4228 4236 4551 4552 4237
3823 5 2 1 1 4228 4543 4544 4229 4237 4552 4553 4238
3824 5 2 1 1 4229 4544 4545 4230 4238 4553 4554 4239
3825 5 2 1 1 4231 4546 4547 4232 4240 4555 4556 4241
3826 5 2 1 1 4232 4547 4548 4233 4241 4556 4557 4242
3827 5 2 1 1 4233 4548 4549 4234 4242 4557 4558 4243
3828 5 2 1 1 4234 4549 4550 4235 4243 4558 4559 4244
3829 5 2 1 1 4235 4550 4551 4236 4244 4559 4560 4245
3830 5 2 1 1 4236 4551 4552 4237 4245 4560 4561 4246
3831 5 2 1 1 4237 4552 4553 4238 4246 4561 4562 4247
3832 5 2 1 1 4238 4553 4554 4239 4247 4562 4563 4248
3833 5 2 1 1 4240 4555 4556 4241 4249 4564 4565 4250
3834 5 2 1 1 4241 4556 4557 4242 4250 4565 4566 4251
3835 5 2 1 1 4242 4557 4558 4243 4251 4566 4567 4252
3836 5 2 1 1 4243 4558 4559 4244 4252 4567 4568 4253
3837 5 2 1 1 4244 4559 4560 4245 4253 4568 4569 4254
3838 5 2 1 1 4245 4560 4561 4246 4254 4569 4570 4255
3839 5 2 1 1 4246 4561 4562 4247 4255 4570 4571 4256
3840 5 2 1 1 4247 4562 4563 4248 4256 4571 4572 4257
3841 5 2 1 1 4249 4564 4565 4250 4258 4573 4574 4259
3842 5 2 1 1 4250 4565 4566 4251 4259 4574 4575 4260
3843 5 2 1 1 4251 4566 4567 4252 4260 4575 4576 4261
3844 5 2 1 1 4252 4567 4568 4253 4261 4576 4577 4262
3845 5 2 1 1 4253 4568 4569 4254 4262 4577 4578 4263
3846 5 2 1 1 4254 4569 4570 4255 4263 4578 4579 4264
3847 5 2 1 1 4255 4570 4571 4256 4264 4579 4580 4265
3848 5 2 1 1 4256 4571 4572 4257 4265 4580 4581 4266
3849 5 2 1 1 4258 4573 4574 4259 4267 4582 4583 4268
3850 5 2 1 1 4259 4574 4575 4260 4268 4583 4584 4269
3851 5 2 1 1 4260 4575 4576 4261 4269 4584 4585 4270
3852 5 2 1 1 4261 4576 4577 4262 4270 4585 4586 4271
3853 5 2 1 1 4262 4577 4578 4263 4271 4586 4587 4272
3854 5 2 1 1 4263 4578 4579 4264 4272 4587 4588 4273
3855 5 2 1 1 4264 4579 4580 4265 4273 4588 4589 4274
3856 5 2 1 1 4265 4580 4581 4266 4274 4589 4590 4275
3857 5 2 1 1 4267 4582 4583 4268 4276 4591 4592 4277
3858 5 2 1 1 4268 4583 4584 4269 4277 4592 4593 4278
3859 5 2 1 1 4269 4584 4585 4270 4278 4593 4594 4279
3860 5 2 1 1 4270 4585 4586 4271 4279 4594 4595 4280
3861 5 2 1 1 4271 4586 4587 4272 4280 4595 4596 4281
3862 5 2 1 1 4272 4587 4588 4273 4281 4596 4597 4282
3863 5 2 1 1 4273 4588 4589 4274 4282 4597 4598 4283
3864 5 2 1 1 4274 4589 4590 4275 4283 4598 4599 4284
3865 5 2 1 1 4276 4591 4592 4277 4285 4600 4601 4286
3866 5 2 1 1 4277 4592 4593 4278 4286 4601 4602 4287
3867 5 2 1 1 4278 4593 4594 4279 4287 4602 4603 4288
3868 5 2 1 1 4279 4594 4595 4280 4288 4603 4604 4289
3869 5 2 1 1 4280 4595 4596 4281 4289 4604 4605 4290
3870 5 2 1 1 4281 4596 4597 4282 4290 4605 4606 4291
3871 5 2 1 1 4282 4597 4598 4283 4291 4606 4607 4292
3872 5 2 1 1 4283 4598 4599 4284 4292 4607 4608 4293
3873 5 2 1 1 4285 4600 4601 4286 4294 4609 4610 4295
3874 5 2 1 1 4286 4601 4602 4287 4295 4610 4611 4296
3875 5 2 1 1 4287 4602 4603 4288 4296 4611 4612 4297
3876 5 2 1 1 4288 4603 4604 4289 4297 4612 4613 4298
3877 5 2 1 1 4289 4604 4605 4290 4298 4613 4614 4299
3878 5 2 1 1 4290 4605 4606 4291 4299 4614 4615 4300
3879 5 2 1 1 4291 4606 4607 4292 4300 4615 4616 4301
3880 5 2 1 1 4292 4607 4608 4293 4301 4616 4617 4302
3881 5 2 1 1 4294 4609 4610 4295 4303 4618 4619 4304
3882 5 2 1 1 4295 4610 4611 4296 4304 4619 4620 4305
3883 5 2 1 1 4296 4611 4612 4297 4305 4620 4621 4306
3884 5 2 1 1 4297 4612 4613 4298 4306 4621 4622 4307
3885 5 2 1 1 4298 4613 4614 4299 4307 4622 4623 4308
3886 5 2 1 1 4299 4614 4615 4300 4308 4623 4624 4309
3887 5 2 1 1 4300 4615 4616 4301 4309 4624 4625 4310
3888 5 2 1 1 4301 4616 4617 4302 4310 4625 4626 4311
3889 5 2 1 1 4303 4618 4619 4304 4312 4627 4628 4313
3890 5 2 1 1 4304 4619 4620 4305 4313 4628 4629 4314
3891 5 2 1 1 4305 4620 4621 4306 4314 4629 4630 4315
3892 5 2 1 1 4306 4621 4622 4307 4315 4630 4631 4316
3893 5 2 1 1 4307 4622 4623 4308 4316 4631 4632 4317
3894 5 2 1 1 4308 4623 4624 4309 4317 4632 4633 4318
3895 5 2 1 1 4309 4624 4625 4310 4318 4633 4634 4319
3896 5 2 1 1 4310 4625 4626 4311 4319 4634 4635 4320
3897 5 2 1 1 4312 4627 4628 4313 4321 4636 4637 4322
3898 5 2 1 1 4313 4628 4629 4314 4322 4637 4638 4323
3899 5 2 1 1 4314 4629 4630 4315 4323 4638 4639 4324
3900 5 2 1 1 4315 4630 4631 4316 4324 4639 4640 4325
3901 5 2 1 1 4316 4631 4632 4317 4325 4640 4641 4326
3902 5 2 1 1 4317 4632 4633 4318 4326 4641 4642 4327
3903 5 2 1 1 4318 4633 4634 4319 4327 4642 4643 4328
3904 5 2 1 1 4319 4634 4635 4320 4328 4643 4644 4329
3905 5 2 1 1 4321 4636 4637 4322 4330 4645 4646 4331
3906 5 2 1 1 4322 4637 4638 4323 4331 4646 4647 4332
3907 5 2 1 1 4323 4638 4639 4324 4332 4647 4648 4333
3908 5 2 1 1 4324 4639 4640 4325 4333 4648 4649 4334
3909 5 2 1 1 4325 4640 4641 4326 4334 4649 4650 4335
3910 5 2 1 1 4326 4641 4642 4327 4335 4650 4651 4336
3911 5 2 1 1 4327 4642 4643 4328 4336 4651 4652 4337
3912 5 2 1 1 4328 4643 4644 4329 4337 4652 4653 4338
3913 5 2 1 1 4330 4645 4646 4331 4339 4654 4655 4340
3914 5 2 1 1 4331 4646 4647 4332 4340 4655 4656 4341
3915 5 2 1 1 4332 4647 4648 4333 4341 4656 4657 4342
3916 5 2 1 1 4333 4648 4649 4334 4342 4657 4658 4343
3917 5 2 1 1 4334 4649 4650 4335 4343 4658 4659 4344
3918 5 2 1 1 4335 4650 4651 4336 4344 4659 4660 4345
3919 5 2 1 1 4336 4651 4652 4337 4345 4660 4661 4346
3920 5 2 1 1 4337 4652 4653 4338 4346 4661 4662 4347
3921 6 2 1 1 4420 4429 4663 4421 4430 4664
3922 6 2 1 1 4421 4430 4664 4422 4431 4665
3923 6 2 1 1 4422 4431 4665 4423 4432 4666
3924 6 2 1 1 4423 4432 4666 4424 4433 4667
3925 6 2 1 1 4424 4433 4667 4425 4434 4668
3926 6 2 1 1 4425 4434 4668 4426 4435 4669
3927 6 2 1 1 4426 4435 4669 4427 4436 4670
3928 6 2 1 1 4427 4436 4670 4428 4437 4671
3929 6 2 1 1 4420 4663 4672 4421 4664 4673
3930 6 2 1 1 4421 4664 4673 4422 4665 4674
3931 6 2 1 1 4422 4665 4674 4423 4666 4675
3932 6 2 1 1 4423 4666 4675 4424 4667 4676
3933 6 2 1 1 4424 4667 4676 4425 4668 4677
3934 6 2 1 1 4425 4668 4677 4426 4669 4678
3935 6 2 1 1 4426 4669 4678 4427 4670 4679
3936 6 2 1 1 4427 4670 4679 4428 4671 4680
3937 6 2 1 1 4420 4672 4681 4421 4673 4682
3938 6 2 1 1 4421 4673 4682 4422 4674 4683
3939 6 2 1 1 4422 4674 4683 4423 4675 4684
3940 6 2 1 1 4423 4675 4684 4424 4676 4685
3941 6 2 1 1 4424 4676 4685 4425 4677 4686
3942 6 2 1 1 4425 4677 4686 4426 4678 4687
3943 6 2 1 1 4426 4678 4687 4427 4679 4688
3944 6 2 1 1 4427 4679 4688 4428 4680 4689
3945 5 2 1 1 4429 4663 4664 4430 4438 4690 4691 4439
3946 5 2 1 1 4430 4664 4665 4431 4439 4691 4692 4440
3947 5 2 1 1 4431 4665 4666 4432 4440 4692 4693 4441
3948 5 2 1 1 4432 4666 4667 4433 4441 4693 4694 4442
3949 5 2 1 1 4433 4667 4668 4434 4442 4694 4695 4443
3950 5 2 1 1 4434 4668 4669 4435 4443 4695 4696 4444
3951 5 2 1 1 4435 4669 4670 4436 4444 4696 4697 4445
3952 5 2 1 1 4436 4670 4671 4437 4445 4697 4698 4446
3953 5 2 1 1 4438 4690 4691 4439 4447 4699 4700 4448
3954 5 2 1 1 4439 4691 4692 4440 4448 4700 4701 4449
3955 5 2 1 1 4440 4692 4693 4441 4449 4701 4702 4450
3956 5 2 1 1 4441 4693 4694 4442 4450 4702 4703 4451
3957 5 2 1 1 4442 4694 4695 4443 4451 4703 4704 4452
3958 5 2 1 1 4443 4695 4696 4444 4452 4704 4705 4453
3959 5 2 1 1 4444 4696 4697 4445 4453 4705 4706 4454
3960 5 2 1 1 4445 4697 4698 4446 4454 4706 4707 4455
3961 5 2 1 1 4447 4699 4700 4448 4456 4708 4709 4457
3962 5 2 1 1 4448 4700 4701 4449 4457 4709 4710 4458
3963 5 2 1 1 4449 4701 4702 4450 4458 4710 4711 4459
3964 5 2 1 1 4450 4702 4703 4451 4459 4711 4712 4460
3965 5 2 1 1 4451 4703 4704 4452 4460 4712 4713 4461
3966 5 2 1 1 4452 4704 4705 4453 4461 4713 4714 4462
3967 5 2 1 1 4453 4705 4706 4454 4462 4714 4715 4463
3968 5 2 1 1 4454 4706 4707 4455 4463 4715 4716 4464
3969 5 2 1 1 4456 4708 4709 4457 4465 4717 4718 4466
3970 5 2 1 1 4457 4709 4710 4458 4466 4718 4719 4467
3971 5 2 1 1 4458 4710 4711 4459 4467 4719 4720 4468
3972 5 2 1 1 4459 4711 4712 4460 4468 4720 4721 4469
3973 5 2 1 1 4460 4712 4713 4461 4469 4721 4722 4470
3974 5 2 1 1 4461 4713 4714 4462 4470 4722 4723 4471
3975 5 2 1 1 4462 4714 4715 4463 4471 4723 4724 4472
3976 5 2 1 1 4463 4715 4716 4464 4472 4724 4725 4473
3977 5 2 1 1 4465 4717 4718 4466 4474 4726 4727 4475
3978 5 2 1 1 4466 4718 4719 4467 4475 4727 4728 4476
3979 5 2 1 1 4467 4719 4720 4468 4476 4728 4729 4477
3980 5 2 1 1 4468 4720 4721 4469 4477 4729 4730 4478
3981 5 2 1 1 4469 4721 4722 4470 4478 4730 4731 4479
3982 5 2 1 1 4470 4722 4723 4471 4479 4731 4732 4480
3983 5 2 1 1 4471 4723 4724 4472 4480 4732 4733 4481
3984 5 2 1 1 4472 4724 4725 4473 4481 4733 4734 4482
3985 5 2 1 1 4474 4726 4727 4475 4483 4735 4736 4484
3986 5 2 1 1 4475 4727 4728 4476 4484 4736 4737 4485
3987 5 2 1 1 4476 4728 4729 4477 4485 4737 4738 4486
3988 5 2 1 1 4477 4729 4730 4478 4486 4738 4739 4487
3989 5 2 1 1 4478 4730 4731 4479 4487 4739 4740 4488
3990 5 2 1 1 4479 4731 4732 4480 4488 4740 4741 4489
3991 5 2 1 1 4480 4732 4733 4481 4489 4741 4742 4490
3992 5 2 1 1 4481 4733 4734 4482 4490 4742 4743 4491
3993 5 2 1 1 4483 4735 4736 4484 4492 4744 4745 4493
3994 5 2 1 1 4484 4736 4737 4485 4493 4745 4746 4494
3995 5 2 1 1 4485 4737 4738 4486 4494 4746 4747 4495
3996 5 2 1 1 4486 4738 4739 4487 4495 4747 4748 4496
3997 5 2 1 1 4487 4739 4740 4488 4496 4748 4749 4497
3998 5 2 1 1 4488 4740 4741 4489 4497 4749 4750 4498
3999 5 2 1 1 4489 4741 4742 4490 4498 4750 4751 4499
4000 5 2 1 1 4490 4742 4743 4491 4499 4751 4752 4500
4001 5 2 1 1 4492 4744 4745 4493 4501 4753 4754 4502
4002 5 2 1 1 4493 4745 4746 4494 4502 4754 4755 4503
4003 5 2 1 1 4494 4746 4747 4495 4503 4755 4756 4504
4004 5 2 1 1 4495 4747 4748 4496 4504 4756 4757 4505
4005 5 2 1 1 4496 4748 4749 4497 4505 4757 4758 4506
4006 5 2 1 1 4497 4749 4750 4498 4506 4758 4759 4507
4007 5 2 1 1 4498 4750 4751 4499 4507 4759 4760 4508
4008 5 2 1 1 4499 4751 4752 4500 4508 4760 4761 4509
4009 5 2 1 1 4501 4753 4754 4502 4510 4762 4763 4511
4010 5 2 1 1 4502 4754 4755 4503 4511 4763 4764 4512
4011 5 2 1 1 4503 4755 4756 4504 4512 4764 4765 4513
4012 5 2 1 1 4504 4756 4757 4505 4513 4765 4766 4514
4013 5 2 1 1 4505 4757 4758 4506 4514 4766 4767 4515
4014 5 2 1 1 4506 4758 4759 4507 4515 4767 4768 4516
4015 5 2 1 1 4507 4759 4760 4508 4516 4768 4769 4517
4016 5 2 1 1 4508 4760 4761 4509 4517 4769 4770 4518
4017 5 2 1 1 4510 4762 4763 4511 4519 4771 4772 4520
4018 5 2 1 1 4511 4763 4764 4512 4520 4772 4773 4521
4019 5 2 1 1 4512 4764 4765 4513 4521 4773 4774 4522
4020 5 2 1 1 4513 4765 4766 4514 4522 4774 4775 4523
4021 5 2 1 1 4514 4766 4767 4515 4523 4775 4776 4524
4022 5 2 1 1 4515 4767 4768 4516 4524 4776 4777 4525
4023 5 2 1 1 4516 4768 4769 4517 4525 4777 4778 4526
4024 5 2 1 1 4517 4769 4770 4518 4526 4778 4779 4527
4025 5 2 1 1 4519 4771 4772 4520 4528 4780 4781 4529
4026 5 2 1 1 4520 4772 4773 4521 4529 4781 4782 4530
4027 5 2 1 1 4521 4773 4774 4522 4530 4782 4783 4531
4028 5 2 1 1 4522 4774 4775 4523 4531 4783 4784 4532
4029 5 2 1 1 4523 4775 4776 4524 4532 4784 4785 4533
4030 5 2 1 1 4524 4776 4777 4525 4533 4785 4786 4534
4031 5 2 1 1 4525 4777 4778 4526 4534 4786 4787 4535
4032 5 2 1 1 4526 4778 4779 4527 4535 4787 4788 4536
4033 5 2 1 1 4528 4780 4781 4529 4537 4789 4790 4538
4034 5 2 1 1 4529 4781 4782 4530 4538 4790 4791 4539
4035 5 2 1 1 4530 4782 4783 4531 4539 4791 4792 4540
4036 5 2 1 1 4531 4783 4784 4532 4540 4792 4793 4541
4037 5 2 1 1 4532 4784 4785 4533 4541 4793 4794 4542
4038 5 2 1 1 4533 4785 4786 4534 4542 4794 4795 4543
4039 5 2 1 1 4534 4786 4787 4535 4543 4795 4796 4544
4040 5 2 1 1 4535 4787 4788 4536 4544 4796 4797 4545
4041 5 2 1 1 4537 4789 4790 4538 4546 4798 4799 4547
4042 5 2 1 1 4538 4790 4791 4539 4547 4799 4800 4548
4043 5 2 1 1 4539 4791 4792 4540 4548 4800 4801 4549
4044 5 2 1 1 4540 4792 4793 4541 4549 4801 4802 4550
4045 5 2 1 1 4541 4793 4794 4542 4550 4802 4803 4551
4046 5 2 1 1 4542 4794 4795 4543 4551 4803 4804 4552
4047 5 2 1 1 4543 4795 4796 4544 4552 4804 4805 4553
4048 5 2 1 1 4544 4796 4797 4545 4553 4805 4806 4554
4049 5 2 1 1 4546 4798 4799 4547 4555 4807 4808 4556
4050 5 2 1 1 4547 4799 4800 4548 4556 4808 4809 4557
4051 5 2 1 1 4548 4800 4801 4549 4557 4809 4810 4558
4052 5 2 1 1 4549 4801 4802 4550 4558 4810 4811 4559
4053 5 2 1 1 4550 4802 4803 4551 4559 4811 4812 4560
4054 5 2 1 1 4551 4803 4804 4552 4560 4812 4813 4561
4055 5 2 1 1 4552 4804 4805 4553 4561 4813 4814 4562
4056 5 2 1 1 4553 4805 4806 4554 4562 4814 4815 4563
4057 5 2 1 1 4555 4807 4808 4556 4564 4816 4817 4565
4058 5 2 1 1 4556 4808 4809 4557 4565 4817 4818 4566
4059 5 2 1 1 4557 4809 4810 4558 4566 4818 4819 4567
4060 5 2 1 1 4558 4810 4811 4559 4567 4819 4820 4568
4061 5 2 1 1 4559 4811 4812 4560 4568 4820 4821 4569
4062 5 2 1 1 4560 4812 4813 4561 4569 4821 4822 4570
4063 5 2 1 1 4561 4813 4814 4562 4570 4822 4823 4571
4064 5 2 1 1 4562 4814 4815 4563 4571 4823 4824 4572
4065 5 2 1 1 4564 4816 4817 4565 4573 4825 4826 4574
4066 5 2 1 1 4565 4817 4818 4566 4574 4826 4827 4575
4067 5 2 1 1 4566 4818 4819 4567 4575 4827 4828 4576
4068 5 2 1 1 4567 4819 4820 4568 4576 4828 4829 4577
4069 5 2 1 1 4568 4820 4821 4569 4577 4829 4830 4578
4070 5 2 1 1 4569 4821 4822 4570 4578 4830 4831 4579
4071 5 2 1 1 4570 4822 4823 4571 4579 4831 4832 4580
4072 5 2 1 1 4571 4823 4824 4572 4580 4832 4833 4581
4073 5 2 1 1 4573 4825 4826 4574 4582 4834 4835 4583
4074 5 2 1 1 4574 4826 4827 4575 4583 4835 4836 4584
4075 5 2 1 1 4575 4827 4828 4576 4584 4836 4837 4585
4076 5 2 1 1 4576 4828 4829 4577 4585 4837 4838 4586
4077 5 2 1 1 4577 4829 4830 4578 4586 4838 4839 4587
4078 5 2 1 1 4578 4830 4831 4579 4587 4839 4840 4588
4079 5 2 1 1 4579 4831 4832 4580 4588 4840 4841 4589
4080 5 2 1 1 4580 4832 4833 4581 4589 4841 4842 4590
4081 5 2 1 1 4582 4834 4835 4583 4591 4843 4844 4592
4082 5 2 1 1 4583 4835 4836 4584 4592 4844 4845 4593
4083 5 2 1 1 4584 4836 4837 4585 4593 4845 4846 4594
4084 5 2 1 1 4585 4837 4838 4586 4594 4846 4847 4595
4085 5 2 1 1 4586 4838 4839 4587 4595 4847 4848 4596
4086 5 2 1 1 4587 4839 4840 4588 4596 4848 4849 4597
4087 5 2 1 1 4588 4840 4841 4589 4597 4849 4850 4598
4088 5 2 1 1 4589 4841 4842 4590 4598 4850 4851 4599
4089 5 2 1 1 4591 4843 4844 4592 4600 4852 4853 4601
4090 5 2 1 1 4592 4844 4845 4593 4601 4853 4854 4602
4091 5 2 1 1 4593 4845 4846 4594 4602 4854 4855 4603
4092 5 2 1 1 4594 4846 4847 4595 4603 4855 4856 4604
4093 5 2 1 1 4595 4847 4848 4596 4604 4856 4857 4605
4094 5 2 1 1 4596 4848 4849 4597 4605 4857 4858 4606
4095 5 2 1 1 4597 4849 4850 4598 4606 4858 4859 4607
4096 5 2 1 1 4598 4850 4851 4599 4607 4859 4860 4608
4097 5 2 1 1 4600 4852 4853 4601 4609 4861 4862 4610
4098 5 2 1 1 4601 4853 4854 4602 4610 4862 4863 4611
4099 5 2 1 1 4602 4854 4855 4603 4611 4863 4864 4612
4100 5 2 1 1 4603 4855 4856 4604 4612 4864 4865 4613
4101 5 2 1 1 4604 4856 4857 4605 4613 4865 4866 4614
4102 5 2 1 1 4605 4857 4858 4606 4614 4866 4867 4615
4103 5 2 1 1 4606 4858 4859 4607 4615 4867 4868 4616
4104 5 2 1 1 4607 4859 4860 4608 4616 4868 4869 4617
4105 5 2 1 1 4609 4861 4862 4610 4618 4870 4871 4619
4106 5 2 1 1 4610 4862 4863 4611 4619 4871 4872 4620
4107 5 2 1 1 4611 4863 4864 4612 4620 4872 4873 4621
4108 5 2 1 1 4612 4864 4865 4613 4621 4873 4874 4622
4109 5 2 1 1 4613 4865 4866 4614 4622 4874 4875 4623
4110 5 2 1 1 4614 4866 4867 4615 4623 4875 4876 4624
4111 5 2 1 1 4615 4867 4868 4616 4624 4876 4877 4625
4112 5 2 1 1 4616 4868 4869 4617 4625 4877 4878 4626
4113 5 2 1 1 4618 4870 4871 4619 4627 4879 4880 4628
4114 5 2 1 1 4619 4871 4872 4620 4628 4880 4881 4629
4115 5 2 1 1 4620 4872 4873 4621 4629 4881 4882 4630
4116 5 2 1 1 4621 4873 4874 4622 4630 4882 4883 4631
4117 5 2 1 1 4622 4874 4875 4623 4631 4883 4884 4632
4118 5 2 1 1 4623 4875 4876 4624 4632 4884 4885 4633
4119 5 2 1 1 4624 4876 4877 4625 4633 4885 4886 4634
4120 5 2 1 1 4625 4877 4878 4626 4634 4886 4887 4635
4121 5 2 1 1 4627 4879 4880 4628 4636 4888 4889 4637
4122 5 2 1 1 4628 4880 4881 4629 4637 4889 4890 4638
4123 5 2 1 1 4629 4881 4882 4630 4638 4890 4891 4639
4124 5 2 1 1 4630 4882 4883 4631 4639 4891 4892 4640
4125 5 2 1 1 4631 4883 4884 4632 4640 4892 4893 4641
4126 5 2 1 1 4632 4884 4885 4633 4641 4893 4894 4642
4127 5 2 1 1 4633 4885 4886 4634 4642 4894 4895 4643
4128 5 2 1 1 4634 4886 4887 4635 4643 4895 4896 4644
4129 5 2 1 1 4636 4888 4889 4637 4645 4897 4898 4646
4130 5 2 1 1 4637 4889 4890 4638 4646 4898 4899 4647
4131 5 2 1 1 4638 4890 4891 4639 4647 4899 4900 4648
4132 5 2 1 1 4639 4891 4892 4640 4648 4900 4901 4649
4133 5 2 1 1 4640 4892 4893 4641 4649 4901 4902 4650
4134 5 2 1 1 4641 4893 4894 4642 4650 4902 4903 4651
4135 5 2 1 1 4642 4894 4895 4643 4651 4903 4904 4652
4136 5 2 1 1 4643 4895 4896 4644 4652 4904 4905 4653
4137 5 2 1 1 4645 4897 4898 4646 4654 4906 4907 4655
4138 5 2 1 1 4646 4898 4899 4647 4655 4907 4908 4656
4139 5 2 1 1 4647 4899 4900 4648 4656 4908 4909 4657
4140 5 2 1 1 4648 4900 4901 4649 4657 4909 4910 4658
4141 5 2 1 1 4649 4901 4902 4650 4658 4910 4911 4659
4142 5 2 1 1 4650 4902 4903 4651 4659 4911 4912 4660
4143 5 2 1 1 4651 4903 4904 4652 4660 4912 4913 4661
4144 5 2 1 1 4652 4904 4905 4653 4661 4913 4914 4662
4145 6 2 1 1 4681 4663 4915 4682 4664 4916
4146 6 2 1 1 4682 4664 4916 4683 4665 4917
4147 6 2 1 1 4683 4665 4917 4684 4666 4918
4148 6 2 1 1 4684 4666 4918 4685 4667 4919
4149 6 2 1 1 4685 4667 4919 4686 4668 4920
4150 6 2 1 1 4686 4668 4920 4687 4669 4921
4151 6 2 1 1 4687 4669 4921 4688 4670 4922
4152 6 2 1 1 4688 4670 4922 4689 4671 4923
4153 6 2 1 1 4681 4915 4924 4682 4916 4925
4154 6 2 1 1 4682 4916 4925 4683 4917 4926
4155 6 2 1 1 4683 4917 4926 4684 4918 4927
4156 6 2 1 1 4684 4918 4927 4685 4919 4928
4157 6 2 1 1 4685 4919 4928 4686 4920 4929
4158 6 2 1 1 4686 4920 4929 4687 4921 4930
4159 6 2 1 1 4687 4921 4930 4688 4922 4931
4160 6 2 1 1 4688 4922 4931 4689 4923 4932
4161 5 2 1 1 4663 4915 4916 4664 4690 4933 4934 4691
4162 5 2 1 1 4664 4916 4917 4665 4691 4934 4935 4692
4163 5 2 1 1 4665 4917 4918 4666 4692 4935 4936 4693
4164 5 2 1 1 4666 4918 4919 4667 4693 4936 4937 4694
4165 5 2 1 1 4667 4919 4920 4668 4694 4937 4938 4695
4166 5 2 1 1 4668 4920 4921 4669 4695 4938 4939 4696
4167 5 2 1 1 4669 4921 4922 4670 4696 4939 4940 4697
4168 5 2 1 1 4670 4922 4923 4671 4697 4940 4941 4698
4169 5 2 1 1 4690 4933 4934 4691 4699 4942 4943 4700
4170 5 2 1 1 4691 4934 4935 4692 4700 4943 4944 4701
4171 5 2 1 1 4692 4935 4936 4693 4701 4944 4945 4702
4172 5 2 1 1 4693 4936 4937 4694 4702 4945 4946 4703
4173 5 2 1 1 4694 4937 4938 4695 4703 4946 4947 4704
4174 5 2 1 1 4695 4938 4939 4696 4704 4947 4948 4705
4175 5 2 1 1 4696 4939 4940 4697 4705 4948 4949 4706
4176 5 2 1 1 4697 4940 4941 4698 4706 4949 4950 4707
4177 5 2 1 1 4699 4942 4943 4700 4708 4951 4952 4709
4178 5 2 1 1 4700 4943 4944 4701 4709 4952 4953 4710
4179 5 2 1 1 4701 4944 4945 4702 4710 4953 4954 4711
4180 5 2 1 1 4702 4945 4946 4703 4711 4954 4955 4712
4181 5 2 1 1 4703 4946 4947 4704 4712 4955 4956 4713
4182 5 2 1 1 4704 4947 4948 4705 4713 4956 4957 4714
4183 5 2 1 1 4705 4948 4949 4706 4714 4957 4958 4715
4184 5 2 1 1 4706 4949 4950 4707 4715 4958 4959 4716
4185 5 2 1 1 4708 4951 4952 4709 4717 4960 4961 4718
4186 5 2 1 1 4709 4952 4953 4710 4718 4961 4962 4719
4187 5 2 1 1 4710 4953 4954 4711 4719 4962 4963 4720
4188 5 2 1 1 4711 4954 4955 4712 4720 4963 4964 4721
4189 5 2 1 1 4712 4955 4956 4713 4721 4964 4965 4722
4190 5 2 1 1 4713 4956 4957 4714 4722 4965 4966 4723
4191 5 2 1 1 4714 4957 4958 4715 4723 4966 4967 4724
4192 5 2 1 1 4715 4958 4959 4716 4724 4967 4968 4725
4193 5 2 1 1 4717 4960 4961 4718 4726 4969 4970 4727
4194 5 2 1 1 4718 4961 4962 4719 4727 4970 4971 4728
4195 5 2 1 1 4719 4962 4963 4720 4728 4971 4972 4729
4196 5 2 1 1 4720 4963 4964 4721 4729 4972 4973 4730
4197 5 2 1 1 4721 4964 4965 4722 4730 4973 4974 4731
4198 5 2 1 1 4722 4965 4966 4723 4731 4974 4975 4732
4199 5 2 1 1 4723 4966 4967 4724 4732 4975 4976 4733
4200 5 2 1 1 4724 4967 4968 4725 4733 4976 4977 4734
4201 5 2 1 1 4726 4969 4970 4727 4735 4978 4979 4736
4202 5 2 1 1 4727 4970 4971 4728 4736 4979 4980 4737
4203 5 2 1 1 4728 4971 4972 4729 4737 4980 4981 4738
4204 5 2 1 1 4729 4972 4973 4730 4738 4981 4982 4739
4205 5 2 1 1 4730 4973 4974 4731 4739 4982 4983 4740
4206 5 2 1 1 4731 4974 4975 4732 4740 4983 4984 4741
4207 5 2 1 1 4732 4975 4976 4733 4741 4984 4985 4742
4208 5 2 1 1 4733 4976 4977 4734 4742 4985 4986 4743
4209 5 2 1 1 4735 4978 4979 4736 4744 4987 4988 4745
4210 5 2 1 1 4736 4979 4980 4737 4745 4988 4989 4746
4211 5 2 1 1 4737 4980 4981 4738 4746 4989 4990 4747
4212 5 2 1 1 4738 4981 4982 4739 4747 4990 4991 4748
4213 5 2 1 1 4739 4982 4983 4740 4748 4991 4992 4749
4214 5 2 1 1 4740 4983 4984 4741 4749 4992 4993 4750
4215 5 2 1 1 4741 4984 4985 4742 4750 4993 4994 4751
4216 5 2 1 1 4742 4985 4986 4743 4751 4994 4995 4752
4217 5 2 1 1 4744 4987 4988 4745 4753 4996 4997 4754
4218 5 2 1 1 4745 4988 4989 4746 4754 4997 4998 4755
4219 5 2 1 1 4746 4989 4990 4747 4755 4998 4999 4756
4220 5 2 1 1 4747 4990 4991 4748 4756 4999 5000 4757
4221 5 2 1 1 4748 4991 4992 4749 4757 5000 5001 4758
4222 5 2 1 1 4749 4992 4993 4750 4758 5001 5002 4759
4223 5 2 1 1 4750 4993 4994 4751 4759 5002 5003 4760
4224 5 2 1 1 4751 4994 4995 4752 4760 5003 5004 4761
4225 5 2 1 1 4753 4996 4997 4754 4762 5005 5006 4763
4226 5 2 1 1 4754 4997 4998 4755 4763 5006 5007 4764
4227 5 2 1 1 4755 4998 4999 4756 4764 5007 5008 4765
4228 5 2 1 1 4756 4999 5000 4757 4765 5008 5009 4766
4229 5 2 1 1 4757 5000 5001 4758 4766 5009 5010 4767
4230 5 2 1 1 4758 5001 5002 4759 4767 5010 5011 4768
4231 5 2 1 1 4759 5002 5003 4760 4768 5011 5012 4769
4232 5 2 1 1 4760 5003 5004 4761 4769 5012 5013 4770
4233 5 2 1 1 4762 5005 5006 4763 4771 5014 5015 4772
4234 5 2 1 1 4763 5006 5007 4764 4772 5015 5016 4773
4235 5 2 1 1 4764 5007 5008 4765 4773 5016 5017 4774
4236 5 2 1 1 4765 5008 5009 4766 4774 5017 5018 4775
4237 5 2 1 1 4766 5009 5010 4767 4775 5018 5019 4776
4238 5 2 1 1 4767 5010 5011 4768 4776 5019 5020 4777
4239 5 2 1 1 4768 5011 5012 4769 4777 5020 5021 4778
4240 5 2 1 1 4769 5012 5013 4770 4778 5021 5022 4779
4241 5 2 1 1 4771 5014 5015 4772 4780 5023 5024 4781
4242 5 2 1 1 4772 5015 5016 4773 4781 5024 5025 4782
4243 5 2 1 1 4773 5016 5017 4774 4782 5025 5026 4783
4244 5 2 1 1 4774 5017 5018 4775 4783 5026 5027 4784
4245 5 2 1 1 4775 5018 5019 4776 4784 5027 5028 4785
4246 5 2 1 1 4776 5019 5020 4777 4785 5028 5029 4786
4247 5 2 1 1 4777 5020 5021 4778 4786 5029 5030 4787
4248 5 2 1 1 4778 5021 5022 4779 4787 5030 5031 4788
4249 5 2 1 1 4780 5023 5024 4781 4789 5032 5033 4790
4250 5 2 1 1 4781 5024 5025 4782 4790 5033 5034 4791
4251 5 2 1 1 4782 5025 5026 4783 4791 5034 5035 4792
4252 5 2 1 1 4783 5026 5027 4784 4792 5035 5036 4793
4253 5 2 1 1 4784 5027 5028 4785 4793 5036 5037 4794
4254 5 2 1 1 4785 5028 5029 4786 4794 5037 5038 4795
4255 5 2 1 1 4786 5029 5030 4787 4795 5038 5039 4796
4256 5 2 1 1 4787 5030 5031 4788 4796 5039 5040 4797
4257 5 2 1 1 4789 5032 5033 4790 4798 5041 5042 4799
4258 5 2 1 1 4790 5033 5034 4791 4799 5042 5043 4800
4259 5 2 1 1 4791 5034 5035 4792 4800 5043 5044 4801
4260 5 2 1 1 4792 5035 5036 4793 4801 5044 5045 4802
4261 5 2 1 1 4793 5036 5037 4794 4802 5045 5046 4803
4262 5 2 1 1 4794 5037 5038 4795 4803 5046 5047 4804
4263 5 2 1 1 4795 5038 5039 4796 4804 5047 5048 4805
4264 5 2 1 1 4796 5039 5040 4797 4805 5048 5049 4806
4265 5 2 1 1 4798 5041 5042 4799 4807 5050 5051 4808
4266 5 2 1 1 4799 5042 5043 4800 4808 5051 5052 4809
4267 5 2 1 1 4800 5043 5044 4801 4809 5052 5053 4810
4268 5 2 1 1 4801 5044 5045 4802 4810 5053 5054 4811
4269 5 2 1 1 4802 5045 5046 4803 4811 5054 5055 4812
4270 5 2 1 1 4803 5046 5047 4804 4812 5055 5056 4813
4271 5 2 1 1 4804 5047 5048 4805 4813 5056 5057 4814
4272 5 2 1 1 4805 5048 5049 4806 4814 5057 5058 4815
4273 5 2 1 1 4807 5050 5051 4808 4816 5059 5060 4817
4274 5 2 1 1 4808 5051 5052 4809 4817 5060 5061 4818
4275 5 2 1 1 4809 5052 5053 4810 4818 5061 5062 4819
4276 5 2 1 1 4810 5053 5054 4811 4819 5062 5063 4820
4277 5 2 1 1 4811 5054 5055 4812 4820 5063 5064 4821
4278 5 2 1 1 4812 5055 5056 4813 4821 5064 5065 4822
4279 5 2 1 1 4813 5056 5057 4814 4822 5065 5066 4823
4280 5 2 1 1 4814 5057 5058 4815 4823 5066 5067 4824
4281 5 2 1 1 4816 5059 5060 4817 4825 5068 5069 4826
4282 5 2 1 1 4817 5060 5061 4818 4826 5069 5070 4827
4283 5 2 1 1 4818 5061 5062 4819 4827 5070 5071 4828
4284 5 2 1 1 4819 5062 5063 4820 4828 5071 5072 4829
4285 5 2 1 1 4820 5063 5064 4821 4829 5072 5073 4830
4286 5 2 1 1 4821 5064 5065 4822 4830 5073 5074 4831
4287 5 2 1 1 4822 5065 5066 4823 4831 5074 5075 4832
4288 5 2 1 1 4823 5066 5067 4824 4832 5075 5076 4833
4289 5 2 1 1 4825 5068 5069 4826 4834 5077 5078 4835
4290 5 2 1 1 4826 5069 5070 4827 4835 5078 5079 4836
4291 5 2 1 1 4827 5070 5071 4828 4836 5079 5080 4837
4292 5 2 1 1 4828 5071 5072 4829 4837 5080 5081 4838
4293 5 2 1 1 4829 5072 5073 4830 4838 5081 5082 4839
4294 5 2 1 1 4830 5073 5074 4831 4839 5082 5083 4840
4295 5 2 1 1 4831 5074 5075 4832 4840 5083 5084 4841
4296 5 2 1 1 4832 5075 5076 4833 4841 5084 5085 4842
4297 5 2 1 1 4834 5077 5078 4835 4843 5086 5087 4844
4298 5 2 1 1 4835 5078 5079 4836 4844 5087 5088 4845
4299 5 2 1 1 4836 5079 5080 4837 4845 5088 5089 4846
4300 5 2 1 1 4837 5080 5081 4838 4846 5089 5090 4847
4301 5 2 1 1 4838 5081 5082 4839 4847 5090 5091 4848
4302 5 2 1 1 4839 5082 5083 4840 4848 5091 5092 4849
4303 5 2 1 1 4840 5083 5084 4841 4849 5092 5093 4850
4304 5 2 1 1 4841 5084 5085 4842 4850 5093 5094 4851
4305 5 2 1 1 4843 5086 5087 4844 4852 5095 5096 4853
4306 5 2 1 1 4844 5087 5088 4845 4853 5096 5097 4854
4307 5 2 1 1 4845 5088 5089 4846 4854 5097 5098 4855
4308 5 2 1 1 4846 5089 5090 4847 4855 5098 5099 4856
4309 5 2 1 1 4847 5090 5091 4848 4856 5099 5100 4857
4310 5 2 1 1 4848 5091 5092 4849 4857 5100 5101 4858
4311 5 2 1 1 4849 5092 5093 4850 4858 5101 5102 4859
4312 5 2 1 1 4850 5093 5094 4851 4859 5102 5103 4860
4313 5 2 1 1 4852 5095 5096 4853 4861 5104 5105 4862
4314 5 2 1 1 4853 5096 5097 4854 4862 5105 5106 4863
4315 5 2 1 1 4854 5097 5098 4855 4863 5106 5107 4864
4316 5 2 1 1 4855 5098 5099 4856 4864 5107 5108 4865
4317 5 2 1 1 4856 5099 5100 4857 4865 5108 5109 4866
4318 5 2 1 1 4857 5100 5101 4858 4866 5109 5110 4867
4319 5 2 1 1 4858 5101 5102 4859 4867 5110 5111 4868
4320 5 2 1 1 4859 5102 5103 4860 4868 5111 5112 4869
4321 5 2 1 1 4861 5104 5105 4862 4870 5113 5114 4871
4322 5 2 1 1 4862 5105 5106 4863 4871 5114 5115 4872
4323 5 2 1 1 4863 5106 5107 4864 4872 5115 5116 4873
4324 5 2 1 1 4864 5107 5108 4865 4873 5116 5117 4874
4325 5 2 1 1 4865 5108 5109 4866 4874 5117 5118 4875
4326 5 2 1 1 4866 5109 5110 4867 4875 5118 5119 4876
4327 5 2 1 1 4867 5110 5111 4868 4876 5119 5120 4877
4328 5 2 1 1 4868 5111 5112 4869 4877 5120 5121 4878
4329 5 2 1 1 4870 5113 5114 4871 4879 5122 5123 4880
4330 5 2 1 1 4871 5114 5115 4872 4880 5123 5124 4881
4331 5 2 1 1 4872 5115 5116 4873 4881 5124 5125 4882
4332 5 2 1 1 4873 5116 5117 4874 4882 5125 5126 4883
4333 5 2 1 1 4874 5117 5118 4875 4883 5126 5127 4884
4334 5 2 1 1 4875 5118 5119 4876 4884 5127 5128 4885
4335 5 2 1 1 4876 5119 5120 4877 4885 5128 5129 4886
4336 5 2 1 1 4877 5120 5121 4878 4886 5129 5130 4887
4337 5 2 1 1 4879 5122 5123 4880 4888 5131 5132 4889
4338 5 2 1 1 4880 5123 5124 4881 4889 5132 5133 4890
4339 5 2 1 1 4881 5124 5125 4882 4890 5133 5134 4891
4340 5 2 1 1 4882 5125 5126 4883 4891 5134 5135 4892
4341 5 2 1 1 4883 5126 5127 4884 4892 5135 5136 4893
4342 5 2 1 1 4884 5127 5128 4885 4893 5136 5137 4894
4343 5 2 1 1 4885 5128 5129 4886 4894 5137 5138 4895
4344 5 2 1 1 4886 5129 5130 4887 4895 5138 5139 4896
4345 5 2 1 1 4888 5131 5132 4889 4897 5140 5141 4898
4346 5 2 1 1 4889 5132 5133 4890 4898 5141 5142 4899
4347 5 2 1 1 4890 5133 5134 4891 4899 5142 5143 4900
4348 5 2 1 1 4891 5134 5135 4892 4900 5143 5144 4901
4349 5 2 1 1 4892 5135 5136 4893 4901 5144 5145 4902
4350 5 2 1 1 4893 5136 5137 4894 4902 5145 5146 4903
4351 5 2 1 1 4894 5137 5138 4895 4903 5146 5147 4904
4352 5 2 1 1 4895 5138 5139 4896 4904 5147 5148 4905
4353 5 2 1 1 4897 5140 5141 4898 4906 5149 5150 4907
4354 5 2 1 1 4898 5141 5142 4899 4907 5150 5151 4908
4355 5 2 1 1 4899 5142 5143 4900 4908 5151 5152 4909
4356 5 2 1 1 4900 5143 5144 4901 4909 5152 5153 4910
4357 5 2 1 1 4901 5144 5145 4902 4910 5153 5154 4911
4358 5 2 1 1 4902 5145 5146 4903 4911 5154 5155 4912
4359 5 2 1 1 4903 5146 5147 4904 4912 5155 5156 4913
4360 5 2 1 1 4904 5147 5148 4905 4913 5156 5157 4914
4361 2 2 3 3 1 2 3
4362 3 2 5 5 1 4 5 2
4363 3 2 5 5 4 7 8 5
4364 3 2 5 5 7 10 11 8
4365 3 2 5 5 10 13 14 11
4366 3 2 5 5 13 16 17 14
4367 3 2 5 5 16 19 20 17
4368 3 2 5 5 19 22 23 20
4369 2 2 2 2 25 27 26
4370 3 2 5 5 22 25 26 23
4371 2 2 3 3 1 3 28
4372 3 2 3 3 3 6 29 28
4373 3 2 3 3 6 9 30 29
4374 3 2 3 3 9 12 31 30
4375 3 2 3 3 12 15 32 31
4376 3 2 3 3 15 18 33 32
4377 3 2 3 3 18 21 34 33
4378 3 2 3 3 21 24 35 34
4379 2 2 2 2 25 36 27
4380 3 2 3 3 24 27 36 35
4381 2 2 3 3 1 28 37
4382 3 2 3 3 28 29 38 37
4383 3 2 3 3 29 30 39 38
4384 3 2 3 3 30 31 40 39
4385 3 2 3 3 31 32 41 40
4386 3 2 3 3 32 33 42 41
4387 3 2 3 3 33 34 43 42
4388 3 2 3 3 34 35 44 43
4389 2 2 2 2 25 45 36
4390 3 2 3 3 35 36 45 44
4391 2 2 3 3 1 37 46
4392 3 2 3 3 37 38 47 46
4393 3 2 3 3 38 39 48 47
4394 3 2 3 3 39 40 49 48
4395 3 2 3 3 40 41 50 49
4396 3 2 3 3 41 42 51 50
4397 3 2 3 3 42 43 52 51
4398 3 2 3 3 43 44 53 52
4399 2 2 2 2 25 54 45
4400 3 2 3 3 44 45 54 53
4401 2 2 3 3 1 46 55
4402 3 2 3 3 46 47 56 55
4403 3 2 3 3 47 48 57 56
4404 3 2 3 3 48 49 58 57
4405 3 2 3 3 49 50 59 58
4406 3 2 3 3 50 51 60 59
4407 3 2 3 3 51 52 61 60
4408 3 2 3 3 52 53 62 61
4409 2 2 2 2 25 63 54
4410 3 2 3 3 53 54 63 62
4411 2 2 3 3 1 55 64
4412 3 2 3 3 55 56 65 64
4413 3 2 3 3 56 57 66 65
4414 3 2 3 3 57 58 67 66
4415 3 2 3 3 58 59 68 67
4416 3 2 3 3 59 60 69 68
4417 3 2 3 3 60 61 70 69
4418 3 2 3 3 61 62 71 70
4419 2 2 2 2 25 72 63
4420 3 2 3 3 62 63 72 71
4421 2 2 3 3 1 64 73
4422 3 2 3 3 64 65 74 73
4423 3 2 3 3 65 66 75 74
4424 3 2 3 3 66 67 76 75
4425 3 2 3 3 67 68 77 76
4426 3 2 3 3 68 69 78 77
4427 3 2 3 3 69 70 79 78
4428 3 2 3 3 70 71 80 79
4429 2 2 2 2 25 81 72
4430 3 2 3 3 71 72 81 80
4431 2 2 3 3 1 73 82
4432 3 2 3 3 73 74 83 82
4433 3 2 3 3 74 75 84 83
4434 3 2 3 3 75 76 85 84
4435 3 2 3 3 76 77 86 85
4436 3 2 3 3 77 78 87 86
4437 3 2 3 3 78 79 88 87
4438 3 2 3 3 79 80 89 88
4439 2 2 2 2 25 90 81
4440 3 2 3 3 80 81 90 89
4441 2 2 3 3 1 82 91
4442 3 2 3 3 82 83 92 91
4443 3 2 1 1 91 92 4 1
4444 3 2 3 3 83 84 93 92
4445 3 2 1 1 92 93 7 4
4446 3 2 3 3 84 85 94 93
4447 3 2 1 1 93 94 10 7
4448 3 2 3 3 85 86 95 94
4449 3 2 1 1 94 95 13 10
4450 3 2 3 3 86 87 96 95
4451 3 2 1 1 95 96 16 13
4452 3 2 3 3 87 88 97 96
4453 3 2 1 1 96 97 19 16
4454 3 2 3 3 88 89 98 97
4455 3 2 1 1 97 98 22 19
4456 2 2 2 2 25 99 90
4457 3 2 3 3 89 90 99 98
4458 3 2 1 1 98 99 25 22
4459 3 2 3 3 2 101 100 3
4460 3 2 5 5 5 103 101 2
4461 3 2 5 5 8 105 103 5
4462 3 2 5 5 11 107 105 8
4463 3 2 5 5 14 109 107 11
4464 3 2 5 5 17 111 109 14
4465 3 2 5 5 20 113 111 17
4466 3 2 5 5 23 115 113 20
4467 3 2 2 2 27 116 117 26
4468 3 2 5 5 26 117 115 23
4469 3 2 3 3 101 119 118 100
4470 3 2 5 5 103 121 119 101
4471 3 2 5 5 105 123 121 103
4472 3 2 5 5 107 125 123 105
4473 3 2 5 5 109 127 125 107
4474 3 2 5 5 111 129 127 109
4475 3 2 5 5 113 131 129 111
4476 3 2 5 5 115 133 131 113
4477 3 2 2 2 116 134 135 117
4478 3 2 5 5 117 135 133 115
4479 3 2 3 3 119 137 136 118
4480 3 2 5 5 121 139 137 119
4481 3 2 5 5 123 141 139 121
4482 3 2 5 5 125 143 141 123
4483 3 2 5 5 127 145 143 125
4484 3 2 5 5 129 147 145 127
4485 3 2 5 5 131 149 147 129
4486 3 2 5 5 133 151 149 131
4487 3 2 2 2 134 152 153 135
4488 3 2 5 5 135 153 151 133
4489 3 2 3 3 137 155 154 136
4490 3 2 5 5 139 157 155 137
4491 3 2 5 5 141 159 157 139
4492 3 2 5 5 143 161 159 141
4493 3 2 5 5 145 163 161 143
4494 3 2 5 5 147 165 163 145
4495 3 2 5 5 149 167 165 147
4496 3 2 5 5 151 169 167 149
4497 3 2 2 2 152 170 171 153
4498 3 2 5 5 153 171 169 151
4499 3 2 3 3 155 173 172 154
4500 3 2 5 5 157 175 173 155
4501 3 2 5 5 159 177 175 157
4502 3 2 5 5 161 179 177 159
4503 3 2 5 5 163 181 179 161
4504 3 2 5 5 165 183 181 163
4505 3 2 5 5 167 185 183 165
4506 3 2 5 5 169 187 185 167
4507 3 2 2 2 170 188 189 171
4508 3 2 5 5 171 189 187 169
4509 3 2 3 3 173 191 190 172
4510 3 2 5 5 175 193 191 173
4511 3 2 5 5 177 195 193 175
4512 3 2 5 5 179 197 195 177
4513 3 2 5 5 181 199 197 179
4514 3 2 5 5 183 201 199 181
4515 3 2 5 5 185 203 201 183
4516 3 2 5 5 187 205 203 185
4517 3 2 2 2 188 206 207 189
4518 3 2 5 5 189 207 205 187
4519 3 2 3 3 191 209 208 190
4520 3 2 5 5 193 211 209 191
4521 3 2 5 5 195 213 211 193
4522 3 2 5 5 197 215 213 195
4523 3 2 5 5 199 217 215 197
4524 3 2 5 5 201 219 217 199
4525 3 2 5 5 203 221 219 201
4526 3 2 5 5 205 223 221 203
4527 3 2 2 2 206 224 225 207
4528 3 2 5 5 207 225 223 205
4529 3 2 3 3 209 227 226 208
4530 3 2 5 5 211 229 227 209
4531 3 2 5 5 213 231 229 211
4532 3 2 5 5 215 233 231 213
4533 3 2 5 5 217 235 233 215
4534 3 2 5 5 219 237 235 217
4535 3 2 5 5 221 239 237 219
4536 3 2 5 5 223 241 239 221
4537 3 2 2 2 224 242 243 225
4538 3 2 5 5 225 243 241 223
4539 3 2 3 3 227 245 244 226
4540 3 2 5 5 229 247 245 227
4541 3 2 5 5 231 249 247 229
4542 3 2 5 5 233 251 249 231
4543 3 2 5 5 235 253 251 233
4544 3 2 5 5 237 255 253 235
4545 3 2 5 5 239 257 255 237
4546 3 2 5 5 241 259 257 239
4547 3 2 2 2 242 260 261 243
4548 3 2 5 5 243 261 259 241
4549 3 2 3 3 245 263 262 244
4550 3 2 5 5 247 265 263 245
4551 3 2 5 5 249 267 265 247
4552 3 2 5 5 251 269 267 249
4553 3 2 5 5 253 271 269 251
4554 3 2 5 5 255 273 271 253
4555 3 2 5 5 257 275 273 255
4556 3 2 5 5 259 277 275 257
4557 3 2 2 2 260 278 279 261
4558 3 2 5 5 261 279 277 259
4559 3 2 3 3 263 281 280 262
4560 3 2 5 5 265 283 281 263
4561 3 2 5 5 267 285 283 265
4562 3 2 5 5 269 287 285 267
4563 3 2 5 5 271 289 287 269
4564 3 2 5 5 273 291 289 271
4565 3 2 5 5 275 293 291 273
4566 3 2 5 5 277 295 293 275
4567 3 2 2 2 278 296 297 279
4568 3 2 5 5 279 297 295 277
4569 3 2 3 3 281 299 298 280
4570 3 2 5 5 283 301 299 281
4571 3 2 5 5 285 303 301 283
4572 3 2 5 5 287 305 303 285
4573 3 2 5 5 289 307 305 287
4574 3 2 5 5 291 309 307 289
4575 3 2 5 5 293 311 309 291
4576 3 2 5 5 295 313 311 293
4577 3 2 2 2 296 314 315 297
4578 3 2 5 5 297 315 313 295
4579 3 2 3 3 299 317 316 298
4580 3 2 5 5 301 319 317 299
4581 3 2 5 5 303 321 319 301
4582 3 2 5 5 305 323 321 303
4583 3 2 5 5 307 325 323 305
4584 3 2 5 5 309 327 325 307
4585 3 2 5 5 311 329 327 309
4586 3 2 5 5 313 331 329 311
4587 3 2 2 2 314 332 333 315
4588 3 2 5 5 315 333 331 313
4589 3 2 3 3 317 335 334 316
4590 3 2 5 5 319 337 335 317
4591 3 2 5 5 321 339 337 319
4592 3 2 5 5 323 341 339 321
4593 3 2 5 5 325 343 341 323
4594 3 2 5 5 327 345 343 325
4595 3 2 5 5 329 347 345 327
4596 3 2 5 5 331 349 347 329
4597 3 2 2 2 332 350 351 333
4598 3 2 5 5 333 351 349 331
4599 3 2 3 3 335 353 352 334
4600 3 2 5 5 337 355 353 335
4601 3 2 5 5 339 357 355 337
4602 3 2 5 5 341 359 357 339
4603 3 2 5 5 343 361 359 341
4604 3 2 5 5 345 363 361 343
4605 3 2 5 5 347 365 363 345
4606 3 2 5 5 349 367 365 347
4607 3 2 2 2 350 368 369 351
4608 3 2 5 5 351 369 367 349
4609 3 2 3 3 353 371 370 352
4610 3 2 5 5 355 373 371 353
4611 3 2 5 5 357 375 373 355
4612 3 2 5 5 359 377 375 357
4613 3 2 5 5 361 379 377 359
4614 3 2 5 5 363 381 379 361
4615 3 2 5 5 365 383 381 363
4616 3 2 5 5 367 385 383 365
4617 3 2 2 2 368 386 387 369
4618 3 2 5 5 369 387 385 367
4619 3 2 3 3 371 389 388 370
4620 3 2 5 5 373 391 389 371
4621 3 2 5 5 375 393 391 373
4622 3 2 5 5 377 395 393 375
4623 3 2 5 5 379 397 395 377
4624 3 2 5 5 381 399 397 379
4625 3 2 5 5 383 401 399 381
4626 3 2 5 5 385 403 401 383
4627 3 2 2 2 386 404 405 387
4628 3 2 5 5 387 405 403 385
4629 3 2 3 3 389 407 406 388
4630 3 2 5 5 391 409 407 389
4631 3 2 5 5 393 411 409 391
4632 3 2 5 5 395 413 411 393
4633 3 2 5 5 397 415 413 395
4634 3 2 5 5 399 417 415 397
4635 3 2 5 5 401 419 417 399
4636 3 2 5 5 403 421 419 401
4637 3 2 2 2 404 422 423 405
4638 3 2 5 5 405 423 421 403
4639 3 2 3 3 407 425 424 406
4640 3 2 5 5 409 427 425 407
4641 3 2 5 5 411 429 427 409
4642 3 2 5 5 413 431 429 411
4643 3 2 5 5 415 433 431 413
4644 3 2 5 5 417 435 433 415
4645 3 2 5 5 419 437 435 417
4646 3 2 5 5 421 439 437 419
4647 3 2 2 2 422 440 441 423
4648 3 2 5 5 423 441 439 421
4649 3 2 3 3 425 443 442 424
4650 3 2 5 5 427 445 443 425
4651 3 2 5 5 429 447 445 427
4652 3 2 5 5 431 449 447 429
4653 3 2 5 5 433 451 449 431
4654 3 2 5 5 435 453 451 433
4655 3 2 5 5 437 455 453 435
4656 3 2 5 5 439 457 455 437
4657 3 2 2 2 440 458 459 441
4658 3 2 5 5 441 459 457 439
4659 3 2 3 3 443 461 460 442
4660 3 2 5 5 445 463 461 443
4661 3 2 5 5 447 465 463 445
4662 3 2 5 5 449 467 465 447
4663 3 2 5 5 451 469 467 449
4664 3 2 5 5 453 471 469 451
4665 3 2 5 5 455 473 471 453
4666 3 2 5 5 457 475 473 455
4667 3 2 2 2 458 476 477 459
4668 3 2 5 5 459 477 475 457
4669 3 2 3 3 461 479 478 460
4670 3 2 5 5 463 481 479 461
4671 3 2 5 5 465 483 481 463
4672 3 2 5 5 467 485 483 465
4673 3 2 5 5 469 487 485 467
4674 3 2 5 5 471 489 487 469
4675 3 2 5 5 473 491 489 471
4676 3 2 5 5 475 493 491 473
4677 3 2 2 2 476 494 495 477
4678 3 2 5 5 477 495 493 475
4679 3 2 3 3 479 497 496 478
4680 3 2 5 5 481 499 497 479
4681 3 2 5 5 483 501 499 481
4682 3 2 5 5 485 503 501 483
4683 3 2 5 5 487 505 503 485
4684 3 2 5 5 489 507 505 487
4685 3 2 5 5 491 509 507 489
4686 3 2 5 5 493 511 509 491
4687 3 2 2 2 494 512 513 495
4688 3 2 5 5 495 513 511 493
4689 3 2 3 3 497 515 514 496
4690 3 2 5 5 499 517 515 497
4691 3 2 5 5 501 519 517 499
4692 3 2 5 5 503 521 519 501
4693 3 2 5 5 505 523 521 503
4694 3 2 5 5 507 525 523 505
4695 3 2 5 5 509 527 525 507
4696 3 2 5 5 511 529 527 509
4697 3 2 2 2 512 530 531 513
4698 3 2 5 5 513 531 529 511
4699 3 2 3 3 515 533 532 514
4700 3 2 5 5 517 535 533 515
4701 3 2 5 5 519 537 535 517
4702 3 2 5 5 521 539 537 519
4703 3 2 5 5 523 541 539 521
4704 3 2 5 5 525 543 541 523
4705 3 2 5 5 527 545 543 525
4706 3 2 5 5 529 547 545 527
4707 3 2 2 2 530 548 549 531
4708 3 2 5 5 531 549 547 529
4709 3 2 4 4 551 553 552 550
4710 3 2 3 3 533 551 550 532
4711 3 2 5 5 535 553 551 533
4712 3 2 4 4 553 555 554 552
4713 3 2 5 5 537 555 553 535
4714 3 2 4 4 555 557 556 554
4715 3 2 5 5 539 557 555 537
4716 3 2 4 4 557 559 558 556
4717 3 2 5 5 541 559 557 539
4718 3 2 4 4 559 561 560 558
4719 3 2 5 5 543 561 559 541
4720 3 2 4 4 561 563 562 560
4721 3 2 5 5 545 563 561 543
4722 3 2 4 4 563 565 564 562
4723 3 2 5 5 547 565 563 545
4724 3 2 4 4 565 567 566 564
4725 3 2 2 2 548 566 567 549
4726 3 2 5 5 549 567 565 547
4727 2 2 3 3 91 3 568
4728 3 2 3 3 91 92 6 3
4729 3 2 3 3 92 93 9 6
4730 3 2 3 3 93 94 12 9
4731 3 2 3 3 94 95 15 12
4732 3 2 3 3 95 96 18 15
4733 3 2 3 3 96 97 21 18
4734 3 2 3 3 97 98 24 21
4735 2 2 2 2 99 576 27
4736 3 2 3 3 98 99 27 24
4737 2 2 3 3 91 568 577
4738 3 2 3 3 568 569 578 577
4739 3 2 3 3 569 570 579 578
4740 3 2 3 3 570 571 580 579
4741 3 2 3 3 571 572 581 580
4742 3 2 3 3 572 573 582 581
4743 3 2 3 3 573 574 583 582
4744 3 2 3 3 574 575 584 583
4745 2 2 2 2 99 585 576
4746 3 2 3 3 575 576 585 584
4747 2 2 3 3 91 577 586
4748 3 2 3 3 577 578 587 586
4749 3 2 3 3 578 579 588 587
4750 3 2 3 3 579 580 589 588
4751 3 2 3 3 580 581 590 589
4752 3 2 3 3 581 582 591 590
4753 3 2 3 3 582 583 592 591
4754 3 2 3 3 583 584 593 592
4755 2 2 2 2 99 594 585
4756 3 2 3 3 584 585 594 593
4757 2 2 3 3 91 586 595
4758 3 2 3 3 586 587 596 595
4759 3 2 3 3 587 588 597 596
4760 3 2 3 3 588 589 598 597
4761 3 2 3 3 589 590 599 598
4762 3 2 3 3 590 591 600 599
4763 3 2 3 3 591 592 601 600
4764 3 2 3 3 592 593 602 601
4765 2 2 2 2 99 603 594
4766 3 2 3 3 593 594 603 602
4767 2 2 3 3 91 595 604
4768 3 2 3 3 595 596 605 604
4769 3 2 3 3 596 597 606 605
4770 3 2 3 3 597 598 607 606
4771 3 2 3 3 598 599 608 607
4772 3 2 3 3 599 600 609 608
4773 3 2 3 3 600 601 610 609
4774 3 2 3 3 601 602 611 610
4775 2 2 2 2 99 612 603
4776 3 2 3 3 602 603 612 611
4777 2 2 3 3 91 604 613
4778 3 2 3 3 604 605 614 613
4779 3 2 3 3 605 606 615 614
4780 3 2 3 3 606 607 616 615
4781 3 2 3 3 607 608 617 616
4782 3 2 3 3 608 609 618 617
4783 3 2 3 3 609 610 619 618
4784 3 2 3 3 610 611 620 619
4785 2 2 2 2 99 621 612
4786 3 2 3 3 611 612 621 620
4787 2 2 3 3 91 613 622
4788 3 2 3 3 613 614 623 622
4789 3 2 3 3 614 615 624 623
4790 3 2 3 3 615 616 625 624
4791 3 2 3 3 616 617 626 625
4792 3 2 3 3 617 618 627 626
4793 3 2 3 3 618 619 628 627
4794 3 2 3 3 619 620 629 628
4795 2 2 2 2 99 630 621
4796 3 2 3 3 620 621 630 629
4797 2 2 3 3 91 622 631
4798 3 2 3 3 622 623 632 631
4799 3 2 3 3 623 624 633 632
4800 3 2 3 3 624 625 634 633
4801 3 2 3 3 625 626 635 634
4802 3 2 3 3 626 627 636 635
4803 3 2 3 3 627 628 637 636
4804 3 2 3 3 628 629 638 637
4805 2 2 2 2 99 639 630
4806 3 2 3 3 629 630 639 638
4807 2 2 3 3 91 631 640
4808 3 2 3 3 631 632 641 640
4809 3 2 1 1 640 641 92 91
4810 3 2 3 3 632 633 642 641
4811 3 2 1 1 641 642 93 92
4812 3 2 3 3 633 634 643 642
4813 3 2 1 1 642 643 94 93
4814 3 2 3 3 634 635 644 643
4815 3 2 1 1 643 644 95 94
4816 3 2 3 3 635 636 645 644
4817 3 2 1 1 644 645 96 95
4818 3 2 3 3 636 637 646 645
4819 3 2 1 1 645 646 97 96
4820 3 2 3 3 637 638 647 646
4821 3 2 1 1 646 647 98 97
4822 2 2 2 2 99 648 639
4823 3 2 3 3 638 639 648 647
4824 3 2 1 1 647 648 99 98
4825 3 2 3 3 3 100 649 568
4826 3 2 2 2 576 657 116 27
4827 3 2 3 3 100 118 658 649
4828 3 2 2 2 657 666 134 116
4829 3 2 3 3 118 136 667 658
4830 3 2 2 2 666 675 152 134
4831 3 2 3 3 136 154 676 667
4832 3 2 2 2 675 684 170 152
4833 3 2 3 3 154 172 685 676
4834 3 2 2 2 684 693 188 170
4835 3 2 3 3 172 190 694 685
4836 3 2 2 2 693 702 206 188
4837 3 2 3 3 190 208 703 694
4838 3 2 2 2 702 711 224 206
4839 3 2 3 3 208 226 712 703
4840 3 2 2 2 711 720 242 224
4841 3 2 3 3 226 244 721 712
4842 3 2 2 2 720 729 260 242
4843 3 2 3 3 244 262 730 721
4844 3 2 2 2 729 738 278 260
4845 3 2 3 3 262 280 739 730
4846 3 2 2 2 738 747 296 278
4847 3 2 3 3 280 298 748 739
4848 3 2 2 2 747 756 314 296
4849 3 2 3 3 298 316 757 748
4850 3 2 2 2 756 765 332 314
4851 3 2 3 3 316 334 766 757
4852 3 2 2 2 765 774 350 332
4853 3 2 3 3 334 352 775 766
4854 3 2 2 2 774 783 368 350
4855 3 2 3 3 352 370 784 775
4856 3 2 2 2 783 792 386 368
4857 3 2 3 3 370 388 793 784
4858 3 2 2 2 792 801 404 386
4859 3 2 3 3 388 406 802 793
4860 3 2 2 2 801 810 422 404
4861 3 2 3 3 406 424 811 802
4862 3 2 2 2 810 819 440 422
4863 3 2 3 3 424 442 820 811
4864 3 2 2 2 819 828 458 440
4865 3 2 3 3 442 460 829 820
4866 3 2 2 2 828 837 476 458
4867 3 2 3 3 460 478 838 829
4868 3 2 2 2 837 846 494 476
4869 3 2 3 3 478 496 847 838
4870 3 2 2 2 846 855 512 494
4871 3 2 3 3 496 514 856 847
4872 3 2 2 2 855 864 530 512
4873 3 2 3 3 514 532 865 856
4874 3 2 2 2 864 873 548 530
4875 3 2 4 4 550 552 875 874
4876 3 2 3 3 532 550 874 865
4877 3 2 4 4 552 554 876 875
4878 3 2 4 4 554 556 877 876
4879 3 2 4 4 556 558 878 877
4880 3 2 4 4 558 560 879 878
4881 3 2 4 4 560 562 880 879
4882 3 2 4 4 562 564 881 880
4883 3 2 4 4 564 566 882 881
4884 3 2 2 2 873 882 566 548
4885 2 2 3 3 640 568 883
4886 3 2 3 3 640 641 569 568
4887 3 2 3 3 641 642 570 569
4888 3 2 3 3 642 643 571 570
4889 3 2 3 3 643 644 572 571
4890 3 2 3 3 644 645 573 572
4891 3 2 3 3 645 646 574 573
4892 3 2 3 3 646 647 575 574
4893 2 2 2 2 648 891 576
4894 3 2 3 3 647 648 576 575
4895 2 2 3 3 640 883 892
4896 3 2 3 3 883 884 893 892
4897 3 2 3 3 884 885 894 893
4898 3 2 3 3 885 886 895 894
4899 3 2 3 3 886 887 896 895
4900 3 2 3 3 887 888 897 896
4901 3 2 3 3 888 889 898 897
4902 3 2 3 3 889 890 899 898
4903 2 2 2 2 648 900 891
4904 3 2 3 3 890 891 900 899
4905 2 2 3 3 640 892 901
4906 3 2 3 3 892 893 902 901
4907 3 2 3 3 893 894 903 902
4908 3 2 3 3 894 895 904 903
4909 3 2 3 3 895 896 905 904
4910 3 2 3 3 896 897 906 905
4911 3 2 3 3 897 898 907 906
4912 3 2 3 3 898 899 908 907
4913 2 2 2 2 648 909 900
4914 3 2 3 3 899 900 909 908
4915 2 2 3 3 640 901 910
4916 3 2 3 3 901 902 911 910
4917 3 2 3 3 902 903 912 911
4918 3 2 3 3 903 904 913 912
4919 3 2 3 3 904 905 914 913
4920 3 2 3 3 905 906 915 914
4921 3 2 3 3 906 907 916 915
4922 3 2 3 3 907 908 917 916
4923 2 2 2 2 648 918 909
4924 3 2 3 3 908 909 918 917
4925 2 2 3 3 640 910 919
4926 3 2 3 3 910 911 920 919
4927 3 2 3 3 911 912 921 920
4928 3 2 3 3 912 913 922 921
4929 3 2 3 3 913 914 923 922
4930 3 2 3 3 914 915 924 923
4931 3 2 3 3 915 916 925 924
4932 3 2 3 3 916 917 926 925
4933 2 2 2 2 648 927 918
4934 3 2 3 3 917 918 927 926
4935 2 2 3 3 640 919 928
4936 3 2 3 3 919 920 929 928
4937 3 2 3 3 920 921 930 929
4938 3 2 3 3 921 922 931 930
4939 3 2 3 3 922 923 932 931
4940 3 2 3 3 923 924 933 932
4941 3 2 3 3 924 925 934 933
4942 3 2 3 3 925 926 935 934
4943 2 2 2 2 648 936 927
4944 3 2 3 3 926 927 936 935
4945 2 2 3 3 640 928 937
4946 3 2 3 3 928 929 938 937
4947 3 2 3 3 929 930 939 938
4948 3 2 3 3 930 931 940 939
4949 3 2 3 3 931 932 941 940
4950 3 2 3 3 932 933 942 941
4951 3 2 3 3 933 934 943 942
4952 3 2 3 3 934 935 944 943
4953 2 2 2 2 648 945 936
4954 3 2 3 3 935 936 945 944
4955 2 2 3 3 640 937 946
4956 3 2 3 3 937 938 947 946
4957 3 2 3 3 938 939 948 947
4958 3 2 3 3 939 940 949 948
4959 3 2 3 3 940 941 950 949
4960 3 2 3 3 941 942 951 950
4961 3 2 3 3 942 943 952 951
4962 3 2 3 3 943 944 953 952
4963 2 2 2 2 648 954 945
4964 3 2 3 3 944 945 954 953
4965 2 2 3 3 640 946 955
4966 3 2 3 3 946 947 956 955
4967 3 2 1 1 955 956 641 640
4968 3 2 3 3 947 948 957 956
4969 3 2 1 1 956 957 642 641
4970 3 2 3 3 948 949 958 957
4971 3 2 1 1 957 958 643 642
4972 3 2 3 3 949 950 959 958
4973 3 2 1 1 958 959 644 643
4974 3 2 3 3 950 951 960 959
4975 3 2 1 1 959 960 645 644
4976 3 2 3 3 951 952 961 960
4977 3 2 1 1 960 961 646 645
4978 3 2 3 3 952 953 962 961
4979 3 2 1 1 961 962 647 646
4980 2 2 2 2 648 963 954
4981 3 2 3 3 953 954 963 962
4982 3 2 1 1 962 963 648 647
4983 3 2 3 3 568 649 964 883
4984 3 2 2 2 891 972 657 576
4985 3 2 3 3 649 658 973 964
4986 3 2 2 2 972 981 666 657
4987 3 2 3 3 658 667 982 973
4988 3 2 2 2 981 990 675 666
4989 3 2 3 3 667 676 991 982
4990 3 2 2 2 990 999 684 675
4991 3 2 3 3 676 685 1000 991
4992 3 2 2 2 999 1008 693 684
4993 3 2 3 3 685 694 1009 1000
4994 3 2 2 2 1008 1017 702 693
4995 3 2 3 3 694 703 1018 1009
4996 3 2 2 2 1017 1026 711 702
4997 3 2 3 3 703 712 1027 1018
4998 3 2 2 2 1026 1035 720 711
4999 3 2 3 3 712 721 1036 1027
5000 3 2 2 2 1035 1044 729 720
5001 3 2 3 3 721 730 1045 1036
5002 3 2 2 2 1044 1053 738 729
5003 3 2 3 3 730 739 1054 1045
5004 3 2 2 2 1053 1062 747 738
5005 3 2 3 3 739 748 1063 1054
5006 3 2 2 2 1062 1071 756 747
5007 3 2 3 3 748 757 1072 1063
5008 3 2 2 2 1071 1080 765 756
5009 3 2 3 3 757 766 1081 1072
5010 3 2 2 2 1080 1089 774 765
5011 3 2 3 3 766 775 1090 1081
5012 3 2 2 2 1089 1098 783 774
5013 3 2 3 3 775 784 1099 1090
5014 3 2 2 2 1098 1107 792 783
5015 3 2 3 3 784 793 1108 1099
5016 3 2 2 2 1107 1116 801 792
5017 3 2 3 3 793 802 1117 1108
5018 3 2 2 2 1116 1125 810 801
5019 3 2 3 3 802 811 1126 1117
5020 3 2 2 2 1125 1134 819 810
5021 3 2 3 3 811 820 1135 1126
5022 3 2 2 2 1134 1143 828 819
5023 3 2 3 3 820 829 1144 1135
5024 3 2 2 2 1143 1152 837 828
5025 3 2 3 3 829 838 1153 1144
5026 3 2 2 2 1152 1161 846 837
5027 3 2 3 3 838 847 1162 1153
5028 3 2 2 2 1161 1170 855 846
5029 3 2 3 3 847 856 1171 1162
5030 3 2 2 2 1170 1179 864 855
5031 3 2 3 3 856 865 1180 1171
5032 3 2 2 2 1179 1188 873 864
5033 3 2 4 4 874 875 1190 1189
5034 3 2 3 3 865 874 1189 1180
5035 3 2 4 4 875 876 1191 1190
5036 3 2 4 4 876 877 1192 1191
5037 3 2 4 4 877 878 1193 1192
5038 3 2 4 4 878 879 1194 1193
5039 3 2 4 4 879 880 1195 1194
5040 3 2 4 4 880 881 1196 1195
5041 3 2 4 4 881 882 1197 1196
5042 3 2 2 2 1188 1197 882 873
5043 2 2 3 3 955 883 1198
5044 3 2 3 3 955 956 884 883
5045 3 2 3 3 956 957 885 884
5046 3 2 3 3 957 958 886 885
5047 3 2 3 3 958 959 887 886
5048 3 2 3 3 959 960 888 887
5049 3 2 3 3 960 961 889 888
5050 3 2 3 3 961 962 890 889
5051 2 2 2 2 963 1206 891
5052 3 2 3 3 962 963 891 890
5053 2 2 3 3 955 1198 1207
5054 3 2 3 3 1198 1199 1208 1207
5055 3 2 3 3 1199 1200 1209 1208
5056 3 2 3 3 1200 1201 1210 1209
5057 3 2 3 3 1201 1202 1211 1210
5058 3 2 3 3 1202 1203 1212 1211
5059 3 2 3 3 1203 1204 1213 1212
5060 3 2 3 3 1204 1205 1214 1213
5061 2 2 2 2 963 1215 1206
5062 3 2 3 3 1205 1206 1215 1214
5063 2 2 3 3 955 1207 1216
5064 3 2 3 3 1207 1208 1217 1216
5065 3 2 3 3 1208 1209 1218 1217
5066 3 2 3 3 1209 1210 1219 1218
5067 3 2 3 3 1210 1211 1220 1219
5068 3 2 3 3 1211 1212 1221 1220
5069 3 2 3 3 1212 1213 1222 1221
5070 3 2 3 3 1213 1214 1223 1222
5071 2 2 2 2 963 1224 1215
5072 3 2 3 3 1214 1215 1224 1223
5073 2 2 3 3 955 1216 1225
5074 3 2 3 3 1216 1217 1226 1225
5075 3 2 3 3 1217 1218 1227 1226
5076 3 2 3 3 1218 1219 1228 1227
5077 3 2 3 3 1219 1220 1229 1228
5078 3 2 3 3 1220 1221 1230 1229
5079 3 2 3 3 1221 1222 1231 1230
5080 3 2 3 3 1222 1223 1232 1231
5081 2 2 2 2 963 1233 1224
5082 3 2 3 3 1223 1224 1233 1232
5083 2 2 3 3 955 1225 1234
5084 3 2 3 3 1225 1226 1235 1234
5085 3 2 3 3 1226 1227 1236 1235
5086 3 2 3 3 1227 1228 1237 1236
5087 3 2 3 3 1228 1229 1238 1237
5088 3 2 3 3 1229 1230 1239 1238
5089 3 2 3 3 1230 1231 1240 1239
5090 3 2 3 3 1231 1232 1241 1240
5091 2 2 2 2 963 1242 1233
5092 3 2 3 3 1232 1233 1242 1241
5093 2 2 3 3 955 1234 1243
5094 3 2 3 3 1234 1235 1244 1243
5095 3 2 3 3 1235 1236 1245 1244
5096 3 2 3 3 1236 1237 1246 1245
5097 3 2 3 3 1237 1238 1247 1246
5098 3 2 3 3 1238 1239 1248 1247
5099 3 2 3 3 1239 1240 1249 1248
5100 3 2 3 3 1240 1241 1250 1249
5101 2 2 2 2 963 1251 1242
5102 3 2 3 3 1241 1242 1251 1250
5103 2 2 3 3 955 1243 1252
5104 3 2 3 3 1243 1244 1253 1252
5105 3 2 3 3 1244 1245 1254 1253
5106 3 2 3 3 1245 1246 1255 1254
5107 3 2 3 3 1246 1247 1256 1255
5108 3 2 3 3 1247 1248 1257 1256
5109 3 2 3 3 1248 1249 1258 1257
5110 3 2 3 3 1249 1250 1259 1258
5111 2 2 2 2 963 1260 1251
5112 3 2 3 3 1250 1251 1260 1259
5113 2 2 3 3 955 1252 1261
5114 3 2 3 3 1252 1253 1262 1261
5115 3 2 3 3 1253 1254 1263 1262
5116 3 2 3 3 1254 1255 1264 1263
5117 3 2 3 3 1255 1256 1265 1264
5118 3 2 3 3 1256 1257 1266 1265
5119 3 2 3 3 1257 1258 1267 1266
5120 3 2 3 3 1258 1259 1268 1267
5121 2 2 2 2 963 1269 1260
5122 3 2 3 3 1259 1260 1269 1268
5123 2 2 3 3 955 1261 1270
5124 3 2 3 3 1261 1262 1271 1270
5125 3 2 1 1 1270 1271 956 955
5126 3 2 3 3 1262 1263 1272 1271
5127 3 2 1 1 1271 1272 957 956
5128 3 2 3 3 1263 1264 1273 1272
5129 3 2 1 1 1272 1273 958 957
5130 3 2 3 3 1264 1265 1274 1273
5131 3 2 1 1 1273 1274 959 958
5132 3 2 3 3 1265 1266 1275 1274
5133 3 2 1 1 1274 1275 960 959
5134 3 2 3 3 1266 1267 1276 1275
5135 3 2 1 1 1275 1276 961 960
5136 3 2 3 3 1267 1268 1277 1276
5137 3 2 1 1 1276 1277 962 961
5138 2 2 2 2 963 1278 1269
5139 3 2 3 3 1268 1269 1278 1277
5140 3 2 1 1 1277 1278 963 962
5141 3 2 3 3 883 964 1279 1198
5142 3 2 2 2 1206 1287 972 891
5143 3 2 3 3 964 973 1288 1279
5144 3 2 2 2 1287 1296 981 972
5145 3 2 3 3 973 982 1297 1288
5146 3 2 2 2 1296 1305 990 981
5147 3 2 3 3 982 991 1306 1297
5148 3 2 2 2 1305 1314 999 990
5149 3 2 3 3 991 1000 1315 1306
5150 3 2 2 2 1314 1323 1008 999
5151 3 2 3 3 1000 1009 1324 1315
5152 3 2 2 2 1323 1332 1017 1008
5153 3 2 3 3 1009 1018 1333 1324
5154 3 2 2 2 1332 1341 1026 1017
5155 3 2 3 3 1018 1027 1342 1333
5156 3 2 2 2 1341 1350 1035 1026
5157 3 2 3 3 1027 1036 1351 1342
5158 3 2 2 2 1350 1359 1044 1035
5159 3 2 3 3 1036 1045 1360 1351
5160 3 2 2 2 1359 1368 1053 1044
5161 3 2 3 3 1045 1054 1369 1360
5162 3 2 2 2 1368 1377 1062 1053
5163 3 2 3 3 1054 1063 1378 1369
5164 3 2 2 2 1377 1386 1071 1062
5165 3 2 3 3 1063 1072 1387 1378
5166 3 2 2 2 1386 1395 1080 1071
5167 3 2 3 3 1072 1081 1396 1387
5168 3 2 2 2 1395 1404 1089 1080
5169 3 2 3 3 1081 1090 1405 1396
5170 3 2 2 2 1404 1413 1098 1089
5171 3 2 3 3 1090 1099 1414 1405
5172 3 2 2 2 1413 1422 1107 1098
5173 3 2 3 3 1099 1108 1423 1414
5174 3 2 2 2 1422 1431 1116 1107
5175 3 2 3 3 1108 1117 1432 1423
5176 3 2 2 2 1431 1440 1125 1116
5177 3 2 3 3 1117 1126 1441 1432
5178 3 2 2 2 1440 1449 1134 1125
5179 3 2 3 3 1126 1135 1450 1441
5180 3 2 2 2 1449 1458 1143 1134
5181 3 2 3 3 1135 1144 1459 1450
5182 3 2 2 2 1458 1467 1152 1143
5183 3 2 3 3 1144 1153 1468 1459
5184 3 2 2 2 1467 1476 1161 1152
5185 3 2 3 3 1153 1162 1477 1468
5186 3 2 2 2 1476 1485 1170 1161
5187 3 2 3 3 1162 1171 1486 1477
5188 3 2 2 2 1485 1494 1179 1170
5189 3 2 3 3 1171 1180 1495 1486
5190 3 2 2 2 1494 1503 1188 1179
5191 3 2 4 4 1189 1190 1505 1504
5192 3 2 3 3 1180 1189 1504 1495
5193 3 2 4 4 1190 1191 1506 1505
5194 3 2 4 4 1191 1192 1507 1506
5195 3 2 4 4 1192 1193 1508 1507
5196 3 2 4 4 1193 1194 1509 1508
5197 3 2 4 4 1194 1195 1510 1509
5198 3 2 4 4 1195 1196 1511 1510
5199 3 2 4 4 1196 1197 1512 1511
5200 3 2 2 2 1503 1512 1197 1188
5201 2 2 3 3 1270 1198 1513
5202 3 2 3 3 1270 1271 1199 1198
5203 3 2 3 3 1271 1272 1200 1199
5204 3 2 3 3 1272 1273 1201 1200
5205 3 2 3 3 1273 1274 1202 1201
5206 3 2 3 3 1274 1275 1203 1202
5207 3 2 3 3 1275 1276 1204 1203
5208 3 2 3 3 1276 1277 1205 1204
5209 2 2 2 2 1278 1521 1206
5210 3 2 3 3 1277 1278 1206 1205
5211 2 2 3 3 1270 1513 1522
5212 3 2 3 3 1513 1514 1523 1522
5213 3 2 3 3 1514 1515 1524 1523
5214 3 2 3 3 1515 1516 1525 1524
5215 3 2 3 3 1516 1517 1526 1525
5216 3 2 3 3 1517 1518 1527 1526
5217 3 2 3 3 1518 1519 1528 1527
5218 3 2 3 3 1519 1520 1529 1528
5219 2 2 2 2 1278 1530 1521
5220 3 2 3 3 1520 1521 1530 1529
5221 2 2 3 3 1270 1522 1531
5222 3 2 3 3 1522 1523 1532 1531
5223 3 2 3 3 1523 1524 1533 1532
5224 3 2 3 3 1524 1525 1534 1533
5225 3 2 3 3 1525 1526 1535 1534
5226 3 2 3 3 1526 1527 1536 1535
5227 3 2 3 3 1527 1528 1537 1536
5228 3 2 3 3 1528 1529 1538 1537
5229 2 2 2 2 1278 1539 1530
5230 3 2 3 3 1529 1530 1539 1538
5231 2 2 3 3 1270 1531 1540
5232 3 2 3 3 1531 1532 1541 1540
5233 3 2 3 3 1532 1533 1542 1541
5234 3 2 3 3 1533 1534 1543 1542
5235 3 2 3 3 1534 1535 1544 1543
5236 3 2 3 3 1535 1536 1545 1544
5237 3 2 3 3 1536 1537 1546 1545
5238 3 2 3 3 1537 1538 1547 1546
5239 2 2 2 2 1278 1548 1539
5240 3 2 3 3 1538 1539 1548 1547
5241 2 2 3 3 1270 1540 1549
5242 3 2 3 3 1540 1541 1550 1549
5243 3 2 3 3 1541 1542 1551 1550
5244 3 2 3 3 1542 1543 1552 1551
5245 3 2 3 3 1543 1544 1553 1552
5246 3 2 3 3 1544 1545 1554 1553
5247 3 2 3 3 1545 1546 1555 1554
5248 3 2 3 3 1546 1547 1556 1555
5249 2 2 2 2 1278 1557 1548
5250 3 2 3 3 1547 1548 1557 1556
5251 2 2 3 3 1270 1549 1558
5252 3 2 3 3 1549 1550 1559 1558
5253 3 2 3 3 1550 1551 1560 1559
5254 3 2 3 3 1551 1552 1561 1560
5255 3 2 3 3 1552 1553 1562 1561
5256 3 2 3 3 1553 1554 1563 1562
5257 3 2 3 3 1554 1555 1564 1563
5258 3 2 3 3 1555 1556 1565 1564
5259 2 2 2 2 1278 1566 1557
5260 3 2 3 3 1556 1557 1566 1565
5261 2 2 3 3 1270 1558 1567
5262 3 2 3 3 1558 1559 1568 1567
5263 3 2 3 3 1559 1560 1569 1568
5264 3 2 3 3 1560 1561 1570 1569
5265 3 2 3 3 1561 1562 1571 1570
5266 3 2 3 3 1562 1563 1572 1571
5267 3 2 3 3 1563 1564 1573 1572
5268 3 2 3 3 1564 1565 1574 1573
5269 2 2 2 2 1278 1575 1566
5270 3 2 3 3 1565 1566 1575 1574
5271 2 2 3 3 1270 1567 1576
5272 3 2 3 3 1567 1568 1577 1576
5273 3 2 3 3 1568 1569 1578 1577
5274 3 2 3 3 1569 1570 1579 1578
5275 3 2 3 3 1570 1571 1580 1579
5276 3 2 3 3 1571 1572 1581 1580
5277 3 2 3 3 1572 1573 1582 1581
5278 3 2 3 3 1573 1574 1583 1582
5279 2 2 2 2 1278 1584 1575
5280 3 2 3 3 1574 1575 1584 1583
5281 2 2 3 3 1270 1576 1585
5282 3 2 3 3 1576 1577 1586 1585
5283 3 2 1 1 1585 1586 1271 1270
5284 3 2 3 3 1577 1578 1587 1586
5285 3 2 1 1 1586 1587 1272 1271
5286 3 2 3 3 1578 1579 1588 1587
5287 3 2 1 1 1587 1588 1273 1272
5288 3 2 3 3 1579 1580 1589 1588
5289 3 2 1 1 1588 1589 1274 1273
5290 3 2 3 3 1580 1581 1590 1589
5291 3 2 1 1 1589 1590 1275 1274
5292 3 2 3 3 1581 1582 1591 1590
5293 3 2 1 1 1590 1591 1276 1275
5294 3 2 3 3 1582 1583 1592 1591
5295 3 2 1 1 1591 1592 1277 1276
5296 2 2 2 2 1278 1593 1584
5297 3 2 3 3 1583 1584 1593 1592
5298 3 2 1 1 1592 1593 1278 1277
5299 3 2 3 3 1198 1279 1594 1513
5300 3 2 2 2 1521 1602 1287 1206
5301 3 2 3 3 1279 1288 1603 1594
5302 3 2 2 2 1602 1611 1296 1287
5303 3 2 3 3 1288 1297 1612 1603
5304 3 2 2 2 1611 1620 1305 1296
5305 3 2 3 3 1297 1306 1621 1612
5306 3 2 2 2 1620 1629 1314 1305
5307 3 2 3 3 1306 1315 1630 1621
5308 3 2 2 2 1629 1638 1323 1314
5309 3 2 3 3 1315 1324 1639 1630
5310 3 2 2 2 1638 1647 1332 1323
5311 3 2 3 3 1324 1333 1648 1639
5312 3 2 2 2 1647 1656 1341 1332
5313 3 2 3 3 1333 1342 1657 1648
5314 3 2 2 2 1656 1665 1350 1341
5315 3 2 3 3 1342 1351 1666 1657
5316 3 2 2 2 1665 1674 1359 1350
5317 3 2 3 3 1351 1360 1675 1666
5318 3 2 2 2 1674 1683 1368 1359
5319 3 2 3 3 1360 1369 1684 1675
5320 3 2 2 2 1683 1692 1377 1368
5321 3 2 3 3 1369 1378 1693 1684
5322 3 2 2 2 1692 1701 1386 1377
5323 3 2 3 3 1378 1387 1702 1693
5324 3 2 2 2 1701 1710 1395 1386
5325 3 2 3 3 1387 1396 1711 1702
5326 3 2 2 2 1710 1719 1404 1395
5327 3 2 3 3 1396 1405 1720 1711
5328 3 2 2 2 1719 1728 1413 1404
5329 3 2 3 3 1405 1414 1729 1720
5330 3 2 2 2 1728 1737 1422 1413
5331 3 2 3 3 1414 1423 1738 1729
5332 3 2 2 2 1737 1746 1431 1422
5333 3 2 3 3 1423 1432 1747 1738
5334 3 2 2 2 1746 1755 1440 1431
5335 3 2 3 3 1432 1441 1756 1747
5336 3 2 2 2 1755 1764 1449 1440
5337 3 2 3 3 1441 1450 1765 1756
5338 3 2 2 2 1764 1773 1458 1449
5339 3 2 3 3 1450 1459 1774 1765
5340 3 2 2 2 1773 1782 1467 1458
5341 3 2 3 3 1459 1468 1783 1774
5342 3 2 2 2 1782 1791 1476 1467
5343 3 2 3 3 1468 1477 1792 1783
5344 3 2 2 2 1791 1800 1485 1476
5345 3 2 3 3 1477 1486 1801 1792
5346 3 2 2 2 1800 1809 1494 1485
5347 3 2 3 3 1486 1495 1810 1801
5348 3 2 2 2 1809 1818 1503 1494
5349 3 2 4 4 1504 1505 1820 1819
5350 3 2 3 3 1495 1504 1819 1810
5351 3 2 4 4 1505 1506 1821 1820
5352 3 2 4 4 1506 1507 1822 1821
5353 3 2 4 4 1507 1508 1823 1822
5354 3 2 4 4 1508 1509 1824 1823
5355 3 2 4 4 1509 1510 1825 1824
5356 3 2 4 4 1510 1511 1826 1825
5357 3 2 4 4 1511 1512 1827 1826
5358 3 2 2 2 1818 1827 1512 1503
5359 2 2 3 3 1585 1513 1828
5360 3 2 3 3 1585 1586 1514 1513
5361 3 2 3 3 1586 1587 1515 1514
5362 3 2 3 3 1587 1588 1516 1515
5363 3 2 3 3 1588 1589 1517 1516
5364 3 2 3 3 1589 1590 1518 1517
5365 3 2 3 3 1590 1591 1519 1518
5366 3 2 3 3 1591 1592 1520 1519
5367 2 2 2 2 1593 1836 1521
5368 3 2 3 3 1592 1593 1521 1520
5369 2 2 3 3 1585 1828 1837
5370 3 2 3 3 1828 1829 1838 1837
5371 3 2 3 3 1829 1830 1839 1838
5372 3 2 3 3 1830 1831 1840 1839
5373 3 2 3 3 1831 1832 1841 1840
5374 3 2 3 3 1832 1833 1842 1841
5375 3 2 3 3 1833 1834 1843 1842
5376 3 2 3 3 1834 1835 1844 1843
5377 2 2 2 2 1593 1845 1836
5378 3 2 3 3 1835 1836 1845 1844
5379 2 2 3 3 1585 1837 1846
5380 3 2 3 3 1837 1838 1847 1846
5381 3 2 3 3 1838 1839 1848 1847
5382 3 2 3 3 1839 1840 1849 1848
5383 3 2 3 3 1840 1841 1850 1849
5384 3 2 3 3 1841 1842 1851 1850
5385 3 2 3 3 1842 1843 1852 1851
5386 3 2 3 3 1843 1844 1853 1852
5387 2 2 2 2 1593 1854 1845
5388 3 2 3 3 1844 1845 1854 1853
5389 2 2 3 3 1585 1846 1855
5390 3 2 3 3 1846 1847 1856 1855
5391 3 2 3 3 1847 1848 1857 1856
5392 3 2 3 3 1848 1849 1858 1857
5393 3 2 3 3 1849 1850 1859 1858
5394 3 2 3 3 1850 1851 1860 1859
5395 3 2 3 3 1851 1852 1861 1860
5396 3 2 3 3 1852 1853 1862 1861
5397 2 2 2 2 1593 1863 1854
5398 3 2 3 3 1853 1854 1863 1862
5399 2 2 3 3 1585 1855 1864
5400 3 2 3 3 1855 1856 1865 1864
5401 3 2 3 3 1856 1857 1866 1865
5402 3 2 3 3 1857 1858 1867 1866
5403 3 2 3 3 1858 1859 1868 1867
5404 3 2 3 3 1859 1860 1869 1868
5405 3 2 3 3 1860 1861 1870 1869
5406 3 2 3 3 1861 1862 1871 1870
5407 2 2 2 2 1593 1872 1863
5408 3 2 3 3 1862 1863 1872 1871
5409 2 2 3 3 1585 1864 1873
5410 3 2 3 3 1864 1865 1874 1873
5411 3 2 3 3 1865 1866 1875 1874
5412 3 2 3 3 1866 1867 1876 1875
5413 3 2 3 3 1867 1868 1877 1876
5414 3 2 3 3 1868 1869 1878 1877
5415 3 2 3 3 1869 1870 1879 1878
5416 3 2 3 3 1870 1871 1880 1879
5417 2 2 2 2 1593 1881 1872
5418 3 2 3 3 1871 1872 1881 1880
5419 2 2 3 3 1585 1873 1882
5420 3 2 3 3 1873 1874 1883 1882
5421 3 2 3 3 1874 1875 1884 1883
5422 3 2 3 3 1875 1876 1885 1884
5423 3 2 3 3 1876 1877 1886 1885
5424 3 2 3 3 1877 1878 1887 1886
5425 3 2 3 3 1878 1879 1888 1887
5426 3 2 3 3 1879 1880 1889 1888
5427 2 2 2 2 1593 1890 1881
5428 3 2 3 3 1880 1881 1890 1889
5429 2 2 3 3 1585 1882 1891
5430 3 2 3 3 1882 1883 1892 1891
5431 3 2 3 3 1883 1884 1893 1892
5432 3 2 3 3 1884 1885 1894 1893
5433 3 2 3 3 1885 1886 1895 1894
5434 3 2 3 3 1886 1887 1896 1895
5435 3 2 3 3 1887 1888 1897 1896
5436 3 2 3 3 1888 1889 1898 1897
5437 2 2 2 2 1593 1899 1890
5438 3 2 3 3 1889 1890 1899 1898
5439 2 2 3 3 1585 1891 1900
5440 3 2 3 3 1891 1892 1901 1900
5441 3 2 1 1 1900 1901 1586 1585
5442 3 2 3 3 1892 1893 1902 1901
5443 3 2 1 1 1901 1902 1587 1586
5444 3 2 3 3 1893 1894 1903 1902
5445 3 2 1 1 1902 1903 1588 1587
5446 3 2 3 3 1894 1895 1904 1903
5447 3 2 1 1 1903 1904 1589 1588
5448 3 2 3 3 1895 1896 1905 1904
5449 3 2 1 1 1904 1905 1590 1589
5450 3 2 3 3 1896 1897 1906 1905
5451 3 2 1 1 1905 1906 1591 1590
5452 3 2 3 3 1897 1898 1907 1906
5453 3 2 1 1 1906 1907 1592 1591
5454 2 2 2 2 1593 1908 1899
5455 3 2 3 3 1898 1899 1908 1907
5456 3 2 1 1 1907 1908 1593 1592
5457 3 2 3 3 1513 1594 1909 1828
5458 3 2 2 2 1836 1917 1602 1521
5459 3 2 3 3 1594 1603 1918 1909
5460 3 2 2 2 1917 1926 1611 1602
5461 3 2 3 3 1603 1612 1927 1918
5462 3 2 2 2 1926 1935 1620 1611
5463 3 2 3 3 1612 1621 1936 1927
5464 3 2 2 2 1935 1944 1629 1620
5465 3 2 3 3 1621 1630 1945 1936
5466 3 2 2 2 1944 1953 1638 1629
5467 3 2 3 3 1630 1639 1954 1945
5468 3 2 2 2 1953 1962 1647 1638
5469 3 2 3 3 1639 1648 1963 1954
5470 3 2 2 2 1962 1971 1656 1647
5471 3 2 3 3 1648 1657 1972 1963
5472 3 2 2 2 1971 1980 1665 1656
5473 3 2 3 3 1657 1666 1981 1972
5474 3 2 2 2 1980 1989 1674 1665
5475 3 2 3 3 1666 1675 1990 1981
5476 3 2 2 2 1989 1998 1683 1674
5477 3 2 3 3 1675 1684 1999 1990
5478 3 2 2 2 1998 2007 1692 1683
5479 3 2 3 3 1684 1693 2008 1999
5480 3 2 2 2 2007 2016 1701 1692
5481 3 2 3 3 1693 1702 2017 2008
5482 3 2 2 2 2016 2025 1710 1701
5483 3 2 3 3 1702 1711 2026 2017
5484 3 2 2 2 2025 2034 1719 1710
5485 3 2 3 3 1711 1720 2035 2026
5486 3 2 2 2 2034 2043 1728 1719
5487 3 2 3 3 1720 1729 2044 2035
5488 3 2 2 2 2043 2052 1737 1728
5489 3 2 3 3 1729 1738 2053 2044
5490 3 2 2 2 2052 2061 1746 1737
5491 3 2 3 3 1738 1747 2062 2053
5492 3 2 2 2 2061 2070 1755 1746
5493 3 2 3 3 1747 1756 2071 2062
5494 3 2 2 2 2070 2079 1764 1755
5495 3 2 3 3 1756 1765 2080 2071
5496 3 2 2 2 2079 2088 1773 1764
5497 3 2 3 3 1765 1774 2089 2080
5498 3 2 2 2 2088 2097 1782 1773
5499 3 2 3 3 1774 1783 2098 2089
5500 3 2 2 2 2097 2106 1791 1782
5501 3 2 3 3 1783 1792 2107 2098
5502 3 2 2 2 2106 2115 1800 1791
5503 3 2 3 3 1792 1801 2116 2107
5504 3 2 2 2 2115 2124 1809 1800
5505 3 2 3 3 1801 1810 2125 2116
5506 3 2 2 2 2124 2133 1818 1809
5507 3 2 4 4 1819 1820 2135 2134
5508 3 2 3 3 1810 1819 2134 2125
5509 3 2 4 4 1820 1821 2136 2135
5510 3 2 4 4 1821 1822 2137 2136
5511 3 2 4 4 1822 1823 2138 2137
5512 3 2 4 4 1823 1824 2139 2138
5513 3 2 4 4 1824 1825 2140 2139
5514 3 2 4 4 1825 1826 2141 2140
5515 3 2 4 4 1826 1827 2142 2141
5516 3 2 2 2 2133 2142 1827 1818
5517 2 2 3 3 1900 1828 2143
5518 3 2 3 3 1900 1901 1829 1828
5519 3 2 3 3 1901 1902 1830 1829
5520 3 2 3 3 1902 1903 1831 1830
5521 3 2 3 3 1903 1904 1832 1831
5522 3 2 3 3 1904 1905 1833 1832
5523 3 2 3 3 1905 1906 1834 1833
5524 3 2 3 3 1906 1907 1835 1834
5525 2 2 2 2 1908 2151 1836
5526 3 2 3 3 1907 1908 1836 1835
5527 2 2 3 3 1900 2143 2152
5528 3 2 3 3 2143 2144 2153 2152
5529 3 2 3 3 2144 2145 2154 2153
5530 3 2 3 3 2145 2146 2155 2154
5531 3 2 3 3 2146 2147 2156 2155
5532 3 2 3 3 2147 2148 2157 2156
5533 3 2 3 3 2148 2149 2158 2157
5534 3 2 3 3 2149 2150 2159 2158
5535 2 2 2 2 1908 2160 2151
5536 3 2 3 3 2150 2151 2160 2159
5537 2 2 3 3 1900 2152 2161
5538 3 2 3 3 2152 2153 2162 2161
5539 3 2 3 3 2153 2154 2163 2162
5540 3 2 3 3 2154 2155 2164 2163
5541 3 2 3 3 2155 2156 2165 2164
5542 3 2 3 3 2156 2157 2166 2165
5543 3 2 3 3 2157 2158 2167 2166
5544 3 2 3 3 2158 2159 2168 2167
5545 2 2 2 2 1908 2169 2160
5546 3 2 3 3 2159 2160 2169 2168
5547 2 2 3 3 1900 2161 2170
5548 3 2 3 3 2161 2162 2171 2170
5549 3 2 3 3 2162 2163 2172 2171
5550 3 2 3 3 2163 2164 2173 2172
5551 3 2 3 3 2164 2165 2174 2173
5552 3 2 3 3 2165 2166 2175 2174
5553 3 2 3 3 2166 2167 2176 2175
5554 3 2 3 3 2167 2168 2177 2176
5555 2 2 2 2 1908 2178 2169
5556 3 2 3 3 2168 2169 2178 2177
5557 2 2 3 3 1900 2170 2179
5558 3 2 3 3 2170 2171 2180 2179
5559 3 2 3 3 2171 2172 2181 2180
5560 3 2 3 3 2172 2173 2182 2181
5561 3 2 3 3 2173 2174 2183 2182
5562 3 2 3 3 2174 2175 2184 2183
5563 3 2 3 3 2175 2176 2185 2184
5564 3 2 3 3 2176 2177 2186 2185
5565 2 2 2 2 1908 2187 2178
5566 3 2 3 3 2177 2178 2187 2186
5567 2 2 3 3 1900 2179 2188
5568 3 2 3 3 2179 2180 2189 2188
5569 3 2 3 3 2180 2181 2190 2189
5570 3 2 3 3 2181 2182 2191 2190
5571 3 2 3 3 2182 2183 2192 2191
5572 3 2 3 3 2183 2184 2193 2192
5573 3 2 3 3 2184 2185 2194 2193
5574 3 2 3 3 2185 2186 2195 2194
5575 2 2 2 2 1908 2196 2187
5576 3 2 3 3 2186 2187 2196 2195
5577 2 2 3 3 1900 2188 2197
5578 3 2 3 3 2188 2189 2198 2197
5579 3 2 3 3 2189 2190 2199 2198
5580 3 2 3 3 2190 2191 2200 2199
5581 3 2 3 3 2191 2192 2201 2200
5582 3 2 3 3 2192 2193 2202 2201
5583 3 2 3 3 2193 2194 2203 2202
5584 3 2 3 3 2194 2195 2204 2203
5585 2 2 2 2 1908 2205 2196
5586 3 2 3 3 2195 2196 2205 2204
5587 2 2 3 3 1900 2197 2206
5588 3 2 3 3 2197 2198 2207 2206
5589 3 2 3 3 2198 2199 2208 2207
5590 3 2 3 3 2199 2200 2209 2208
5591 3 2 3 3 2200 2201 2210 2209
5592 3 2 3 3 2201 2202 2211 2210
5593 3 2 3 3 2202 2203 2212 2211
5594 3 2 3 3 2203 2204 2213 2212
5595 2 2 2 2 1908 2214 2205
5596 3 2 3 3 2204 2205 2214 2213
5597 2 2 3 3 1900 2206 2215
5598 3 2 3 3 2206 2207 2216 2215
5599 3 2 1 1 2215 2216 1901 1900
5600 3 2 3 3 2207 2208 2217 2216
5601 3 2 1 1 2216 2217 1902 1901
5602 3 2 3 3 2208 2209 2218 2217
5603 3 2 1 1 2217 2218 1903 1902
5604 3 2 3 3 2209 2210 2219 2218
5605 3 2 1 1 2218 2219 1904 1903
5606 3 2 3 3 2210 2211 2220 2219
5607 3 2 1 1 2219 2220 1905 1904
5608 3 2 3 3 2211 2212 2221 2220
5609 3 2 1 1 2220 2221 1906 1905
5610 3 2 3 3 2212 2213 2222 2221
5611 3 2 1 1 2221 2222 1907 1906
5612 2 2 2 2 1908 2223 2214
5613 3 2 3 3 2213 2214 2223 2222
5614 3 2 1 1 2222 2223 1908 1907
5615 3 2 3 3 1828 1909 2224 2143
5616 3 2 2 2 2151 2232 1917 1836
5617 3 2 3 3 1909 1918 2233 2224
5618 3 2 2 2 2232 2241 1926 1917
5619 3 2 3 3 1918 1927 2242 2233
5620 3 2 2 2 2241 2250 1935 1926
5621 3 2 3 3 1927 1936 2251 2242
5622 3 2 2 2 2250 2259 1944 1935
5623 3 2 3 3 1936 1945 2260 2251
5624 3 2 2 2 2259 2268 1953 1944
5625 3 2 3 3 1945 1954 2269 2260
5626 3 2 2 2 2268 2277 1962 1953
5627 3 2 3 3 1954 1963 2278 2269
5628 3 2 2 2 2277 2286 1971 1962
5629 3 2 3 3 1963 1972 2287 2278
5630 3 2 2 2 2286 2295 1980 1971
5631 3 2 3 3 1972 1981 2296 2287
5632 3 2 2 2 2295 2304 1989 1980
5633 3 2 3 3 1981 1990 2305 2296
5634 3 2 2 2 2304 2313 1998 1989
5635 3 2 3 3 1990 1999 2314 2305
5636 3 2 2 2 2313 2322 2007 1998
5637 3 2 3 3 1999 2008 2323 2314
5638 3 2 2 2 2322 2331 2016 2007
5639 3 2 3 3 2008 2017 2332 2323
5640 3 2 2 2 2331 2340 2025 2016
5641 3 2 3 3 2017 2026 2341 2332
5642 3 2 2 2 2340 2349 2034 2025
5643 3 2 3 3 2026 2035 2350 2341
5644 3 2 2 2 2349 2358 2043 2034
5645 3 2 3 3 2035 2044 2359 2350
5646 3 2 2 2 2358 2367 2052 2043
5647 3 2 3 3 2044 2053 2368 2359
5648 3 2 2 2 2367 2376 2061 2052
5649 3 2 3 3 2053 2062 2377 2368
5650 3 2 2 2 2376 2385 2070 2061
5651 3 2 3 3 2062 2071 2386 2377
5652 3 2 2 2 2385 2394 2079 2070
5653 3 2 3 3 2071 2080 2395 2386
5654 3 2 2 2 2394 2403 2088 2079
5655 3 2 3 3 2080 2089 2404 2395
5656 3 2 2 2 2403 2412 2097 2088
5657 3 2 3 3 2089 2098 2413 2404
5658 3 2 2 2 2412 2421 2106 2097
5659 3 2 3 3 2098 2107 2422 2413
5660 3 2 2 2 2421 2430 2115 2106
5661 3 2 3 3 2107 2116 2431 2422
5662 3 2 2 2 2430 2439 2124 2115
5663 3 2 3 3 2116 2125 2440 2431
5664 3 2 2 2 2439 2448 2133 2124
5665 3 2 4 4 2134 2135 2450 2449
5666 3 2 3 3 2125 2134 2449 2440
5667 3 2 4 4 2135 2136 2451 2450
5668 3 2 4 4 2136 2137 2452 2451
5669 3 2 4 4 2137 2138 2453 2452
5670 3 2 4 4 2138 2139 2454 2453
5671 3 2 4 4 2139 2140 2455 2454
5672 3 2 4 4 2140 2141 2456 2455
5673 3 2 4 4 2141 2142 2457 2456
5674 3 2 2 2 2448 2457 2142 2133
5675 2 2 3 3 2215 2143 2458
5676 3 2 3 3 2215 2216 2144 2143
5677 3 2 3 3 2216 2217 2145 2144
5678 3 2 3 3 2217 2218 2146 2145
5679 3 2 3 3 2218 2219 2147 2146
5680 3 2 3 3 2219 2220 2148 2147
5681 3 2 3 3 2220 2221 2149 2148
5682 3 2 3 3 2221 2222 2150 2149
5683 2 2 2 2 2223 2466 2151
5684 3 2 3 3 2222 2223 2151 2150
5685 2 2 3 3 2215 2458 2467
5686 3 2 3 3 2458 2459 2468 2467
5687 3 2 3 3 2459 2460 2469 2468
5688 3 2 3 3 2460 2461 2470 2469
5689 3 2 3 3 2461 2462 2471 2470
5690 3 2 3 3 2462 2463 2472 2471
5691 3 2 3 3 2463 2464 2473 2472
5692 3 2 3 3 2464 2465 2474 2473
5693 2 2 2 2 2223 2475 2466
5694 3 2 3 3 2465 2466 2475 2474
5695 2 2 3 3 2215 2467 2476
5696 3 2 3 3 2467 2468 2477 2476
5697 3 2 3 3 2468 2469 2478 2477
5698 3 2 3 3 2469 2470 2479 2478
5699 3 2 3 3 2470 2471 2480 2479
5700 3 2 3 3 2471 2472 2481 2480
5701 3 2 3 3 2472 2473 2482 2481
5702 3 2 3 3 2473 2474 2483 2482
5703 2 2 2 2 2223 2484 2475
5704 3 2 3 3 2474 2475 2484 2483
5705 2 2 3 3 2215 2476 2485
5706 3 2 3 3 2476 2477 2486 2485
5707 3 2 3 3 2477 2478 2487 2486
5708 3 2 3 3 2478 2479 2488 2487
5709 3 2 3 3 2479 2480 2489 2488
5710 3 2 3 3 2480 2481 2490 2489
5711 3 2 3 3 2481 2482 2491 2490
5712 3 2 3 3 2482 2483 2492 2491
5713 2 2 2 2 2223 2493 2484
5714 3 2 3 3 2483 2484 2493 2492
5715 2 2 3 3 2215 2485 2494
5716 3 2 3 3 2485 2486 2495 2494
5717 3 2 3 3 2486 2487 2496 2495
5718 3 2 3 3 2487 2488 2497 2496
5719 3 2 3 3 2488 2489 2498 2497
5720 3 2 3 3 2489 2490 2499 2498
5721 3 2 3 3 2490 2491 2500 2499
5722 3 2 3 3 2491 2492 2501 2500
5723 2 2 2 2 2223 2502 2493
5724 3 2 3 3 2492 2493 2502 2501
5725 2 2 3 3 2215 2494 2503
5726 3 2 3 3 2494 2495 2504 2503
5727 3 2 3 3 2495 2496 2505 2504
5728 3 2 3 3 2496 2497 2506 2505
5729 3 2 3 3 2497 2498 2507 2506
5730 3 2 3 3 2498 2499 2508 2507
5731 3 2 3 3 2499 2500 2509 2508
5732 3 2 3 3 2500 2501 2510 2509
5733 2 2 2 2 2223 2511 2502
5734 3 2 3 3 2501 2502 2511 2510
5735 2 2 3 3 2215 2503 2512
5736 3 2 3 3 2503 2504 2513 2512
5737 3 2 3 3 2504 2505 2514 2513
5738 3 2 3 3 2505 2506 2515 2514
5739 3 2 3 3 2506 2507 2516 2515
5740 3 2 3 3 2507 2508 2517 2516
5741 3 2 3 3 2508 2509 2518 2517
5742 3 2 3 3 2509 2510 2519 2518
5743 2 2 2 2 2223 2520 2511
5744 3 2 3 3 2510 2511 2520 2519
5745 2 2 3 3 2215 2512 2521
5746 3 2 3 3 2512 2513 2522 2521
5747 3 2 3 3 2513 2514 2523 2522
5748 3 2 3 3 2514 2515 2524 2523
5749 3 2 3 3 2515 2516 2525 2524
5750 3 2 3 3 2516 2517 2526 2525
5751 3 2 3 3 2517 2518 2527 2526
5752 3 2 3 3 2518 2519 2528 2527
5753 2 2 2 2 2223 2529 2520
5754 3 2 3 3 2519 2520 2529 2528
5755 2 2 3 3 2215 2521 2530
5756 3 2 3 3 2521 2522 2531 2530
5757 3 2 1 1 2530 2531 2216 2215
5758 3 2 3 3 2522 2523 2532 2531
5759 3 2 1 1 2531 2532 2217 2216
5760 3 2 3 3 2523 2524 2533 2532
5761 3 2 1 1 2532 2533 2218 2217
5762 3 2 3 3 2524 2525 2534 2533
5763 3 2 1 1 2533 2534 2219 2218
5764 3 2 3 3 2525 2526 2535 2534
5765 3 2 1 1 2534 2535 2220 2219
5766 3 2 3 3 2526 2527 2536 2535
5767 3 2 1 1 2535 2536 2221 2220
5768 3 2 3 3 2527 2528 2537 2536
5769 3 2 1 1 2536 2537 2222 2221
5770 2 2 2 2 2223 2538 2529
5771 3 2 3 3 2528 2529 2538 2537
5772 3 2 1 1 2537 2538 2223 2222
5773 3 2 3 3 2143 2224 2539 2458
5774 3 2 2 2 2466 2547 2232 2151
5775 3 2 3 3 2224 2233 2548 2539
5776 3 2 2 2 2547 2556 2241 2232
5777 3 2 3 3 2233 2242 2557 2548
5778 3 2 2 2 2556 2565 2250 2241
5779 3 2 3 3 2242 2251 2566 2557
5780 3 2 2 2 2565 2574 2259 2250
5781 3 2 3 3 2251 2260 2575 2566
5782 3 2 2 2 2574 2583 2268 2259
5783 3 2 3 3 2260 2269 2584 2575
5784 3 2 2 2 2583 2592 2277 2268
5785 3 2 3 3 2269 2278 2593 2584
5786 3 2 2 2 2592 2601 2286 2277
5787 3 2 3 3 2278 2287 2602 2593
5788 3 2 2 2 2601 2610 2295 2286
5789 3 2 3 3 2287 2296 2611 2602
5790 3 2 2 2 2610 2619 2304 2295
5791 3 2 3 3 2296 2305 2620 2611
5792 3 2 2 2 2619 2628 2313 2304
5793 3 2 3 3 2305 2314 2629 2620
5794 3 2 2 2 2628 2637 2322 2313
5795 3 2 3 3 2314 2323 2638 2629
5796 3 2 2 2 2637 2646 2331 2322
5797 3 2 3 3 2323 2332 2647 2638
5798 3 2 2 2 2646 2655 2340 2331
5799 3 2 3 3 2332 2341 2656 2647
5800 3 2 2 2 2655 2664 2349 2340
5801 3 2 3 3 2341 2350 2665 2656
5802 3 2 2 2 2664 2673 2358 2349
5803 3 2 3 3 2350 2359 2674 2665
5804 3 2 2 2 2673 2682 2367 2358
5805 3 2 3 3 2359 2368 2683 2674
5806 3 2 2 2 2682 2691 2376 2367
5807 3 2 3 3 2368 2377 2692 2683
5808 3 2 2 2 2691 2700 2385 2376
5809 3 2 3 3 2377 2386 2701 2692
5810 3 2 2 2 2700 2709 2394 2385
5811 3 2 3 3 2386 2395 2710 2701
5812 3 2 2 2 2709 2718 2403 2394
5813 3 2 3 3 2395 2404 2719 2710
5814 3 2 2 2 2718 2727 2412 2403
5815 3 2 3 3 2404 2413 2728 2719
5816 3 2 2 2 2727 2736 2421 2412
5817 3 2 3 3 2413 2422 2737 2728
5818 3 2 2 2 2736 2745 2430 2421
5819 3 2 3 3 2422 2431 2746 2737
5820 3 2 2 2 2745 2754 2439 2430
5821 3 2 3 3 2431 2440 2755 2746
5822 3 2 2 2 2754 2763 2448 2439
5823 3 2 4 4 2449 2450 2765 2764
5824 3 2 3 3 2440 2449 2764 2755
5825 3 2 4 4 2450 2451 2766 2765
5826 3 2 4 4 2451 2452 2767 2766
5827 3 2 4 4 2452 2453 2768 2767
5828 3 2 4 4 2453 2454 2769 2768
5829 3 2 4 4 2454 2455 2770 2769
5830 3 2 4 4 2455 2456 2771 2770
5831 3 2 4 4 2456 2457 2772 2771
5832 3 2 2 2 2763 2772 2457 2448
5833 2 2 3 3 2530 2458 2773
5834 3 2 3 3 2530 2531 2459 2458
5835 3 2 3 3 2531 2532 2460 2459
5836 3 2 3 3 2532 2533 2461 2460
5837 3 2 3 3 2533 2534 2462 2461
5838 3 2 3 3 2534 2535 2463 2462
5839 3 2 3 3 2535 2536 2464 2463
5840 3 2 3 3 2536 2537 2465 2464
5841 2 2 2 2 2538 2781 2466
5842 3 2 3 3 2537 2538 2466 2465
5843 2 2 3 3 2530 2773 2782
5844 3 2 3 3 2773 2774 2783 2782
5845 3 2 3 3 2774 2775 2784 2783
5846 3 2 3 3 2775 2776 2785 2784
5847 3 2 3 3 2776 2777 2786 2785
5848 3 2 3 3 2777 2778 2787 2786
5849 3 2 3 3 2778 2779 2788 2787
5850 3 2 3 3 2779 2780 2789 2788
5851 2 2 2 2 2538 2790 2781
5852 3 2 3 3 2780 2781 2790 2789
5853 2 2 3 3 2530 2782 2791
5854 3 2 3 3 2782 2783 2792 2791
5855 3 2 3 3 2783 2784 2793 2792
5856 3 2 3 3 2784 2785 2794 2793
5857 3 2 3 3 2785 2786 2795 2794
5858 3 2 3 3 2786 2787 2796 2795
5859 3 2 3 3 2787 2788 2797 2796
5860 3 2 3 3 2788 2789 2798 2797
5861 2 2 2 2 2538 2799 2790
5862 3 2 3 3 2789 2790 2799 2798
5863 2 2 3 3 2530 2791 2800
5864 3 2 3 3 2791 2792 2801 2800
5865 3 2 3 3 2792 2793 2802 2801
5866 3 2 3 3 2793 2794 2803 2802
5867 3 2 3 3 2794 2795 2804 2803
5868 3 2 3 3 2795 2796 2805 2804
5869 3 2 3 3 2796 2797 2806 2805
5870 3 2 3 3 2797 2798 2807 2806
5871 2 2 2 2 2538 2808 2799
5872 3 2 3 3 2798 2799 2808 2807
5873 2 2 3 3 2530 2800 2809
5874 3 2 3 3 2800 2801 2810 2809
5875 3 2 3 3 2801 2802 2811 2810
5876 3 2 3 3 2802 2803 2812 2811
5877 3 2 3 3 2803 2804 2813 2812
5878 3 2 3 3 2804 2805 2814 2813
5879 3 2 3 3 2805 2806 2815 2814
5880 3 2 3 3 2806 2807 2816 2815
5881 2 2 2 2 2538 2817 2808
5882 3 2 3 3 2807 2808 2817 2816
5883 2 2 3 3 2530 2809 2818
5884 3 2 3 3 2809 2810 2819 2818
5885 3 2 3 3 2810 2811 2820 2819
5886 3 2 3 3 2811 2812 2821 2820
5887 3 2 3 3 2812 2813 2822 2821
5888 3 2 3 3 2813 2814 2823 2822
5889 3 2 3 3 2814 2815 2824 2823
5890 3 2 3 3 2815 2816 2825 2824
5891 2 2 2 2 2538 2826 2817
5892 3 2 3 3 2816 2817 2826 2825
5893 2 2 3 3 2530 2818 2827
5894 3 2 3 3 2818 2819 2828 2827
5895 3 2 3 3 2819 2820 2829 2828
5896 3 2 3 3 2820 2821 2830 2829
5897 3 2 3 3 2821 2822 2831 2830
5898 3 2 3 3 2822 2823 2832 2831
5899 3 2 3 3 2823 2824 2833 2832
5900 3 2 3 3 2824 2825 2834 2833
5901 2 2 2 2 2538 2835 2826
5902 3 2 3 3 2825 2826 2835 2834
5903 2 2 3 3 2530 2827 2836
5904 3 2 3 3 2827 2828 2837 2836
5905 3 2 3 3 2828 2829 2838 2837
5906 3 2 3 3 2829 2830 2839 2838
5907 3 2 3 3 2830 2831 2840 2839
5908 3 2 3 3 2831 2832 2841 2840
5909 3 2 3 3 2832 2833 2842 2841
5910 3 2 3 3 2833 2834 2843 2842
5911 2 2 2 2 2538 2844 2835
5912 3 2 3 3 2834 2835 2844 2843
5913 2 2 3 3 2530 2836 2845
5914 3 2 3 3 2836 2837 2846 2845
5915 3 2 1 1 2845 2846 2531 2530
5916 3 2 3 3 2837 2838 2847 2846
5917 3 2 1 1 2846 2847 2532 2531
5918 3 2 3 3 2838 2839 2848 2847
5919 3 2 1 1 2847 2848 2533 2532
5920 3 2 3 3 2839 2840 2849 2848
5921 3 2 1 1 2848 2849 2534 2533
5922 3 2 3 3 2840 2841 2850 2849
5923 3 2 1 1 2849 2850 2535 2534
5924 3 2 3 3 2841 2842 2851 2850
5925 3 2 1 1 2850 2851 2536 2535
5926 3 2 3 3 2842 2843 2852 2851
5927 3 2 1 1 2851 2852 2537 2536
5928 2 2 2 2 2538 2853 2844
5929 3 2 3 3 2843 2844 2853 2852
5930 3 2 1 1 2852 2853 2538 2537
5931 3 2 3 3 2458 2539 2854 2773
5932 3 2 2 2 2781 2862 2547 2466
5933 3 2 3 3 2539 2548 2863 2854
5934 3 2 2 2 2862 2871 2556 2547
5935 3 2 3 3 2548 2557 2872 2863
5936 3 2 2 2 2871 2880 2565 2556
5937 3 2 3 3 2557 2566 2881 2872
5938 3 2 2 2 2880 2889 2574 2565
5939 3 2 3 3 2566 2575 2890 2881
5940 3 2 2 2 2889 2898 2583 2574
5941 3 2 3 3 2575 2584 2899 2890
5942 3 2 2 2 2898 2907 2592 2583
5943 3 2 3 3 2584 2593 2908 2899
5944 3 2 2 2 2907 2916 2601 2592
5945 3 2 3 3 2593 2602 2917 2908
5946 3 2 2 2 2916 2925 2610 2601
5947 3 2 3 3 2602 2611 2926 2917
5948 3 2 2 2 2925 2934 2619 2610
5949 3 2 3 3 2611 2620 2935 2926
5950 3 2 2 2 2934 2943 2628 2619
5951 3 2 3 3 2620 2629 2944 2935
5952 3 2 2 2 2943 2952 2637 2628
5953 3 2 3 3 2629 2638 2953 2944
5954 3 2 2 2 2952 2961 2646 2637
5955 3 2 3 3 2638 2647 2962 2953
5956 3 2 2 2 2961 2970 2655 2646
5957 3 2 3 3 2647 2656 2971 2962
5958 3 2 2 2 2970 2979 2664 2655
5959 3 2 3 3 2656 2665 2980 2971
5960 3 2 2 2 2979 2988 2673 2664
5961 3 2 3 3 2665 2674 2989 2980
5962 3 2 2 2 2988 2997 2682 2673
5963 3 2 3 3 2674 2683 2998 2989
5964 3 2 2 2 2997 3006 2691 2682
5965 3 2 3 3 2683 2692 3007 2998
5966 3 2 2 2 3006 3015 2700 2691
5967 3 2 3 3 2692 2701 3016 3007
5968 3 2 2 2 3015 3024 2709 2700
5969 3 2 3 3 2701 2710 3025 3016
5970 3 2 2 2 3024 3033 2718 2709
5971 3 2 3 3 2710 2719 3034 3025
5972 3 2 2 2 3033 3042 2727 2718
5973 3 2 3 3 2719 2728 3043 3034
5974 3 2 2 2 3042 3051 2736 2727
5975 3 2 3 3 2728 2737 3052 3043
5976 3 2 2 2 3051 3060 2745 2736
5977 3 2 3 3 2737 2746 3061 3052
5978 3 2 2 2 3060 3069 2754 2745
5979 3 2 3 3 2746 2755 3070 3061
5980 3 2 2 2 3069 3078 2763 2754
5981 3 2 4 4 2764 2765 3080 3079
5982 3 2 3 3 2755 2764 3079 3070
5983 3 2 4 4 2765 2766 3081 3080
5984 3 2 4 4 2766 2767 3082 3081
5985 3 2 4 4 2767 2768 3083 3082
5986 3 2 4 4 2768 2769 3084 3083
5987 3 2 4 4 2769 2770 3085 3084
5988 3 2 4 4 2770 2771 3086 3085
5989 3 2 4 4 2771 2772 3087 3086
5990 3 2 2 2 3078 3087 2772 2763
5991 2 2 3 3 2845 2773 3088
5992 3 2 3 3 2845 2846 2774 2773
5993 3 2 3 3 2846 2847 2775 2774
5994 3 2 3 3 2847 2848 2776 2775
5995 3 2 3 3 2848 2849 2777 2776
5996 3 2 3 3 2849 2850 2778 2777
5997 3 2 3 3 2850 2851 2779 2778
5998 3 2 3 3 2851 2852 2780 2779
5999 2 2 2 2 2853 3096 2781
6000 3 2 3 3 2852 2853 2781 2780
6001 2 2 3 3 2845 3088 3097
6002 3 2 3 3 3088 3089 3098 3097
6003 3 2 3 3 3089 3090 3099 3098
6004 3 2 3 3 3090 3091 3100 3099
6005 3 2 3 3 3091 3092 3101 3100
6006 3 2 3 3 3092 3093 3102 3101
6007 3 2 3 3 3093 3094 3103 3102
6008 3 2 3 3 3094 3095 3104 3103
6009 2 2 2 2 2853 3105 3096
6010 3 2 3 3 3095 3096 3105 3104
6011 2 2 3 3 2845 3097 3106
6012 3 2 3 3 3097 3098 3107 3106
6013 3 2 3 3 3098 3099 3108 3107
6014 3 2 3 3 3099 3100 3109 3108
6015 3 2 3 3 3100 3101 3110 3109
6016 3 2 3 3 3101 3102 3111 3110
6017 3 2 3 3 3102 3103 3112 3111
6018 3 2 3 3 3103 3104 3113 3112
6019 2 2 2 2 2853 3114 3105
6020 3 2 3 3 3104 3105 3114 3113
6021 2 2 3 3 2845 3106 3115
6022 3 2 3 3 3106 3107 3116 3115
6023 3 2 3 3 3107 3108 3117 3116
6024 3 2 3 3 3108 3109 3118 3117
6025 3 2 3 3 3109 3110 3119 3118
6026 3 2 3 3 3110 3111 3120 3119
6027 3 2 3 3 3111 3112 3121 3120
6028 3 2 3 3 3112 3113 3122 3121
6029 2 2 2 2 2853 3123 3114
6030 3 2 3 3 3113 3114 3123 3122
6031 2 2 3 3 2845 3115 3124
6032 3 2 3 3 3115 3116 3125 3124
6033 3 2 3 3 3116 3117 3126 3125
6034 3 2 3 3 3117 3118 3127 3126
6035 3 2 3 3 3118 3119 3128 3127
6036 3 2 3 3 3119 3120 3129 3128
6037 3 2 3 3 3120 3121 3130 3129
6038 3 2 3 3 3121 3122 3131 3130
6039 2 2 2 2 2853 3132 3123
6040 3 2 3 3 3122 3123 3132 3131
6041 2 2 3 3 2845 3124 3133
6042 3 2 3 3 3124 3125 3134 3133
6043 3 2 3 3 3125 3126 3135 3134
6044 3 2 3 3 3126 3127 3136 3135
6045 3 2 3 3 3127 3128 3137 3136
6046 3 2 3 3 3128 3129 3138 3137
6047 3 2 3 3 3129 3130 3139 3138
6048 3 2 3 3 3130 3131 3140 3139
6049 2 2 2 2 2853 3141 3132
6050 3 2 3 3 3131 3132 3141 3140
6051 2 2 3 3 2845 3133 3142
6052 3 2 3 3 3133 3134 3143 3142
6053 3 2 3 3 3134 3135 3144 3143
6054 3 2 3 3 3135 3136 3145 3144
6055 3 2 3 3 3136 3137 3146 3145
6056 3 2 3 3 3137 3138 3147 3146
6057 3 2 3 3 3138 3139 3148 3147
6058 3 2 3 3 3139 3140 3149 3148
6059 2 2 2 2 2853 3150 3141
6060 3 2 3 3 3140 3141 3150 3149
6061 2 2 3 3 2845 3142 3151
6062 3 2 3 3 3142 3143 3152 3151
6063 3 2 3 3 3143 3144 3153 3152
6064 3 2 3 3 3144 3145 3154 3153
6065 3 2 3 3 3145 3146 3155 3154
6066 3 2 3 3 3146 3147 3156 3155
6067 3 2 3 3 3147 3148 3157 3156
6068 3 2 3 3 3148 3149 3158 3157
6069 2 2 2 2 2853 3159 3150
6070 3 2 3 3 3149 3150 3159 3158
6071 2 2 3 3 2845 3151 3160
6072 3 2 3 3 3151 3152 3161 3160
6073 3 2 1 1 3160 3161 2846 2845
6074 3 2 3 3 3152 3153 3162 3161
6075 3 2 1 1 3161 3162 2847 2846
6076 3 2 3 3 3153 3154 3163 3162
6077 3 2 1 1 3162 3163 2848 2847
6078 3 2 3 3 3154 3155 3164 3163
6079 3 2 1 1 3163 3164 2849 2848
6080 3 2 3 3 3155 3156 3165 3164
6081 3 2 1 1 3164 3165 2850 2849
6082 3 2 3 3 3156 3157 3166 3165
6083 3 2 1 1 3165 3166 2851 2850
6084 3 2 3 3 3157 3158 3167 3166
6085 3 2 1 1 3166 3167 2852 2851
6086 2 2 2 2 2853 3168 3159
6087 3 2 3 3 3158 3159 3168 3167
6088 3 2 1 1 3167 3168 2853 2852
6089 3 2 3 3 2773 2854 3169 3088
6090 3 2 2 2 3096 3177 2862 2781
6091 3 2 3 3 2854 2863 3178 3169
6092 3 2 2 2 3177 3186 2871 2862
6093 3 2 3 3 2863 2872 3187 3178
6094 3 2 2 2 3186 3195 2880 2871
6095 3 2 3 3 2872 2881 3196 3187
6096 3 2 2 2 3195 3204 2889 2880
6097 3 2 3 3 2881 2890 3205 3196
6098 3 2 2 2 3204 3213 2898 2889
6099 3 2 3 3 2890 2899 3214 3205
6100 3 2 2 2 3213 3222 2907 2898
6101 3 2 3 3 2899 2908 3223 3214
6102 3 2 2 2 3222 3231 2916 2907
6103 3 2 3 3 2908 2917 3232 3223
6104 3 2 2 2 3231 3240 2925 2916
6105 3 2 3 3 2917 2926 3241 3232
6106 3 2 2 2 3240 3249 2934 2925
6107 3 2 3 3 2926 2935 3250 3241
6108 3 2 2 2 3249 3258 2943 2934
6109 3 2 3 3 2935 2944 3259 3250
6110 3 2 2 2 3258 3267 2952 2943
6111 3 2 3 3 2944 2953 3268 3259
6112 3 2 2 2 3267 3276 2961 2952
6113 3 2 3 3 2953 2962 3277 3268
6114 3 2 2 2 3276 3285 2970 2961
6115 3 2 3 3 2962 2971 3286 3277
6116 3 2 2 2 3285 3294 2979 2970
6117 3 2 3 3 2971 2980 3295 3286
6118 3 2 2 2 3294 3303 2988 2979
6119 3 2 3 3 2980 2989 3304 3295
6120 3 2 2 2 3303 3312 2997 2988
6121 3 2 3 3 2989 2998 3313 3304
6122 3 2 2 2 3312 3321 3006 2997
6123 3 2 3 3 2998 3007 3322 3313
6124 3 2 2 2 3321 3330 3015 3006
6125 3 2 3 3 3007 3016 3331 3322
6126 3 2 2 2 3330 3339 3024 3015
6127 3 2 3 3 3016 3025 3340 3331
6128 3 2 2 2 3339 3348 3033 3024
6129 3 2 3 3 3025 3034 3349 3340
6130 3 2 2 2 3348 3357 3042 3033
6131 3 2 3 3 3034 3043 3358 3349
6132 3 2 2 2 3357 3366 3051 3042
6133 3 2 3 3 3043 3052 3367 3358
6134 3 2 2 2 3366 3375 3060 3051
6135 3 2 3 3 3052 3061 3376 3367
6136 3 2 2 2 3375 3384 3069 3060
6137 3 2 3 3 3061 3070 3385 3376
6138 3 2 2 2 3384 3393 3078 3069
6139 3 2 4 4 3079 3080 3395 3394
6140 3 2 3 3 3070 3079 3394 3385
6141 3 2 4 4 3080 3081 3396 3395
6142 3 2 4 4 3081 3082 3397 3396
6143 3 2 4 4 3082 3083 3398 3397
6144 3 2 4 4 3083 3084 3399 3398
6145 3 2 4 4 3084 3085 3400 3399
6146 3 2 4 4 3085 3086 3401 3400
6147 3 2 4 4 3086 3087 3402 3401
6148 3 2 2 2 3393 3402 3087 3078
6149 2 2 3 3 3160 3088 3403
6150 3 2 3 3 3160 3161 3089 3088
6151 3 2 3 3 3161 3162 3090 3089
6152 3 2 3 3 3162 3163 3091 3090
6153 3 2 3 3 3163 3164 3092 3091
6154 3 2 3 3 3164 3165 3093 3092
6155 3 2 3 3 3165 3166 3094 3093
6156 3 2 3 3 3166 3167 3095 3094
6157 2 2 2 2 3168 3411 3096
6158 3 2 3 3 3167 3168 3096 3095
6159 2 2 3 3 3160 3403 3412
6160 3 2 3 3 3403 3404 3413 3412
6161 3 2 3 3 3404 3405 3414 3413
6162 3 2 3 3 3405 3406 3415 3414
6163 3 2 3 3 3406 3407 3416 3415
6164 3 2 3 3 3407 3408 3417 3416
6165 3 2 3 3 3408 3409 3418 3417
6166 3 2 3 3 3409 3410 3419 3418
6167 2 2 2 2 3168 3420 3411
6168 3 2 3 3 3410 3411 3420 3419
6169 2 2 3 3 3160 3412 3421
6170 3 2 3 3 3412 3413 3422 3421
6171 3 2 3 3 3413 3414 3423 3422
6172 3 2 3 3 3414 3415 3424 3423
6173 3 2 3 3 3415 3416 3425 3424
6174 3 2 3 3 3416 3417 3426 3425
6175 3 2 3 3 3417 3418 3427 3426
6176 3 2 3 3 3418 3419 3428 3427
6177 2 2 2 2 3168 3429 3420
6178 3 2 3 3 3419 3420 3429 3428
6179 2 2 3 3 3160 3421 3430
6180 3 2 3 3 3421 3422 3431 3430
6181 3 2 3 3 3422 3423 3432 3431
6182 3 2 3 3 3423 3424 3433 3432
6183 3 2 3 3 3424 3425 3434 3433
6184 3 2 3 3 3425 3426 3435 3434
6185 3 2 3 3 3426 3427 3436 3435
6186 3 2 3 3 3427 3428 3437 3436
6187 2 2 2 2 3168 3438 3429
6188 3 2 3 3 3428 3429 3438 3437
6189 2 2 3 3 3160 3430 3439
6190 3 2 3 3 3430 3431 3440 3439
6191 3 2 3 3 3431 3432 3441 3440
6192 3 2 3 3 3432 3433 3442 3441
6193 3 2 3 3 3433 3434 3443 3442
6194 3 2 3 3 3434 3435 3444 3443
6195 3 2 3 3 3435 3436 3445 3444
6196 3 2 3 3 3436 3437 3446 3445
6197 2 2 2 2 3168 3447 3438
6198 3 2 3 3 3437 3438 3447 3446
6199 2 2 3 3 3160 3439 3448
6200 3 2 3 3 3439 3440 3449 3448
6201 3 2 3 3 3440 3441 3450 3449
6202 3 2 3 3 3441 3442 3451 3450
6203 3 2 3 3 3442 3443 3452 3451
6204 3 2 3 3 3443 3444 3453 3452
6205 3 2 3 3 3444 3445 3454 3453
6206 3 2 3 3 3445 3446 3455 3454
6207 2 2 2 2 3168 3456 3447
6208 3 2 3 3 3446 3447 3456 3455
6209 2 2 3 3 3160 3448 3457
6210 3 2 3 3 3448 3449 3458 3457
6211 3 2 3 3 3449 3450 3459 3458
6212 3 2 3 3 3450 3451 3460 3459
6213 3 2 3 3 3451 3452 3461 3460
6214 3 2 3 3 3452 3453 3462 3461
6215 3 2 3 3 3453 3454 3463 3462
6216 3 2 3 3 3454 3455 3464 3463
6217 2 2 2 2 3168 3465 3456
6218 3 2 3 3 3455 3456 3465 3464
6219 2 2 3 3 3160 3457 3466
6220 3 2 3 3 3457 3458 3467 3466
6221 3 2 3 3 3458 3459 3468 3467
6222 3 2 3 3 3459 3460 3469 3468
6223 3 2 3 3 3460 3461 3470 3469
6224 3 2 3 3 3461 3462 3471 3470
6225 3 2 3 3 3462 3463 3472 3471
6226 3 2 3 3 3463 3464 3473 3472
6227 2 2 2 2 3168 3474 3465
6228 3 2 3 3 3464 3465 3474 3473
6229 2 2 3 3 3160 3466 3475
6230 3 2 3 3 3466 3467 3476 3475
6231 3 2 1 1 3475 3476 3161 3160
6232 3 2 3 3 3467 3468 3477 3476
6233 3 2 1 1 3476 3477 3162 3161
6234 3 2 3 3 3468 3469 3478 3477
6235 3 2 1 1 3477 3478 3163 3162
6236 3 2 3 3 3469 3470 3479 3478
6237 3 2 1 1 3478 3479 3164 3163
6238 3 2 3 3 3470 3471 3480 3479
6239 3 2 1 1 3479 3480 3165 3164
6240 3 2 3 3 3471 3472 3481 3480
6241 3 2 1 1 3480 3481 3166 3165
6242 3 2 3 3 3472 3473 3482 3481
6243 3 2 1 1 3481 3482 3167 3166
6244 2 2 2 2 3168 3483 3474
6245 3 2 3 3 3473 3474 3483 3482
6246 3 2 1 1 3482 3483 3168 3167
6247 3 2 3 3 3088 3169 3484 3403
6248 3 2 2 2 3411 3492 3177 3096
6249 3 2 3 3 3169 3178 3493 3484
6250 3 2 2 2 3492 3501 3186 3177
6251 3 2 3 3 3178 3187 3502 3493
6252 3 2 2 2 3501 3510 3195 3186
6253 3 2 3 3 3187 3196 3511 3502
6254 3 2 2 2 3510 3519 3204 3195
6255 3 2 3 3 3196 3205 3520 3511
6256 3 2 2 2 3519 3528 3213 3204
6257 3 2 3 3 3205 3214 3529 3520
6258 3 2 2 2 3528 3537 3222 3213
6259 3 2 3 3 3214 3223 3538 3529
6260 3 2 2 2 3537 3546 3231 3222
6261 3 2 3 3 3223 3232 3547 3538
6262 3 2 2 2 3546 3555 3240 3231
6263 3 2 3 3 3232 3241 3556 3547
6264 3 2 2 2 3555 3564 3249 3240
6265 3 2 3 3 3241 3250 3565 3556
6266 3 2 2 2 3564 3573 3258 3249
6267 3 2 3 3 3250 3259 3574 3565
6268 3 2 2 2 3573 3582 3267 3258
6269 3 2 3 3 3259 3268 3583 3574
6270 3 2 2 2 3582 3591 3276 3267
6271 3 2 3 3 3268 3277 3592 3583
6272 3 2 2 2 3591 3600 3285 3276
6273 3 2 3 3 3277 3286 3601 3592
6274 3 2 2 2 3600 3609 3294 3285
6275 3 2 3 3 3286 3295 3610 3601
6276 3 2 2 2 3609 3618 3303 3294
6277 3 2 3 3 3295 3304 3619 3610
6278 3 2 2 2 3618 3627 3312 3303
6279 3 2 3 3 3304 3313 3628 3619
6280 3 2 2 2 3627 3636 3321 3312
6281 3 2 3 3 3313 3322 3637 3628
6282 3 2 2 2 3636 3645 3330 3321
6283 3 2 3 3 3322 3331 3646 3637
6284 3 2 2 2 3645 3654 3339 3330
6285 3 2 3 3 3331 3340 3655 3646
6286 3 2 2 2 3654 3663 3348 3339
6287 3 2 3 3 3340 3349 3664 3655
6288 3 2 2 2 3663 3672 3357 3348
6289 3 2 3 3 3349 3358 3673 3664
6290 3 2 2 2 3672 3681 3366 3357
6291 3 2 3 3 3358 3367 3682 3673
6292 3 2 2 2 3681 3690 3375 3366
6293 3 2 3 3 3367 3376 3691 3682
6294 3 2 2 2 3690 3699 3384 3375
6295 3 2 3 3 3376 3385 3700 3691
6296 3 2 2 2 3699 3708 3393 3384
6297 3 2 4 4 3394 3395 3710 3709
6298 3 2 3 3 3385 3394 3709 3700
6299 3 2 4 4 3395 3396 3711 3710
6300 3 2 4 4 3396 3397 3712 3711
6301 3 2 4 4 3397 3398 3713 3712
6302 3 2 4 4 3398 3399 3714 3713
6303 3 2 4 4 3399 3400 3715 3714
6304 3 2 4 4 3400 3401 3716 3715
6305 3 2 4 4 3401 3402 3717 3716
6306 3 2 2 2 3708 3717 3402 3393
6307 2 2 3 3 3475 3403 3718
6308 3 2 3 3 3475 3476 3404 3403
6309 3 2 3 3 3476 3477 3405 3404
6310 3 2 3 3 3477 3478 3406 3405
6311 3 2 3 3 3478 3479 3407 3406
6312 3 2 3 3 3479 3480 3408 3407
6313 3 2 3 3 3480 3481 3409 3408
6314 3 2 3 3 3481 3482 3410 3409
6315 2 2 2 2 3483 3726 3411
6316 3 2 3 3 3482 3483 3411 3410
6317 2 2 3 3 3475 3718 3727
6318 3 2 3 3 3718 3719 3728 3727
6319 3 2 3 3 3719 3720 3729 3728
6320 3 2 3 3 3720 3721 3730 3729
6321 3 2 3 3 3721 3722 3731 3730
6322 3 2 3 3 3722 3723 3732 3731
6323 3 2 3 3 3723 3724 3733 3732
6324 3 2 3 3 3724 3725 3734 3733
6325 2 2 2 2 3483 3735 3726
6326 3 2 3 3 3725 3726 3735 3734
6327 2 2 3 3 3475 3727 3736
6328 3 2 3 3 3727 3728 3737 3736
6329 3 2 3 3 3728 3729 3738 3737
6330 3 2 3 3 3729 3730 3739 3738
6331 3 2 3 3 3730 3731 3740 3739
6332 3 2 3 3 3731 3732 3741 3740
6333 3 2 3 3 3732 3733 3742 3741
6334 3 2 3 3 3733 3734 3743 3742
6335 2 2 2 2 3483 3744 3735
6336 3 2 3 3 3734 3735 3744 3743
6337 2 2 3 3 3475 3736 3745
6338 3 2 3 3 3736 3737 3746 3745
6339 3 2 3 3 3737 3738 3747 3746
6340 3 2 3 3 3738 3739 3748 3747
6341 3 2 3 3 3739 3740 3749 3748
6342 3 2 3 3 3740 3741 3750 3749
6343 3 2 3 3 3741 3742 3751 3750
6344 3 2 3 3 3742 3743 3752 3751
6345 2 2 2 2 3483 3753 3744
6346 3 2 3 3 3743 3744 3753 3752
6347 2 2 3 3 3475 3745 3754
6348 3 2 3 3 3745 3746 3755 3754
6349 3 2 3 3 3746 3747 3756 3755
6350 3 2 3 3 3747 3748 3757 3756
6351 3 2 3 3 3748 3749 3758 3757
6352 3 2 3 3 3749 3750 3759 3758
6353 3 2 3 3 3750 3751 3760 3759
6354 3 2 3 3 3751 3752 3761 3760
6355 2 2 2 2 3483 3762 3753
6356 3 2 3 3 3752 3753 3762 3761
6357 2 2 3 3 3475 3754 3763
6358 3 2 3 3 3754 3755 3764 3763
6359 3 2 3 3 3755 3756 3765 3764
6360 3 2 3 3 3756 3757 3766 3765
6361 3 2 3 3 3757 3758 3767 3766
6362 3 2 3 3 3758 3759 3768 3767
6363 3 2 3 3 3759 3760 3769 3768
6364 3 2 3 3 3760 3761 3770 3769
6365 2 2 2 2 3483 3771 3762
6366 3 2 3 3 3761 3762 3771 3770
6367 2 2 3 3 3475 3763 3772
6368 3 2 3 3 3763 3764 3773 3772
6369 3 2 3 3 3764 3765 3774 3773
6370 3 2 3 3 3765 3766 3775 3774
6371 3 2 3 3 3766 3767 3776 3775
6372 3 2 3 3 3767 3768 3777 3776
6373 3 2 3 3 3768 3769 3778 3777
6374 3 2 3 3 3769 3770 3779 3778
6375 2 2 2 2 3483 3780 3771
6376 3 2 3 3 3770 3771 3780 3779
6377 2 2 3 3 3475 3772 3781
6378 3 2 3 3 3772 3773 3782 3781
6379 3 2 3 3 3773 3774 3783 3782
6380 3 2 3 3 3774 3775 3784 3783
6381 3 2 3 3 3775 3776 3785 3784
6382 3 2 3 3 3776 3777 3786 3785
6383 3 2 3 3 3777 3778 3787 3786
6384 3 2 3 3 3778 3779 3788 3787
6385 2 2 2 2 3483 3789 3780
6386 3 2 3 3 3779 3780 3789 3788
6387 2 2 3 3 3475 3781 3790
6388 3 2 3 3 3781 3782 3791 3790
6389 3 2 1 1 3790 3791 3476 3475
6390 3 2 3 3 3782 3783 3792 3791
6391 3 2 1 1 3791 3792 3477 3476
6392 3 2 3 3 3783 3784 3793 3792
6393 3 2 1 1 3792 3793 3478 3477
6394 3 2 3 3 3784 3785 3794 3793
6395 3 2 1 1 3793 3794 3479 3478
6396 3 2 3 3 3785 3786 3795 3794
6397 3 2 1 1 3794 3795 3480 3479
6398 3 2 3 3 3786 3787 3796 3795
6399 3 2 1 1 3795 3796 3481 3480
6400 3 2 3 3 3787 3788 3797 3796
6401 3 2 1 1 3796 3797 3482 3481
6402 2 2 2 2 3483 3798 3789
6403 3 2 3 3 3788 3789 3798 3797
6404 3 2 1 1 3797 3798 3483 3482
6405 3 2 3 3 3403 3484 3799 3718
6406 3 2 2 2 3726 3807 3492 3411
6407 3 2 3 3 3484 3493 3808 3799
6408 3 2 2 2 3807 3816 3501 3492
6409 3 2 3 3 3493 3502 3817 3808
6410 3 2 2 2 3816 3825 3510 3501
6411 3 2 3 3 3502 3511 3826 3817
6412 3 2 2 2 3825 3834 3519 3510
6413 3 2 3 3 3511 3520 3835 3826
6414 3 2 2 2 3834 3843 3528 3519
6415 3 2 3 3 3520 3529 3844 3835
6416 3 2 2 2 3843 3852 3537 3528
6417 3 2 3 3 3529 3538 3853 3844
6418 3 2 2 2 3852 3861 3546 3537
6419 3 2 3 3 3538 3547 3862 3853
6420 3 2 2 2 3861 3870 3555 3546
6421 3 2 3 3 3547 3556 3871 3862
6422 3 2 2 2 3870 3879 3564 3555
6423 3 2 3 3 3556 3565 3880 3871
6424 3 2 2 2 3879 3888 3573 3564
6425 3 2 3 3 3565 3574 3889 3880
6426 3 2 2 2 3888 3897 3582 3573
6427 3 2 3 3 3574 3583 3898 3889
6428 3 2 2 2 3897 3906 3591 3582
6429 3 2 3 3 3583 3592 3907 3898
6430 3 2 2 2 3906 3915 3600 3591
6431 3 2 3 3 3592 3601 3916 3907
6432 3 2 2 2 3915 3924 3609 3600
6433 3 2 3 3 3601 3610 3925 3916
6434 3 2 2 2 3924 3933 3618 3609
6435 3 2 3 3 3610 3619 3934 3925
6436 3 2 2 2 3933 3942 3627 3618
6437 3 2 3 3 3619 3628 3943 3934
6438 3 2 2 2 3942 3951 3636 3627
6439 3 2 3 3 3628 3637 3952 3943
6440 3 2 2 2 3951 3960 3645 3636
6441 3 2 3 3 3637 3646 3961 3952
6442 3 2 2 2 3960 3969 3654 3645
6443 3 2 3 3 3646 3655 3970 3961
6444 3 2 2 2 3969 3978 3663 3654
6445 3 2 3 3 3655 3664 3979 3970
6446 3 2 2 2 3978 3987 3672 3663
6447 3 2 3 3 3664 3673 3988 3979
6448 3 2 2 2 3987 3996 3681 3672
6449 3 2 3 3 3673 3682 3997 3988
6450 3 2 2 2 3996 4005 3690 3681
6451 3 2 3 3 3682 3691 4006 3997
6452 3 2 2 2 4005 4014 3699 3690
6453 3 2 3 3 3691 3700 4015 4006
6454 3 2 2 2 4014 4023 3708 3699
6455 3 2 4 4 3709 3710 4025 4024
6456 3 2 3 3 3700 3709 4024 4015
6457 3 2 4 4 3710 3711 4026 4025
6458 3 2 4 4 3711 3712 4027 4026
6459 3 2 4 4 3712 3713 4028 4027
6460 3 2 4 4 3713 3714 4029 4028
6461 3 2 4 4 3714 3715 4030 4029
6462 3 2 4 4 3715 3716 4031 4030
6463 3 2 4 4 3716 3717 4032 4031
6464 3 2 2 2 4023 4032 3717 3708
6465 2 2 3 3 3790 3718 4033
6466 3 2 3 3 3790 3791 3719 3718
6467 3 2 3 3 3791 3792 3720 3719
6468 3 2 3 3 3792 3793 3721 3720
6469 3 2 3 3 3793 3794 3722 3721
6470 3 2 3 3 3794 3795 3723 3722
6471 3 2 3 3 3795 3796 3724 3723
6472 3 2 3 3 3796 3797 3725 3724
6473 2 2 2 2 3798 4041 3726
6474 3 2 3 3 3797 3798 3726 3725
6475 2 2 3 3 3790 4033 4042
6476 3 2 3 3 4033 4034 4043 4042
6477 3 2 3 3 4034 4035 4044 4043
6478 3 2 3 3 4035 4036 4045 4044
6479 3 2 3 3 4036 4037 4046 4045
6480 3 2 3 3 4037 4038 4047 4046
6481 3 2 3 3 4038 4039 4048 4047
6482 3 2 3 3 4039 4040 4049 4048
6483 2 2 2 2 3798 4050 4041
6484 3 2 3 3 4040 4041 4050 4049
6485 2 2 3 3 3790 4042 4051
6486 3 2 3 3 4042 4043 4052 4051
6487 3 2 3 3 4043 4044 4053 4052
6488 3 2 3 3 4044 4045 4054 4053
6489 3 2 3 3 4045 4046 4055 4054
6490 3 2 3 3 4046 4047 4056 4055
6491 3 2 3 3 4047 4048 4057 4056
6492 3 2 3 3 4048 4049 4058 4057
6493 2 2 2 2 3798 4059 4050
6494 3 2 3 3 4049 4050 4059 4058
6495 2 2 3 3 3790 4051 4060
6496 3 2 3 3 4051 4052 4061 4060
6497 3 2 3 3 4052 4053 4062 4061
6498 3 2 3 3 4053 4054 4063 4062
6499 3 2 3 3 4054 4055 4064 4063
6500 3 2 3 3 4055 4056 4065 4064
6501 3 2 3 3 4056 4057 4066 4065
6502 3 2 3 3 4057 4058 4067 4066
6503 2 2 2 2 3798 4068 4059
6504 3 2 3 3 4058 4059 4068 4067
6505 2 2 3 3 3790 4060 4069
6506 3 2 3 3 4060 4061 4070 4069
6507 3 2 3 3 4061 4062 4071 4070
6508 3 2 3 3 4062 4063 4072 4071
6509 3 2 3 3 4063 4064 4073 4072
6510 3 2 3 3 4064 4065 4074 4073
6511 3 2 3 3 4065 4066 4075 4074
6512 3 2 3 3 4066 4067 4076 4075
6513 2 2 2 2 3798 4077 4068
6514 3 2 3 3 4067 4068 4077 4076
6515 2 2 3 3 3790 4069 4078
6516 3 2 3 3 4069 4070 4079 4078
6517 3 2 3 3 4070 4071 4080 4079
6518 3 2 3 3 4071 4072 4081 4080
6519 3 2 3 3 4072 4073 4082 4081
6520 3 2 3 3 4073 4074 4083 4082
6521 3 2 3 3 4074 4075 4084 4083
6522 3 2 3 3 4075 4076 4085 4084
6523 2 2 2 2 3798 4086 4077
6524 3 2 3 3 4076 4077 4086 4085
6525 2 2 3 3 3790 4078 4087
6526 3 2 3 3 4078 4079 4088 4087
6527 3 2 3 3 4079 4080 4089 4088
6528 3 2 3 3 4080 4081 4090 4089
6529 3 2 3 3 4081 4082 4091 4090
6530 3 2 3 3 4082 4083 4092 4091
6531 3 2 3 3 4083 4084 4093 4092
6532 3 2 3 3 4084 4085 4094 4093
6533 2 2 2 2 3798 4095 4086
6534 3 2 3 3 4085 4086 4095 4094
6535 2 2 3 3 3790 4087 4096
6536 3 2 3 3 4087 4088 4097 4096
6537 3 2 3 3 4088 4089 4098 4097
6538 3 2 3 3 4089 4090 4099 4098
6539 3 2 3 3 4090 4091 4100 4099
6540 3 2 3 3 4091 4092 4101 4100
6541 3 2 3 3 4092 4093 4102 4101
6542 3 2 3 3 4093 4094 4103 4102
6543 2 2 2 2 3798 4104 4095
6544 3 2 3 3 4094 4095 4104 4103
6545 2 2 3 3 3790 4096 4105
6546 3 2 3 3 4096 4097 4106 4105
6547 3 2 1 1 4105 4106 3791 3790
6548 3 2 3 3 4097 4098 4107 4106
6549 3 2 1 1 4106 4107 3792 3791
6550 3 2 3 3 4098 4099 4108 4107
6551 3 2 1 1 4107 4108 3793 3792
6552 3 2 3 3 4099 4100 4109 4108
6553 3 2 1 1 4108 4109 3794 3793
6554 3 2 3 3 4100 4101 4110 4109
6555 3 2 1 1 4109 4110 3795 3794
6556 3 2 3 3 4101 4102 4111 4110
6557 3 2 1 1 4110 4111 3796 3795
6558 3 2 3 3 4102 4103 4112 4111
6559 3 2 1 1 4111 4112 3797 3796
6560 2 2 2 2 3798 4113 4104
6561 3 2 3 3 4103 4104 4113 4112
6562 3 2 1 1 4112 4113 3798 3797
6563 3 2 3 3 3718 3799 4114 4033
6564 3 2 2 2 4041 4122 3807 3726
6565 3 2 3 3 3799 3808 4123 4114
6566 3 2 2 2 4122 4131 3816 3807
6567 3 2 3 3 3808 3817 4132 4123
6568 3 2 2 2 4131 4140 3825 3816
6569 3 2 3 3 3817 3826 4141 4132
6570 3 2 2 2 4140 4149 3834 3825
6571 3 2 3 3 3826 3835 4150 4141
6572 3 2 2 2 4149 4158 3843 3834
6573 3 2 3 3 3835 3844 4159 4150
6574 3 2 2 2 4158 4167 3852 3843
6575 3 2 3 3 3844 3853 4168 4159
6576 3 2 2 2 4167 4176 3861 3852
6577 3 2 3 3 3853 3862 4177 4168
6578 3 2 2 2 4176 4185 3870 3861
6579 3 2 3 3 3862 3871 4186 4177
6580 3 2 2 2 4185 4194 3879 3870
6581 3 2 3 3 3871 3880 4195 4186
6582 3 2 2 2 4194 4203 3888 3879
6583 3 2 3 3 3880 3889 4204 4195
6584 3 2 2 2 4203 4212 3897 3888
6585 3 2 3 3 3889 3898 4213 4204
6586 3 2 2 2 4212 4221 3906 3897
6587 3 2 3 3 3898 3907 4222 4213
6588 3 2 2 2 4221 4230 3915 3906
6589 3 2 3 3 3907 3916 4231 4222
6590 3 2 2 2 4230 4239 3924 3915
6591 3 2 3 3 3916 3925 4240 4231
6592 3 2 2 2 4239 4248 3933 3924
6593 3 2 3 3 3925 3934 4249 4240
6594 3 2 2 2 4248 4257 3942 3933
6595 3 2 3 3 3934 3943 4258 4249
6596 3 2 2 2 4257 4266 3951 3942
6597 3 2 3 3 3943 3952 4267 4258
6598 3 2 2 2 4266 4275 3960 3951
6599 3 2 3 3 3952 3961 4276 4267
6600 3 2 2 2 4275 4284 3969 3960
6601 3 2 3 3 3961 3970 4285 4276
6602 3 2 2 2 4284 4293 3978 3969
6603 3 2 3 3 3970 3979 4294 4285
6604 3 2 2 2 4293 4302 3987 3978
6605 3 2 3 3 3979 3988 4303 4294
6606 3 2 2 2 4302 4311 3996 3987
6607 3 2 3 3 3988 3997 4312 4303
6608 3 2 2 2 4311 4320 4005 3996
6609 3 2 3 3 3997 4006 4321 4312
6610 3 2 2 2 4320 4329 4014 4005
6611 3 2 3 3 4006 4015 4330 4321
6612 3 2 2 2 4329 4338 4023 4014
6613 3 2 4 4 4024 4025 4340 4339
6614 3 2 3 3 4015 4024 4339 4330
6615 3 2 4 4 4025 4026 4341 4340
6616 3 2 4 4 4026 4027 4342 4341
6617 3 2 4 4 4027 4028 4343 4342
6618 3 2 4 4 4028 4029 4344 4343
6619 3 2 4 4 4029 4030 4345 4344
6620 3 2 4 4 4030 4031 4346 4345
6621 3 2 4 4 4031 4032 4347 4346
6622 3 2 2 2 4338 4347 4032 4023
6623 2 2 3 3 4105 4033 4348
6624 3 2 3 3 4105 4106 4034 4033
6625 3 2 3 3 4106 4107 4035 4034
6626 3 2 3 3 4107 4108 4036 4035
6627 3 2 3 3 4108 4109 4037 4036
6628 3 2 3 3 4109 4110 4038 4037
6629 3 2 3 3 4110 4111 4039 4038
6630 3 2 3 3 4111 4112 4040 4039
6631 2 2 2 2 4113 4356 4041
6632 3 2 3 3 4112 4113 4041 4040
6633 2 2 3 3 4105 4348 4357
6634 3 2 3 3 4348 4349 4358 4357
6635 3 2 3 3 4349 4350 4359 4358
6636 3 2 3 3 4350 4351 4360 4359
6637 3 2 3 3 4351 4352 4361 4360
6638 3 2 3 3 4352 4353 4362 4361
6639 3 2 3 3 4353 4354 4363 4362
6640 3 2 3 3 4354 4355 4364 4363
6641 2 2 2 2 4113 4365 4356
6642 3 2 3 3 4355 4356 4365 4364
6643 2 2 3 3 4105 4357 4366
6644 3 2 3 3 4357 4358 4367 4366
6645 3 2 3 3 4358 4359 4368 4367
6646 3 2 3 3 4359 4360 4369 4368
6647 3 2 3 3 4360 4361 4370 4369
6648 3 2 3 3 4361 4362 4371 4370
6649 3 2 3 3 4362 4363 4372 4371
6650 3 2 3 3 4363 4364 4373 4372
6651 2 2 2 2 4113 4374 4365
6652 3 2 3 3 4364 4365 4374 4373
6653 2 2 3 3 4105 4366 4375
6654 3 2 3 3 4366 4367 4376 4375
6655 3 2 3 3 4367 4368 4377 4376
6656 3 2 3 3 4368 4369 4378 4377
6657 3 2 3 3 4369 4370 4379 4378
6658 3 2 3 3 4370 4371 4380 4379
6659 3 2 3 3 4371 4372 4381 4380
6660 3 2 3 3 4372 4373 4382 4381
6661 2 2 2 2 4113 4383 4374
6662 3 2 3 3 4373 4374 4383 4382
6663 2 2 3 3 4105 4375 4384
6664 3 2 3 3 4375 4376 4385 4384
6665 3 2 3 3 4376 4377 4386 4385
6666 3 2 3 3 4377 4378 4387 4386
6667 3 2 3 3 4378 4379 4388 4387
6668 3 2 3 3 4379 4380 4389 4388
6669 3 2 3 3 4380 4381 4390 4389
6670 3 2 3 3 4381 4382 4391 4390
6671 2 2 2 2 4113 4392 4383
6672 3 2 3 3 4382 4383 4392 4391
6673 2 2 3 3 4105 4384 4393
6674 3 2 3 3 4384 4385 4394 4393
6675 3 2 3 3 4385 4386 4395 4394
6676 3 2 3 3 4386 4387 4396 4395
6677 3 2 3 3 4387 4388 4397 4396
6678 3 2 3 3 4388 4389 4398 4397
6679 3 2 3 3 4389 4390 4399 4398
6680 3 2 3 3 4390 4391 4400 4399
6681 2 2 2 2 4113 4401 4392
6682 3 2 3 3 4391 4392 4401 4400
6683 2 2 3 3 4105 4393 4402
6684 3 2 3 3 4393 4394 4403 4402
6685 3 2 3 3 4394 4395 4404 4403
6686 3 2 3 3 4395 4396 4405 4404
6687 3 2 3 3 4396 4397 4406 4405
6688 3 2 3 3 4397 4398 4407 4406
6689 3 2 3 3 4398 4399 4408 4407
6690 3 2 3 3 4399 4400 4409 4408
6691 2 2 2 2 4113 4410 4401
6692 3 2 3 3 4400 4401 4410 4409
6693 2 2 3 3 4105 4402 4411
6694 3 2 3 3 4402 4403 4412 4411
6695 3 2 3 3 4403 4404 4413 4412
6696 3 2 3 3 4404 4405 4414 4413
6697 3 2 3 3 4405 4406 4415 4414
6698 3 2 3 3 4406 4407 4416 4415
6699 3 2 3 3 4407 4408 4417 4416
6700 3 2 3 3 4408 4409 4418 4417
6701 2 2 2 2 4113 4419 4410
6702 3 2 3 3 4409 4410 4419 4418
6703 2 2 3 3 4105 4411 4420
6704 3 2 3 3 4411 4412 4421 4420
6705 3 2 1 1 4420 4421 4106 4105
6706 3 2 3 3 4412 4413 4422 4421
6707 3 2 1 1 4421 4422 4107 4106
6708 3 2 3 3 4413 4414 4423 4422
6709 3 2 1 1 4422 4423 4108 4107
6710 3 2 3 3 4414 4415 4424 4423
6711 3 2 1 1 4423 4424 4109 4108
6712 3 2 3 3 4415 4416 4425 4424
6713 3 2 1 1 4424 4425 4110 4109
6714 3 2 3 3 4416 4417 4426 4425
6715 3 2 1 1 4425 4426 4111 4110
6716 3 2 3 3 4417 4418 4427 4426
6717 3 2 1 1 4426 4427 4112 4111
6718 2 2 2 2 4113 4428 4419
6719 3 2 3 3 4418 4419 4428 4427
6720 3 2 1 1 4427 4428 4113 4112
6721 3 2 3 3 4033 4114 4429 4348
6722 3 2 3 3 4348 4429 4430 4349
6723 3 2 3 3 4349 4430 4431 4350
6724 3 2 3 3 4350 4431 4432 4351
6725 3 2 3 3 4351 4432 4433 4352
6726 3 2 3 3 4352 4433 4434 4353
6727 3 2 3 3 4353 4434 4435 4354
6728 3 2 3 3 4354 4435 4436 4355
6729 3 2 3 3 4355 4436 4437 4356
6730 3 2 2 2 4356 4437 4122 4041
6731 3 2 3 3 4114 4123 4438 4429
6732 3 2 2 2 4437 4446 4131 4122
6733 3 2 3 3 4123 4132 4447 4438
6734 3 2 2 2 4446 4455 4140 4131
6735 3 2 3 3 4132 4141 4456 4447
6736 3 2 2 2 4455 4464 4149 4140
6737 3 2 3 3 4141 4150 4465 4456
6738 3 2 2 2 4464 4473 4158 4149
6739 3 2 3 3 4150 4159 4474 4465
6740 3 2 2 2 4473 4482 4167 4158
6741 3 2 3 3 4159 4168 4483 4474
6742 3 2 2 2 4482 4491 4176 4167
6743 3 2 3 3 4168 4177 4492 4483
6744 3 2 2 2 4491 4500 4185 4176
6745 3 2 3 3 4177 4186 4501 4492
6746 3 2 2 2 4500 4509 4194 4185
6747 3 2 3 3 4186 4195 4510 4501
6748 3 2 2 2 4509 4518 4203 4194
6749 3 2 3 3 4195 4204 4519 4510
6750 3 2 2 2 4518 4527 4212 4203
6751 3 2 3 3 4204 4213 4528 4519
6752 3 2 2 2 4527 4536 4221 4212
6753 3 2 3 3 4213 4222 4537 4528
6754 3 2 2 2 4536 4545 4230 4221
6755 3 2 3 3 4222 4231 4546 4537
6756 3 2 2 2 4545 4554 4239 4230
6757 3 2 3 3 4231 4240 4555 4546
6758 3 2 2 2 4554 4563 4248 4239
6759 3 2 3 3 4240 4249 4564 4555
6760 3 2 2 2 4563 4572 4257 4248
6761 3 2 3 3 4249 4258 4573 4564
6762 3 2 2 2 4572 4581 4266 4257
6763 3 2 3 3 4258 4267 4582 4573
6764 3 2 2 2 4581 4590 4275 4266
6765 3 2 3 3 4267 4276 4591 4582
6766 3 2 2 2 4590 4599 4284 4275
6767 3 2 3 3 4276 4285 4600 4591
6768 3 2 2 2 4599 4608 4293 4284
6769 3 2 3 3 4285 4294 4609 4600
6770 3 2 2 2 4608 4617 4302 4293
6771 3 2 3 3 4294 4303 4618 4609
6772 3 2 2 2 4617 4626 4311 4302
6773 3 2 3 3 4303 4312 4627 4618
6774 3 2 2 2 4626 4635 4320 4311
6775 3 2 3 3 4312 4321 4636 4627
6776 3 2 2 2 4635 4644 4329 4320
6777 3 2 3 3 4321 4330 4645 4636
6778 3 2 2 2 4644 4653 4338 4329
6779 3 2 4 4 4339 4340 4655 4654
6780 3 2 3 3 4330 4339 4654 4645
6781 3 2 4 4 4340 4341 4656 4655
6782 3 2 4 4 4341 4342 4657 4656
6783 3 2 4 4 4342 4343 4658 4657
6784 3 2 4 4 4343 4344 4659 4658
6785 3 2 4 4 4344 4345 4660 4659
6786 3 2 4 4 4345 4346 4661 4660
6787 3 2 4 4 4346 4347 4662 4661
6788 3 2 2 2 4653 4662 4347 4338
6789 2 2 3 3 4420 4429 4663
6790 3 2 3 3 4420 4421 4430 4429
6791 3 2 3 3 4421 4422 4431 4430
6792 3 2 3 3 4422 4423 4432 4431
6793 3 2 3 3 4423 4424 4433 4432
6794 3 2 3 3 4424 4425 4434 4433
6795 3 2 3 3 4425 4426 4435 4434
6796 3 2 3 3 4426 4427 4436 4435
6797 2 2 2 2 4428 4671 4437
6798 3 2 3 3 4427 4428 4437 4436
6799 2 2 3 3 4420 4663 4672
6800 3 2 3 3 4663 4664 4673 4672
6801 3 2 3 3 4664 4665 4674 4673
6802 3 2 3 3 4665 4666 4675 4674
6803 3 2 3 3 4666 4667 4676 4675
6804 3 2 3 3 4667 4668 4677 4676
6805 3 2 3 3 4668 4669 4678 4677
6806 3 2 3 3 4669 4670 4679 4678
6807 2 2 2 2 4428 4680 4671
6808 3 2 3 3 4670 4671 4680 4679
6809 2 2 3 3 4420 4672 4681
6810 3 2 3 3 4672 4673 4682 4681
6811 3 2 1 1 4681 4682 4421 4420
6812 3 2 3 3 4673 4674 4683 4682
6813 3 2 1 1 4682 4683 4422 4421
6814 3 2 3 3 4674 4675 4684 4683
6815 3 2 1 1 4683 4684 4423 4422
6816 3 2 3 3 4675 4676 4685 4684
6817 3 2 1 1 4684 4685 4424 4423
6818 3 2 3 3 4676 4677 4686 4685
6819 3 2 1 1 4685 4686 4425 4424
6820 3 2 3 3 4677 4678 4687 4686
6821 3 2 1 1 4686 4687 4426 4425
6822 3 2 3 3 4678 4679 4688 4687
6823 3 2 1 1 4687 4688 4427 4426
6824 2 2 2 2 4428 4689 4680
6825 3 2 3 3 4679 4680 4689 4688
6826 3 2 1 1 4688 4689 4428 4427
6827 3 2 3 3 4429 4438 4690 4663
6828 3 2 2 2 4671 4698 4446 4437
6829 3 2 3 3 4438 4447 4699 4690
6830 3 2 2 2 4698 4707 4455 4446
6831 3 2 3 3 4447 4456 4708 4699
6832 3 2 2 2 4707 4716 4464 4455
6833 3 2 3 3 4456 4465 4717 4708
6834 3 2 2 2 4716 4725 4473 4464
6835 3 2 3 3 4465 4474 4726 4717
6836 3 2 2 2 4725 4734 4482 4473
6837 3 2 3 3 4474 4483 4735 4726
6838 3 2 2 2 4734 4743 4491 4482
6839 3 2 3 3 4483 4492 4744 4735
6840 3 2 2 2 4743 4752 4500 4491
6841 3 2 3 3 4492 4501 4753 4744
6842 3 2 2 2 4752 4761 4509 4500
6843 3 2 3 3 4501 4510 4762 4753
6844 3 2 2 2 4761 4770 4518 4509
6845 3 2 3 3 4510 4519 4771 4762
6846 3 2 2 2 4770 4779 4527 4518
6847 3 2 3 3 4519 4528 4780 4771
6848 3 2 2 2 4779 4788 4536 4527
6849 3 2 3 3 4528 4537 4789 4780
6850 3 2 2 2 4788 4797 4545 4536
6851 3 2 3 3 4537 4546 4798 4789
6852 3 2 2 2 4797 4806 4554 4545
6853 3 2 3 3 4546 4555 4807 4798
6854 3 2 2 2 4806 4815 4563 4554
6855 3 2 3 3 4555 4564 4816 4807
6856 3 2 2 2 4815 4824 4572 4563
6857 3 2 3 3 4564 4573 4825 4816
6858 3 2 2 2 4824 4833 4581 4572
6859 3 2 3 3 4573 4582 4834 4825
6860 3 2 2 2 4833 4842 4590 4581
6861 3 2 3 3 4582 4591 4843 4834
6862 3 2 2 2 4842 4851 4599 4590
6863 3 2 3 3 4591 4600 4852 4843
6864 3 2 2 2 4851 4860 4608 4599
6865 3 2 3 3 4600 4609 4861 4852
6866 3 2 2 2 4860 4869 4617 4608
6867 3 2 3 3 4609 4618 4870 4861
6868 3 2 2 2 4869 4878 4626 4617
6869 3 2 3 3 4618 4627 4879 4870
6870 3 2 2 2 4878 4887 4635 4626
6871 3 2 3 3 4627 4636 4888 4879
6872 3 2 2 2 4887 4896 4644 4635
6873 3 2 3 3 4636 4645 4897 4888
6874 3 2 2 2 4896 4905 4653 4644
6875 3 2 4 4 4654 4655 4907 4906
6876 3 2 3 3 4645 4654 4906 4897
6877 3 2 4 4 4655 4656 4908 4907
6878 3 2 4 4 4656 4657 4909 4908
6879 3 2 4 4 4657 4658 4910 4909
6880 3 2 4 4 4658 4659 4911 4910
6881 3 2 4 4 4659 4660 4912 4911
6882 3 2 4 4 4660 4661 4913 4912
6883 3 2 4 4 4661 4662 4914 4913
6884 3 2 2 2 4905 4914 4662 4653
6885 2 2 3 3 4681 4663 4915
6886 3 2 3 3 4681 4682 4664 4663
6887 3 2 3 3 4682 4683 4665 4664
6888 3 2 3 3 4683 4684 4666 4665
6889 3 2 3 3 4684 4685 4667 4666
6890 3 2 3 3 4685 4686 4668 4667
6891 3 2 3 3 4686 4687 4669 4668
6892 3 2 3 3 4687 4688 4670 4669
6893 2 2 2 2 4689 4923 4671
6894 3 2 3 3 4688 4689 4671 4670
6895 2 2 3 3 4681 4915 4924
6896 3 2 6 6 4915 4916 4925 4924
6897 3 2 1 1 4924 4925 4682 4681
6898 3 2 6 6 4916 4917 4926 4925
6899 3 2 1 1 4925 4926 4683 4682
6900 3 2 6 6 4917 4918 4927 4926
6901 3 2 1 1 4926 4927 4684 4683
6902 3 2 6 6 4918 4919 4928 4927
6903 3 2 1 1 4927 4928 4685 4684
6904 3 2 6 6 4919 4920 4929 4928
6905 3 2 1 1 4928 4929 4686 4685
6906 3 2 6 6 4920 4921 4930 4929
6907 3 2 1 1 4929 4930 4687 4686
6908 3 2 6 6 4921 4922 4931 4930
6909 3 2 1 1 4930 4931 4688 4687
6910 2 2 2 2 4689 4932 4923
6911 3 2 6 6 4922 4923 4932 4931
6912 3 2 1 1 4931 4932 4689 4688
6913 3 2 3 3 4663 4690 4933 4915
6914 3 2 6 6 4915 4933 4934 4916
6915 3 2 6 6 4916 4934 4935 4917
6916 3 2 6 6 4917 4935 4936 4918
6917 3 2 6 6 4918 4936 4937 4919
6918 3 2 6 6 4919 4937 4938 4920
6919 3 2 6 6 4920 4938 4939 4921
6920 3 2 6 6 4921 4939 4940 4922
6921 3 2 6 6 4922 4940 4941 4923
6922 3 2 2 2 4923 4941 4698 4671
6923 3 2 3 3 4690 4699 4942 4933
6924 3 2 6 6 4933 4942 4943 4934
6925 3 2 6 6 4934 4943 4944 4935
6926 3 2 6 6 4935 4944 4945 4936
6927 3 2 6 6 4936 4945 4946 4937
6928 3 2 6 6 4937 4946 4947 4938
6929 3 2 6 6 4938 4947 4948 4939
6930 3 2 6 6 4939 4948 4949 4940
6931 3 2 6 6 4940 4949 4950 4941
6932 3 2 2 2 4941 4950 4707 4698
6933 3 2 3 3 4699 4708 4951 4942
6934 3 2 6 6 4942 4951 4952 4943
6935 3 2 6 6 4943 4952 4953 4944
6936 3 2 6 6 4944 4953 4954 4945
6937 3 2 6 6 4945 4954 4955 4946
6938 3 2 6 6 4946 4955 4956 4947
6939 3 2 6 6 4947 4956 4957 4948
6940 3 2 6 6 4948 4957 4958 4949
6941 3 2 6 6 4949 4958 4959 4950
6942 3 2 2 2 4950 4959 4716 4707
6943 3 2 3 3 4708 4717 4960 4951
6944 3 2 6 6 4951 4960 4961 4952
6945 3 2 6 6 4952 4961 4962 4953
6946 3 2 6 6 4953 4962 4963 4954
6947 3 2 6 6 4954 4963 4964 4955
6948 3 2 6 6 4955 4964 4965 4956
6949 3 2 6 6 4956 4965 4966 4957
6950 3 2 6 6 4957 4966 4967 4958
6951 3 2 6 6 4958 4967 4968 4959
6952 3 2 2 2 4959 4968 4725 4716
6953 3 2 3 3 4717 4726 4969 4960
6954 3 2 6 6 4960 4969 4970 4961
6955 3 2 6 6 4961 4970 4971 4962
6956 3 2 6 6 4962 4971 4972 4963
6957 3 2 6 6 4963 4972 4973 4964
6958 3 2 6 6 4964 4973 4974 4965
6959 3 2 6 6 4965 4974 4975 4966
6960 3 2 6 6 4966 4975 4976 4967
6961 3 2 6 6 4967 4976 4977 4968
6962 3 2 2 2 4968 4977 4734 4725
6963 3 2 3 3 4726 4735 4978 4969
6964 3 2 6 6 4969 4978 4979 4970
6965 3 2 6 6 4970 4979 4980 4971
6966 3 2 6 6 4971 4980 4981 4972
6967 3 2 6 6 4972 4981 4982 4973
6968 3 2 6 6 4973 4982 4983 4974
6969 3 2 6 6 4974 4983 4984 4975
6970 3 2 6 6 4975 4984 4985 4976
6971 3 2 6 6 4976 4985 4986 4977
6972 3 2 2 2 4977 4986 4743 4734
6973 3 2 3 3 4735 4744 4987 4978
6974 3 2 6 6 4978 4987 4988 4979
6975 3 2 6 6 4979 4988 4989 4980
6976 3 2 6 6 4980 4989 4990 4981
6977 3 2 6 6 4981 4990 4991 4982
6978 3 2 6 6 4982 4991 4992 4983
6979 3 2 6 6 4983 4992 4993 4984
6980 3 2 6 6 4984 4993 4994 4985
6981 3 2 6 6 4985 4994 4995 4986
6982 3 2 2 2 4986 4995 4752 4743
6983 3 2 3 3 4744 4753 4996 4987
6984 3 2 6 6 4987 4996 4997 4988
6985 3 2 6 6 4988 4997 4998 4989
6986 3 2 6 6 4989 4998 4999 4990
6987 3 2 6 6 4990 4999 5000 4991
6988 3 2 6 6 4991 5000 5001 4992
6989 3 2 6 6 4992 5001 5002 4993
6990 3 2 6 6 4993 5002 5003 4994
6991 3 2 6 6 4994 5003 5004 4995
6992 3 2 2 2 4995 5004 4761 4752
6993 3 2 3 3 4753 4762 5005 4996
6994 3 2 6 6 4996 5005 5006 4997
6995 3 2 6 6 4997 5006 5007 4998
6996 3 2 6 6 4998 5007 5008 4999
6997 3 2 6 6 4999 5008 5009 5000
6998 3 2 6 6 5000 5009 5010 5001
6999 3 2 6 6 5001 5010 5011 5002
7000 3 2 6 6 5002 5011 5012 5003
7001 3 2 6 6 5003 5012 5013 5004
7002 3 2 2 2 5004 5013 4770 4761
7003 3 2 3 3 4762 4771 5014 5005
7004 3 2 6 6 5005 5014 5015 5006
7005 3 2 6 6 5006 5015 5016 5007
7006 3 2 6 6 5007 5016 5017 5008
7007 3 2 6 6 5008 5017 5018 5009
7008 3 2 6 6 5009 5018 5019 5010
7009 3 2 6 6 5010 5019 5020 5011
7010 3 2 6 6 5011 5020 5021 5012
7011 3 2 6 6 5012 5021 5022 5013
7012 3 2 2 2 5013 5022 4779 4770
7013 3 2 3 3 4771 4780 5023 5014
7014 3 2 6 6 5014 5023 5024 5015
7015 3 2 6 6 5015 5024 5025 5016
7016 3 2 6 6 5016 5025 5026 5017
7017 3 2 6 6 5017 5026 5027 5018
7018 3 2 6 6 5018 5027 5028 5019
7019 3 2 6 6 5019 5028 5029 5020
7020 3 2 6 6 5020 5029 5030 5021
7021 3 2 6 6 5021 5030 5031 5022
7022 3 2 2 2 5022 5031 4788 4779
7023 3 2 3 3 4780 4789 5032 5023
7024 3 2 6 6 5023 5032 5033 5024
7025 3 2 6 6 5024 5033 5034 5025
7026 3 2 6 6 5025 5034 5035 5026
7027 3 2 6 6 5026 5035 5036 5027
7028 3 2 6 6 5027 5036 5037 5028
7029 3 2 6 6 5028 5037 5038 5029
7030 3 2 6 6 5029 5038 5039 5030
7031 3 2 6 6 5030 5039 5040 5031
7032 3 2 2 2 5031 5040 4797 4788
7033 3 2 3 3 4789 4798 5041 5032
7034 3 2 6 6 5032 5041 5042 5033
7035 3 2 6 6 5033 5042 5043 5034
7036 3 2 6 6 5034 5043 5044 5035
7037 3 2 6 6 5035 5044 5045 5036
7038 3 2 6 6 5036 5045 5046 5037
7039 3 2 6 6 5037 5046 5047 5038
7040 3 2 6 6 5038 5047 5048 5039
7041 3 2 6 6 5039 5048 5049 5040
7042 3 2 2 2 5040 5049 4806 4797
7043 3 2 3 3 4798 4807 5050 5041
7044 3 2 6 6 5041 5050 5051 5042
7045 3 2 6 6 5042 5051 5052 5043
7046 3 2 6 6 5043 5052 5053 5044
7047 3 2 6 6 5044 5053 5054 5045
7048 3 2 6 6 5045 5054 5055 5046
7049 3 2 6 6 5046 5055 5056 5047
7050 3 2 6 6 5047 5056 5057 5048
7051 3 2 6 6 5048 5057 5058 5049
7052 3 2 2 2 5049 5058 4815 4806
7053 3 2 3 3 4807 4816 5059 5050
7054 3 2 6 6 5050 5059 5060 5051
7055 3 2 6 6 5051 5060 5061 5052
7056 3 2 6 6 5052 5061 5062 5053
7057 3 2 6 6 5053 5062 5063 5054
7058 3 2 6 6 5054 5063 5064 5055
7059 3 2 6 6 5055 5064 5065 5056
7060 3 2 6 6 5056 5065 5066 5057
7061 3 2 6 6 5057 5066 5067 5058
7062 3 2 2 2 5058 5067 4824 4815
7063 3 2 3 3 4816 4825 5068 5059
7064 3 2 6 6 5059 5068 5069 5060
7065 3 2 6 6 5060 5069 5070 5061
7066 3 2 6 6 5061 5070 5071 5062
7067 3 2 6 6 5062 5071 5072 5063
7068 3 2 6 6 5063 5072 5073 5064
7069 3 2 6 6 5064 5073 5074 5065
7070 3 2 6 6 5065 5074 5075 5066
7071 3 2 6 6 5066 5075 5076 5067
7072 3 2 2 2 5067 5076 4833 4824
7073 3 2 3 3 4825 4834 5077 5068
7074 3 2 6 6 5068 5077 5078 5069
7075 3 2 6 6 5069 5078 5079 5070
7076 3 2 6 6 5070 5079 5080 5071
7077 3 2 6 6 5071 5080 5081 5072
7078 3 2 6 6 5072 5081 5082 5073
7079 3 2 6 6 5073 5082 5083 5074
7080 3 2 6 6 5074 5083 5084 5075
7081 3 2 6 6 5075 5084 5085 5076
7082 3 2 2 2 5076 5085 4842 4833
7083 3 2 3 3 4834 4843 5086 5077
7084 3 2 6 6 5077 5086 5087 5078
7085 3 2 6 6 5078 5087 5088 5079
7086 3 2 6 6 5079 5088 5089 5080
7087 3 2 6 6 5080 5089 5090 5081
7088 3 2 6 6 5081 5090 5091 5082
7089 3 2 6 6 5082 5091 5092 5083
7090 3 2 6 6 5083 5092 5093 5084
7091 3 2 6 6 5084 5093 5094 5085
7092 3 2 2 2 5085 5094 4851 4842
7093 3 2 3 3 4843 4852 5095 5086
7094 3 2 6 6 5086 5095 5096 5087
7095 3 2 6 6 5087 5096 5097 5088
7096 3 2 6 6 5088 5097 5098 5089
7097 3 2 6 6 5089 5098 5099 5090
7098 3 2 6 6 5090 5099 5100 5091
7099 3 2 6 6 5091 5100 5101 5092
7100 3 2 6 6 5092 5101 5102 5093
7101 3 2 6 6 5093 5102 5103 5094
7102 3 2 2 2 5094 5103 4860 4851
7103 3 2 3 3 4852 4861 5104 5095
7104 3 2 6 6 5095 5104 5105 5096
7105 3 2 6 6 5096 5105 5106 5097
7106 3 2 6 6 5097 5106 5107 5098
7107 3 2 6 6 5098 5107 5108 5099
7108 3 2 6 6 5099 5108 5109 5100
7109 3 2 6 6 5100 5109 5110 5101
7110 3 2 6 6 5101 5110 5111 5102
7111 3 2 6 6 5102 5111 5112 5103
7112 3 2 2 2 5103 5112 4869 4860
7113 3 2 3 3 4861 4870 5113 5104
7114 3 2 6 6 5104 5113 5114 5105
7115 3 2 6 6 5105 5114 5115 5106
7116 3 2 6 6 5106 5115 5116 5107
7117 3 2 6 6 5107 5116 5117 5108
7118 3 2 6 6 5108 5117 5118 5109
7119 3 2 6 6 5109 5118 5119 5110
7120 3 2 6 6 5110 5119 5120 5111
7121 3 2 6 6 5111 5120 5121 5112
7122 3 2 2 2 5112 5121 4878 4869
7123 3 2 3 3 4870 4879 5122 5113
7124 3 2 6 6 5113 5122 5123 5114
7125 3 2 6 6 5114 5123 5124 5115
7126 3 2 6 6 5115 5124 5125 5116
7127 3 2 6 6 5116 5125 5126 5117
7128 3 2 6 6 5117 5126 5127 5118
7129 3 2 6 6 5118 5127 5128 5119
7130 3 2 6 6 5119 5128 5129 5120
7131 3 2 6 6 5120 5129 5130 5121
7132 3 2 2 2 5121 5130 4887 4878
7133 3 2 3 3 4879 4888 5131 5122
7134 3 2 6 6 5122 5131 5132 5123
7135 3 2 6 6 5123 5132 5133 5124
7136 3 2 6 6 5124 5133 5134 5125
7137 3 2 6 6 5125 5134 5135 5126
7138 3 2 6 6 5126 5135 5136 5127
7139 3 2 6 6 5127 5136 5137 5128
7140 3 2 6 6 5128 5137 5138 5129
7141 3 2 6 6 5129 5138 5139 5130
7142 3 2 2 2 5130 5139 4896 4887
7143 3 2 3 3 4888 4897 5140 5131
7144 3 2 6 6 5131 5140 5141 5132
7145 3 2 6 6 5132 5141 5142 5133
7146 3 2 6 6 5133 5142 5143 5134
7147 3 2 6 6 5134 5143 5144 5135
7148 3 2 6 6 5135 5144 5145 5136
7149 3 2 6 6 5136 5145 5146 5137
7150 3 2 6 6 5137 5146 5147 5138
7151 3 2 6 6 5138 5147 5148 5139
7152 3 2 2 2 5139 5148 4905 4896
7153 3 2 4 4 4906 4907 5150 5149
7154 3 2 3 3 4897 4906 5149 5140
7155 3 2 6 6 5140 5149 5150 5141
7156 3 2 4 4 4907 4908 5151 5150
7157 3 2 6 6 5141 5150 5151 5142
7158 3 2 4 4 4908 4909 5152 5151
7159 3 2 6 6 5142 5151 5152 5143
7160 3 2 4 4 4909 4910 5153 5152
7161 3 2 6 6 5143 5152 5153 5144
7162 3 2 4 4 4910 4911 5154 5153
7163 3 2 6 6 5144 5153 5154 5145
7164 3 2 4 4 4911 4912 5155 5154
7165 3 2 6 6 5145 5154 5155 5146
7166 3 2 4 4 4912 4913 5156 5155
7167 3 2 6 6 5146 5155 5156 5147
7168 3 2 4 4 4913 4914 5157 5156
7169 3 2 6 6 5147 5156 5157 5148
7170 3 2 2 2 5148 5157 4914 4905
$EndElements
